289.151000 -127.443687
289.151096 -133.521332
289.151192 -133.518234
289.151288 -131.868668
289.151385 -125.062088
289.151481 -120.311501
289.151577 -120.252945
289.151673 -122.698647
289.151769 -129.370575
289.151865 -129.442841
289.151962 -127.239021
289.152058 -126.768448
289.152154 -127.560211
289.152250 -130.366287
289.152346 -124.388527
289.152442 -122.188713
289.152538 -121.529480
289.152635 -120.943413
289.152731 -121.118202
289.152827 -124.667313
289.152923 -139.055313
289.153019 -133.760574
289.153115 -129.840775
289.153212 -127.341782
289.153308 -126.499077
289.153404 -128.215424
289.153500 -136.189087
289.153596 -138.560654
289.153692 -133.188416
289.153788 -129.697632
289.153885 -123.183151
289.153981 -123.138702
289.154077 -129.955719
289.154173 -129.180069
289.154269 -121.344131
289.154365 -119.568817
289.154462 -119.736450
289.154558 -122.237633
289.154654 -124.810188
289.154750 -126.274307
289.154846 -127.219780
289.154942 -127.097260
289.155038 -132.006531
289.155135 -125.575768
289.155231 -125.564789
289.155327 -130.089828
289.155423 -129.795349
289.155519 -128.139954
289.155615 -127.024551
289.155712 -128.405640
289.155808 -130.894989
289.155904 -131.174393
289.156000 -130.288361
289.156096 -130.697052
289.156192 -131.767227
289.156288 -129.190948
289.156385 -128.841614
289.156481 -129.451172
289.156577 -131.017212
289.156673 -134.396515
289.156769 -126.060829
289.156865 -123.208549
289.156962 -123.217323
289.157058 -124.757217
289.157154 -126.598839
289.157250 -131.653839
289.157346 -128.539474
289.157442 -126.504585
289.157538 -122.102196
289.157635 -120.260361
289.157731 -120.364708
289.157827 -125.956703
289.157923 -126.696190
289.158019 -127.153992
289.158115 -124.890152
289.158212 -123.789551
289.158308 -123.851654
289.158404 -127.439293
289.158500 -124.140984
289.158596 -124.093597
289.158692 -126.336006
289.158788 -121.455223
289.158885 -120.538475
289.158981 -121.477058
289.159077 -124.453880
289.159173 -123.784348
289.159269 -122.579681
289.159365 -120.245926
289.159462 -120.259933
289.159558 -124.920662
289.159654 -122.983757
289.159750 -124.503784
289.159846 -132.337524
289.159942 -125.652916
289.160038 -123.670654
289.160135 -124.064133
289.160231 -129.216370
289.160327 -134.396988
289.160423 -130.264053
289.160519 -129.694977
289.160615 -129.526642
289.160712 -125.736557
289.160808 -123.740822
289.160904 -121.788826
289.161000 -122.096901
289.161096 -126.795189
289.161192 -133.008438
289.161288 -125.591766
289.161385 -124.943680
289.161481 -126.318771
289.161577 -134.123688
289.161673 -131.167282
289.161769 -130.993576
289.161865 -131.590958
289.161962 -133.184769
289.162058 -134.187027
289.162154 -134.755524
289.162250 -134.735107
289.162346 -129.746506
289.162442 -129.449539
289.162538 -122.382599
289.162635 -121.827354
289.162731 -124.147667
289.162827 -128.963943
289.162923 -125.916039
289.163019 -121.429871
289.163115 -121.427803
289.163212 -127.453026
289.163308 -128.838562
289.163404 -126.024117
289.163500 -126.020554
289.163596 -129.542526
289.163692 -129.226639
289.163788 -126.946884
289.163885 -127.189774
289.163981 -138.551331
289.164077 -137.899551
289.164173 -130.717606
289.164269 -127.725555
289.164365 -122.423775
289.164462 -122.464859
289.164558 -123.685715
289.164654 -123.487762
289.164750 -122.828842
289.164846 -121.024284
289.164942 -120.981285
289.165038 -121.196609
289.165135 -121.412369
289.165231 -126.071060
289.165327 -131.510559
289.165423 -127.998207
289.165519 -128.452194
289.165615 -130.555908
289.165712 -128.746750
289.165808 -126.026299
289.165904 -126.189026
289.166000 -125.356674
289.166096 -125.342079
289.166192 -126.896645
289.166288 -125.310417
289.166385 -125.800926
289.166481 -126.710510
289.166577 -130.033997
289.166673 -127.038483
289.166769 -124.261505
289.166865 -119.008026
289.166962 -118.071503
289.167058 -119.240562
289.167154 -128.313110
289.167250 -127.727890
289.167346 -129.402130
289.167442 -132.121841
289.167538 -130.252747
289.167635 -128.017654
289.167731 -125.628494
289.167827 -125.622101
289.167923 -130.110229
289.168019 -133.927322
289.168115 -135.123489
289.168212 -133.823669
289.168308 -126.263283
289.168404 -119.542511
289.168500 -119.330032
289.168596 -115.925568
289.168692 -113.316750
289.168788 -114.031342
289.168885 -123.851257
289.168981 -134.504471
289.169077 -132.065506
289.169173 -126.635788
289.169269 -127.523186
289.169365 -126.250237
289.169462 -126.407921
289.169558 -124.687759
289.169654 -124.740028
289.169750 -126.021080
289.169846 -122.586060
289.169942 -122.634010
289.170038 -126.800713
289.170135 -126.447922
289.170231 -126.545311
289.170327 -132.089066
289.170423 -132.261490
289.170519 -128.626953
289.170615 -121.594833
289.170712 -121.188652
289.170808 -124.289413
289.170904 -134.245361
289.171000 -134.827286
289.171096 -133.787079
289.171192 -124.756142
289.171288 -121.891991
289.171385 -120.532555
289.171481 -120.369873
289.171577 -121.687172
289.171673 -129.142593
289.171769 -129.669342
289.171865 -130.475311
289.171962 -130.371887
289.172058 -128.543182
289.172154 -131.169266
289.172250 -132.850052
289.172346 -132.446793
289.172442 -132.329117
289.172538 -125.990189
289.172635 -125.485802
289.172731 -125.931740
289.172827 -130.524628
289.172923 -130.389130
289.173019 -137.061630
289.173115 -128.193863
289.173212 -122.662155
289.173308 -122.531013
289.173404 -120.632767
289.173500 -119.471718
289.173596 -120.063484
289.173692 -124.025940
289.173788 -123.602737
289.173885 -124.395233
289.173981 -122.365501
289.174077 -121.888435
289.174173 -122.484177
289.174269 -127.898895
289.174365 -121.006165
289.174462 -120.789932
289.174558 -122.413231
289.174654 -124.472748
289.174750 -124.861732
289.174846 -129.237061
289.174942 -130.288956
289.175038 -130.165695
289.175135 -123.757271
289.175231 -121.101410
289.175327 -121.458038
289.175423 -129.795486
289.175519 -125.211639
289.175615 -125.262329
289.175712 -129.054916
289.175808 -126.071655
289.175904 -124.085480
289.176000 -124.488243
289.176096 -131.072006
289.176192 -135.778519
289.176288 -124.399422
289.176385 -123.863838
289.176481 -125.456261
289.176577 -123.279938
289.176673 -124.244286
289.176769 -130.007248
289.176865 -124.780830
289.176962 -122.979195
289.177058 -123.992073
289.177154 -129.054901
289.177250 -124.752823
289.177346 -124.730270
289.177442 -128.711060
289.177538 -133.327621
289.177635 -128.879166
289.177731 -128.164169
289.177827 -128.459457
289.177923 -123.425758
289.178019 -123.409767
289.178115 -126.564392
289.178212 -128.007080
289.178308 -128.029205
289.178404 -135.955124
289.178500 -128.164978
289.178596 -122.051727
289.178692 -121.811806
289.178788 -122.473755
289.178885 -124.386238
289.178981 -125.522125
289.179077 -122.590897
289.179173 -122.207382
289.179269 -122.592201
289.179365 -124.440483
289.179462 -124.050728
289.179558 -125.457077
289.179654 -123.511642
289.179750 -123.155907
289.179846 -123.062469
289.179942 -123.516838
289.180038 -125.629074
289.180135 -126.623024
289.180231 -127.466759
289.180327 -121.944382
289.180423 -120.952469
289.180519 -121.626328
289.180615 -127.563019
289.180712 -129.350220
289.180808 -122.782349
289.180904 -119.330032
289.181000 -119.294357
289.181096 -122.966202
289.181192 -131.045746
289.181288 -130.999695
289.181385 -133.094955
289.181481 -128.144028
289.181577 -128.330673
289.181673 -124.283539
289.181769 -119.887840
289.181865 -119.883995
289.181962 -123.080956
289.182058 -134.111084
289.182154 -129.621948
289.182250 -125.928528
289.182346 -126.190750
289.182442 -133.072800
289.182538 -125.061569
289.182635 -122.096802
289.182731 -122.165253
289.182827 -124.665863
289.182923 -129.583542
289.183019 -129.108032
289.183115 -127.117027
289.183212 -125.176353
289.183308 -124.684441
289.183404 -125.105629
289.183500 -131.639725
289.183596 -130.836990
289.183692 -133.539764
289.183788 -124.240242
289.183885 -124.168381
289.183981 -127.477654
289.184077 -124.316460
289.184173 -124.389908
289.184269 -128.055176
289.184365 -131.345581
289.184462 -129.113510
289.184558 -129.077454
289.184654 -126.902176
289.184750 -126.600349
289.184846 -127.087814
289.184942 -133.354446
289.185038 -126.102226
289.185135 -126.038200
289.185231 -129.653854
289.185327 -123.100746
289.185423 -122.538353
289.185519 -124.961639
289.185615 -124.121986
289.185712 -122.863419
289.185808 -122.964897
289.185904 -125.469627
289.186000 -128.147995
289.186096 -125.638718
289.186192 -124.553993
289.186288 -126.832283
289.186385 -126.261459
289.186481 -126.260757
289.186577 -130.682709
289.186673 -130.287796
289.186769 -124.931175
289.186865 -123.051857
289.186962 -123.052094
289.187058 -124.385628
289.187154 -126.738197
289.187250 -124.915321
289.187346 -124.548401
289.187442 -122.447075
289.187538 -122.566681
289.187635 -126.151405
289.187731 -125.556931
289.187827 -128.526337
289.187923 -126.416092
289.188019 -126.883614
289.188115 -127.260323
289.188212 -129.283432
289.188308 -125.049553
289.188404 -121.266228
289.188500 -121.268974
289.188596 -125.344215
289.188692 -129.678329
289.188788 -127.296539
289.188885 -127.520164
289.188981 -125.646973
289.189077 -122.472420
289.189173 -122.584633
289.189269 -127.292816
289.189365 -133.772766
289.189462 -127.941521
289.189558 -124.829903
289.189654 -124.930420
289.189750 -122.847748
289.189846 -121.508286
289.189942 -121.329033
289.190038 -122.546783
289.190135 -125.424545
289.190231 -123.464523
289.190327 -123.743423
289.190423 -126.988594
289.190519 -129.469879
289.190615 -135.520264
289.190712 -132.042816
289.190808 -129.169250
289.190904 -126.270233
289.191000 -123.728043
289.191096 -120.961502
289.191192 -120.771294
289.191288 -122.229874
289.191385 -128.538605
289.191481 -123.581108
289.191577 -123.435204
289.191673 -124.142075
289.191769 -125.070366
289.191865 -125.247414
289.191962 -126.256615
289.192058 -129.593719
289.192154 -131.963547
289.192250 -132.006424
289.192346 -125.501869
289.192442 -122.829918
289.192538 -122.825180
289.192635 -127.094643
289.192731 -126.379738
289.192827 -128.010056
289.192923 -131.286774
289.193019 -128.144043
289.193115 -126.307671
289.193212 -127.723770
289.193308 -136.583862
289.193404 -126.740555
289.193500 -124.142204
289.193596 -124.448486
289.193692 -131.159760
289.193788 -124.808624
289.193885 -124.193459
289.193981 -122.659264
289.194077 -119.660461
289.194173 -119.642136
289.194269 -121.732880
289.194365 -125.812958
289.194462 -127.921227
289.194558 -127.513367
289.194654 -128.415314
289.194750 -128.554306
289.194846 -129.990692
289.194942 -126.939224
289.195038 -121.645729
289.195135 -120.886108
289.195231 -121.213646
289.195327 -122.172195
289.195423 -121.196007
289.195519 -120.756744
289.195615 -120.982277
289.195712 -122.063225
289.195808 -123.996178
289.195904 -130.338257
289.196000 -129.035263
289.196096 -129.545410
289.196192 -130.248703
289.196288 -128.439377
289.196385 -127.708290
289.196481 -125.993500
289.196577 -126.004692
289.196673 -129.803787
289.196769 -127.235718
289.196865 -126.807724
289.196962 -127.092865
289.197058 -130.886322
289.197154 -136.203308
289.197250 -132.843491
289.197346 -127.274757
289.197442 -127.092316
289.197538 -129.303009
289.197635 -129.961899
289.197731 -126.539421
289.197827 -126.538170
289.197923 -128.645340
289.198019 -132.189514
289.198115 -128.959503
289.198212 -128.699005
289.198308 -121.879524
289.198404 -121.802193
289.198500 -124.064041
289.198596 -120.641479
289.198692 -120.316658
289.198788 -121.183434
289.198885 -124.412178
289.198981 -128.068283
289.199077 -125.562416
289.199173 -125.643974
289.199269 -129.216034
289.199365 -127.763741
289.199462 -129.976151
289.199558 -131.022522
289.199654 -132.254013
289.199750 -134.703720
289.199846 -129.944397
289.199942 -124.520424
289.200038 -124.496346
289.200135 -127.499687
289.200231 -126.628990
289.200327 -124.778877
289.200423 -120.491699
289.200519 -119.295845
289.200615 -120.222229
289.200712 -127.263649
289.200808 -125.976517
289.200904 -126.935768
289.201000 -130.276154
289.201096 -122.678604
289.201192 -121.656181
289.201288 -122.908363
289.201385 -128.737717
289.201481 -127.927689
289.201577 -126.493752
289.201673 -125.716843
289.201769 -122.728508
289.201865 -122.729309
289.201962 -128.644394
289.202058 -124.249573
289.202154 -124.133499
289.202250 -125.209282
289.202346 -124.591217
289.202442 -122.710487
289.202538 -123.604530
289.202635 -131.004608
289.202731 -131.496109
289.202827 -129.435852
289.202923 -128.051651
289.203019 -128.233582
289.203115 -124.472969
289.203212 -123.304962
289.203308 -124.157066
289.203404 -127.316284
289.203500 -127.516350
289.203596 -125.720085
289.203692 -125.443733
289.203788 -123.757103
289.203885 -120.866646
289.203981 -120.805473
289.204077 -122.713516
289.204173 -123.182846
289.204269 -122.779709
289.204365 -124.369507
289.204462 -125.703529
289.204558 -120.537933
289.204654 -120.244370
289.204750 -121.990234
289.204846 -130.984009
289.204942 -127.324242
289.205038 -124.226563
289.205135 -122.592636
289.205231 -122.656075
289.205327 -124.128517
289.205423 -123.710663
289.205519 -122.914757
289.205615 -123.557121
289.205712 -124.618835
289.205808 -124.355202
289.205904 -127.705688
289.206000 -124.777100
289.206096 -124.638512
289.206192 -126.293983
289.206288 -130.735718
289.206385 -130.801926
289.206481 -128.277710
289.206577 -119.964630
289.206673 -118.618736
289.206769 -119.154930
289.206865 -127.011322
289.206962 -127.398483
289.207058 -128.259567
289.207154 -126.093040
289.207250 -126.411987
289.207346 -129.348328
289.207442 -129.657593
289.207538 -130.892639
289.207635 -133.077347
289.207731 -124.432709
289.207827 -123.082275
289.207923 -123.906555
289.208019 -125.453819
289.208115 -124.350548
289.208212 -125.558746
289.208308 -130.802628
289.208404 -133.926773
289.208500 -133.791580
289.208596 -126.410255
289.208692 -125.243668
289.208788 -125.429138
289.208885 -126.532631
289.208981 -129.686462
289.209077 -127.323517
289.209173 -126.395607
289.209269 -126.765465
289.209365 -124.839737
289.209462 -123.465668
289.209558 -123.471260
289.209654 -127.165367
289.209750 -127.213264
289.209846 -127.374825
289.209942 -134.953568
289.210038 -125.443848
289.210135 -122.766075
289.210231 -122.820930
289.210327 -126.614426
289.210423 -127.561012
289.210519 -127.103386
289.210615 -128.983368
289.210712 -131.212051
289.210808 -130.201996
289.210904 -130.397736
289.211000 -133.271652
289.211096 -134.521500
289.211192 -134.880875
289.211288 -135.589828
289.211385 -128.049179
289.211481 -126.247383
289.211577 -124.496574
289.211673 -124.223091
289.211769 -125.032814
289.211865 -127.852448
289.211962 -124.407448
289.212058 -124.237556
289.212154 -126.405708
289.212250 -128.590561
289.212346 -128.166840
289.212442 -127.459679
289.212538 -125.440605
289.212635 -124.286697
289.212731 -124.287033
289.212827 -128.385681
289.212923 -126.016418
289.213019 -124.573051
289.213115 -124.452545
289.213212 -124.451851
289.213308 -125.894264
289.213404 -132.473068
289.213500 -130.113464
289.213596 -129.967331
289.213692 -129.744217
289.213788 -131.691437
289.213885 -137.583954
289.213981 -127.612709
289.214077 -124.717987
289.214173 -124.782974
289.214269 -125.712357
289.214365 -123.821075
289.214462 -123.611557
289.214558 -125.519188
289.214654 -125.036293
289.214750 -125.026535
289.214846 -126.521675
289.214942 -122.715996
289.215038 -122.528069
289.215135 -124.504494
289.215231 -133.156952
289.215327 -125.589569
289.215423 -120.780319
289.215519 -120.509911
289.215615 -122.060486
289.215712 -129.766022
289.215808 -125.501801
289.215904 -125.499161
289.216000 -128.697342
289.216096 -130.125427
289.216192 -121.689392
289.216288 -120.143097
289.216385 -120.411194
289.216481 -123.491234
289.216577 -125.707924
289.216673 -124.450485
289.216769 -121.120689
289.216865 -120.037460
289.216962 -120.182144
289.217058 -124.837181
289.217154 -129.558899
289.217250 -126.650368
289.217346 -122.411789
289.217442 -120.928619
289.217538 -121.498344
289.217635 -121.407730
289.217731 -121.319427
289.217827 -125.253220
289.217923 -132.473373
289.218019 -128.713943
289.218115 -128.499283
289.218212 -123.039726
289.218308 -122.629784
289.218404 -124.309036
289.218500 -122.419312
289.218596 -121.773407
289.218692 -122.830147
289.218788 -126.947197
289.218885 -123.490005
289.218981 -123.490295
289.219077 -124.965103
289.219173 -127.488670
289.219269 -122.749153
289.219365 -120.090515
289.219462 -120.092491
289.219558 -122.455688
289.219654 -124.739799
289.219750 -129.350372
289.219846 -131.777115
289.219942 -128.707077
289.220038 -122.777786
289.220135 -122.738113
289.220231 -126.502907
289.220327 -138.784760
289.220423 -142.763931
289.220519 -131.506760
289.220615 -126.672485
289.220712 -126.688576
289.220808 -129.440598
289.220904 -128.677795
289.221000 -129.758636
289.221096 -130.998917
289.221192 -136.069992
289.221288 -132.230255
289.221385 -125.708588
289.221481 -125.668259
289.221577 -125.454399
289.221673 -126.549545
289.221769 -130.867615
289.221865 -125.824234
289.221962 -124.731239
289.222058 -125.065231
289.222154 -128.276413
289.222250 -124.445511
289.222346 -120.286896
289.222442 -120.152588
289.222538 -121.440987
289.222635 -125.505806
289.222731 -123.885895
289.222827 -125.069649
289.222923 -122.345711
289.223019 -121.996880
289.223115 -122.822266
289.223212 -127.774498
289.223308 -125.132057
289.223404 -123.207779
289.223500 -123.477104
289.223596 -125.593811
289.223692 -122.507339
289.223788 -122.326584
289.223885 -122.519943
289.223981 -123.466835
289.224077 -128.851639
289.224173 -123.811073
289.224269 -123.846237
289.224365 -123.235542
289.224462 -121.109138
289.224558 -121.943718
289.224654 -129.901001
289.224750 -124.404732
289.224846 -124.335052
289.224942 -126.310966
289.225038 -122.273880
289.225135 -119.450485
289.225231 -119.420860
289.225327 -123.247940
289.225423 -122.301186
289.225519 -121.378128
289.225615 -121.964973
289.225712 -128.205673
289.225808 -123.327202
289.225904 -121.325661
289.226000 -120.572220
289.226096 -120.666039
289.226192 -123.382919
289.226288 -126.690063
289.226385 -124.743362
289.226481 -125.634598
289.226577 -124.095749
289.226673 -120.069923
289.226769 -119.910324
289.226865 -120.726440
289.226962 -123.420174
289.227058 -128.700653
289.227154 -128.968292
289.227250 -125.809624
289.227346 -125.849495
289.227442 -129.685150
289.227538 -121.334190
289.227635 -120.550423
289.227731 -122.009033
289.227827 -133.198135
289.227923 -130.741959
289.228019 -127.114891
289.228115 -122.118401
289.228212 -121.990082
289.228308 -124.621162
289.228404 -123.206551
289.228500 -112.766090
289.228596 -108.715431
289.228692 -108.715057
289.228788 -113.009109
289.228885 -124.984795
289.228981 -129.291946
289.229077 -122.560722
289.229173 -121.743210
289.229269 -122.701469
289.229365 -123.034004
289.229462 -122.305817
289.229558 -124.747818
289.229654 -137.535446
289.229750 -138.970291
289.229846 -131.117950
289.229942 -123.506203
289.230038 -120.623726
289.230135 -120.538635
289.230231 -121.364311
289.230327 -123.581123
289.230423 -124.145966
289.230519 -119.349731
289.230615 -119.364883
289.230712 -122.883987
289.230808 -124.616982
289.230904 -126.071915
289.231000 -128.354126
289.231096 -128.532013
289.231192 -132.652451
289.231288 -131.063721
289.231385 -123.048462
289.231481 -122.452789
289.231577 -122.932617
289.231673 -122.644150
289.231769 -122.641235
289.231865 -122.939240
289.231962 -123.189514
289.232058 -124.773758
289.232154 -123.799866
289.232250 -123.768806
289.232346 -125.159027
289.232442 -125.889359
289.232538 -125.627167
289.232635 -131.307159
289.232731 -124.319794
289.232827 -123.584221
289.232923 -124.466621
289.233019 -123.704811
289.233115 -122.852943
289.233212 -124.321678
289.233308 -121.605263
289.233404 -119.055405
289.233500 -119.125572
289.233596 -122.411133
289.233692 -126.137726
289.233788 -128.960968
289.233885 -125.268257
289.233981 -122.461754
289.234077 -120.677681
289.234173 -120.678078
289.234269 -122.907494
289.234365 -122.145287
289.234462 -122.939102
289.234558 -128.353363
289.234654 -126.264252
289.234750 -126.366272
289.234846 -129.691925
289.234942 -125.382607
289.235038 -121.783585
289.235135 -120.923103
289.235231 -121.529320
289.235327 -128.888260
289.235423 -130.402557
289.235519 -129.110001
289.235615 -124.535721
289.235712 -121.803436
289.235808 -122.951454
289.235904 -132.267624
289.236000 -124.016273
289.236096 -123.080383
289.236192 -123.587021
289.236288 -131.220642
289.236385 -132.526276
289.236481 -136.469620
289.236577 -132.744476
289.236673 -132.826645
289.236769 -131.195999
289.236865 -128.516403
289.236962 -129.775040
289.237058 -124.640549
289.237154 -124.513153
289.237250 -129.356476
289.237346 -128.761871
289.237442 -121.732941
289.237538 -120.811081
289.237635 -121.180267
289.237731 -126.618896
289.237827 -133.693954
289.237923 -133.871582
289.238019 -132.948578
289.238115 -125.929230
289.238212 -125.948128
289.238308 -127.531631
289.238404 -126.318886
289.238500 -127.234962
289.238596 -131.880783
289.238692 -128.858353
289.238788 -128.966385
289.238885 -135.973099
289.238981 -127.842712
289.239077 -127.127998
289.239173 -128.185791
289.239269 -130.926254
289.239365 -131.365982
289.239462 -129.685852
289.239558 -129.646393
289.239654 -128.213776
289.239750 -123.774963
289.239846 -123.103821
289.239942 -125.244347
289.240038 -122.695381
289.240135 -121.776253
289.240231 -121.887817
289.240327 -121.686295
289.240423 -118.635544
289.240519 -118.594025
289.240615 -120.799301
289.240712 -127.698471
289.240808 -129.011444
289.240904 -128.648193
289.241000 -130.595627
289.241096 -123.675224
289.241192 -122.455872
289.241288 -122.755547
289.241385 -125.894325
289.241481 -124.052071
289.241577 -126.574211
289.241673 -132.771698
289.241769 -132.489258
289.241865 -124.720757
289.241962 -124.745636
289.242058 -124.847206
289.242154 -122.208534
289.242250 -122.505241
289.242346 -129.685135
289.242442 -130.591293
289.242538 -125.989861
289.242635 -125.711479
289.242731 -126.316093
289.242827 -127.194977
289.242923 -128.154984
289.243019 -129.498230
289.243115 -129.465759
289.243212 -124.774063
289.243308 -123.570427
289.243404 -125.379875
289.243500 -125.750214
289.243596 -125.759094
289.243692 -127.916466
289.243788 -129.104034
289.243885 -121.686119
289.243981 -121.685890
289.244077 -127.953148
289.244173 -125.008591
289.244269 -125.144913
289.244365 -128.948730
289.244462 -131.340485
289.244558 -126.655136
289.244654 -126.102219
289.244750 -126.914001
289.244846 -125.851006
289.244942 -126.029907
289.245038 -132.190399
289.245135 -129.317184
289.245231 -129.182510
289.245327 -125.271309
289.245423 -125.875618
289.245519 -121.029274
289.245615 -120.930138
289.245712 -126.404282
289.245808 -126.679695
289.245904 -126.822906
289.246000 -130.138641
289.246096 -127.001808
289.246192 -122.164635
289.246288 -121.349548
289.246385 -121.998314
289.246481 -126.509789
289.246577 -128.164902
289.246673 -126.268524
289.246769 -126.270859
289.246865 -123.981476
289.246962 -124.015152
289.247058 -125.405563
289.247154 -124.860352
289.247250 -125.498024
289.247346 -121.691734
289.247442 -121.582573
289.247538 -123.525764
289.247635 -125.574463
289.247731 -126.956039
289.247827 -133.356934
289.247923 -131.537582
289.248019 -130.682144
289.248115 -127.985138
289.248212 -126.637352
289.248308 -126.832443
289.248404 -128.108795
289.248500 -129.728973
289.248596 -127.251984
289.248692 -128.215546
289.248788 -120.468079
289.248885 -118.071091
289.248981 -118.072006
289.249077 -120.407928
289.249173 -129.021057
289.249269 -125.547211
289.249365 -124.912651
289.249462 -125.818108
289.249558 -131.359161
289.249654 -124.795570
289.249750 -124.780563
289.249846 -122.814949
289.249942 -118.329819
289.250038 -118.339371
289.250135 -124.730545
289.250231 -122.642883
289.250327 -122.636971
289.250423 -125.450081
289.250519 -122.085655
289.250615 -122.196526
289.250712 -130.282471
289.250808 -128.368835
289.250904 -122.293373
289.251000 -119.669914
289.251096 -119.667831
289.251192 -121.721527
289.251288 -127.153755
289.251385 -132.547211
289.251481 -130.351440
289.251577 -129.868469
289.251673 -132.350372
289.251769 -125.760033
289.251865 -125.213387
289.251962 -126.514137
289.252058 -127.895142
289.252154 -127.970001
289.252250 -128.169769
289.252346 -127.891022
289.252442 -132.678558
289.252538 -133.118637
289.252635 -134.914597
289.252731 -130.578033
289.252827 -125.030930
289.252923 -121.836769
289.253019 -121.839340
289.253115 -125.203072
289.253212 -126.603279
289.253308 -124.972115
289.253404 -125.571365
289.253500 -132.256989
289.253596 -137.175186
289.253692 -134.776672
289.253788 -132.550339
289.253885 -134.830139
289.253981 -131.034851
289.254077 -131.040848
289.254173 -135.626984
289.254269 -133.227371
289.254365 -124.173714
289.254462 -122.965744
289.254558 -122.979790
289.254654 -123.075859
289.254750 -123.060074
289.254846 -124.901955
289.254942 -126.426506
289.255038 -127.384651
289.255135 -123.604675
289.255231 -120.893166
289.255327 -120.970917
289.255423 -123.519531
289.255519 -124.423820
289.255615 -121.939110
289.255712 -121.253288
289.255808 -122.239616
289.255904 -128.481155
289.256000 -124.592278
289.256096 -124.596703
289.256192 -128.772339
289.256288 -124.484795
289.256385 -124.391449
289.256481 -127.156746
289.256577 -130.822189
289.256673 -127.607834
289.256769 -127.597168
289.256865 -127.600853
289.256962 -129.210892
289.257058 -126.940346
289.257154 -122.461731
289.257250 -120.853531
289.257346 -120.631622
289.257442 -120.844124
289.257538 -122.375908
289.257635 -128.167328
289.257731 -125.007004
289.257827 -125.008286
289.257923 -126.722023
289.258019 -123.732170
289.258115 -123.731354
289.258212 -124.828720
289.258308 -126.281456
289.258404 -123.620064
289.258500 -123.641495
289.258596 -129.807144
289.258692 -129.540817
289.258788 -130.848221
289.258885 -129.776077
289.258981 -131.472076
289.259077 -129.661484
289.259173 -129.644501
289.259269 -129.255920
289.259365 -129.268631
289.259462 -130.192505
289.259558 -124.637047
289.259654 -122.165916
289.259750 -121.337181
289.259846 -122.241982
289.259942 -127.207344
289.260038 -127.680664
289.260135 -126.612015
289.260231 -122.858253
289.260327 -122.328972
289.260423 -122.801018
289.260519 -124.692162
289.260615 -125.107620
289.260712 -128.686340
289.260808 -130.660126
289.260904 -131.977905
289.261000 -131.816772
289.261096 -129.432022
289.261192 -127.240959
289.261288 -126.817604
289.261385 -125.376556
289.261481 -121.774101
289.261577 -121.645340
289.261673 -122.335373
289.261769 -125.575150
289.261865 -127.352142
289.261962 -124.894279
289.262058 -125.024101
289.262154 -131.271164
289.262250 -133.723679
289.262346 -128.436264
289.262442 -123.773003
289.262538 -123.612152
289.262635 -125.584412
289.262731 -130.861954
289.262827 -128.853973
289.262923 -125.403313
289.263019 -121.223190
289.263115 -120.854317
289.263212 -121.664093
289.263308 -127.666969
289.263404 -123.749214
289.263500 -123.751076
289.263596 -126.203392
289.263692 -128.651337
289.263788 -123.917908
289.263885 -121.312485
289.263981 -118.643402
289.264077 -117.924820
289.264173 -118.354950
289.264269 -125.146736
289.264365 -126.744675
289.264462 -126.756332
289.264558 -126.078278
289.264654 -123.178703
289.264750 -121.790062
289.264846 -121.790138
289.264942 -122.500366
289.265038 -123.300171
289.265135 -125.205261
289.265231 -126.557625
289.265327 -124.619026
289.265423 -124.156319
289.265519 -125.910713
289.265615 -125.923363
289.265712 -126.223427
289.265808 -130.209473
289.265904 -128.390350
289.266000 -130.075851
289.266096 -134.819717
289.266192 -133.386292
289.266288 -124.922722
289.266385 -124.443024
289.266481 -120.404312
289.266577 -120.260201
289.266673 -123.162773
289.266769 -119.923416
289.266865 -119.026512
289.266962 -119.296021
289.267058 -124.344749
289.267154 -123.101517
289.267250 -123.459793
289.267346 -128.549728
289.267442 -130.534149
289.267538 -128.239212
289.267635 -126.632538
289.267731 -127.420547
289.267827 -125.765144
289.267923 -122.791519
289.268019 -122.811623
289.268115 -125.469254
289.268212 -124.134827
289.268308 -124.260323
289.268404 -124.100594
289.268500 -124.438560
289.268596 -127.103622
289.268692 -126.468735
289.268788 -129.238220
289.268885 -131.139725
289.268981 -129.773575
289.269077 -129.771240
289.269173 -125.774826
289.269269 -125.276268
289.269365 -126.362640
289.269462 -129.400101
289.269558 -126.605949
289.269654 -128.119202
289.269750 -126.194244
289.269846 -125.099579
289.269942 -125.625565
289.270038 -123.788651
289.270135 -123.704285
289.270231 -126.535767
289.270327 -129.015442
289.270423 -129.028229
289.270519 -130.388519
289.270615 -130.378601
289.270712 -133.873703
289.270808 -132.770645
289.270904 -132.831406
289.271000 -128.363510
289.271096 -124.503822
289.271192 -124.462814
289.271288 -127.067474
289.271385 -124.569923
289.271481 -123.142075
289.271577 -123.983414
289.271673 -124.155624
289.271769 -121.641655
289.271865 -121.872261
289.271962 -127.626251
289.272058 -123.843895
289.272154 -123.416954
289.272250 -123.001251
289.272346 -123.375328
289.272442 -128.087891
289.272538 -122.432976
289.272635 -120.647636
289.272731 -120.209946
289.272827 -120.093018
289.272923 -120.752319
289.273019 -122.797966
289.273115 -123.322792
289.273212 -123.710075
289.273308 -127.022217
289.273404 -126.777718
289.273500 -122.458725
289.273596 -122.001358
289.273692 -123.553741
289.273788 -131.165817
289.273885 -134.831223
289.273981 -123.874664
289.274077 -119.999298
289.274173 -120.113480
289.274269 -126.071205
289.274365 -124.710625
289.274462 -124.915741
289.274558 -127.673279
289.274654 -131.093842
289.274750 -127.460373
289.274846 -127.303345
289.274942 -129.292969
289.275038 -125.883484
289.275135 -124.961739
289.275231 -124.936714
289.275327 -126.823479
289.275423 -126.111649
289.275519 -128.689880
289.275615 -125.057068
289.275712 -125.131645
289.275808 -129.355453
289.275904 -137.346146
289.276000 -136.477600
289.276096 -137.125351
289.276192 -124.473473
289.276288 -122.164536
289.276385 -122.781281
289.276481 -125.742531
289.276577 -126.604904
289.276673 -132.751617
289.276769 -132.210495
289.276865 -132.815002
289.276962 -133.830261
289.277058 -125.652069
289.277154 -121.097763
289.277250 -118.702736
289.277346 -118.577171
289.277442 -119.937576
289.277538 -123.372749
289.277635 -120.517479
289.277731 -120.242561
289.277827 -121.564034
289.277923 -124.211052
289.278019 -123.875504
289.278115 -126.603317
289.278212 -130.152496
289.278308 -127.071365
289.278404 -125.722855
289.278500 -126.071083
289.278596 -124.821419
289.278692 -123.323059
289.278788 -124.124306
289.278885 -128.656403
289.278981 -127.302063
289.279077 -126.735916
289.279173 -125.539726
289.279269 -125.665771
289.279365 -131.503403
289.279462 -127.442902
289.279558 -123.405029
289.279654 -123.461510
289.279750 -130.495392
289.279846 -133.437561
289.279942 -131.477661
289.280038 -125.274879
289.280135 -123.095428
289.280231 -122.718613
289.280327 -122.927811
289.280423 -120.758698
289.280519 -118.823212
289.280615 -118.799980
289.280712 -120.304932
289.280808 -127.798431
289.280904 -131.991379
289.281000 -122.714775
289.281096 -122.607071
289.281192 -123.930298
289.281288 -124.551842
289.281385 -121.563858
289.281481 -121.560883
289.281577 -124.985840
289.281673 -122.496452
289.281769 -122.465004
289.281865 -123.228661
289.281962 -126.733467
289.282058 -134.363235
289.282154 -134.901749
289.282250 -134.101730
289.282346 -134.215881
289.282442 -132.913010
289.282538 -128.685959
289.282635 -127.628204
289.282731 -129.533646
289.282827 -126.860344
289.282923 -126.863808
289.283019 -131.730957
289.283115 -128.373581
289.283212 -125.059547
289.283308 -125.046417
289.283404 -126.465637
289.283500 -124.877403
289.283596 -126.904388
289.283692 -126.100388
289.283788 -125.390823
289.283885 -124.035965
289.283981 -122.695541
289.284077 -122.870804
289.284173 -126.878647
289.284269 -132.507172
289.284365 -140.070267
289.284462 -129.459976
289.284558 -123.392097
289.284654 -123.353806
289.284750 -124.480782
289.284846 -125.214806
289.284942 -125.910332
289.285038 -125.005356
289.285135 -126.503563
289.285231 -128.425507
289.285327 -124.522652
289.285423 -124.349358
289.285519 -123.897766
289.285615 -124.389626
289.285712 -130.021439
289.285808 -131.091721
289.285904 -127.649010
289.286000 -128.122620
289.286096 -125.471573
289.286192 -125.466888
289.286288 -126.862885
289.286385 -129.754303
289.286481 -122.797180
289.286577 -122.465614
289.286673 -124.053268
289.286769 -128.789856
289.286865 -126.764442
289.286962 -127.329575
289.287058 -127.514244
289.287154 -126.660873
289.287250 -127.237305
289.287346 -134.623276
289.287442 -126.738106
289.287538 -126.726433
289.287635 -125.162407
289.287731 -122.807091
289.287827 -121.729874
289.287923 -120.933342
289.288019 -121.085426
289.288115 -123.918961
289.288212 -122.275482
289.288308 -122.407379
289.288404 -105.713074
289.288500 -94.556374
289.288596 -92.895943
289.288692 -93.716942
289.288788 -102.706093
289.288885 -121.349930
289.288981 -123.108612
289.289077 -123.530876
289.289173 -128.571121
289.289269 -125.479286
289.289365 -125.748528
289.289462 -127.033676
289.289558 -125.907272
289.289654 -125.123207
289.289750 -121.351295
289.289846 -120.252594
289.289942 -121.112976
289.290038 -128.765671
289.290135 -129.780258
289.290231 -126.340645
289.290327 -127.456642
289.290423 -129.589310
289.290519 -129.614609
289.290615 -135.268692
289.290712 -128.690979
289.290808 -127.008530
289.290904 -125.216583
289.291000 -122.052406
289.291096 -122.057556
289.291192 -124.428673
289.291288 -125.335007
289.291385 -123.355659
289.291481 -120.646713
289.291577 -120.119202
289.291673 -121.346352
289.291769 -128.521378
289.291865 -128.459488
289.291962 -130.431198
289.292058 -137.635056
289.292154 -133.884567
289.292250 -132.434494
289.292346 -135.284195
289.292442 -132.018890
289.292538 -126.412666
289.292635 -123.033150
289.292731 -122.462219
289.292827 -122.830154
289.292923 -128.040283
289.293019 -132.097473
289.293115 -128.043152
289.293212 -124.959442
289.293308 -124.980400
289.293404 -126.186920
289.293500 -126.347885
289.293596 -126.011414
289.293692 -120.784492
289.293788 -120.679131
289.293885 -122.617943
289.293981 -129.149796
289.294077 -129.301849
289.294173 -137.912781
289.294269 -123.876312
289.294365 -120.811577
289.294462 -120.845604
289.294558 -124.178886
289.294654 -130.396683
289.294750 -124.087402
289.294846 -123.915764
289.294942 -124.682442
289.295038 -119.995697
289.295135 -119.036415
289.295231 -119.011375
289.295327 -120.807640
289.295423 -124.091408
289.295519 -120.677429
289.295615 -120.503059
289.295712 -122.479362
289.295808 -126.918465
289.295904 -120.646034
289.296000 -118.981407
289.296096 -119.186928
289.296192 -122.393951
289.296288 -129.144394
289.296385 -124.249359
289.296481 -122.978043
289.296577 -122.553596
289.296673 -122.555229
289.296769 -125.310738
289.296865 -126.871437
289.296962 -128.715866
289.297058 -125.953835
289.297154 -124.589279
289.297250 -124.967560
289.297346 -132.288788
289.297442 -124.867325
289.297538 -122.940315
289.297635 -122.943520
289.297731 -126.438812
289.297827 -128.685760
289.297923 -129.847260
289.298019 -139.584366
289.298115 -131.072800
289.298212 -124.612900
289.298308 -122.398750
289.298404 -120.661568
289.298500 -120.649261
289.298596 -122.814796
289.298692 -126.948212
289.298788 -130.294205
289.298885 -131.192749
289.298981 -128.000320
289.299077 -127.798668
289.299173 -128.078262
289.299269 -127.979095
289.299365 -130.526581
289.299462 -134.174606
289.299558 -131.232544
289.299654 -126.965843
289.299750 -126.634338
289.299846 -126.791374
289.299942 -127.734894
289.300038 -123.634964
289.300135 -122.006119
289.300231 -121.541939
289.300327 -121.530434
289.300423 -122.286575
289.300519 -128.194778
289.300615 -132.604187
289.300712 -130.327469
289.300808 -129.893127
289.300904 -130.374283
289.301000 -124.555756
289.301096 -122.941895
289.301192 -123.574989
289.301288 -123.333382
289.301385 -122.949005
289.301481 -123.401024
289.301577 -124.952499
289.301673 -127.064034
289.301769 -123.865578
289.301865 -123.894211
289.301962 -127.906998
289.302058 -123.837883
289.302154 -123.058891
289.302250 -120.631927
289.302346 -120.471245
289.302442 -122.222229
289.302538 -130.246384
289.302635 -128.123947
289.302731 -124.644119
289.302827 -124.633743
289.302923 -128.401672
289.303019 -131.208267
289.303115 -125.905861
289.303212 -125.858360
289.303308 -129.650040
289.303404 -131.682617
289.303500 -131.753998
289.303596 -124.932648
289.303692 -123.821198
289.303788 -124.159454
289.303885 -126.708160
289.303981 -123.365189
289.304077 -123.365517
289.304173 -127.344223
289.304269 -135.405228
289.304365 -123.465073
289.304462 -121.856339
289.304558 -122.269150
289.304654 -124.536606
289.304750 -124.581612
289.304846 -126.211868
289.304942 -129.237274
289.305038 -125.953957
289.305135 -125.099701
289.305231 -126.585625
289.305327 -128.038193
289.305423 -128.020050
289.305519 -121.116669
289.305615 -120.126152
289.305712 -119.277275
289.305808 -119.284134
289.305904 -122.610428
289.306000 -126.800529
289.306096 -123.861496
289.306192 -124.202156
289.306288 -123.527229
289.306385 -122.762199
289.306481 -123.205292
289.306577 -121.369972
289.306673 -121.045052
289.306769 -122.050217
289.306865 -126.884865
289.306962 -123.510124
289.307058 -120.264000
289.307154 -120.215569
289.307250 -122.081581
289.307346 -127.553535
289.307442 -126.320259
289.307538 -125.582970
289.307635 -125.459763
289.307731 -127.316406
289.307827 -124.784698
289.307923 -123.746338
289.308019 -124.117210
289.308115 -127.859604
289.308212 -128.459213
289.308308 -130.688980
289.308404 -130.377365
289.308500 -130.926727
289.308596 -129.487701
289.308692 -124.715500
289.308788 -124.619240
289.308885 -129.192871
289.308981 -131.645126
289.309077 -130.945724
289.309173 -127.488724
289.309269 -126.770882
289.309365 -127.461716
289.309462 -126.923973
289.309558 -126.990425
289.309654 -127.853271
289.309750 -126.361397
289.309846 -122.551109
289.309942 -122.254341
289.310038 -121.973473
289.310135 -122.521751
289.310231 -128.371307
289.310327 -127.450432
289.310423 -125.373810
289.310519 -124.027199
289.310615 -123.354485
289.310712 -123.290344
289.310808 -123.801491
289.310904 -130.078552
289.311000 -130.790924
289.311096 -130.055756
289.311192 -128.511276
289.311288 -120.425354
289.311385 -117.347298
289.311481 -117.346527
289.311577 -120.508263
289.311673 -126.039642
289.311769 -125.257385
289.311865 -126.988106
289.311962 -133.984406
289.312058 -127.766838
289.312154 -124.950912
289.312250 -124.936401
289.312346 -126.448471
289.312442 -130.849991
289.312538 -132.954453
289.312635 -131.410461
289.312731 -128.547440
289.312827 -128.589691
289.312923 -124.804291
289.313019 -119.693939
289.313115 -119.705696
289.313212 -127.295540
289.313308 -131.751358
289.313404 -138.276199
289.313500 -132.573563
289.313596 -125.990242
289.313692 -123.778572
289.313788 -123.860413
289.313885 -125.945808
289.313981 -125.154137
289.314077 -126.426506
289.314173 -123.502487
289.314269 -122.822174
289.314365 -124.699890
289.314462 -127.619377
289.314558 -127.066017
289.314654 -129.022232
289.314750 -136.709579
289.314846 -124.339500
289.314942 -123.146896
289.315038 -124.661781
289.315135 -126.136833
289.315231 -126.146706
289.315327 -130.822266
289.315423 -128.163116
289.315519 -127.703568
289.315615 -129.615463
289.315712 -128.539246
289.315808 -128.730225
289.315904 -126.548203
289.316000 -126.543144
289.316096 -132.383606
289.316192 -138.034531
289.316288 -138.034363
289.316385 -130.355667
289.316481 -123.616798
289.316577 -120.633057
289.316673 -120.531380
289.316769 -122.445770
289.316865 -126.677696
289.316962 -125.780952
289.317058 -126.906265
289.317154 -122.537254
289.317250 -121.228745
289.317346 -121.286911
289.317442 -121.005478
289.317538 -120.728210
289.317635 -121.597946
289.317731 -125.893806
289.317827 -125.527023
289.317923 -126.065483
289.318019 -128.455185
289.318115 -122.898193
289.318212 -122.903008
289.318308 -124.088493
289.318404 -124.061279
289.318500 -126.547195
289.318596 -132.000549
289.318692 -131.223801
289.318788 -133.676819
289.318885 -129.760452
289.318981 -128.954102
289.319077 -130.789368
289.319173 -123.890999
289.319269 -121.762169
289.319365 -122.528305
289.319462 -129.733643
289.319558 -127.029556
289.319654 -125.996422
289.319750 -124.840179
289.319846 -123.621956
289.319942 -123.942688
289.320038 -127.894043
289.320135 -127.896423
289.320231 -133.226624
289.320327 -126.805473
289.320423 -126.709885
289.320519 -129.256454
289.320615 -126.436600
289.320712 -126.331085
289.320808 -121.557838
289.320904 -120.968033
289.321000 -123.302681
289.321096 -128.714615
289.321192 -125.757309
289.321288 -126.806107
289.321385 -125.643486
289.321481 -125.298889
289.321577 -126.940834
289.321673 -125.659592
289.321769 -124.566727
289.321865 -126.266495
289.321962 -123.007347
289.322058 -122.699753
289.322154 -123.595634
289.322250 -130.556091
289.322346 -129.075729
289.322442 -129.068024
289.322538 -132.509430
289.322635 -124.972321
289.322731 -124.518074
289.322827 -126.528793
289.322923 -129.303253
289.323019 -121.637154
289.323115 -120.447510
289.323212 -120.670898
289.323308 -123.605453
289.323404 -129.629410
289.323500 -129.031708
289.323596 -129.259338
289.323692 -133.089996
289.323788 -128.470413
289.323885 -124.252419
289.323981 -123.104797
289.324077 -123.545364
289.324173 -121.422005
289.324269 -116.919785
289.324365 -116.767906
289.324462 -118.530830
289.324558 -124.929688
289.324654 -124.115433
289.324750 -121.358467
289.324846 -121.725525
289.324942 -122.010094
289.325038 -120.608528
289.325135 -120.738617
289.325231 -122.226456
289.325327 -122.224388
289.325423 -124.676491
289.325519 -124.725380
289.325615 -124.787392
289.325712 -131.069992
289.325808 -130.322922
289.325904 -125.977409
289.326000 -125.829681
289.326096 -126.317795
289.326192 -127.771721
289.326288 -124.225349
289.326385 -120.484177
289.326481 -120.352608
289.326577 -121.125267
289.326673 -124.548325
289.326769 -129.339890
289.326865 -129.464722
289.326962 -128.297668
289.327058 -128.999878
289.327154 -136.766006
289.327250 -134.940887
289.327346 -134.385696
289.327442 -134.019852
289.327538 -134.084534
289.327635 -133.348465
289.327731 -128.420715
289.327827 -126.166771
289.327923 -126.566109
289.328019 -127.171288
289.328115 -131.276489
289.328212 -126.043282
289.328308 -125.646362
289.328404 -127.445808
289.328500 -128.292023
289.328596 -123.290817
289.328692 -123.285736
289.328788 -125.408455
289.328885 -121.314857
289.328981 -121.320076
289.329077 -125.233871
289.329173 -125.280258
289.329269 -126.813187
289.329365 -129.089798
289.329462 -129.711334
289.329558 -122.787216
289.329654 -122.099785
289.329750 -122.342216
289.329846 -124.794868
289.329942 -127.442223
289.330038 -126.800941
289.330135 -130.709122
289.330231 -131.609879
289.330327 -126.868736
289.330423 -126.325417
289.330519 -121.339867
289.330615 -120.748154
289.330712 -121.964958
289.330808 -129.306549
289.330904 -132.091339
289.331000 -129.807861
289.331096 -130.878036
289.331192 -131.345444
289.331288 -122.889633
289.331385 -121.793907
289.331481 -124.503113
289.331577 -126.882347
289.331673 -126.715218
289.331769 -127.678268
289.331865 -125.438423
289.331962 -123.767662
289.332058 -125.427177
289.332154 -129.525864
289.332250 -127.814186
289.332346 -125.678963
289.332442 -125.291557
289.332538 -127.781242
289.332635 -130.570343
289.332731 -125.708237
289.332827 -124.684616
289.332923 -125.974487
289.333019 -132.817154
289.333115 -133.738083
289.333212 -128.362778
289.333308 -124.402161
289.333404 -123.922211
289.333500 -124.649796
289.333596 -122.615288
289.333692 -122.233917
289.333788 -123.041534
289.333885 -129.319702
289.333981 -122.623383
289.334077 -120.307022
289.334173 -120.307426
289.334269 -122.749863
289.334365 -124.575958
289.334462 -123.633583
289.334558 -124.243423
289.334654 -124.430908
289.334750 -120.293907
289.334846 -120.266426
289.334942 -123.817368
289.335038 -122.518074
289.335135 -124.063271
289.335231 -118.095215
289.335327 -116.887001
289.335423 -117.055138
289.335519 -119.796661
289.335615 -123.989532
289.335712 -127.917641
289.335808 -119.500282
289.335904 -119.282295
289.336000 -122.768143
289.336096 -126.801208
289.336192 -125.288887
289.336288 -125.597435
289.336385 -128.242340
289.336481 -123.260612
289.336577 -122.275444
289.336673 -122.578011
289.336769 -127.255882
289.336865 -132.601440
289.336962 -129.340408
289.337058 -129.687805
289.337154 -133.874786
289.337250 -130.109085
289.337346 -128.136124
289.337442 -124.889854
289.337538 -121.749435
289.337635 -121.528183
289.337731 -122.575035
289.337827 -123.203094
289.337923 -123.327187
289.338019 -124.960091
289.338115 -123.673286
289.338212 -123.947540
289.338308 -129.312958
289.338404 -126.055038
289.338500 -126.184639
289.338596 -128.879913
289.338692 -128.599213
289.338788 -122.753647
289.338885 -122.387581
289.338981 -124.809639
289.339077 -128.530243
289.339173 -129.169052
289.339269 -129.244385
289.339365 -128.716431
289.339462 -128.192703
289.339558 -129.970657
289.339654 -131.294128
289.339750 -129.906509
289.339846 -129.991638
289.339942 -133.392776
289.340038 -128.904099
289.340135 -128.839188
289.340231 -132.760635
289.340327 -140.354767
289.340423 -140.777283
289.340519 -129.695587
289.340615 -124.906738
289.340712 -124.219521
289.340808 -123.286346
289.340904 -120.920525
289.341000 -120.893875
289.341096 -124.804962
289.341192 -121.409073
289.341288 -121.457657
289.341385 -125.359344
289.341481 -123.656609
289.341577 -123.621643
289.341673 -121.734093
289.341769 -119.004494
289.341865 -119.014252
289.341962 -122.891617
289.342058 -129.612961
289.342154 -131.806458
289.342250 -128.417938
289.342346 -126.488953
289.342442 -124.509308
289.342538 -123.273598
289.342635 -124.070366
289.342731 -121.994263
289.342827 -121.680321
289.342923 -122.418587
289.343019 -121.471672
289.343115 -121.513435
289.343212 -121.087624
289.343308 -119.961891
289.343404 -120.222626
289.343500 -125.256340
289.343596 -131.175140
289.343692 -123.681763
289.343788 -122.704308
289.343885 -124.707932
289.343981 -123.276405
289.344077 -120.595039
289.344173 -120.600922
289.344269 -124.078133
289.344365 -121.388870
289.344462 -120.798447
289.344558 -124.476532
289.344654 -129.519547
289.344750 -131.985153
289.344846 -133.448624
289.344942 -133.444916
289.345038 -127.053101
289.345135 -125.916367
289.345231 -127.762169
289.345327 -126.581566
289.345423 -122.081238
289.345519 -121.752243
289.345615 -122.091667
289.345712 -122.310081
289.345808 -122.159927
289.345904 -121.668129
289.346000 -120.670509
289.346096 -119.007568
289.346192 -118.635788
289.346288 -119.029091
289.346385 -123.791199
289.346481 -131.470245
289.346577 -126.195953
289.346673 -125.972878
289.346769 -126.003021
289.346865 -127.318893
289.346962 -129.228531
289.347058 -129.323563
289.347154 -140.749207
289.347250 -129.078049
289.347346 -127.844704
289.347442 -129.621811
289.347538 -127.009476
289.347635 -123.617935
289.347731 -123.428894
289.347827 -124.087059
289.347923 -125.607323
289.348019 -127.164482
289.348115 -126.862801
289.348212 -127.873573
289.348308 -129.918045
289.348404 -114.912483
289.348500 -109.257637
289.348596 -109.236885
289.348692 -113.682884
289.348788 -130.010849
289.348885 -128.404953
289.348981 -128.753830
289.349077 -127.457764
289.349173 -126.188515
289.349269 -124.371124
289.349365 -124.308571
289.349462 -123.887314
289.349558 -123.277718
289.349654 -124.611526
289.349750 -134.789398
289.349846 -126.643539
289.349942 -125.217697
289.350038 -126.314636
289.350135 -124.726707
289.350231 -124.784737
289.350327 -131.785172
289.350423 -126.146820
289.350519 -125.875854
289.350615 -126.266220
289.350712 -122.936539
289.350808 -122.527946
289.350904 -122.811378
289.351000 -122.814194
289.351096 -122.500313
289.351192 -122.812592
289.351288 -127.197990
289.351385 -127.070572
289.351481 -127.224625
289.351577 -129.786652
289.351673 -127.378159
289.351769 -122.689072
289.351865 -122.668152
289.351962 -125.377045
289.352058 -135.483627
289.352154 -127.251434
289.352250 -122.905968
289.352346 -121.012886
289.352442 -121.001945
289.352538 -122.808456
289.352635 -130.533829
289.352731 -128.344437
289.352827 -128.322266
289.352923 -124.950264
289.353019 -124.293343
289.353115 -124.808304
289.353212 -128.406525
289.353308 -133.147400
289.353404 -139.307556
289.353500 -129.576797
289.353596 -126.664444
289.353692 -126.721550
289.353788 -124.339622
289.353885 -124.246681
289.353981 -124.521156
289.354077 -124.936424
289.354173 -123.110207
289.354269 -123.098358
289.354365 -126.298424
289.354462 -123.687393
289.354558 -121.669785
289.354654 -121.787941
289.354750 -122.691467
289.354846 -122.933922
289.354942 -127.298798
289.355038 -126.876068
289.355135 -126.093689
289.355231 -128.268951
289.355327 -126.493950
289.355423 -125.369705
289.355519 -124.790176
289.355615 -125.506630
289.355712 -122.490967
289.355808 -119.704041
289.355904 -119.865845
289.356000 -126.496513
289.356096 -127.765312
289.356192 -125.672081
289.356288 -126.188179
289.356385 -130.447556
289.356481 -131.344299
289.356577 -140.271042
289.356673 -133.597198
289.356769 -126.843582
289.356865 -126.854713
289.356962 -128.780228
289.357058 -122.440765
289.357154 -121.899887
289.357250 -122.844772
289.357346 -125.306061
289.357442 -118.392166
289.357538 -118.161148
289.357635 -121.549942
289.357731 -128.469559
289.357827 -126.607063
289.357923 -120.624161
289.358019 -119.684853
289.358115 -120.716660
289.358212 -123.641083
289.358308 -123.305222
289.358404 -125.982841
289.358500 -120.682999
289.358596 -120.474525
289.358692 -121.860970
289.358788 -126.522453
289.358885 -123.907654
289.358981 -123.778122
289.359077 -128.093796
289.359173 -126.079147
289.359269 -122.312241
289.359365 -121.967102
289.359462 -122.999245
289.359558 -132.120056
289.359654 -137.372177
289.359750 -129.596756
289.359846 -129.551437
289.359942 -132.808899
289.360038 -126.945068
289.360135 -126.953812
289.360231 -132.985764
289.360327 -132.520126
289.360423 -137.675598
289.360519 -127.193329
289.360615 -125.431435
289.360712 -125.452583
289.360808 -126.390930
289.360904 -129.654022
289.361000 -128.533630
289.361096 -121.172333
289.361192 -118.193077
289.361288 -118.191345
289.361385 -120.532433
289.361481 -126.239822
289.361577 -127.368690
289.361673 -124.402069
289.361769 -124.431068
289.361865 -128.849976
289.361962 -134.901779
289.362058 -134.903214
289.362154 -129.307938
289.362250 -127.154121
289.362346 -125.558044
289.362442 -119.411919
289.362538 -119.034683
289.362635 -119.435936
289.362731 -120.241539
289.362827 -125.945892
289.362923 -125.931160
289.363019 -121.773567
289.363115 -121.368492
289.363212 -123.073982
289.363308 -125.780334
289.363404 -119.284569
289.363500 -118.878723
289.363596 -120.008224
289.363692 -124.563972
289.363788 -128.260376
289.363885 -129.783157
289.363981 -124.264465
289.364077 -123.525314
289.364173 -123.671928
289.364269 -125.910088
289.364365 -126.351318
289.364462 -126.673668
289.364558 -123.543404
289.364654 -122.253464
289.364750 -123.768219
289.364846 -128.274582
289.364942 -127.189857
289.365038 -128.300858
289.365135 -132.760376
289.365231 -130.289154
289.365327 -127.188591
289.365423 -121.633575
289.365519 -120.870415
289.365615 -121.415741
289.365712 -127.123940
289.365808 -129.679413
289.365904 -125.664650
289.366000 -124.709366
289.366096 -121.138596
289.366192 -119.224586
289.366288 -119.314598
289.366385 -122.786499
289.366481 -123.537010
289.366577 -125.025185
289.366673 -124.853409
289.366769 -124.779160
289.366865 -126.723801
289.366962 -129.552658
289.367058 -131.811447
289.367154 -135.632904
289.367250 -133.418182
289.367346 -121.621399
289.367442 -118.095085
289.367538 -118.100433
289.367635 -119.867401
289.367731 -125.794312
289.367827 -121.438019
289.367923 -120.999573
289.368019 -121.129860
289.368115 -123.516624
289.368212 -124.156395
289.368308 -125.709053
289.368404 -130.490845
289.368500 -125.925545
289.368596 -124.710052
289.368692 -125.712151
289.368788 -133.245132
289.368885 -132.273804
289.368981 -129.856628
289.369077 -130.980270
289.369173 -129.620544
289.369269 -125.633125
289.369365 -123.771149
289.369462 -123.144318
289.369558 -124.359436
289.369654 -122.569016
289.369750 -122.545303
289.369846 -123.413719
289.369942 -123.735901
289.370038 -124.303291
289.370135 -120.448914
289.370231 -120.431694
289.370327 -122.529129
289.370423 -124.526375
289.370519 -125.624687
289.370615 -122.643463
289.370712 -124.022034
289.370808 -127.476318
289.370904 -128.320557
289.371000 -127.131187
289.371096 -128.065552
289.371192 -127.063995
289.371288 -121.381912
289.371385 -121.004433
289.371481 -122.084869
289.371577 -128.667938
289.371673 -129.062286
289.371769 -130.992325
289.371865 -126.410332
289.371962 -124.665901
289.372058 -122.367233
289.372154 -122.391594
289.372250 -125.309921
289.372346 -129.599854
289.372442 -122.839096
289.372538 -120.871979
289.372635 -119.382927
289.372731 -118.909546
289.372827 -119.308167
289.372923 -125.078659
289.373019 -126.173630
289.373115 -125.948959
289.373212 -124.875168
289.373308 -124.045113
289.373404 -124.473511
289.373500 -128.536652
289.373596 -128.265228
289.373692 -130.469208
289.373788 -125.390984
289.373885 -121.727158
289.373981 -120.168365
289.374077 -120.106216
289.374173 -120.526344
289.374269 -121.912231
289.374365 -121.226898
289.374462 -122.147018
289.374558 -127.298332
289.374654 -127.274162
289.374750 -129.234024
289.374846 -128.119370
289.374942 -124.478706
289.375038 -123.002754
289.375135 -123.281662
289.375231 -130.011612
289.375327 -130.451157
289.375423 -129.169785
289.375519 -127.560303
289.375615 -127.716797
289.375712 -127.105331
289.375808 -127.634399
289.375904 -123.087280
289.376000 -122.462074
289.376096 -125.126625
289.376192 -126.252991
289.376288 -125.523018
289.376385 -121.191849
289.376481 -120.645660
289.376577 -122.045090
289.376673 -127.415909
289.376769 -133.935760
289.376865 -133.532089
289.376962 -127.447723
289.377058 -125.070030
289.377154 -125.312721
289.377250 -123.468124
289.377346 -119.472084
289.377442 -119.467003
289.377538 -122.484383
289.377635 -131.422775
289.377731 -126.008469
289.377827 -122.072090
289.377923 -121.971863
289.378019 -124.162567
289.378115 -134.003204
289.378212 -131.906891
289.378308 -123.953224
289.378404 -121.974617
289.378500 -122.015526
289.378596 -123.439468
289.378692 -123.267906
289.378788 -122.295563
289.378885 -122.557625
289.378981 -126.738144
289.379077 -124.729126
289.379173 -124.466080
289.379269 -125.003990
289.379365 -127.145241
289.379462 -131.700363
289.379558 -135.543549
289.379654 -131.549088
289.379750 -131.081314
289.379846 -122.184837
289.379942 -122.109024
289.380038 -124.679794
289.380135 -131.163467
289.380231 -128.745911
289.380327 -126.952126
289.380423 -125.497719
289.380519 -123.528450
289.380615 -124.573593
289.380712 -122.101463
289.380808 -122.078156
289.380904 -126.388344
289.381000 -124.846954
289.381096 -124.835167
289.381192 -125.581131
289.381288 -123.807594
289.381385 -124.331261
289.381481 -127.856346
289.381577 -128.351563
289.381673 -124.862823
289.381769 -124.861397
289.381865 -127.743919
289.381962 -128.798569
289.382058 -131.177612
289.382154 -124.901321
289.382250 -122.211113
289.382346 -122.836266
289.382442 -132.723526
289.382538 -131.456741
289.382635 -127.379509
289.382731 -126.423119
289.382827 -125.022301
289.382923 -123.416977
289.383019 -123.285561
289.383115 -123.912788
289.383212 -127.841042
289.383308 -131.685959
289.383404 -126.431664
289.383500 -123.246246
289.383596 -123.013710
289.383692 -124.122917
289.383788 -128.404922
289.383885 -129.318909
289.383981 -136.622269
289.384077 -126.422897
289.384173 -124.286819
289.384269 -125.236832
289.384365 -125.881012
289.384462 -125.882927
289.384558 -127.204025
289.384654 -126.544006
289.384750 -125.944176
289.384846 -126.061241
289.384942 -126.599236
289.385038 -125.091347
289.385135 -122.398331
289.385231 -120.700211
289.385327 -120.595459
289.385423 -121.684486
289.385519 -127.979927
289.385615 -126.204697
289.385712 -126.275154
289.385808 -133.828629
289.385904 -131.484482
289.386000 -131.493652
289.386096 -128.302246
289.386192 -125.194664
289.386288 -124.899849
289.386385 -125.019547
289.386481 -126.049622
289.386577 -127.105202
289.386673 -129.946671
289.386769 -130.566940
289.386865 -125.936172
289.386962 -125.935379
289.387058 -123.509239
289.387154 -123.422493
289.387250 -126.700066
289.387346 -125.462929
289.387442 -125.292435
289.387538 -125.812935
289.387635 -128.352951
289.387731 -125.374977
289.387827 -122.931755
289.387923 -122.967369
289.388019 -123.549500
289.388115 -124.377060
289.388212 -130.384109
289.388308 -131.515350
289.388404 -126.972992
289.388500 -123.422455
289.388596 -123.413597
289.388692 -127.132721
289.388788 -123.879234
289.388885 -123.645248
289.388981 -124.344826
289.389077 -129.799194
289.389173 -123.448364
289.389269 -122.056175
289.389365 -120.922562
289.389462 -120.813171
289.389558 -121.393501
289.389654 -121.532761
289.389750 -124.185318
289.389846 -126.841743
289.389942 -133.136459
289.390038 -128.390854
289.390135 -126.924133
289.390231 -126.956917
289.390327 -130.690491
289.390423 -132.573395
289.390519 -132.401688
289.390615 -135.727402
289.390712 -130.674713
289.390808 -130.863373
289.390904 -119.958878
289.391000 -118.509926
289.391096 -118.644943
289.391192 -120.237526
289.391288 -123.464844
289.391385 -121.158768
289.391481 -118.464325
289.391577 -118.466240
289.391673 -121.569847
289.391769 -127.502029
289.391865 -127.534592
289.391962 -125.386566
289.392058 -125.438217
289.392154 -129.622986
289.392250 -129.438751
289.392346 -129.845154
289.392442 -120.316391
289.392538 -118.586266
289.392635 -119.305252
289.392731 -126.031509
289.392827 -125.288422
289.392923 -126.107262
289.393019 -121.821823
289.393115 -118.939430
289.393212 -118.939247
289.393308 -123.259171
289.393404 -130.632095
289.393500 -125.096436
289.393596 -122.596893
289.393692 -122.599976
289.393788 -124.853729
289.393885 -128.408066
289.393981 -128.775787
289.394077 -124.173286
289.394173 -122.502617
289.394269 -122.558937
289.394365 -120.794853
289.394462 -120.132355
289.394558 -120.192513
289.394654 -121.467049
289.394750 -124.469269
289.394846 -130.788940
289.394942 -125.137817
289.395038 -124.772301
289.395135 -126.607018
289.395231 -132.094742
289.395327 -127.790672
289.395423 -127.825027
289.395519 -127.237617
289.395615 -122.949905
289.395712 -121.843040
289.395808 -122.189400
289.395904 -122.702782
289.396000 -123.865669
289.396096 -126.462433
289.396192 -124.605598
289.396288 -125.221191
289.396385 -128.143707
289.396481 -126.366615
289.396577 -125.129662
289.396673 -125.614822
289.396769 -126.579063
289.396865 -126.456093
289.396962 -125.423775
289.397058 -125.258171
289.397154 -128.748840
289.397250 -133.720001
289.397346 -129.585922
289.397442 -128.149673
289.397538 -127.239212
289.397635 -123.497124
289.397731 -122.905952
289.397827 -125.216003
289.397923 -139.307053
289.398019 -136.082458
289.398115 -129.409073
289.398212 -129.563858
289.398308 -129.066208
289.398404 -128.655930
289.398500 -132.127472
289.398596 -123.283058
289.398692 -122.371223
289.398788 -124.025169
289.398885 -130.613739
289.398981 -130.939911
289.399077 -126.961182
289.399173 -125.541855
289.399269 -125.258408
289.399365 -126.627892
289.399462 -123.748039
289.399558 -122.167213
289.399654 -122.149246
289.399750 -122.762955
289.399846 -122.851105
289.399942 -128.747391
289.400038 -128.371597
289.400135 -126.920807
289.400231 -121.531090
289.400327 -118.704918
289.400423 -118.645546
289.400519 -120.875099
289.400615 -123.653687
289.400712 -123.653618
289.400808 -125.432793
289.400904 -130.005737
289.401000 -130.384674
289.401096 -127.935699
289.401192 -122.655861
289.401288 -121.145813
289.401385 -119.718040
289.401481 -118.348740
289.401577 -118.563919
289.401673 -124.722389
289.401769 -129.202545
289.401865 -128.463196
289.401962 -124.848167
289.402058 -121.552246
289.402154 -121.251122
289.402250 -121.405136
289.402346 -123.573769
289.402442 -123.427971
289.402538 -123.421677
289.402635 -123.987213
289.402731 -124.263260
289.402827 -127.820313
289.402923 -121.906395
289.403019 -121.824013
289.403115 -125.235146
289.403212 -135.933426
289.403308 -136.815643
289.403404 -132.121048
289.403500 -122.900398
289.403596 -120.433167
289.403692 -120.662514
289.403788 -122.448097
289.403885 -121.134132
289.403981 -122.411469
289.404077 -125.166695
289.404173 -120.945244
289.404269 -120.777306
289.404365 -122.120377
289.404462 -127.530106
289.404558 -132.344223
289.404654 -122.991959
289.404750 -122.839073
289.404846 -127.645699
289.404942 -131.125153
289.405038 -123.590332
289.405135 -123.311272
289.405231 -122.546860
289.405327 -121.304779
289.405423 -122.585762
289.405519 -133.737442
289.405615 -130.260208
289.405712 -127.874725
289.405808 -128.841705
289.405904 -129.409744
289.406000 -129.279663
289.406096 -130.285339
289.406192 -127.104317
289.406288 -127.717133
289.406385 -131.610962
289.406481 -131.622650
289.406577 -137.459106
289.406673 -133.425293
289.406769 -128.867828
289.406865 -129.218826
289.406962 -126.602028
289.407058 -126.107559
289.407154 -129.608185
289.407250 -135.216599
289.407346 -129.928009
289.407442 -128.324036
289.407538 -127.511375
289.407635 -126.803650
289.407731 -126.226151
289.407827 -127.389809
289.407923 -129.302170
289.408019 -128.628082
289.408115 -123.250214
289.408212 -121.360649
289.408308 -121.612946
289.408404 -121.681190
289.408500 -116.923080
289.408596 -116.976776
289.408692 -122.512482
289.408788 -124.917122
289.408885 -120.892113
289.408981 -120.802963
289.409077 -122.757225
289.409173 -132.284119
289.409269 -126.609947
289.409365 -121.415764
289.409462 -121.124542
289.409558 -122.803299
289.409654 -124.891975
289.409750 -126.199203
289.409846 -125.946747
289.409942 -129.115097
289.410038 -124.604889
289.410135 -121.056519
289.410231 -120.948433
289.410327 -123.622894
289.410423 -123.027977
289.410519 -122.803604
289.410615 -124.348061
289.410712 -120.251175
289.410808 -120.259659
289.410904 -122.088753
289.411000 -125.264359
289.411096 -122.038292
289.411192 -122.076378
289.411288 -128.985779
289.411385 -131.088150
289.411481 -125.391350
289.411577 -123.673035
289.411673 -124.188354
289.411769 -125.137024
289.411865 -124.680435
289.411962 -125.013062
289.412058 -122.329727
289.412154 -119.870186
289.412250 -119.854401
289.412346 -121.635468
289.412442 -125.297707
289.412538 -125.960556
289.412635 -126.241257
289.412731 -124.266106
289.412827 -122.877518
289.412923 -122.406372
289.413019 -123.488953
289.413115 -125.462090
289.413212 -124.556671
289.413308 -125.452835
289.413404 -120.180031
289.413500 -119.471321
289.413596 -119.666962
289.413692 -120.291809
289.413788 -122.526642
289.413885 -125.379868
289.413981 -125.699066
289.414077 -134.568649
289.414173 -130.658020
289.414269 -130.637268
289.414365 -129.348083
289.414462 -125.117142
289.414558 -124.621498
289.414654 -123.648941
289.414750 -119.446228
289.414846 -119.400604
289.414942 -123.790688
289.415038 -124.842491
289.415135 -125.235947
289.415231 -126.093941
289.415327 -121.211082
289.415423 -117.956963
289.415519 -117.958183
289.415615 -120.764557
289.415712 -123.375153
289.415808 -124.998604
289.415904 -122.528412
289.416000 -122.074547
289.416096 -119.938385
289.416192 -119.117096
289.416288 -119.896866
289.416385 -123.338394
289.416481 -118.617889
289.416577 -116.296967
289.416673 -116.291275
289.416769 -118.208488
289.416865 -121.990479
289.416962 -127.450005
289.417058 -124.098877
289.417154 -124.097084
289.417250 -123.864929
289.417346 -123.925041
289.417442 -126.007835
289.417538 -129.567780
289.417635 -128.622513
289.417731 -123.438660
289.417827 -120.779198
289.417923 -120.619995
289.418019 -121.962837
289.418115 -128.708359
289.418212 -133.979340
289.418308 -130.571152
289.418404 -130.922470
289.418500 -125.549362
289.418596 -124.926369
289.418692 -123.677849
289.418788 -124.020210
289.418885 -121.865334
289.418981 -121.279694
289.419077 -123.163292
289.419173 -122.591148
289.419269 -123.048866
289.419365 -119.268616
289.419462 -119.214996
289.419558 -116.244255
289.419654 -116.076111
289.419750 -117.603775
289.419846 -122.617554
289.419942 -124.907097
289.420038 -125.066704
289.420135 -134.726318
289.420231 -127.716377
289.420327 -125.106087
289.420423 -126.064491
289.420519 -123.682610
289.420615 -124.413048
289.420712 -126.142113
289.420808 -125.947372
289.420904 -128.601181
289.421000 -127.505013
289.421096 -129.968445
289.421192 -125.856689
289.421288 -124.140266
289.421385 -121.853661
289.421481 -121.692307
289.421577 -123.408340
289.421673 -126.007690
289.421769 -126.129318
289.421865 -127.485611
289.421962 -127.087128
289.422058 -129.529129
289.422154 -128.929230
289.422250 -133.124298
289.422346 -123.464798
289.422442 -121.150055
289.422538 -121.730240
289.422635 -124.042000
289.422731 -124.958252
289.422827 -125.916756
289.422923 -124.068665
289.423019 -122.644920
289.423115 -122.527306
289.423212 -119.449669
289.423308 -118.781044
289.423404 -119.323685
289.423500 -125.653015
289.423596 -131.620270
289.423692 -131.589615
289.423788 -124.852997
289.423885 -124.850777
289.423981 -125.415749
289.424077 -124.854599
289.424173 -127.427040
289.424269 -125.366180
289.424365 -125.359741
289.424462 -129.590714
289.424558 -123.537590
289.424654 -122.889336
289.424750 -122.918022
289.424846 -124.255371
289.424942 -126.719391
289.425038 -126.096375
289.425135 -124.528770
289.425231 -125.095833
289.425327 -123.822273
289.425423 -120.644478
289.425519 -120.264641
289.425615 -120.253021
289.425712 -124.599304
289.425808 -123.644089
289.425904 -124.376053
289.426000 -123.284592
289.426096 -123.079697
289.426192 -124.466133
289.426288 -127.766922
289.426385 -131.022018
289.426481 -135.707108
289.426577 -137.662918
289.426673 -134.906326
289.426769 -128.397751
289.426865 -127.113113
289.426962 -128.629944
289.427058 -125.301949
289.427154 -125.221382
289.427250 -124.476952
289.427346 -124.183601
289.427442 -129.615112
289.427538 -129.856949
289.427635 -121.393639
289.427731 -118.142311
289.427827 -118.126709
289.427923 -119.657639
289.428019 -121.398300
289.428115 -121.587334
289.428212 -124.696098
289.428308 -124.993591
289.428404 -125.012695
289.428500 -127.754410
289.428596 -126.669708
289.428692 -125.818932
289.428788 -122.905067
289.428885 -121.621590
289.428981 -122.169487
289.429077 -123.005852
289.429173 -122.939850
289.429269 -126.587456
289.429365 -121.315468
289.429462 -121.054001
289.429558 -121.753716
289.429654 -124.197250
289.429750 -124.216049
289.429846 -120.792999
289.429942 -120.229095
289.430038 -120.750923
289.430135 -123.468658
289.430231 -123.662132
289.430327 -123.408691
289.430423 -122.555084
289.430519 -122.567451
289.430615 -124.095215
289.430712 -120.027756
289.430808 -120.045319
289.430904 -124.503647
289.431000 -128.125824
289.431096 -122.321701
289.431192 -119.619743
289.431288 -119.599808
289.431385 -121.229256
289.431481 -121.188042
289.431577 -121.411911
289.431673 -121.239548
289.431769 -120.083977
289.431865 -120.369301
289.431962 -119.740105
289.432058 -119.010971
289.432154 -119.715378
289.432250 -124.341782
289.432346 -120.271622
289.432442 -119.649796
289.432538 -120.364067
289.432635 -121.721581
289.432731 -122.175110
289.432827 -125.246552
289.432923 -123.063560
289.433019 -119.059830
289.433115 -118.891922
289.433212 -120.723152
289.433308 -131.189972
289.433404 -128.577179
289.433500 -128.651688
289.433596 -128.221954
289.433692 -125.962814
289.433788 -121.571152
289.433885 -119.461868
289.433981 -119.455528
289.434077 -120.612259
289.434173 -123.951637
289.434269 -126.870972
289.434365 -131.607391
289.434462 -127.303795
289.434558 -126.741783
289.434654 -127.101990
289.434750 -124.220810
289.434846 -123.500175
289.434942 -123.677368
289.435038 -126.623665
289.435135 -131.222107
289.435231 -126.855659
289.435327 -126.712067
289.435423 -130.614151
289.435519 -133.226990
289.435615 -127.150848
289.435712 -125.314896
289.435808 -126.161537
289.435904 -123.884529
289.436000 -123.939987
289.436096 -127.286621
289.436192 -130.638321
289.436288 -128.737549
289.436385 -125.167084
289.436481 -125.177032
289.436577 -125.088547
289.436673 -124.143669
289.436769 -122.261948
289.436865 -121.615341
289.436962 -120.397087
289.437058 -119.964355
289.437154 -120.188141
289.437250 -123.759979
289.437346 -134.058884
289.437442 -127.794647
289.437538 -126.223198
289.437635 -127.781609
289.437731 -128.408356
289.437827 -128.492905
289.437923 -127.013275
289.438019 -124.768761
289.438115 -122.977135
289.438212 -122.913506
289.438308 -124.370605
289.438404 -127.599472
289.438500 -128.305023
289.438596 -124.729996
289.438692 -124.726028
289.438788 -130.308380
289.438885 -140.954269
289.438981 -130.667969
289.439077 -123.340851
289.439173 -121.930321
289.439269 -121.970848
289.439365 -120.739311
289.439462 -120.562920
289.439558 -122.591339
289.439654 -127.035988
289.439750 -123.445305
289.439846 -123.514084
289.439942 -123.897163
289.440038 -123.329201
289.440135 -125.301048
289.440231 -125.481514
289.440327 -120.926872
289.440423 -118.818810
289.440519 -118.584717
289.440615 -120.272728
289.440712 -121.458664
289.440808 -118.656792
289.440904 -118.495934
289.441000 -119.055458
289.441096 -122.314926
289.441192 -128.426651
289.441288 -131.379684
289.441385 -125.860954
289.441481 -121.347443
289.441577 -121.252045
289.441673 -124.724365
289.441769 -122.324196
289.441865 -122.325066
289.441962 -119.166267
289.442058 -118.589081
289.442154 -119.538239
289.442250 -124.852242
289.442346 -126.744324
289.442442 -127.685699
289.442538 -124.303757
289.442635 -120.108238
289.442731 -119.717575
289.442827 -120.613373
289.442923 -130.227707
289.443019 -130.204163
289.443115 -123.797958
289.443212 -122.784500
289.443308 -124.024712
289.443404 -122.277161
289.443500 -121.476234
289.443596 -121.809990
289.443692 -126.977997
289.443788 -137.406067
289.443885 -128.819809
289.443981 -128.700119
289.444077 -126.092407
289.444173 -124.412987
289.444269 -124.518761
289.444365 -125.045280
289.444462 -125.124329
289.444558 -126.939873
289.444654 -128.620941
289.444750 -124.614983
289.444846 -123.557335
289.444942 -124.412338
289.445038 -124.992004
289.445135 -124.394234
289.445231 -125.121452
289.445327 -126.252945
289.445423 -128.248291
289.445519 -120.660210
289.445615 -118.497086
289.445712 -118.494888
289.445808 -120.163780
289.445904 -126.342377
289.446000 -128.967514
289.446096 -128.921539
289.446192 -125.267929
289.446288 -125.256470
289.446385 -129.040253
289.446481 -130.613113
289.446577 -124.846115
289.446673 -122.830132
289.446769 -122.822327
289.446865 -124.438622
289.446962 -127.474319
289.447058 -131.434128
289.447154 -122.546799
289.447250 -121.576019
289.447346 -122.733879
289.447442 -124.674995
289.447538 -124.720741
289.447635 -127.074585
289.447731 -131.180817
289.447827 -123.749580
289.447923 -122.151299
289.448019 -120.365540
289.448115 -121.422729
289.448212 -122.939804
289.448308 -122.682175
289.448404 -123.814026
289.448500 -126.783310
289.448596 -129.882507
289.448692 -130.361160
289.448788 -122.264786
289.448885 -118.762405
289.448981 -118.375755
289.449077 -118.630569
289.449173 -120.589500
289.449269 -127.210304
289.449365 -129.191193
289.449462 -119.068016
289.449558 -117.499374
289.449654 -117.678673
289.449750 -122.630669
289.449846 -122.796715
289.449942 -122.890900
289.450038 -119.677742
289.450135 -119.363884
289.450231 -121.603806
289.450327 -121.996338
289.450423 -125.161064
289.450519 -124.324104
289.450615 -123.409637
289.450712 -123.140694
289.450808 -123.907471
289.450904 -123.524147
289.451000 -123.584671
289.451096 -125.586296
289.451192 -125.208046
289.451288 -124.712692
289.451385 -125.654335
289.451481 -122.864059
289.451577 -122.862251
289.451673 -124.372810
289.451769 -128.458084
289.451865 -122.391266
289.451962 -122.096497
289.452058 -127.011124
289.452154 -129.300980
289.452250 -129.336227
289.452346 -129.345154
289.452442 -126.968803
289.452538 -126.747345
289.452635 -127.202522
289.452731 -125.408836
289.452827 -124.526932
289.452923 -121.718040
289.453019 -121.755264
289.453115 -129.123077
289.453212 -124.349876
289.453308 -121.157234
289.453404 -121.208939
289.453500 -126.788513
289.453596 -135.743637
289.453692 -132.815460
289.453788 -132.752258
289.453885 -134.011948
289.453981 -133.947510
289.454077 -130.713959
289.454173 -127.794113
289.454269 -126.241600
289.454365 -126.378387
289.454462 -119.579140
289.454558 -118.497604
289.454654 -118.592194
289.454750 -121.071358
289.454846 -125.871758
289.454942 -131.530380
289.455038 -132.087891
289.455135 -131.634415
289.455231 -129.284973
289.455327 -121.135986
289.455423 -118.190742
289.455519 -118.116737
289.455615 -119.484886
289.455712 -123.927864
289.455808 -118.995361
289.455904 -119.005966
289.456000 -125.047379
289.456096 -123.146294
289.456192 -123.335548
289.456288 -130.053665
289.456385 -122.696373
289.456481 -120.117714
289.456577 -120.188736
289.456673 -119.954346
289.456769 -121.368080
289.456865 -125.823753
289.456962 -129.474533
289.457058 -127.340935
289.457154 -125.459717
289.457250 -125.670425
289.457346 -125.294647
289.457442 -124.695984
289.457538 -124.308830
289.457635 -123.181648
289.457731 -123.692818
289.457827 -126.424904
289.457923 -128.732346
289.458019 -126.567192
289.458115 -126.650307
289.458212 -126.895271
289.458308 -124.729752
289.458404 -125.311890
289.458500 -132.090576
289.458596 -131.459641
289.458692 -129.154694
289.458788 -130.711273
289.458885 -125.858116
289.458981 -120.991776
289.459077 -119.622719
289.459173 -119.006096
289.459269 -118.459015
289.459365 -119.171066
289.459462 -124.597137
289.459558 -129.277023
289.459654 -129.281265
289.459750 -124.908966
289.459846 -117.800240
289.459942 -117.324745
289.460038 -118.721832
289.460135 -123.354065
289.460231 -120.183151
289.460327 -119.574478
289.460423 -119.904900
289.460519 -122.831528
289.460615 -126.549271
289.460712 -129.344498
289.460808 -120.233009
289.460904 -117.651588
289.461000 -117.849907
289.461096 -122.339073
289.461192 -126.722107
289.461288 -128.203217
289.461385 -128.247726
289.461481 -126.024246
289.461577 -125.964134
289.461673 -131.810333
289.461769 -123.844238
289.461865 -123.172188
289.461962 -124.499725
289.462058 -128.553391
289.462154 -127.341652
289.462250 -128.285629
289.462346 -125.572075
289.462442 -124.728668
289.462538 -123.058884
289.462635 -123.045769
289.462731 -124.730225
289.462827 -126.731583
289.462923 -131.929932
289.463019 -121.471146
289.463115 -118.504013
289.463212 -118.797043
289.463308 -124.320358
289.463404 -123.467636
289.463500 -121.603638
289.463596 -120.580872
289.463692 -120.938622
289.463788 -122.225029
289.463885 -124.005066
289.463981 -123.862610
289.464077 -127.036964
289.464173 -131.315079
289.464269 -127.893631
289.464365 -125.138260
289.464462 -124.824814
289.464558 -122.810463
289.464654 -117.706375
289.464750 -117.353577
289.464846 -119.248466
289.464942 -119.501930
289.465038 -119.171249
289.465135 -121.825775
289.465231 -135.423126
289.465327 -133.408127
289.465423 -130.073196
289.465519 -130.807785
289.465615 -126.375801
289.465712 -124.722969
289.465808 -124.751350
289.465904 -122.195717
289.466000 -117.841667
289.466096 -117.599770
289.466192 -119.377388
289.466288 -125.824501
289.466385 -125.481293
289.466481 -125.225555
289.466577 -127.778046
289.466673 -123.197441
289.466769 -123.442436
289.466865 -130.544220
289.466962 -122.016228
289.467058 -120.992493
289.467154 -120.744240
289.467250 -120.919380
289.467346 -120.814079
289.467442 -118.287987
289.467538 -118.645622
289.467635 -122.959373
289.467731 -122.662018
289.467827 -123.247299
289.467923 -128.042892
289.468019 -126.179855
289.468115 -128.457611
289.468212 -128.066711
289.468308 -117.762161
289.468404 -114.173431
289.468500 -114.211304
289.468596 -119.585472
289.468692 -126.266640
289.468788 -125.510895
289.468885 -126.787277
289.468981 -126.282822
289.469077 -124.113380
289.469173 -124.129120
289.469269 -123.666466
289.469365 -122.702827
289.469462 -124.149559
289.469558 -126.030800
289.469654 -125.965302
289.469750 -128.740372
289.469846 -123.412956
289.469942 -123.222961
289.470038 -124.817764
289.470135 -128.870255
289.470231 -130.020859
289.470327 -123.734085
289.470423 -123.371597
289.470519 -123.178864
289.470615 -120.281227
289.470712 -120.402504
289.470808 -119.889946
289.470904 -119.581970
289.471000 -119.810982
289.471096 -119.896957
289.471192 -121.160454
289.471288 -123.619858
289.471385 -123.808640
289.471481 -122.946152
289.471577 -123.884109
289.471673 -130.178894
289.471769 -132.962708
289.471865 -125.777603
289.471962 -125.906425
289.472058 -127.163712
289.472154 -123.342827
289.472250 -122.687950
289.472346 -124.490341
289.472442 -120.856331
289.472538 -117.996346
289.472635 -118.094398
289.472731 -122.541901
289.472827 -122.276924
289.472923 -121.992340
289.473019 -122.930161
289.473115 -128.408356
289.473212 -121.487465
289.473308 -121.480888
289.473404 -124.341316
289.473500 -121.128822
289.473596 -121.178940
289.473692 -121.728798
289.473788 -121.182579
289.473885 -121.132851
289.473981 -123.194176
289.474077 -131.029709
289.474173 -125.344734
289.474269 -123.938362
289.474365 -122.136650
289.474462 -122.398834
289.474558 -127.898399
289.474654 -131.656158
289.474750 -131.223816
289.474846 -127.382576
289.474942 -121.065392
289.475038 -119.017403
289.475135 -119.054855
289.475231 -123.458984
289.475327 -124.387047
289.475423 -121.879570
289.475519 -121.732208
289.475615 -123.626236
289.475712 -118.240921
289.475808 -117.364792
289.475904 -118.245117
289.476000 -125.217094
289.476096 -134.640198
289.476192 -131.281815
289.476288 -126.162148
289.476385 -126.146614
289.476481 -126.555275
289.476577 -126.646034
289.476673 -129.815521
289.476769 -125.449684
289.476865 -125.424835
289.476962 -126.462692
289.477058 -124.822037
289.477154 -125.499062
289.477250 -125.489113
289.477346 -129.691193
289.477442 -129.446747
289.477538 -121.148026
289.477635 -119.482437
289.477731 -119.512413
289.477827 -122.319206
289.477923 -119.040756
289.478019 -119.045273
289.478115 -121.599800
289.478212 -123.506325
289.478308 -123.575539
289.478404 -126.224678
289.478500 -120.910652
289.478596 -118.082146
289.478692 -118.121376
289.478788 -123.606224
289.478885 -125.455841
289.478981 -123.304726
289.479077 -121.886719
289.479173 -121.890411
289.479269 -124.975380
289.479365 -133.622910
289.479462 -126.337875
289.479558 -120.363594
289.479654 -119.234932
289.479750 -119.252800
289.479846 -122.176506
289.479942 -124.882744
289.480038 -124.789734
289.480135 -129.065384
289.480231 -126.234734
289.480327 -121.064209
289.480423 -120.031876
289.480519 -121.500381
289.480615 -124.130295
289.480712 -124.492462
289.480808 -127.562233
289.480904 -124.638756
289.481000 -124.584114
289.481096 -126.504875
289.481192 -124.728119
289.481288 -121.624443
289.481385 -120.029564
289.481481 -120.576263
289.481577 -121.457603
289.481673 -120.742828
289.481769 -121.110435
289.481865 -123.438316
289.481962 -124.568741
289.482058 -123.334328
289.482154 -124.408867
289.482250 -133.651199
289.482346 -126.337433
289.482442 -124.101433
289.482538 -124.890106
289.482635 -123.177589
289.482731 -123.152695
289.482827 -128.752731
289.482923 -125.772202
289.483019 -125.906334
289.483115 -124.642387
289.483212 -123.406883
289.483308 -124.122536
289.483404 -124.680328
289.483500 -125.148972
289.483596 -119.986816
289.483692 -119.121140
289.483788 -119.809479
289.483885 -121.526222
289.483981 -121.529694
289.484077 -123.414429
289.484173 -125.709175
289.484269 -126.559822
289.484365 -122.206886
289.484462 -120.449989
289.484558 -120.447678
289.484654 -123.750938
289.484750 -130.843948
289.484846 -129.895615
289.484942 -129.712799
289.485038 -130.641312
289.485135 -125.235085
289.485231 -125.378624
289.485327 -127.962326
289.485423 -123.412605
289.485519 -123.389328
289.485615 -126.394981
289.485712 -123.720551
289.485808 -118.651466
289.485904 -117.638802
289.486000 -118.307907
289.486096 -119.691811
289.486192 -115.785828
289.486288 -115.766571
289.486385 -116.668205
289.486481 -119.151718
289.486577 -124.690338
289.486673 -124.690437
289.486769 -122.036606
289.486865 -116.740555
289.486962 -116.546577
289.487058 -118.789749
289.487154 -123.102730
289.487250 -119.381813
289.487346 -117.220955
289.487442 -117.157669
289.487538 -119.587578
289.487635 -126.391205
289.487731 -122.980316
289.487827 -122.913071
289.487923 -123.447861
289.488019 -126.149544
289.488115 -123.813416
289.488212 -124.342453
289.488308 -123.880440
289.488404 -122.906494
289.488500 -123.079887
289.488596 -124.927818
289.488692 -123.498451
289.488788 -122.831406
289.488885 -123.345619
289.488981 -129.134674
289.489077 -128.493744
289.489173 -124.934013
289.489269 -120.836632
289.489365 -119.032333
289.489462 -119.030495
289.489558 -121.808929
289.489654 -122.658134
289.489750 -122.842857
289.489846 -124.173271
289.489942 -124.870628
289.490038 -121.822662
289.490135 -122.176468
289.490231 -122.075455
289.490327 -121.016640
289.490423 -121.647011
289.490519 -118.900444
289.490615 -118.825035
289.490712 -121.591080
289.490808 -120.779266
289.490904 -120.471519
289.491000 -122.602341
289.491096 -121.693039
289.491192 -121.257889
289.491288 -119.380455
289.491385 -119.109131
289.491481 -119.550888
289.491577 -121.142387
289.491673 -122.252823
289.491769 -122.560028
289.491865 -120.598770
289.491962 -120.592964
289.492058 -121.369118
289.492154 -122.650635
289.492250 -124.260979
289.492346 -129.047836
289.492442 -126.536942
289.492538 -125.656433
289.492635 -123.007370
289.492731 -120.072052
289.492827 -119.814178
289.492923 -120.889900
289.493019 -127.894714
289.493115 -121.389679
289.493212 -120.612175
289.493308 -122.716194
289.493404 -128.832947
289.493500 -128.797104
289.493596 -124.811020
289.493692 -123.523544
289.493788 -123.724022
289.493885 -123.621307
289.493981 -126.293068
289.494077 -121.135437
289.494173 -120.981743
289.494269 -125.511147
289.494365 -125.444489
289.494462 -124.270973
289.494558 -124.517151
289.494654 -124.031776
289.494750 -122.953514
289.494846 -119.908913
289.494942 -119.887177
289.495038 -123.898674
289.495135 -129.484055
289.495231 -129.650513
289.495327 -124.155525
289.495423 -123.007439
289.495519 -123.987610
289.495615 -130.430054
289.495712 -131.909454
289.495808 -130.507996
289.495904 -130.330963
289.496000 -129.811142
289.496096 -125.169701
289.496192 -123.004646
289.496288 -116.437492
289.496385 -116.476067
289.496481 -124.250023
289.496577 -122.493767
289.496673 -120.481888
289.496769 -121.074821
289.496865 -129.840866
289.496962 -132.382690
289.497058 -133.745895
289.497154 -126.243294
289.497250 -120.738220
289.497346 -119.068489
289.497442 -119.201118
289.497538 -121.945770
289.497635 -119.657204
289.497731 -119.127060
289.497827 -120.070496
289.497923 -124.872353
289.498019 -123.749115
289.498115 -126.081795
289.498212 -122.610786
289.498308 -117.191536
289.498404 -115.608795
289.498500 -115.293114
289.498596 -115.334419
289.498692 -117.343414
289.498788 -121.717583
289.498885 -121.247620
289.498981 -124.720299
289.499077 -122.216606
289.499173 -122.289597
289.499269 -125.616135
289.499365 -125.545036
289.499462 -125.377045
289.499558 -123.806854
289.499654 -124.660561
289.499750 -131.658386
289.499846 -120.952309
289.499942 -118.547401
289.500038 -118.421738
289.500135 -117.055328
289.500231 -117.605896
289.500327 -122.858009
289.500423 -122.830063
289.500519 -117.271919
289.500615 -116.334846
289.500712 -117.293327
289.500808 -118.108376
289.500904 -118.224678
289.501000 -120.383003
289.501096 -120.900993
289.501192 -127.354202
289.501288 -126.477005
289.501385 -122.057289
289.501481 -121.345215
289.501577 -122.058205
289.501673 -127.677017
289.501769 -127.491173
289.501865 -124.819191
289.501962 -122.818672
289.502058 -121.176819
289.502154 -120.932289
289.502250 -122.464973
289.502346 -131.655640
289.502442 -126.636070
289.502538 -124.684898
289.502635 -122.992523
289.502731 -123.090561
289.502827 -121.741745
289.502923 -121.377251
289.503019 -123.017647
289.503115 -126.742149
289.503212 -125.584724
289.503308 -126.100540
289.503404 -125.068253
289.503500 -124.613503
289.503596 -124.304390
289.503692 -126.834015
289.503788 -128.265381
289.503885 -129.048233
289.503981 -122.861542
289.504077 -120.383972
289.504173 -120.386093
289.504269 -124.856102
289.504365 -122.620636
289.504462 -119.390587
289.504558 -118.689117
289.504654 -118.703323
289.504750 -121.368958
289.504846 -122.418678
289.504942 -120.952919
289.505038 -121.071404
289.505135 -124.287315
289.505231 -130.439545
289.505327 -127.414963
289.505423 -123.227417
289.505519 -123.195992
289.505615 -123.600517
289.505712 -123.787292
289.505808 -127.363220
289.505904 -127.312286
289.506000 -125.907837
289.506096 -120.211212
289.506192 -119.133026
289.506288 -119.506882
289.506385 -123.450081
289.506481 -132.629257
289.506577 -130.531998
289.506673 -128.024155
289.506769 -126.603600
289.506865 -126.785736
289.506962 -121.463913
289.507058 -121.664749
289.507154 -122.374840
289.507250 -118.969345
289.507346 -118.956169
289.507442 -120.985245
289.507538 -121.584747
289.507635 -122.109306
289.507731 -123.220207
289.507827 -121.811264
289.507923 -122.475861
289.508019 -120.057266
289.508115 -120.098839
289.508212 -124.416443
289.508308 -122.149200
289.508404 -121.631577
289.508500 -122.802856
289.508596 -126.035400
289.508692 -123.397903
289.508788 -123.157425
289.508885 -120.942207
289.508981 -121.416771
289.509077 -127.513779
289.509173 -119.798538
289.509269 -119.006668
289.509365 -121.053116
289.509462 -128.602646
289.509558 -125.969254
289.509654 -125.538193
289.509750 -128.121094
289.509846 -125.293541
289.509942 -119.718117
289.510038 -119.627220
289.510135 -121.466820
289.510231 -123.385826
289.510327 -122.988731
289.510423 -127.447800
289.510519 -133.215027
289.510615 -127.598946
289.510712 -125.520836
289.510808 -123.498512
289.510904 -123.566536
289.511000 -126.054420
289.511096 -125.490211
289.511192 -125.651100
289.511288 -127.517639
289.511385 -140.323807
289.511481 -130.822830
289.511577 -128.533997
289.511673 -127.845306
289.511769 -121.396690
289.511865 -117.876595
289.511962 -117.882813
289.512058 -121.079552
289.512154 -118.175323
289.512250 -118.106026
289.512346 -119.596123
289.512442 -121.340126
289.512538 -124.721786
289.512635 -122.203659
289.512731 -123.197853
289.512827 -124.690010
289.512923 -125.929558
289.513019 -134.696411
289.513115 -134.810822
289.513212 -131.316132
289.513308 -131.147415
289.513404 -131.272430
289.513500 -124.994926
289.513596 -124.308670
289.513692 -126.101143
289.513788 -126.839165
289.513885 -123.626190
289.513981 -123.636467
289.514077 -119.971222
289.514173 -119.556969
289.514269 -122.687836
289.514365 -122.520714
289.514462 -120.230858
289.514558 -120.191177
289.514654 -121.329231
289.514750 -126.514374
289.514846 -128.664261
289.514942 -126.515686
289.515038 -123.393959
289.515135 -123.488831
289.515231 -125.716644
289.515327 -123.010506
289.515423 -122.518875
289.515519 -125.932526
289.515615 -125.335587
289.515712 -117.698219
289.515808 -116.253876
289.515904 -116.751640
289.516000 -124.218697
289.516096 -135.085785
289.516192 -130.427948
289.516288 -121.688034
289.516385 -118.651230
289.516481 -118.639412
289.516577 -120.549568
289.516673 -123.689056
289.516769 -127.022049
289.516865 -127.964760
289.516962 -121.815216
289.517058 -120.551796
289.517154 -121.304344
289.517250 -122.333351
289.517346 -123.819832
289.517442 -118.191223
289.517538 -118.190147
289.517635 -120.841934
289.517731 -123.187408
289.517827 -122.111504
289.517923 -124.022278
289.518019 -123.630577
289.518115 -123.624031
289.518212 -127.517426
289.518308 -126.909851
289.518404 -127.020943
289.518500 -129.749207
289.518596 -121.746521
289.518692 -121.366615
289.518788 -123.133881
289.518885 -123.204498
289.518981 -120.919769
289.519077 -121.504005
289.519173 -126.960373
289.519269 -132.372177
289.519365 -128.004868
289.519462 -128.063736
289.519558 -131.335403
289.519654 -123.942406
289.519750 -123.584785
289.519846 -127.021378
289.519942 -125.523232
289.520038 -127.549187
289.520135 -120.783806
289.520231 -119.847824
289.520327 -119.875511
289.520423 -121.989944
289.520519 -122.742188
289.520615 -120.713150
289.520712 -120.686211
289.520808 -122.610878
289.520904 -126.424156
289.521000 -119.036133
289.521096 -116.783592
289.521192 -116.864151
289.521288 -118.316093
289.521385 -120.592735
289.521481 -122.906723
289.521577 -119.660011
289.521673 -119.320457
289.521769 -119.917702
289.521865 -121.967644
289.521962 -126.526871
289.522058 -124.000374
289.522154 -120.815796
289.522250 -119.883636
289.522346 -121.632660
289.522442 -121.796043
289.522538 -121.778206
289.522635 -125.596642
289.522731 -126.374115
289.522827 -124.640549
289.522923 -122.063660
289.523019 -118.908539
289.523115 -115.992149
289.523212 -115.796959
289.523308 -117.198631
289.523404 -118.949074
289.523500 -118.941139
289.523596 -125.130531
289.523692 -131.061890
289.523788 -124.136253
289.523885 -122.026001
289.523981 -122.025848
289.524077 -122.783386
289.524173 -120.807167
289.524269 -120.760361
289.524365 -121.833176
289.524462 -126.776863
289.524558 -129.629395
289.524654 -126.184547
289.524750 -124.500137
289.524846 -125.933876
289.524942 -128.678940
289.525038 -122.127655
289.525135 -122.316505
289.525231 -125.406776
289.525327 -125.384193
289.525423 -120.166656
289.525519 -118.948738
289.525615 -119.418182
289.525712 -122.706017
289.525808 -122.560059
289.525904 -120.263947
289.526000 -119.183144
289.526096 -118.135498
289.526192 -118.141235
289.526288 -118.693893
289.526385 -119.434616
289.526481 -121.298286
289.526577 -125.935089
289.526673 -121.698708
289.526769 -121.184494
289.526865 -122.954620
289.526962 -120.241333
289.527058 -115.779945
289.527154 -114.723099
289.527250 -114.833885
289.527346 -116.568214
289.527442 -124.067825
289.527538 -123.294891
289.527635 -120.594917
289.527731 -120.352989
289.527827 -119.691284
289.527923 -119.687935
289.528019 -122.204536
289.528115 -127.435135
289.528212 -124.057098
289.528308 -115.179008
289.528404 -113.800011
289.528500 -114.088326
289.528596 -116.857552
289.528692 -118.481895
289.528788 -116.942688
289.528885 -116.942276
289.528981 -118.631851
289.529077 -122.710892
289.529173 -127.771858
289.529269 -128.260925
289.529365 -120.994080
289.529462 -115.905411
289.529558 -115.883781
289.529654 -118.297234
289.529750 -126.428711
289.529846 -126.548286
289.529942 -122.150185
289.530038 -119.154442
289.530135 -118.071388
289.530231 -118.486725
289.530327 -126.001358
289.530423 -123.601753
289.530519 -123.596802
289.530615 -122.596237
289.530712 -122.466713
289.530808 -122.557373
289.530904 -117.390953
289.531000 -114.875107
289.531096 -114.954468
289.531192 -118.440506
289.531288 -118.503174
289.531385 -118.608482
289.531481 -121.484001
289.531577 -123.854950
289.531673 -121.980759
289.531769 -119.554024
289.531865 -119.164825
289.531962 -119.239983
289.532058 -119.087303
289.532154 -119.356659
289.532250 -119.600052
289.532346 -123.732033
289.532442 -121.101753
289.532538 -120.118507
289.532635 -118.849243
289.532731 -118.462753
289.532827 -119.176514
289.532923 -125.227371
289.533019 -128.993134
289.533115 -119.631546
289.533212 -119.402946
289.533308 -121.702354
289.533404 -120.314613
289.533500 -119.031456
289.533596 -119.394028
289.533692 -120.400581
289.533788 -123.194611
289.533885 -118.519165
289.533981 -118.336189
289.534077 -121.318336
289.534173 -123.146027
289.534269 -121.981522
289.534365 -123.148003
289.534462 -126.393196
289.534558 -129.365417
289.534654 -130.527847
289.534750 -132.344940
289.534846 -132.951538
289.534942 -127.593811
289.535038 -125.407608
289.535135 -126.781525
289.535231 -123.872879
289.535327 -124.065948
289.535423 -125.651695
289.535519 -124.469147
289.535615 -125.280205
289.535712 -129.976105
289.535808 -130.069122
289.535904 -118.431580
289.536000 -116.717133
289.536096 -116.721909
289.536192 -117.611267
289.536288 -120.469872
289.536385 -123.864815
289.536481 -123.044601
289.536577 -123.404709
289.536673 -125.275238
289.536769 -123.840416
289.536865 -121.506157
289.536962 -121.508904
289.537058 -122.215675
289.537154 -125.663811
289.537250 -125.848877
289.537346 -126.862137
289.537442 -130.126175
289.537538 -123.787819
289.537635 -122.478401
289.537731 -123.127640
289.537827 -123.881950
289.537923 -127.806702
289.538019 -126.549507
289.538115 -124.923080
289.538212 -124.910095
289.538308 -125.009003
289.538404 -125.006615
289.538500 -121.694008
289.538596 -122.237350
289.538692 -125.135048
289.538788 -124.836807
289.538885 -123.327820
289.538981 -120.935013
289.539077 -121.065392
289.539173 -121.957680
289.539269 -126.212601
289.539365 -130.059708
289.539462 -128.994461
289.539558 -123.836769
289.539654 -123.804428
289.539750 -124.177177
289.539846 -123.902161
289.539942 -120.479141
289.540038 -118.529831
289.540135 -119.474442
289.540231 -122.301628
289.540327 -116.148445
289.540423 -114.113060
289.540519 -114.117058
289.540615 -117.573090
289.540712 -122.127533
289.540808 -121.609085
289.540904 -122.435501
289.541000 -125.407448
289.541096 -124.707664
289.541192 -124.696266
289.541288 -126.383209
289.541385 -128.829742
289.541481 -124.740585
289.541577 -124.365326
289.541673 -124.738144
289.541769 -128.028595
289.541865 -131.533752
289.541962 -132.080536
289.542058 -121.825684
289.542154 -117.769844
289.542250 -117.702286
289.542346 -119.920570
289.542442 -116.205498
289.542538 -116.010826
289.542635 -117.290649
289.542731 -121.203705
289.542827 -121.206284
289.542923 -118.667320
289.543019 -118.675232
289.543115 -122.174088
289.543212 -125.748680
289.543308 -119.520233
289.543404 -118.890411
289.543500 -119.806053
289.543596 -118.228737
289.543692 -117.807335
289.543788 -117.752113
289.543885 -119.326736
289.543981 -120.819420
289.544077 -121.025482
289.544173 -126.074539
289.544269 -128.913605
289.544365 -127.817101
289.544462 -129.809525
289.544558 -132.957214
289.544654 -127.911179
289.544750 -127.927956
289.544846 -132.784958
289.544942 -127.158958
289.545038 -122.893791
289.545135 -118.330688
289.545231 -116.823189
289.545327 -116.860878
289.545423 -118.833076
289.545519 -123.530006
289.545615 -119.119003
289.545712 -117.513863
289.545808 -118.650955
289.545904 -126.227539
289.546000 -124.342667
289.546096 -122.807228
289.546192 -124.436790
289.546288 -127.278061
289.546385 -121.966187
289.546481 -121.163750
289.546577 -118.285393
289.546673 -117.449394
289.546769 -118.253273
289.546865 -127.017815
289.546962 -124.890602
289.547058 -124.796059
289.547154 -121.795601
289.547250 -117.728981
289.547346 -117.463272
289.547442 -117.841835
289.547538 -118.364822
289.547635 -118.524925
289.547731 -120.360146
289.547827 -120.565636
289.547923 -121.256927
289.548019 -123.756500
289.548115 -117.258263
289.548212 -115.597214
289.548308 -115.987305
289.548404 -122.124954
289.548500 -122.695534
289.548596 -122.646545
289.548692 -126.743675
289.548788 -126.854546
289.548885 -125.350227
289.548981 -125.526886
289.549077 -129.038666
289.549173 -120.750473
289.549269 -116.341576
289.549365 -114.832886
289.549462 -114.893906
289.549558 -117.478333
289.549654 -118.614799
289.549750 -118.458954
289.549846 -120.377594
289.549942 -124.022285
289.550038 -119.347580
289.550135 -118.664139
289.550231 -119.666924
289.550327 -121.906578
289.550423 -124.685905
289.550519 -124.320229
289.550615 -125.417587
289.550712 -127.612099
289.550808 -118.941818
289.550904 -117.482948
289.551000 -117.967842
289.551096 -126.428696
289.551192 -124.919693
289.551288 -118.115578
289.551385 -117.567398
289.551481 -118.547768
289.551577 -119.943672
289.551673 -120.636826
289.551769 -124.067757
289.551865 -120.852921
289.551962 -119.328613
289.552058 -119.054337
289.552154 -120.956474
289.552250 -129.760620
289.552346 -134.826477
289.552442 -127.520996
289.552538 -125.410606
289.552635 -118.377968
289.552731 -114.202530
289.552827 -114.195473
289.552923 -117.938332
289.553019 -124.687355
289.553115 -120.695503
289.553212 -119.637001
289.553308 -119.865761
289.553404 -118.301292
289.553500 -117.988449
289.553596 -118.196907
289.553692 -118.809593
289.553788 -117.280243
289.553885 -117.796570
289.553981 -122.458023
289.554077 -120.613190
289.554173 -120.140701
289.554269 -120.566849
289.554365 -123.299706
289.554462 -131.627411
289.554558 -127.973297
289.554654 -124.195801
289.554750 -124.127113
289.554846 -127.390747
289.554942 -130.932709
289.555038 -120.953300
289.555135 -118.214104
289.555231 -118.439957
289.555327 -125.579109
289.555423 -124.939400
289.555519 -122.068985
289.555615 -121.436684
289.555712 -122.678024
289.555808 -122.877014
289.555904 -122.875130
289.556000 -119.935356
289.556096 -118.110840
289.556192 -117.553299
289.556288 -118.624908
289.556385 -128.942535
289.556481 -129.336578
289.556577 -126.252678
289.556673 -126.263046
289.556769 -119.498688
289.556865 -117.826782
289.556962 -116.660561
289.557058 -116.181877
289.557154 -116.810867
289.557250 -122.203239
289.557346 -118.853615
289.557442 -118.896439
289.557538 -123.121223
289.557635 -128.935394
289.557731 -122.465080
289.557827 -120.176453
289.557923 -119.155685
289.558019 -119.875328
289.558115 -120.426254
289.558212 -120.264091
289.558308 -121.975418
289.558404 -120.276901
289.558500 -121.058044
289.558596 -120.023338
289.558692 -117.040627
289.558788 -116.673279
289.558885 -117.750046
289.558981 -123.106407
289.559077 -127.029869
289.559173 -128.186569
289.559269 -122.477577
289.559365 -118.921669
289.559462 -118.672829
289.559558 -118.824135
289.559654 -119.355774
289.559750 -123.829552
289.559846 -121.156151
289.559942 -121.149818
289.560038 -115.431099
289.560135 -113.987953
289.560231 -115.261101
289.560327 -120.324287
289.560423 -120.378929
289.560519 -118.656303
289.560615 -114.685402
289.560712 -114.683952
289.560808 -116.674843
289.560904 -122.351883
289.561000 -125.105972
289.561096 -120.271584
289.561192 -119.989250
289.561288 -122.198608
289.561385 -129.517807
289.561481 -123.718193
289.561577 -120.019890
289.561673 -116.827988
289.561769 -116.457581
289.561865 -117.487244
289.561962 -121.218079
289.562058 -117.666519
289.562154 -117.728394
289.562250 -117.870148
289.562346 -117.517448
289.562442 -119.799118
289.562538 -120.370934
289.562635 -116.647011
289.562731 -116.701675
289.562827 -121.466843
289.562923 -127.819206
289.563019 -124.994072
289.563115 -122.443268
289.563212 -119.782173
289.563308 -115.724350
289.563404 -113.332314
289.563500 -112.952713
289.563596 -113.106529
289.563692 -114.987770
289.563788 -117.067001
289.563885 -121.473740
289.563981 -119.803619
289.564077 -119.821350
289.564173 -124.538353
289.564269 -130.442703
289.564365 -120.694946
289.564462 -119.847557
289.564558 -117.093689
289.564654 -116.273575
289.564750 -116.937569
289.564846 -120.261902
289.564942 -120.257889
289.565038 -120.900604
289.565135 -120.068230
289.565231 -120.243378
289.565327 -121.177338
289.565423 -122.477699
289.565519 -120.881599
289.565615 -120.737366
289.565712 -121.381546
289.565808 -121.679863
289.565904 -124.222633
289.566000 -129.632858
289.566096 -123.015068
289.566192 -122.822517
289.566288 -122.594742
289.566385 -122.591850
289.566481 -126.688133
289.566577 -127.893997
289.566673 -129.058868
289.566769 -124.426178
289.566865 -123.626335
289.566962 -122.852867
289.567058 -121.320847
289.567154 -121.125397
289.567250 -120.289680
289.567346 -121.029449
289.567442 -118.847191
289.567538 -118.814896
289.567635 -116.426689
289.567731 -113.306389
289.567827 -113.312859
289.567923 -114.381714
289.568019 -116.468987
289.568115 -124.452858
289.568212 -123.796494
289.568308 -119.703041
289.568404 -119.748924
289.568500 -121.390625
289.568596 -120.735611
289.568692 -122.469933
289.568788 -125.602196
289.568885 -117.778603
289.568981 -117.409264
289.569077 -115.433731
289.569173 -114.813179
289.569269 -115.972481
289.569365 -119.947227
289.569462 -120.057320
289.569558 -125.550835
289.569654 -120.984970
289.569750 -120.555298
289.569846 -120.897598
289.569942 -119.063995
289.570038 -119.717476
289.570135 -119.373993
289.570231 -118.678238
289.570327 -118.098763
289.570423 -118.860886
289.570519 -127.425690
289.570615 -122.676979
289.570712 -121.339775
289.570808 -123.158615
289.570904 -123.203423
289.571000 -121.586945
289.571096 -122.642197
289.571192 -126.681473
289.571288 -119.202637
289.571385 -118.828102
289.571481 -119.303879
289.571577 -120.073860
289.571673 -123.305145
289.571769 -122.026817
289.571865 -123.045670
289.571962 -122.082039
289.572058 -116.165756
289.572154 -115.641205
289.572250 -116.538925
289.572346 -119.063942
289.572442 -126.175629
289.572538 -120.697159
289.572635 -117.715981
289.572731 -117.799965
289.572827 -117.300705
289.572923 -117.310555
289.573019 -120.996323
289.573115 -126.292770
289.573212 -125.210396
289.573308 -125.221611
289.573404 -121.138374
289.573500 -117.880775
289.573596 -117.552376
289.573692 -117.909760
289.573788 -123.148338
289.573885 -123.195992
289.573981 -120.404648
289.574077 -117.809402
289.574173 -115.299187
289.574269 -115.621124
289.574365 -120.122223
289.574462 -116.966835
289.574558 -116.952904
289.574654 -119.466827
289.574750 -115.098267
289.574846 -113.574448
289.574942 -113.815819
289.575038 -118.127571
289.575135 -125.056114
289.575231 -121.470543
289.575327 -117.413506
289.575423 -115.419151
289.575519 -113.409981
289.575615 -113.431175
289.575712 -116.358475
289.575808 -122.146706
289.575904 -123.591415
289.576000 -115.804428
289.576096 -114.707115
289.576192 -115.213760
289.576288 -113.879555
289.576385 -113.324081
289.576481 -113.814148
289.576577 -117.317780
289.576673 -124.972603
289.576769 -120.434891
289.576865 -119.852654
289.576962 -116.468582
289.577058 -116.469597
289.577154 -121.254295
289.577250 -121.061188
289.577346 -120.268753
289.577442 -120.479111
289.577538 -124.675743
289.577635 -128.154953
289.577731 -125.005409
289.577827 -119.743622
289.577923 -118.363358
289.578019 -118.353882
289.578115 -118.551880
289.578212 -118.264000
289.578308 -118.652710
289.578404 -122.705940
289.578500 -124.409500
289.578596 -124.828209
289.578692 -126.670555
289.578788 -119.276184
289.578885 -113.415932
289.578981 -112.003372
289.579077 -112.208527
289.579173 -115.817123
289.579269 -120.666946
289.579365 -117.476105
289.579462 -117.769562
289.579558 -126.611015
289.579654 -132.116608
289.579750 -125.540932
289.579846 -123.186737
289.579942 -118.486908
289.580038 -117.291771
289.580135 -117.502327
289.580231 -120.441017
289.580327 -120.032707
289.580423 -119.385490
289.580519 -119.556877
289.580615 -122.442757
289.580712 -115.949341
289.580808 -115.371262
289.580904 -117.453598
289.581000 -124.075119
289.581096 -124.504562
289.581192 -122.143890
289.581288 -121.255592
289.581385 -121.238205
289.581481 -121.799728
289.581577 -124.783028
289.581673 -120.076088
289.581769 -117.646416
289.581865 -117.373482
289.581962 -117.952599
289.582058 -121.868752
289.582154 -127.119667
289.582250 -127.606735
289.582346 -126.469131
289.582442 -125.073914
289.582538 -121.457413
289.582635 -121.053528
289.582731 -122.396019
289.582827 -127.208481
289.582923 -128.964264
289.583019 -129.690369
289.583115 -131.724930
289.583212 -124.562645
289.583308 -120.527954
289.583404 -117.689323
289.583500 -117.794029
289.583596 -119.267273
289.583692 -118.636490
289.583788 -119.866592
289.583885 -119.075478
289.583981 -118.740311
289.584077 -117.990967
289.584173 -116.566391
289.584269 -117.171440
289.584365 -118.830971
289.584462 -118.111588
289.584558 -118.780716
289.584654 -122.284386
289.584750 -121.586525
289.584846 -119.227859
289.584942 -119.818878
289.585038 -122.312714
289.585135 -117.831940
289.585231 -112.636726
289.585327 -112.143349
289.585423 -113.231064
289.585519 -113.565872
289.585615 -113.484268
289.585712 -114.274696
289.585808 -114.442444
289.585904 -116.547646
289.586000 -123.690033
289.586096 -125.585335
289.586192 -120.396118
289.586288 -120.303772
289.586385 -118.783905
289.586481 -111.842819
289.586577 -111.295906
289.586673 -112.085655
289.586769 -117.169487
289.586865 -123.310638
289.586962 -129.240311
289.587058 -124.435524
289.587154 -120.087265
289.587250 -116.287704
289.587346 -115.738815
289.587442 -116.432037
289.587538 -121.142258
289.587635 -120.083046
289.587731 -120.080040
289.587827 -127.888664
289.587923 -125.070885
289.588019 -125.050156
289.588115 -119.827705
289.588212 -113.437210
289.588308 -113.033363
289.588404 -112.420723
289.588500 -112.502502
289.588596 -115.472702
289.588692 -120.850212
289.588788 -120.263512
289.588885 -114.900146
289.588981 -114.735909
289.589077 -114.788857
289.589173 -114.808167
289.589269 -116.158279
289.589365 -116.075867
289.589462 -117.256554
289.589558 -114.937729
289.589654 -113.321136
289.589750 -113.319481
289.589846 -115.192238
289.589942 -126.119362
289.590038 -116.900757
289.590135 -115.418831
289.590231 -116.208572
289.590327 -125.854584
289.590423 -119.357193
289.590519 -117.766945
289.590615 -116.644958
289.590712 -116.489868
289.590808 -118.105705
289.590904 -125.362022
289.591000 -116.385612
289.591096 -114.312714
289.591192 -114.691574
289.591288 -120.493477
289.591385 -120.791939
289.591481 -124.406693
289.591577 -117.038048
289.591673 -113.530907
289.591769 -113.491631
289.591865 -116.163414
289.591962 -120.371933
289.592058 -117.715805
289.592154 -118.430984
289.592250 -114.952301
289.592346 -113.873558
289.592442 -114.200478
289.592538 -114.473503
289.592635 -112.812172
289.592731 -113.522743
289.592827 -117.102470
289.592923 -120.236763
289.593019 -121.686279
289.593115 -121.691689
289.593212 -125.823235
289.593308 -128.824387
289.593404 -115.383698
289.593500 -111.821938
289.593596 -112.059769
289.593692 -119.263779
289.593788 -123.618523
289.593885 -118.537895
289.593981 -118.321320
289.594077 -114.710442
289.594173 -114.756798
289.594269 -117.551620
289.594365 -117.601898
289.594462 -121.493118
289.594558 -119.782074
289.594654 -117.011681
289.594750 -113.819725
289.594846 -113.869781
289.594942 -118.569633
289.595038 -113.535057
289.595135 -113.440704
289.595231 -116.529213
289.595327 -119.932549
289.595423 -116.653290
289.595519 -116.428558
289.595615 -116.929321
289.595712 -116.449493
289.595808 -118.626068
289.595904 -118.029900
289.596000 -116.635857
289.596096 -117.037834
289.596192 -121.781609
289.596288 -112.856018
289.596385 -111.935669
289.596481 -112.461990
289.596577 -115.691429
289.596673 -117.123672
289.596769 -116.269142
289.596865 -117.292282
289.596962 -121.659012
289.597058 -118.400826
289.597154 -118.395828
289.597250 -118.960732
289.597346 -116.452202
289.597442 -112.558891
289.597538 -112.018517
289.597635 -112.588638
289.597731 -115.641556
289.597827 -118.668343
289.597923 -121.697990
289.598019 -115.982033
289.598115 -113.835381
289.598212 -113.827591
289.598308 -118.018013
289.598404 -116.678192
289.598500 -116.760506
289.598596 -122.419823
289.598692 -125.787453
289.598788 -115.727249
289.598885 -112.737183
289.598981 -111.766747
289.599077 -111.724686
289.599173 -112.677254
289.599269 -114.924583
289.599365 -117.056374
289.599462 -130.417007
289.599558 -117.405411
289.599654 -115.117378
289.599750 -115.908066
289.599846 -120.077156
289.599942 -115.451469
289.600038 -114.608772
289.600135 -115.598274
289.600231 -116.349747
289.600327 -113.336090
289.600423 -113.155952
289.600519 -113.311066
289.600615 -115.921280
289.600712 -119.916214
289.600808 -118.731392
289.600904 -119.655731
289.601000 -119.918907
289.601096 -114.975800
289.601192 -112.297760
289.601288 -112.301018
289.601385 -116.937965
289.601481 -118.037979
289.601577 -114.662788
289.601673 -112.562126
289.601769 -112.309273
289.601865 -112.802483
289.601962 -117.584175
289.602058 -125.137917
289.602154 -118.372581
289.602250 -115.492828
289.602346 -114.368591
289.602442 -113.778603
289.602538 -114.503456
289.602635 -117.855682
289.602731 -119.799675
289.602827 -121.987007
289.602923 -118.339516
289.603019 -111.254150
289.603115 -111.241447
289.603212 -116.594856
289.603308 -121.584953
289.603404 -119.930519
289.603500 -120.044571
289.603596 -117.830467
289.603692 -117.772408
289.603788 -119.950737
289.603885 -121.468803
289.603981 -124.419830
289.604077 -122.080391
289.604173 -118.028992
289.604269 -117.572395
289.604365 -116.630356
289.604462 -114.032021
289.604558 -113.825592
289.604654 -115.480843
289.604750 -125.400703
289.604846 -118.998894
289.604942 -116.813156
289.605038 -117.255478
289.605135 -120.827522
289.605231 -121.283569
289.605327 -124.160866
289.605423 -119.038986
289.605519 -116.476112
289.605615 -115.854523
289.605712 -115.830040
289.605808 -116.351227
289.605904 -116.822334
289.606000 -116.874481
289.606096 -117.999695
289.606192 -116.210205
289.606288 -116.223267
289.606385 -118.437927
289.606481 -119.618301
289.606577 -113.430710
289.606673 -113.429642
289.606769 -116.941170
289.606865 -120.631851
289.606962 -118.498535
289.607058 -116.567345
289.607154 -117.354813
289.607250 -127.196175
289.607346 -124.817429
289.607442 -116.383095
289.607538 -115.864464
289.607635 -116.795029
289.607731 -120.686150
289.607827 -115.277573
289.607923 -112.898781
289.608019 -112.908379
289.608115 -115.386223
289.608212 -116.451019
289.608308 -112.492226
289.608404 -112.137497
289.608500 -111.985855
289.608596 -112.813316
289.608692 -121.359566
289.608788 -131.836792
289.608885 -126.924049
289.608981 -116.479912
289.609077 -115.588730
289.609173 -116.717453
289.609269 -113.548615
289.609365 -112.485069
289.609462 -112.958900
289.609558 -119.380341
289.609654 -114.892776
289.609750 -111.575241
289.609846 -111.595688
289.609942 -113.351906
289.610038 -115.383072
289.610135 -113.264053
289.610231 -114.112175
289.610327 -116.632622
289.610423 -116.187752
289.610519 -117.247711
289.610615 -122.314613
289.610712 -129.703918
289.610808 -123.076920
289.610904 -115.546577
289.611000 -115.359795
289.611096 -117.360085
289.611192 -115.525642
289.611288 -115.770294
289.611385 -122.909729
289.611481 -118.521889
289.611577 -118.376144
289.611673 -119.250755
289.611769 -117.592667
289.611865 -116.725151
289.611962 -117.813255
289.612058 -124.359222
289.612154 -125.486435
289.612250 -126.330452
289.612346 -121.187256
289.612442 -120.590088
289.612538 -120.008041
289.612635 -115.802246
289.612731 -115.714943
289.612827 -118.212242
289.612923 -120.713120
289.613019 -119.830429
289.613115 -111.897224
289.613212 -111.889099
289.613308 -116.073616
289.613404 -120.020325
289.613500 -121.389442
289.613596 -114.253036
289.613692 -114.176941
289.613788 -118.241234
289.613885 -124.943375
289.613981 -124.395538
289.614077 -121.032936
289.614173 -117.674568
289.614269 -114.118942
289.614365 -113.380630
289.614462 -113.084297
289.614558 -113.647270
289.614654 -113.339577
289.614750 -113.203194
289.614846 -114.584824
289.614942 -116.366142
289.615038 -116.684258
289.615135 -119.605644
289.615231 -123.570847
289.615327 -121.115479
289.615423 -117.980888
289.615519 -117.265594
289.615615 -117.572487
289.615712 -119.897079
289.615808 -115.542084
289.615904 -113.164261
289.616000 -113.698593
289.616096 -112.441338
289.616192 -111.900269
289.616288 -113.635094
289.616385 -119.617676
289.616481 -117.651924
289.616577 -118.563072
289.616673 -117.505066
289.616769 -117.175842
289.616865 -119.974663
289.616962 -124.800041
289.617058 -114.782784
289.617154 -114.786530
289.617250 -116.540764
289.617346 -114.440140
289.617442 -114.800278
289.617538 -117.099678
289.617635 -117.858162
289.617731 -115.515732
289.617827 -116.075096
289.617923 -117.417236
289.618019 -114.607086
289.618115 -114.336937
289.618212 -113.920891
289.618308 -112.199043
289.618404 -111.644981
289.618500 -112.252434
289.618596 -110.628845
289.618692 -109.715149
289.618788 -111.725853
289.618885 -122.300072
289.618981 -122.108360
289.619077 -115.800301
289.619173 -115.673378
289.619269 -113.059525
289.619365 -112.632378
289.619462 -111.020859
289.619558 -110.782776
289.619654 -113.317276
289.619750 -126.330513
289.619846 -114.306099
289.619942 -111.472229
289.620038 -111.541817
289.620135 -113.394089
289.620231 -113.697136
289.620327 -115.656090
289.620423 -117.544708
289.620519 -119.877373
289.620615 -118.248589
289.620712 -117.369888
289.620808 -117.059303
289.620904 -119.970589
289.621000 -114.910378
289.621096 -109.201096
289.621192 -108.878281
289.621288 -108.750214
289.621385 -107.453323
289.621481 -107.713730
289.621577 -113.773819
289.621673 -120.945595
289.621769 -114.532982
289.621865 -108.596581
289.621962 -107.842232
289.622058 -108.228287
289.622154 -109.960815
289.622250 -113.563477
289.622346 -112.836906
289.622442 -108.844597
289.622538 -108.865227
289.622635 -114.130852
289.622731 -118.407143
289.622827 -115.960594
289.622923 -116.152466
289.623019 -116.152206
289.623115 -116.225952
289.623212 -118.119431
289.623308 -111.322052
289.623404 -108.721237
289.623500 -108.721718
289.623596 -111.563965
289.623692 -115.635071
289.623788 -114.189507
289.623885 -113.168282
289.623981 -113.139137
289.624077 -112.965881
289.624173 -108.828445
289.624269 -108.825447
289.624365 -111.181870
289.624462 -116.375465
289.624558 -114.829468
289.624654 -115.890121
289.624750 -112.659386
289.624846 -109.169685
289.624942 -109.170288
289.625038 -114.104897
289.625135 -112.067696
289.625231 -111.861885
289.625327 -111.323456
289.625423 -110.919128
289.625519 -111.549561
289.625615 -113.015251
289.625712 -112.874207
289.625808 -113.777626
289.625904 -112.399063
289.626000 -111.739899
289.626096 -112.331299
289.626192 -112.565002
289.626288 -112.364555
289.626385 -112.652794
289.626481 -112.903343
289.626577 -116.383163
289.626673 -116.802216
289.626769 -113.590034
289.626865 -113.289101
289.626962 -115.657951
289.627058 -118.822227
289.627154 -120.849533
289.627250 -110.794609
289.627346 -108.873741
289.627442 -109.184784
289.627538 -114.273514
289.627635 -119.020905
289.627731 -119.284706
289.627827 -115.294708
289.627923 -112.135422
289.628019 -111.312012
289.628115 -112.318146
289.628212 -111.222633
289.628308 -109.865067
289.628404 -110.119423
289.628500 -115.791496
289.628596 -108.814552
289.628692 -108.457802
289.628788 -110.244347
289.628885 -111.044044
289.628981 -109.539734
289.629077 -108.655579
289.629173 -103.700439
289.629269 -103.671112
289.629365 -106.051880
289.629462 -110.312935
289.629558 -111.023697
289.629654 -111.470993
289.629750 -109.699234
289.629846 -109.694962
289.629942 -110.414650
289.630038 -111.282623
289.630135 -116.185593
289.630231 -111.784111
289.630327 -111.933815
289.630423 -114.533875
289.630519 -111.335358
289.630615 -111.335396
289.630712 -111.676422
289.630808 -109.915359
289.630904 -109.730217
289.631000 -110.033157
289.631096 -111.563606
289.631192 -114.291580
289.631288 -119.523178
289.631385 -122.761589
289.631481 -117.696259
289.631577 -110.005951
289.631673 -109.348007
289.631769 -112.143204
289.631865 -108.433678
289.631962 -108.433273
289.632058 -112.321213
289.632154 -116.620750
289.632250 -115.420647
289.632346 -109.909332
289.632442 -109.195656
289.632538 -110.082115
289.632635 -108.120987
289.632731 -108.055580
289.632827 -110.302048
289.632923 -114.126923
289.633019 -119.046356
289.633115 -112.015869
289.633212 -108.833572
289.633308 -108.832581
289.633404 -110.729218
289.633500 -112.377510
289.633596 -112.963776
289.633692 -115.120392
289.633788 -112.722244
289.633885 -108.715446
289.633981 -107.700493
289.634077 -107.945854
289.634173 -113.460243
289.634269 -126.165619
289.634365 -121.770363
289.634462 -117.104858
289.634558 -117.036713
289.634654 -114.887070
289.634750 -114.462654
289.634846 -115.391022
289.634942 -116.815178
289.635038 -113.988586
289.635135 -113.890358
289.635231 -114.031433
289.635327 -113.959785
289.635423 -116.867432
289.635519 -112.197090
289.635615 -109.956093
289.635712 -110.412720
289.635808 -111.244270
289.635904 -109.458511
289.636000 -109.334923
289.636096 -110.850876
289.636192 -112.679230
289.636288 -109.047836
289.636385 -108.650070
289.636481 -110.548889
289.636577 -111.399490
289.636673 -111.433075
289.636769 -118.427757
289.636865 -119.931580
289.636962 -116.012016
289.637058 -114.362427
289.637154 -114.710472
289.637250 -114.575218
289.637346 -115.291153
289.637442 -109.828735
289.637538 -109.981110
289.637635 -111.696701
289.637731 -111.631416
289.637827 -114.409462
289.637923 -115.870995
289.638019 -114.036278
289.638115 -113.486671
289.638212 -112.110886
289.638308 -109.056473
289.638404 -108.932632
289.638500 -110.271530
289.638596 -110.265289
289.638692 -110.720024
289.638788 -119.435532
289.638885 -122.247772
289.638981 -118.565575
289.639077 -118.564545
289.639173 -121.409302
289.639269 -118.466202
289.639365 -118.759193
289.639462 -112.045685
289.639558 -109.923996
289.639654 -110.198425
289.639750 -110.740028
289.639846 -109.981133
289.639942 -111.783272
289.640038 -118.125168
289.640135 -118.563278
289.640231 -118.970993
289.640327 -119.566689
289.640423 -112.353958
289.640519 -111.764000
289.640615 -112.672134
289.640712 -113.095947
289.640808 -107.943069
289.640904 -107.933846
289.641000 -109.132294
289.641096 -108.341431
289.641192 -109.863197
289.641288 -113.816719
289.641385 -116.624130
289.641481 -118.316513
289.641577 -117.892387
289.641673 -121.535347
289.641769 -114.756233
289.641865 -108.203903
289.641962 -108.014626
289.642058 -109.659897
289.642154 -112.329559
289.642250 -112.336365
289.642346 -114.124161
289.642442 -118.329170
289.642538 -119.676575
289.642635 -112.983025
289.642731 -112.427628
289.642827 -113.802055
289.642923 -110.804329
289.643019 -111.723244
289.643115 -115.345688
289.643212 -113.038292
289.643308 -113.408798
289.643404 -120.318787
289.643500 -119.379265
289.643596 -115.234955
289.643692 -115.292137
289.643788 -111.898430
289.643885 -109.696091
289.643981 -109.780159
289.644077 -114.721809
289.644173 -120.941605
289.644269 -118.635674
289.644365 -114.080452
289.644462 -111.012871
289.644558 -111.812820
289.644654 -115.624863
289.644750 -112.937477
289.644846 -107.174942
289.644942 -106.771553
289.645038 -108.652031
289.645135 -113.586662
289.645231 -115.496162
289.645327 -109.238785
289.645423 -108.846504
289.645519 -111.320747
289.645615 -111.776230
289.645712 -111.610664
289.645808 -113.143913
289.645904 -110.643898
289.646000 -110.224480
289.646096 -111.284431
289.646192 -116.158791
289.646288 -115.073502
289.646385 -113.363831
289.646481 -111.744469
289.646577 -107.671753
289.646673 -107.669327
289.646769 -111.293129
289.646865 -113.356468
289.646962 -109.747772
289.647058 -108.778969
289.647154 -108.813148
289.647250 -113.952095
289.647346 -108.607384
289.647442 -108.224571
289.647538 -108.891022
289.647635 -113.757835
289.647731 -110.591835
289.647827 -107.290466
289.647923 -107.099747
289.648019 -107.626457
289.648115 -109.791473
289.648212 -114.363174
289.648308 -110.241753
289.648404 -107.713158
289.648500 -106.556404
289.648596 -106.559914
289.648692 -108.124947
289.648788 -109.730499
289.648885 -110.498070
289.648981 -112.361633
289.649077 -117.669136
289.649173 -121.120827
289.649269 -121.536423
289.649365 -119.179169
289.649462 -113.026604
289.649558 -110.272881
289.649654 -107.578796
289.649750 -107.503746
289.649846 -108.449242
289.649942 -110.636070
289.650038 -116.589211
289.650135 -113.975410
289.650231 -110.875931
289.650327 -110.943451
289.650423 -111.979820
289.650519 -114.232773
289.650615 -121.446815
289.650712 -117.051582
289.650808 -116.068375
289.650904 -109.233551
289.651000 -107.882660
289.651096 -108.268631
289.651192 -109.437546
289.651288 -109.045128
289.651385 -109.115250
289.651481 -109.094414
289.651577 -109.098854
289.651673 -113.179337
289.651769 -110.064095
289.651865 -109.425949
289.651962 -110.687515
289.652058 -119.664558
289.652154 -113.887421
289.652250 -108.873138
289.652346 -108.936050
289.652442 -112.881767
289.652538 -111.822052
289.652635 -112.131310
289.652731 -115.961571
289.652827 -109.688446
289.652923 -109.095795
289.653019 -109.781029
289.653115 -109.843178
289.653212 -110.109848
289.653308 -113.994858
289.653404 -113.141487
289.653500 -113.141907
289.653596 -114.679535
289.653692 -111.393784
289.653788 -111.303833
289.653885 -111.104874
289.653981 -111.960320
289.654077 -111.770340
289.654173 -113.309731
289.654269 -122.018341
289.654365 -122.026962
289.654462 -111.554596
289.654558 -108.884239
289.654654 -108.721695
289.654750 -109.551422
289.654846 -111.863152
289.654942 -111.968811
289.655038 -115.023605
289.655135 -120.094215
289.655231 -117.960739
289.655327 -114.787117
289.655423 -110.585503
289.655519 -109.507942
289.655615 -109.890366
289.655712 -113.938622
289.655808 -114.441063
289.655904 -111.278259
289.656000 -111.739777
289.656096 -115.525070
289.656192 -116.656982
289.656288 -116.084251
289.656385 -111.973885
289.656481 -110.440399
289.656577 -110.285278
289.656673 -110.629379
289.656769 -113.949646
289.656865 -111.371117
289.656962 -112.090263
289.657058 -113.667641
289.657154 -112.661316
289.657250 -113.360458
289.657346 -109.814255
289.657442 -109.923561
289.657538 -115.990906
289.657635 -116.591469
289.657731 -116.600563
289.657827 -113.002693
289.657923 -113.001450
289.658019 -110.277641
289.658115 -106.664505
289.658212 -106.585251
289.658308 -108.615990
289.658404 -115.251251
289.658500 -113.247116
289.658596 -113.858772
289.658692 -111.947327
289.658788 -106.535408
289.658885 -106.479179
289.658981 -109.608109
289.659077 -117.620331
289.659173 -117.931618
289.659269 -110.727753
289.659365 -108.654167
289.659462 -108.654465
289.659558 -110.276550
289.659654 -113.668762
289.659750 -113.507484
289.659846 -113.567162
289.659942 -117.079399
289.660038 -112.828445
289.660135 -109.680344
289.660231 -108.434662
289.660327 -108.458466
289.660423 -108.772980
289.660519 -106.343628
289.660615 -106.348694
289.660712 -109.207016
289.660808 -113.836288
289.660904 -118.895576
289.661000 -112.181183
289.661096 -109.681816
289.661192 -108.333794
289.661288 -107.316765
289.661385 -106.954773
289.661481 -107.126968
289.661577 -110.101471
289.661673 -113.971298
289.661769 -114.478172
289.661865 -113.696045
289.661962 -113.622375
289.662058 -117.684341
289.662154 -120.285866
289.662250 -115.090439
289.662346 -111.537689
289.662442 -111.534752
289.662538 -116.167320
289.662635 -117.233635
289.662731 -118.191284
289.662827 -111.818497
289.662923 -110.162148
289.663019 -110.228043
289.663115 -113.502228
289.663212 -114.236816
289.663308 -108.434891
289.663404 -108.050583
289.663500 -109.401024
289.663596 -110.693024
289.663692 -109.774925
289.663788 -110.385178
289.663885 -112.734718
289.663981 -112.238205
289.664077 -114.825661
289.664173 -113.515717
289.664269 -114.497612
289.664365 -111.439110
289.664462 -111.987679
289.664558 -119.612877
289.664654 -119.626793
289.664750 -114.430603
289.664846 -114.399017
289.664942 -109.490547
289.665038 -108.724396
289.665135 -110.452202
289.665231 -114.273827
289.665327 -112.963326
289.665423 -113.086884
289.665519 -113.343674
289.665615 -110.268150
289.665712 -110.297287
289.665808 -113.752869
289.665904 -113.504829
289.666000 -119.207436
289.666096 -119.578239
289.666192 -119.590721
289.666288 -122.481758
289.666385 -114.668877
289.666481 -111.279152
289.666577 -111.281387
289.666673 -110.782471
289.666769 -110.768822
289.666865 -112.933990
289.666962 -116.118942
289.667058 -114.339790
289.667154 -114.405861
289.667250 -120.298935
289.667346 -113.709030
289.667442 -109.261406
289.667538 -109.332039
289.667635 -112.669243
289.667731 -110.444328
289.667827 -110.131142
289.667923 -113.392204
289.668019 -110.416588
289.668115 -110.403183
289.668212 -114.765381
289.668308 -111.902649
289.668404 -111.637001
289.668500 -112.722206
289.668596 -115.614334
289.668692 -115.954674
289.668788 -117.803185
289.668885 -115.060844
289.668981 -115.087074
289.669077 -117.516571
289.669173 -113.611122
289.669269 -109.374252
289.669365 -109.176613
289.669462 -111.991692
289.669558 -116.122581
289.669654 -116.474922
289.669750 -109.611038
289.669846 -107.752045
289.669942 -107.468201
289.670038 -107.512108
289.670135 -109.787498
289.670231 -116.142471
289.670327 -114.033165
289.670423 -114.046196
289.670519 -117.015945
289.670615 -113.843636
289.670712 -111.912636
289.670808 -111.638962
289.670904 -112.837685
289.671000 -110.736061
289.671096 -109.872803
289.671192 -111.054871
289.671288 -115.092545
289.671385 -115.757301
289.671481 -111.019417
289.671577 -110.006599
289.671673 -110.549385
289.671769 -112.829727
289.671865 -114.710724
289.671962 -115.640007
289.672058 -116.075310
289.672154 -120.680756
289.672250 -120.073135
289.672346 -118.129105
289.672442 -114.871933
289.672538 -116.710953
289.672635 -118.282082
289.672731 -118.701385
289.672827 -114.799728
289.672923 -112.122871
289.673019 -111.711578
289.673115 -111.991791
289.673212 -114.472404
289.673308 -112.961426
289.673404 -113.292595
289.673500 -113.899185
289.673596 -112.067024
289.673692 -112.384544
289.673788 -117.217697
289.673885 -114.992836
289.673981 -114.786598
289.674077 -116.220886
289.674173 -119.915184
289.674269 -117.820938
289.674365 -112.804787
289.674462 -109.875366
289.674558 -109.560669
289.674654 -110.438972
289.674750 -116.024757
289.674846 -122.885330
289.674942 -121.533386
289.675038 -116.827675
289.675135 -116.361588
289.675231 -119.253662
289.675327 -120.106041
289.675423 -122.193260
289.675519 -120.200729
289.675615 -120.247078
289.675712 -122.020988
289.675808 -120.359039
289.675904 -116.354012
289.676000 -114.777252
289.676096 -114.839104
289.676192 -116.122154
289.676288 -120.539787
289.676385 -120.703217
289.676481 -116.713623
289.676577 -112.135284
289.676673 -110.895302
289.676769 -111.101082
289.676865 -112.024345
289.676962 -110.652306
289.677058 -109.752647
289.677154 -110.500664
289.677250 -115.985298
289.677346 -115.036926
289.677442 -114.472023
289.677538 -114.747803
289.677635 -114.154243
289.677731 -114.964165
289.677827 -120.576027
289.677923 -115.016342
289.678019 -112.730072
289.678115 -112.618217
289.678212 -112.698677
289.678308 -112.302032
289.678404 -111.481293
289.678500 -112.347412
289.678596 -121.630409
289.678692 -118.728462
289.678788 -118.778740
289.678885 -118.736328
289.678981 -116.857170
289.679077 -114.406586
289.679173 -112.278740
289.679269 -111.606873
289.679365 -111.607086
289.679462 -114.074150
289.679558 -118.334091
289.679654 -117.497215
289.679750 -115.207962
289.679846 -111.026367
289.679942 -110.418373
289.680038 -111.414795
289.680135 -113.725685
289.680231 -111.231262
289.680327 -111.759163
289.680423 -115.502495
289.680519 -115.883446
289.680615 -116.488640
289.680712 -113.955238
289.680808 -114.690590
289.680904 -118.974030
289.681000 -115.887505
289.681096 -115.662468
289.681192 -117.577934
289.681288 -117.293999
289.681385 -112.784447
289.681481 -112.732704
289.681577 -114.281982
289.681673 -115.663994
289.681769 -114.840561
289.681865 -112.419609
289.681962 -112.626846
289.682058 -118.356461
289.682154 -119.408516
289.682250 -122.647377
289.682346 -118.030273
289.682442 -118.006989
289.682538 -117.657295
289.682635 -118.457809
289.682731 -114.171158
289.682827 -114.122147
289.682923 -117.686050
289.683019 -116.125740
289.683115 -111.594841
289.683212 -109.660912
289.683308 -109.662392
289.683404 -110.395218
289.683500 -112.770248
289.683596 -115.306999
289.683692 -114.440300
289.683788 -113.523674
289.683885 -113.020401
289.683981 -115.672394
289.684077 -121.235916
289.684173 -117.236206
289.684269 -117.181702
289.684365 -118.655907
289.684462 -120.005257
289.684558 -120.560738
289.684654 -119.673996
289.684750 -116.666252
289.684846 -116.704987
289.684942 -119.326996
289.685038 -114.970352
289.685135 -112.397285
289.685231 -111.855896
289.685327 -112.677010
289.685423 -110.182747
289.685519 -110.178185
289.685615 -112.051491
289.685712 -110.243263
289.685808 -111.566681
289.685904 -112.973946
289.686000 -111.601257
289.686096 -111.733955
289.686192 -113.678421
289.686288 -114.375404
289.686385 -117.922844
289.686481 -116.691360
289.686577 -116.724709
289.686673 -118.996498
289.686769 -120.739983
289.686865 -119.777992
289.686962 -119.839790
289.687058 -117.580902
289.687154 -114.559845
289.687250 -114.553009
289.687346 -115.963821
289.687442 -114.443611
289.687538 -114.473831
289.687635 -119.596886
289.687731 -123.912056
289.687827 -110.988731
289.687923 -106.545044
289.688019 -106.295647
289.688115 -107.655289
289.688212 -114.333466
289.688308 -121.158363
289.688404 -117.921867
289.688500 -113.705032
289.688596 -112.398193
289.688692 -112.413177
289.688788 -114.938423
289.688885 -117.863617
289.688981 -116.302391
289.689077 -116.250824
289.689173 -119.715210
289.689269 -123.906158
289.689365 -120.321136
289.689462 -110.888596
289.689558 -110.304535
289.689654 -111.852859
289.689750 -111.378349
289.689846 -110.941803
289.689942 -113.352325
289.690038 -114.313766
289.690135 -112.603638
289.690231 -112.191383
289.690327 -112.187912
289.690423 -112.765198
289.690519 -117.154747
289.690615 -122.410400
289.690712 -118.348427
289.690808 -112.402336
289.690904 -111.134750
289.691000 -111.174416
289.691096 -113.728134
289.691192 -116.007843
289.691288 -112.817368
289.691385 -112.852417
289.691481 -118.388496
289.691577 -119.043991
289.691673 -114.079559
289.691769 -111.261543
289.691865 -111.044510
289.691962 -111.659378
289.692058 -114.301849
289.692154 -114.843483
289.692250 -123.321571
289.692346 -123.364700
289.692442 -132.219376
289.692538 -123.413399
289.692635 -119.968445
289.692731 -119.969284
289.692827 -117.874573
289.692923 -117.314590
289.693019 -118.788383
289.693115 -126.044510
289.693212 -127.276215
289.693308 -119.242928
289.693404 -118.230217
289.693500 -120.326302
289.693596 -121.491272
289.693692 -116.562019
289.693788 -116.394928
289.693885 -116.270958
289.693981 -115.122871
289.694077 -114.264069
289.694173 -115.471863
289.694269 -122.645271
289.694365 -112.870354
289.694462 -111.539703
289.694558 -112.162720
289.694654 -112.567009
289.694750 -112.503204
289.694846 -113.305313
289.694942 -115.637207
289.695038 -120.723328
289.695135 -129.341919
289.695231 -121.292732
289.695327 -115.320824
289.695423 -114.323547
289.695519 -114.386353
289.695615 -119.762207
289.695712 -119.179642
289.695808 -119.839287
289.695904 -121.279716
289.696000 -118.825706
289.696096 -116.126564
289.696192 -111.562088
289.696288 -109.358551
289.696385 -109.359886
289.696481 -112.412567
289.696577 -123.228416
289.696673 -121.791908
289.696769 -120.999130
289.696865 -121.028503
289.696962 -118.143845
289.697058 -115.787743
289.697154 -116.204735
289.697250 -117.970436
289.697346 -116.954147
289.697442 -113.014511
289.697538 -112.274185
289.697635 -114.220474
289.697731 -114.907547
289.697827 -114.915695
289.697923 -117.916733
289.698019 -117.154419
289.698115 -112.544899
289.698212 -112.352150
289.698308 -113.925407
289.698404 -118.325249
289.698500 -122.463577
289.698596 -119.969879
289.698692 -119.118233
289.698788 -116.637619
289.698885 -115.851776
289.698981 -116.227554
289.699077 -118.100204
289.699173 -118.975311
289.699269 -114.473373
289.699365 -113.263123
289.699462 -113.011955
289.699558 -111.769127
289.699654 -111.549454
289.699750 -112.805450
289.699846 -120.900887
289.699942 -120.554970
289.700038 -114.548363
289.700135 -114.285675
289.700231 -116.501694
289.700327 -127.696320
289.700423 -119.906853
289.700519 -116.722282
289.700615 -116.626335
289.700712 -117.192101
289.700808 -117.079147
289.700904 -117.956665
289.701000 -118.366478
289.701096 -116.405830
289.701192 -114.480301
289.701288 -114.533157
289.701385 -119.864098
289.701481 -119.476334
289.701577 -118.290024
289.701673 -118.318024
289.701769 -116.600685
289.701865 -115.672546
289.701962 -116.410385
289.702058 -118.430649
289.702154 -118.461540
289.702250 -118.096214
289.702346 -117.397552
289.702442 -117.723953
289.702538 -113.928879
289.702635 -113.928040
289.702731 -114.654503
289.702827 -114.654915
289.702923 -116.460815
289.703019 -121.509972
289.703115 -120.928093
289.703212 -120.270256
289.703308 -121.408760
289.703404 -116.262238
289.703500 -116.056427
289.703596 -118.332146
289.703692 -124.587982
289.703788 -123.063934
289.703885 -122.370735
289.703981 -122.559418
289.704077 -120.447044
289.704173 -120.196266
289.704269 -121.270569
289.704365 -120.391823
289.704462 -117.355804
289.704558 -117.353653
289.704654 -119.003960
289.704750 -118.752991
289.704846 -115.663948
289.704942 -115.657669
289.705038 -115.818787
289.705135 -115.910896
289.705231 -115.872620
289.705327 -117.299416
289.705423 -130.330139
289.705519 -119.282104
289.705615 -115.651619
289.705712 -115.942551
289.705808 -121.510193
289.705904 -120.735725
289.706000 -118.704086
289.706096 -117.334633
289.706192 -117.896957
289.706288 -119.598083
289.706385 -121.511581
289.706481 -120.567406
289.706577 -113.673523
289.706673 -111.932625
289.706769 -112.021790
289.706865 -114.688995
289.706962 -121.124535
289.707058 -120.626244
289.707154 -121.041191
289.707250 -128.806396
289.707346 -118.977699
289.707442 -113.732307
289.707538 -113.667877
289.707635 -119.221169
289.707731 -117.506065
289.707827 -118.992622
289.707923 -123.766510
289.708019 -120.086327
289.708115 -114.573547
289.708212 -114.550385
289.708308 -117.534798
289.708404 -116.301674
289.708500 -114.926529
289.708596 -115.518982
289.708692 -124.118942
289.708788 -117.783539
289.708885 -115.590172
289.708981 -115.646317
289.709077 -119.005852
289.709173 -119.206215
289.709269 -119.209167
289.709365 -121.006340
289.709462 -121.283524
289.709558 -123.836136
289.709654 -119.110603
289.709750 -119.109512
289.709846 -118.742195
289.709942 -115.220901
289.710038 -114.222809
289.710135 -114.258736
289.710231 -116.394424
289.710327 -116.204414
289.710423 -112.671181
289.710519 -112.511139
289.710615 -113.083519
289.710712 -113.265083
289.710808 -116.320023
289.710904 -123.628365
289.711000 -124.867722
289.711096 -124.856361
289.711192 -118.990288
289.711288 -118.117172
289.711385 -118.869537
289.711481 -123.239479
289.711577 -121.179726
289.711673 -121.978706
289.711769 -130.297089
289.711865 -130.847427
289.711962 -139.097794
289.712058 -122.572525
289.712154 -119.907898
289.712250 -120.223869
289.712346 -117.983421
289.712442 -113.866508
289.712538 -113.629456
289.712635 -114.860947
289.712731 -119.971825
289.712827 -122.439018
289.712923 -122.497597
289.713019 -116.184677
289.713115 -116.138535
289.713212 -117.624603
289.713308 -121.214882
289.713404 -118.798294
289.713500 -117.641983
289.713596 -118.012085
289.713692 -117.172157
289.713788 -115.614609
289.713885 -116.170387
289.713981 -121.345886
289.714077 -118.635643
289.714173 -117.938469
289.714269 -122.537430
289.714365 -122.430603
289.714462 -123.679924
289.714558 -118.858116
289.714654 -118.653915
289.714750 -117.961403
289.714846 -118.198479
289.714942 -122.358147
289.715038 -123.095314
289.715135 -124.555229
289.715231 -115.841629
289.715327 -115.238960
289.715423 -115.168449
289.715519 -115.929001
289.715615 -119.293091
289.715712 -117.227325
289.715808 -117.209946
289.715904 -118.032707
289.716000 -118.292686
289.716096 -121.535049
289.716192 -123.549751
289.716288 -117.221939
289.716385 -114.891884
289.716481 -115.093781
289.716577 -121.090790
289.716673 -124.591133
289.716769 -119.755814
289.716865 -119.652496
289.716962 -120.850761
289.717058 -121.013924
289.717154 -120.018745
289.717250 -120.524445
289.717346 -119.241196
289.717442 -119.455307
289.717538 -125.364845
289.717635 -118.364578
289.717731 -117.849533
289.717827 -119.319550
289.717923 -123.710930
289.718019 -123.868187
289.718115 -121.184830
289.718212 -121.630730
289.718308 -116.498924
289.718404 -116.215500
289.718500 -117.516594
289.718596 -120.511543
289.718692 -119.563240
289.718788 -117.259033
289.718885 -117.230865
289.718981 -120.341103
289.719077 -118.956017
289.719173 -113.957924
289.719269 -113.174744
289.719365 -112.250435
289.719462 -112.172981
289.719558 -112.796394
289.719654 -115.736366
289.719750 -118.397110
289.719846 -119.229721
289.719942 -118.354980
289.720038 -118.476929
289.720135 -117.613388
289.720231 -117.308632
289.720327 -118.629974
289.720423 -126.274811
289.720519 -126.843727
289.720615 -128.906403
289.720712 -128.101578
289.720808 -118.539330
289.720904 -115.120804
289.721000 -114.391113
289.721096 -114.467148
289.721192 -118.262428
289.721288 -127.209595
289.721385 -124.792702
289.721481 -124.726921
289.721577 -123.357124
289.721673 -122.592453
289.721769 -123.249718
289.721865 -121.738808
289.721962 -123.132172
289.722058 -126.061378
289.722154 -126.331718
289.722250 -120.272568
289.722346 -119.894745
289.722442 -121.735031
289.722538 -123.119705
289.722635 -122.502197
289.722731 -127.728615
289.722827 -125.869133
289.722923 -124.680550
289.723019 -124.538513
289.723115 -122.377052
289.723212 -122.451782
289.723308 -127.568802
289.723404 -127.367661
289.723500 -128.444412
289.723596 -128.309296
289.723692 -128.037079
289.723788 -126.401024
289.723885 -117.147064
289.723981 -116.962746
289.724077 -118.277641
289.724173 -120.442940
289.724269 -124.051331
289.724365 -119.800018
289.724462 -119.817146
289.724558 -118.598907
289.724654 -117.593353
289.724750 -116.593964
289.724846 -116.619324
289.724942 -121.105865
289.725038 -121.372208
289.725135 -120.294968
289.725231 -116.705902
289.725327 -115.941055
289.725423 -116.515877
289.725519 -120.414070
289.725615 -122.020660
289.725712 -124.405602
289.725808 -121.709702
289.725904 -121.552795
289.726000 -119.237144
289.726096 -115.822258
289.726192 -114.706917
289.726288 -115.120697
289.726385 -120.984886
289.726481 -118.248634
289.726577 -118.650040
289.726673 -118.700455
289.726769 -118.358734
289.726865 -118.635437
289.726962 -120.478004
289.727058 -117.748718
289.727154 -117.761787
289.727250 -121.806358
289.727346 -121.653717
289.727442 -121.938393
289.727538 -121.226982
289.727635 -121.232368
289.727731 -124.122932
289.727827 -117.279816
289.727923 -117.228195
289.728019 -113.279968
289.728115 -112.607254
289.728212 -112.865837
289.728308 -115.613693
289.728404 -120.102898
289.728500 -120.151054
289.728596 -120.151245
289.728692 -122.988945
289.728788 -119.477058
289.728885 -119.140305
289.728981 -119.066925
289.729077 -119.989594
289.729173 -121.270470
289.729269 -119.344635
289.729365 -116.326813
289.729462 -116.236534
289.729558 -119.267944
289.729654 -121.494690
289.729750 -119.460121
289.729846 -119.199440
289.729942 -119.266243
289.730038 -127.575134
289.730135 -124.308243
289.730231 -123.845863
289.730327 -123.421165
289.730423 -123.337982
289.730519 -127.299744
289.730615 -119.643524
289.730712 -114.981750
289.730808 -114.369255
289.730904 -114.651749
289.731000 -117.282089
289.731096 -121.461021
289.731192 -116.006790
289.731288 -112.599136
289.731385 -112.619049
289.731481 -116.858902
289.731577 -121.546013
289.731673 -121.118790
289.731769 -117.429771
289.731865 -114.359032
289.731962 -114.401688
289.732058 -119.125778
289.732154 -130.278122
289.732250 -128.313919
289.732346 -127.908951
289.732442 -130.975479
289.732538 -125.331520
289.732635 -125.327209
289.732731 -122.450272
289.732827 -120.133942
289.732923 -120.133049
289.733019 -123.153336
289.733115 -124.652641
289.733212 -131.352173
289.733308 -123.226944
289.733404 -118.790573
289.733500 -118.800835
289.733596 -122.077728
289.733692 -121.638031
289.733788 -121.376312
289.733885 -123.464882
289.733981 -122.404831
289.734077 -122.659035
289.734173 -120.869308
289.734269 -119.506233
289.734365 -117.713089
289.734462 -117.718697
289.734558 -120.670082
289.734654 -127.997192
289.734750 -122.790794
289.734846 -117.337646
289.734942 -115.710754
289.735038 -116.077591
289.735135 -123.442207
289.735231 -121.564659
289.735327 -122.549858
289.735423 -124.729683
289.735519 -117.888733
289.735615 -117.862183
289.735712 -122.623672
289.735808 -120.912674
289.735904 -116.275391
289.736000 -115.809067
289.736096 -116.519348
289.736192 -119.134521
289.736288 -117.003769
289.736385 -117.415291
289.736481 -120.924080
289.736577 -118.691696
289.736673 -118.867989
289.736769 -120.092072
289.736865 -120.478157
289.736962 -127.602478
289.737058 -119.177696
289.737154 -117.563408
289.737250 -117.835747
289.737346 -118.740036
289.737442 -118.895760
289.737538 -114.172066
289.737635 -114.134430
289.737731 -115.844170
289.737827 -117.171982
289.737923 -117.571960
289.738019 -120.189384
289.738115 -122.399734
289.738212 -125.827522
289.738308 -130.580658
289.738404 -127.720184
289.738500 -126.347115
289.738596 -119.980141
289.738692 -117.752213
289.738788 -117.820717
289.738885 -118.685844
289.738981 -117.952141
289.739077 -120.132874
289.739173 -117.776299
289.739269 -117.735062
289.739365 -118.007652
289.739462 -119.298859
289.739558 -120.505775
289.739654 -119.042221
289.739750 -119.403618
289.739846 -119.620567
289.739942 -120.643501
289.740038 -119.601326
289.740135 -118.900650
289.740231 -116.359566
289.740327 -116.315208
289.740423 -118.429367
289.740519 -120.299240
289.740615 -125.516365
289.740712 -125.209152
289.740808 -122.892433
289.740904 -122.893105
289.741000 -127.382217
289.741096 -121.389389
289.741192 -116.750061
289.741288 -116.052711
289.741385 -116.881409
289.741481 -122.791351
289.741577 -119.709908
289.741673 -118.495468
289.741769 -119.879089
289.741865 -118.438263
289.741962 -117.532951
289.742058 -118.406273
289.742154 -123.264336
289.742250 -125.150475
289.742346 -124.932632
289.742442 -126.502281
289.742538 -122.279907
289.742635 -121.842331
289.742731 -122.363617
289.742827 -122.618919
289.742923 -124.731201
289.743019 -123.313065
289.743115 -123.369514
289.743212 -128.587265
289.743308 -135.998810
289.743404 -135.095551
289.743500 -125.157181
289.743596 -125.016960
289.743692 -119.743912
289.743788 -117.139442
289.743885 -117.905502
289.743981 -123.980324
289.744077 -123.238525
289.744173 -126.414993
289.744269 -129.595673
289.744365 -123.155273
289.744462 -121.755447
289.744558 -122.846375
289.744654 -121.664810
289.744750 -114.990730
289.744846 -113.495552
289.744942 -113.620964
289.745038 -116.811035
289.745135 -125.021248
289.745231 -120.506058
289.745327 -120.505478
289.745423 -121.083939
289.745519 -121.324112
289.745615 -125.278793
289.745712 -127.418404
289.745808 -128.793182
289.745904 -128.754776
289.746000 -125.555786
289.746096 -125.996773
289.746192 -121.556679
289.746288 -121.481590
289.746385 -125.244293
289.746481 -125.246658
289.746577 -125.231911
289.746673 -120.770729
289.746769 -120.468880
289.746865 -123.208595
289.746962 -124.578819
289.747058 -122.196617
289.747154 -120.373566
289.747250 -120.582481
289.747346 -120.942215
289.747442 -121.039085
289.747538 -122.185448
289.747635 -126.196609
289.747731 -127.320496
289.747827 -127.530067
289.747923 -125.289688
289.748019 -121.327232
289.748115 -121.094612
289.748212 -122.383286
289.748308 -119.427719
289.748404 -117.247498
289.748500 -117.430122
289.748596 -121.258438
289.748692 -134.702713
289.748788 -134.780380
289.748885 -122.877182
289.748981 -119.844002
289.749077 -118.647606
289.749173 -118.693481
289.749269 -119.417862
289.749365 -116.054558
289.749462 -115.097038
289.749558 -115.156158
289.749654 -116.029083
289.749750 -118.162766
289.749846 -123.708183
289.749942 -125.300766
289.750038 -130.822769
289.750135 -124.281548
289.750231 -122.887772
289.750327 -123.063553
289.750423 -125.045357
289.750519 -122.577667
289.750615 -119.268776
289.750712 -117.985794
289.750808 -118.493454
289.750904 -117.537254
289.751000 -117.268204
289.751096 -120.289284
289.751192 -119.375404
289.751288 -119.341553
289.751385 -121.607544
289.751481 -116.089561
289.751577 -115.231239
289.751673 -116.169304
289.751769 -114.917961
289.751865 -114.539635
289.751962 -115.308891
289.752058 -120.810913
289.752154 -118.689613
289.752250 -120.314224
289.752346 -122.958153
289.752442 -122.349030
289.752538 -122.947556
289.752635 -127.243179
289.752731 -126.178841
289.752827 -120.859230
289.752923 -119.827934
289.753019 -120.925697
289.753115 -121.669151
289.753212 -121.053085
289.753308 -120.885193
289.753404 -121.327293
289.753500 -122.190895
289.753596 -122.778755
289.753692 -128.280838
289.753788 -124.091606
289.753885 -120.752007
289.753981 -120.181107
289.754077 -121.139595
289.754173 -120.504326
289.754269 -120.786133
289.754365 -127.276100
289.754462 -126.553383
289.754558 -121.230080
289.754654 -120.885445
289.754750 -124.295425
289.754846 -129.436249
289.754942 -128.629486
289.755038 -124.824051
289.755135 -124.830925
289.755231 -122.891396
289.755327 -119.939346
289.755423 -120.009033
289.755519 -125.078346
289.755615 -128.018707
289.755712 -129.858414
289.755808 -131.032944
289.755904 -120.106949
289.756000 -117.801582
289.756096 -118.026215
289.756192 -119.924469
289.756288 -117.327377
289.756385 -117.348648
289.756481 -120.190224
289.756577 -126.313591
289.756673 -125.194054
289.756769 -122.726509
289.756865 -122.397141
289.756962 -123.677719
289.757058 -123.785774
289.757154 -123.060822
289.757250 -123.060196
289.757346 -122.645775
289.757442 -117.604874
289.757538 -116.822227
289.757635 -117.465187
289.757731 -123.527176
289.757827 -126.376114
289.757923 -126.598984
289.758019 -125.483932
289.758115 -122.545128
289.758212 -123.033043
289.758308 -126.980476
289.758404 -126.951500
289.758500 -132.785751
289.758596 -123.650879
289.758692 -120.535088
289.758788 -120.672218
289.758885 -124.738541
289.758981 -121.060829
289.759077 -119.136238
289.759173 -118.413361
289.759269 -119.254089
289.759365 -119.480965
289.759462 -116.044090
289.759558 -115.880859
289.759654 -117.587318
289.759750 -120.956390
289.759846 -125.927528
289.759942 -122.051727
289.760038 -120.515007
289.760135 -120.109886
289.760231 -121.057983
289.760327 -126.215965
289.760423 -122.573715
289.760519 -117.735107
289.760615 -115.695465
289.760712 -115.611839
289.760808 -117.128151
289.760904 -123.703598
289.761000 -123.261322
289.761096 -122.050591
289.761192 -123.677483
289.761288 -120.535057
289.761385 -118.468475
289.761481 -116.035957
289.761577 -116.028419
289.761673 -118.199570
289.761769 -123.723114
289.761865 -126.144707
289.761962 -127.200447
289.762058 -127.930283
289.762154 -121.378456
289.762250 -119.444603
289.762346 -119.438423
289.762442 -121.087051
289.762538 -119.871735
289.762635 -118.439011
289.762731 -118.062378
289.762827 -118.711494
289.762923 -127.395088
289.763019 -127.493286
289.763115 -127.540070
289.763212 -126.934990
289.763308 -121.174873
289.763404 -121.103661
289.763500 -124.949638
289.763596 -127.560242
289.763692 -123.535072
289.763788 -123.877724
289.763885 -126.867691
289.763981 -129.431595
289.764077 -119.566437
289.764173 -116.753899
289.764269 -116.738060
289.764365 -117.391342
289.764462 -118.059998
289.764558 -123.092712
289.764654 -132.210419
289.764750 -132.175201
289.764846 -120.240150
289.764942 -118.769112
289.765038 -119.059685
289.765135 -119.702850
289.765231 -122.096321
289.765327 -123.671913
289.765423 -125.780731
289.765519 -122.603378
289.765615 -119.322830
289.765712 -119.375664
289.765808 -124.893005
289.765904 -125.530693
289.766000 -119.115288
289.766096 -116.825836
289.766192 -116.880592
289.766288 -122.796387
289.766385 -123.654259
289.766481 -124.208138
289.766577 -129.452423
289.766673 -126.765305
289.766769 -126.641365
289.766865 -127.209892
289.766962 -122.065529
289.767058 -122.494034
289.767154 -119.716438
289.767250 -118.801620
289.767346 -118.375893
289.767442 -118.376839
289.767538 -119.814041
289.767635 -119.535957
289.767731 -115.846954
289.767827 -115.738319
289.767923 -116.808670
289.768019 -118.555435
289.768115 -117.196564
289.768212 -117.189201
289.768308 -119.768814
289.768404 -119.127983
289.768500 -121.154770
289.768596 -125.613510
289.768692 -119.156715
289.768788 -119.142616
289.768885 -120.876366
289.768981 -121.430214
289.769077 -117.266838
289.769173 -116.026276
289.769269 -116.698280
289.769365 -121.989349
289.769462 -127.441978
289.769558 -124.500252
289.769654 -125.103699
289.769750 -117.589958
289.769846 -117.552132
289.769942 -121.688171
289.770038 -119.600410
289.770135 -119.473099
289.770231 -119.584816
289.770327 -117.921463
289.770423 -118.204521
289.770519 -121.684677
289.770615 -122.938934
289.770712 -122.932350
289.770808 -123.167259
289.770904 -131.570847
289.771000 -125.720917
289.771096 -121.127876
289.771192 -121.125854
289.771288 -122.079262
289.771385 -118.859222
289.771481 -119.302948
289.771577 -121.199310
289.771673 -120.588371
289.771769 -121.520180
289.771865 -125.830872
289.771962 -124.338425
289.772058 -123.717590
289.772154 -123.737686
289.772250 -119.624802
289.772346 -119.624275
289.772442 -123.855164
289.772538 -118.335686
289.772635 -117.176132
289.772731 -117.232307
289.772827 -119.614784
289.772923 -120.462814
289.773019 -119.796844
289.773115 -119.902016
289.773212 -121.270210
289.773308 -119.727379
289.773404 -118.566048
289.773500 -118.675064
289.773596 -120.389862
289.773692 -121.581337
289.773788 -119.674461
289.773885 -117.438202
289.773981 -117.261894
289.774077 -117.540077
289.774173 -118.517258
289.774269 -123.084740
289.774365 -124.169952
289.774462 -125.134094
289.774558 -123.521446
289.774654 -123.182304
289.774750 -124.089516
289.774846 -129.505173
289.774942 -128.846191
289.775038 -128.090057
289.775135 -124.566872
289.775231 -120.997887
289.775327 -120.764580
289.775423 -120.738686
289.775519 -121.719978
289.775615 -124.501747
289.775712 -124.952492
289.775808 -123.299385
289.775904 -121.283554
289.776000 -121.283714
289.776096 -122.406212
289.776192 -121.435532
289.776288 -121.483368
289.776385 -123.892609
289.776481 -117.995422
289.776577 -117.012390
289.776673 -117.716003
289.776769 -121.170143
289.776865 -123.609718
289.776962 -120.140114
289.777058 -119.649559
289.777154 -120.281769
289.777250 -122.186363
289.777346 -123.727676
289.777442 -126.417038
289.777538 -126.372200
289.777635 -121.913094
289.777731 -121.888863
289.777827 -124.737251
289.777923 -131.726303
289.778019 -120.807846
289.778115 -119.979332
289.778212 -119.872421
289.778308 -118.471153
289.778404 -115.564072
289.778500 -113.898293
289.778596 -113.898079
289.778692 -115.634689
289.778788 -121.489868
289.778885 -123.181503
289.778981 -119.611526
289.779077 -119.709892
289.779173 -123.943298
289.779269 -122.052170
289.779365 -122.395035
289.779462 -123.084808
289.779558 -122.988960
289.779654 -119.024818
289.779750 -115.767418
289.779846 -115.701416
289.779942 -117.652000
289.780038 -125.627258
289.780135 -132.113541
289.780231 -140.970657
289.780327 -140.041931
289.780423 -126.832863
289.780519 -125.850685
289.780615 -122.068413
289.780712 -120.759712
289.780808 -121.104530
289.780904 -120.284325
289.781000 -121.027733
289.781096 -125.544205
289.781192 -118.649353
289.781288 -118.491760
289.781385 -120.302147
289.781481 -120.340019
289.781577 -122.029236
289.781673 -127.916779
289.781769 -122.009422
289.781865 -118.021271
289.781962 -116.505028
289.782058 -116.505913
289.782154 -118.454163
289.782250 -123.246918
289.782346 -120.911674
289.782442 -120.629128
289.782538 -121.960167
289.782635 -120.181145
289.782731 -120.102737
289.782827 -122.618088
289.782923 -134.249222
289.783019 -122.926453
289.783115 -118.885704
289.783212 -118.825584
289.783308 -121.882019
289.783404 -127.344994
289.783500 -127.374771
289.783596 -128.738876
289.783692 -126.961723
289.783788 -125.295189
289.783885 -126.246231
289.783981 -138.707901
289.784077 -134.765442
289.784173 -123.172264
289.784269 -122.577744
289.784365 -119.543388
289.784462 -117.486977
289.784558 -117.679810
289.784654 -122.505432
289.784750 -122.342773
289.784846 -122.358398
289.784942 -121.047615
289.785038 -120.596367
289.785135 -121.210999
289.785231 -124.866196
289.785327 -121.426651
289.785423 -120.795364
289.785519 -121.690575
289.785615 -127.364159
289.785712 -125.028839
289.785808 -123.443939
289.785904 -123.756943
289.786000 -120.625458
289.786096 -118.537170
289.786192 -118.751274
289.786288 -119.563812
289.786385 -117.542282
289.786481 -117.561775
289.786577 -122.290031
289.786673 -121.103241
289.786769 -121.422798
289.786865 -122.693542
289.786962 -123.110191
289.787058 -125.910316
289.787154 -127.016159
289.787250 -130.410553
289.787346 -128.686203
289.787442 -128.538300
289.787538 -127.964050
289.787635 -121.500458
289.787731 -121.201851
289.787827 -121.437531
289.787923 -121.718384
289.788019 -118.660385
289.788115 -118.436592
289.788212 -119.399338
289.788308 -124.368378
289.788404 -118.844559
289.788500 -118.775215
289.788596 -121.366806
289.788692 -126.814240
289.788788 -125.585350
289.788885 -125.217667
289.788981 -126.350906
289.789077 -129.270691
289.789173 -128.558212
289.789269 -128.662720
289.789365 -130.282486
289.789462 -128.177582
289.789558 -120.680206
289.789654 -120.439384
289.789750 -123.467262
289.789846 -120.651009
289.789942 -119.505409
289.790038 -118.366356
289.790135 -118.365479
289.790231 -120.050323
289.790327 -123.269371
289.790423 -121.990234
289.790519 -122.052361
289.790615 -125.679039
289.790712 -125.464035
289.790808 -127.147858
289.790904 -134.260376
289.791000 -130.933105
289.791096 -127.104034
289.791192 -127.102295
289.791288 -125.955261
289.791385 -120.039642
289.791481 -118.995071
289.791577 -119.946770
289.791673 -123.117310
289.791769 -123.087029
289.791865 -124.942009
289.791962 -126.296959
289.792058 -127.606926
289.792154 -123.807053
289.792250 -120.577034
289.792346 -118.510139
289.792442 -118.483704
289.792538 -120.436554
289.792635 -124.136322
289.792731 -130.434433
289.792827 -121.950493
289.792923 -120.284309
289.793019 -119.788567
289.793115 -120.432098
289.793212 -127.210136
289.793308 -132.574066
289.793404 -132.023758
289.793500 -131.505554
289.793596 -128.465958
289.793692 -126.388725
289.793788 -125.974564
289.793885 -127.394653
289.793981 -122.232574
289.794077 -122.468170
289.794173 -118.684258
289.794269 -118.307617
289.794365 -119.101379
289.794462 -122.766685
289.794558 -123.507858
289.794654 -117.675980
289.794750 -116.755638
289.794846 -118.200790
289.794942 -128.642258
289.795038 -129.513077
289.795135 -132.349457
289.795231 -129.249084
289.795327 -126.766045
289.795423 -124.158295
289.795519 -118.267143
289.795615 -117.293755
289.795712 -117.569595
289.795808 -123.201614
289.795904 -121.484909
289.796000 -121.610306
289.796096 -122.552757
289.796192 -122.668930
289.796288 -120.479439
289.796385 -119.055061
289.796481 -119.038689
289.796577 -120.124519
289.796673 -122.270309
289.796769 -124.804169
289.796865 -126.117256
289.796962 -126.123398
289.797058 -121.908096
289.797154 -119.493080
289.797250 -119.539246
289.797346 -123.382309
289.797442 -124.648636
289.797538 -124.623909
289.797635 -127.106232
289.797731 -130.759750
289.797827 -124.963463
289.797923 -124.312347
289.798019 -125.857521
289.798115 -121.000359
289.798212 -120.911026
289.798308 -122.887886
289.798404 -122.283493
289.798500 -122.300392
289.798596 -125.576385
289.798692 -126.188934
289.798788 -133.240341
289.798885 -133.351120
289.798981 -132.446594
289.799077 -128.019028
289.799173 -122.435287
289.799269 -122.059807
289.799365 -122.906448
289.799462 -124.904747
289.799558 -126.981720
289.799654 -125.690628
289.799750 -126.537178
289.799846 -125.554222
289.799942 -125.567581
289.800038 -121.603607
289.800135 -119.868988
289.800231 -120.065437
289.800327 -120.899445
289.800423 -120.974228
289.800519 -122.695930
289.800615 -122.051758
289.800712 -119.913757
289.800808 -119.977089
289.800904 -121.575119
289.801000 -126.402626
289.801096 -122.717308
289.801192 -121.234863
289.801288 -115.884483
289.801385 -115.141098
289.801481 -115.550507
289.801577 -118.834198
289.801673 -122.163048
289.801769 -122.209923
289.801865 -124.606728
289.801962 -120.967789
289.802058 -121.141403
289.802154 -121.936012
289.802250 -119.804115
289.802346 -119.875900
289.802442 -122.277664
289.802538 -121.490570
289.802635 -122.460297
289.802731 -127.501350
289.802827 -133.106567
289.802923 -123.868454
289.803019 -123.365639
289.803115 -124.901215
289.803212 -127.778450
289.803308 -126.471664
289.803404 -124.376732
289.803500 -123.257881
289.803596 -123.664078
289.803692 -129.527832
289.803788 -129.006332
289.803885 -130.211639
289.803981 -130.229401
289.804077 -134.041306
289.804173 -133.754349
289.804269 -130.632523
289.804365 -126.004219
289.804462 -124.289200
289.804558 -121.793335
289.804654 -121.414696
289.804750 -121.890091
289.804846 -128.874374
289.804942 -130.543640
289.805038 -126.110977
289.805135 -120.035416
289.805231 -119.967453
289.805327 -123.917618
289.805423 -121.744049
289.805519 -119.913437
289.805615 -119.271149
289.805712 -119.522705
289.805808 -121.066681
289.805904 -123.724525
289.806000 -122.507286
289.806096 -122.646584
289.806192 -127.553459
289.806288 -125.309967
289.806385 -123.839951
289.806481 -122.395714
289.806577 -124.385674
289.806673 -125.146843
289.806769 -119.868942
289.806865 -119.215660
289.806962 -120.482422
289.807058 -129.415024
289.807154 -132.622787
289.807250 -135.095734
289.807346 -130.698944
289.807442 -125.597038
289.807538 -125.792061
289.807635 -125.952705
289.807731 -122.635956
289.807827 -122.855385
289.807923 -123.660355
289.808019 -122.200554
289.808115 -122.383286
289.808212 -124.429581
289.808308 -127.128456
289.808404 -123.233910
289.808500 -123.153717
289.808596 -125.488953
289.808692 -126.680084
289.808788 -126.193741
289.808885 -122.712242
289.808981 -122.533089
289.809077 -125.260658
289.809173 -129.187149
289.809269 -124.939911
289.809365 -123.390579
289.809462 -125.427376
289.809558 -124.292877
289.809654 -123.856209
289.809750 -121.738663
289.809846 -121.742271
289.809942 -121.118225
289.810038 -118.810219
289.810135 -118.956200
289.810231 -122.338333
289.810327 -120.175926
289.810423 -118.716072
289.810519 -119.745399
289.810615 -126.138901
289.810712 -122.494576
289.810808 -120.177132
289.810904 -120.721046
289.811000 -126.036392
289.811096 -123.579277
289.811192 -122.401886
289.811288 -122.436783
289.811385 -122.956802
289.811481 -121.596046
289.811577 -121.430229
289.811673 -122.005836
289.811769 -124.187019
289.811865 -125.960854
289.811962 -119.167549
289.812058 -119.045761
289.812154 -119.997787
289.812250 -120.556664
289.812346 -122.531372
289.812442 -127.016792
289.812538 -121.246414
289.812635 -120.759445
289.812731 -120.272171
289.812827 -117.934883
289.812923 -117.872650
289.813019 -119.154655
289.813115 -120.773499
289.813212 -120.890755
289.813308 -123.154152
289.813404 -129.915833
289.813500 -126.407646
289.813596 -121.660469
289.813692 -121.126099
289.813788 -122.308319
289.813885 -122.743156
289.813981 -122.001526
289.814077 -122.180679
289.814173 -123.946701
289.814269 -122.110718
289.814365 -121.975800
289.814462 -120.459923
289.814558 -118.612541
289.814654 -118.989120
289.814750 -124.318733
289.814846 -123.865578
289.814942 -126.520386
289.815038 -129.362778
289.815135 -129.864532
289.815231 -128.896271
289.815327 -122.111404
289.815423 -122.070236
289.815519 -121.199387
289.815615 -120.699203
289.815712 -120.692154
289.815808 -120.782288
289.815904 -122.860718
289.816000 -123.742500
289.816096 -132.230896
289.816192 -126.193924
289.816288 -120.894730
289.816385 -120.487038
289.816481 -121.725677
289.816577 -128.773804
289.816673 -124.554764
289.816769 -120.220207
289.816865 -119.958336
289.816962 -121.304466
289.817058 -120.958839
289.817154 -119.697098
289.817250 -118.021706
289.817346 -117.784363
289.817442 -118.696289
289.817538 -125.052544
289.817635 -124.888321
289.817731 -127.873451
289.817827 -123.648972
289.817923 -120.211708
289.818019 -120.040672
289.818115 -121.083923
289.818212 -124.318062
289.818308 -122.246780
289.818404 -121.858002
289.818500 -122.159721
289.818596 -124.271904
289.818692 -121.571281
289.818788 -121.844727
289.818885 -123.145241
289.818981 -123.498856
289.819077 -125.166229
289.819173 -127.218185
289.819269 -127.142563
289.819365 -132.585938
289.819462 -126.689980
289.819558 -120.778183
289.819654 -116.365364
289.819750 -115.530159
289.819846 -115.842880
289.819942 -119.632462
289.820038 -127.394234
289.820135 -133.128281
289.820231 -126.565811
289.820327 -125.900917
289.820423 -122.907860
289.820519 -120.761116
289.820615 -121.590294
289.820712 -131.448486
289.820808 -126.569199
289.820904 -124.008606
289.821000 -124.008064
289.821096 -125.494545
289.821192 -125.000191
289.821288 -125.958595
289.821385 -124.437660
289.821481 -125.471634
289.821577 -131.477814
289.821673 -127.539284
289.821769 -124.872139
289.821865 -124.363136
289.821962 -123.880058
289.822058 -124.069122
289.822154 -126.763268
289.822250 -124.754356
289.822346 -119.778732
289.822442 -118.959473
289.822538 -120.171310
289.822635 -127.266418
289.822731 -123.251778
289.822827 -121.492371
289.822923 -121.533867
289.823019 -123.408356
289.823115 -122.453094
289.823212 -119.289680
289.823308 -119.248222
289.823404 -121.881683
289.823500 -126.704330
289.823596 -131.511429
289.823692 -129.690872
289.823788 -129.828903
289.823885 -130.035492
289.823981 -127.039825
289.824077 -124.344200
289.824173 -122.804001
289.824269 -123.122307
289.824365 -126.486534
289.824462 -120.027168
289.824558 -117.883362
289.824654 -117.863457
289.824750 -118.885246
289.824846 -123.473450
289.824942 -124.495964
289.825038 -124.310455
289.825135 -126.165215
289.825231 -133.233047
289.825327 -133.642639
289.825423 -148.324554
289.825519 -134.086914
289.825615 -126.049797
289.825712 -123.441681
289.825808 -123.817245
289.825904 -127.599434
289.826000 -127.545517
289.826096 -130.588913
289.826192 -128.704086
289.826288 -123.812004
289.826385 -123.811852
289.826481 -122.231071
289.826577 -120.007240
289.826673 -119.204002
289.826769 -119.239090
289.826865 -120.099373
289.826962 -119.628311
289.827058 -118.560417
289.827154 -118.728531
289.827250 -122.712929
289.827346 -125.397934
289.827442 -126.907089
289.827538 -128.215820
289.827635 -123.714256
289.827731 -121.681488
289.827827 -121.681473
289.827923 -122.724571
289.828019 -122.503677
289.828115 -124.569687
289.828212 -125.583870
289.828308 -125.025520
289.828404 -121.337212
289.828500 -119.740250
289.828596 -119.619728
289.828692 -120.330429
289.828788 -121.934143
289.828885 -120.371895
289.828981 -120.066505
289.829077 -120.796288
289.829173 -124.571671
289.829269 -124.725235
289.829365 -124.622078
289.829462 -126.480812
289.829558 -126.242111
289.829654 -126.245155
289.829750 -125.039047
289.829846 -120.395454
289.829942 -119.868187
289.830038 -119.981110
289.830135 -121.582085
289.830231 -126.799599
289.830327 -127.026978
289.830423 -121.521141
289.830519 -120.661087
289.830615 -122.844139
289.830712 -121.168602
289.830808 -121.297668
289.830904 -123.000099
289.831000 -120.725571
289.831096 -118.625999
289.831192 -116.814056
289.831288 -116.511696
289.831385 -117.132446
289.831481 -122.464531
289.831577 -133.333008
289.831673 -126.994034
289.831769 -125.928963
289.831865 -117.857430
289.831962 -116.966759
289.832058 -117.633141
289.832154 -121.986900
289.832250 -122.354935
289.832346 -122.469872
289.832442 -123.083908
289.832538 -121.726257
289.832635 -122.657852
289.832731 -120.709259
289.832827 -119.778572
289.832923 -120.798317
289.833019 -126.037872
289.833115 -124.935181
289.833212 -125.331062
289.833308 -124.562263
289.833404 -124.183563
289.833500 -123.085030
289.833596 -120.802689
289.833692 -119.728600
289.833788 -119.974945
289.833885 -125.615837
289.833981 -122.893997
289.834077 -122.902229
289.834173 -121.869789
289.834269 -119.382317
289.834365 -119.407135
289.834462 -122.439484
289.834558 -123.780235
289.834654 -124.671669
289.834750 -127.560051
289.834846 -129.650009
289.834942 -123.216331
289.835038 -122.287369
289.835135 -123.972481
289.835231 -121.348267
289.835327 -121.331360
289.835423 -123.276222
289.835519 -125.755722
289.835615 -123.465553
289.835712 -123.582741
289.835808 -121.953773
289.835904 -120.704163
289.836000 -117.569115
289.836096 -116.793968
289.836192 -117.328453
289.836288 -121.023743
289.836385 -128.351898
289.836481 -122.680367
289.836577 -116.939682
289.836673 -116.671104
289.836769 -117.903450
289.836865 -121.903717
289.836962 -124.957901
289.837058 -122.278870
289.837154 -121.664482
289.837250 -122.583206
289.837346 -123.090836
289.837442 -123.109947
289.837538 -128.754974
289.837635 -123.972565
289.837731 -124.227173
289.837827 -131.140930
289.837923 -127.398033
289.838019 -125.252144
289.838115 -125.390892
289.838212 -127.889038
289.838308 -121.574493
289.838404 -119.596146
289.838500 -119.657349
289.838596 -125.917725
289.838692 -122.916595
289.838788 -122.987473
289.838885 -121.871101
289.838981 -123.824615
289.839077 -119.032539
289.839173 -118.644119
289.839269 -119.270088
289.839365 -121.389709
289.839462 -125.025215
289.839558 -121.119087
289.839654 -121.032593
289.839750 -125.999474
289.839846 -129.861771
289.839942 -130.070663
289.840038 -128.262589
289.840135 -128.310211
289.840231 -121.971687
289.840327 -120.861771
289.840423 -121.654640
289.840519 -123.953178
289.840615 -130.738113
289.840712 -124.807014
289.840808 -123.853065
289.840904 -124.234955
289.841000 -127.040474
289.841096 -125.631859
289.841192 -124.120827
289.841288 -122.650391
289.841385 -122.658752
289.841481 -126.076340
289.841577 -125.023781
289.841673 -124.927452
289.841769 -127.997192
289.841865 -126.631599
289.841962 -123.348351
289.842058 -123.445023
289.842154 -123.407776
289.842250 -120.694031
289.842346 -120.845078
289.842442 -126.279144
289.842538 -124.588882
289.842635 -124.536156
289.842731 -124.075714
289.842827 -121.164467
289.842923 -121.333374
289.843019 -123.274208
289.843115 -125.200035
289.843212 -125.252533
289.843308 -122.685730
289.843404 -122.881836
289.843500 -127.779633
289.843596 -131.460983
289.843692 -122.079727
289.843788 -118.453911
289.843885 -118.409698
289.843981 -120.713326
289.844077 -129.551834
289.844173 -133.684631
289.844269 -128.617538
289.844365 -123.446762
289.844462 -121.481102
289.844558 -121.601814
289.844654 -126.697533
289.844750 -126.855240
289.844846 -121.957520
289.844942 -119.794334
289.845038 -119.784492
289.845135 -120.900917
289.845231 -123.104988
289.845327 -122.701675
289.845423 -122.941620
289.845519 -123.932999
289.845615 -124.173447
289.845712 -124.208710
289.845808 -127.393150
289.845904 -123.002747
289.846000 -119.594460
289.846096 -119.275032
289.846192 -119.962318
289.846288 -120.218903
289.846385 -120.395554
289.846481 -122.129364
289.846577 -124.123627
289.846673 -126.067726
289.846769 -126.254860
289.846865 -129.632141
289.846962 -129.533310
289.847058 -123.001038
289.847154 -120.700005
289.847250 -120.742500
289.847346 -119.268600
289.847442 -119.431824
289.847538 -123.976883
289.847635 -123.965363
289.847731 -124.005508
289.847827 -122.383583
289.847923 -122.427689
289.848019 -122.969337
289.848115 -122.621033
289.848212 -123.695572
289.848308 -126.194427
289.848404 -126.045212
289.848500 -127.916885
289.848596 -129.373459
289.848692 -129.686234
289.848788 -125.818710
289.848885 -124.479057
289.848981 -124.649132
289.849077 -120.262665
289.849173 -118.985985
289.849269 -119.159599
289.849365 -124.219093
289.849462 -128.131073
289.849558 -120.385284
289.849654 -119.740181
289.849750 -121.040611
289.849846 -128.633270
289.849942 -128.584183
289.850038 -128.595764
289.850135 -124.285057
289.850231 -123.622498
289.850327 -124.673485
289.850423 -126.072281
289.850519 -123.752289
289.850615 -123.110901
289.850712 -123.194984
289.850808 -124.168518
289.850904 -124.233795
289.851000 -127.779953
289.851096 -129.408401
289.851192 -128.959656
289.851288 -126.348633
289.851385 -125.384880
289.851481 -126.562752
289.851577 -127.671844
289.851673 -124.367874
289.851769 -122.105461
289.851865 -122.105293
289.851962 -124.563560
289.852058 -124.978348
289.852154 -125.209282
289.852250 -132.994003
289.852346 -124.815781
289.852442 -124.379715
289.852538 -127.250267
289.852635 -119.845528
289.852731 -118.306503
289.852827 -118.326546
289.852923 -121.056999
289.853019 -119.612144
289.853115 -119.007996
289.853212 -120.035110
289.853308 -121.654556
289.853404 -121.664894
289.853500 -127.580681
289.853596 -122.594818
289.853692 -122.593880
289.853788 -127.650909
289.853885 -120.185394
289.853981 -120.008049
289.854077 -121.708710
289.854173 -123.714195
289.854269 -122.424820
289.854365 -122.374252
289.854462 -122.405708
289.854558 -125.524651
289.854654 -131.281326
289.854750 -123.629501
289.854846 -121.869507
289.854942 -122.292343
289.855038 -124.566780
289.855135 -123.051224
289.855231 -123.410164
289.855327 -125.159714
289.855423 -124.316292
289.855519 -124.553352
289.855615 -127.491501
289.855712 -131.631897
289.855808 -129.141830
289.855904 -123.231415
289.856000 -120.500465
289.856096 -120.665710
289.856192 -125.057182
289.856288 -126.932114
289.856385 -122.554726
289.856481 -121.522758
289.856577 -121.240417
289.856673 -121.562836
289.856769 -131.446609
289.856865 -132.367081
289.856962 -122.554558
289.857058 -122.203064
289.857154 -124.148773
289.857250 -124.145248
289.857346 -127.553352
289.857442 -127.334534
289.857538 -130.982635
289.857635 -128.186600
289.857731 -123.330727
289.857827 -121.685699
289.857923 -121.822327
289.858019 -127.434265
289.858115 -126.035522
289.858212 -122.298279
289.858308 -122.299522
289.858404 -124.870003
289.858500 -128.017380
289.858596 -125.230667
289.858692 -122.953560
289.858788 -121.760628
289.858885 -121.503494
289.858981 -121.943275
289.859077 -123.158325
289.859173 -123.160912
289.859269 -119.011108
289.859365 -118.871017
289.859462 -121.320755
289.859558 -128.691833
289.859654 -123.739517
289.859750 -123.144623
289.859846 -123.489693
289.859942 -124.028816
289.860038 -123.036385
289.860135 -123.013229
289.860231 -123.846230
289.860327 -127.204086
289.860423 -134.028046
289.860519 -128.984985
289.860615 -127.738380
289.860712 -121.831047
289.860808 -120.580635
289.860904 -120.818718
289.861000 -123.752510
289.861096 -124.085335
289.861192 -125.575096
289.861288 -126.560883
289.861385 -125.864700
289.861481 -129.361496
289.861577 -124.110390
289.861673 -124.159668
289.861769 -123.980156
289.861865 -121.368942
289.861962 -122.345139
289.862058 -126.055595
289.862154 -126.092033
289.862250 -133.040604
289.862346 -127.496628
289.862442 -124.667870
289.862538 -122.525314
289.862635 -122.430046
289.862731 -123.713890
289.862827 -120.005783
289.862923 -119.163147
289.863019 -119.799644
289.863115 -124.014053
289.863212 -124.715240
289.863308 -123.937653
289.863404 -124.470139
289.863500 -125.960815
289.863596 -125.556778
289.863692 -126.678391
289.863788 -121.693176
289.863885 -117.860580
289.863981 -117.810387
289.864077 -121.437706
289.864173 -124.673042
289.864269 -124.937950
289.864365 -125.084961
289.864462 -128.336731
289.864558 -127.283745
289.864654 -127.237686
289.864750 -129.012512
289.864846 -130.153351
289.864942 -130.265289
289.865038 -124.903412
289.865135 -120.273163
289.865231 -119.105118
289.865327 -119.345192
289.865423 -124.933350
289.865519 -121.669617
289.865615 -121.229332
289.865712 -121.301529
289.865808 -118.793571
289.865904 -118.757919
289.866000 -121.545303
289.866096 -117.397690
289.866192 -117.232658
289.866288 -119.146599
289.866385 -122.070808
289.866481 -122.023247
289.866577 -125.065376
289.866673 -122.244499
289.866769 -121.991638
289.866865 -122.638405
289.866962 -132.595184
289.867058 -129.019409
289.867154 -121.963974
289.867250 -121.387062
289.867346 -119.729591
289.867442 -119.287834
289.867538 -120.029716
289.867635 -123.812157
289.867731 -125.988037
289.867827 -129.187805
289.867923 -131.006317
289.868019 -131.097870
289.868115 -134.411392
289.868212 -130.906448
289.868308 -131.418030
289.868404 -128.263397
289.868500 -128.243362
289.868596 -122.387840
289.868692 -121.885361
289.868788 -124.657608
289.868885 -124.745720
289.868981 -125.032791
289.869077 -130.177261
289.869173 -129.574066
289.869269 -129.596176
289.869365 -122.048981
289.869462 -121.186180
289.869558 -122.413673
289.869654 -126.142036
289.869750 -122.841171
289.869846 -121.973976
289.869942 -121.890800
289.870038 -123.650185
289.870135 -128.330963
289.870231 -128.517578
289.870327 -125.015846
289.870423 -121.943756
289.870519 -122.123894
289.870615 -125.653351
289.870712 -128.805786
289.870808 -127.873055
289.870904 -126.634178
289.871000 -127.761818
289.871096 -131.527130
289.871192 -137.001266
289.871288 -128.483109
289.871385 -125.378456
289.871481 -118.635178
289.871577 -118.595322
289.871673 -122.425865
289.871769 -120.437195
289.871865 -120.443375
289.871962 -123.031754
289.872058 -129.531387
289.872154 -136.663177
289.872250 -127.108261
289.872346 -125.604057
289.872442 -123.035988
289.872538 -123.035904
289.872635 -128.004471
289.872731 -127.613655
289.872827 -123.847298
289.872923 -123.148262
289.873019 -123.321747
289.873115 -127.100571
289.873212 -121.179657
289.873308 -118.873878
289.873404 -118.930153
289.873500 -125.070976
289.873596 -130.625076
289.873692 -126.604156
289.873788 -124.318527
289.873885 -123.992401
289.873981 -125.375771
289.874077 -135.294342
289.874173 -129.923355
289.874269 -128.961426
289.874365 -128.497452
289.874462 -129.208771
289.874558 -131.089600
289.874654 -124.503197
289.874750 -123.267052
289.874846 -123.693634
289.874942 -126.557625
289.875038 -125.159355
289.875135 -125.149902
289.875231 -126.188393
289.875327 -121.963753
289.875423 -121.700516
289.875519 -122.422028
289.875615 -126.322617
289.875712 -130.515305
289.875808 -127.902466
289.875904 -128.592346
289.876000 -130.017151
289.876096 -130.023666
289.876192 -133.808212
289.876288 -122.888809
289.876385 -119.268959
289.876481 -119.261543
289.876577 -121.260475
289.876673 -122.967377
289.876769 -125.094261
289.876865 -124.654480
289.876962 -123.615929
289.877058 -123.593201
289.877154 -124.076653
289.877250 -122.810760
289.877346 -121.655014
289.877442 -121.726868
289.877538 -124.777634
289.877635 -124.508820
289.877731 -122.625435
289.877827 -122.619476
289.877923 -124.833527
289.878019 -127.810638
289.878115 -122.678680
289.878212 -118.058693
289.878308 -118.059341
289.878404 -121.034698
289.878500 -133.069504
289.878596 -135.089005
289.878692 -126.227127
289.878788 -120.728172
289.878885 -120.715721
289.878981 -124.234489
289.879077 -132.271912
289.879173 -133.857727
289.879269 -125.270340
289.879365 -122.311523
289.879462 -121.089920
289.879558 -119.205322
289.879654 -119.096680
289.879750 -119.463676
289.879846 -119.412231
289.879942 -120.845978
289.880038 -122.223900
289.880135 -122.065437
289.880231 -122.584160
289.880327 -126.095551
289.880423 -126.907097
289.880519 -126.553391
289.880615 -126.712006
289.880712 -127.080681
289.880808 -127.043037
289.880904 -131.072845
289.881000 -127.523323
289.881096 -125.371399
289.881192 -126.451660
289.881288 -125.133896
289.881385 -126.443527
289.881481 -121.205391
289.881577 -120.764656
289.881673 -122.456451
289.881769 -126.775810
289.881865 -126.727127
289.881962 -124.954109
289.882058 -122.444366
289.882154 -122.277138
289.882250 -123.134193
289.882346 -128.956039
289.882442 -125.476593
289.882538 -124.492134
289.882635 -124.588402
289.882731 -129.226013
289.882827 -125.554092
289.882923 -121.131729
289.883019 -121.201660
289.883115 -123.920334
289.883212 -124.581490
289.883308 -124.655319
289.883404 -128.884827
289.883500 -130.052628
289.883596 -123.217186
289.883692 -118.735855
289.883788 -118.437508
289.883885 -119.965881
289.883981 -126.040840
289.884077 -127.382790
289.884173 -126.510063
289.884269 -127.805077
289.884365 -127.565376
289.884462 -127.360207
289.884558 -130.105881
289.884654 -133.339905
289.884750 -129.758514
289.884846 -129.753464
289.884942 -132.131821
289.885038 -131.056137
289.885135 -127.000854
289.885231 -126.985413
289.885327 -126.148270
289.885423 -126.004524
289.885519 -126.318237
289.885615 -124.887474
289.885712 -121.694412
289.885808 -120.792770
289.885904 -120.581131
289.886000 -122.094933
289.886096 -121.802696
289.886192 -123.965958
289.886288 -128.971313
289.886385 -127.834496
289.886481 -123.050446
289.886577 -117.938454
289.886673 -117.157753
289.886769 -117.347992
289.886865 -121.092850
289.886962 -131.538101
289.887058 -131.551956
289.887154 -129.977325
289.887250 -128.833496
289.887346 -129.598740
289.887442 -124.285919
289.887538 -124.259346
289.887635 -127.876534
289.887731 -126.313423
289.887827 -122.770454
289.887923 -121.339310
289.888019 -122.444160
289.888115 -130.286453
289.888212 -122.786896
289.888308 -122.138031
289.888404 -123.115158
289.888500 -125.519386
289.888596 -129.324631
289.888692 -126.840172
289.888788 -128.214920
289.888885 -126.294945
289.888981 -124.841545
289.889077 -125.215088
289.889173 -123.353249
289.889269 -123.023888
289.889365 -124.818695
289.889462 -128.823059
289.889558 -127.948074
289.889654 -126.901527
289.889750 -127.896042
289.889846 -126.873032
289.889942 -129.384735
289.890038 -124.829353
289.890135 -122.163177
289.890231 -122.117447
289.890327 -122.455948
289.890423 -124.723030
289.890519 -130.602005
289.890615 -129.649979
289.890712 -129.855927
289.890808 -132.481537
289.890904 -123.859825
289.891000 -122.328400
289.891096 -122.681740
289.891192 -125.633759
289.891288 -127.735344
289.891385 -125.837364
289.891481 -124.570740
289.891577 -124.777168
289.891673 -131.917755
289.891769 -128.472321
289.891865 -127.813950
289.891962 -126.111023
289.892058 -121.702477
289.892154 -121.599190
289.892250 -123.611397
289.892346 -125.917839
289.892442 -125.853371
289.892538 -124.114334
289.892635 -123.865639
289.892731 -125.418175
289.892827 -128.946533
289.892923 -124.833260
289.893019 -125.747314
289.893115 -127.168152
289.893212 -127.068687
289.893308 -129.324661
289.893404 -134.341721
289.893500 -129.088455
289.893596 -129.068787
289.893692 -127.276802
289.893788 -125.886147
289.893885 -126.671135
289.893981 -127.569633
289.894077 -127.231339
289.894173 -127.820076
289.894269 -126.430870
289.894365 -125.768761
289.894462 -125.257469
289.894558 -125.300232
289.894654 -125.558250
289.894750 -123.328545
289.894846 -121.404663
289.894942 -121.559990
289.895038 -125.402046
289.895135 -123.450539
289.895231 -123.449768
289.895327 -125.746155
289.895423 -119.745125
289.895519 -117.245941
289.895615 -117.133369
289.895712 -117.756027
289.895808 -123.973869
289.895904 -133.300323
289.896000 -132.933929
289.896096 -128.042725
289.896192 -128.011490
289.896288 -127.527992
289.896385 -127.608147
289.896481 -124.296463
289.896577 -123.054573
289.896673 -124.392754
289.896769 -132.763824
289.896865 -133.042053
289.896962 -130.744843
289.897058 -131.760803
289.897154 -122.448624
289.897250 -121.647446
289.897346 -123.306152
289.897442 -128.142853
289.897538 -123.673889
289.897635 -123.636406
289.897731 -125.378983
289.897827 -122.730797
289.897923 -122.857193
289.898019 -127.712616
289.898115 -129.228683
289.898212 -130.609283
289.898308 -127.442543
289.898404 -127.399933
289.898500 -126.211838
289.898596 -121.700676
289.898692 -121.046516
289.898788 -121.585052
289.898885 -127.290794
289.898981 -131.253708
289.899077 -127.258209
289.899173 -127.229866
289.899269 -129.742020
289.899365 -125.790825
289.899462 -125.449753
289.899558 -126.333885
289.899654 -126.306000
289.899750 -125.011757
289.899846 -126.942513
289.899942 -130.498047
289.900038 -126.225853
289.900135 -125.541962
289.900231 -125.266258
289.900327 -122.933311
289.900423 -122.792137
289.900519 -123.990234
289.900615 -123.715820
289.900712 -124.369110
289.900808 -125.230553
289.900904 -126.367264
289.901000 -129.184799
289.901096 -127.113342
289.901192 -124.589729
289.901288 -121.834801
289.901385 -121.831757
289.901481 -125.206276
289.901577 -126.794884
289.901673 -127.978531
289.901769 -122.356445
289.901865 -121.366013
289.901962 -122.046394
289.902058 -127.709908
289.902154 -128.868683
289.902250 -125.556580
289.902346 -124.709602
289.902442 -124.854240
289.902538 -131.264893
289.902635 -127.383148
289.902731 -123.386749
289.902827 -123.328804
289.902923 -126.210464
289.903019 -124.077339
289.903115 -121.617256
289.903212 -121.590645
289.903308 -125.623383
289.903404 -126.509682
289.903500 -118.151985
289.903596 -115.785667
289.903692 -115.814842
289.903788 -119.369911
289.903885 -126.414047
289.903981 -129.762039
289.904077 -129.205780
289.904173 -128.620239
289.904269 -124.846642
289.904365 -124.504410
289.904462 -126.763268
289.904558 -128.205780
289.904654 -128.829544
289.904750 -132.865204
289.904846 -132.209396
289.904942 -132.543442
289.905038 -125.805824
289.905135 -124.922729
289.905231 -126.226715
289.905327 -128.363724
289.905423 -122.186905
289.905519 -119.981834
289.905615 -117.921524
289.905712 -116.649796
289.905808 -116.711502
289.905904 -120.330772
289.906000 -127.789040
289.906096 -127.687737
289.906192 -132.832825
289.906288 -133.075104
289.906385 -121.054642
289.906481 -119.939354
289.906577 -120.706863
289.906673 -125.186790
289.906769 -124.778442
289.906865 -123.295654
289.906962 -121.794655
289.907058 -119.464714
289.907154 -119.513199
289.907250 -121.344986
289.907346 -120.832008
289.907442 -123.960030
289.907538 -123.788773
289.907635 -123.791298
289.907731 -125.957481
289.907827 -130.684570
289.907923 -126.995461
289.908019 -121.662476
289.908115 -121.507813
289.908212 -123.445854
289.908308 -123.624901
289.908404 -122.955597
289.908500 -123.834549
289.908596 -129.453293
289.908692 -124.547173
289.908788 -124.353256
289.908885 -124.919746
289.908981 -127.342468
289.909077 -125.097557
289.909173 -122.061600
289.909269 -121.147011
289.909365 -121.534798
289.909462 -125.000954
289.909558 -122.554115
289.909654 -121.522888
289.909750 -122.629051
289.909846 -131.413956
289.909942 -125.039810
289.910038 -123.995148
289.910135 -124.075294
289.910231 -126.839752
289.910327 -121.664986
289.910423 -121.052834
289.910519 -122.153023
289.910615 -126.661644
289.910712 -123.422493
289.910808 -120.276260
289.910904 -120.275696
289.911000 -122.327576
289.911096 -124.427338
289.911192 -124.828934
289.911288 -123.743538
289.911385 -120.130074
289.911481 -120.129745
289.911577 -123.321259
289.911673 -129.763260
289.911769 -129.553192
289.911865 -136.414261
289.911962 -127.196228
289.912058 -119.149193
289.912154 -118.040421
289.912250 -118.590752
289.912346 -122.509720
289.912442 -125.224754
289.912538 -127.085152
289.912635 -128.909821
289.912731 -129.028656
289.912827 -131.640564
289.912923 -123.939270
289.913019 -121.929710
289.913115 -122.074974
289.913212 -125.940712
289.913308 -125.794266
289.913404 -121.648865
289.913500 -121.238693
289.913596 -122.665283
289.913692 -126.101257
289.913788 -125.793541
289.913885 -123.019600
289.913981 -119.705154
289.914077 -119.790207
289.914173 -126.066101
289.914269 -129.737411
289.914365 -127.662537
289.914462 -124.301208
289.914558 -123.952797
289.914654 -124.474159
289.914750 -128.543091
289.914846 -129.270996
289.914942 -129.191727
289.915038 -129.606598
289.915135 -125.242409
289.915231 -121.840965
289.915327 -121.836815
289.915423 -127.564285
289.915519 -122.132668
289.915615 -121.880356
289.915712 -122.288017
289.915808 -124.179535
289.915904 -126.038338
289.916000 -129.732224
289.916096 -122.681076
289.916192 -120.731590
289.916288 -120.984879
289.916385 -124.170479
289.916481 -132.621597
289.916577 -125.891357
289.916673 -123.974022
289.916769 -125.141579
289.916865 -126.000099
289.916962 -127.096214
289.917058 -127.962265
289.917154 -127.097672
289.917250 -121.125793
289.917346 -119.382843
289.917442 -119.647491
289.917538 -122.522079
289.917635 -122.597557
289.917731 -124.459442
289.917827 -131.261047
289.917923 -125.501785
289.918019 -124.447357
289.918115 -126.695038
289.918212 -121.091385
289.918308 -120.141464
289.918404 -120.876488
289.918500 -126.228302
289.918596 -125.717468
289.918692 -125.912010
289.918788 -127.105568
289.918885 -127.154129
289.918981 -127.144737
289.919077 -127.594048
289.919173 -120.427917
289.919269 -117.261719
289.919365 -117.286644
289.919462 -120.856949
289.919558 -127.777107
289.919654 -125.881836
289.919750 -125.487740
289.919846 -127.533882
289.919942 -123.437881
289.920038 -120.977768
289.920135 -119.816505
289.920231 -119.703629
289.920327 -121.782616
289.920423 -129.340759
289.920519 -124.522850
289.920615 -123.898132
289.920712 -125.272781
289.920808 -127.049812
289.920904 -124.963661
289.921000 -124.082390
289.921096 -125.387886
289.921192 -130.464584
289.921288 -125.732155
289.921385 -124.903496
289.921481 -127.528542
289.921577 -137.358978
289.921673 -134.143631
289.921769 -131.960175
289.921865 -131.426453
289.921962 -133.960403
289.922058 -127.126610
289.922154 -126.984131
289.922250 -130.536499
289.922346 -135.597046
289.922442 -132.804657
289.922538 -126.573685
289.922635 -126.655815
289.922731 -124.513206
289.922827 -124.611404
289.922923 -123.631706
289.923019 -123.758095
289.923115 -122.894547
289.923212 -118.998001
289.923308 -119.005737
289.923404 -124.945221
289.923500 -131.311447
289.923596 -128.864685
289.923692 -125.092308
289.923788 -125.097229
289.923885 -126.576225
289.923981 -123.930672
289.924077 -123.926956
289.924173 -127.810257
289.924269 -126.004547
289.924365 -125.660782
289.924462 -126.843513
289.924558 -125.352470
289.924654 -119.450058
289.924750 -119.123726
289.924846 -120.299683
289.924942 -126.962196
289.925038 -133.334641
289.925135 -132.391479
289.925231 -129.858994
289.925327 -129.865768
289.925423 -128.436966
289.925519 -125.099197
289.925615 -125.099960
289.925712 -129.338791
289.925808 -128.478073
289.925904 -129.034515
289.926000 -128.436584
289.926096 -127.788582
289.926192 -123.596924
289.926288 -123.592613
289.926385 -125.763748
289.926481 -129.457870
289.926577 -128.118011
289.926673 -124.760254
289.926769 -123.972641
289.926865 -125.061012
289.926962 -125.540955
289.927058 -125.135460
289.927154 -127.595543
289.927250 -127.773895
289.927346 -125.357040
289.927442 -124.582893
289.927538 -122.898323
289.927635 -122.599976
289.927731 -124.494957
289.927827 -130.224030
289.927923 -139.194702
289.928019 -133.122314
289.928115 -126.714935
289.928212 -125.605118
289.928308 -125.755768
289.928404 -128.911728
289.928500 -132.762375
289.928596 -126.871483
289.928692 -126.837959
289.928788 -130.387009
289.928885 -122.294930
289.928981 -120.414696
289.929077 -120.496117
289.929173 -124.451561
289.929269 -125.298538
289.929365 -122.449409
289.929462 -122.852989
289.929558 -126.367905
289.929654 -119.014694
289.929750 -117.509827
289.929846 -117.585838
289.929942 -120.618942
289.930038 -130.777588
289.930135 -124.296173
289.930231 -124.120071
289.930327 -126.427528
289.930423 -128.247025
289.930519 -128.362778
289.930615 -129.963547
289.930712 -124.923782
289.930808 -124.923615
289.930904 -128.503952
289.931000 -127.111221
289.931096 -127.111481
289.931192 -131.372650
289.931288 -131.384247
289.931385 -129.567871
289.931481 -123.470169
289.931577 -123.308731
289.931673 -126.907326
289.931769 -126.577057
289.931865 -126.190376
289.931962 -126.263039
289.932058 -128.226471
289.932154 -130.244598
289.932250 -130.429535
289.932346 -125.028267
289.932442 -123.958702
289.932538 -124.537094
289.932635 -125.658997
289.932731 -125.449509
289.932827 -126.323776
289.932923 -127.327866
289.933019 -119.209709
289.933115 -117.066681
289.933212 -117.155006
289.933308 -119.183868
289.933404 -119.096069
289.933500 -120.366524
289.933596 -124.252327
289.933692 -131.583008
289.933788 -124.528557
289.933885 -124.168465
289.933981 -126.473572
289.934077 -128.798767
289.934173 -128.799072
289.934269 -129.028183
289.934365 -130.297638
289.934462 -124.828552
289.934558 -123.514153
289.934654 -122.393005
289.934750 -122.225136
289.934846 -122.961189
289.934942 -131.647171
289.935038 -129.339447
289.935135 -124.468918
289.935231 -124.468826
289.935327 -126.984138
289.935423 -124.809357
289.935519 -124.528969
289.935615 -126.407715
289.935712 -126.038216
289.935808 -123.169861
289.935904 -123.241783
289.936000 -124.220367
289.936096 -123.104332
289.936192 -123.847412
289.936288 -125.591560
289.936385 -128.699860
289.936481 -124.081528
289.936577 -123.613655
289.936673 -125.481453
289.936769 -127.170212
289.936865 -122.062881
289.936962 -121.899864
289.937058 -124.351372
289.937154 -121.365112
289.937250 -121.117165
289.937346 -123.996658
289.937442 -127.323303
289.937538 -127.666603
289.937635 -130.736740
289.937731 -120.671547
289.937827 -118.909805
289.937923 -119.100716
289.938019 -121.193115
289.938115 -123.761780
289.938212 -131.405823
289.938308 -131.500504
289.938404 -137.004822
289.938500 -135.632904
289.938596 -128.153900
289.938692 -121.609688
289.938788 -120.272209
289.938885 -119.768272
289.938981 -119.762466
289.939077 -121.526962
289.939173 -123.471046
289.939269 -123.440483
289.939365 -125.584282
289.939462 -134.249939
289.939558 -125.225395
289.939654 -124.699394
289.939750 -124.450951
289.939846 -120.017097
289.939942 -120.003784
289.940038 -124.592361
289.940135 -125.714050
289.940231 -126.972664
289.940327 -128.594299
289.940423 -128.490387
289.940519 -125.609924
289.940615 -125.581139
289.940712 -129.523697
289.940808 -129.961685
289.940904 -129.834702
289.941000 -127.944344
289.941096 -125.770149
289.941192 -121.852242
289.941288 -119.751953
289.941385 -119.804817
289.941481 -122.720711
289.941577 -124.853310
289.941673 -125.465225
289.941769 -125.543373
289.941865 -128.472717
289.941962 -128.716888
289.942058 -127.566437
289.942154 -123.069267
289.942250 -123.069603
289.942346 -122.270493
289.942442 -121.342522
289.942538 -123.486992
289.942635 -127.702980
289.942731 -127.233910
289.942827 -128.921768
289.942923 -126.293159
289.943019 -126.619102
289.943115 -127.321213
289.943212 -127.296387
289.943308 -132.555969
289.943404 -133.733414
289.943500 -131.196274
289.943596 -131.105591
289.943692 -126.419823
289.943788 -122.209435
289.943885 -122.169556
289.943981 -122.186401
289.944077 -121.993393
289.944173 -123.162346
289.944269 -123.911163
289.944365 -123.557404
289.944462 -124.985588
289.944558 -127.683975
289.944654 -123.886787
289.944750 -123.938736
289.944846 -129.184219
289.944942 -129.791901
289.945038 -125.133308
289.945135 -125.032814
289.945231 -124.349472
289.945327 -124.060577
289.945423 -127.172867
289.945519 -130.540665
289.945615 -129.867874
289.945712 -129.773895
289.945808 -130.546112
289.945904 -129.625931
289.946000 -123.022858
289.946096 -121.882500
289.946192 -121.947166
289.946288 -122.807541
289.946385 -125.289200
289.946481 -127.730667
289.946577 -127.823341
289.946673 -125.480560
289.946769 -125.136261
289.946865 -127.957565
289.946962 -131.229645
289.947058 -129.545898
289.947154 -129.669220
289.947250 -134.688156
289.947346 -126.273453
289.947442 -123.307564
289.947538 -123.071365
289.947635 -124.491928
289.947731 -124.113625
289.947827 -123.827805
289.947923 -126.412674
289.948019 -131.639206
289.948115 -125.417526
289.948212 -125.696518
289.948308 -128.040359
289.948404 -128.609909
289.948500 -125.425659
289.948596 -124.595161
289.948692 -125.037804
289.948788 -128.355453
289.948885 -131.500458
289.948981 -136.928467
289.949077 -131.548431
289.949173 -129.914810
289.949269 -129.684280
289.949365 -121.654190
289.949462 -120.024025
289.949558 -120.904930
289.949654 -133.019531
289.949750 -121.193977
289.949846 -116.244194
289.949942 -115.615623
289.950038 -115.874992
289.950135 -118.753784
289.950231 -125.228775
289.950327 -120.791245
289.950423 -120.512970
289.950519 -119.752609
289.950615 -119.552094
289.950712 -119.871910
289.950808 -122.816849
289.950904 -122.699615
289.951000 -122.521492
289.951096 -122.368279
289.951192 -120.418091
289.951288 -120.302032
289.951385 -120.925934
289.951481 -123.135452
289.951577 -121.655594
289.951673 -119.271393
289.951769 -119.453896
289.951865 -124.379486
289.951962 -133.234879
289.952058 -126.555611
289.952154 -124.680496
289.952250 -125.020638
289.952346 -131.560165
289.952442 -125.069252
289.952538 -123.875725
289.952635 -124.291039
289.952731 -130.153748
289.952827 -123.326920
289.952923 -122.890961
289.953019 -123.614525
289.953115 -126.601181
289.953212 -126.829025
289.953308 -124.575981
289.953404 -125.651932
289.953500 -125.960876
289.953596 -126.801804
289.953692 -121.377518
289.953788 -120.823967
289.953885 -121.626602
289.953981 -126.270370
289.954077 -132.997284
289.954173 -129.771271
289.954269 -127.035988
289.954365 -127.269653
289.954462 -128.422836
289.954558 -130.248718
289.954654 -133.564896
289.954750 -125.775177
289.954846 -125.345055
289.954942 -127.272316
289.955038 -124.878059
289.955135 -124.795876
289.955231 -128.070908
289.955327 -127.858505
289.955423 -123.492714
289.955519 -122.659706
289.955615 -123.629456
289.955712 -130.245758
289.955808 -126.574547
289.955904 -126.313820
289.956000 -128.864990
289.956096 -135.025894
289.956192 -129.864380
289.956288 -128.012207
289.956385 -128.012238
289.956481 -130.649368
289.956577 -128.486237
289.956673 -123.922920
289.956769 -121.512901
289.956865 -121.055969
289.956962 -121.279396
289.957058 -120.846634
289.957154 -120.769714
289.957250 -123.281845
289.957346 -124.574646
289.957442 -124.939499
289.957538 -128.485199
289.957635 -124.871414
289.957731 -123.791992
289.957827 -124.057297
289.957923 -123.263626
289.958019 -122.786034
289.958115 -123.252251
289.958212 -125.073479
289.958308 -124.406868
289.958404 -123.689522
289.958500 -123.809471
289.958596 -125.867432
289.958692 -137.099838
289.958788 -133.089142
289.958885 -130.808212
289.958981 -133.099884
289.959077 -133.042343
289.959173 -133.084869
289.959269 -123.818863
289.959365 -123.243752
289.959462 -125.987572
289.959558 -124.300415
289.959654 -125.006012
289.959750 -127.373062
289.959846 -123.580826
289.959942 -123.578011
289.960038 -129.313187
289.960135 -136.161743
289.960231 -128.834122
289.960327 -127.187515
289.960423 -124.370728
289.960519 -124.034187
289.960615 -126.523262
289.960712 -138.743958
289.960808 -129.209213
289.960904 -128.670120
289.961000 -132.167282
289.961096 -130.920639
289.961192 -125.224274
289.961288 -124.613388
289.961385 -124.962395
289.961481 -126.410217
289.961577 -129.386337
289.961673 -129.432480
289.961769 -125.077705
289.961865 -122.545624
289.961962 -122.582954
289.962058 -127.240936
289.962154 -126.318352
289.962250 -127.301430
289.962346 -132.819962
289.962442 -129.276016
289.962538 -129.754150
289.962635 -124.929611
289.962731 -123.063156
289.962827 -122.979462
289.962923 -125.550949
289.963019 -122.449081
289.963115 -122.447609
289.963212 -125.403374
289.963308 -127.564476
289.963404 -125.420052
289.963500 -125.402031
289.963596 -126.756897
289.963692 -130.656189
289.963788 -133.851700
289.963885 -129.610489
289.963981 -121.316246
289.964077 -121.078110
289.964173 -125.812180
289.964269 -126.682198
289.964365 -127.735474
289.964462 -126.153610
289.964558 -125.562057
289.964654 -124.885803
289.964750 -125.021103
289.964846 -124.587288
289.964942 -124.593941
289.965038 -127.751228
289.965135 -122.797043
289.965231 -120.883003
289.965327 -121.204956
289.965423 -125.956200
289.965519 -125.756012
289.965615 -127.356216
289.965712 -130.563599
289.965808 -130.548950
289.965904 -131.839828
289.966000 -129.278351
289.966096 -126.993820
289.966192 -128.901688
289.966288 -132.131485
289.966385 -132.032242
289.966481 -127.828987
289.966577 -127.528381
289.966673 -132.295822
289.966769 -129.399704
289.966865 -126.957314
289.966962 -126.861504
289.967058 -126.635780
289.967154 -126.921074
289.967250 -129.861282
289.967346 -128.070923
289.967442 -128.171387
289.967538 -124.215195
289.967635 -119.875572
289.967731 -119.713547
289.967827 -120.924995
289.967923 -123.574371
289.968019 -124.096886
289.968115 -124.068611
289.968212 -127.568230
289.968308 -131.290924
289.968404 -131.302826
289.968500 -132.055084
289.968596 -130.924164
289.968692 -130.830948
289.968788 -124.210686
289.968885 -119.560371
289.968981 -119.547638
289.969077 -122.032471
289.969173 -127.973183
289.969269 -126.060486
289.969365 -118.557114
289.969462 -117.679893
289.969558 -118.571289
289.969654 -125.627007
289.969750 -122.062683
289.969846 -119.004097
289.969942 -119.004440
289.970038 -119.896622
289.970135 -120.477127
289.970231 -123.934959
289.970327 -124.641899
289.970423 -121.733017
289.970519 -122.092598
289.970615 -127.416428
289.970712 -122.695915
289.970808 -120.016693
289.970904 -119.995201
289.971000 -123.002884
289.971096 -131.366806
289.971192 -131.265350
289.971288 -132.621124
289.971385 -129.189850
289.971481 -129.510635
289.971577 -133.010864
289.971673 -131.648010
289.971769 -134.630539
289.971865 -133.969360
289.971962 -134.321777
289.972058 -135.019699
289.972154 -135.519470
289.972250 -130.932526
289.972346 -130.118164
289.972442 -132.381393
289.972538 -128.262375
289.972635 -128.267410
289.972731 -128.932358
289.972827 -129.036621
289.972923 -125.755455
289.973019 -125.741669
289.973115 -124.301643
289.973212 -124.261169
289.973308 -124.874222
289.973404 -125.627853
289.973500 -122.724640
289.973596 -120.023064
289.973692 -118.276482
289.973788 -118.284622
289.973885 -121.584732
289.973981 -120.357201
289.974077 -121.108200
289.974173 -121.069107
289.974269 -120.797523
289.974365 -122.950661
289.974462 -129.463364
289.974558 -133.365463
289.974654 -128.015656
289.974750 -122.600739
289.974846 -121.870590
289.974942 -121.523491
289.975038 -122.028381
289.975135 -121.186409
289.975231 -118.413094
289.975327 -118.405060
289.975423 -120.929794
289.975519 -127.531433
289.975615 -125.612503
289.975712 -125.610130
289.975808 -128.250992
289.975904 -125.172165
289.976000 -125.130241
289.976096 -126.189537
289.976192 -127.374153
289.976288 -120.106171
289.976385 -117.709412
289.976481 -117.734787
289.976577 -123.369492
289.976673 -122.598183
289.976769 -122.593292
289.976865 -124.690834
289.976962 -132.034378
289.977058 -124.518753
289.977154 -123.289169
289.977250 -123.351044
289.977346 -122.999542
289.977442 -122.175621
289.977538 -121.671539
289.977635 -121.723579
289.977731 -123.870117
289.977827 -125.389000
289.977923 -124.308228
289.978019 -126.718338
289.978115 -124.054321
289.978212 -123.451630
289.978308 -123.725426
289.978404 -124.100266
289.978500 -124.836876
289.978596 -126.212173
289.978692 -122.857689
289.978788 -122.572952
289.978885 -123.222679
289.978981 -128.393066
289.979077 -125.742157
289.979173 -120.069115
289.979269 -118.212509
289.979365 -118.187820
289.979462 -119.007088
289.979558 -120.918732
289.979654 -121.857971
289.979750 -129.051575
289.979846 -127.892784
289.979942 -128.035446
289.980038 -129.678421
289.980135 -129.008484
289.980231 -127.765755
289.980327 -127.147087
289.980423 -128.971893
289.980519 -131.300339
289.980615 -125.217957
289.980712 -124.972900
289.980808 -128.161484
289.980904 -127.401428
289.981000 -125.323761
289.981096 -125.314049
289.981192 -128.512131
289.981288 -127.446182
289.981385 -123.130371
289.981481 -123.125221
289.981577 -130.224915
289.981673 -129.458710
289.981769 -129.956696
289.981865 -129.464966
289.981962 -124.255974
289.982058 -121.024269
289.982154 -121.024590
289.982250 -126.306038
289.982346 -121.794472
289.982442 -121.516716
289.982538 -122.745163
289.982635 -127.024612
289.982731 -121.888786
289.982827 -120.634544
289.982923 -121.531914
289.983019 -122.618980
289.983115 -121.741966
289.983212 -122.766403
289.983308 -125.190704
289.983404 -118.550056
289.983500 -118.485664
289.983596 -122.715233
289.983692 -124.195518
289.983788 -124.987740
289.983885 -125.262535
289.983981 -125.886559
289.984077 -125.982170
289.984173 -129.028000
289.984269 -130.623123
289.984365 -133.348068
289.984462 -128.152924
289.984558 -126.223854
289.984654 -126.771217
289.984750 -125.113426
289.984846 -124.980133
289.984942 -129.850342
289.985038 -125.614311
289.985135 -125.073502
289.985231 -126.029716
289.985327 -127.896759
289.985423 -126.831017
289.985519 -126.874420
289.985615 -127.505280
289.985712 -128.393326
289.985808 -122.584717
289.985904 -122.591438
289.986000 -127.271828
289.986096 -124.713837
289.986192 -122.244736
289.986288 -122.598694
289.986385 -125.769135
289.986481 -125.714363
289.986577 -131.289627
289.986673 -127.183250
289.986769 -126.069008
289.986865 -126.187004
289.986962 -128.180130
289.987058 -123.711586
289.987154 -120.313148
289.987250 -120.185196
289.987346 -119.664742
289.987442 -119.658218
289.987538 -123.881828
289.987635 -134.685471
289.987731 -129.073441
289.987827 -129.062912
289.987923 -129.259583
289.988019 -128.231888
289.988115 -130.582413
289.988212 -130.006943
289.988308 -127.854454
289.988404 -125.162010
289.988500 -121.653618
289.988596 -120.510368
289.988692 -120.543457
289.988788 -121.790527
289.988885 -127.553856
289.988981 -120.238403
289.989077 -118.675766
289.989173 -118.818130
289.989269 -121.953911
289.989365 -124.301598
289.989462 -124.431129
289.989558 -124.786583
289.989654 -124.781387
289.989750 -126.415573
289.989846 -126.426208
289.989942 -121.747131
289.990038 -121.928246
289.990135 -129.457870
289.990231 -129.285995
289.990327 -132.884323
289.990423 -128.090698
289.990519 -123.911217
289.990615 -123.471786
289.990712 -124.673889
289.990808 -124.526314
289.990904 -124.787125
289.991000 -126.211411
289.991096 -126.112648
289.991192 -128.191025
289.991288 -127.134956
289.991385 -129.793503
289.991481 -128.201767
289.991577 -123.312538
289.991673 -120.308731
289.991769 -120.274536
289.991865 -123.348869
289.991962 -132.468369
289.992058 -129.596588
289.992154 -122.587898
289.992250 -122.448952
289.992346 -125.041100
289.992442 -128.585800
289.992538 -127.917870
289.992635 -129.428818
289.992731 -134.956024
289.992827 -125.425522
289.992923 -120.275688
289.993019 -119.863335
289.993115 -120.673019
289.993212 -124.075378
289.993308 -128.414001
289.993404 -123.774933
289.993500 -123.910851
289.993596 -126.135147
289.993692 -125.589958
289.993788 -128.806747
289.993885 -128.480759
289.993981 -129.883514
289.994077 -129.967926
289.994173 -126.459496
289.994269 -126.581871
289.994365 -125.537857
289.994462 -122.155777
289.994558 -122.294823
289.994654 -123.989159
289.994750 -119.923943
289.994846 -119.638817
289.994942 -119.860016
289.995038 -120.241150
289.995135 -127.829636
289.995231 -126.561104
289.995327 -129.215408
289.995423 -124.292809
289.995519 -123.526192
289.995615 -124.356476
289.995712 -126.033737
289.995808 -129.193832
289.995904 -129.360840
289.996000 -129.864090
289.996096 -128.070724
289.996192 -128.140213
289.996288 -125.202835
289.996385 -123.983620
289.996481 -123.416870
289.996577 -122.669838
289.996673 -122.598839
289.996769 -124.130241
289.996865 -138.710663
289.996962 -128.562012
289.997058 -126.512711
289.997154 -125.537163
289.997250 -125.550278
289.997346 -128.082413
289.997442 -124.331116
289.997538 -122.170532
289.997635 -121.793358
289.997731 -121.985413
289.997827 -123.591713
289.997923 -124.767563
289.998019 -125.198090
289.998115 -134.147232
289.998212 -135.649338
289.998308 -130.957184
289.998404 -126.300499
289.998500 -123.888847
289.998596 -123.887009
289.998692 -126.630051
289.998788 -124.788940
289.998885 -125.867645
289.998981 -125.253563
289.999077 -125.106033
289.999173 -128.445236
289.999269 -132.821259
289.999365 -132.949905
289.999462 -129.150085
289.999558 -127.039978
289.999654 -120.264717
289.999750 -119.036430
289.999846 -119.052681
289.999942 -118.261009
290.000038 -118.294136
290.000135 -119.870399
290.000231 -121.160728
290.000327 -122.344826
290.000423 -125.347008
290.000519 -128.440170
290.000615 -121.908592
290.000712 -121.774559
290.000808 -123.438072
290.000904 -124.959801
290.001000 -125.659813
290.001096 -129.029755
290.001192 -138.451965
290.001288 -133.980499
290.001385 -124.775780
290.001481 -123.022423
290.001577 -123.785774
290.001673 -130.047394
290.001769 -126.676338
290.001865 -126.644112
290.001962 -126.596596
290.002058 -127.344978
290.002154 -129.503891
290.002250 -130.071259
290.002346 -131.038376
290.002442 -125.066116
290.002538 -125.036835
290.002635 -129.001633
290.002731 -138.638855
290.002827 -127.418648
290.002923 -125.033028
290.003019 -124.299789
290.003115 -124.422386
290.003212 -127.672348
290.003308 -138.146622
290.003404 -140.710220
290.003500 -126.541748
290.003596 -124.063828
290.003692 -124.161041
290.003788 -128.223587
290.003885 -120.317291
290.003981 -119.428856
290.004077 -120.650116
290.004173 -125.198914
290.004269 -130.236221
290.004365 -126.407776
290.004462 -123.548576
290.004558 -121.748970
290.004654 -121.410324
290.004750 -122.286934
290.004846 -129.448776
290.004942 -128.662643
290.005038 -129.401230
290.005135 -130.464172
290.005231 -131.024048
290.005327 -125.464745
290.005423 -124.627289
290.005519 -124.778130
290.005615 -126.428337
290.005712 -126.379791
290.005808 -127.676895
290.005904 -129.910812
290.006000 -125.111382
290.006096 -124.396248
290.006192 -123.240532
290.006288 -121.995667
290.006385 -121.813866
290.006481 -123.502426
290.006577 -130.251358
290.006673 -127.908218
290.006769 -128.264969
290.006865 -128.958206
290.006962 -128.402206
290.007058 -125.571777
290.007154 -125.994713
290.007250 -129.054108
290.007346 -123.866821
290.007442 -121.730293
290.007538 -122.185783
290.007635 -128.070953
290.007731 -127.894684
290.007827 -132.519638
290.007923 -129.112411
290.008019 -130.431931
290.008115 -140.361649
290.008212 -129.980286
290.008308 -129.456985
290.008404 -130.677811
290.008500 -128.720886
290.008596 -127.614693
290.008692 -123.763718
290.008788 -120.068886
290.008885 -119.151688
290.008981 -119.398102
290.009077 -123.789688
290.009173 -121.005142
290.009269 -119.028503
290.009365 -118.996201
290.009462 -120.721031
290.009558 -129.632782
290.009654 -128.100037
290.009750 -123.319649
290.009846 -122.712944
290.009942 -125.971382
290.010038 -125.660919
290.010135 -124.185394
290.010231 -121.029778
290.010327 -118.206398
290.010423 -116.871140
290.010519 -116.911346
290.010615 -118.609184
290.010712 -121.068687
290.010808 -122.418404
290.010904 -126.559334
290.011000 -124.319702
290.011096 -125.039589
290.011192 -128.942078
290.011288 -123.787033
290.011385 -123.216957
290.011481 -125.262466
290.011577 -134.802460
290.011673 -125.084030
290.011769 -123.899277
290.011865 -123.303261
290.011962 -122.595757
290.012058 -122.967262
290.012154 -121.209381
290.012250 -119.376839
290.012346 -119.352303
290.012442 -120.447144
290.012538 -121.055878
290.012635 -124.038185
290.012731 -129.257904
290.012827 -129.606537
290.012923 -124.936745
290.013019 -124.383125
290.013115 -125.008217
290.013212 -126.326401
290.013308 -123.921867
290.013404 -122.909828
290.013500 -122.875191
290.013596 -123.700363
290.013692 -126.792572
290.013788 -124.815895
290.013885 -124.802574
290.013981 -127.414497
290.014077 -129.894348
290.014173 -133.475983
290.014269 -132.809174
290.014365 -126.366264
290.014462 -125.725182
290.014558 -123.222061
290.014654 -121.700218
290.014750 -122.081093
290.014846 -121.987152
290.014942 -123.547356
290.015038 -128.828629
290.015135 -126.543533
290.015231 -123.677940
290.015327 -125.174759
290.015423 -121.884689
290.015519 -122.001549
290.015615 -130.697128
290.015712 -132.821411
290.015808 -131.231567
290.015904 -128.429031
290.016000 -128.323792
290.016096 -127.182228
290.016192 -125.230247
290.016288 -122.829796
290.016385 -122.597214
290.016481 -123.078300
290.016577 -124.274078
290.016673 -123.892487
290.016769 -125.522820
290.016865 -120.954384
290.016962 -120.703407
290.017058 -121.959351
290.017154 -124.854607
290.017250 -123.611900
290.017346 -121.764870
290.017442 -121.805511
290.017538 -125.214577
290.017635 -123.108589
290.017731 -121.161263
290.017827 -121.337784
290.017923 -127.023056
290.018019 -126.162125
290.018115 -126.200294
290.018212 -129.314468
290.018308 -125.667885
290.018404 -125.476982
290.018500 -126.213646
290.018596 -129.801422
290.018692 -124.955162
290.018788 -122.721939
290.018885 -122.945930
290.018981 -124.480103
290.019077 -128.375137
290.019173 -126.635880
290.019269 -123.910583
290.019365 -123.928299
290.019462 -126.545296
290.019558 -127.136368
290.019654 -126.590118
290.019750 -127.064980
290.019846 -130.438751
290.019942 -129.035339
290.020038 -122.883530
290.020135 -118.598190
290.020231 -118.420830
290.020327 -120.693352
290.020423 -130.126175
290.020519 -130.132538
290.020615 -133.358368
290.020712 -132.121094
290.020808 -132.063583
290.020904 -131.059341
290.021000 -130.445572
290.021096 -127.613220
290.021192 -127.269287
290.021288 -128.994125
290.021385 -132.401199
290.021481 -122.702682
290.021577 -122.439049
290.021673 -126.343040
290.021769 -134.580627
290.021865 -135.207352
290.021962 -134.803268
290.022058 -130.880005
290.022154 -130.524689
290.022250 -133.561478
290.022346 -130.309753
290.022442 -123.730820
290.022538 -122.392494
290.022635 -122.425812
290.022731 -127.171852
290.022827 -128.017426
290.022923 -122.825569
290.023019 -122.617882
290.023115 -124.679207
290.023212 -122.054253
290.023308 -121.857010
290.023404 -122.893593
290.023500 -125.252602
290.023596 -128.072281
290.023692 -125.674103
290.023788 -125.754929
290.023885 -133.117722
290.023981 -130.059677
290.024077 -129.706696
290.024173 -131.357010
290.024269 -127.959053
290.024365 -128.167358
290.024462 -129.034637
290.024558 -128.752914
290.024654 -123.665909
290.024750 -122.883186
290.024846 -123.523750
290.024942 -125.471352
290.025038 -124.708672
290.025135 -124.955269
290.025231 -127.443893
290.025327 -125.529251
290.025423 -125.184998
290.025519 -124.355858
290.025615 -123.637306
290.025712 -124.515976
290.025808 -125.938087
290.025904 -125.059151
290.026000 -124.558205
290.026096 -124.930748
290.026192 -127.698456
290.026288 -129.171371
290.026385 -124.691139
290.026481 -124.686302
290.026577 -127.994003
290.026673 -127.128128
290.026769 -127.131729
290.026865 -128.470688
290.026962 -128.467087
290.027058 -128.246033
290.027154 -125.824593
290.027250 -125.833084
290.027346 -126.122696
290.027442 -125.940277
290.027538 -126.756805
290.027635 -132.668915
290.027731 -137.361359
290.027827 -133.907532
290.027923 -125.283257
290.028019 -122.664864
290.028115 -122.721184
290.028212 -128.888702
290.028308 -129.392517
290.028404 -130.037827
290.028500 -132.758728
290.028596 -123.781387
290.028692 -123.396645
290.028788 -124.745018
290.028885 -130.791733
290.028981 -130.794159
290.029077 -128.650696
290.029173 -129.240723
290.029269 -122.711205
290.029365 -122.688873
290.029462 -125.265099
290.029558 -129.672043
290.029654 -125.330536
290.029750 -122.805344
290.029846 -122.831436
290.029942 -127.219574
290.030038 -131.345291
290.030135 -131.343567
290.030231 -139.348877
290.030327 -131.574677
290.030423 -126.104485
290.030519 -125.405083
290.030615 -125.694862
290.030712 -127.069916
290.030808 -126.564194
290.030904 -128.254044
290.031000 -127.668617
290.031096 -122.586746
290.031192 -122.466331
290.031288 -125.089767
290.031385 -134.084900
290.031481 -133.084351
290.031577 -135.438873
290.031673 -134.992264
290.031769 -139.961166
290.031865 -133.156128
290.031962 -133.152466
290.032058 -125.715904
290.032154 -122.939873
290.032250 -123.230270
290.032346 -122.066589
290.032442 -121.670494
290.032538 -124.086784
290.032635 -127.572739
290.032731 -127.577225
290.032827 -131.570221
290.032923 -127.074905
290.033019 -127.047989
290.033115 -127.892944
290.033212 -126.458603
290.033308 -126.272446
290.033404 -126.376724
290.033500 -130.442719
290.033596 -125.193695
290.033692 -124.730125
290.033788 -125.729790
290.033885 -131.213394
290.033981 -127.681747
290.034077 -127.891479
290.034173 -128.645432
290.034269 -123.929466
290.034365 -121.017593
290.034462 -121.061882
290.034558 -126.897842
290.034654 -129.739517
290.034750 -128.728317
290.034846 -129.324188
290.034942 -123.474487
290.035038 -123.690125
290.035135 -127.843575
290.035231 -126.856079
290.035327 -126.994537
290.035423 -127.006180
290.035519 -126.988785
290.035615 -123.868309
290.035712 -121.789543
290.035808 -122.090195
290.035904 -128.901550
290.036000 -128.242371
290.036096 -125.608734
290.036192 -121.893524
290.036288 -121.714142
290.036385 -122.648087
290.036481 -124.341972
290.036577 -124.426109
290.036673 -130.023651
290.036769 -130.118881
290.036865 -130.134491
290.036962 -132.344101
290.037058 -133.903137
290.037154 -133.340424
290.037250 -134.283371
290.037346 -134.852188
290.037442 -131.357803
290.037538 -131.379623
290.037635 -130.169632
290.037731 -126.462746
290.037827 -125.589493
290.037923 -126.353638
290.038019 -125.973763
290.038115 -124.806808
290.038212 -126.687515
290.038308 -132.068085
290.038404 -125.196342
290.038500 -123.851250
290.038596 -124.421631
290.038692 -126.985138
290.038788 -124.725471
290.038885 -124.760994
290.038981 -127.387260
290.039077 -128.450806
290.039173 -123.899750
290.039269 -124.491951
290.039365 -133.843048
290.039462 -132.994690
290.039558 -135.994949
290.039654 -135.431320
290.039750 -124.844864
290.039846 -123.315338
290.039942 -122.736916
290.040038 -121.311867
290.040135 -121.399872
290.040231 -122.398819
290.040327 -123.559959
290.040423 -132.163315
290.040519 -128.654022
290.040615 -124.935158
290.040712 -124.878494
290.040808 -127.453346
290.040904 -128.388397
290.041000 -129.986938
290.041096 -126.005997
290.041192 -125.643265
290.041288 -127.435120
290.041385 -123.568535
290.041481 -120.928841
290.041577 -121.528297
290.041673 -123.034378
290.041769 -122.511948
290.041865 -124.229362
290.041962 -126.884453
290.042058 -127.315025
290.042154 -130.378448
290.042250 -126.631409
290.042346 -124.860191
290.042442 -124.814827
290.042538 -128.007813
290.042635 -131.217087
290.042731 -131.306198
290.042827 -130.920319
290.042923 -127.150719
290.043019 -126.059654
290.043115 -125.358429
290.043212 -125.611801
290.043308 -125.355896
290.043404 -125.714081
290.043500 -129.277252
290.043596 -125.587624
290.043692 -124.166542
290.043788 -124.618454
290.043885 -127.994759
290.043981 -126.675049
290.044077 -126.723213
290.044173 -127.979836
290.044269 -134.130493
290.044365 -135.095901
290.044462 -134.926071
290.044558 -133.613297
290.044654 -127.724380
290.044750 -125.898277
290.044846 -125.914551
290.044942 -128.959412
290.045038 -126.165352
290.045135 -122.310349
290.045231 -122.153648
290.045327 -121.877769
290.045423 -121.774559
290.045519 -124.297661
290.045615 -128.827484
290.045712 -128.826508
290.045808 -131.395706
290.045904 -129.213882
290.046000 -126.857925
290.046096 -126.655121
290.046192 -127.321045
290.046288 -128.311005
290.046385 -126.152458
290.046481 -126.162231
290.046577 -128.065582
290.046673 -126.744041
290.046769 -125.995720
290.046865 -121.143295
290.046962 -120.790527
290.047058 -123.335350
290.047154 -124.435265
290.047250 -123.183662
290.047346 -123.511330
290.047442 -127.007309
290.047538 -128.708313
290.047635 -128.123581
290.047731 -125.223946
290.047827 -122.129272
290.047923 -121.919289
290.048019 -122.097282
290.048115 -122.346764
290.048212 -121.765060
290.048308 -122.794037
290.048404 -124.343117
290.048500 -121.084702
290.048596 -120.726845
290.048692 -121.167351
290.048788 -124.803925
290.048885 -121.844666
290.048981 -119.531845
290.049077 -119.650543
290.049173 -124.921837
290.049269 -131.467026
290.049365 -132.338257
290.049462 -129.731003
290.049558 -129.346802
290.049654 -126.171829
290.049750 -124.377258
290.049846 -125.266327
290.049942 -124.118263
290.050038 -122.563553
290.050135 -122.544640
290.050231 -122.664337
290.050327 -126.716301
290.050423 -127.787506
290.050519 -133.803024
290.050615 -125.468147
290.050712 -121.700317
290.050808 -121.648636
290.050904 -121.761963
290.051000 -121.298523
290.051096 -122.067291
290.051192 -130.952957
290.051288 -129.250305
290.051385 -130.554291
290.051481 -130.712021
290.051577 -123.036797
290.051673 -120.741440
290.051769 -120.736702
290.051865 -123.168396
290.051962 -128.972153
290.052058 -122.348892
290.052154 -122.290443
290.052250 -125.245384
290.052346 -129.101578
290.052442 -129.155319
290.052538 -130.596527
290.052635 -129.377396
290.052731 -123.302254
290.052827 -123.066406
290.052923 -125.872780
290.053019 -125.212654
290.053115 -122.724350
290.053212 -122.804482
290.053308 -129.051910
290.053404 -123.770844
290.053500 -120.119987
290.053596 -118.655983
290.053692 -118.594803
290.053788 -120.217194
290.053885 -129.972900
290.053981 -129.974091
290.054077 -128.777634
290.054173 -129.730469
290.054269 -121.902138
290.054365 -119.264671
290.054462 -119.249397
290.054558 -122.195114
290.054654 -122.621750
290.054750 -122.614220
290.054846 -121.240990
290.054942 -120.462700
290.055038 -121.007355
290.055135 -125.915451
290.055231 -133.404465
290.055327 -126.622650
290.055423 -126.406624
290.055519 -128.744675
290.055615 -123.682648
290.055712 -123.865685
290.055808 -126.381233
290.055904 -125.238625
290.056000 -125.931709
290.056096 -130.880157
290.056192 -130.669708
290.056288 -126.019150
290.056385 -126.129547
290.056481 -122.401718
290.056577 -122.258461
290.056673 -127.208252
290.056769 -129.147934
290.056865 -126.492035
290.056962 -123.456360
290.057058 -122.859024
290.057154 -122.610001
290.057250 -122.281044
290.057346 -120.344254
290.057442 -120.025856
290.057538 -120.966057
290.057635 -124.037178
290.057731 -122.419052
290.057827 -123.740051
290.057923 -124.870171
290.058019 -122.732506
290.058115 -123.178856
290.058212 -127.072296
290.058308 -123.795692
290.058404 -124.254662
290.058500 -126.180695
290.058596 -123.748558
290.058692 -122.888016
290.058788 -123.017746
290.058885 -125.419533
290.058981 -132.507858
290.059077 -130.974945
290.059173 -132.478378
290.059269 -125.453865
290.059365 -121.444321
290.059462 -120.550713
290.059558 -121.657440
290.059654 -132.637573
290.059750 -136.745758
290.059846 -125.352211
290.059942 -121.728134
290.060038 -121.874138
290.060135 -126.962448
290.060231 -137.071182
290.060327 -126.964310
290.060423 -125.599411
290.060519 -126.015396
290.060615 -125.363220
290.060712 -126.813393
290.060808 -126.128685
290.060904 -124.630745
290.061000 -124.775322
290.061096 -128.981033
290.061192 -130.434570
290.061288 -132.510406
290.061385 -131.584915
290.061481 -123.219299
290.061577 -122.051613
290.061673 -122.930199
290.061769 -130.847565
290.061865 -134.883652
290.061962 -135.051178
290.062058 -124.555527
290.062154 -119.873932
290.062250 -119.769516
290.062346 -121.742096
290.062442 -127.177094
290.062538 -129.131088
290.062635 -125.903969
290.062731 -125.189285
290.062827 -125.848122
290.062923 -129.737228
290.063019 -127.913994
290.063115 -126.851135
290.063212 -127.356674
290.063308 -123.799179
290.063404 -122.202538
290.063500 -121.977669
290.063596 -122.659760
290.063692 -123.301994
290.063788 -123.948502
290.063885 -123.058311
290.063981 -123.963051
290.064077 -123.994949
290.064173 -123.517456
290.064269 -124.189949
290.064365 -127.322594
290.064462 -127.371048
290.064558 -130.834381
290.064654 -130.251755
290.064750 -130.265976
290.064846 -139.285904
290.064942 -134.154221
290.065038 -128.224564
290.065135 -128.086243
290.065231 -125.807030
290.065327 -123.635666
290.065423 -123.637520
290.065519 -125.513344
290.065615 -127.640152
290.065712 -127.439766
290.065808 -125.246521
290.065904 -124.296303
290.066000 -124.382927
290.066096 -127.854546
290.066192 -126.032333
290.066288 -124.165054
290.066385 -124.240494
290.066481 -128.966263
290.066577 -133.024124
290.066673 -133.862350
290.066769 -127.489136
290.066865 -125.754440
290.066962 -126.441879
290.067058 -133.906555
290.067154 -137.015579
290.067250 -139.557587
290.067346 -129.343903
290.067442 -125.628761
290.067538 -125.621246
290.067635 -126.592659
290.067731 -126.852242
290.067827 -125.365883
290.067923 -125.854492
290.068019 -132.264023
290.068115 -126.447517
290.068212 -121.568428
290.068308 -121.564285
290.068404 -124.436966
290.068500 -127.706215
290.068596 -128.026810
290.068692 -131.049973
290.068788 -130.316010
290.068885 -134.123276
290.068981 -138.649948
290.069077 -130.141907
290.069173 -127.826881
290.069269 -126.814316
290.069365 -126.187370
290.069462 -127.392838
290.069558 -127.034691
290.069654 -126.955315
290.069750 -128.114059
290.069846 -126.157181
290.069942 -126.299431
290.070038 -130.999115
290.070135 -131.606613
290.070231 -122.273888
290.070327 -120.228149
290.070423 -120.251396
290.070519 -122.471153
290.070615 -125.391022
290.070712 -127.728462
290.070808 -127.319801
290.070904 -122.621368
290.071000 -120.872322
290.071096 -120.743629
290.071192 -121.354233
290.071288 -126.015816
290.071385 -133.313446
290.071481 -127.575943
290.071577 -126.574432
290.071673 -125.562958
290.071769 -125.869240
290.071865 -124.902451
290.071962 -124.943375
290.072058 -125.413750
290.072154 -123.967651
290.072250 -124.849159
290.072346 -122.792664
290.072442 -120.381142
290.072538 -120.351021
290.072635 -121.521255
290.072731 -125.321510
290.072827 -128.866638
290.072923 -129.112991
290.073019 -134.484344
290.073115 -132.596283
290.073212 -126.906036
290.073308 -125.999352
290.073404 -125.997208
290.073500 -126.689186
290.073596 -130.312164
290.073692 -130.987000
290.073788 -121.579826
290.073885 -120.619370
290.073981 -121.690178
290.074077 -126.852104
290.074173 -121.992607
290.074269 -121.420349
290.074365 -123.037941
290.074462 -123.730125
290.074558 -121.674217
290.074654 -121.918907
290.074750 -123.273216
290.074846 -121.911194
290.074942 -121.910660
290.075038 -123.216011
290.075135 -128.106018
290.075231 -121.990097
290.075327 -121.176262
290.075423 -121.623718
290.075519 -123.866013
290.075615 -129.105865
290.075712 -124.850655
290.075808 -124.227905
290.075904 -125.522392
290.076000 -122.516396
290.076096 -122.151413
290.076192 -124.988228
290.076288 -133.761246
290.076385 -133.116180
290.076481 -132.691269
290.076577 -131.757965
290.076673 -134.902191
290.076769 -133.632416
290.076865 -124.198288
290.076962 -122.203056
290.077058 -122.627914
290.077154 -129.063858
290.077250 -125.306671
290.077346 -122.643227
290.077442 -119.859482
290.077538 -119.781006
290.077635 -121.949646
290.077731 -129.764343
290.077827 -131.370529
290.077923 -125.386299
290.078019 -125.240334
290.078115 -124.733208
290.078212 -124.714928
290.078308 -127.815018
290.078404 -129.427322
290.078500 -125.543091
290.078596 -118.301468
290.078692 -117.793839
290.078788 -119.640617
290.078885 -131.458878
290.078981 -127.836060
290.079077 -125.893112
290.079173 -126.877541
290.079269 -123.891083
290.079365 -123.897980
290.079462 -130.670975
290.079558 -130.680756
290.079654 -130.754761
290.079750 -128.074936
290.079846 -125.255226
290.079942 -124.778015
290.080038 -125.518578
290.080135 -132.413513
290.080231 -131.646927
290.080327 -130.817047
290.080423 -125.048157
290.080519 -120.989449
290.080615 -120.991180
290.080712 -125.450508
290.080808 -122.780548
290.080904 -122.605591
290.081000 -125.291733
290.081096 -124.361519
290.081192 -124.342728
290.081288 -128.043060
290.081385 -128.346451
290.081481 -128.375824
290.081577 -134.265564
290.081673 -130.334213
290.081769 -130.247101
290.081865 -124.771057
290.081962 -122.532356
290.082058 -122.624077
290.082154 -125.565407
290.082250 -123.374527
290.082346 -121.675606
290.082442 -121.415268
290.082538 -121.626465
290.082635 -125.747360
290.082731 -125.783997
290.082827 -125.703270
290.082923 -127.307915
290.083019 -130.166901
290.083115 -134.960220
290.083212 -129.028915
290.083308 -129.018890
290.083404 -128.867294
290.083500 -128.928360
290.083596 -128.334305
290.083692 -126.709473
290.083788 -124.025467
290.083885 -123.967827
290.083981 -123.778702
290.084077 -120.881668
290.084173 -120.793198
290.084269 -122.786583
290.084365 -130.445236
290.084462 -126.267250
290.084558 -123.159424
290.084654 -123.158607
290.084750 -123.698402
290.084846 -124.270462
290.084942 -123.327606
290.085038 -122.745522
290.085135 -124.464699
290.085231 -128.353943
290.085327 -130.295700
290.085423 -129.951035
290.085519 -122.903694
290.085615 -120.045341
290.085712 -120.052231
290.085808 -122.970169
290.085904 -129.066086
290.086000 -129.092850
290.086096 -133.024643
290.086192 -122.459023
290.086288 -121.482605
290.086385 -122.221924
290.086481 -125.062508
290.086577 -129.185364
290.086673 -124.873383
290.086769 -125.264481
290.086865 -122.225311
290.086962 -121.712120
290.087058 -122.296585
290.087154 -123.237183
290.087250 -122.804955
290.087346 -122.015778
290.087442 -122.658478
290.087538 -129.692490
290.087635 -143.802628
290.087731 -135.289612
290.087827 -129.332321
290.087923 -126.320572
290.088019 -124.958618
290.088115 -124.968758
290.088212 -126.927010
290.088308 -126.788521
290.088404 -124.630348
290.088500 -124.403999
290.088596 -125.561249
290.088692 -129.670624
290.088788 -127.963509
290.088885 -123.194115
290.088981 -121.441307
290.089077 -120.132736
290.089173 -120.140198
290.089269 -124.885750
290.089365 -128.448410
290.089462 -126.519455
290.089558 -126.551308
290.089654 -131.653549
290.089750 -128.175156
290.089846 -128.316040
290.089942 -128.907394
290.090038 -128.916809
290.090135 -134.618713
290.090231 -134.208923
290.090327 -125.900169
290.090423 -123.920448
290.090519 -124.634300
290.090615 -124.711212
290.090712 -123.588112
290.090808 -123.585754
290.090904 -122.669739
290.091000 -119.182777
290.091096 -118.585335
290.091192 -119.377563
290.091288 -125.360313
290.091385 -123.555824
290.091481 -119.421181
290.091577 -119.341614
290.091673 -121.706268
290.091769 -122.949120
290.091865 -123.767616
290.091962 -130.076004
290.092058 -127.336555
290.092154 -127.253990
290.092250 -127.853630
290.092346 -125.334473
290.092442 -125.333755
290.092538 -128.379608
290.092635 -123.494431
290.092731 -123.016739
290.092827 -124.824348
290.092923 -125.259262
290.093019 -123.981941
290.093115 -123.905853
290.093212 -125.855141
290.093308 -128.908188
290.093404 -128.906265
290.093500 -135.075806
290.093596 -132.948929
290.093692 -128.704010
290.093788 -129.155289
290.093885 -122.135773
290.093981 -121.253838
290.094077 -122.069275
290.094173 -127.147156
290.094269 -129.655502
290.094365 -125.633835
290.094462 -123.387566
290.094558 -123.526001
290.094654 -121.516167
290.094750 -118.658730
290.094846 -117.786507
290.094942 -117.905586
290.095038 -119.043381
290.095135 -119.862213
290.095231 -122.519241
290.095327 -121.819031
290.095423 -122.540680
290.095519 -123.673912
290.095615 -125.938103
290.095712 -131.411041
290.095808 -132.685547
290.095904 -128.943741
290.096000 -128.397827
290.096096 -124.288918
290.096192 -123.646347
290.096288 -124.394417
290.096385 -124.709801
290.096481 -124.885918
290.096577 -121.954597
290.096673 -121.711151
290.096769 -122.340904
290.096865 -122.494888
290.096962 -120.683685
290.097058 -120.565735
290.097154 -121.043045
290.097250 -122.934669
290.097346 -127.540428
290.097442 -122.235443
290.097538 -119.021301
290.097635 -118.958359
290.097731 -121.017303
290.097827 -122.263779
290.097923 -121.162315
290.098019 -121.124626
290.098115 -122.076759
290.098212 -127.139534
290.098308 -135.974640
290.098404 -126.150505
290.098500 -124.158943
290.098596 -124.663284
290.098692 -126.531311
290.098788 -127.439873
290.098885 -127.218262
290.098981 -122.118965
290.099077 -119.019112
290.099173 -118.931526
290.099269 -120.331650
290.099365 -122.569748
290.099462 -122.261986
290.099558 -122.729561
290.099654 -124.852417
290.099750 -127.802711
290.099846 -132.435349
290.099942 -125.629829
290.100038 -124.454544
290.100135 -124.786423
290.100231 -129.526154
290.100327 -130.888260
290.100423 -123.221115
290.100519 -122.043785
290.100615 -122.810684
290.100712 -130.935013
290.100808 -126.018288
290.100904 -124.334671
290.101000 -124.427711
290.101096 -123.841339
290.101192 -121.077515
290.101288 -121.585144
290.101385 -126.707001
290.101481 -124.538795
290.101577 -124.538971
290.101673 -129.461624
290.101769 -124.097786
290.101865 -123.544800
290.101962 -123.852043
290.102058 -124.597664
290.102154 -124.480148
290.102250 -126.462547
290.102346 -128.304642
290.102442 -129.335785
290.102538 -124.538666
290.102635 -124.381126
290.102731 -124.736046
290.102827 -123.452965
290.102923 -123.900543
290.103019 -123.669922
290.103115 -120.784843
290.103212 -120.798286
290.103308 -124.204643
290.103404 -132.019409
290.103500 -130.282562
290.103596 -124.434578
290.103692 -123.757721
290.103788 -126.679558
290.103885 -134.743958
290.103981 -132.186630
290.104077 -133.426010
290.104173 -123.672432
290.104269 -120.347694
290.104365 -120.398041
290.104462 -124.940079
290.104558 -125.639191
290.104654 -124.699585
290.104750 -123.745605
290.104846 -123.673897
290.104942 -127.405281
290.105038 -128.728912
290.105135 -123.958366
290.105231 -122.562202
290.105327 -122.893204
290.105423 -125.905937
290.105519 -128.054214
290.105615 -127.452339
290.105712 -129.354553
290.105808 -120.304649
290.105904 -118.405052
290.106000 -118.779999
290.106096 -123.839081
290.106192 -126.358315
290.106288 -133.850021
290.106385 -124.866722
290.106481 -123.979050
290.106577 -124.394180
290.106673 -125.420006
290.106769 -125.564346
290.106865 -127.874084
290.106962 -124.899834
290.107058 -124.456436
290.107154 -125.319458
290.107250 -129.849716
290.107346 -127.773247
290.107442 -124.722031
290.107538 -124.664925
290.107635 -127.618652
290.107731 -128.150253
290.107827 -127.191658
290.107923 -127.457909
290.108019 -128.176788
290.108115 -126.823700
290.108212 -127.457108
290.108308 -126.143929
290.108404 -123.506363
290.108500 -122.806816
290.108596 -123.503387
290.108692 -126.547050
290.108788 -127.661125
290.108885 -126.946014
290.108981 -127.834206
290.109077 -128.462601
290.109173 -127.672272
290.109269 -128.498352
290.109365 -127.215195
290.109462 -122.470894
290.109558 -122.140800
290.109654 -123.659050
290.109750 -128.552261
290.109846 -127.064835
290.109942 -128.718384
290.110038 -137.303909
290.110135 -128.261703
290.110231 -127.624870
290.110327 -129.389923
290.110423 -128.956360
290.110519 -126.465179
290.110615 -121.387337
290.110712 -121.197578
290.110808 -121.644272
290.110904 -122.959663
290.111000 -125.823967
290.111096 -130.712433
290.111192 -128.960663
290.111288 -129.413727
290.111385 -132.543732
290.111481 -126.654289
290.111577 -124.396309
290.111673 -124.558212
290.111769 -125.460030
290.111865 -125.479607
290.111962 -127.400429
290.112058 -126.764320
290.112154 -125.345970
290.112250 -126.264740
290.112346 -123.796021
290.112442 -117.745445
290.112538 -117.595879
290.112635 -119.431747
290.112731 -122.150963
290.112827 -135.766449
290.112923 -132.675079
290.113019 -129.945221
290.113115 -130.917328
290.113212 -128.508255
290.113308 -123.486763
290.113404 -123.230835
290.113500 -124.672119
290.113596 -123.159981
290.113692 -120.058258
290.113788 -120.113022
290.113885 -125.232620
290.113981 -134.487625
290.114077 -127.868462
290.114173 -127.022133
290.114269 -129.061188
290.114365 -127.897026
290.114462 -124.094849
290.114558 -124.095551
290.114654 -121.982048
290.114750 -120.154709
290.114846 -120.725220
290.114942 -123.270943
290.115038 -123.482056
290.115135 -123.937721
290.115231 -127.350327
290.115327 -127.474380
290.115423 -127.545624
290.115519 -128.654877
290.115615 -128.692078
290.115712 -131.971436
290.115808 -126.850731
290.115904 -123.855080
290.116000 -123.896339
290.116096 -121.974609
290.116192 -120.497948
290.116288 -120.497688
290.116385 -122.363762
290.116481 -127.407059
290.116577 -125.488708
290.116673 -124.952225
290.116769 -124.789223
290.116865 -125.256119
290.116962 -127.305672
290.117058 -130.954178
290.117154 -127.134605
290.117250 -127.444954
290.117346 -124.916046
290.117442 -124.944450
290.117538 -122.624321
290.117635 -122.344688
290.117731 -123.410896
290.117827 -125.522072
290.117923 -127.766075
290.118019 -125.394348
290.118115 -125.090988
290.118212 -125.184151
290.118308 -123.526642
290.118404 -123.256630
290.118500 -123.746887
290.118596 -125.890945
290.118692 -127.878365
290.118788 -126.302216
290.118885 -126.335320
290.118981 -131.132294
290.119077 -125.201096
290.119173 -121.812225
290.119269 -121.676216
290.119365 -124.084770
290.119462 -127.159988
290.119558 -128.504929
290.119654 -123.828926
290.119750 -123.726189
290.119846 -125.558090
290.119942 -128.968887
290.120038 -129.550369
290.120135 -128.105453
290.120231 -127.673019
290.120327 -125.007721
290.120423 -124.831963
290.120519 -123.957497
290.120615 -123.976204
290.120712 -124.140862
290.120808 -121.968681
290.120904 -122.329712
290.121000 -123.785461
290.121096 -121.869247
290.121192 -121.946663
290.121288 -127.178421
290.121385 -131.370987
290.121481 -128.633438
290.121577 -128.640244
290.121673 -123.962318
290.121769 -123.272644
290.121865 -125.758057
290.121962 -119.219032
290.122058 -118.594879
290.122154 -119.062004
290.122250 -123.263428
290.122346 -123.940941
290.122442 -123.941032
290.122538 -125.265663
290.122635 -124.660248
290.122731 -125.445801
290.122827 -128.288940
290.122923 -130.760773
290.123019 -127.023911
290.123115 -127.390594
290.123212 -123.555878
290.123308 -123.396950
290.123404 -126.846710
290.123500 -130.896866
290.123596 -135.517578
290.123692 -132.901672
290.123788 -131.691452
290.123885 -131.407715
290.123981 -121.173203
290.124077 -120.354752
290.124173 -120.876625
290.124269 -122.431808
290.124365 -119.916962
290.124462 -119.841438
290.124558 -122.600578
290.124654 -130.530106
290.124750 -130.860062
290.124846 -128.897980
290.124942 -127.191093
290.125038 -128.640320
290.125135 -135.718384
290.125231 -125.346725
290.125327 -124.965858
290.125423 -127.089394
290.125519 -126.737106
290.125615 -123.452652
290.125712 -123.557991
290.125808 -125.299942
290.125904 -125.157814
290.126000 -125.479889
290.126096 -123.873009
290.126192 -123.061554
290.126288 -123.348640
290.126385 -128.983765
290.126481 -126.972519
290.126577 -124.744583
290.126673 -122.852303
290.126769 -122.840584
290.126865 -125.980354
290.126962 -122.952194
290.127058 -122.439308
290.127154 -122.927902
290.127250 -125.099838
290.127346 -125.295105
290.127442 -125.067543
290.127538 -125.922455
290.127635 -129.534866
290.127731 -122.402321
290.127827 -121.455017
290.127923 -121.465233
290.128019 -121.558441
290.128115 -121.658958
290.128212 -123.549400
290.128308 -123.115448
290.128404 -122.628601
290.128500 -124.035324
290.128596 -129.087967
290.128692 -125.704620
290.128788 -124.022697
290.128885 -124.082611
290.128981 -126.840057
290.129077 -122.179893
290.129173 -117.578094
290.129269 -116.700989
290.129365 -116.919029
290.129462 -118.920029
290.129558 -122.341866
290.129654 -125.762383
290.129750 -124.494637
290.129846 -124.550056
290.129942 -126.485626
290.130038 -121.956413
290.130135 -119.141823
290.130231 -119.128296
290.130327 -120.976830
290.130423 -130.908234
290.130519 -128.173386
290.130615 -128.325226
290.130712 -133.294342
290.130808 -130.645935
290.130904 -126.153336
290.131000 -126.140335
290.131096 -123.682999
290.131192 -122.609329
290.131288 -120.069374
290.131385 -119.612915
290.131481 -120.057335
290.131577 -122.656120
290.131673 -126.558548
290.131769 -125.249306
290.131865 -127.019455
290.131962 -125.974663
290.132058 -125.989990
290.132154 -128.122589
290.132250 -129.475861
290.132346 -126.428810
290.132442 -125.739952
290.132538 -122.731941
290.132635 -122.189911
290.132731 -122.962044
290.132827 -125.588326
290.132923 -122.907600
290.133019 -122.907951
290.133115 -126.127991
290.133212 -127.434372
290.133308 -127.038994
290.133404 -127.844398
290.133500 -125.528442
290.133596 -123.471146
290.133692 -122.878029
290.133788 -123.526421
290.133885 -129.168854
290.133981 -129.786560
290.134077 -130.633316
290.134173 -126.094856
290.134269 -125.432617
290.134365 -126.811966
290.134462 -132.393890
290.134558 -127.663017
290.134654 -127.672722
290.134750 -128.837601
290.134846 -129.720703
290.134942 -132.627655
290.135038 -132.672806
290.135135 -123.971169
290.135231 -122.281174
290.135327 -122.355278
290.135423 -122.731766
290.135519 -125.776245
290.135615 -125.981422
290.135712 -121.777184
290.135808 -120.763710
290.135904 -121.339020
290.136000 -122.498093
290.136096 -123.603073
290.136192 -126.755066
290.136288 -126.701370
290.136385 -130.861755
290.136481 -130.789230
290.136577 -132.581329
290.136673 -135.241989
290.136769 -129.654205
290.136865 -123.632301
290.136962 -120.866646
290.137058 -120.869270
290.137154 -123.536858
290.137250 -124.830566
290.137346 -124.850670
290.137442 -126.686890
290.137538 -130.041565
290.137635 -126.714676
290.137731 -123.650185
290.137827 -123.669983
290.137923 -130.671402
290.138019 -126.891991
290.138115 -121.864204
290.138212 -121.069122
290.138308 -122.109062
290.138404 -123.598915
290.138500 -122.724297
290.138596 -124.371155
290.138692 -132.730026
290.138788 -132.896179
290.138885 -132.041992
290.138981 -132.328186
290.139077 -128.546310
290.139173 -128.413712
290.139269 -131.366379
290.139365 -135.875107
290.139462 -137.747543
290.139558 -127.585434
290.139654 -120.824463
290.139750 -118.780548
290.139846 -118.856407
290.139942 -123.077225
290.140038 -127.802948
290.140135 -128.979996
290.140231 -132.307129
290.140327 -130.914307
290.140423 -127.588516
290.140519 -125.390907
290.140615 -125.360779
290.140712 -127.040680
290.140808 -129.779556
290.140904 -130.294952
290.141000 -132.041550
290.141096 -132.272507
290.141192 -126.415825
290.141288 -124.097710
290.141385 -123.962662
290.141481 -124.190430
290.141577 -124.486961
290.141673 -125.534645
290.141769 -129.329514
290.141865 -125.585976
290.141962 -125.586739
290.142058 -128.815811
290.142154 -134.761932
290.142250 -135.411545
290.142346 -124.829582
290.142442 -123.197792
290.142538 -124.092079
290.142635 -128.934586
290.142731 -132.799973
290.142827 -136.446777
290.142923 -137.036621
290.143019 -125.021553
290.143115 -124.226517
290.143212 -125.407143
290.143308 -127.774490
290.143404 -125.429253
290.143500 -125.429398
290.143596 -127.707687
290.143692 -132.406601
290.143788 -128.793488
290.143885 -123.684097
290.143981 -123.099541
290.144077 -123.581505
290.144173 -124.639030
290.144269 -126.549454
290.144365 -132.851791
290.144462 -130.376266
290.144558 -123.436722
290.144654 -122.865288
290.144750 -124.162521
290.144846 -124.133011
290.144942 -123.031105
290.145038 -123.533775
290.145135 -125.805511
290.145231 -129.512299
290.145327 -128.534348
290.145423 -130.490463
290.145519 -125.858398
290.145615 -124.618301
290.145712 -124.773911
290.145808 -129.066711
290.145904 -122.179924
290.146000 -119.230675
290.146096 -119.235970
290.146192 -123.111435
290.146288 -130.702469
290.146385 -133.000504
290.146481 -126.431686
290.146577 -123.447281
290.146673 -123.254448
290.146769 -124.139313
290.146865 -126.226761
290.146962 -125.935768
290.147058 -123.333817
290.147154 -121.328369
290.147250 -121.691345
290.147346 -131.807861
290.147442 -125.134529
290.147538 -122.199471
290.147635 -121.897385
290.147731 -122.344162
290.147827 -126.709267
290.147923 -130.562256
290.148019 -131.301041
290.148115 -125.359306
290.148212 -122.130707
290.148308 -122.209816
290.148404 -129.414307
290.148500 -129.803711
290.148596 -129.102371
290.148692 -125.837875
290.148788 -123.958321
290.148885 -123.991333
290.148981 -123.818504
290.149077 -124.173523
290.149173 -125.629402
290.149269 -125.731796
290.149365 -130.334946
290.149462 -129.781815
290.149558 -125.367973
290.149654 -125.400162
290.149750 -126.785004
290.149846 -120.436119
290.149942 -118.792282
290.150038 -119.236000
290.150135 -126.091629
290.150231 -124.895790
290.150327 -123.975113
290.150423 -124.701332
290.150519 -135.177048
290.150615 -132.916794
290.150712 -132.374252
290.150808 -125.490349
290.150904 -123.819778
290.151000 -124.161034
