567.876000 -128.369629
567.876010 -129.036514
567.876019 -129.818649
567.876029 -130.729752
567.876038 -131.779831
567.876048 -132.966660
567.876058 -134.249817
567.876067 -135.518768
567.876077 -136.570145
567.876087 -137.194733
567.876096 -137.341660
567.876106 -137.339203
567.876115 -137.406006
567.876125 -137.829498
567.876135 -138.852661
567.876144 -140.761322
567.876154 -144.241516
567.876163 -146.585266
567.876173 -140.539337
567.876183 -136.636627
567.876192 -133.937592
567.876202 -131.981064
567.876212 -130.549698
567.876221 -129.526154
567.876231 -128.846085
567.876240 -128.472046
567.876250 -128.379410
567.876260 -128.383423
567.876269 -128.571136
567.876279 -129.045288
567.876288 -129.817337
567.876298 -130.904068
567.876308 -132.312454
567.876317 -134.010330
567.876327 -135.829254
567.876337 -137.320404
567.876346 -137.450714
567.876356 -136.621445
567.876365 -135.825958
567.876375 -135.198654
567.876385 -134.709641
567.876394 -134.275833
567.876404 -133.813690
567.876413 -133.284744
567.876423 -132.702438
567.876433 -132.119492
567.876442 -131.592896
567.876452 -131.167358
567.876462 -130.864273
567.876471 -130.685760
567.876481 -130.605316
567.876490 -130.589249
567.876500 -130.588760
567.876510 -130.618973
567.876519 -130.654922
567.876529 -130.673447
567.876538 -130.655334
567.876548 -130.626495
567.876558 -130.603790
567.876567 -130.595673
567.876577 -130.578918
567.876587 -130.515900
567.876596 -130.368454
567.876606 -130.120728
567.876615 -129.791107
567.876625 -129.427460
567.876635 -129.088516
567.876644 -128.826813
567.876654 -128.680008
567.876663 -128.659836
567.876673 -128.668777
567.876683 -128.799210
567.876692 -129.063370
567.876702 -129.444351
567.876712 -129.917343
567.876721 -130.459244
567.876731 -131.055054
567.876740 -131.711380
567.876750 -132.458405
567.876760 -133.350677
567.876769 -134.421936
567.876779 -135.691391
567.876788 -137.040283
567.876798 -137.941498
567.876808 -136.694534
567.876817 -135.068527
567.876827 -133.619232
567.876837 -132.540054
567.876846 -131.879227
567.876856 -131.648148
567.876865 -131.630157
567.876875 -131.868179
567.876885 -132.596710
567.876894 -133.889816
567.876904 -135.827499
567.876913 -138.119247
567.876923 -137.131302
567.876933 -134.163025
567.876942 -131.661331
567.876952 -129.724960
567.876962 -128.245697
567.876971 -127.126488
567.876981 -126.296288
567.876990 -125.705292
567.877000 -125.315910
567.877010 -125.094612
567.877019 -125.010963
567.877029 -125.009644
567.877038 -125.044434
567.877048 -125.164345
567.877058 -125.335228
567.877067 -125.518265
567.877077 -125.675018
567.877087 -125.775200
567.877096 -125.763687
567.877106 -125.673241
567.877115 -125.557907
567.877125 -125.443611
567.877135 -125.351860
567.877144 -125.299271
567.877154 -125.291954
567.877163 -125.297775
567.877173 -125.350998
567.877183 -125.474022
567.877192 -125.674911
567.877202 -125.959694
567.877212 -126.333084
567.877221 -126.793854
567.877231 -127.332886
567.877240 -127.925690
567.877250 -128.523804
567.877260 -129.065582
567.877269 -129.476944
567.877279 -129.699905
567.877288 -129.606018
567.877298 -129.358887
567.877308 -129.076050
567.877317 -128.807251
567.877327 -128.581772
567.877337 -128.414291
567.877346 -128.309296
567.877356 -128.264709
567.877365 -128.257111
567.877375 -128.264206
567.877385 -128.297867
567.877394 -128.329773
567.877404 -128.252640
567.877413 -128.042847
567.877423 -127.719704
567.877433 -127.323914
567.877442 -126.918678
567.877452 -126.568909
567.877462 -126.329208
567.877471 -126.230125
567.877481 -126.214600
567.877490 -126.304657
567.877500 -126.583588
567.877510 -127.056404
567.877519 -127.722137
567.877529 -128.573242
567.877538 -129.601852
567.877548 -130.804153
567.877558 -132.206818
567.877567 -133.896515
567.877577 -136.082596
567.877587 -139.267944
567.877596 -145.005280
567.877606 -143.285034
567.877615 -137.405807
567.877625 -133.891022
567.877635 -131.475143
567.877644 -129.740082
567.877654 -128.495575
567.877663 -127.639961
567.877673 -127.112007
567.877683 -126.873436
567.877692 -126.847450
567.877702 -126.899467
567.877712 -127.177017
567.877721 -127.700050
567.877731 -128.475372
567.877740 -129.524979
567.877750 -130.896988
567.877760 -132.688095
567.877769 -135.099319
567.877779 -138.588806
567.877788 -144.556686
567.877798 -143.091431
567.877808 -137.671219
567.877817 -134.359100
567.877827 -132.036682
567.877837 -130.312469
567.877846 -129.003998
567.877856 -128.015411
567.877865 -127.289734
567.877875 -126.790901
567.877885 -126.493744
567.877894 -126.380096
567.877904 -126.366348
567.877913 -126.427017
567.877923 -126.640930
567.877933 -126.996849
567.877942 -127.477814
567.877952 -128.060822
567.877962 -128.708954
567.877971 -129.367264
567.877981 -129.957626
567.877990 -130.390793
567.878000 -130.594162
567.878010 -130.353424
567.878019 -129.984528
567.878029 -129.577087
567.878038 -129.192780
567.878048 -128.869720
567.878058 -128.625458
567.878067 -128.465744
567.878077 -128.388000
567.878087 -128.373260
567.878096 -128.383102
567.878106 -128.452850
567.878115 -128.579681
567.878125 -128.758347
567.878135 -128.980148
567.878144 -129.229950
567.878154 -129.497772
567.878163 -129.762177
567.878173 -129.990814
567.878183 -130.142899
567.878192 -130.071487
567.878202 -129.831848
567.878212 -129.497192
567.878221 -129.122238
567.878231 -128.760681
567.878240 -128.453781
567.878250 -128.220047
567.878260 -128.083969
567.878269 -128.049469
567.878279 -128.050598
567.878288 -128.140823
567.878298 -128.348648
567.878308 -128.677338
567.878317 -129.133606
567.878327 -129.719574
567.878337 -130.421402
567.878346 -131.234665
567.878356 -132.128418
567.878365 -133.046082
567.878375 -133.900940
567.878385 -134.586533
567.878394 -135.008804
567.878404 -134.984482
567.878413 -134.643784
567.878423 -134.184555
567.878433 -133.653412
567.878442 -133.119476
567.878452 -132.622772
567.878462 -132.197510
567.878471 -131.877411
567.878481 -131.691940
567.878490 -131.646362
567.878500 -131.656464
567.878510 -131.830750
567.878519 -132.220215
567.878529 -132.849167
567.878538 -133.764557
567.878548 -135.022888
567.878558 -136.682816
567.878567 -138.798386
567.878577 -141.181778
567.878587 -140.763153
567.878596 -137.928818
567.878606 -135.377914
567.878615 -133.330048
567.878625 -131.728241
567.878635 -130.496643
567.878644 -129.581345
567.878654 -128.943939
567.878663 -128.554184
567.878673 -128.389587
567.878683 -128.379440
567.878692 -128.433594
567.878702 -128.673553
567.878712 -129.100952
567.878721 -129.710907
567.878731 -130.501266
567.878740 -131.468948
567.878750 -132.600693
567.878760 -133.840988
567.878769 -135.023773
567.878779 -135.826584
567.878788 -135.105408
567.878798 -133.754074
567.878808 -132.287323
567.878817 -130.921936
567.878827 -129.736374
567.878837 -128.749161
567.878846 -127.953682
567.878856 -127.326218
567.878865 -126.848846
567.878875 -126.501945
567.878885 -126.254997
567.878894 -126.072731
567.878904 -125.917511
567.878913 -125.753098
567.878923 -125.551140
567.878933 -125.296715
567.878942 -124.991226
567.878952 -124.649956
567.878962 -124.296577
567.878971 -123.957298
567.878981 -123.656525
567.878990 -123.415176
567.879000 -123.250237
567.879010 -123.175903
567.879019 -123.172791
567.879029 -123.198364
567.879038 -123.332123
567.879048 -123.589310
567.879058 -123.980682
567.879067 -124.517403
567.879077 -125.212997
567.879087 -126.082771
567.879096 -127.145676
567.879106 -128.421967
567.879115 -129.930817
567.879125 -131.672516
567.879135 -133.582565
567.879144 -135.399963
567.879154 -136.644760
567.879163 -136.545227
567.879173 -135.879181
567.879183 -135.378098
567.879192 -135.175430
567.879202 -135.152527
567.879212 -135.300903
567.879221 -135.723419
567.879231 -136.328384
567.879240 -136.964844
567.879250 -136.947983
567.879260 -135.863251
567.879269 -134.344986
567.879279 -132.722092
567.879288 -131.179138
567.879298 -129.788788
567.879308 -128.574844
567.879317 -127.541618
567.879327 -126.689545
567.879337 -126.018242
567.879346 -125.530365
567.879356 -125.231148
567.879365 -125.130592
567.879375 -125.130638
567.879385 -125.243965
567.879394 -125.592972
567.879404 -126.208694
567.879413 -127.136848
567.879423 -128.437088
567.879433 -130.210938
567.879442 -132.617310
567.879452 -135.871811
567.879462 -139.757080
567.879471 -138.207916
567.879481 -135.484879
567.879490 -133.635529
567.879500 -132.422073
567.879510 -131.694427
567.879519 -131.316833
567.879529 -131.205399
567.879538 -131.205490
567.879548 -131.317673
567.879558 -131.649261
567.879567 -132.237045
567.879577 -133.162796
567.879587 -134.570831
567.879596 -136.724411
567.879606 -140.148575
567.879615 -146.218231
567.879625 -141.628647
567.879635 -137.281403
567.879644 -134.584824
567.879654 -132.843781
567.879663 -131.747543
567.879673 -131.140823
567.879683 -130.938171
567.879692 -130.937515
567.879702 -131.085312
567.879712 -131.541382
567.879721 -132.261902
567.879731 -133.176483
567.879740 -134.141144
567.879750 -134.885162
567.879760 -134.460098
567.879769 -133.317108
567.879779 -131.963058
567.879788 -130.634750
567.879798 -129.441330
567.879808 -128.422150
567.879817 -127.583908
567.879827 -126.920753
567.879837 -126.419998
567.879846 -126.066597
567.879856 -125.843353
567.879865 -125.732887
567.879875 -125.713753
567.879885 -125.717377
567.879894 -125.780479
567.879904 -125.907539
567.879913 -126.088058
567.879923 -126.315521
567.879933 -126.588501
567.879942 -126.908096
567.879952 -127.275703
567.879962 -127.686180
567.879971 -128.114380
567.879981 -128.547256
567.879990 -128.943924
567.880000 -129.260406
567.880010 -129.469330
567.880019 -129.565262
567.880029 -129.537735
567.880038 -129.483795
567.880048 -129.454620
567.880058 -129.454636
567.880067 -129.493469
567.880077 -129.624954
567.880087 -129.877609
567.880096 -130.290878
567.880106 -130.925644
567.880115 -131.873611
567.880125 -133.280365
567.880135 -135.348297
567.880144 -138.478882
567.880154 -142.103439
567.880163 -137.272003
567.880173 -133.591522
567.880183 -130.990341
567.880192 -129.107422
567.880202 -127.732269
567.880212 -126.747231
567.880221 -126.082405
567.880231 -125.689156
567.880240 -125.534760
567.880250 -125.531822
567.880260 -125.597961
567.880269 -125.864838
567.880279 -126.328796
567.880288 -126.989258
567.880298 -127.851341
567.880308 -128.924438
567.880317 -130.217987
567.880327 -131.735214
567.880337 -133.478729
567.880346 -135.410370
567.880356 -137.416977
567.880365 -139.249435
567.880375 -140.532425
567.880385 -140.834518
567.880394 -140.194504
567.880404 -139.366623
567.880413 -138.548370
567.880423 -137.857773
567.880433 -137.365997
567.880442 -137.139297
567.880452 -137.109055
567.880462 -137.194992
567.880471 -137.592453
567.880481 -138.317871
567.880490 -139.333374
567.880500 -140.462585
567.880510 -140.949036
567.880519 -139.393250
567.880529 -137.389511
567.880538 -135.492233
567.880548 -133.895813
567.880558 -132.639206
567.880567 -131.718933
567.880577 -131.121628
567.880587 -130.835068
567.880596 -130.785095
567.880606 -130.834045
567.880615 -131.141357
567.880625 -131.708801
567.880635 -132.496307
567.880644 -133.420013
567.880654 -134.299011
567.880663 -134.855103
567.880673 -134.163651
567.880683 -132.984879
567.880692 -131.606827
567.880702 -130.210526
567.880712 -128.888351
567.880721 -127.682198
567.880731 -126.611145
567.880740 -125.682678
567.880750 -124.899963
567.880760 -124.263542
567.880769 -123.774139
567.880779 -123.433014
567.880788 -123.243935
567.880798 -123.199860
567.880808 -123.204361
567.880817 -123.348709
567.880827 -123.676254
567.880837 -124.208504
567.880846 -124.982307
567.880856 -126.047165
567.880865 -127.478600
567.880875 -129.402451
567.880885 -132.048111
567.880894 -135.899521
567.880904 -141.978760
567.880913 -138.725952
567.880923 -134.975418
567.880933 -132.737091
567.880942 -131.361282
567.880952 -130.551453
567.880962 -130.144424
567.880971 -130.026474
567.880981 -130.015900
567.880990 -130.111954
567.881000 -130.323044
567.881010 -130.560089
567.881019 -130.738342
567.881029 -130.775024
567.881038 -130.635742
567.881048 -130.494980
567.881058 -130.431107
567.881067 -130.424454
567.881077 -130.547012
567.881087 -130.901184
567.881096 -131.558838
567.881106 -132.600952
567.881115 -134.113525
567.881125 -136.245377
567.881135 -139.138382
567.881144 -142.476074
567.881154 -141.369446
567.881163 -138.965134
567.881173 -137.231506
567.881183 -135.999573
567.881192 -135.008102
567.881202 -133.965744
567.881212 -132.700958
567.881221 -131.238419
567.881231 -129.725128
567.881240 -128.307877
567.881250 -127.076897
567.881260 -126.074974
567.881269 -125.316780
567.881279 -124.805565
567.881288 -124.535049
567.881298 -124.491806
567.881308 -124.510689
567.881317 -124.743042
567.881327 -125.246643
567.881337 -126.049736
567.881346 -127.200691
567.881356 -128.783310
567.881365 -130.947708
567.881375 -133.983902
567.881385 -138.461472
567.881394 -140.802094
567.881404 -136.266068
567.881413 -133.378143
567.881423 -131.496536
567.881433 -130.250137
567.881442 -129.446228
567.881452 -128.976074
567.881462 -128.772385
567.881471 -128.757294
567.881481 -128.792953
567.881490 -129.009766
567.881500 -129.404831
567.881510 -129.964630
567.881519 -130.674667
567.881529 -131.509033
567.881538 -132.415649
567.881548 -133.299377
567.881558 -134.019836
567.881567 -134.439240
567.881577 -134.331024
567.881587 -134.046265
567.881596 -133.790115
567.881606 -133.631805
567.881615 -133.582886
567.881625 -133.582764
567.881635 -133.604004
567.881644 -133.531738
567.881654 -133.276810
567.881663 -132.848206
567.881673 -132.305740
567.881683 -131.735840
567.881692 -131.215637
567.881702 -130.796951
567.881712 -130.507385
567.881721 -130.357468
567.881731 -130.337860
567.881740 -130.346207
567.881750 -130.465424
567.881760 -130.701492
567.881769 -131.037750
567.881779 -131.455322
567.881788 -131.936203
567.881798 -132.467728
567.881808 -133.050323
567.881817 -133.704208
567.881827 -134.475098
567.881837 -135.401154
567.881846 -136.563080
567.881856 -137.942108
567.881865 -139.144150
567.881875 -137.585632
567.881885 -135.075592
567.881894 -132.660370
567.881904 -130.583664
567.881913 -128.851959
567.881923 -127.421745
567.881933 -126.248802
567.881942 -125.295815
567.881952 -124.533455
567.881962 -123.938461
567.881971 -123.492722
567.881981 -123.181976
567.881990 -122.994858
567.882000 -122.921959
567.882010 -122.911781
567.882019 -122.950027
567.882029 -123.084602
567.882038 -123.307236
567.882048 -123.606247
567.882058 -123.969543
567.882067 -124.377808
567.882077 -124.803528
567.882087 -125.211662
567.882096 -125.564690
567.882106 -125.824303
567.882115 -125.964081
567.882125 -125.913559
567.882135 -125.755898
567.882144 -125.577805
567.882154 -125.425049
567.882163 -125.335030
567.882173 -125.318565
567.882183 -125.335373
567.882192 -125.442574
567.882202 -125.660706
567.882212 -126.000290
567.882221 -126.455299
567.882231 -127.008568
567.882240 -127.627899
567.882250 -128.260437
567.882260 -128.829559
567.882269 -129.241974
567.882279 -129.307861
567.882288 -128.949753
567.882298 -128.411545
567.882308 -127.776611
567.882317 -127.113831
567.882327 -126.472816
567.882337 -125.885872
567.882346 -125.374832
567.882356 -124.954124
567.882365 -124.634949
567.882375 -124.425423
567.882385 -124.332207
567.882394 -124.329681
567.882404 -124.359100
567.882413 -124.506752
567.882423 -124.769897
567.882433 -125.136032
567.882442 -125.581543
567.882452 -126.070206
567.882462 -126.552780
567.882471 -126.975258
567.882481 -127.292091
567.882490 -127.484329
567.882500 -127.566422
567.882510 -127.575020
567.882519 -127.575203
567.882529 -127.600121
567.882538 -127.689903
567.882548 -127.857704
567.882558 -128.125427
567.882567 -128.494522
567.882577 -128.956741
567.882587 -129.493683
567.882596 -130.080246
567.882606 -130.686447
567.882615 -131.293671
567.882625 -131.901733
567.882635 -132.540131
567.882644 -133.267151
567.882654 -134.187805
567.882663 -135.447784
567.882673 -137.274124
567.882683 -140.085190
567.882692 -144.819199
567.882702 -143.608688
567.882712 -138.376297
567.882721 -134.980240
567.882731 -132.551636
567.882740 -130.712036
567.882750 -129.285507
567.882760 -128.160645
567.882769 -127.265244
567.882779 -126.550453
567.882788 -125.980621
567.882798 -125.529930
567.882808 -125.178604
567.882817 -124.911896
567.882827 -124.716873
567.882837 -124.579605
567.882846 -124.500381
567.882856 -124.472626
567.882865 -124.468674
567.882875 -124.497719
567.882885 -124.583900
567.882894 -124.733170
567.882904 -124.955078
567.882913 -125.261429
567.882923 -125.666870
567.882933 -126.187164
567.882942 -126.840782
567.882952 -127.650414
567.882962 -128.637558
567.882971 -129.816986
567.882981 -131.156189
567.882990 -132.505585
567.883000 -133.421417
567.883010 -132.175507
567.883019 -130.396774
567.883029 -128.616348
567.883038 -127.044304
567.883048 -125.732758
567.883058 -124.681953
567.883067 -123.879944
567.883077 -123.313011
567.883087 -122.968246
567.883096 -122.826416
567.883106 -122.823746
567.883115 -122.886734
567.883125 -123.137367
567.883135 -123.564697
567.883144 -124.152870
567.883154 -124.882301
567.883163 -125.729950
567.883173 -126.668999
567.883183 -127.669899
567.883192 -128.700821
567.883202 -129.727432
567.883212 -130.709991
567.883221 -131.599869
567.883231 -132.336349
567.883240 -132.853104
567.883250 -133.066010
567.883260 -132.804092
567.883269 -132.402817
567.883279 -131.961594
567.883288 -131.563568
567.883298 -131.267365
567.883308 -131.088745
567.883317 -131.040482
567.883327 -131.037247
567.883337 -131.116333
567.883346 -131.267593
567.883356 -131.412323
567.883365 -131.359238
567.883375 -131.015060
567.883385 -130.512268
567.883394 -129.945053
567.883404 -129.406860
567.883413 -128.968857
567.883423 -128.676407
567.883433 -128.557327
567.883442 -128.544586
567.883452 -128.623489
567.883462 -128.893784
567.883471 -129.357986
567.883481 -130.013214
567.883490 -130.837189
567.883500 -131.781738
567.883510 -132.749771
567.883519 -133.566544
567.883529 -134.025925
567.883538 -133.500443
567.883548 -132.633209
567.883558 -131.600754
567.883567 -130.522919
567.883577 -129.473404
567.883587 -128.506653
567.883596 -127.645226
567.883606 -126.901344
567.883615 -126.282532
567.883625 -125.792259
567.883635 -125.432121
567.883644 -125.201172
567.883654 -125.096802
567.883663 -125.090347
567.883673 -125.112671
567.883683 -125.230049
567.883692 -125.435265
567.883702 -125.704002
567.883712 -125.999123
567.883721 -126.281792
567.883731 -126.512520
567.883740 -126.664291
567.883750 -126.730766
567.883760 -126.699570
567.883769 -126.654137
567.883779 -126.638443
567.883788 -126.640282
567.883798 -126.681084
567.883808 -126.796066
567.883817 -127.001648
567.883827 -127.298538
567.883837 -127.675331
567.883846 -128.099945
567.883856 -128.511398
567.883865 -128.811127
567.883875 -128.613937
567.883885 -128.008774
567.883894 -127.147469
567.883904 -126.158051
567.883913 -125.154243
567.883923 -124.215240
567.883933 -123.389343
567.883942 -122.704834
567.883952 -122.178146
567.883962 -121.819344
567.883971 -121.635361
567.883981 -121.614967
567.883990 -121.631844
567.884000 -121.813919
567.884010 -122.186615
567.884019 -122.755524
567.884029 -123.526230
567.884038 -124.503075
567.884048 -125.686195
567.884058 -127.065720
567.884067 -128.610489
567.884077 -130.251511
567.884087 -131.867752
567.884096 -133.306320
567.884106 -134.462036
567.884115 -135.366425
567.884125 -136.158615
567.884135 -136.945465
567.884144 -137.721085
567.884154 -138.363785
567.884163 -138.355804
567.884173 -137.529724
567.884183 -136.472473
567.884192 -135.383316
567.884202 -134.331787
567.884212 -133.308411
567.884221 -132.284409
567.884231 -131.244278
567.884240 -130.199890
567.884250 -129.180069
567.884260 -128.218216
567.884269 -127.338715
567.884279 -126.554276
567.884288 -125.864601
567.884298 -125.260704
567.884308 -124.727142
567.884317 -124.247375
567.884327 -123.806450
567.884337 -123.395386
567.884346 -123.012367
567.884356 -122.663300
567.884365 -122.360008
567.884375 -122.118019
567.884385 -121.953621
567.884394 -121.882141
567.884404 -121.870499
567.884413 -121.911285
567.884423 -122.067116
567.884433 -122.343300
567.884442 -122.742249
567.884452 -123.263069
567.884462 -123.896370
567.884471 -124.623940
567.884481 -125.416199
567.884490 -126.229683
567.884500 -127.007172
567.884510 -127.679573
567.884519 -128.200653
567.884529 -128.548935
567.884538 -128.743256
567.884548 -128.833023
567.884558 -128.880844
567.884567 -128.945313
567.884577 -129.074387
567.884587 -129.297562
567.884596 -129.646759
567.884606 -130.140747
567.884615 -130.790863
567.884625 -131.611664
567.884635 -132.611526
567.884644 -133.796219
567.884654 -135.165680
567.884663 -136.698364
567.884673 -138.305847
567.884683 -139.727722
567.884692 -140.108398
567.884702 -138.928894
567.884712 -137.474686
567.884721 -136.082794
567.884731 -134.872101
567.884740 -133.853836
567.884750 -132.996002
567.884760 -132.244308
567.884769 -131.537140
567.884779 -130.819275
567.884788 -130.060104
567.884798 -129.261444
567.884808 -128.453445
567.884817 -127.677681
567.884827 -126.972946
567.884837 -126.366432
567.884846 -125.872963
567.884856 -125.492310
567.884865 -125.220856
567.884875 -125.060730
567.884885 -125.003929
567.884894 -124.997620
567.884904 -125.048805
567.884913 -125.205971
567.884923 -125.475044
567.884933 -125.870811
567.884942 -126.418236
567.884952 -127.148018
567.884962 -128.102203
567.884971 -129.337631
567.884981 -130.932480
567.884990 -132.982407
567.885000 -135.518997
567.885010 -137.897934
567.885019 -135.928406
567.885029 -133.370468
567.885038 -131.294006
567.885048 -129.705963
567.885058 -128.515396
567.885067 -127.639801
567.885077 -127.036392
567.885087 -126.665276
567.885096 -126.498466
567.885106 -126.484558
567.885115 -126.514923
567.885125 -126.689301
567.885135 -127.009796
567.885144 -127.455360
567.885154 -127.996254
567.885163 -128.585968
567.885173 -129.154984
567.885183 -129.625839
567.885192 -129.920532
567.885202 -129.900131
567.885212 -129.622192
567.885221 -129.272568
567.885231 -128.918732
567.885240 -128.606186
567.885250 -128.358780
567.885260 -128.181229
567.885269 -128.085403
567.885279 -128.064087
567.885288 -128.065887
567.885298 -128.112274
567.885308 -128.210480
567.885317 -128.342102
567.885327 -128.485977
567.885337 -128.617706
567.885346 -128.713058
567.885356 -128.712875
567.885365 -128.594482
567.885375 -128.397125
567.885385 -128.122894
567.885394 -127.795349
567.885404 -127.434158
567.885413 -127.058052
567.885423 -126.684631
567.885433 -126.329689
567.885442 -126.007591
567.885452 -125.730553
567.885462 -125.508949
567.885471 -125.349884
567.885481 -125.256554
567.885490 -125.225021
567.885500 -125.222466
567.885510 -125.250221
567.885519 -125.307198
567.885529 -125.376366
567.885538 -125.437767
567.885548 -125.459763
567.885558 -125.407272
567.885567 -125.324875
567.885577 -125.224899
567.885587 -125.136757
567.885596 -125.086075
567.885606 -125.067940
567.885615 -125.076820
567.885625 -125.146294
567.885635 -125.288017
567.885644 -125.502480
567.885654 -125.788109
567.885663 -126.143188
567.885673 -126.569466
567.885683 -127.073494
567.885692 -127.668808
567.885702 -128.374451
567.885712 -129.209747
567.885721 -130.204086
567.885731 -131.386810
567.885740 -132.787064
567.885750 -134.434906
567.885760 -136.367615
567.885769 -138.640091
567.885779 -141.360336
567.885788 -144.716461
567.885798 -148.948639
567.885808 -149.335403
567.885817 -145.129944
567.885827 -141.983612
567.885837 -139.670334
567.885846 -137.988159
567.885856 -136.843521
567.885865 -136.205368
567.885875 -136.068161
567.885885 -136.088013
567.885894 -136.541168
567.885904 -137.626770
567.885913 -139.250061
567.885923 -138.816086
567.885933 -135.656677
567.885942 -132.706116
567.885952 -130.335022
567.885962 -128.488007
567.885971 -127.071655
567.885981 -126.012863
567.885990 -125.257103
567.886000 -124.764236
567.886010 -124.502350
567.886019 -124.441544
567.886029 -124.445473
567.886038 -124.570030
567.886048 -124.853218
567.886058 -125.271149
567.886067 -125.797653
567.886077 -126.402191
567.886087 -127.049759
567.886096 -127.700378
567.886106 -128.312302
567.886115 -128.846451
567.886125 -129.273651
567.886135 -129.580597
567.886144 -129.771866
567.886154 -129.867096
567.886163 -129.881271
567.886173 -129.853668
567.886183 -129.818726
567.886192 -129.799591
567.886202 -129.792938
567.886212 -129.801315
567.886221 -129.840042
567.886231 -129.913757
567.886240 -130.028610
567.886250 -130.195511
567.886260 -130.431366
567.886269 -130.757034
567.886279 -131.186050
567.886288 -131.740585
567.886298 -132.387466
567.886308 -133.096191
567.886317 -133.738251
567.886327 -133.954071
567.886337 -133.300232
567.886346 -132.334717
567.886356 -131.301193
567.886365 -130.361954
567.886375 -129.597916
567.886385 -129.039490
567.886394 -128.693832
567.886404 -128.571198
567.886413 -128.565735
567.886423 -128.669281
567.886433 -128.984650
567.886442 -129.513412
567.886452 -130.250183
567.886462 -131.184219
567.886471 -132.295410
567.886481 -133.543625
567.886490 -134.855026
567.886500 -136.099869
567.886510 -137.076462
567.886519 -137.350052
567.886529 -136.538620
567.886538 -135.336380
567.886548 -133.985596
567.886558 -132.658630
567.886567 -131.456604
567.886577 -130.432053
567.886587 -129.610672
567.886596 -129.003113
567.886606 -128.613037
567.886615 -128.440201
567.886625 -128.426987
567.886635 -128.483185
567.886644 -128.738647
567.886654 -129.202301
567.886663 -129.865372
567.886673 -130.710388
567.886683 -131.696594
567.886692 -132.734650
567.886702 -133.627457
567.886712 -134.063477
567.886721 -133.384933
567.886731 -132.383957
567.886740 -131.320618
567.886750 -130.353241
567.886760 -129.559097
567.886769 -128.969971
567.886779 -128.592468
567.886788 -128.441162
567.886798 -128.438660
567.886808 -128.516632
567.886817 -128.818634
567.886827 -129.346176
567.886837 -130.099167
567.886846 -131.076691
567.886856 -132.277496
567.886865 -133.696487
567.886875 -135.320496
567.886885 -137.107452
567.886894 -138.928146
567.886904 -140.579590
567.886913 -141.685776
567.886923 -141.459839
567.886933 -140.476761
567.886942 -139.305099
567.886952 -138.143005
567.886962 -137.069550
567.886971 -136.128708
567.886981 -135.351700
567.886990 -134.759476
567.887000 -134.366318
567.887010 -134.177261
567.887019 -134.170425
567.887029 -134.191177
567.887038 -134.396561
567.887048 -134.774139
567.887058 -135.295532
567.887067 -135.928741
567.887077 -136.646759
567.887087 -137.442459
567.887096 -138.341934
567.887106 -139.406494
567.887115 -140.710098
567.887125 -142.239899
567.887135 -143.549438
567.887144 -141.693130
567.887154 -139.211777
567.887163 -136.944366
567.887173 -135.084396
567.887183 -133.626282
567.887192 -132.531921
567.887202 -131.767059
567.887212 -131.307632
567.887221 -131.136108
567.887231 -131.134369
567.887240 -131.239975
567.887250 -131.602036
567.887260 -132.192642
567.887269 -132.945694
567.887279 -133.728683
567.887288 -134.319382
567.887298 -134.115662
567.887308 -133.382187
567.887317 -132.502121
567.887327 -131.636917
567.887337 -130.864029
567.887346 -130.208572
567.887356 -129.672165
567.887365 -129.248642
567.887375 -128.932495
567.887385 -128.720901
567.887394 -128.615356
567.887404 -128.603912
567.887413 -128.619354
567.887423 -128.734924
567.887433 -128.978851
567.887442 -129.362411
567.887452 -129.899780
567.887462 -130.608185
567.887471 -131.511383
567.887481 -132.641190
567.887490 -134.044174
567.887500 -135.786789
567.887510 -137.952560
567.887519 -140.659668
567.887529 -144.003418
567.887538 -147.443634
567.887548 -146.680939
567.887558 -144.809937
567.887567 -143.394501
567.887577 -142.352036
567.887587 -141.429031
567.887596 -140.459488
567.887606 -139.418289
567.887615 -138.392166
567.887625 -137.491028
567.887635 -136.802887
567.887644 -136.381485
567.887654 -136.255600
567.887663 -136.254837
567.887673 -136.481873
567.887683 -137.075943
567.887692 -138.108444
567.887702 -139.687637
567.887712 -141.993988
567.887721 -145.274170
567.887731 -148.077087
567.887740 -144.289001
567.887750 -141.265610
567.887760 -139.094803
567.887769 -137.501465
567.887779 -136.292877
567.887788 -135.333878
567.887798 -134.525360
567.887808 -133.789337
567.887817 -133.069717
567.887827 -132.330597
567.887837 -131.559006
567.887846 -130.760345
567.887856 -129.953751
567.887865 -129.164886
567.887875 -128.421707
567.887885 -127.751068
567.887894 -127.177887
567.887904 -126.724823
567.887913 -126.413353
567.887923 -126.264114
567.887933 -126.248985
567.887942 -126.298836
567.887952 -126.542595
567.887962 -127.024467
567.887971 -127.785179
567.887981 -128.883835
567.887990 -130.414764
567.888000 -132.543045
567.888010 -135.587631
567.888019 -140.159531
567.888029 -140.614227
567.888038 -136.057709
567.888048 -133.030350
567.888058 -130.889389
567.888067 -129.285370
567.888077 -128.032501
567.888087 -127.022034
567.888096 -126.186432
567.888106 -125.482925
567.888115 -124.884911
567.888125 -124.376221
567.888135 -123.947289
567.888144 -123.591873
567.888154 -123.304886
567.888163 -123.080956
567.888173 -122.913414
567.888183 -122.794563
567.888192 -122.715866
567.888202 -122.668564
567.888212 -122.643753
567.888221 -122.633392
567.888231 -122.638039
567.888240 -122.665321
567.888250 -122.721313
567.888260 -122.813583
567.888269 -122.950844
567.888279 -123.141296
567.888288 -123.386871
567.888298 -123.692680
567.888308 -124.055099
567.888317 -124.463310
567.888327 -124.894653
567.888337 -125.325935
567.888346 -125.724350
567.888356 -126.052048
567.888365 -126.271690
567.888375 -126.287209
567.888385 -126.074524
567.888394 -125.738914
567.888404 -125.315445
567.888413 -124.844170
567.888423 -124.365250
567.888433 -123.914307
567.888442 -123.521980
567.888452 -123.212677
567.888462 -123.005966
567.888471 -122.916298
567.888481 -122.914391
567.888490 -122.954208
567.888500 -123.124580
567.888510 -123.426476
567.888519 -123.849724
567.888529 -124.371391
567.888538 -124.950089
567.888548 -125.524261
567.888558 -126.018509
567.888567 -126.366409
567.888577 -126.541252
567.888587 -126.524246
567.888596 -126.473083
567.888606 -126.467262
567.888615 -126.473656
567.888625 -126.534958
567.888635 -126.666481
567.888644 -126.848846
567.888654 -127.033417
567.888663 -127.163521
567.888673 -127.142120
567.888683 -126.966507
567.888692 -126.736671
567.888702 -126.492241
567.888712 -126.242859
567.888721 -125.996216
567.888731 -125.749825
567.888740 -125.486977
567.888750 -125.199471
567.888760 -124.895317
567.888769 -124.598907
567.888779 -124.343307
567.888788 -124.160927
567.888798 -124.075928
567.888808 -124.072952
567.888817 -124.096855
567.888827 -124.214882
567.888837 -124.424347
567.888846 -124.699341
567.888856 -125.005585
567.888865 -125.309479
567.888875 -125.587708
567.888885 -125.835594
567.888894 -126.068596
567.888904 -126.313133
567.888913 -126.606125
567.888923 -126.978149
567.888933 -127.483299
567.888942 -128.156815
567.888952 -129.021790
567.888962 -130.063049
567.888971 -131.156906
567.888981 -131.918335
567.888990 -130.912857
567.889000 -129.392776
567.889010 -127.839134
567.889019 -126.476364
567.889029 -125.368057
567.889038 -124.513771
567.889048 -123.891953
567.889058 -123.466164
567.889067 -123.202599
567.889077 -123.068550
567.889087 -123.017220
567.889096 -122.998032
567.889106 -122.984909
567.889115 -122.926620
567.889125 -122.804932
567.889135 -122.629684
567.889144 -122.425385
567.889154 -122.227661
567.889163 -122.073906
567.889173 -121.998383
567.889183 -121.986610
567.889192 -122.025063
567.889202 -122.189156
567.889212 -122.494293
567.889221 -122.957390
567.889231 -123.587021
567.889240 -124.388817
567.889250 -125.364731
567.889260 -126.513321
567.889269 -127.827797
567.889279 -129.294525
567.889288 -130.888123
567.889298 -132.564880
567.889308 -134.249512
567.889317 -135.818878
567.889327 -137.088715
567.889337 -137.905197
567.889346 -138.119537
567.889356 -137.705933
567.889365 -137.191772
567.889375 -136.707367
567.889385 -136.338852
567.889394 -136.144745
567.889404 -136.108276
567.889413 -136.155289
567.889423 -136.423050
567.889433 -136.937027
567.889442 -137.704117
567.889452 -138.701340
567.889462 -139.891815
567.889471 -141.188614
567.889481 -142.450729
567.889490 -143.453247
567.889500 -143.576309
567.889510 -142.344131
567.889519 -140.507172
567.889529 -138.473083
567.889538 -136.505447
567.889548 -134.716721
567.889558 -133.131256
567.889567 -131.737564
567.889577 -130.510040
567.889587 -129.422363
567.889596 -128.451370
567.889606 -127.580887
567.889615 -126.801170
567.889625 -126.108917
567.889635 -125.504387
567.889644 -124.990097
567.889654 -124.567673
567.889663 -124.237030
567.889673 -123.994606
567.889683 -123.833344
567.889692 -123.742035
567.889702 -123.706024
567.889712 -123.701492
567.889721 -123.702499
567.889731 -123.715408
567.889740 -123.724327
567.889750 -123.696075
567.889760 -123.642181
567.889769 -123.570290
567.889779 -123.495094
567.889788 -123.434700
567.889798 -123.407249
567.889808 -123.406937
567.889817 -123.427818
567.889827 -123.505417
567.889837 -123.640907
567.889846 -123.837227
567.889856 -124.087646
567.889865 -124.381844
567.889875 -124.707207
567.889885 -125.051414
567.889894 -125.403702
567.889904 -125.757576
567.889913 -126.111366
567.889923 -126.469154
567.889933 -126.839775
567.889942 -127.235886
567.889952 -127.670578
567.889962 -128.159805
567.889971 -128.717957
567.889981 -129.358002
567.889990 -130.092133
567.890000 -130.930191
567.890010 -131.877670
567.890019 -132.927643
567.890029 -134.045456
567.890038 -135.141571
567.890048 -136.043945
567.890058 -136.525818
567.890067 -135.962479
567.890077 -135.104706
567.890087 -134.147873
567.890096 -133.198227
567.890106 -132.295303
567.890115 -131.445587
567.890125 -130.642441
567.890135 -129.878693
567.890144 -129.150589
567.890154 -128.460587
567.890163 -127.816246
567.890173 -127.229637
567.890183 -126.714813
567.890192 -126.287033
567.890202 -125.960320
567.890212 -125.747154
567.890221 -125.656342
567.890231 -125.643608
567.890240 -125.683655
567.890250 -125.842331
567.890260 -126.105431
567.890269 -126.437981
567.890279 -126.781052
567.890288 -127.052452
567.890298 -127.103073
567.890308 -126.789391
567.890317 -126.323418
567.890327 -125.794159
567.890337 -125.282661
567.890346 -124.848099
567.890356 -124.530586
567.890365 -124.348251
567.890375 -124.321541
567.890385 -124.336693
567.890394 -124.519356
567.890404 -124.923248
567.890413 -125.584618
567.890423 -126.553482
567.890433 -127.904602
567.890442 -129.757553
567.890452 -132.330139
567.890462 -136.099503
567.890471 -142.474854
567.890481 -143.540955
567.890490 -138.684174
567.890500 -136.372238
567.890510 -135.232208
567.890519 -134.739365
567.890529 -134.544693
567.890538 -134.324875
567.890548 -133.842697
567.890558 -133.076309
567.890567 -132.192596
567.890577 -131.382980
567.890587 -130.770004
567.890596 -130.409317
567.890606 -130.312988
567.890615 -130.316177
567.890625 -130.487000
567.890635 -130.907471
567.890644 -131.559692
567.890654 -132.422302
567.890663 -133.472183
567.890673 -134.679840
567.890683 -135.999802
567.890692 -137.339523
567.890702 -138.506592
567.890712 -139.070053
567.890721 -138.230850
567.890731 -136.985596
567.890740 -135.623276
567.890750 -134.289825
567.890760 -133.030426
567.890769 -131.846619
567.890779 -130.724609
567.890788 -129.650696
567.890798 -128.616196
567.890808 -127.620384
567.890817 -126.669250
567.890827 -125.774536
567.890837 -124.951004
567.890846 -124.215118
567.890856 -123.583176
567.890865 -123.071289
567.890875 -122.695114
567.890885 -122.470917
567.890894 -122.413063
567.890904 -122.416901
567.890913 -122.555664
567.890923 -122.916718
567.890933 -123.542992
567.890942 -124.500656
567.890952 -125.900246
567.890962 -127.948166
567.890971 -131.104538
567.890981 -136.764236
567.890990 -136.727127
567.891000 -130.781540
567.891010 -127.414307
567.891019 -125.192497
567.891029 -123.654648
567.891038 -122.598328
567.891048 -121.918358
567.891058 -121.554329
567.891067 -121.464882
567.891077 -121.470039
567.891087 -121.648758
567.891096 -122.083099
567.891106 -122.777214
567.891115 -123.748802
567.891125 -125.033798
567.891135 -126.693855
567.891144 -128.840561
567.891154 -131.691818
567.891163 -135.657990
567.891173 -141.029968
567.891183 -137.316589
567.891192 -134.195251
567.891202 -132.258133
567.891212 -131.091171
567.891221 -130.481171
567.891231 -130.316589
567.891240 -130.318680
567.891250 -130.547119
567.891260 -131.139297
567.891269 -132.088318
567.891279 -133.399475
567.891288 -135.092484
567.891298 -137.195389
567.891308 -139.699463
567.891317 -142.355164
567.891327 -143.450745
567.891337 -141.435196
567.891346 -139.340973
567.891356 -137.542892
567.891365 -136.068787
567.891375 -134.891174
567.891385 -133.980820
567.891394 -133.314453
567.891404 -132.871506
567.891413 -132.634140
567.891423 -132.575195
567.891433 -132.576080
567.891442 -132.704681
567.891452 -132.987213
567.891462 -133.406326
567.891471 -133.946075
567.891481 -134.578918
567.891490 -135.260391
567.891500 -135.956467
567.891510 -136.616959
567.891519 -137.200180
567.891529 -137.696716
567.891538 -138.142105
567.891548 -138.611038
567.891558 -139.188522
567.891567 -139.940491
567.891577 -140.953461
567.891587 -142.273499
567.891596 -143.939636
567.891606 -146.026825
567.891615 -148.809677
567.891625 -152.924576
567.891635 -149.496994
567.891644 -143.632584
567.891654 -139.328308
567.891663 -135.996078
567.891673 -133.337982
567.891683 -131.189880
567.891692 -129.456070
567.891702 -128.074646
567.891712 -127.002937
567.891721 -126.216911
567.891731 -125.699425
567.891740 -125.441803
567.891750 -125.410561
567.891760 -125.444275
567.891769 -125.709328
567.891779 -126.257538
567.891788 -127.117905
567.891798 -128.328354
567.891808 -129.920425
567.891817 -131.845474
567.891827 -133.652328
567.891837 -133.412796
567.891846 -131.680344
567.891856 -130.101212
567.891865 -128.915909
567.891875 -128.140228
567.891885 -127.747505
567.891894 -127.681389
567.891904 -127.713394
567.891913 -128.043335
567.891923 -128.738907
567.891933 -129.840103
567.891942 -131.408905
567.891952 -133.586014
567.891962 -136.602722
567.891971 -140.725143
567.891981 -141.981201
567.891990 -138.561371
567.892000 -136.219620
567.892010 -134.698608
567.892019 -133.708618
567.892029 -133.097107
567.892038 -132.728516
567.892048 -132.489609
567.892058 -132.282043
567.892067 -132.029480
567.892077 -131.692505
567.892087 -131.273193
567.892096 -130.804428
567.892106 -130.329529
567.892115 -129.885910
567.892125 -129.499100
567.892135 -129.181549
567.892144 -128.937408
567.892154 -128.764420
567.892163 -128.657578
567.892173 -128.606445
567.892183 -128.590775
567.892192 -128.598831
567.892202 -128.641754
567.892212 -128.709320
567.892221 -128.785477
567.892231 -128.852356
567.892240 -128.893112
567.892250 -128.870392
567.892260 -128.795837
567.892269 -128.704758
567.892279 -128.623062
567.892288 -128.573441
567.892298 -128.561249
567.892308 -128.564102
567.892317 -128.615646
567.892327 -128.723465
567.892337 -128.872543
567.892346 -129.042984
567.892356 -129.219589
567.892365 -129.400391
567.892375 -129.601181
567.892385 -129.851425
567.892394 -130.186890
567.892404 -130.639801
567.892413 -131.233139
567.892423 -131.973709
567.892433 -132.847244
567.892442 -133.789749
567.892452 -134.717834
567.892462 -135.477371
567.892471 -135.757706
567.892481 -135.115982
567.892490 -134.081512
567.892500 -132.837051
567.892510 -131.532852
567.892519 -130.275574
567.892529 -129.136765
567.892538 -128.151123
567.892548 -127.335350
567.892558 -126.695404
567.892567 -126.230103
567.892577 -125.933998
567.892587 -125.798203
567.892596 -125.792061
567.892606 -125.812172
567.892615 -125.963364
567.892625 -126.238846
567.892635 -126.625343
567.892644 -127.109924
567.892654 -127.678177
567.892663 -128.300903
567.892673 -128.947739
567.892683 -129.574966
567.892692 -130.097427
567.892702 -130.435043
567.892712 -130.415497
567.892721 -130.098572
567.892731 -129.724380
567.892740 -129.402359
567.892750 -129.216873
567.892760 -129.188232
567.892769 -129.230545
567.892779 -129.494049
567.892788 -130.047470
567.892798 -130.952820
567.892808 -132.292709
567.892817 -134.186035
567.892827 -136.795563
567.892837 -140.126297
567.892846 -140.615814
567.892856 -137.676285
567.892865 -135.443878
567.892875 -133.924393
567.892885 -132.947296
567.892894 -132.376968
567.892904 -132.102509
567.892913 -132.009567
567.892923 -131.959183
567.892933 -131.790726
567.892942 -131.372482
567.892952 -130.675644
567.892962 -129.786987
567.892971 -128.841583
567.892981 -127.953560
567.892990 -127.195206
567.893000 -126.603584
567.893010 -126.195053
567.893019 -125.974640
567.893029 -125.934814
567.893038 -125.943535
567.893048 -126.101738
567.893058 -126.450890
567.893067 -126.995193
567.893077 -127.742661
567.893087 -128.704102
567.893096 -129.893127
567.893106 -131.320786
567.893115 -132.985794
567.893125 -134.841095
567.893135 -136.718750
567.893144 -138.222595
567.893154 -138.556625
567.893163 -137.792648
567.893173 -136.981750
567.893183 -136.306641
567.893192 -135.806915
567.893202 -135.456909
567.893212 -135.202438
567.893221 -134.975723
567.893231 -134.714752
567.893240 -134.381287
567.893250 -133.971115
567.893260 -133.502167
567.893269 -132.968658
567.893279 -132.397400
567.893288 -131.780853
567.893298 -131.104141
567.893308 -130.366379
567.893317 -129.593124
567.893327 -128.831253
567.893337 -128.136932
567.893346 -127.561745
567.893356 -127.148201
567.893365 -126.927444
567.893375 -126.878479
567.893385 -126.906654
567.893394 -127.141182
567.893404 -127.614418
567.893413 -128.320938
567.893423 -129.241653
567.893433 -130.321396
567.893442 -131.442856
567.893452 -132.433197
567.893462 -133.125717
567.893471 -133.448502
567.893481 -133.108704
567.893490 -132.478333
567.893500 -131.587570
567.893510 -130.509979
567.893519 -129.380417
567.893529 -128.337448
567.893538 -127.482491
567.893548 -126.877769
567.893558 -126.548698
567.893567 -126.487328
567.893577 -126.508583
567.893587 -126.786888
567.893596 -127.364616
567.893606 -128.198425
567.893615 -129.160980
567.893625 -129.971222
567.893635 -129.847717
567.893644 -128.862488
567.893654 -127.748856
567.893663 -126.746857
567.893673 -125.950195
567.893683 -125.380562
567.893692 -125.033836
567.893702 -124.898643
567.893712 -124.890259
567.893721 -124.964439
567.893731 -125.214127
567.893740 -125.636757
567.893750 -126.224922
567.893760 -126.955040
567.893769 -127.785934
567.893779 -128.651474
567.893788 -129.464127
567.893798 -130.142044
567.893808 -130.657608
567.893817 -131.067719
567.893827 -131.496597
567.893837 -132.092896
567.893846 -133.010956
567.893856 -134.428787
567.893865 -136.621841
567.893875 -140.181702
567.893885 -147.032867
567.893894 -142.118866
567.893904 -137.495972
567.893913 -134.680313
567.893923 -132.772415
567.893933 -131.416702
567.893942 -130.431656
567.893952 -129.706726
567.893962 -129.169189
567.893971 -128.767899
567.893981 -128.456009
567.893990 -128.214401
567.894000 -128.022156
567.894010 -127.860077
567.894019 -127.710457
567.894029 -127.558212
567.894038 -127.394264
567.894048 -127.218552
567.894058 -127.040863
567.894067 -126.879227
567.894077 -126.756126
567.894087 -126.686249
567.894096 -126.664726
567.894106 -126.694283
567.894115 -126.827164
567.894125 -127.084991
567.894135 -127.488007
567.894144 -128.059448
567.894154 -128.826431
567.894163 -129.820404
567.894173 -131.087402
567.894183 -132.665390
567.894192 -134.545456
567.894202 -136.483673
567.894212 -137.773026
567.894221 -136.592224
567.894231 -135.296646
567.894240 -134.343658
567.894250 -133.853149
567.894260 -133.766754
567.894269 -133.837448
567.894279 -134.369446
567.894288 -135.448395
567.894298 -137.136063
567.894308 -139.218231
567.894317 -138.904053
567.894327 -135.990402
567.894337 -133.309326
567.894346 -131.101776
567.894356 -129.289856
567.894365 -127.768211
567.894375 -126.489639
567.894385 -125.408554
567.894394 -124.496819
567.894404 -123.737961
567.894413 -123.121941
567.894423 -122.642570
567.894433 -122.294708
567.894442 -122.073517
567.894452 -121.972725
567.894462 -121.968788
567.894471 -121.984352
567.894481 -122.096992
567.894490 -122.295647
567.894500 -122.560852
567.894510 -122.869453
567.894519 -123.195724
567.894529 -123.515549
567.894538 -123.810417
567.894548 -124.072403
567.894558 -124.305595
567.894567 -124.524979
567.894577 -124.751755
567.894587 -125.009743
567.894596 -125.321320
567.894606 -125.701408
567.894615 -126.170723
567.894625 -126.752388
567.894635 -127.466209
567.894644 -128.334930
567.894654 -129.384277
567.894663 -130.641022
567.894673 -132.122223
567.894683 -133.804779
567.894692 -135.534988
567.894702 -136.911118
567.894712 -137.236893
567.894721 -136.583298
567.894731 -136.054001
567.894740 -135.866333
567.894750 -135.865311
567.894760 -136.044312
567.894769 -136.563538
567.894779 -136.936646
567.894788 -135.559479
567.894798 -133.435593
567.894808 -131.256714
567.894817 -129.326950
567.894827 -127.707359
567.894837 -126.376938
567.894846 -125.290176
567.894856 -124.395523
567.894865 -123.661560
567.894875 -123.046913
567.894885 -122.516037
567.894894 -122.042419
567.894904 -121.612373
567.894913 -121.226395
567.894923 -120.898056
567.894933 -120.649933
567.894942 -120.509499
567.894952 -120.480194
567.894962 -120.500557
567.894971 -120.668396
567.894981 -121.026634
567.894990 -121.609741
567.895000 -122.453163
567.895010 -123.614594
567.895019 -125.167137
567.895029 -127.218964
567.895038 -129.912506
567.895048 -133.238876
567.895058 -134.344498
567.895067 -131.582642
567.895077 -129.373947
567.895087 -127.823471
567.895096 -126.787651
567.895106 -126.151283
567.895115 -125.836052
567.895125 -125.778542
567.895135 -125.788078
567.895144 -125.966698
567.895154 -126.328285
567.895163 -126.843117
567.895173 -127.471779
567.895183 -128.161652
567.895192 -128.845032
567.895202 -129.433609
567.895212 -129.858490
567.895221 -130.073898
567.895231 -129.975525
567.895240 -129.757980
567.895250 -129.540146
567.895260 -129.385574
567.895269 -129.336014
567.895279 -129.335052
567.895288 -129.454132
567.895298 -129.753189
567.895308 -130.273087
567.895317 -131.056702
567.895327 -132.153915
567.895337 -133.643143
567.895346 -135.654953
567.895356 -138.416000
567.895365 -142.375519
567.895375 -148.220062
567.895385 -145.394363
567.895394 -142.265549
567.895404 -140.571274
567.895413 -139.802078
567.895423 -139.684906
567.895433 -139.725784
567.895442 -140.221100
567.895452 -141.202911
567.895462 -142.507217
567.895471 -143.427872
567.895481 -141.817993
567.895490 -139.763458
567.895500 -137.929077
567.895510 -136.501129
567.895519 -135.494217
567.895529 -134.914017
567.895538 -134.760605
567.895548 -134.766800
567.895558 -135.069016
567.895567 -135.847443
567.895577 -137.116959
567.895587 -138.755112
567.895596 -139.861542
567.895606 -138.054306
567.895615 -135.963333
567.895625 -134.199219
567.895635 -132.850281
567.895644 -131.864746
567.895654 -131.175034
567.895663 -130.738800
567.895673 -130.505325
567.895683 -130.428101
567.895692 -130.417862
567.895702 -130.477737
567.895712 -130.641495
567.895721 -130.892426
567.895731 -131.219955
567.895740 -131.613815
567.895750 -132.072800
567.895760 -132.588638
567.895769 -133.147995
567.895779 -133.727707
567.895788 -134.292175
567.895798 -134.784119
567.895808 -135.127243
567.895817 -135.183945
567.895827 -134.870361
567.895837 -134.428833
567.895846 -133.958694
567.895856 -133.518173
567.895865 -133.164459
567.895875 -132.910461
567.895885 -132.729507
567.895894 -132.574127
567.895904 -132.392532
567.895913 -132.154770
567.895923 -131.869827
567.895933 -131.584961
567.895942 -131.367676
567.895952 -131.286591
567.895962 -131.286850
567.895971 -131.404785
567.895981 -131.776367
567.895990 -132.458313
567.896000 -133.518478
567.896010 -135.046936
567.896019 -137.147736
567.896029 -139.780060
567.896038 -140.788742
567.896048 -138.026016
567.896058 -135.540070
567.896067 -133.641327
567.896077 -132.240189
567.896087 -131.230850
567.896096 -130.531281
567.896106 -130.071457
567.896115 -129.800812
567.896125 -129.683456
567.896135 -129.659576
567.896144 -129.671448
567.896154 -129.760849
567.896163 -129.925339
567.896173 -130.164581
567.896183 -130.489044
567.896192 -130.918991
567.896202 -131.484131
567.896212 -132.203018
567.896221 -133.099228
567.896231 -134.197479
567.896240 -135.512756
567.896250 -137.063644
567.896260 -138.882797
567.896269 -141.042755
567.896279 -143.686035
567.896288 -147.015656
567.896298 -151.286942
567.896308 -151.613144
567.896317 -148.544739
567.896327 -146.600250
567.896337 -145.499176
567.896346 -144.850983
567.896356 -144.138336
567.896365 -142.835846
567.896375 -140.883423
567.896385 -138.679245
567.896394 -136.580765
567.896404 -134.741196
567.896413 -133.195633
567.896423 -131.934998
567.896433 -130.931259
567.896442 -130.182602
567.896452 -129.682587
567.896462 -129.435150
567.896471 -129.414749
567.896481 -129.456909
567.896490 -129.780197
567.896500 -130.459076
567.896510 -131.582016
567.896519 -133.296127
567.896529 -135.843567
567.896538 -139.435806
567.896548 -138.887772
567.896558 -135.120239
567.896567 -132.413406
567.896577 -130.533707
567.896587 -129.248856
567.896596 -128.416122
567.896606 -127.943787
567.896615 -127.765762
567.896625 -127.762314
567.896635 -127.826721
567.896644 -128.071777
567.896654 -128.440781
567.896663 -128.865143
567.896673 -129.268265
567.896683 -129.572601
567.896692 -129.648865
567.896702 -129.374969
567.896712 -128.924988
567.896721 -128.353409
567.896731 -127.719666
567.896740 -127.076942
567.896750 -126.464523
567.896760 -125.912987
567.896769 -125.440926
567.896779 -125.058502
567.896788 -124.770332
567.896798 -124.577782
567.896808 -124.480171
567.896817 -124.466515
567.896827 -124.475441
567.896837 -124.557129
567.896846 -124.721848
567.896856 -124.963715
567.896865 -125.274216
567.896875 -125.643707
567.896885 -126.061569
567.896894 -126.516785
567.896904 -126.984543
567.896913 -127.452431
567.896923 -127.890343
567.896933 -128.251373
567.896942 -128.476959
567.896952 -128.361877
567.896962 -128.053970
567.896971 -127.675591
567.896981 -127.315056
567.896990 -127.045273
567.897000 -126.916046
567.897010 -126.912537
567.897019 -126.957565
567.897029 -127.168671
567.897038 -127.559837
567.897048 -128.116089
567.897058 -128.799057
567.897067 -129.536484
567.897077 -130.232925
567.897087 -130.774673
567.897096 -131.076416
567.897106 -131.036499
567.897115 -130.809814
567.897125 -130.567856
567.897135 -130.353378
567.897144 -130.176025
567.897154 -130.023071
567.897163 -129.865723
567.897173 -129.678741
567.897183 -129.444595
567.897192 -129.151962
567.897202 -128.794373
567.897212 -128.385269
567.897221 -127.941559
567.897231 -127.480843
567.897240 -127.019814
567.897250 -126.574684
567.897260 -126.160309
567.897269 -125.790993
567.897279 -125.479836
567.897288 -125.239113
567.897298 -125.079689
567.897308 -125.009262
567.897317 -124.995651
567.897327 -125.034248
567.897337 -125.183022
567.897346 -125.453476
567.897356 -125.856224
567.897365 -126.401573
567.897375 -127.096123
567.897385 -127.936493
567.897394 -128.888458
567.897404 -129.860718
567.897413 -130.665375
567.897423 -130.923798
567.897433 -130.232285
567.897442 -129.300873
567.897452 -128.349930
567.897462 -127.494507
567.897471 -126.774956
567.897481 -126.192772
567.897490 -125.732430
567.897500 -125.371971
567.897510 -125.089417
567.897519 -124.865715
567.897529 -124.687531
567.897538 -124.547493
567.897548 -124.444328
567.897558 -124.380615
567.897567 -124.360283
567.897577 -124.360069
567.897587 -124.391640
567.897596 -124.471588
567.897606 -124.612045
567.897615 -124.815475
567.897625 -125.082611
567.897635 -125.413704
567.897644 -125.809105
567.897654 -126.271019
567.897663 -126.804039
567.897673 -127.417366
567.897683 -128.124573
567.897692 -128.934906
567.897702 -129.878006
567.897712 -130.982681
567.897721 -132.271423
567.897731 -133.740692
567.897740 -135.284775
567.897750 -136.553070
567.897760 -136.387543
567.897769 -135.011108
567.897779 -133.505905
567.897788 -132.139313
567.897798 -130.982101
567.897808 -130.033035
567.897817 -129.271591
567.897827 -128.675308
567.897837 -128.223465
567.897846 -127.908249
567.897856 -127.719414
567.897865 -127.648666
567.897875 -127.647858
567.897885 -127.687004
567.897894 -127.822098
567.897904 -128.042572
567.897913 -128.329514
567.897923 -128.658585
567.897933 -129.001389
567.897942 -129.328705
567.897952 -129.615204
567.897962 -129.843994
567.897971 -130.009521
567.897981 -130.116486
567.897990 -130.192703
567.898000 -130.269989
567.898010 -130.384689
567.898019 -130.573624
567.898029 -130.864410
567.898038 -131.278152
567.898048 -131.827682
567.898058 -132.502106
567.898067 -133.263214
567.898077 -134.036209
567.898087 -134.724091
567.898096 -135.241394
567.898106 -135.550095
567.898115 -135.682175
567.898125 -135.713120
567.898135 -135.718994
567.898144 -135.750031
567.898154 -135.826553
567.898163 -135.940369
567.898173 -136.059204
567.898183 -136.115829
567.898192 -135.918274
567.898202 -135.555130
567.898212 -135.080521
567.898221 -134.581390
567.898231 -134.146606
567.898240 -133.846054
567.898250 -133.728745
567.898260 -133.722076
567.898269 -133.826370
567.898279 -134.159103
567.898288 -134.739899
567.898298 -135.579773
567.898308 -136.686111
567.898317 -138.062363
567.898327 -139.685745
567.898337 -141.433502
567.898346 -142.822556
567.898356 -141.803482
567.898365 -139.700546
567.898375 -137.507690
567.898385 -135.474686
567.898394 -133.647690
567.898404 -132.017380
567.898413 -130.566513
567.898423 -129.280640
567.898433 -128.151550
567.898442 -127.175797
567.898452 -126.354057
567.898462 -125.689209
567.898471 -125.185867
567.898481 -124.848320
567.898490 -124.680550
567.898500 -124.658005
567.898510 -124.684189
567.898519 -124.859680
567.898529 -125.199875
567.898538 -125.692825
567.898548 -126.315475
567.898558 -127.031448
567.898567 -127.787025
567.898577 -128.513153
567.898587 -129.133636
567.898596 -129.583527
567.898606 -129.827744
567.898615 -129.794495
567.898625 -129.614304
567.898635 -129.416824
567.898644 -129.269699
567.898654 -129.222992
567.898663 -129.224518
567.898673 -129.323120
567.898683 -129.596832
567.898692 -130.069931
567.898702 -130.757568
567.898712 -131.662064
567.898721 -132.754105
567.898731 -133.932861
567.898740 -134.955902
567.898750 -135.151855
567.898760 -134.260254
567.898769 -133.152176
567.898779 -132.097092
567.898788 -131.215683
567.898798 -130.546890
567.898808 -130.084686
567.898817 -129.825592
567.898827 -129.748260
567.898837 -129.740738
567.898846 -129.826218
567.898856 -130.015320
567.898865 -130.232971
567.898875 -130.383896
567.898885 -130.244766
567.898894 -129.908051
567.898904 -129.516556
567.898913 -129.179321
567.898923 -128.987961
567.898933 -128.952164
567.898942 -129.005707
567.898952 -129.315552
567.898962 -129.954041
567.898971 -131.010773
567.898981 -132.617157
567.898990 -135.034225
567.899000 -138.923187
567.899010 -146.897202
567.899019 -140.439453
567.899029 -135.886902
567.899038 -133.121704
567.899048 -131.242905
567.899058 -129.913452
567.899067 -128.969376
567.899077 -128.320038
567.899087 -127.911156
567.899096 -127.709702
567.899106 -127.684265
567.899115 -127.695404
567.899125 -127.855896
567.899135 -128.182434
567.899144 -128.667404
567.899154 -129.299530
567.899163 -130.059464
567.899173 -130.913361
567.899183 -131.806564
567.899192 -132.661560
567.899202 -133.387833
567.899212 -133.911545
567.899221 -134.210251
567.899231 -134.326569
567.899240 -134.348358
567.899250 -134.379333
567.899260 -134.523132
567.899269 -134.883942
567.899279 -135.588028
567.899288 -136.793076
567.899298 -138.741577
567.899308 -141.690002
567.899317 -141.346329
567.899327 -136.958725
567.899337 -133.571609
567.899346 -131.031921
567.899356 -129.098633
567.899365 -127.622711
567.899375 -126.514259
567.899385 -125.716652
567.899394 -125.193092
567.899404 -124.919006
567.899413 -124.868523
567.899423 -124.878304
567.899433 -125.060135
567.899442 -125.457024
567.899452 -126.063339
567.899462 -126.872307
567.899471 -127.870415
567.899481 -129.026749
567.899490 -130.273636
567.899500 -131.480408
567.899510 -132.449875
567.899519 -132.997726
567.899529 -132.923859
567.899538 -132.691315
567.899548 -132.575302
567.899558 -132.574677
567.899567 -132.687714
567.899577 -133.105179
567.899587 -133.902557
567.899596 -135.182617
567.899606 -137.127289
567.899615 -140.132141
567.899625 -145.384857
567.899635 -147.873901
567.899644 -141.246033
567.899654 -137.671173
567.899663 -135.301773
567.899673 -133.609528
567.899683 -132.377777
567.899692 -131.507446
567.899702 -130.954102
567.899712 -130.702835
567.899721 -130.695068
567.899731 -130.755508
567.899740 -131.124130
567.899750 -131.827835
567.899760 -132.891296
567.899769 -134.339706
567.899779 -136.185806
567.899788 -138.387405
567.899798 -140.749939
567.899808 -142.805084
567.899817 -144.039307
567.899827 -144.063248
567.899837 -142.919601
567.899846 -141.029953
567.899856 -138.846268
567.899865 -136.816269
567.899875 -135.147690
567.899885 -133.903061
567.899894 -133.092728
567.899904 -132.721664
567.899913 -132.690643
567.899923 -132.807648
567.899933 -133.393433
567.899942 -134.558777
567.899952 -136.430130
567.899962 -139.070877
567.899971 -140.466812
567.899981 -137.287903
567.899990 -134.565384
567.900000 -132.584671
567.900010 -131.204819
567.900019 -130.297623
567.900029 -129.774979
567.900038 -129.573013
567.900048 -129.544586
567.900058 -129.620728
567.900067 -129.904770
567.900077 -130.340698
567.900087 -130.851273
567.900096 -131.344055
567.900106 -131.728577
567.900115 -131.944275
567.900125 -131.936920
567.900135 -131.760208
567.900144 -131.556610
567.900154 -131.359543
567.900163 -131.183029
567.900173 -131.026260
567.900183 -130.877350
567.900192 -130.717957
567.900202 -130.514877
567.900212 -130.259903
567.900221 -129.940414
567.900231 -129.550751
567.900240 -129.095734
567.900250 -128.590057
567.900260 -128.055557
567.900269 -127.518929
567.900279 -127.008484
567.900288 -126.552612
567.900298 -126.177856
567.900308 -125.908401
567.900317 -125.760208
567.900327 -125.735001
567.900337 -125.748436
567.900346 -125.891129
567.900356 -126.183868
567.900365 -126.617485
567.900375 -127.161865
567.900385 -127.760124
567.900394 -128.332840
567.900404 -128.785675
567.900413 -129.045990
567.900423 -129.025772
567.900433 -128.848663
567.900442 -128.685181
567.900452 -128.603226
567.900462 -128.597763
567.900471 -128.653702
567.900481 -128.874924
567.900490 -129.306046
567.900500 -129.987228
567.900510 -130.964417
567.900519 -132.303650
567.900529 -134.100510
567.900538 -136.510605
567.900548 -139.824677
567.900558 -144.640961
567.900567 -149.136169
567.900577 -144.636444
567.900587 -141.957367
567.900596 -140.244400
567.900606 -139.001724
567.900615 -137.971115
567.900625 -137.036453
567.900635 -136.167908
567.900644 -135.378036
567.900654 -134.683823
567.900663 -134.092331
567.900673 -133.598465
567.900683 -133.192062
567.900692 -132.864227
567.900702 -132.612930
567.900712 -132.443741
567.900721 -132.368607
567.900731 -132.361160
567.900740 -132.380936
567.900750 -132.513550
567.900760 -132.770432
567.900769 -133.135452
567.900779 -133.553207
567.900788 -133.904099
567.900798 -133.677521
567.900808 -132.910980
567.900817 -131.865097
567.900827 -130.750275
567.900837 -129.721268
567.900846 -128.862061
567.900856 -128.211029
567.900865 -127.781097
567.900875 -127.572975
567.900885 -127.558662
567.900894 -127.579956
567.900904 -127.789925
567.900913 -128.184235
567.900923 -128.737106
567.900933 -129.413437
567.900942 -130.169388
567.900952 -130.954514
567.900962 -131.717285
567.900971 -132.407089
567.900981 -132.945648
567.900990 -133.272018
567.901000 -133.137924
567.901010 -132.658020
567.901019 -132.022980
567.901029 -131.357956
567.901038 -130.764908
567.901048 -130.310135
567.901058 -130.022980
567.901067 -129.913803
567.901077 -129.913269
567.901087 -129.993637
567.901096 -130.255478
567.901106 -130.690079
567.901115 -131.291382
567.901125 -132.062378
567.901135 -133.024414
567.901144 -134.226730
567.901154 -135.762939
567.901163 -137.801651
567.901173 -140.665680
567.901183 -145.060516
567.901192 -148.779480
567.901202 -143.295700
567.901212 -140.076965
567.901221 -138.107285
567.901231 -136.946609
567.901240 -136.412659
567.901250 -136.361099
567.901260 -136.445404
567.901269 -137.069550
567.901279 -138.404541
567.901288 -140.698761
567.901298 -144.042770
567.901308 -140.242981
567.901317 -135.983841
567.901327 -132.766327
567.901337 -130.279434
567.901346 -128.309113
567.901356 -126.731674
567.901365 -125.472176
567.901375 -124.482750
567.901385 -123.730049
567.901394 -123.189369
567.901404 -122.840324
567.901413 -122.664803
567.901423 -122.637581
567.901433 -122.645065
567.901442 -122.763290
567.901452 -123.000908
567.901462 -123.340317
567.901471 -123.766571
567.901481 -124.270248
567.901490 -124.849846
567.901500 -125.513191
567.901510 -126.275330
567.901519 -127.145576
567.901529 -128.118301
567.901538 -129.183289
567.901548 -130.248795
567.901558 -131.119919
567.901567 -131.575150
567.901577 -131.111771
567.901587 -130.487701
567.901596 -129.903183
567.901606 -129.464005
567.901615 -129.207626
567.901625 -129.121063
567.901635 -129.120972
567.901644 -129.194092
567.901654 -129.396408
567.901663 -129.683029
567.901673 -130.004013
567.901683 -130.311325
567.901692 -130.570938
567.901702 -130.769760
567.901712 -130.918350
567.901721 -131.041138
567.901731 -131.166595
567.901740 -131.316711
567.901750 -131.503799
567.901760 -131.728561
567.901769 -131.980911
567.901779 -132.259491
567.901788 -132.553131
567.901798 -132.850052
567.901808 -133.137360
567.901817 -133.391129
567.901827 -133.596725
567.901837 -133.728088
567.901846 -133.663269
567.901856 -133.428070
567.901865 -133.031372
567.901875 -132.484985
567.901885 -131.795410
567.901894 -130.983215
567.901904 -130.087753
567.901913 -129.165298
567.901923 -128.277206
567.901933 -127.479958
567.901942 -126.818466
567.901952 -126.325691
567.901962 -126.021751
567.901971 -125.913406
567.901981 -125.913391
567.901990 -126.017036
567.902000 -126.331963
567.902010 -126.847382
567.902019 -127.535797
567.902029 -128.340439
567.902038 -129.162338
567.902048 -129.859818
567.902058 -130.291519
567.902067 -130.239532
567.902077 -129.943848
567.902087 -129.622009
567.902096 -129.334457
567.902106 -129.071243
567.902115 -128.827194
567.902125 -128.567825
567.902135 -128.252838
567.902144 -127.858803
567.902154 -127.389328
567.902163 -126.872131
567.902173 -126.347305
567.902183 -125.854393
567.902192 -125.424866
567.902202 -125.079582
567.902212 -124.829735
567.902221 -124.678780
567.902231 -124.624359
567.902240 -124.623535
567.902250 -124.654678
567.902260 -124.768112
567.902269 -124.956123
567.902279 -125.210548
567.902288 -125.525566
567.902298 -125.898140
567.902308 -126.328979
567.902317 -126.821930
567.902327 -127.383598
567.902337 -128.021149
567.902346 -128.740753
567.902356 -129.543808
567.902365 -130.422684
567.902375 -131.353958
567.902385 -132.290405
567.902394 -133.155182
567.902404 -133.847992
567.902413 -134.276993
567.902423 -134.271912
567.902433 -133.970245
567.902442 -133.599899
567.902452 -133.228516
567.902462 -132.926651
567.902471 -132.743347
567.902481 -132.694290
567.902490 -132.695023
567.902500 -132.849243
567.902510 -133.215591
567.902519 -133.821640
567.902529 -134.683640
567.902538 -135.775040
567.902548 -136.932297
567.902558 -137.624008
567.902567 -136.411057
567.902577 -134.786118
567.902587 -133.249191
567.902596 -131.992432
567.902606 -131.060837
567.902615 -130.450516
567.902625 -130.144913
567.902635 -130.076904
567.902644 -130.099915
567.902654 -130.338120
567.902663 -130.784348
567.902673 -131.370712
567.902683 -131.999420
567.902692 -132.550522
567.902702 -132.919479
567.902712 -132.990051
567.902721 -132.686707
567.902731 -132.161118
567.902740 -131.425415
567.902750 -130.481812
567.902760 -129.378586
567.902769 -128.198700
567.902779 -127.026459
567.902788 -125.926048
567.902798 -124.937202
567.902808 -124.080864
567.902817 -123.366348
567.902827 -122.796654
567.902837 -122.372131
567.902846 -122.092468
567.902856 -121.957764
567.902865 -121.947624
567.902875 -121.969299
567.902885 -122.129227
567.902894 -122.440155
567.902904 -122.904610
567.902913 -123.522446
567.902923 -124.285889
567.902933 -125.169418
567.902942 -126.111732
567.902952 -126.991150
567.902962 -127.620392
567.902971 -127.534302
567.902981 -126.911514
567.902990 -126.146118
567.903000 -125.388359
567.903010 -124.719482
567.903019 -124.172195
567.903029 -123.752480
567.903038 -123.452179
567.903048 -123.255852
567.903058 -123.143600
567.903067 -123.093178
567.903077 -123.081047
567.903087 -123.081009
567.903096 -123.082039
567.903106 -123.058372
567.903115 -123.003563
567.903125 -122.916283
567.903135 -122.803436
567.903144 -122.679718
567.903154 -122.565079
567.903163 -122.482452
567.903173 -122.453194
567.903183 -122.453072
567.903192 -122.499619
567.903202 -122.643478
567.903212 -122.902946
567.903221 -123.294456
567.903231 -123.834122
567.903240 -124.539047
567.903250 -125.429863
567.903260 -126.533890
567.903269 -127.890701
567.903279 -129.560913
567.903288 -131.642303
567.903298 -134.291336
567.903308 -137.695694
567.903317 -141.212296
567.903327 -137.912216
567.903337 -134.927597
567.903346 -132.671173
567.903356 -130.946381
567.903365 -129.600967
567.903375 -128.541977
567.903385 -127.713715
567.903394 -127.083199
567.903404 -126.631439
567.903413 -126.348190
567.903423 -126.229156
567.903433 -126.216377
567.903442 -126.268074
567.903452 -126.478279
567.903462 -126.847076
567.903471 -127.363647
567.903481 -127.999771
567.903490 -128.697220
567.903500 -129.354874
567.903510 -129.837494
567.903519 -129.969971
567.903529 -129.644089
567.903538 -129.252991
567.903548 -128.926437
567.903558 -128.751434
567.903567 -128.722855
567.903577 -128.775955
567.903587 -129.048294
567.903596 -129.579361
567.903606 -130.387970
567.903615 -131.518280
567.903625 -132.997009
567.903635 -134.804565
567.903644 -136.716064
567.903654 -137.678375
567.903663 -136.225525
567.903673 -134.595245
567.903683 -133.212296
567.903692 -132.149033
567.903702 -131.375732
567.903712 -130.844330
567.903721 -130.506760
567.903731 -130.319870
567.903740 -130.245361
567.903750 -130.242996
567.903760 -130.251221
567.903769 -130.312714
567.903779 -130.413818
567.903788 -130.547760
567.903798 -130.715622
567.903808 -130.924606
567.903817 -131.185181
567.903827 -131.508163
567.903837 -131.897324
567.903846 -132.355286
567.903856 -132.882080
567.903865 -133.460938
567.903875 -134.060211
567.903885 -134.635742
567.903894 -135.135406
567.903904 -135.510757
567.903913 -135.725723
567.903923 -135.597458
567.903933 -135.301819
567.903942 -134.918900
567.903952 -134.522644
567.903962 -134.194641
567.903971 -134.013641
567.903981 -134.003479
567.903990 -134.048660
567.904000 -134.360626
567.904010 -135.007034
567.904019 -136.048416
567.904029 -137.548416
567.904038 -139.608398
567.904048 -142.279449
567.904058 -145.132782
567.904067 -144.737701
567.904077 -142.584213
567.904087 -140.877625
567.904096 -139.624237
567.904106 -138.779953
567.904115 -138.268463
567.904125 -138.062836
567.904135 -138.059784
567.904144 -138.185822
567.904154 -138.706375
567.904163 -139.760345
567.904173 -141.607697
567.904183 -144.819443
567.904192 -150.393188
567.904202 -143.403793
567.904212 -138.998505
567.904221 -135.996246
567.904231 -133.800507
567.904240 -132.138779
567.904250 -130.862122
567.904260 -129.876877
567.904269 -129.115311
567.904279 -128.524048
567.904288 -128.057724
567.904298 -127.677597
567.904308 -127.350861
567.904317 -127.052353
567.904327 -126.764931
567.904337 -126.479828
567.904346 -126.195404
567.904356 -125.915825
567.904365 -125.648987
567.904375 -125.405090
567.904385 -125.195580
567.904394 -125.032455
567.904404 -124.928116
567.904413 -124.894806
567.904423 -124.895103
567.904433 -124.946091
567.904442 -125.092743
567.904452 -125.345314
567.904462 -125.710609
567.904471 -126.189545
567.904481 -126.772354
567.904490 -127.433655
567.904500 -128.124939
567.904510 -128.772064
567.904519 -129.284317
567.904529 -129.584885
567.904538 -129.519150
567.904548 -129.278351
567.904558 -129.016068
567.904567 -128.804947
567.904577 -128.698654
567.904587 -128.695663
567.904596 -128.735886
567.904606 -128.945969
567.904615 -129.351410
567.904625 -129.969315
567.904635 -130.806091
567.904644 -131.846756
567.904654 -133.027313
567.904663 -134.190079
567.904673 -135.056885
567.904683 -135.015106
567.904692 -134.305252
567.904702 -133.475266
567.904712 -132.656464
567.904721 -131.919052
567.904731 -131.289932
567.904740 -130.767471
567.904750 -130.348724
567.904760 -130.032974
567.904769 -129.819275
567.904779 -129.705170
567.904788 -129.663589
567.904798 -129.663605
567.904808 -129.731827
567.904817 -129.874878
567.904827 -130.083206
567.904837 -130.350601
567.904846 -130.674011
567.904856 -131.048004
567.904865 -131.477615
567.904875 -131.943054
567.904885 -132.436050
567.904894 -132.932404
567.904904 -133.393616
567.904913 -133.786942
567.904923 -134.105270
567.904933 -134.384338
567.904942 -134.700592
567.904952 -135.160721
567.904962 -135.893814
567.904971 -137.051468
567.904981 -138.888947
567.904990 -141.891327
567.905000 -146.944550
567.905010 -142.381058
567.905019 -137.964218
567.905029 -135.035751
567.905038 -132.996887
567.905048 -131.569748
567.905058 -130.611313
567.905067 -130.037949
567.905077 -129.795502
567.905087 -129.777679
567.905096 -129.843246
567.905106 -130.144455
567.905115 -130.658493
567.905125 -131.334686
567.905135 -132.104218
567.905144 -132.876450
567.905154 -133.541321
567.905163 -133.989105
567.905173 -133.984161
567.905183 -133.559158
567.905192 -132.948837
567.905202 -132.240784
567.905212 -131.518356
567.905221 -130.838120
567.905231 -130.237579
567.905240 -129.739960
567.905250 -129.355972
567.905260 -129.096359
567.905269 -128.969513
567.905279 -128.953644
567.905288 -128.982178
567.905298 -129.151886
567.905308 -129.490860
567.905317 -130.027008
567.905327 -130.796539
567.905337 -131.850098
567.905346 -133.252884
567.905356 -135.068954
567.905365 -137.235321
567.905375 -138.903381
567.905385 -136.754333
567.905394 -134.332642
567.905404 -132.280960
567.905413 -130.645187
567.905423 -129.361038
567.905433 -128.364929
567.905442 -127.607048
567.905452 -127.050430
567.905462 -126.666565
567.905471 -126.432686
567.905481 -126.329041
567.905490 -126.317223
567.905500 -126.336098
567.905510 -126.438950
567.905519 -126.613556
567.905529 -126.838921
567.905538 -127.090874
567.905548 -127.341255
567.905558 -127.563782
567.905567 -127.734177
567.905577 -127.832481
567.905587 -127.800507
567.905596 -127.663429
567.905606 -127.478409
567.905615 -127.278694
567.905625 -127.102943
567.905635 -126.990440
567.905644 -126.956238
567.905654 -126.966232
567.905663 -127.097153
567.905673 -127.394287
567.905683 -127.882401
567.905692 -128.597855
567.905702 -129.574432
567.905712 -130.853836
567.905721 -132.477325
567.905731 -134.522461
567.905740 -137.077713
567.905750 -140.159103
567.905760 -143.178482
567.905769 -142.353256
567.905779 -140.400452
567.905788 -138.884415
567.905798 -137.782913
567.905808 -136.994720
567.905817 -136.441483
567.905827 -136.052322
567.905837 -135.775620
567.905846 -135.567947
567.905856 -135.387070
567.905865 -135.181091
567.905875 -134.886993
567.905885 -134.435822
567.905894 -133.776596
567.905904 -132.901733
567.905913 -131.856674
567.905923 -130.718933
567.905933 -129.570557
567.905942 -128.478516
567.905952 -127.491119
567.905962 -126.640518
567.905971 -125.948471
567.905981 -125.430244
567.905990 -125.098488
567.906000 -124.965073
567.906010 -124.962196
567.906019 -125.042175
567.906029 -125.344551
567.906038 -125.895561
567.906048 -126.723083
567.906058 -127.865196
567.906067 -129.376801
567.906077 -131.339066
567.906087 -133.878311
567.906096 -137.196075
567.906106 -141.577499
567.906115 -146.751907
567.906125 -147.071884
567.906135 -146.608185
567.906144 -146.637711
567.906154 -145.372940
567.906163 -141.157562
567.906173 -137.147034
567.906183 -133.939026
567.906192 -131.405685
567.906202 -129.388138
567.906212 -127.769905
567.906221 -126.467720
567.906231 -125.420906
567.906240 -124.583572
567.906250 -123.921112
567.906260 -123.408188
567.906269 -123.028183
567.906279 -122.772064
567.906288 -122.638077
567.906298 -122.621155
567.906308 -122.629539
567.906317 -122.753410
567.906327 -123.016785
567.906337 -123.414246
567.906346 -123.959862
567.906356 -124.649673
567.906365 -125.468849
567.906375 -126.386589
567.906385 -127.349579
567.906394 -128.281265
567.906404 -129.106781
567.906413 -129.768295
567.906423 -130.254745
567.906433 -130.604248
567.906442 -130.876297
567.906452 -131.122375
567.906462 -131.368500
567.906471 -131.613770
567.906481 -131.834290
567.906490 -132.003128
567.906500 -132.068390
567.906510 -131.930725
567.906519 -131.674988
567.906529 -131.306366
567.906538 -130.836594
567.906548 -130.283539
567.906558 -129.673615
567.906567 -129.038437
567.906577 -128.411774
567.906587 -127.824196
567.906596 -127.300728
567.906606 -126.859123
567.906615 -126.510551
567.906625 -126.259666
567.906635 -126.106033
567.906644 -126.044380
567.906654 -126.036201
567.906663 -126.062744
567.906673 -126.157333
567.906683 -126.303207
567.906692 -126.480370
567.906702 -126.664192
567.906712 -126.834076
567.906721 -126.961998
567.906731 -126.981377
567.906740 -126.833809
567.906750 -126.579826
567.906760 -126.240944
567.906769 -125.851807
567.906779 -125.451576
567.906788 -125.075951
567.906798 -124.753296
567.906808 -124.503242
567.906817 -124.337357
567.906827 -124.260223
567.906837 -124.254250
567.906846 -124.264542
567.906856 -124.340500
567.906865 -124.484718
567.906875 -124.683540
567.906885 -124.923759
567.906894 -125.196587
567.906904 -125.501625
567.906913 -125.850235
567.906923 -126.265144
567.906933 -126.778008
567.906942 -127.423683
567.906952 -128.239670
567.906962 -129.264908
567.906971 -130.525665
567.906981 -132.015289
567.906990 -133.623215
567.907000 -135.006332
567.907010 -135.280548
567.907019 -134.200729
567.907029 -132.995483
567.907038 -131.926682
567.907048 -131.066513
567.907058 -130.414368
567.907067 -129.950241
567.907077 -129.645493
567.907087 -129.484085
567.907096 -129.450729
567.907106 -129.454895
567.907115 -129.549011
567.907125 -129.763153
567.907135 -130.101364
567.907144 -130.574219
567.907154 -131.198822
567.907163 -131.992279
567.907173 -132.954910
567.907183 -134.016434
567.907192 -134.924469
567.907202 -134.382263
567.907212 -132.854187
567.907221 -131.150757
567.907231 -129.603882
567.907240 -128.332794
567.907250 -127.365707
567.907260 -126.701912
567.907269 -126.334518
567.907279 -126.249779
567.907288 -126.257370
567.907298 -126.466431
567.907308 -126.945793
567.907317 -127.700050
567.907327 -128.709885
567.907337 -129.925705
567.907346 -131.231888
567.907356 -132.393906
567.907365 -133.124802
567.907375 -132.934128
567.907385 -132.283478
567.907394 -131.545822
567.907404 -130.812271
567.907413 -130.147141
567.907423 -129.591507
567.907433 -129.174850
567.907442 -128.925369
567.907452 -128.856171
567.907462 -128.858154
567.907471 -129.003052
567.907481 -129.371582
567.907490 -129.968033
567.907500 -130.768631
567.907510 -131.697281
567.907519 -132.586395
567.907529 -133.151260
567.907538 -132.588348
567.907548 -131.618011
567.907558 -130.572571
567.907567 -129.613617
567.907577 -128.808746
567.907587 -128.180222
567.907596 -127.732574
567.907606 -127.467285
567.907615 -127.383896
567.907625 -127.380928
567.907635 -127.498245
567.907644 -127.811554
567.907654 -128.341141
567.907663 -129.102463
567.907673 -130.107101
567.907683 -131.345428
567.907692 -132.745605
567.907702 -134.068588
567.907712 -134.893082
567.907721 -134.208389
567.907731 -133.159500
567.907740 -132.095184
567.907750 -131.064178
567.907760 -130.101410
567.907769 -129.159302
567.907779 -128.205460
567.907788 -127.240746
567.907798 -126.294052
567.907808 -125.406883
567.907817 -124.618042
567.907827 -123.956909
567.907837 -123.441315
567.907846 -123.080132
567.907856 -122.872360
567.907865 -122.809883
567.907875 -122.808754
567.907885 -122.902199
567.907894 -123.140984
567.907904 -123.521599
567.907913 -124.045425
567.907923 -124.718216
567.907933 -125.553131
567.907942 -126.574226
567.907952 -127.819649
567.907962 -129.349899
567.907971 -131.256134
567.907981 -133.680649
567.907990 -136.916458
567.908000 -141.379333
567.908010 -142.418854
567.908019 -138.490601
567.908029 -135.790939
567.908038 -133.900223
567.908048 -132.512863
567.908058 -131.450546
567.908067 -130.603973
567.908077 -129.903580
567.908087 -129.307816
567.908096 -128.795731
567.908106 -128.362854
567.908115 -128.014282
567.908125 -127.760124
567.908135 -127.610352
567.908144 -127.570702
567.908154 -127.572403
567.908163 -127.649330
567.908173 -127.839157
567.908183 -128.135376
567.908192 -128.526474
567.908202 -129.003204
567.908212 -129.560074
567.908221 -130.197632
567.908231 -130.930222
567.908240 -131.794983
567.908250 -132.861526
567.908260 -134.251877
567.908269 -136.203964
567.908279 -139.228088
567.908288 -144.911667
567.908298 -142.482315
567.908308 -136.535690
567.908317 -132.862427
567.908327 -130.240112
567.908337 -128.257675
567.908346 -126.727875
567.908356 -125.548775
567.908365 -124.657791
567.908375 -124.011833
567.908385 -123.578194
567.908394 -123.328537
567.908404 -123.235924
567.908413 -123.234360
567.908423 -123.272255
567.908433 -123.407089
567.908442 -123.608543
567.908452 -123.846306
567.908462 -124.095993
567.908471 -124.343834
567.908481 -124.588783
567.908490 -124.840332
567.908500 -125.113190
567.908510 -125.420212
567.908519 -125.767639
567.908529 -126.151688
567.908538 -126.559479
567.908548 -126.971405
567.908558 -127.367332
567.908567 -127.731659
567.908577 -128.058395
567.908587 -128.350555
567.908596 -128.616882
567.908606 -128.865982
567.908615 -129.101334
567.908625 -129.317139
567.908635 -129.497391
567.908644 -129.616882
567.908654 -129.572647
567.908663 -129.390747
567.908673 -129.128540
567.908683 -128.830994
567.908692 -128.549362
567.908702 -128.329361
567.908712 -128.204330
567.908721 -128.185669
567.908731 -128.192566
567.908740 -128.296753
567.908750 -128.505127
567.908760 -128.793518
567.908769 -129.130981
567.908779 -129.488480
567.908788 -129.850723
567.908798 -130.225586
567.908808 -130.643875
567.908817 -131.152863
567.908827 -131.804428
567.908837 -132.648331
567.908846 -133.727478
567.908856 -135.078873
567.908865 -136.733063
567.908875 -138.701279
567.908885 -140.870651
567.908894 -142.086487
567.908904 -139.519379
567.908913 -136.514511
567.908923 -133.792633
567.908933 -131.462418
567.908942 -129.495758
567.908952 -127.856377
567.908962 -126.509865
567.908971 -125.423210
567.908981 -124.568405
567.908990 -123.920929
567.909000 -123.458923
567.909010 -123.162712
567.909019 -123.014503
567.909029 -122.983719
567.909038 -122.990517
567.909048 -123.096550
567.909058 -123.309570
567.909067 -123.619720
567.909077 -124.019135
567.909087 -124.505028
567.909096 -125.074341
567.909106 -125.724915
567.909115 -126.455688
567.909125 -127.266304
567.909135 -128.158813
567.909144 -129.139008
567.909154 -130.220932
567.909163 -131.430466
567.909173 -132.809479
567.909183 -134.392227
567.909192 -136.175003
567.909202 -138.001312
567.909212 -138.716354
567.909221 -137.015060
567.909231 -135.106400
567.909240 -133.468719
567.909250 -132.180771
567.909260 -131.240494
567.909269 -130.623016
567.909279 -130.290771
567.909288 -130.192780
567.909298 -130.181793
567.909308 -130.307556
567.909317 -130.580414
567.909327 -130.912598
567.909337 -131.177155
567.909346 -131.012100
567.909356 -130.400299
567.909365 -129.537933
567.909375 -128.551346
567.909385 -127.543236
567.909394 -126.579865
567.909404 -125.699409
567.909413 -124.925262
567.909423 -124.272682
567.909433 -123.753662
567.909442 -123.377533
567.909452 -123.152214
567.909462 -123.082382
567.909471 -123.080727
567.909481 -123.179077
567.909490 -123.442436
567.909500 -123.881081
567.909510 -124.504433
567.909519 -125.327209
567.909529 -126.367065
567.909538 -127.653267
567.909548 -129.235306
567.909558 -131.166199
567.909567 -133.459503
567.909577 -135.854034
567.909587 -136.416901
567.909596 -134.465744
567.909606 -132.571503
567.909615 -131.035660
567.909625 -129.849228
567.909635 -128.950836
567.909644 -128.281296
567.909654 -127.789154
567.909663 -127.428520
567.909673 -127.155197
567.909683 -126.923500
567.909692 -126.701088
567.909702 -126.455185
567.909712 -126.162712
567.909721 -125.812943
567.909731 -125.407860
567.909740 -124.959908
567.909750 -124.484528
567.909760 -124.009933
567.909769 -123.560127
567.909779 -123.157822
567.909788 -122.823494
567.909798 -122.575508
567.909808 -122.429649
567.909817 -122.392929
567.909827 -122.395912
567.909837 -122.488701
567.909846 -122.720459
567.909856 -123.103287
567.909865 -123.650505
567.909875 -124.379311
567.909885 -125.313248
567.909894 -126.486755
567.909904 -127.950989
567.909913 -129.782806
567.909923 -132.091644
567.909933 -134.982162
567.909942 -138.084839
567.909952 -137.329941
567.909962 -134.722473
567.909971 -132.629852
567.909981 -131.030701
567.909990 -129.783646
567.910000 -128.772842
567.910010 -127.916016
567.910019 -127.160141
567.910029 -126.477333
567.910038 -125.860138
567.910048 -125.315193
567.910058 -124.857185
567.910067 -124.503342
567.910077 -124.270531
567.910087 -124.173607
567.910096 -124.162331
567.910106 -124.222618
567.910115 -124.438980
567.910125 -124.823647
567.910135 -125.391304
567.910144 -126.154823
567.910154 -127.129356
567.910163 -128.333954
567.910173 -129.791336
567.910183 -131.525467
567.910192 -133.539398
567.910202 -135.728317
567.910212 -137.565369
567.910221 -136.919907
567.910231 -134.990387
567.910240 -133.067184
567.910250 -131.360168
567.910260 -129.890518
567.910269 -128.634842
567.910279 -127.575447
567.910288 -126.686028
567.910298 -125.937065
567.910308 -125.306412
567.910317 -124.768692
567.910327 -124.299034
567.910337 -123.875023
567.910346 -123.478783
567.910356 -123.098572
567.910365 -122.729317
567.910375 -122.371620
567.910385 -122.023994
567.910394 -121.698395
567.910404 -121.403328
567.910413 -121.146301
567.910423 -120.934196
567.910433 -120.774071
567.910442 -120.673080
567.910452 -120.639313
567.910462 -120.639374
567.910471 -120.681854
567.910481 -120.809990
567.910490 -121.033531
567.910500 -121.362144
567.910510 -121.804367
567.910519 -122.367012
567.910529 -123.053329
567.910538 -123.861389
567.910548 -124.780128
567.910558 -125.785057
567.910567 -126.831001
567.910577 -127.847389
567.910587 -128.739410
567.910596 -129.407516
567.910606 -129.781769
567.910615 -129.660507
567.910625 -129.280640
567.910635 -128.784668
567.910644 -128.230881
567.910654 -127.677002
567.910663 -127.166977
567.910673 -126.732079
567.910683 -126.394981
567.910692 -126.171638
567.910702 -126.071671
567.910712 -126.060226
567.910721 -126.095795
567.910731 -126.253952
567.910740 -126.532074
567.910750 -126.914520
567.910760 -127.372475
567.910769 -127.858192
567.910779 -128.300766
567.910788 -128.611267
567.910798 -128.591568
567.910808 -128.201675
567.910817 -127.644676
567.910827 -127.001556
567.910837 -126.336449
567.910846 -125.689278
567.910856 -125.079285
567.910865 -124.503983
567.910875 -123.970474
567.910885 -123.475365
567.910894 -123.013702
567.910904 -122.582161
567.910913 -122.180405
567.910923 -121.810829
567.910933 -121.478516
567.910942 -121.190224
567.910952 -120.954063
567.910962 -120.778641
567.910971 -120.672821
567.910981 -120.644020
567.910990 -120.645271
567.911000 -120.704803
567.911010 -120.859634
567.911019 -121.118317
567.911029 -121.489479
567.911038 -121.980080
567.911048 -122.601494
567.911058 -123.364395
567.911067 -124.280373
567.911077 -125.361565
567.911087 -126.619560
567.911096 -128.061172
567.911106 -129.679001
567.911115 -131.429276
567.911125 -133.193344
567.911135 -134.721069
567.911144 -135.763580
567.911154 -136.254745
567.911163 -136.403778
567.911173 -136.500992
567.911183 -136.745163
567.911192 -137.228912
567.911202 -137.964981
567.911212 -138.884949
567.911221 -139.793304
567.911231 -140.280533
567.911240 -139.410416
567.911250 -138.123154
567.911260 -136.709656
567.911269 -135.312378
567.911279 -133.981293
567.911288 -132.735123
567.911298 -131.588318
567.911308 -130.558228
567.911317 -129.663498
567.911327 -128.922485
567.911337 -128.350540
567.911346 -127.960426
567.911356 -127.760918
567.911365 -127.717255
567.911375 -127.740257
567.911385 -127.932579
567.911394 -128.301468
567.911404 -128.809616
567.911413 -129.381393
567.911423 -129.891266
567.911433 -130.180557
567.911442 -129.829514
567.911452 -129.249481
567.911462 -128.615158
567.911471 -128.041962
567.911481 -127.595413
567.911490 -127.306496
567.911500 -127.185875
567.911510 -127.166077
567.911519 -127.228607
567.911529 -127.460014
567.911538 -127.857864
567.911548 -128.419998
567.911558 -129.148621
567.911567 -130.040176
567.911577 -131.086731
567.911587 -132.269424
567.911596 -133.547974
567.911606 -134.840073
567.911615 -135.992355
567.911625 -136.775742
567.911635 -136.756638
567.911644 -136.056839
567.911654 -135.191193
567.911663 -134.328094
567.911673 -133.562302
567.911683 -132.940552
567.911692 -132.482239
567.911702 -132.193665
567.911712 -132.074982
567.911721 -132.061478
567.911731 -132.121658
567.911740 -132.348740
567.911750 -132.750076
567.911760 -133.327713
567.911769 -134.080475
567.911779 -134.985443
567.911788 -135.919525
567.911798 -136.546707
567.911808 -135.667328
567.911817 -134.275482
567.911827 -132.785202
567.911837 -131.422440
567.911846 -130.266403
567.911856 -129.329163
567.911865 -128.599228
567.911875 -128.058273
567.911885 -127.688408
567.911894 -127.474159
567.911904 -127.404335
567.911913 -127.404343
567.911923 -127.473122
567.911933 -127.680656
567.911942 -128.035141
567.911952 -128.554977
567.911962 -129.271576
567.911971 -130.234955
567.911981 -131.523666
567.911990 -133.266251
567.912000 -135.685684
567.912010 -139.179138
567.912019 -143.877884
567.912029 -139.228073
567.912038 -135.732605
567.912048 -133.338181
567.912058 -131.645874
567.912067 -130.425247
567.912077 -129.532166
567.912087 -128.865402
567.912096 -128.348770
567.912106 -127.929077
567.912115 -127.578461
567.912125 -127.295708
567.912135 -127.101067
567.912144 -127.026955
567.912154 -127.026924
567.912163 -127.108749
567.912173 -127.376358
567.912183 -127.835701
567.912192 -128.497223
567.912202 -129.353271
567.912212 -130.350403
567.912221 -131.374619
567.912231 -132.275314
567.912240 -132.897766
567.912250 -133.187775
567.912260 -133.200104
567.912269 -133.113754
567.912279 -133.048462
567.912288 -132.991028
567.912298 -132.892548
567.912308 -132.683304
567.912317 -132.352356
567.912327 -131.912689
567.912337 -131.399017
567.912346 -130.848953
567.912356 -130.290604
567.912365 -129.739807
567.912375 -129.204315
567.912385 -128.688980
567.912394 -128.200195
567.912404 -127.747849
567.912413 -127.345222
567.912423 -127.007317
567.912433 -126.748756
567.912442 -126.581039
567.912452 -126.504951
567.912462 -126.503296
567.912471 -126.535301
567.912481 -126.671242
567.912490 -126.904839
567.912500 -127.219620
567.912510 -127.589195
567.912519 -127.977890
567.912529 -128.346649
567.912538 -128.664215
567.912548 -128.921997
567.912558 -129.143402
567.912567 -129.381912
567.912577 -129.711166
567.912587 -130.214905
567.912596 -130.985001
567.912606 -132.125244
567.912615 -133.751907
567.912625 -135.918900
567.912635 -138.058075
567.912644 -135.442047
567.912654 -132.576187
567.912663 -130.239716
567.912673 -128.426697
567.912683 -127.028992
567.912692 -125.963051
567.912702 -125.178261
567.912712 -124.628647
567.912721 -124.280800
567.912731 -124.110207
567.912740 -124.074287
567.912750 -124.088699
567.912760 -124.231049
567.912769 -124.511848
567.912779 -124.921432
567.912788 -125.460297
567.912798 -126.122894
567.912808 -126.900414
567.912817 -127.775131
567.912827 -128.726166
567.912837 -129.727081
567.912846 -130.737961
567.912856 -131.708298
567.912865 -132.569031
567.912875 -133.265244
567.912885 -133.742020
567.912894 -133.962997
567.912904 -133.803009
567.912913 -133.547638
567.912923 -133.272003
567.912933 -133.052353
567.912942 -132.925980
567.912952 -132.904541
567.912962 -132.910522
567.912971 -133.008942
567.912981 -133.213287
567.912990 -133.506058
567.913000 -133.859787
567.913010 -134.236832
567.913019 -134.588806
567.913029 -134.861221
567.913038 -134.969986
567.913048 -134.745087
567.913058 -134.324585
567.913067 -133.723892
567.913077 -132.978165
567.913087 -132.140213
567.913096 -131.274124
567.913106 -130.444351
567.913115 -129.706757
567.913125 -129.104980
567.913135 -128.670532
567.913144 -128.426041
567.913154 -128.378586
567.913163 -128.387985
567.913173 -128.569794
567.913183 -128.983551
567.913192 -129.643402
567.913202 -130.566818
567.913212 -131.777908
567.913221 -133.309006
567.913231 -135.204071
567.913240 -137.508682
567.913250 -140.213058
567.913260 -142.964752
567.913269 -143.694336
567.913279 -141.919128
567.913288 -140.182983
567.913298 -138.678925
567.913308 -137.359436
567.913317 -136.159485
567.913327 -135.040115
567.913337 -133.988205
567.913346 -133.007706
567.913356 -132.110184
567.913365 -131.309662
567.913375 -130.618317
567.913385 -130.046738
567.913394 -129.603088
567.913404 -129.294998
567.913413 -129.130005
567.913423 -129.107651
567.913433 -129.117706
567.913442 -129.270935
567.913452 -129.608429
567.913462 -130.157608
567.913471 -130.961533
567.913481 -132.088074
567.913490 -133.654099
567.913500 -135.880844
567.913510 -139.269409
567.913519 -145.355942
567.913529 -142.708267
567.913538 -137.514435
567.913548 -134.335922
567.913558 -132.134720
567.913567 -130.536026
567.913577 -129.364975
567.913587 -128.527649
567.913596 -127.968765
567.913606 -127.654480
567.913615 -127.563004
567.913625 -127.563690
567.913635 -127.684280
567.913644 -128.009171
567.913654 -128.535721
567.913663 -129.261719
567.913673 -130.179916
567.913683 -131.261871
567.913692 -132.425034
567.913702 -133.469421
567.913712 -133.837082
567.913721 -132.891251
567.913731 -131.554108
567.913740 -130.130371
567.913750 -128.774124
567.913760 -127.543121
567.913769 -126.453323
567.913779 -125.501999
567.913788 -124.691719
567.913798 -124.020462
567.913808 -123.485397
567.913817 -123.084579
567.913827 -122.816628
567.913837 -122.680206
567.913846 -122.658150
567.913856 -122.671410
567.913865 -122.794235
567.913875 -123.036850
567.913885 -123.393463
567.913894 -123.851074
567.913904 -124.389267
567.913913 -124.977783
567.913923 -125.572487
567.913933 -126.118141
567.913942 -126.562325
567.913952 -126.863731
567.913962 -127.010910
567.913971 -126.993523
567.913981 -126.921097
567.913990 -126.891571
567.914000 -126.891273
567.914010 -126.980820
567.914019 -127.211235
567.914029 -127.623001
567.914038 -128.265213
567.914048 -129.174606
567.914058 -130.383408
567.914067 -131.897476
567.914077 -133.626190
567.914087 -135.209000
567.914096 -135.455475
567.914106 -134.352478
567.914115 -133.267151
567.914125 -132.465027
567.914135 -132.006927
567.914144 -131.886673
567.914154 -131.890686
567.914163 -132.106033
567.914173 -132.650452
567.914183 -133.541794
567.914192 -134.828445
567.914202 -136.613876
567.914212 -139.114914
567.914221 -142.851028
567.914231 -149.541580
567.914240 -147.133881
567.914250 -142.298706
567.914260 -139.540146
567.914269 -137.789276
567.914279 -136.672638
567.914288 -136.038147
567.914298 -135.811737
567.914308 -135.806931
567.914317 -135.971710
567.914327 -136.511719
567.914337 -137.464691
567.914346 -138.828476
567.914356 -140.341064
567.914365 -139.419373
567.914375 -136.761734
567.914385 -134.152145
567.914394 -131.916824
567.914404 -130.058395
567.914413 -128.523773
567.914423 -127.262466
567.914433 -126.234482
567.914442 -125.408928
567.914452 -124.761261
567.914462 -124.271393
567.914471 -123.921967
567.914481 -123.697403
567.914490 -123.582870
567.914500 -123.560577
567.914510 -123.563805
567.914519 -123.621620
567.914529 -123.740242
567.914538 -123.901398
567.914548 -124.081680
567.914558 -124.255692
567.914567 -124.398918
567.914577 -124.488670
567.914587 -124.471298
567.914596 -124.351814
567.914606 -124.178757
567.914615 -123.970016
567.914625 -123.740005
567.914635 -123.495750
567.914644 -123.255157
567.914654 -123.025192
567.914663 -122.812263
567.914673 -122.624001
567.914683 -122.469795
567.914692 -122.360474
567.914702 -122.307327
567.914712 -122.305702
567.914721 -122.321030
567.914731 -122.409790
567.914740 -122.578735
567.914750 -122.828728
567.914760 -123.155556
567.914769 -123.549049
567.914779 -123.992874
567.914788 -124.464767
567.914798 -124.938736
567.914808 -125.388908
567.914817 -125.795097
567.914827 -126.146980
567.914837 -126.446487
567.914846 -126.704536
567.914856 -126.936752
567.914865 -127.157692
567.914875 -127.378441
567.914885 -127.605537
567.914894 -127.843697
567.914904 -128.098572
567.914913 -128.380569
567.914923 -128.707001
567.914933 -129.103714
567.914942 -129.604187
567.914952 -130.248993
567.914962 -131.079971
567.914971 -132.123047
567.914981 -133.423691
567.914990 -134.945313
567.915000 -136.407928
567.915010 -136.760712
567.915019 -135.312805
567.915029 -133.671448
567.915038 -132.211746
567.915048 -131.023148
567.915058 -130.095169
567.915067 -129.391891
567.915077 -128.872665
567.915087 -128.497864
567.915096 -128.228790
567.915106 -128.029053
567.915115 -127.865128
567.915125 -127.709908
567.915135 -127.544777
567.915144 -127.362396
567.915154 -127.165955
567.915163 -126.967201
567.915173 -126.782257
567.915183 -126.627907
567.915192 -126.518379
567.915202 -126.459892
567.915212 -126.449600
567.915221 -126.452759
567.915231 -126.502769
567.915240 -126.603661
567.915250 -126.746384
567.915260 -126.921875
567.915269 -127.124992
567.915279 -127.358246
567.915288 -127.633850
567.915298 -127.972443
567.915308 -128.398499
567.915317 -128.931198
567.915327 -129.570526
567.915337 -130.275757
567.915346 -130.937241
567.915356 -131.372986
567.915365 -131.032547
567.915375 -130.413818
567.915385 -129.779617
567.915394 -129.299423
567.915404 -129.074799
567.915413 -129.069382
567.915423 -129.164917
567.915433 -129.606476
567.915442 -130.417145
567.915452 -131.567886
567.915462 -132.882660
567.915471 -133.839661
567.915481 -132.838226
567.915490 -131.535278
567.915500 -130.412415
567.915510 -129.634293
567.915519 -129.224777
567.915529 -129.148865
567.915538 -129.163696
567.915548 -129.400345
567.915558 -129.897629
567.915567 -130.593658
567.915577 -131.400070
567.915587 -132.209396
567.915596 -132.913818
567.915606 -133.452103
567.915615 -133.825348
567.915625 -134.077072
567.915635 -134.247986
567.915644 -134.425369
567.915654 -134.656006
567.915663 -134.977097
567.915673 -135.420166
567.915683 -136.006393
567.915692 -136.737961
567.915702 -137.582825
567.915712 -138.465057
567.915721 -139.268524
567.915731 -139.886993
567.915740 -140.298157
567.915750 -140.590240
567.915760 -140.906372
567.915769 -141.366592
567.915779 -141.999466
567.915788 -142.818436
567.915798 -143.628250
567.915808 -143.341522
567.915817 -141.615417
567.915827 -139.442093
567.915837 -137.253555
567.915846 -135.213943
567.915856 -133.359680
567.915865 -131.689514
567.915875 -130.193344
567.915885 -128.854691
567.915894 -127.681808
567.915904 -126.674408
567.915913 -125.836021
567.915923 -125.172775
567.915933 -124.693199
567.915942 -124.407715
567.915952 -124.327141
567.915962 -124.329185
567.915971 -124.473145
567.915981 -124.858147
567.915990 -125.508118
567.916000 -126.454300
567.916010 -127.737358
567.916019 -129.432312
567.916029 -131.657486
567.916038 -134.641907
567.916048 -138.933228
567.916058 -146.510483
567.916067 -143.977875
567.916077 -139.352783
567.916087 -136.610443
567.916096 -134.654831
567.916106 -133.117783
567.916115 -131.854904
567.916125 -130.813324
567.916135 -129.975952
567.916144 -129.338226
567.916154 -128.895081
567.916163 -128.623276
567.916173 -128.517136
567.916183 -128.514771
567.916192 -128.545593
567.916202 -128.658936
567.916212 -128.786148
567.916221 -128.740173
567.916231 -128.436661
567.916240 -127.937126
567.916250 -127.293022
567.916260 -126.570633
567.916269 -125.828262
567.916279 -125.107491
567.916288 -124.431885
567.916298 -123.821457
567.916308 -123.291298
567.916317 -122.847786
567.916327 -122.493790
567.916337 -122.229347
567.916346 -122.051369
567.916356 -121.954094
567.916365 -121.926727
567.916375 -121.925552
567.916385 -121.964119
567.916394 -122.052238
567.916404 -122.178085
567.916413 -122.330330
567.916423 -122.501236
567.916433 -122.686447
567.916442 -122.886444
567.916452 -123.106056
567.916462 -123.349556
567.916471 -123.627434
567.916481 -123.952782
567.916490 -124.334236
567.916500 -124.777946
567.916510 -125.288002
567.916519 -125.867233
567.916529 -126.519615
567.916538 -127.252090
567.916548 -128.077393
567.916558 -129.015427
567.916567 -130.095032
567.916577 -131.354065
567.916587 -132.841064
567.916596 -134.615906
567.916606 -136.750107
567.916615 -139.333969
567.916625 -142.511002
567.916635 -146.449600
567.916644 -151.007355
567.916654 -149.664337
567.916663 -145.071289
567.916673 -141.091568
567.916683 -137.773895
567.916692 -135.008514
567.916702 -132.711136
567.916712 -130.816437
567.916721 -129.273438
567.916731 -128.043396
567.916740 -127.097183
567.916750 -126.413551
567.916760 -125.977768
567.916769 -125.778221
567.916779 -125.764420
567.916788 -125.813210
567.916798 -126.085312
567.916808 -126.602654
567.916817 -127.382111
567.916827 -128.452499
567.916837 -129.861282
567.916846 -131.686356
567.916856 -134.059341
567.916865 -137.198685
567.916875 -141.322464
567.916885 -142.751099
567.916894 -139.441147
567.916904 -137.073883
567.916913 -135.466202
567.916923 -134.363068
567.916933 -133.637497
567.916942 -133.212311
567.916952 -133.049255
567.916962 -133.041336
567.916971 -133.139954
567.916981 -133.475616
567.916990 -134.071136
567.917000 -134.912003
567.917010 -135.881607
567.917019 -136.648422
567.917029 -135.806763
567.917038 -134.408569
567.917048 -132.978745
567.917058 -131.753448
567.917067 -130.799042
567.917077 -130.113144
567.917087 -129.669540
567.917096 -129.434692
567.917106 -129.370987
567.917115 -129.371368
567.917125 -129.440552
567.917135 -129.599869
567.917144 -129.806198
567.917154 -130.016495
567.917163 -130.192307
567.917173 -130.303558
567.917183 -130.284790
567.917192 -130.170456
567.917202 -130.018875
567.917212 -129.864136
567.917221 -129.740829
567.917231 -129.681229
567.917240 -129.680008
567.917250 -129.712463
567.917260 -129.856415
567.917269 -130.129456
567.917279 -130.543808
567.917288 -131.106674
567.917298 -131.821167
567.917308 -132.684326
567.917317 -133.686188
567.917327 -134.804459
567.917337 -135.986526
567.917346 -137.155930
567.917356 -138.177750
567.917365 -138.818542
567.917375 -138.293045
567.917385 -137.168320
567.917394 -135.812805
567.917404 -134.453278
567.917413 -133.222382
567.917423 -132.185455
567.917433 -131.370529
567.917442 -130.784103
567.917452 -130.422791
567.917462 -130.278671
567.917471 -130.275787
567.917481 -130.332687
567.917490 -130.556000
567.917500 -130.907028
567.917510 -131.329544
567.917519 -131.752151
567.917529 -132.096588
567.917538 -132.291473
567.917548 -132.099945
567.917558 -131.742966
567.917567 -131.272217
567.917577 -130.752380
567.917587 -130.241653
567.917596 -129.780945
567.917606 -129.397644
567.917615 -129.106125
567.917625 -128.910675
567.917635 -128.807068
567.917644 -128.774200
567.917654 -128.769882
567.917663 -128.816864
567.917673 -128.916748
567.917683 -129.054321
567.917692 -129.215897
567.917702 -129.388626
567.917712 -129.559341
567.917721 -129.710907
567.917731 -129.818787
567.917740 -129.816254
567.917750 -129.592529
567.917760 -129.216293
567.917769 -128.714203
567.917779 -128.139481
567.917788 -127.554192
567.917798 -127.013870
567.917808 -126.558914
567.917817 -126.213371
567.917827 -125.986389
567.917837 -125.860016
567.917846 -125.831688
567.917856 -125.833862
567.917865 -125.892342
567.917875 -126.015175
567.917885 -126.187828
567.917894 -126.406639
567.917904 -126.682617
567.917913 -127.040009
567.917923 -127.512199
567.917933 -128.136536
567.917942 -128.950424
567.917952 -129.989517
567.917962 -131.287537
567.917971 -132.875397
567.917981 -134.777557
567.917990 -137.008392
567.918000 -139.550888
567.918010 -142.266449
567.918019 -144.781860
567.918029 -145.815704
567.918038 -143.762955
567.918048 -141.135559
567.918058 -138.555374
567.918067 -136.238083
567.918077 -134.231400
567.918087 -132.525558
567.918096 -131.095154
567.918106 -129.911499
567.918115 -128.947098
567.918125 -128.174835
567.918135 -127.567795
567.918144 -127.097786
567.918154 -126.735382
567.918163 -126.450516
567.918173 -126.214943
567.918183 -126.004951
567.918192 -125.804428
567.918202 -125.605713
567.918212 -125.409187
567.918221 -125.220375
567.918231 -125.040764
567.918240 -124.884758
567.918250 -124.766174
567.918260 -124.694801
567.918269 -124.669823
567.918279 -124.666733
567.918288 -124.713219
567.918298 -124.824211
567.918308 -124.996910
567.918317 -125.221291
567.918327 -125.480087
567.918337 -125.749107
567.918346 -126.002007
567.918356 -126.216805
567.918365 -126.385086
567.918375 -126.518135
567.918385 -126.647110
567.918394 -126.817818
567.918404 -127.084000
567.918413 -127.501389
567.918423 -128.122330
567.918433 -129.023102
567.918442 -130.293594
567.918452 -132.070587
567.918462 -134.604324
567.918471 -138.472107
567.918481 -145.721176
567.918490 -142.469696
567.918500 -137.880936
567.918510 -135.362839
567.918519 -133.849503
567.918529 -132.952866
567.918538 -132.473267
567.918548 -132.276169
567.918558 -132.233276
567.918567 -132.229828
567.918577 -132.262665
567.918587 -132.178055
567.918596 -131.945923
567.918606 -131.608765
567.918615 -131.220245
567.918625 -130.837189
567.918635 -130.515030
567.918644 -130.313141
567.918654 -130.262527
567.918663 -130.266861
567.918673 -130.394897
567.918683 -130.691086
567.918692 -131.105484
567.918702 -131.516144
567.918712 -131.497208
567.918721 -130.808914
567.918731 -129.814011
567.918740 -128.736099
567.918750 -127.734604
567.918760 -126.890511
567.918769 -126.235390
567.918779 -125.777802
567.918788 -125.517258
567.918798 -125.449425
567.918808 -125.452194
567.918817 -125.583534
567.918827 -125.916023
567.918837 -126.456116
567.918846 -127.227722
567.918856 -128.259018
567.918865 -129.587830
567.918875 -131.257736
567.918885 -133.288361
567.918894 -135.549744
567.918904 -137.327774
567.918913 -136.457565
567.918923 -134.905762
567.918933 -133.579025
567.918942 -132.524826
567.918952 -131.668137
567.918962 -130.904922
567.918971 -130.114258
567.918981 -129.218979
567.918990 -128.209732
567.919000 -127.135834
567.919010 -126.069412
567.919019 -125.075577
567.919029 -124.199959
567.919038 -123.470596
567.919048 -122.902931
567.919058 -122.505577
567.919067 -122.284065
567.919077 -122.234039
567.919087 -122.240707
567.919096 -122.385132
567.919106 -122.727943
567.919115 -123.284470
567.919125 -124.078697
567.919135 -125.147934
567.919144 -126.552780
567.919154 -128.396042
567.919163 -130.870758
567.919173 -134.400269
567.919183 -140.234940
567.919192 -141.851868
567.919202 -136.273453
567.919212 -133.281799
567.919221 -131.419189
567.919231 -130.211441
567.919240 -129.443039
567.919250 -128.993668
567.919260 -128.786499
567.919269 -128.742065
567.919279 -128.752060
567.919288 -128.882813
567.919298 -129.127914
567.919308 -129.464493
567.919317 -129.877151
567.919327 -130.356873
567.919337 -130.897385
567.919346 -131.497574
567.919356 -132.153915
567.919365 -132.858582
567.919375 -133.598175
567.919385 -134.354797
567.919394 -135.108032
567.919404 -135.831116
567.919413 -136.432251
567.919423 -136.604019
567.919433 -135.687546
567.919442 -134.094696
567.919452 -132.163544
567.919462 -130.203995
567.919471 -128.385239
567.919481 -126.775185
567.919490 -125.393394
567.919500 -124.237068
567.919510 -123.301392
567.919519 -122.581123
567.919529 -122.069588
567.919538 -121.762436
567.919548 -121.658371
567.919558 -121.654381
567.919567 -121.759705
567.919577 -122.071892
567.919587 -122.604958
567.919596 -123.373909
567.919606 -124.397888
567.919615 -125.696075
567.919625 -127.270454
567.919635 -129.049866
567.919644 -130.711121
567.919654 -131.497604
567.919663 -130.464691
567.919673 -129.292816
567.919683 -128.312836
567.919692 -127.613892
567.919702 -127.196907
567.919712 -127.039642
567.919721 -127.019722
567.919731 -127.104713
567.919740 -127.391518
567.919750 -127.853127
567.919760 -128.455246
567.919769 -129.158920
567.919779 -129.906479
567.919788 -130.615219
567.919798 -131.179123
567.919808 -131.435867
567.919817 -130.942978
567.919827 -130.076035
567.919837 -128.946472
567.919846 -127.677475
567.919856 -126.371162
567.919865 -125.101463
567.919875 -123.918175
567.919885 -122.853416
567.919894 -121.926949
567.919904 -121.149796
567.919913 -120.526657
567.919923 -120.057381
567.919933 -119.736984
567.919942 -119.556923
567.919952 -119.507744
567.919962 -119.508492
567.919971 -119.578056
567.919981 -119.748573
567.919990 -120.000900
567.920000 -120.314117
567.920010 -120.667023
567.920019 -121.039513
567.920029 -121.414879
567.920038 -121.781227
567.920048 -122.133018
567.920058 -122.471176
567.920067 -122.802635
567.920077 -123.138489
567.920087 -123.492607
567.920096 -123.879059
567.920106 -124.311256
567.920115 -124.800072
567.920125 -125.351570
567.920135 -125.973152
567.920144 -126.667175
567.920154 -127.433060
567.920163 -128.266953
567.920173 -129.153000
567.920183 -130.078888
567.920192 -131.014862
567.920202 -131.909332
567.920212 -132.684479
567.920221 -133.252762
567.920231 -133.558319
567.920240 -133.520660
567.920250 -133.363785
567.920260 -133.221390
567.920269 -133.096405
567.920279 -132.997467
567.920288 -132.878555
567.920298 -132.685852
567.920308 -132.383820
567.920317 -131.969482
567.920327 -131.467010
567.920337 -130.905273
567.920346 -130.297180
567.920356 -129.678253
567.920365 -129.059433
567.920375 -128.451141
567.920385 -127.868652
567.920394 -127.331505
567.920404 -126.861290
567.920413 -126.478233
567.920423 -126.199585
567.920433 -126.038391
567.920442 -126.000801
567.920452 -126.004578
567.920462 -126.105339
567.920471 -126.346382
567.920481 -126.732506
567.920490 -127.267395
567.920500 -127.949730
567.920510 -128.765106
567.920519 -129.667084
567.920529 -130.548203
567.920538 -131.220139
567.920548 -131.232559
567.920558 -130.652359
567.920567 -129.973434
567.920577 -129.386795
567.920587 -129.003418
567.920596 -128.880707
567.920606 -128.881531
567.920615 -129.056168
567.920625 -129.554672
567.920635 -130.410904
567.920644 -131.673584
567.920654 -133.421692
567.920663 -135.790619
567.920673 -139.042938
567.920683 -143.784805
567.920692 -152.125549
567.920702 -151.326889
567.920712 -148.841034
567.920721 -148.713684
567.920731 -149.066635
567.920740 -148.169601
567.920750 -143.543732
567.920760 -139.621475
567.920769 -136.632950
567.920779 -134.345413
567.920788 -132.577698
567.920798 -131.208817
567.920808 -130.154053
567.920817 -129.351059
567.920827 -128.750000
567.920837 -128.310532
567.920846 -127.999008
567.920856 -127.788582
567.920865 -127.658440
567.920875 -127.593498
567.920885 -127.580391
567.920894 -127.581833
567.920904 -127.606384
567.920913 -127.645752
567.920923 -127.696434
567.920933 -127.740486
567.920942 -127.761292
567.920952 -127.730385
567.920962 -127.674538
567.920971 -127.619316
567.920981 -127.587837
567.920990 -127.579117
567.921000 -127.608498
567.921010 -127.702187
567.921019 -127.864723
567.921029 -128.088226
567.921038 -128.358124
567.921048 -128.643188
567.921058 -128.915619
567.921067 -129.145126
567.921077 -129.303925
567.921087 -129.382294
567.921096 -129.385178
567.921106 -129.384796
567.921115 -129.404800
567.921125 -129.514267
567.921135 -129.770645
567.921144 -130.226761
567.921154 -130.934448
567.921163 -131.949249
567.921173 -133.338882
567.921183 -135.195328
567.921192 -137.651627
567.921202 -140.883926
567.921212 -144.879730
567.921221 -146.660278
567.921231 -144.815155
567.921240 -143.954300
567.921250 -143.925339
567.921260 -144.210968
567.921269 -145.673950
567.921279 -148.853333
567.921288 -151.597534
567.921298 -145.456924
567.921308 -141.510178
567.921317 -138.789673
567.921327 -136.805130
567.921337 -135.313263
567.921346 -134.180923
567.921356 -133.324387
567.921365 -132.681137
567.921375 -132.200333
567.921385 -131.833115
567.921394 -131.528122
567.921404 -131.228668
567.921413 -130.878677
567.921423 -130.433243
567.921433 -129.874664
567.921442 -129.217331
567.921452 -128.501083
567.921462 -127.773750
567.921471 -127.077682
567.921481 -126.441818
567.921490 -125.881668
567.921500 -125.396126
567.921510 -124.985313
567.921519 -124.645828
567.921529 -124.370110
567.921538 -124.152069
567.921548 -123.988892
567.921558 -123.880730
567.921567 -123.830406
567.921577 -123.825897
567.921587 -123.841972
567.921596 -123.918823
567.921606 -124.064796
567.921615 -124.282555
567.921625 -124.565125
567.921635 -124.903343
567.921644 -125.275864
567.921654 -125.648254
567.921663 -125.968658
567.921673 -126.189720
567.921683 -126.225159
567.921692 -126.028870
567.921702 -125.739983
567.921712 -125.401047
567.921721 -125.053154
567.921731 -124.744606
567.921740 -124.507851
567.921750 -124.371597
567.921760 -124.353241
567.921769 -124.362511
567.921779 -124.504753
567.921788 -124.819969
567.921798 -125.326660
567.921808 -126.040207
567.921817 -126.963181
567.921827 -128.107727
567.921837 -129.470947
567.921846 -131.033340
567.921856 -132.744339
567.921865 -134.494858
567.921875 -136.077240
567.921885 -137.153534
567.921894 -137.047668
567.921904 -136.000504
567.921913 -134.637802
567.921923 -133.152390
567.921933 -131.663162
567.921942 -130.244202
567.921952 -128.941910
567.921962 -127.785667
567.921971 -126.793198
567.921981 -125.974747
567.921990 -125.335571
567.922000 -124.878197
567.922010 -124.603767
567.922019 -124.509102
567.922029 -124.500130
567.922038 -124.604263
567.922048 -124.902611
567.922058 -125.401749
567.922067 -126.121193
567.922077 -127.089745
567.922087 -128.348282
567.922096 -129.957886
567.922106 -132.009186
567.922115 -134.616089
567.922125 -137.762909
567.922135 -139.600647
567.922144 -137.007202
567.922154 -134.674225
567.922163 -132.879852
567.922173 -131.507172
567.922183 -130.436783
567.922192 -129.583328
567.922202 -128.891876
567.922212 -128.330338
567.922221 -127.886047
567.922231 -127.561096
567.922240 -127.369568
567.922250 -127.314186
567.922260 -127.313942
567.922269 -127.465424
567.922279 -127.827240
567.922288 -128.422867
567.922298 -129.256668
567.922308 -130.275665
567.922317 -131.283768
567.922327 -131.664780
567.922337 -130.562057
567.922346 -129.129196
567.922356 -127.749786
567.922365 -126.579765
567.922375 -125.655106
567.922385 -124.968742
567.922394 -124.501190
567.922404 -124.231758
567.922413 -124.135201
567.922423 -124.121880
567.922433 -124.199623
567.922442 -124.426811
567.922452 -124.793289
567.922462 -125.290947
567.922471 -125.913307
567.922481 -126.654808
567.922490 -127.510246
567.922500 -128.474670
567.922510 -129.546524
567.922519 -130.731003
567.922529 -132.046066
567.922538 -133.532074
567.922548 -135.262405
567.922558 -137.359634
567.922567 -140.017883
567.922577 -143.513916
567.922587 -147.646973
567.922596 -145.814728
567.922606 -143.089249
567.922615 -141.287537
567.922625 -140.085403
567.922635 -139.148788
567.922644 -138.162064
567.922654 -136.904465
567.922663 -135.351364
567.922673 -133.639191
567.922683 -131.925476
567.922692 -130.312210
567.922702 -128.845322
567.922712 -127.538223
567.922721 -126.388939
567.922731 -125.390465
567.922740 -124.534355
567.922750 -123.812943
567.922760 -123.219109
567.922769 -122.746391
567.922779 -122.388390
567.922788 -122.138542
567.922798 -121.989838
567.922808 -121.934799
567.922817 -121.929588
567.922827 -121.962479
567.922837 -122.073067
567.922846 -122.255608
567.922856 -122.506332
567.922865 -122.824585
567.922875 -123.215874
567.922885 -123.693031
567.922894 -124.277084
567.922904 -124.999138
567.922913 -125.902557
567.922923 -127.047394
567.922933 -128.519196
567.922942 -130.447800
567.922952 -133.046127
567.922962 -136.666336
567.922971 -141.264236
567.922981 -138.053360
567.922990 -135.026794
567.923000 -133.100082
567.923010 -131.920685
567.923019 -131.269424
567.923029 -131.004913
567.923038 -130.943085
567.923048 -130.981659
567.923058 -131.182724
567.923067 -131.488785
567.923077 -131.849365
567.923087 -132.258041
567.923096 -132.753082
567.923106 -133.401184
567.923115 -134.267807
567.923125 -135.373917
567.923135 -136.601669
567.923144 -137.522430
567.923154 -136.405029
567.923163 -134.720230
567.923173 -133.068481
567.923183 -131.644104
567.923192 -130.473022
567.923202 -129.518799
567.923212 -128.765320
567.923221 -128.190720
567.923231 -127.776833
567.923240 -127.514420
567.923250 -127.402344
567.923260 -127.399773
567.923269 -127.446533
567.923279 -127.658684
567.923288 -128.055603
567.923298 -128.654785
567.923308 -129.473984
567.923317 -130.551804
567.923327 -131.922592
567.923337 -133.625092
567.923346 -135.702011
567.923356 -138.188141
567.923365 -141.029510
567.923375 -143.695496
567.923385 -142.972610
567.923394 -140.196304
567.923404 -137.522934
567.923413 -135.172104
567.923423 -133.156311
567.923433 -131.452271
567.923442 -130.031189
567.923452 -128.863754
567.923462 -127.923691
567.923471 -127.188385
567.923481 -126.640976
567.923490 -126.269844
567.923500 -126.068840
567.923510 -126.023361
567.923519 -126.029915
567.923529 -126.163788
567.923538 -126.427208
567.923548 -126.810043
567.923558 -127.262802
567.923567 -127.701904
567.923577 -128.024277
567.923587 -128.067261
567.923596 -127.839767
567.923606 -127.556221
567.923615 -127.284065
567.923625 -127.039017
567.923635 -126.810875
567.923644 -126.583961
567.923654 -126.330093
567.923663 -126.038483
567.923673 -125.720963
567.923683 -125.401794
567.923692 -125.089676
567.923702 -124.820114
567.923712 -124.596245
567.923721 -124.406944
567.923731 -124.231178
567.923740 -124.045067
567.923750 -123.829437
567.923760 -123.576309
567.923769 -123.291451
567.923779 -122.991554
567.923788 -122.698486
567.923798 -122.432594
567.923808 -122.207680
567.923817 -122.028435
567.923827 -121.884247
567.923837 -121.755585
567.923846 -121.635872
567.923856 -121.506668
567.923865 -121.356293
567.923875 -121.185143
567.923885 -121.007866
567.923894 -120.850807
567.923904 -120.747292
567.923913 -120.714966
567.923923 -120.721512
567.923933 -120.836754
567.923942 -121.106079
567.923952 -121.557854
567.923962 -122.228615
567.923971 -123.152138
567.923981 -124.363060
567.923990 -125.887306
567.924000 -127.698555
567.924010 -129.564575
567.924019 -130.548264
567.924029 -129.064163
567.924038 -127.208237
567.924048 -125.348381
567.924058 -123.564041
567.924067 -121.859039
567.924077 -120.218369
567.924087 -118.652985
567.924096 -117.189049
567.924106 -115.854973
567.924115 -114.674850
567.924125 -113.666725
567.924135 -112.843987
567.924144 -112.217514
567.924154 -111.797882
567.924163 -111.597565
567.924173 -111.582680
567.924183 -111.631454
567.924192 -111.919510
567.924202 -112.501930
567.924212 -113.432907
567.924221 -114.799271
567.924231 -116.743988
567.924240 -119.489708
567.924250 -123.067856
567.924260 -121.810257
567.924269 -118.264420
567.924279 -115.625580
567.924288 -113.685776
567.924298 -112.235405
567.924308 -111.140358
567.924317 -110.314491
567.924327 -109.700645
567.924337 -109.261261
567.924346 -108.973686
567.924356 -108.827744
567.924365 -108.792320
567.924375 -108.811531
567.924385 -108.965958
567.924394 -109.275452
567.924404 -109.752235
567.924413 -110.379021
567.924423 -111.150887
567.924433 -112.000259
567.924442 -112.790802
567.924452 -113.327255
567.924462 -113.187332
567.924471 -112.697952
567.924481 -112.178696
567.924490 -111.757736
567.924500 -111.496452
567.924510 -111.400497
567.924519 -111.394226
567.924529 -111.485893
567.924538 -111.754150
567.924548 -112.186577
567.924558 -112.769722
567.924567 -113.498329
567.924577 -114.372139
567.924587 -115.398666
567.924596 -116.595779
567.924606 -117.993996
567.924615 -119.640717
567.924625 -121.607597
567.924635 -123.987892
567.924644 -126.918358
567.924654 -130.554626
567.924663 -134.249481
567.924673 -132.128372
567.924683 -129.871170
567.924692 -128.282761
567.924702 -127.185417
567.924712 -126.401497
567.924721 -125.796059
567.924731 -125.273895
567.924740 -124.779411
567.924750 -124.295860
567.924760 -123.834068
567.924769 -123.411957
567.924779 -123.032173
567.924788 -122.715065
567.924798 -122.446632
567.924808 -122.200691
567.924817 -121.949570
567.924827 -121.679131
567.924837 -121.399956
567.924846 -121.149155
567.924856 -120.982513
567.924865 -120.932106
567.924875 -120.948944
567.924885 -121.160942
567.924894 -121.646782
567.924904 -122.487350
567.924913 -123.759071
567.924923 -125.553627
567.924933 -127.723732
567.924942 -127.811890
567.924952 -125.200325
567.924962 -122.822250
567.924971 -120.985962
567.924981 -119.649422
567.924990 -118.740318
567.925000 -118.205437
567.925010 -118.012115
567.925019 -118.010826
567.925029 -118.145584
567.925038 -118.604904
567.925048 -119.405426
567.925058 -120.582268
567.925067 -122.200905
567.925077 -124.381927
567.925087 -127.366219
567.925096 -131.728836
567.925106 -139.438324
567.925115 -136.398529
567.925125 -132.520905
567.925135 -130.509171
567.925144 -129.406067
567.925154 -128.824860
567.925163 -128.548370
567.925173 -128.429611
567.925183 -128.368652
567.925192 -128.312561
567.925202 -128.253586
567.925212 -128.215637
567.925221 -128.214523
567.925231 -128.235413
567.925240 -128.347336
567.925250 -128.577789
567.925260 -128.935760
567.925269 -129.446838
567.925279 -130.141174
567.925288 -131.058960
567.925298 -132.267593
567.925308 -133.875793
567.925317 -136.046112
567.925327 -138.913803
567.925337 -140.836594
567.925346 -137.556519
567.925356 -134.730728
567.925365 -132.694946
567.925375 -131.312836
567.925385 -130.464264
567.925394 -130.065353
567.925404 -129.982056
567.925413 -130.003448
567.925423 -130.221848
567.925433 -130.464600
567.925442 -129.906631
567.925452 -128.828827
567.925462 -127.566788
567.925471 -126.385429
567.925481 -125.420677
567.925490 -124.721634
567.925500 -124.298241
567.925510 -124.145210
567.925519 -124.132492
567.925529 -124.252304
567.925538 -124.619057
567.925548 -125.236641
567.925558 -126.114326
567.925567 -127.274284
567.925577 -128.762772
567.925587 -130.647278
567.925596 -133.085342
567.925606 -136.233734
567.925615 -138.810013
567.925625 -135.319351
567.925635 -132.218521
567.925644 -129.841721
567.925654 -128.018478
567.925663 -126.612152
567.925673 -125.536575
567.925683 -124.737061
567.925692 -124.176575
567.925702 -123.827057
567.925712 -123.661530
567.925721 -123.640274
567.925731 -123.660240
567.925740 -123.802864
567.925750 -124.056335
567.925760 -124.387085
567.925769 -124.752121
567.925779 -125.107140
567.925788 -125.410851
567.925798 -125.633392
567.925808 -125.764130
567.925817 -125.813332
567.925827 -125.779808
567.925837 -125.746658
567.925846 -125.735359
567.925856 -125.737053
567.925865 -125.779854
567.925875 -125.888458
567.925885 -126.071739
567.925894 -126.335014
567.925904 -126.681122
567.925913 -127.110207
567.925923 -127.618896
567.925933 -128.197495
567.925942 -128.826874
567.925952 -129.474335
567.925962 -130.093536
567.925971 -130.631409
567.925981 -131.046753
567.925990 -131.329453
567.926000 -131.507477
567.926010 -131.630585
567.926019 -131.745102
567.926029 -131.872787
567.926038 -132.002182
567.926048 -132.081619
567.926058 -131.928040
567.926067 -131.619141
567.926077 -131.183838
567.926087 -130.672287
567.926096 -130.134140
567.926106 -129.605408
567.926115 -129.108475
567.926125 -128.656403
567.926135 -128.260284
567.926144 -127.933731
567.926154 -127.696739
567.926163 -127.575981
567.926173 -127.571983
567.926183 -127.605545
567.926192 -127.825294
567.926202 -128.282318
567.926212 -129.033875
567.926221 -130.152206
567.926231 -131.718552
567.926240 -133.887009
567.926250 -136.789581
567.926260 -139.859650
567.926269 -137.503845
567.926279 -134.760757
567.926288 -132.693970
567.926298 -131.161926
567.926308 -129.997589
567.926317 -129.087189
567.926327 -128.357559
567.926337 -127.757133
567.926346 -127.257820
567.926356 -126.850105
567.926365 -126.538872
567.926375 -126.338867
567.926385 -126.270996
567.926394 -126.271141
567.926404 -126.357506
567.926413 -126.626747
567.926423 -127.106750
567.926433 -127.827179
567.926442 -128.821350
567.926452 -130.129684
567.926462 -131.805130
567.926471 -133.923874
567.926481 -136.605179
567.926490 -140.047867
567.926500 -144.539322
567.926510 -149.365280
567.926519 -146.259415
567.926529 -143.951874
567.926538 -142.356201
567.926548 -141.132339
567.926558 -140.070633
567.926567 -139.065948
567.926577 -138.086029
567.926587 -137.144226
567.926596 -136.271561
567.926606 -135.496735
567.926615 -134.829498
567.926625 -134.254501
567.926635 -133.727936
567.926644 -133.186081
567.926654 -132.565521
567.926663 -131.834518
567.926673 -131.012100
567.926683 -130.158478
567.926692 -129.348373
567.926702 -128.647659
567.926712 -128.104965
567.926721 -127.752609
567.926731 -127.611298
567.926740 -127.604240
567.926750 -127.694389
567.926760 -128.009781
567.926769 -128.561615
567.926779 -129.350098
567.926788 -130.367599
567.926798 -131.593781
567.926808 -132.982941
567.926817 -134.445480
567.926827 -135.820129
567.926837 -136.858948
567.926846 -136.891953
567.926856 -135.802658
567.926865 -134.273499
567.926875 -132.572662
567.926885 -130.882462
567.926894 -129.303909
567.926904 -127.887154
567.926913 -126.653801
567.926923 -125.611435
567.926933 -124.760597
567.926942 -124.098915
567.926952 -123.622627
567.926962 -123.328003
567.926971 -123.211563
567.926981 -123.198441
567.926990 -123.265121
567.927000 -123.505684
567.927010 -123.918869
567.927019 -124.514610
567.927029 -125.306061
567.927038 -126.314102
567.927048 -127.571426
567.927058 -129.100525
567.927067 -130.922943
567.927077 -132.936646
567.927087 -134.477234
567.927096 -132.735550
567.927106 -130.542236
567.927115 -128.547470
567.927125 -126.877235
567.927135 -125.508316
567.927144 -124.412682
567.927154 -123.562813
567.927163 -122.934540
567.927173 -122.511139
567.927183 -122.280312
567.927192 -122.227760
567.927202 -122.231178
567.927212 -122.349922
567.927221 -122.631027
567.927231 -123.060577
567.927240 -123.618355
567.927250 -124.273270
567.927260 -124.978958
567.927269 -125.670265
567.927279 -126.267555
567.927288 -126.694107
567.927298 -126.905060
567.927308 -126.753281
567.927317 -126.508926
567.927327 -126.232895
567.927337 -125.963768
567.927346 -125.720970
567.927356 -125.511070
567.927365 -125.333282
567.927375 -125.185616
567.927385 -125.067711
567.927394 -124.982994
567.927404 -124.937958
567.927413 -124.936150
567.927423 -124.941246
567.927433 -125.001183
567.927442 -125.124878
567.927452 -125.316872
567.927462 -125.579750
567.927471 -125.914146
567.927481 -126.320374
567.927490 -126.799286
567.927500 -127.354141
567.927510 -127.991280
567.927519 -128.721008
567.927529 -129.555954
567.927538 -130.507614
567.927548 -131.575104
567.927558 -132.721268
567.927567 -133.826279
567.927577 -134.640808
567.927587 -134.373657
567.927596 -133.429764
567.927606 -132.342987
567.927615 -131.317017
567.927625 -130.438690
567.927635 -129.732773
567.927644 -129.197220
567.927654 -128.821579
567.927663 -128.591415
567.927673 -128.503815
567.927683 -128.501907
567.927692 -128.553726
567.927702 -128.736603
567.927712 -129.060608
567.927721 -129.536194
567.927731 -130.177597
567.927740 -131.001724
567.927750 -132.022308
567.927760 -133.237549
567.927769 -134.589111
567.927779 -135.873566
567.927788 -136.466507
567.927798 -135.434143
567.927808 -134.068314
567.927817 -132.751495
567.927827 -131.641006
567.927837 -130.779617
567.927846 -130.167618
567.927856 -129.790787
567.927865 -129.612015
567.927875 -129.587479
567.927885 -129.616104
567.927894 -129.790695
567.927904 -130.096054
567.927913 -130.500885
567.927923 -130.980026
567.927933 -131.519897
567.927942 -132.122345
567.927952 -132.800644
567.927962 -133.569931
567.927971 -134.429611
567.927981 -135.339584
567.927990 -136.188583
567.928000 -136.773865
567.928010 -136.422943
567.928019 -135.444717
567.928029 -134.220795
567.928038 -132.943558
567.928048 -131.724503
567.928058 -130.620239
567.928067 -129.656647
567.928077 -128.844223
567.928087 -128.184555
567.928096 -127.674065
567.928106 -127.304977
567.928115 -127.066818
567.928125 -126.945763
567.928135 -126.918747
567.928144 -126.919624
567.928154 -126.981987
567.928163 -127.101395
567.928173 -127.251266
567.928183 -127.401001
567.928192 -127.519905
567.928202 -127.507263
567.928212 -127.321747
567.928221 -126.990585
567.928231 -126.517570
567.928240 -125.931366
567.928250 -125.281563
567.928260 -124.626671
567.928269 -124.023026
567.928279 -123.517372
567.928288 -123.145493
567.928298 -122.932838
567.928308 -122.889084
567.928317 -122.897186
567.928327 -123.044647
567.928337 -123.384857
567.928346 -123.921463
567.928356 -124.651237
567.928365 -125.563354
567.928375 -126.635666
567.928385 -127.828972
567.928394 -129.083328
567.928404 -130.320877
567.928413 -131.460098
567.928423 -132.472519
567.928433 -133.383026
567.928442 -134.264465
567.928452 -135.204697
567.928462 -136.271805
567.928471 -137.521469
567.928481 -138.991974
567.928490 -140.730530
567.928500 -142.840591
567.928510 -145.444183
567.928519 -148.332993
567.928529 -145.053970
567.928538 -141.119019
567.928548 -137.943832
567.928558 -135.414993
567.928567 -133.375259
567.928577 -131.729584
567.928587 -130.403595
567.928596 -129.345520
567.928606 -128.516663
567.928615 -127.887238
567.928625 -127.433556
567.928635 -127.137093
567.928644 -126.983170
567.928654 -126.947266
567.928663 -126.950745
567.928673 -127.057968
567.928683 -127.287376
567.928692 -127.637703
567.928702 -128.107849
567.928712 -128.696213
567.928721 -129.397415
567.928731 -130.192444
567.928740 -131.037384
567.928750 -131.859451
567.928760 -132.554108
567.928769 -133.005768
567.928779 -133.059540
567.928788 -132.732605
567.928798 -132.335785
567.928808 -131.955933
567.928817 -131.636139
567.928827 -131.381302
567.928837 -131.170013
567.928846 -130.967819
567.928856 -130.745117
567.928865 -130.493530
567.928875 -130.234665
567.928885 -130.013290
567.928894 -129.878235
567.928904 -129.833572
567.928913 -129.868393
567.928923 -130.081573
567.928933 -130.515717
567.928942 -131.191986
567.928952 -132.117355
567.928962 -133.274139
567.928971 -134.594482
567.928981 -135.916840
567.928990 -136.963760
567.929000 -137.459808
567.929010 -137.037796
567.929019 -136.514389
567.929029 -136.051010
567.929038 -135.701233
567.929048 -135.463577
567.929058 -135.306473
567.929067 -135.170563
567.929077 -134.951859
567.929087 -134.597351
567.929096 -134.048767
567.929106 -133.305725
567.929115 -132.427994
567.929125 -131.504562
567.929135 -130.618866
567.929144 -129.832748
567.929154 -129.186264
567.929163 -128.703827
567.929173 -128.401291
567.929183 -128.290543
567.929192 -128.290207
567.929202 -128.384171
567.929212 -128.697235
567.929221 -129.252014
567.929231 -130.081757
567.929240 -131.239014
567.929250 -132.810135
567.929260 -134.949600
567.929269 -137.969193
567.929279 -142.642334
567.929288 -148.542847
567.929298 -142.133286
567.929308 -138.786301
567.929317 -136.809662
567.929327 -135.635757
567.929337 -135.050293
567.929346 -134.931015
567.929356 -134.951080
567.929365 -135.300705
567.929375 -136.088715
567.929385 -137.346481
567.929394 -139.080276
567.929404 -141.111877
567.929413 -142.257751
567.929423 -140.561066
567.929433 -138.784760
567.929442 -137.379761
567.929452 -136.336243
567.929462 -135.624908
567.929471 -135.149933
567.929481 -134.823135
567.929490 -134.576279
567.929500 -134.370468
567.929510 -134.202408
567.929519 -134.092606
567.929529 -134.051331
567.929538 -134.070007
567.929548 -134.222672
567.929558 -134.558105
567.929567 -135.099365
567.929577 -135.876923
567.929587 -136.924683
567.929596 -138.262924
567.929606 -139.913834
567.929615 -141.861359
567.929625 -143.827530
567.929635 -144.267822
567.929644 -142.579178
567.929654 -140.869598
567.929663 -139.522537
567.929673 -138.621490
567.929683 -138.188583
567.929692 -138.143570
567.929702 -138.246033
567.929712 -138.881989
567.929721 -140.210373
567.929731 -142.262787
567.929740 -142.726807
567.929750 -139.156616
567.929760 -135.967102
567.929769 -133.488770
567.929779 -131.590683
567.929788 -130.141357
567.929798 -129.045227
567.929808 -128.228333
567.929817 -127.623947
567.929827 -127.186569
567.929837 -126.863297
567.929846 -126.601830
567.929856 -126.353180
567.929865 -126.078552
567.929875 -125.757118
567.929885 -125.390274
567.929894 -124.998886
567.929904 -124.614723
567.929913 -124.271141
567.929923 -123.996178
567.929933 -123.809967
567.929942 -123.724205
567.929952 -123.721642
567.929962 -123.743507
567.929971 -123.865982
567.929981 -124.084335
567.929990 -124.385658
567.930000 -124.750542
567.930010 -125.150757
567.930019 -125.548309
567.930029 -125.896439
567.930038 -126.148163
567.930048 -126.262238
567.930058 -126.154221
567.930067 -126.001938
567.930077 -125.865814
567.930087 -125.798248
567.930096 -125.796936
567.930106 -125.836594
567.930115 -125.997986
567.930125 -126.278053
567.930135 -126.677505
567.930144 -127.163063
567.930154 -127.681580
567.930163 -128.166763
567.930173 -128.548813
567.930183 -128.780289
567.930192 -128.836472
567.930202 -128.720840
567.930212 -128.587662
567.930221 -128.473541
567.930231 -128.399246
567.930240 -128.374863
567.930250 -128.374756
567.930260 -128.404190
567.930269 -128.492310
567.930279 -128.642044
567.930288 -128.857407
567.930298 -129.144882
567.930308 -129.511124
567.930317 -129.962982
567.930327 -130.509033
567.930337 -131.159393
567.930346 -131.928177
567.930356 -132.833191
567.930365 -133.897568
567.930375 -135.147263
567.930385 -136.602188
567.930394 -138.262177
567.930404 -140.103943
567.930413 -141.958344
567.930423 -143.385834
567.930433 -143.129929
567.930442 -141.914734
567.930452 -140.595154
567.930462 -139.341858
567.930471 -138.179947
567.930481 -137.115631
567.930490 -136.132507
567.930500 -135.217529
567.930510 -134.366089
567.930519 -133.581223
567.930529 -132.873352
567.930538 -132.258270
567.930548 -131.755753
567.930558 -131.387726
567.930567 -131.177643
567.930577 -131.135468
567.930587 -131.148880
567.930596 -131.329254
567.930606 -131.743546
567.930615 -132.424210
567.930625 -133.410309
567.930635 -134.754654
567.930644 -136.531448
567.930654 -138.844391
567.930663 -141.780289
567.930673 -144.890533
567.930683 -143.451324
567.930692 -140.667786
567.930702 -138.369461
567.930712 -136.499176
567.930721 -134.952652
567.930731 -133.659058
567.930740 -132.569214
567.930750 -131.653549
567.930760 -130.891418
567.930769 -130.265747
567.930779 -129.760605
567.930788 -129.360367
567.930798 -129.049072
567.930808 -128.811584
567.930817 -128.633377
567.930827 -128.501770
567.930837 -128.406891
567.930846 -128.343002
567.930856 -128.309113
567.930865 -128.306519
567.930875 -128.309647
567.930885 -128.353302
567.930894 -128.452133
567.930904 -128.619400
567.930913 -128.868805
567.930923 -129.213028
567.930933 -129.664200
567.930942 -130.234116
567.930952 -130.936661
567.930962 -131.789627
567.930971 -132.819885
567.930981 -134.069672
567.930990 -135.605087
567.931000 -137.508759
567.931010 -139.931335
567.931019 -142.901733
567.931029 -143.988907
567.931038 -140.919647
567.931048 -138.268158
567.931058 -136.279984
567.931067 -134.850647
567.931077 -133.889481
567.931087 -133.352478
567.931096 -133.226486
567.931106 -133.238327
567.931115 -133.579178
567.931125 -134.462219
567.931135 -136.080093
567.931144 -138.896011
567.931154 -144.437759
567.931163 -143.123016
567.931173 -137.024124
567.931183 -133.464874
567.931192 -131.033188
567.931202 -129.279221
567.931212 -127.999321
567.931221 -127.088150
567.931231 -126.480942
567.931240 -126.135139
567.931250 -126.019241
567.931260 -126.016624
567.931269 -126.107269
567.931279 -126.372040
567.931288 -126.782600
567.931298 -127.295258
567.931308 -127.855362
567.931317 -128.394012
567.931327 -128.826904
567.931337 -129.053055
567.931346 -128.763931
567.931356 -128.236740
567.931365 -127.546898
567.931375 -126.782433
567.931385 -126.021881
567.931394 -125.326149
567.931404 -124.737564
567.931413 -124.283905
567.931423 -123.981796
567.931433 -123.840164
567.931442 -123.835472
567.931452 -123.861771
567.931462 -124.043533
567.931471 -124.375847
567.931481 -124.842072
567.931490 -125.416466
567.931500 -126.065437
567.931510 -126.751274
567.931519 -127.442940
567.931529 -128.128296
567.931538 -128.824020
567.931548 -129.573334
567.931558 -130.435562
567.931567 -131.471466
567.931577 -132.706512
567.931587 -134.185226
567.931596 -135.898209
567.931606 -137.763092
567.931615 -139.611710
567.931625 -141.261459
567.931635 -142.673721
567.931644 -143.889297
567.931654 -143.939941
567.931663 -141.675125
567.931673 -138.871445
567.931683 -136.263367
567.931692 -134.005280
567.931702 -132.099228
567.931712 -130.509232
567.931721 -129.192535
567.931731 -128.121307
567.931740 -127.278786
567.931750 -126.656441
567.931760 -126.250038
567.931769 -126.057899
567.931779 -126.039162
567.931788 -126.077286
567.931798 -126.298248
567.931808 -126.726181
567.931817 -127.354385
567.931827 -128.171097
567.931837 -129.155701
567.931846 -130.273239
567.931856 -131.465012
567.931865 -132.639725
567.931875 -133.672104
567.931885 -134.432526
567.931894 -134.848053
567.931904 -134.848618
567.931913 -134.672409
567.931923 -134.523026
567.931933 -134.468674
567.931942 -134.469101
567.931952 -134.557236
567.931962 -134.821289
567.931971 -135.293961
567.931981 -136.007095
567.931990 -136.978149
567.932000 -138.134354
567.932010 -138.981918
567.932019 -137.359009
567.932029 -135.004959
567.932038 -132.676163
567.932048 -130.630798
567.932058 -128.904678
567.932067 -127.475174
567.932077 -126.309814
567.932087 -125.378937
567.932096 -124.656754
567.932106 -124.121201
567.932115 -123.752518
567.932125 -123.532837
567.932135 -123.445473
567.932144 -123.443573
567.932154 -123.474792
567.932163 -123.606026
567.932173 -123.825935
567.932183 -124.123718
567.932192 -124.492119
567.932202 -124.928696
567.932212 -125.437759
567.932221 -126.031960
567.932231 -126.734558
567.932240 -127.582268
567.932250 -128.629883
567.932260 -129.948425
567.932269 -131.652008
567.932279 -133.906219
567.932288 -136.839478
567.932298 -138.792130
567.932308 -135.467560
567.932317 -132.526016
567.932327 -130.284775
567.932337 -128.587723
567.932346 -127.283707
567.932356 -126.295906
567.932365 -125.554619
567.932375 -125.008003
567.932385 -124.615738
567.932394 -124.345154
567.932404 -124.170364
567.932413 -124.070938
567.932423 -124.031517
567.932433 -124.030487
567.932442 -124.040047
567.932452 -124.086349
567.932462 -124.155991
567.932471 -124.232819
567.932481 -124.312149
567.932490 -124.383125
567.932500 -124.435638
567.932510 -124.464081
567.932519 -124.467400
567.932529 -124.457146
567.932538 -124.453598
567.932548 -124.468086
567.932558 -124.527908
567.932567 -124.657707
567.932577 -124.878616
567.932587 -125.214851
567.932596 -125.690331
567.932606 -126.320686
567.932615 -127.135086
567.932625 -128.152069
567.932635 -129.383102
567.932644 -130.823288
567.932654 -132.428146
567.932663 -134.073227
567.932673 -135.515488
567.932683 -136.464676
567.932692 -136.788925
567.932702 -136.638779
567.932712 -136.538467
567.932721 -136.526459
567.932731 -136.531357
567.932740 -136.542709
567.932750 -136.443039
567.932760 -136.178116
567.932769 -135.755798
567.932779 -135.225876
567.932788 -134.655304
567.932798 -134.104050
567.932808 -133.613571
567.932817 -133.208969
567.932827 -132.903015
567.932837 -132.695633
567.932846 -132.592957
567.932856 -132.584518
567.932865 -132.595856
567.932875 -132.701752
567.932885 -132.902893
567.932894 -133.184967
567.932904 -133.522751
567.932913 -133.879852
567.932923 -134.213043
567.932933 -134.485001
567.932942 -134.680939
567.932952 -134.819916
567.932962 -134.951004
567.932971 -135.136292
567.932981 -135.432922
567.932990 -135.872589
567.933000 -136.395477
567.933010 -136.887711
567.933019 -136.762085
567.933029 -135.670517
567.933038 -134.125458
567.933048 -132.462189
567.933058 -130.883591
567.933067 -129.474716
567.933077 -128.259933
567.933087 -127.239738
567.933096 -126.407196
567.933106 -125.758492
567.933115 -125.286674
567.933125 -124.986900
567.933135 -124.853233
567.933144 -124.844414
567.933154 -124.886604
567.933163 -125.086975
567.933173 -125.455116
567.933183 -125.992027
567.933192 -126.698486
567.933202 -127.574265
567.933212 -128.617752
567.933221 -129.825562
567.933231 -131.193039
567.933240 -132.713013
567.933250 -134.355331
567.933260 -136.034683
567.933269 -137.554077
567.933279 -138.164856
567.933288 -136.918594
567.933298 -135.312729
567.933308 -133.767609
567.933317 -132.440765
567.933327 -131.365158
567.933337 -130.530029
567.933346 -129.908615
567.933356 -129.468124
567.933365 -129.171722
567.933375 -128.979568
567.933385 -128.850235
567.933394 -128.742188
567.933404 -128.619003
567.933413 -128.457169
567.933423 -128.245239
567.933433 -127.987671
567.933442 -127.702522
567.933452 -127.417152
567.933462 -127.155930
567.933471 -126.948967
567.933481 -126.815292
567.933490 -126.759377
567.933500 -126.757889
567.933510 -126.766739
567.933519 -126.793533
567.933529 -126.672462
567.933538 -126.371109
567.933548 -125.871002
567.933558 -125.211212
567.933567 -124.467278
567.933577 -123.718018
567.933587 -123.025871
567.933596 -122.432220
567.933606 -121.961746
567.933615 -121.627769
567.933625 -121.436966
567.933635 -121.389328
567.933644 -121.392189
567.933654 -121.493576
567.933663 -121.742111
567.933673 -122.140846
567.933683 -122.693184
567.933692 -123.405373
567.933702 -124.288551
567.933712 -125.360916
567.933721 -126.651619
567.933731 -128.207245
567.933740 -130.104218
567.933750 -132.474304
567.933760 -135.567017
567.933769 -139.912582
567.933779 -146.396255
567.933788 -141.687927
567.933798 -138.357513
567.933808 -136.318085
567.933817 -135.021866
567.933827 -134.205505
567.933837 -133.711746
567.933846 -133.437607
567.933856 -133.298172
567.933865 -133.205734
567.933875 -133.067657
567.933885 -132.795914
567.933894 -132.329773
567.933904 -131.660950
567.933913 -130.836273
567.933923 -129.933655
567.933933 -129.031952
567.933942 -128.193359
567.933952 -127.459427
567.933962 -126.854622
567.933971 -126.390434
567.933981 -126.068939
567.933990 -125.884712
567.934000 -125.825500
567.934010 -125.825478
567.934019 -125.872444
567.934029 -125.998962
567.934038 -126.172585
567.934048 -126.357498
567.934058 -126.521065
567.934067 -126.641731
567.934077 -126.716331
567.934087 -126.760406
567.934096 -126.803925
567.934106 -126.881943
567.934115 -127.028008
567.934125 -127.269363
567.934135 -127.626007
567.934144 -128.110046
567.934154 -128.726700
567.934163 -129.473831
567.934173 -130.341537
567.934183 -131.310455
567.934192 -132.350189
567.934202 -133.416626
567.934212 -134.449570
567.934221 -135.371796
567.934231 -136.092773
567.934240 -136.529907
567.934250 -136.497620
567.934260 -136.191864
567.934269 -135.866653
567.934279 -135.629562
567.934288 -135.538239
567.934298 -135.537399
567.934308 -135.582062
567.934317 -135.515869
567.934327 -134.895065
567.934337 -133.698761
567.934346 -132.118668
567.934356 -130.425522
567.934365 -128.797302
567.934375 -127.310730
567.934385 -125.985237
567.934394 -124.815331
567.934404 -123.787354
567.934413 -122.886925
567.934423 -122.102142
567.934433 -121.424606
567.934442 -120.849220
567.934452 -120.373894
567.934462 -119.998436
567.934471 -119.723991
567.934481 -119.552086
567.934490 -119.484093
567.934500 -119.483078
567.934510 -119.520546
567.934519 -119.660332
567.934529 -119.897835
567.934538 -120.227310
567.934548 -120.639214
567.934558 -121.118118
567.934567 -121.642769
567.934577 -122.185966
567.934587 -122.715942
567.934596 -123.199860
567.934606 -123.608856
567.934615 -123.923370
567.934625 -124.136223
567.934635 -124.252609
567.934644 -124.252724
567.934654 -124.182495
567.934663 -124.101639
567.934673 -124.035240
567.934683 -124.007256
567.934692 -124.007240
567.934702 -124.039703
567.934712 -124.151810
567.934721 -124.359528
567.934731 -124.675987
567.934740 -125.110634
567.934750 -125.669807
567.934760 -126.355873
567.934769 -127.164688
567.934779 -128.081314
567.934788 -129.084015
567.934798 -130.124451
567.934808 -131.114456
567.934817 -131.898987
567.934827 -132.183624
567.934837 -131.528748
567.934846 -130.519470
567.934856 -129.361679
567.934865 -128.207718
567.934875 -127.147163
567.934885 -126.225998
567.934894 -125.462029
567.934904 -124.866219
567.934913 -124.443108
567.934923 -124.190598
567.934933 -124.104691
567.934942 -124.104622
567.934952 -124.180023
567.934962 -124.408249
567.934971 -124.777611
567.934981 -125.269554
567.934990 -125.854691
567.935000 -126.487564
567.935010 -127.103676
567.935019 -127.624138
567.935029 -127.974335
567.935038 -128.041870
567.935048 -127.808487
567.935058 -127.464935
567.935067 -127.054909
567.935077 -126.607231
567.935087 -126.135933
567.935096 -125.667801
567.935106 -125.225113
567.935115 -124.828850
567.935125 -124.492149
567.935135 -124.238075
567.935144 -124.077049
567.935154 -124.010689
567.935163 -124.009193
567.935173 -124.031700
567.935183 -124.124008
567.935192 -124.265602
567.935202 -124.431778
567.935212 -124.601089
567.935221 -124.759895
567.935231 -124.905960
567.935240 -125.047142
567.935250 -125.197617
567.935260 -125.372375
567.935269 -125.583321
567.935279 -125.837067
567.935288 -126.135246
567.935298 -126.475662
567.935308 -126.855148
567.935317 -127.271980
567.935327 -127.727974
567.935337 -128.229492
567.935346 -128.787613
567.935356 -129.416443
567.935365 -130.131302
567.935375 -130.946381
567.935385 -131.871216
567.935394 -132.906662
567.935404 -134.039108
567.935413 -135.235504
567.935423 -136.444458
567.935433 -137.616104
567.935442 -138.741760
567.935452 -139.897034
567.935462 -141.251282
567.935471 -142.993149
567.935481 -145.194992
567.935490 -145.334930
567.935500 -141.810608
567.935510 -138.600815
567.935519 -136.014938
567.935529 -133.933517
567.935538 -132.226364
567.935548 -130.815628
567.935558 -129.633194
567.935567 -128.629791
567.935577 -127.768425
567.935587 -127.021492
567.935596 -126.368225
567.935606 -125.793533
567.935615 -125.287132
567.935625 -124.842728
567.935635 -124.457298
567.935644 -124.130783
567.935654 -123.865158
567.935663 -123.664345
567.935673 -123.533501
567.935683 -123.479019
567.935692 -123.478104
567.935702 -123.508018
567.935712 -123.627785
567.935721 -123.845337
567.935731 -124.166351
567.935740 -124.593300
567.935750 -125.122971
567.935760 -125.742805
567.935769 -126.426132
567.935779 -127.128654
567.935788 -127.789803
567.935798 -128.345093
567.935808 -128.750183
567.935817 -129.002762
567.935827 -129.142441
567.935837 -129.228363
567.935846 -129.311905
567.935856 -129.408386
567.935865 -129.511932
567.935875 -129.618729
567.935885 -129.688553
567.935894 -129.589584
567.935904 -129.352081
567.935913 -129.008438
567.935923 -128.586975
567.935933 -128.117966
567.935942 -127.626244
567.935952 -127.129784
567.935962 -126.641640
567.935971 -126.166328
567.935981 -125.724274
567.935990 -125.330444
567.936000 -125.001068
567.936010 -124.753365
567.936019 -124.604752
567.936029 -124.568176
567.936038 -124.571495
567.936048 -124.668526
567.936058 -124.908333
567.936067 -125.301651
567.936077 -125.856796
567.936087 -126.579353
567.936096 -127.470345
567.936106 -128.522842
567.936115 -129.715225
567.936125 -131.000549
567.936135 -132.293076
567.936144 -133.465851
567.936154 -134.381912
567.936163 -134.965164
567.936173 -135.245941
567.936183 -135.291794
567.936192 -135.194458
567.936202 -135.031357
567.936212 -134.778198
567.936221 -134.403427
567.936231 -133.907364
567.936240 -133.307419
567.936250 -132.640945
567.936260 -131.957581
567.936269 -131.306717
567.936279 -130.731552
567.936288 -130.264267
567.936298 -129.927856
567.936308 -129.736862
567.936317 -129.688599
567.936327 -129.689667
567.936337 -129.824661
567.936346 -130.137802
567.936356 -130.640884
567.936365 -131.367645
567.936375 -132.361954
567.936385 -133.686005
567.936394 -135.398010
567.936404 -137.608276
567.936413 -140.360580
567.936423 -143.214218
567.936433 -143.161255
567.936442 -141.566803
567.936452 -140.532043
567.936462 -140.100098
567.936471 -140.061111
567.936481 -140.181732
567.936490 -140.644684
567.936500 -141.183014
567.936510 -141.161514
567.936519 -140.391342
567.936529 -139.497574
567.936538 -138.701065
567.936548 -138.072205
567.936558 -137.570404
567.936567 -137.140015
567.936577 -136.706284
567.936587 -136.195496
567.936596 -135.563141
567.936606 -134.797195
567.936615 -133.911972
567.936625 -132.935837
567.936635 -131.899017
567.936644 -130.846222
567.936654 -129.810745
567.936663 -128.821823
567.936673 -127.903336
567.936683 -127.074646
567.936692 -126.350571
567.936702 -125.743294
567.936712 -125.262390
567.936721 -124.916412
567.936731 -124.712929
567.936740 -124.655556
567.936750 -124.655945
567.936760 -124.764534
567.936769 -125.036591
567.936779 -125.486977
567.936788 -126.130669
567.936798 -126.987961
567.936808 -128.087738
567.936817 -129.470657
567.936827 -131.195862
567.936837 -133.349014
567.936846 -136.054413
567.936856 -139.468231
567.936865 -143.567719
567.936875 -146.397186
567.936885 -144.755539
567.936894 -143.311142
567.936904 -141.900711
567.936913 -140.054337
567.936923 -137.824570
567.936933 -135.570694
567.936942 -133.542496
567.936952 -131.825974
567.936962 -130.426331
567.936971 -129.321533
567.936981 -128.485779
567.936990 -127.896378
567.937000 -127.536781
567.937010 -127.395981
567.937019 -127.393822
567.937029 -127.468895
567.937038 -127.754082
567.937048 -128.253845
567.937058 -128.965378
567.937067 -129.888153
567.937077 -131.023499
567.937087 -132.344254
567.937096 -133.771652
567.937106 -135.107437
567.937115 -136.038254
567.937125 -135.914978
567.937135 -135.046997
567.937144 -134.014267
567.937154 -132.957397
567.937163 -131.924850
567.937173 -130.926163
567.937183 -129.960892
567.937192 -129.030869
567.937202 -128.143021
567.937212 -127.308792
567.937221 -126.541618
567.937231 -125.854774
567.937240 -125.257530
567.937250 -124.759064
567.937260 -124.367371
567.937269 -124.085403
567.937279 -123.913139
567.937288 -123.847977
567.937298 -123.847214
567.937308 -123.884918
567.937317 -124.016235
567.937327 -124.231941
567.937337 -124.518997
567.937346 -124.860504
567.937356 -125.233528
567.937365 -125.606735
567.937375 -125.938873
567.937385 -126.180809
567.937394 -126.226753
567.937404 -126.011620
567.937413 -125.684441
567.937423 -125.311813
567.937433 -124.963409
567.937442 -124.700584
567.937452 -124.572853
567.937462 -124.569458
567.937471 -124.620758
567.937481 -124.879021
567.937490 -125.372139
567.937500 -126.138283
567.937510 -127.221382
567.937519 -128.655273
567.937529 -130.428741
567.937538 -132.314072
567.937548 -133.545609
567.937558 -132.272110
567.937567 -130.819550
567.937577 -129.642151
567.937587 -128.829865
567.937596 -128.351059
567.937606 -128.151855
567.937615 -128.146576
567.937625 -128.189453
567.937635 -128.393127
567.937644 -128.680191
567.937654 -128.960312
567.937663 -129.153976
567.937673 -129.164368
567.937683 -129.038696
567.937692 -128.902130
567.937702 -128.803436
567.937712 -128.770340
567.937721 -128.770462
567.937731 -128.807602
567.937740 -128.896835
567.937750 -128.999100
567.937760 -129.026840
567.937769 -128.865631
567.937779 -128.585144
567.937788 -128.233871
567.937798 -127.881279
567.937808 -127.597343
567.937817 -127.439972
567.937827 -127.433716
567.937837 -127.454132
567.937846 -127.674110
567.937856 -128.128357
567.937865 -128.843750
567.937875 -129.848679
567.937885 -131.172058
567.937894 -132.830383
567.937904 -134.769272
567.937913 -136.669022
567.937923 -137.071014
567.937933 -135.504684
567.937942 -133.822250
567.937952 -132.338531
567.937962 -131.096466
567.937971 -130.070511
567.937981 -129.228073
567.937990 -128.544205
567.938000 -128.001343
567.938010 -127.587784
567.938019 -127.293549
567.938029 -127.108009
567.938038 -127.016266
567.938048 -126.996124
567.938058 -126.996758
567.938067 -127.019096
567.938077 -127.033173
567.938087 -126.948845
567.938096 -126.774887
567.938106 -126.517326
567.938115 -126.201782
567.938125 -125.862816
567.938135 -125.533340
567.938144 -125.238388
567.938154 -124.984055
567.938163 -124.787521
567.938173 -124.660446
567.938183 -124.605522
567.938192 -124.594315
567.938202 -124.629761
567.938212 -124.762535
567.938221 -125.007553
567.938231 -125.379967
567.938240 -125.892693
567.938250 -126.552612
567.938260 -127.353798
567.938269 -128.268661
567.938279 -129.235840
567.938288 -130.155136
567.938298 -130.906845
567.938308 -131.411270
567.938317 -131.686722
567.938327 -131.840500
567.938337 -132.004730
567.938346 -132.285080
567.938356 -132.740280
567.938365 -133.414581
567.938375 -134.333466
567.938385 -135.504562
567.938394 -136.950104
567.938404 -138.681320
567.938413 -140.707123
567.938423 -143.013916
567.938433 -145.557648
567.938442 -148.202789
567.938452 -150.643921
567.938462 -152.328720
567.938471 -151.102524
567.938481 -148.598557
567.938490 -145.988266
567.938500 -143.727982
567.938510 -141.956314
567.938519 -140.700165
567.938529 -139.953735
567.938538 -139.741943
567.938548 -139.744888
567.938558 -140.163376
567.938567 -141.297699
567.938577 -143.355423
567.938587 -146.304535
567.938596 -144.180557
567.938606 -140.335281
567.938615 -137.436432
567.938625 -135.269836
567.938635 -133.612930
567.938644 -132.315948
567.938654 -131.274918
567.938663 -130.415085
567.938673 -129.682648
567.938683 -129.042023
567.938692 -128.473846
567.938702 -127.972595
567.938712 -127.542435
567.938721 -127.193703
567.938731 -126.938950
567.938740 -126.791847
567.938750 -126.755745
567.938760 -126.759499
567.938769 -126.879395
567.938779 -127.150589
567.938788 -127.606316
567.938798 -128.285431
567.938808 -129.245804
567.938817 -130.578140
567.938827 -132.435959
567.938837 -135.103119
567.938846 -139.122498
567.938856 -141.279572
567.938865 -136.327789
567.938875 -132.990555
567.938885 -130.667175
567.938894 -128.977951
567.938904 -127.722656
567.938913 -126.783539
567.938923 -126.082825
567.938933 -125.564125
567.938942 -125.184448
567.938952 -124.911064
567.938962 -124.721275
567.938971 -124.602448
567.938981 -124.545776
567.938990 -124.531776
567.939000 -124.561935
567.939010 -124.678711
567.939019 -124.896141
567.939029 -125.217125
567.939038 -125.650635
567.939048 -126.172859
567.939058 -126.767838
567.939067 -127.376762
567.939077 -127.910110
567.939087 -128.265533
567.939096 -128.228012
567.939106 -127.909599
567.939115 -127.518509
567.939125 -127.146324
567.939135 -126.859146
567.939144 -126.700844
567.939154 -126.680679
567.939163 -126.701462
567.939173 -126.883987
567.939183 -127.269150
567.939192 -127.879280
567.939202 -128.741226
567.939212 -129.889725
567.939221 -131.371033
567.939231 -133.245972
567.939240 -135.576523
567.939250 -138.319107
567.939260 -140.822174
567.939269 -139.779724
567.939279 -137.934555
567.939288 -136.491653
567.939298 -135.514603
567.939308 -134.961838
567.939317 -134.803268
567.939327 -134.805557
567.939337 -135.052887
567.939346 -135.753754
567.939356 -137.026474
567.939365 -139.128372
567.939375 -142.710373
567.939385 -150.362701
567.939394 -143.590530
567.939404 -138.847794
567.939413 -135.959534
567.939423 -134.024353
567.939433 -132.712326
567.939442 -131.863419
567.939452 -131.399750
567.939462 -131.272995
567.939471 -131.273376
567.939481 -131.479202
567.939490 -131.996658
567.939500 -132.837769
567.939510 -134.014420
567.939519 -135.520416
567.939529 -137.246399
567.939538 -138.796860
567.939548 -138.887466
567.939558 -137.544006
567.939567 -136.181534
567.939577 -135.059143
567.939587 -134.222137
567.939596 -133.652542
567.939606 -133.323761
567.939615 -133.208115
567.939625 -133.194626
567.939635 -133.307724
567.939644 -133.635452
567.939654 -134.185318
567.939663 -135.000107
567.939673 -136.137451
567.939683 -137.685059
567.939692 -139.789474
567.939702 -142.752945
567.939712 -147.134674
567.939721 -149.896042
567.939731 -145.388702
567.939740 -142.562592
567.939750 -140.788696
567.939760 -139.672318
567.939769 -138.981659
567.939779 -138.537415
567.939788 -138.159775
567.939798 -137.661972
567.939808 -136.892548
567.939817 -135.809097
567.939827 -134.490875
567.939837 -133.071945
567.939846 -131.670914
567.939856 -130.366699
567.939865 -129.193542
567.939875 -128.183472
567.939885 -127.345520
567.939894 -126.679092
567.939904 -126.179916
567.939913 -125.841698
567.939923 -125.657555
567.939933 -125.612167
567.939942 -125.613907
567.939952 -125.721756
567.939962 -125.954193
567.939971 -126.306808
567.939981 -126.763260
567.939990 -127.301750
567.940000 -127.902878
567.940010 -128.534912
567.940019 -129.161224
567.940029 -129.744415
567.940038 -130.253616
567.940048 -130.669724
567.940058 -130.987320
567.940067 -131.206741
567.940077 -131.327209
567.940087 -131.350388
567.940096 -131.264557
567.940106 -131.126328
567.940115 -130.946213
567.940125 -130.733109
567.940135 -130.493271
567.940144 -130.228592
567.940154 -129.938431
567.940163 -129.619919
567.940173 -129.269882
567.940183 -128.897141
567.940192 -128.509766
567.940202 -128.120010
567.940212 -127.742249
567.940221 -127.391357
567.940231 -127.080307
567.940240 -126.819244
567.940250 -126.614357
567.940260 -126.468086
567.940269 -126.379982
567.940279 -126.348076
567.940288 -126.347855
567.940298 -126.370819
567.940308 -126.449036
567.940317 -126.587440
567.940327 -126.795525
567.940337 -127.087181
567.940346 -127.479782
567.940356 -127.992554
567.940365 -128.645554
567.940375 -129.452652
567.940385 -130.415665
567.940394 -131.537170
567.940404 -132.762604
567.940413 -133.919846
567.940423 -134.671921
567.940433 -133.952148
567.940442 -132.681335
567.940452 -131.285522
567.940462 -129.957932
567.940471 -128.773560
567.940481 -127.741890
567.940490 -126.884903
567.940500 -126.201485
567.940510 -125.689972
567.940519 -125.349777
567.940529 -125.181252
567.940538 -125.170242
567.940548 -125.185158
567.940558 -125.361481
567.940567 -125.708183
567.940577 -126.219574
567.940587 -126.882507
567.940596 -127.671532
567.940606 -128.542175
567.940615 -129.427536
567.940625 -130.245499
567.940635 -130.927719
567.940644 -131.460892
567.940654 -131.908188
567.940663 -132.389664
567.940673 -133.050339
567.940683 -134.045883
567.940692 -135.560181
567.940702 -137.834442
567.940712 -141.010605
567.940721 -140.082169
567.940731 -136.243057
567.940740 -133.337723
567.940750 -131.218369
567.940760 -129.679947
567.940769 -128.594727
567.940779 -127.886635
567.940788 -127.510468
567.940798 -127.430908
567.940808 -127.440536
567.940817 -127.659492
567.940827 -128.156723
567.940837 -128.931732
567.940846 -129.965927
567.940856 -131.198456
567.940865 -132.455551
567.940875 -133.409729
567.940885 -133.426941
567.940894 -132.696091
567.940904 -131.934250
567.940913 -131.318695
567.940923 -130.872742
567.940933 -130.614258
567.940942 -130.496201
567.940952 -130.445557
567.940962 -130.377228
567.940971 -130.213257
567.940981 -129.910675
567.940990 -129.476807
567.941000 -128.961105
567.941010 -128.428497
567.941019 -127.938179
567.941029 -127.533966
567.941038 -127.245522
567.941048 -127.091835
567.941058 -127.071991
567.941067 -127.085831
567.941077 -127.236633
567.941087 -127.544266
567.941096 -128.024109
567.941106 -128.687149
567.941115 -129.548447
567.941125 -130.633301
567.941135 -131.986923
567.941144 -133.694046
567.941154 -135.920837
567.941163 -138.969482
567.941173 -143.552216
567.941183 -144.259125
567.941192 -139.241486
567.941202 -135.973587
567.941212 -133.713898
567.941221 -132.114105
567.941231 -131.010605
567.941240 -130.324646
567.941250 -130.021713
567.941260 -130.006302
567.941269 -130.098892
567.941279 -130.580276
567.941288 -131.525757
567.941298 -133.052063
567.941308 -135.382721
567.941317 -138.923752
567.941327 -142.190857
567.941337 -137.493851
567.941346 -134.132858
567.941356 -131.797745
567.941365 -130.097122
567.941375 -128.839050
567.941385 -127.897446
567.941394 -127.187958
567.941404 -126.652573
567.941413 -126.251205
567.941423 -125.956680
567.941433 -125.752228
567.941442 -125.628883
567.941452 -125.581161
567.941462 -125.574715
567.941471 -125.613228
567.941481 -125.731232
567.941490 -125.929092
567.941500 -126.209038
567.941510 -126.571976
567.941519 -127.020554
567.941529 -127.551003
567.941538 -128.156418
567.941548 -128.826950
567.941558 -129.550262
567.941567 -130.313156
567.941577 -131.104141
567.941587 -131.916779
567.941596 -132.751724
567.941606 -133.618317
567.941615 -134.532654
567.941625 -135.503250
567.941635 -136.566605
567.941644 -137.755630
567.941654 -139.111343
567.941663 -140.692535
567.941673 -142.592667
567.941683 -144.957428
567.941692 -147.971985
567.941702 -151.288879
567.941712 -149.092010
567.941721 -145.986298
567.941731 -143.640289
567.941740 -141.926773
567.941750 -140.704361
567.941760 -139.882645
567.941769 -139.403046
567.941779 -139.177979
567.941788 -139.138214
567.941798 -139.096436
567.941808 -138.731903
567.941817 -137.740982
567.941827 -136.138046
567.941837 -134.235657
567.941846 -132.334412
567.941856 -130.596497
567.941865 -129.083038
567.941875 -127.808487
567.941885 -126.768417
567.941894 -125.947517
567.941904 -125.340919
567.941913 -124.940788
567.941923 -124.741081
567.941933 -124.710648
567.941942 -124.736908
567.941952 -124.939888
567.941962 -125.350777
567.941971 -125.991058
567.941981 -126.891327
567.941990 -128.090591
567.942000 -129.652008
567.942010 -131.664810
567.942019 -134.178543
567.942029 -136.866455
567.942038 -136.798279
567.942048 -134.771790
567.942058 -133.190765
567.942067 -132.219330
567.942077 -131.829041
567.942087 -131.814865
567.942096 -131.985184
567.942106 -132.726730
567.942115 -134.139465
567.942125 -136.380142
567.942135 -139.516129
567.942144 -139.844955
567.942154 -136.493561
567.942163 -133.977371
567.942173 -132.264450
567.942183 -131.166245
567.942192 -130.556488
567.942202 -130.359070
567.942212 -130.348831
567.942221 -130.529831
567.942231 -131.041275
567.942240 -131.873459
567.942250 -132.995071
567.942260 -134.320953
567.942269 -135.595062
567.942279 -136.321426
567.942288 -135.361313
567.942298 -134.037033
567.942308 -132.699295
567.942317 -131.487762
567.942327 -130.437073
567.942337 -129.548798
567.942346 -128.819305
567.942356 -128.249664
567.942365 -127.845322
567.942375 -127.614502
567.942385 -127.559021
567.942394 -127.563316
567.942404 -127.710442
567.942413 -128.046326
567.942423 -128.548523
567.942433 -129.153717
567.942442 -129.731537
567.942452 -130.084137
567.942462 -129.625046
567.942471 -128.878571
567.942481 -128.063309
567.942490 -127.323051
567.942500 -126.726585
567.942510 -126.286362
567.942519 -125.991913
567.942529 -125.833443
567.942538 -125.782211
567.942548 -125.781830
567.942558 -125.809235
567.942567 -125.890778
567.942577 -126.012375
567.942587 -126.171211
567.942596 -126.372948
567.942606 -126.627914
567.942615 -126.934357
567.942625 -127.295296
567.942635 -127.712959
567.942644 -128.173035
567.942654 -128.669952
567.942663 -129.206299
567.942673 -129.806732
567.942683 -130.521393
567.942692 -131.430145
567.942702 -132.659561
567.942712 -134.395874
567.942721 -136.906494
567.942731 -140.671448
567.942740 -141.685120
567.942750 -137.000702
567.942760 -133.717422
567.942769 -131.381042
567.942779 -129.678757
567.942788 -128.444000
567.942798 -127.572792
567.942808 -127.001060
567.942817 -126.684731
567.942827 -126.582375
567.942837 -126.571350
567.942846 -126.670685
567.942856 -126.926201
567.942865 -127.300491
567.942875 -127.751747
567.942885 -128.235794
567.942894 -128.712921
567.942904 -129.155182
567.942913 -129.551437
567.942923 -129.905151
567.942933 -130.230072
567.942942 -130.552170
567.942952 -130.898453
567.942962 -131.302063
567.942971 -131.804443
567.942981 -132.439346
567.942990 -133.242966
567.943000 -134.234070
567.943010 -135.395432
567.943019 -136.642670
567.943029 -137.775085
567.943038 -138.572784
567.943048 -138.929230
567.943058 -138.969833
567.943067 -138.968307
567.943077 -139.053711
567.943087 -139.306061
567.943096 -139.761932
567.943106 -140.330795
567.943115 -140.830490
567.943125 -140.665482
567.943135 -139.808380
567.943144 -138.633026
567.943154 -137.358139
567.943163 -136.131973
567.943173 -135.035736
567.943183 -134.107986
567.943192 -133.365387
567.943202 -132.812332
567.943212 -132.448105
567.943221 -132.268326
567.943231 -132.247223
567.943240 -132.267715
567.943250 -132.439407
567.943260 -132.773773
567.943269 -133.255402
567.943279 -133.855072
567.943288 -134.516357
567.943298 -135.139816
567.943308 -135.578613
567.943317 -135.387451
567.943327 -134.767929
567.943337 -133.974609
567.943346 -133.144592
567.943356 -132.364731
567.943365 -131.676529
567.943375 -131.081421
567.943385 -130.589066
567.943394 -130.189346
567.943404 -129.867188
567.943413 -129.605759
567.943423 -129.389252
567.943433 -129.203156
567.943442 -129.036499
567.943452 -128.881851
567.943462 -128.737411
567.943471 -128.606735
567.943481 -128.499252
567.943490 -128.428986
567.943500 -128.403717
567.943510 -128.404861
567.943519 -128.470596
567.943529 -128.628311
567.943538 -128.896790
567.943548 -129.285706
567.943558 -129.819977
567.943567 -130.509735
567.943577 -131.359146
567.943587 -132.362747
567.943596 -133.499359
567.943606 -134.724869
567.943615 -135.965408
567.943625 -137.118530
567.943635 -138.067780
567.943644 -138.693085
567.943654 -138.420624
567.943663 -137.487396
567.943673 -136.191940
567.943683 -134.764984
567.943692 -133.393005
567.943702 -132.182144
567.943712 -131.176666
567.943721 -130.379379
567.943731 -129.765579
567.943740 -129.286789
567.943750 -128.874985
567.943760 -128.451431
567.943769 -127.948250
567.943779 -127.334785
567.943788 -126.629921
567.943798 -125.889725
567.943808 -125.181511
567.943817 -124.564392
567.943827 -124.083038
567.943837 -123.769676
567.943846 -123.649155
567.943856 -123.639626
567.943865 -123.744781
567.943875 -124.082085
567.943885 -124.695824
567.943894 -125.637787
567.943904 -126.991722
567.943913 -128.906021
567.943923 -131.682343
567.943933 -136.097656
567.943942 -145.710480
567.943952 -136.716919
567.943962 -132.776138
567.943971 -130.481674
567.943981 -129.069504
567.943990 -128.244766
567.944000 -127.862892
567.944010 -127.805145
567.944019 -127.834526
567.944029 -128.119171
567.944038 -128.649292
567.944048 -129.375549
567.944058 -130.227570
567.944067 -131.118042
567.944077 -131.952301
567.944087 -132.671249
567.944096 -133.271729
567.944106 -133.798889
567.944115 -134.291016
567.944125 -134.781494
567.944135 -135.224060
567.944144 -135.294525
567.944154 -134.695511
567.944163 -133.827255
567.944173 -132.928589
567.944183 -132.179825
567.944192 -131.680359
567.944202 -131.460205
567.944212 -131.437897
567.944221 -131.504364
567.944231 -131.807968
567.944240 -132.253189
567.944250 -132.630707
567.944260 -132.296402
567.944269 -131.446838
567.944279 -130.454224
567.944288 -129.525024
567.944298 -128.760834
567.944308 -128.192902
567.944317 -127.816490
567.944327 -127.611061
567.944337 -127.542053
567.944346 -127.531998
567.944356 -127.591232
567.944365 -127.736076
567.944375 -127.939804
567.944385 -128.177261
567.944394 -128.425339
567.944404 -128.669785
567.944413 -128.889984
567.944423 -129.086090
567.944433 -129.261826
567.944442 -129.426865
567.944452 -129.598999
567.944462 -129.802353
567.944471 -130.065765
567.944481 -130.420425
567.944490 -130.899139
567.944500 -131.535110
567.944510 -132.361038
567.944519 -133.401611
567.944529 -134.650970
567.944538 -136.006317
567.944548 -137.132294
567.944558 -136.718262
567.944567 -135.396545
567.944577 -134.038452
567.944587 -132.911575
567.944596 -132.099426
567.944606 -131.617523
567.944615 -131.459152
567.944625 -131.459183
567.944635 -131.596817
567.944644 -131.989700
567.944654 -132.572784
567.944663 -133.197037
567.944673 -133.641846
567.944683 -133.359787
567.944692 -132.685928
567.944702 -131.938126
567.944712 -131.250183
567.944721 -130.655594
567.944731 -130.185028
567.944740 -129.813828
567.944750 -129.514664
567.944760 -129.271194
567.944769 -129.083252
567.944779 -128.966263
567.944788 -128.939880
567.944798 -128.944321
567.944808 -129.044083
567.944817 -129.288528
567.944827 -129.695618
567.944837 -130.277008
567.944846 -131.038010
567.944856 -131.976852
567.944865 -133.082901
567.944875 -134.332611
567.944885 -135.684387
567.944894 -137.073547
567.944904 -138.415985
567.944913 -139.628708
567.944923 -140.667953
567.944933 -141.555084
567.944942 -142.362503
567.944952 -143.159561
567.944962 -143.931091
567.944971 -144.274063
567.944981 -143.057388
567.944990 -141.123962
567.945000 -139.020020
567.945010 -137.063660
567.945019 -135.372574
567.945029 -133.974655
567.945038 -132.870422
567.945048 -132.053894
567.945058 -131.521805
567.945067 -131.277451
567.945077 -131.269333
567.945087 -131.334457
567.945096 -131.720627
567.945106 -132.487183
567.945115 -133.727310
567.945125 -135.619324
567.945135 -138.548264
567.945144 -143.548294
567.945154 -144.427872
567.945163 -138.734528
567.945173 -135.377319
567.945183 -133.123123
567.945192 -131.521149
567.945202 -130.358047
567.945212 -129.512405
567.945221 -128.904663
567.945231 -128.476624
567.945240 -128.182251
567.945250 -127.983414
567.945260 -127.848412
567.945269 -127.751541
567.945279 -127.672516
567.945288 -127.596695
567.945298 -127.513947
567.945308 -127.418510
567.945317 -127.308647
567.945327 -127.186562
567.945337 -127.057732
567.945346 -126.929733
567.945356 -126.810440
567.945365 -126.706345
567.945375 -126.622169
567.945385 -126.562614
567.945394 -126.534584
567.945404 -126.534004
567.945413 -126.551094
567.945423 -126.633141
567.945433 -126.810783
567.945442 -127.121513
567.945452 -127.609467
567.945462 -128.312103
567.945471 -129.281784
567.945481 -130.575958
567.945490 -132.222275
567.945500 -134.126755
567.945510 -135.775436
567.945519 -135.338181
567.945529 -133.807449
567.945538 -132.453339
567.945548 -131.475922
567.945558 -130.894089
567.945567 -130.692947
567.945577 -130.686569
567.945587 -130.863098
567.945596 -131.391769
567.945606 -132.313797
567.945615 -133.629181
567.945625 -135.199539
567.945635 -136.074234
567.945644 -134.254745
567.945654 -132.081436
567.945663 -130.159561
567.945673 -128.611862
567.945683 -127.422501
567.945692 -126.553261
567.945702 -125.960793
567.945712 -125.619400
567.945721 -125.506454
567.945731 -125.496620
567.945740 -125.590996
567.945750 -125.859543
567.945760 -126.270233
567.945769 -126.787857
567.945779 -127.379066
567.945788 -128.021378
567.945798 -128.713852
567.945808 -129.476364
567.945817 -130.364868
567.945827 -131.452286
567.945837 -132.778885
567.945846 -134.394867
567.945856 -136.181335
567.945865 -137.477722
567.945875 -136.061203
567.945885 -134.301834
567.945894 -132.754242
567.945904 -131.536484
567.945913 -130.625366
567.945923 -129.949661
567.945933 -129.471405
567.945942 -129.136200
567.945952 -128.894974
567.945962 -128.708466
567.945971 -128.551910
567.945981 -128.418335
567.945990 -128.318039
567.946000 -128.263382
567.946010 -128.247971
567.946019 -128.288239
567.946029 -128.432632
567.946038 -128.691772
567.946048 -129.057922
567.946058 -129.496490
567.946067 -129.940552
567.946077 -130.295349
567.946087 -130.468842
567.946096 -130.245651
567.946106 -129.928009
567.946115 -129.626114
567.946125 -129.420670
567.946135 -129.352463
567.946144 -129.348099
567.946154 -129.476334
567.946163 -129.790039
567.946173 -130.292374
567.946183 -130.985794
567.946192 -131.860519
567.946202 -132.895844
567.946212 -134.053116
567.946221 -135.261429
567.946231 -136.400238
567.946240 -137.285324
567.946250 -137.775284
567.946260 -137.621552
567.946269 -137.220993
567.946279 -136.835434
567.946288 -136.559357
567.946298 -136.429855
567.946308 -136.398071
567.946317 -136.435852
567.946327 -136.602371
567.946337 -136.877762
567.946346 -137.243668
567.946356 -137.696762
567.946365 -138.226166
567.946375 -138.757126
567.946385 -139.170120
567.946394 -138.471237
567.946404 -137.168320
567.946413 -135.641266
567.946423 -134.205368
567.946433 -133.013779
567.946442 -132.118454
567.946452 -131.529007
567.946462 -131.239410
567.946471 -131.202316
567.946481 -131.240891
567.946490 -131.539078
567.946500 -132.143768
567.946510 -133.083466
567.946519 -134.416016
567.946529 -136.239334
567.946538 -138.765823
567.946548 -142.314346
567.946558 -144.890533
567.946567 -140.677612
567.946577 -137.499283
567.946587 -135.260330
567.946596 -133.687332
567.946606 -132.629883
567.946615 -132.015823
567.946625 -131.821472
567.946635 -131.821915
567.946644 -132.064026
567.946654 -132.798019
567.946663 -134.139725
567.946673 -136.299881
567.946683 -139.551285
567.946692 -140.430298
567.946702 -136.319901
567.946712 -133.273773
567.946721 -131.137207
567.946731 -129.654144
567.946740 -128.657639
567.946750 -128.061707
567.946760 -127.809181
567.946769 -127.772057
567.946779 -127.827934
567.946788 -128.095413
567.946798 -128.502548
567.946808 -128.915207
567.946817 -129.160904
567.946827 -128.777039
567.946837 -128.145157
567.946846 -127.425095
567.946856 -126.728485
567.946865 -126.112015
567.946875 -125.592430
567.946885 -125.163986
567.946894 -124.811539
567.946904 -124.518295
567.946913 -124.270821
567.946923 -124.060738
567.946933 -123.885468
567.946942 -123.746391
567.946952 -123.647316
567.946962 -123.585976
567.946971 -123.559959
567.946981 -123.563110
567.946990 -123.607658
567.947000 -123.700134
567.947010 -123.839066
567.947019 -124.022919
567.947029 -124.251038
567.947038 -124.525314
567.947048 -124.850792
567.947058 -125.235405
567.947067 -125.692505
567.947077 -126.241417
567.947087 -126.903984
567.947096 -127.705200
567.947106 -128.672104
567.947115 -129.833298
567.947125 -131.217194
567.947135 -132.849854
567.947144 -134.749695
567.947154 -136.918915
567.947163 -139.327209
567.947173 -141.893448
567.947183 -144.412735
567.947192 -146.369003
567.947202 -144.954849
567.947212 -142.271561
567.947221 -139.713501
567.947231 -137.583740
567.947240 -135.919159
567.947250 -134.696701
567.947260 -133.888199
567.947269 -133.467743
567.947279 -133.390182
567.947288 -133.403183
567.947298 -133.626999
567.947308 -133.974777
567.947317 -133.626968
567.947327 -132.421494
567.947337 -130.828979
567.947346 -129.222061
567.947356 -127.798416
567.947365 -126.625870
567.947375 -125.714050
567.947385 -125.051826
567.947394 -124.622139
567.947404 -124.406204
567.947413 -124.370636
567.947423 -124.386665
567.947433 -124.553322
567.947442 -124.892708
567.947452 -125.392509
567.947462 -126.035828
567.947471 -126.809387
567.947481 -127.697189
567.947490 -128.675522
567.947500 -129.713287
567.947510 -130.777145
567.947519 -131.841904
567.947529 -132.907043
567.947538 -133.997681
567.947548 -135.079956
567.947558 -136.081253
567.947567 -136.375198
567.947577 -135.051376
567.947587 -133.272339
567.947596 -131.530167
567.947606 -130.039902
567.947615 -128.862915
567.947625 -128.008026
567.947635 -127.472519
567.947644 -127.257347
567.947654 -127.249001
567.947663 -127.373978
567.947673 -127.848015
567.947683 -128.727417
567.947692 -130.095688
567.947702 -132.094940
567.947712 -134.954391
567.947721 -138.767899
567.947731 -138.272278
567.947740 -135.042908
567.947750 -132.832825
567.947760 -131.433655
567.947769 -130.638733
567.947779 -130.319336
567.947788 -130.276917
567.947798 -130.370331
567.947808 -130.764786
567.947817 -131.389099
567.947827 -132.116852
567.947837 -132.764694
567.947846 -133.136337
567.947856 -132.919388
567.947865 -132.522263
567.947875 -132.170197
567.947885 -131.955612
567.947894 -131.905396
567.947904 -131.913971
567.947913 -132.045609
567.947923 -132.334930
567.947933 -132.775970
567.947942 -133.353180
567.947952 -134.063782
567.947962 -134.927094
567.947971 -135.991943
567.947981 -137.326065
567.947990 -139.023697
567.948000 -141.208679
567.948010 -143.740158
567.948019 -144.229614
567.948029 -141.625900
567.948038 -139.243027
567.948048 -137.303619
567.948058 -135.686035
567.948067 -134.251678
567.948077 -132.902313
567.948087 -131.593033
567.948096 -130.325073
567.948106 -129.127563
567.948115 -128.037079
567.948125 -127.085892
567.948135 -126.297935
567.948144 -125.689827
567.948154 -125.273392
567.948163 -125.058167
567.948173 -125.012825
567.948183 -125.039116
567.948192 -125.261681
567.948202 -125.716423
567.948212 -126.415596
567.948221 -127.371292
567.948231 -128.589737
567.948240 -130.033340
567.948250 -131.560303
567.948260 -132.824539
567.948269 -132.968170
567.948279 -131.920212
567.948288 -130.731445
567.948298 -129.624939
567.948308 -128.664810
567.948317 -127.856003
567.948327 -127.190819
567.948337 -126.664345
567.948346 -126.277878
567.948356 -126.038055
567.948365 -125.951790
567.948375 -125.943886
567.948385 -126.039978
567.948394 -126.321060
567.948404 -126.803726
567.948413 -127.511177
567.948423 -128.456039
567.948433 -129.625504
567.948442 -130.923111
567.948452 -132.085434
567.948462 -132.501205
567.948471 -131.598007
567.948481 -130.505615
567.948490 -129.513016
567.948500 -128.722977
567.948510 -128.148041
567.948519 -127.766380
567.948529 -127.545082
567.948538 -127.449089
567.948548 -127.436501
567.948558 -127.445923
567.948567 -127.509094
567.948577 -127.620850
567.948587 -127.774055
567.948596 -127.971123
567.948606 -128.219604
567.948615 -128.527100
567.948625 -128.896729
567.948635 -129.318130
567.948644 -129.765228
567.948654 -130.200455
567.948663 -130.587708
567.948673 -130.912323
567.948683 -131.194016
567.948692 -131.483765
567.948702 -131.844864
567.948712 -132.327011
567.948721 -132.955719
567.948731 -133.706497
567.948740 -134.522217
567.948750 -135.276306
567.948760 -135.789093
567.948769 -135.763062
567.948779 -135.416443
567.948788 -135.053146
567.948798 -134.762894
567.948808 -134.622971
567.948817 -134.586731
567.948827 -134.616043
567.948837 -134.776810
567.948846 -135.038940
567.948856 -135.328903
567.948865 -135.538834
567.948875 -135.353210
567.948885 -134.823303
567.948894 -134.130646
567.948904 -133.406082
567.948913 -132.755569
567.948923 -132.249115
567.948933 -131.929733
567.948942 -131.818893
567.948952 -131.810303
567.948962 -131.959167
567.948971 -132.370255
567.948981 -133.090286
567.948990 -134.194717
567.949000 -135.810944
567.949010 -138.192261
567.949019 -141.937820
567.949029 -148.869904
567.949038 -142.821152
567.949048 -138.455750
567.949058 -135.710983
567.949067 -133.849182
567.949077 -132.578964
567.949087 -131.762787
567.949096 -131.329315
567.949106 -131.228851
567.949115 -131.237320
567.949125 -131.472733
567.949135 -132.009277
567.949144 -132.826080
567.949154 -133.875732
567.949163 -135.062164
567.949173 -136.216293
567.949183 -137.103500
567.949192 -137.476624
567.949202 -136.873199
567.949212 -135.865540
567.949221 -134.590714
567.949231 -133.214920
567.949240 -131.898331
567.949250 -130.756470
567.949260 -129.857178
567.949269 -129.234802
567.949279 -128.905624
567.949288 -128.844910
567.949298 -128.867065
567.949308 -129.133148
567.949317 -129.707840
567.949327 -130.593857
567.949337 -131.786163
567.949346 -133.247894
567.949356 -134.834930
567.949365 -136.165543
567.949375 -136.224564
567.949385 -135.023102
567.949394 -133.670593
567.949404 -132.413239
567.949413 -131.323334
567.949423 -130.412033
567.949433 -129.675735
567.949442 -129.111389
567.949452 -128.718506
567.949462 -128.498642
567.949471 -128.441376
567.949481 -128.440918
567.949490 -128.572037
567.949500 -128.869675
567.949510 -129.321793
567.949519 -129.907898
567.949529 -130.598785
567.949538 -131.358444
567.949548 -132.151199
567.949558 -132.953262
567.949567 -133.763550
567.949577 -134.610794
567.949587 -135.557175
567.949596 -136.681824
567.949606 -138.014206
567.949615 -139.594971
567.949625 -141.151291
567.949635 -140.508148
567.949644 -138.253433
567.949654 -135.985016
567.949663 -134.037903
567.949673 -132.455856
567.949683 -131.219925
567.949692 -130.311172
567.949702 -129.723267
567.949712 -129.466415
567.949721 -129.458679
567.949731 -129.571167
567.949740 -130.096008
567.949750 -131.149490
567.949760 -132.945938
567.949769 -135.980942
567.949779 -141.867828
567.949788 -139.478790
567.949798 -133.948563
567.949808 -130.671188
567.949817 -128.453568
567.949827 -126.882210
567.949837 -125.762268
567.949846 -124.982826
567.949856 -124.471115
567.949865 -124.166237
567.949875 -124.028412
567.949885 -124.002403
567.949894 -124.004959
567.949904 -124.067719
567.949913 -124.161827
567.949923 -124.243736
567.949933 -124.280876
567.949942 -124.233948
567.949952 -124.170822
567.949962 -124.133186
567.949971 -124.130852
567.949981 -124.202858
567.949990 -124.393028
567.950000 -124.711395
567.950010 -125.138725
567.950019 -125.615990
567.950029 -126.037331
567.950038 -126.270149
567.950048 -125.951820
567.950058 -125.438431
567.950067 -124.875626
567.950077 -124.369102
567.950087 -123.982964
567.950096 -123.750290
567.950106 -123.679695
567.950115 -123.677666
567.950125 -123.799881
567.950135 -124.095718
567.950144 -124.574478
567.950154 -125.244972
567.950163 -126.122818
567.950173 -127.212601
567.950183 -128.496185
567.950192 -129.888855
567.950202 -131.161880
567.950212 -131.861191
567.950221 -131.173370
567.950231 -130.279739
567.950240 -129.484528
567.950250 -128.924515
567.950260 -128.650558
567.950269 -128.632446
567.950279 -128.684097
567.950288 -129.043503
567.950298 -129.757248
567.950308 -130.876495
567.950317 -132.490570
567.950327 -134.758759
567.950337 -137.957214
567.950346 -142.277893
567.950356 -140.835876
567.950365 -137.372772
567.950375 -134.951859
567.950385 -133.221390
567.950394 -131.934311
567.950404 -130.949921
567.950413 -130.192871
567.950423 -129.631134
567.950433 -129.259155
567.950442 -129.085968
567.950452 -129.078094
567.950462 -129.122604
567.950471 -129.342911
567.950481 -129.722687
567.950490 -130.168076
567.950500 -130.484726
567.950510 -129.918427
567.950519 -128.935226
567.950529 -127.798424
567.950538 -126.720329
567.950548 -125.815872
567.950558 -125.133942
567.950567 -124.691116
567.950577 -124.490967
567.950587 -124.470474
567.950596 -124.530670
567.950606 -124.814926
567.950615 -125.332840
567.950625 -126.077354
567.950635 -127.023186
567.950644 -128.107437
567.950654 -129.178894
567.950663 -130.004852
567.950673 -130.164200
567.950683 -129.537964
567.950692 -128.771652
567.950702 -128.043335
567.950712 -127.437576
567.950721 -126.983902
567.950731 -126.685493
567.950740 -126.534607
567.950750 -126.508110
567.950760 -126.517792
567.950769 -126.622818
567.950779 -126.829910
567.950788 -127.116501
567.950798 -127.465317
567.950808 -127.853249
567.950817 -128.255478
567.950827 -128.648499
567.950837 -129.013748
567.950846 -129.343414
567.950856 -129.643829
567.950865 -129.935959
567.950875 -130.251831
567.950885 -130.628357
567.950894 -131.096497
567.950904 -131.684769
567.950913 -132.421524
567.950923 -133.316574
567.950933 -134.362534
567.950942 -135.531708
567.950952 -136.774063
567.950962 -138.030304
567.950971 -139.263901
567.950981 -140.499878
567.950990 -141.837891
567.951000 -143.381485
567.951010 -145.265015
567.951019 -147.426010
567.951029 -148.675247
567.951038 -146.891647
567.951048 -145.107864
567.951058 -143.803070
567.951067 -143.022644
567.951077 -142.737381
567.951087 -142.735184
567.951096 -142.920303
567.951106 -143.513184
567.951115 -144.270630
567.951125 -143.168594
567.951135 -140.813126
567.951144 -138.336517
567.951154 -136.168564
567.951163 -134.391129
567.951173 -132.982941
567.951183 -131.902252
567.951192 -131.105789
567.951202 -130.552444
567.951212 -130.200592
567.951221 -130.001205
567.951231 -129.921051
567.951240 -129.906723
567.951250 -129.911530
567.951260 -129.946426
567.951269 -129.990173
567.951279 -130.027817
567.951288 -130.061432
567.951298 -130.109100
567.951308 -130.199005
567.951317 -130.369949
567.951327 -130.671265
567.951337 -131.159103
567.951346 -131.893311
567.951356 -132.941895
567.951365 -134.376251
567.951375 -136.222992
567.951385 -138.213654
567.951394 -137.803986
567.951404 -135.393509
567.951413 -133.110291
567.951423 -131.218018
567.951433 -129.688217
567.951442 -128.451660
567.951452 -127.447510
567.951462 -126.628288
567.951471 -125.957916
567.951481 -125.409157
567.951490 -124.962196
567.951500 -124.603745
567.951510 -124.326401
567.951519 -124.128342
567.951529 -124.012558
567.951538 -123.983818
567.951548 -123.986145
567.951558 -124.059593
567.951567 -124.245461
567.951577 -124.558456
567.951587 -125.014961
567.951596 -125.633156
567.951606 -126.433014
567.951615 -127.435814
567.951625 -128.662277
567.951635 -130.124619
567.951644 -131.805313
567.951654 -133.604141
567.951663 -135.251434
567.951673 -136.323441
567.951683 -136.459625
567.951692 -136.321442
567.951702 -136.321320
567.951712 -136.534317
567.951721 -137.315903
567.951731 -138.922394
567.951740 -141.868774
567.951750 -147.901291
567.951760 -143.949280
567.951769 -138.631058
567.951779 -135.390350
567.951788 -133.173813
567.951798 -131.602753
567.951808 -130.499420
567.951817 -129.767975
567.951827 -129.352539
567.951837 -129.218658
567.951846 -129.210129
567.951856 -129.347900
567.951865 -129.734573
567.951875 -130.363815
567.951885 -131.232605
567.951894 -132.326920
567.951904 -133.611435
567.951913 -135.001205
567.951923 -136.331146
567.951933 -137.389206
567.951942 -138.005386
567.951952 -138.180649
567.951962 -138.001755
567.951971 -137.752258
567.951981 -137.386002
567.951990 -136.812241
567.952000 -135.987457
567.952010 -134.963898
567.952019 -133.859879
567.952029 -132.796005
567.952038 -131.861069
567.952048 -131.109344
567.952058 -130.572235
567.952067 -130.268021
567.952077 -130.195724
567.952087 -130.203186
567.952096 -130.413467
567.952106 -130.894913
567.952115 -131.682510
567.952125 -132.819260
567.952135 -134.350662
567.952144 -136.373291
567.952154 -138.936523
567.952163 -141.633575
567.952173 -140.613739
567.952183 -138.216766
567.952192 -136.309525
567.952202 -134.952316
567.952212 -134.065201
567.952221 -133.573395
567.952231 -133.440567
567.952240 -133.442825
567.952250 -133.658081
567.952260 -134.208267
567.952269 -135.113892
567.952279 -136.421783
567.952288 -138.230270
567.952298 -140.742279
567.952308 -144.432571
567.952317 -150.682587
567.952327 -148.427139
567.952337 -143.726105
567.952346 -140.817108
567.952356 -138.760620
567.952365 -137.176529
567.952375 -135.850647
567.952385 -134.656342
567.952394 -133.525467
567.952404 -132.440262
567.952413 -131.419312
567.952423 -130.501740
567.952433 -129.730713
567.952442 -129.145538
567.952452 -128.778976
567.952462 -128.659393
567.952471 -128.659775
567.952481 -128.815033
567.952490 -129.272812
567.952500 -130.045105
567.952510 -131.174789
567.952519 -132.671494
567.952529 -134.445831
567.952538 -136.046707
567.952548 -136.076080
567.952558 -134.773178
567.952567 -133.568085
567.952577 -132.710571
567.952587 -132.243454
567.952596 -132.140472
567.952606 -132.155029
567.952615 -132.445297
567.952625 -133.105164
567.952635 -134.159927
567.952644 -135.661621
567.952654 -137.713898
567.952663 -140.529816
567.952673 -144.614914
567.952683 -151.661392
567.952692 -150.598740
567.952702 -146.038208
567.952712 -143.545258
567.952721 -141.913300
567.952731 -140.669174
567.952740 -139.559158
567.952750 -138.443344
567.952760 -137.266418
567.952769 -136.033157
567.952779 -134.781464
567.952788 -133.551300
567.952798 -132.393692
567.952808 -131.348480
567.952817 -130.441605
567.952827 -129.690125
567.952837 -129.102478
567.952846 -128.680008
567.952856 -128.416946
567.952865 -128.301422
567.952875 -128.297394
567.952885 -128.316360
567.952894 -128.440353
567.952904 -128.650787
567.952913 -128.927612
567.952923 -129.258255
567.952933 -129.642395
567.952942 -130.095688
567.952952 -130.640472
567.952962 -131.340363
567.952971 -132.273590
567.952981 -133.550186
567.952990 -135.327072
567.953000 -137.806519
567.953010 -140.864243
567.953019 -139.354523
567.953029 -136.040375
567.953038 -133.556076
567.953048 -131.808121
567.953058 -130.639542
567.953067 -129.945694
567.953077 -129.659485
567.953087 -129.622482
567.953096 -129.715118
567.953106 -130.102966
567.953115 -130.727097
567.953125 -131.467697
567.953135 -132.129868
567.953144 -132.422729
567.953154 -131.896545
567.953163 -131.134308
567.953173 -130.301559
567.953183 -129.492249
567.953192 -128.748337
567.953202 -128.084518
567.953212 -127.525848
567.953221 -127.089890
567.953231 -126.794266
567.953240 -126.657219
567.953250 -126.650162
567.953260 -126.696487
567.953269 -126.927788
567.953279 -127.364128
567.953288 -128.014954
567.953298 -128.880768
567.953308 -129.944885
567.953317 -131.154282
567.953327 -132.391968
567.953337 -133.461563
567.953346 -134.149597
567.953356 -134.274551
567.953365 -134.037872
567.953375 -133.768875
567.953385 -133.568542
567.953394 -133.427109
567.953404 -133.302673
567.953413 -133.151367
567.953423 -132.952515
567.953433 -132.721710
567.953442 -132.505478
567.953452 -132.364304
567.953462 -132.323715
567.953471 -132.345016
567.953481 -132.515488
567.953490 -132.822098
567.953500 -133.259583
567.953510 -133.711960
567.953519 -133.802689
567.953529 -133.162277
567.953538 -132.215393
567.953548 -131.193680
567.953558 -130.255417
567.953567 -129.472122
567.953577 -128.859726
567.953587 -128.404648
567.953596 -128.077805
567.953606 -127.842110
567.953615 -127.651703
567.953625 -127.468987
567.953635 -127.266190
567.953644 -127.024208
567.953654 -126.740791
567.953663 -126.431023
567.953673 -126.123596
567.953683 -125.854736
567.953692 -125.662430
567.953702 -125.582703
567.953712 -125.574020
567.953721 -125.645782
567.953731 -125.889862
567.953740 -126.336540
567.953750 -127.022308
567.953760 -127.989876
567.953769 -129.289246
567.953779 -130.987122
567.953788 -133.155746
567.953798 -135.634293
567.953808 -135.992523
567.953817 -133.440903
567.953827 -131.096313
567.953837 -129.252243
567.953846 -127.867470
567.953856 -126.867279
567.953865 -126.210579
567.953875 -125.865067
567.953885 -125.794426
567.953894 -125.808250
567.953904 -126.034889
567.953913 -126.534111
567.953923 -127.308418
567.953933 -128.362534
567.953942 -129.704254
567.953952 -131.344193
567.953962 -133.293320
567.953971 -135.560104
567.953981 -138.139801
567.953990 -140.988556
567.954000 -143.945450
567.954010 -146.530991
567.954019 -147.574005
567.954029 -145.998932
567.954038 -143.963974
567.954048 -141.862991
567.954058 -139.868607
567.954067 -138.064270
567.954077 -136.494064
567.954087 -135.183121
567.954096 -134.146088
567.954106 -133.392700
567.954115 -132.928894
567.954125 -132.757919
567.954135 -132.749451
567.954144 -132.873444
567.954154 -133.263260
567.954163 -133.859756
567.954173 -134.523422
567.954183 -135.004532
567.954192 -134.573273
567.954202 -133.693893
567.954212 -132.730820
567.954221 -131.863800
567.954231 -131.156769
567.954240 -130.626068
567.954250 -130.278748
567.954260 -130.097076
567.954269 -130.060333
567.954279 -130.065292
567.954288 -130.173920
567.954298 -130.421021
567.954308 -130.812622
567.954317 -131.360565
567.954327 -132.080383
567.954337 -132.986923
567.954346 -134.088623
567.954356 -135.372681
567.954365 -136.770660
567.954375 -138.078903
567.954385 -138.678360
567.954394 -137.506409
567.954404 -135.820648
567.954413 -134.024261
567.954423 -132.311081
567.954433 -130.754364
567.954442 -129.378647
567.954452 -128.189590
567.954462 -127.184753
567.954471 -126.357658
567.954481 -125.699982
567.954490 -125.202507
567.954500 -124.856094
567.954510 -124.652321
567.954519 -124.583923
567.954529 -124.583870
567.954538 -124.644928
567.954548 -124.829445
567.954558 -125.131287
567.954567 -125.528206
567.954577 -126.018120
567.954587 -126.581245
567.954596 -127.188164
567.954606 -127.797371
567.954615 -128.376648
567.954625 -128.902283
567.954635 -129.374954
567.954644 -129.823624
567.954654 -130.298035
567.954663 -130.843201
567.954673 -131.510590
567.954683 -132.285446
567.954692 -133.152908
567.954702 -133.983139
567.954712 -134.531967
567.954721 -134.024765
567.954731 -133.177353
567.954740 -132.275986
567.954750 -131.485153
567.954760 -130.876068
567.954769 -130.468506
567.954779 -130.256592
567.954788 -130.215576
567.954798 -130.221283
567.954808 -130.332047
567.954817 -130.546600
567.954827 -130.810333
567.954837 -131.062424
567.954846 -131.250259
567.954856 -131.351303
567.954865 -131.386139
567.954875 -131.413269
567.954885 -131.509766
567.954894 -131.755661
567.954904 -132.229233
567.954913 -133.010345
567.954923 -134.201157
567.954933 -135.984528
567.954942 -138.699219
567.954952 -143.160049
567.954962 -145.487442
567.954971 -139.616959
567.954981 -136.071686
567.954990 -133.670959
567.955000 -131.949738
567.955010 -130.691101
567.955019 -129.776443
567.955029 -129.131195
567.955038 -128.701828
567.955048 -128.443207
567.955058 -128.312286
567.955067 -128.251816
567.955077 -128.222870
567.955087 -128.215607
567.955096 -128.199020
567.955106 -128.156982
567.955115 -128.104645
567.955125 -128.067368
567.955135 -128.070068
567.955144 -128.148285
567.955154 -128.354065
567.955163 -128.725540
567.955173 -129.296906
567.955183 -130.097290
567.955192 -131.161926
567.955202 -132.542999
567.955212 -134.309006
567.955221 -136.570084
567.955231 -139.529114
567.955240 -143.616623
567.955250 -149.875793
567.955260 -149.267426
567.955269 -145.324158
567.955279 -143.001450
567.955288 -141.458084
567.955298 -140.309906
567.955308 -139.351166
567.955317 -138.464218
567.955327 -137.589325
567.955337 -136.706436
567.955346 -135.821442
567.955356 -134.953491
567.955365 -134.125000
567.955375 -133.356354
567.955385 -132.663452
567.955394 -132.058319
567.955404 -131.551620
567.955413 -131.153885
567.955423 -130.879044
567.955433 -130.745255
567.955442 -130.721832
567.955452 -130.767288
567.955462 -131.003357
567.955471 -131.474106
567.955481 -132.233185
567.955490 -133.355560
567.955500 -134.940704
567.955510 -137.121460
567.955519 -139.998520
567.955529 -142.923035
567.955538 -141.138046
567.955548 -138.929459
567.955558 -137.484055
567.955567 -136.739716
567.955577 -136.543732
567.955587 -136.549484
567.955596 -136.855896
567.955606 -137.521774
567.955615 -138.268646
567.955625 -138.044937
567.955635 -136.801483
567.955644 -135.364883
567.955654 -134.065155
567.955663 -133.019455
567.955673 -132.243073
567.955683 -131.714569
567.955692 -131.398132
567.955702 -131.248550
567.955712 -131.210327
567.955721 -131.210144
567.955731 -131.208191
567.955740 -131.130264
567.955750 -130.974014
567.955760 -130.771561
567.955769 -130.584122
567.955779 -130.478287
567.955788 -130.474762
567.955798 -130.507996
567.955808 -130.702271
567.955817 -131.054474
567.955827 -131.504135
567.955837 -131.916290
567.955846 -131.868515
567.955856 -131.255951
567.955865 -130.426788
567.955875 -129.576706
567.955885 -128.837646
567.955894 -128.276184
567.955904 -127.919891
567.955913 -127.777580
567.955923 -127.775131
567.955933 -127.842575
567.955942 -128.123474
567.955952 -128.625717
567.955962 -129.355301
567.955971 -130.320023
567.955981 -131.524246
567.955990 -132.949295
567.956000 -134.494553
567.956010 -135.857193
567.956019 -136.253769
567.956029 -135.121796
567.956038 -133.746643
567.956048 -132.430710
567.956058 -131.271957
567.956067 -130.281723
567.956077 -129.446014
567.956087 -128.746353
567.956096 -128.167206
567.956106 -127.696930
567.956115 -127.323257
567.956125 -127.042458
567.956135 -126.856575
567.956144 -126.765228
567.956154 -126.760834
567.956163 -126.768921
567.956173 -126.867950
567.956183 -127.061348
567.956192 -127.345184
567.956202 -127.710098
567.956212 -128.138016
567.956221 -128.599487
567.956231 -129.053040
567.956240 -129.451096
567.956250 -129.753189
567.956260 -129.944016
567.956269 -130.042328
567.956279 -130.096054
567.956288 -130.164734
567.956298 -130.304825
567.956308 -130.561905
567.956317 -130.970627
567.956327 -131.557404
567.956337 -132.345718
567.956346 -133.360352
567.956356 -134.629761
567.956365 -136.177322
567.956375 -137.960083
567.956385 -139.638702
567.956394 -138.987579
567.956404 -136.821930
567.956413 -134.662933
567.956423 -132.804291
567.956433 -131.273849
567.956442 -130.037308
567.956452 -129.052292
567.956462 -128.278687
567.956471 -127.679466
567.956481 -127.220566
567.956490 -126.870872
567.956500 -126.600433
567.956510 -126.392044
567.956519 -126.236786
567.956529 -126.133507
567.956538 -126.092140
567.956548 -126.090767
567.956558 -126.132828
567.956567 -126.278877
567.956577 -126.570534
567.956587 -127.052315
567.956596 -127.777451
567.956606 -128.811447
567.956615 -130.234009
567.956625 -132.122971
567.956635 -134.425507
567.956644 -136.185760
567.956654 -134.127502
567.956663 -131.976639
567.956673 -130.319519
567.956683 -129.184677
567.956692 -128.514511
567.956702 -128.259674
567.956712 -128.256012
567.956721 -128.390579
567.956731 -128.892593
567.956740 -129.763626
567.956750 -131.007126
567.956760 -132.615723
567.956769 -134.526489
567.956779 -136.515228
567.956788 -138.083527
567.956798 -138.715607
567.956808 -138.580215
567.956817 -138.579391
567.956827 -138.758713
567.956837 -139.423050
567.956846 -140.598175
567.956856 -142.038803
567.956865 -141.653809
567.956875 -139.382446
567.956885 -137.122009
567.956894 -135.242371
567.956904 -133.767319
567.956913 -132.653244
567.956923 -131.859116
567.956933 -131.354935
567.956942 -131.116348
567.956952 -131.088852
567.956962 -131.141144
567.956971 -131.434021
567.956981 -131.960754
567.956990 -132.644211
567.957000 -133.294571
567.957010 -133.288406
567.957019 -132.292725
567.957029 -131.007828
567.957038 -129.741684
567.957048 -128.646454
567.957058 -127.771774
567.957067 -127.120255
567.957077 -126.667755
567.957087 -126.412575
567.957096 -126.339279
567.957106 -126.339981
567.957115 -126.441910
567.957125 -126.719208
567.957135 -127.184601
567.957144 -127.865097
567.957154 -128.804077
567.957163 -130.045502
567.957173 -131.687378
567.957183 -133.816833
567.957192 -136.352921
567.957202 -137.619644
567.957212 -135.221680
567.957221 -132.932419
567.957231 -131.152420
567.957240 -129.838943
567.957250 -128.894928
567.957260 -128.254379
567.957269 -127.873695
567.957279 -127.715424
567.957288 -127.711166
567.957298 -127.753647
567.957308 -127.971153
567.957317 -128.356400
567.957327 -128.900787
567.957337 -129.592361
567.957346 -130.406952
567.957356 -131.294754
567.957365 -132.169159
567.957375 -132.911865
567.957385 -133.421494
567.957394 -133.686478
567.957404 -133.810425
567.957413 -133.958603
567.957423 -134.296112
567.957433 -134.970322
567.957442 -136.125763
567.957452 -137.900879
567.957462 -140.173386
567.957471 -138.712860
567.957481 -135.209259
567.957490 -132.235443
567.957500 -129.868439
567.957510 -127.984474
567.957519 -126.481155
567.957529 -125.287865
567.957538 -124.355820
567.957548 -123.639122
567.957558 -123.120636
567.957567 -122.776283
567.957577 -122.583847
567.957587 -122.517113
567.957596 -122.507210
567.957606 -122.558105
567.957615 -122.702179
567.957625 -122.926331
567.957635 -123.223557
567.957644 -123.594261
567.957654 -124.042702
567.957663 -124.579514
567.957673 -125.220619
567.957683 -125.975372
567.957692 -126.826935
567.957702 -127.778236
567.957712 -128.794968
567.957721 -129.818527
567.957731 -130.773712
567.957740 -131.594604
567.957750 -132.261887
567.957760 -132.819458
567.957769 -133.356247
567.957779 -133.969635
567.957788 -134.742310
567.957798 -135.730225
567.957808 -136.946396
567.957817 -138.295441
567.957827 -139.409424
567.957837 -138.449768
567.957846 -136.606598
567.957856 -134.685547
567.957865 -132.957321
567.957875 -131.486389
567.957885 -130.267639
567.957894 -129.304260
567.957904 -128.580582
567.957913 -128.083679
567.957923 -127.803642
567.957933 -127.720757
567.957942 -127.714478
567.957952 -127.850151
567.957962 -128.182358
567.957971 -128.705154
567.957981 -129.409912
567.957990 -130.279648
567.958000 -131.277451
567.958010 -132.326019
567.958019 -133.280899
567.958029 -133.933060
567.958038 -133.868210
567.958048 -133.199921
567.958058 -132.382080
567.958067 -131.545349
567.958077 -130.747772
567.958087 -130.005341
567.958096 -129.318146
567.958106 -128.686905
567.958115 -128.120361
567.958125 -127.636108
567.958135 -127.258240
567.958144 -127.013565
567.958154 -126.921730
567.958163 -126.911781
567.958173 -127.023232
567.958183 -127.339119
567.958192 -127.880470
567.958202 -128.675812
567.958212 -129.733795
567.958221 -131.078278
567.958231 -132.710602
567.958240 -134.587753
567.958250 -136.571320
567.958260 -138.381760
567.958269 -139.694870
567.958279 -140.425476
567.958288 -140.438660
567.958298 -139.550095
567.958308 -137.936630
567.958317 -135.924927
567.958327 -133.898148
567.958337 -132.061188
567.958346 -130.479172
567.958356 -129.153687
567.958365 -128.064957
567.958375 -127.187447
567.958385 -126.495140
567.958394 -125.955818
567.958404 -125.555031
567.958413 -125.269951
567.958423 -125.078011
567.958433 -124.956558
567.958442 -124.883652
567.958452 -124.839333
567.958462 -124.807251
567.958471 -124.776344
567.958481 -124.741821
567.958490 -124.704796
567.958500 -124.671768
567.958510 -124.652695
567.958519 -124.652122
567.958529 -124.660294
567.958538 -124.708481
567.958548 -124.812363
567.958558 -124.987701
567.958567 -125.251038
567.958577 -125.619545
567.958587 -126.111313
567.958596 -126.745224
567.958606 -127.540329
567.958615 -128.513992
567.958625 -129.701279
567.958635 -131.138367
567.958644 -132.876892
567.958654 -134.998199
567.958663 -137.645615
567.958673 -141.106750
567.958683 -146.062225
567.958692 -151.827454
567.958702 -146.231766
567.958712 -143.058182
567.958721 -141.055038
567.958731 -139.706909
567.958740 -138.779205
567.958750 -138.144165
567.958760 -137.718140
567.958769 -137.422241
567.958779 -137.208038
567.958788 -137.025558
567.958798 -136.831299
567.958808 -136.597656
567.958817 -136.322205
567.958827 -136.026978
567.958837 -135.753922
567.958846 -135.555191
567.958856 -135.486801
567.958865 -135.487656
567.958875 -135.609802
567.958885 -135.981979
567.958894 -136.667740
567.958904 -137.725494
567.958913 -139.150620
567.958923 -140.633743
567.958933 -139.687653
567.958942 -137.360306
567.958952 -135.154053
567.958962 -133.357864
567.958971 -131.985504
567.958981 -131.000671
567.958990 -130.369644
567.959000 -130.072021
567.959010 -130.054214
567.959019 -130.101135
567.959029 -130.463974
567.959038 -131.180618
567.959048 -132.282364
567.959058 -133.785873
567.959067 -135.572800
567.959077 -136.719513
567.959087 -134.776398
567.959096 -132.460114
567.959106 -130.398254
567.959115 -128.692459
567.959125 -127.314377
567.959135 -126.222687
567.959144 -125.386475
567.959154 -124.787354
567.959163 -124.418396
567.959173 -124.282623
567.959183 -124.282082
567.959192 -124.393738
567.959202 -124.775970
567.959212 -125.469147
567.959221 -126.523712
567.959231 -128.033722
567.959240 -130.137939
567.959250 -132.990372
567.959260 -136.223740
567.959269 -134.696213
567.959279 -132.086029
567.959288 -130.284119
567.959298 -129.203323
567.959308 -128.710068
567.959317 -128.657684
567.959327 -128.722244
567.959337 -129.202179
567.959346 -130.098099
567.959356 -131.291336
567.959365 -132.451416
567.959375 -132.353088
567.959385 -131.060623
567.959394 -129.663300
567.959404 -128.449051
567.959413 -127.487259
567.959423 -126.750710
567.959433 -126.230247
567.959442 -125.896339
567.959452 -125.724297
567.959462 -125.683144
567.959471 -125.685921
567.959481 -125.802826
567.959490 -126.057755
567.959500 -126.448898
567.959510 -126.991631
567.959519 -127.695068
567.959529 -128.550568
567.959538 -129.562820
567.959548 -130.683777
567.959558 -131.785965
567.959567 -132.631393
567.959577 -132.710342
567.959587 -132.116486
567.959596 -131.471115
567.959606 -130.976944
567.959615 -130.743729
567.959625 -130.738022
567.959635 -130.837082
567.959644 -131.314148
567.959654 -132.254654
567.959663 -133.798126
567.959673 -136.224625
567.959683 -140.185013
567.959692 -144.668945
567.959702 -138.508987
567.959712 -134.821259
567.959721 -132.420547
567.959731 -130.792023
567.959740 -129.701569
567.959750 -129.025665
567.959760 -128.688416
567.959769 -128.624542
567.959779 -128.633362
567.959788 -128.803635
567.959798 -129.124634
567.959808 -129.488434
567.959817 -129.752914
567.959827 -129.496658
567.959837 -128.955078
567.959846 -128.267685
567.959856 -127.546608
567.959865 -126.866318
567.959875 -126.265686
567.959885 -125.752480
567.959894 -125.341141
567.959904 -125.029999
567.959913 -124.813622
567.959923 -124.684395
567.959933 -124.632492
567.959942 -124.629333
567.959952 -124.639160
567.959962 -124.691826
567.959971 -124.773232
567.959981 -124.863289
567.959990 -124.943367
567.960000 -124.999344
567.960010 -125.021278
567.960019 -124.999168
567.960029 -124.973198
567.960038 -124.959892
567.960048 -124.959824
567.960058 -124.974823
567.960067 -125.029953
567.960077 -125.132744
567.960087 -125.285202
567.960096 -125.483688
567.960106 -125.718407
567.960115 -125.973862
567.960125 -126.229088
567.960135 -126.459808
567.960144 -126.641022
567.960154 -126.751945
567.960163 -126.728256
567.960173 -126.609367
567.960183 -126.450668
567.960192 -126.285873
567.960202 -126.150932
567.960212 -126.079460
567.960221 -126.077202
567.960231 -126.100784
567.960240 -126.237801
567.960250 -126.506943
567.960260 -126.917450
567.960269 -127.470795
567.960279 -128.158157
567.960288 -128.958115
567.960298 -129.832291
567.960308 -130.722061
567.960317 -131.547531
567.960327 -132.210266
567.960337 -132.609741
567.960346 -132.447906
567.960356 -131.936447
567.960365 -131.258484
567.960375 -130.526733
567.960385 -129.839294
567.960394 -129.269302
567.960404 -128.867310
567.960413 -128.667435
567.960423 -128.643051
567.960433 -128.692230
567.960442 -128.966812
567.960452 -129.503540
567.960462 -130.324615
567.960471 -131.454437
567.960481 -132.922134
567.960490 -134.758286
567.960500 -136.977905
567.960510 -139.516251
567.960519 -142.032150
567.960529 -143.796310
567.960538 -144.388443
567.960548 -144.344177
567.960558 -144.383194
567.960567 -144.665176
567.960577 -145.108353
567.960587 -145.477570
567.960596 -145.613968
567.960606 -145.600800
567.960615 -145.494568
567.960625 -144.776535
567.960635 -142.891632
567.960644 -140.194763
567.960654 -137.440643
567.960663 -134.999161
567.960673 -132.953781
567.960683 -131.289749
567.960692 -129.969971
567.960702 -128.953262
567.960712 -128.203751
567.960721 -127.692085
567.960731 -127.386551
567.960740 -127.255356
567.960750 -127.236511
567.960760 -127.259048
567.960769 -127.377266
567.960779 -127.566025
567.960788 -127.793167
567.960798 -128.033447
567.960808 -128.273529
567.960817 -128.514542
567.960827 -128.772629
567.960837 -129.075912
567.960846 -129.457916
567.960856 -129.960510
567.960865 -130.625229
567.960875 -131.491089
567.960885 -132.588959
567.960894 -133.928207
567.960904 -135.460251
567.960913 -136.987427
567.960923 -138.163269
567.960933 -138.616348
567.960942 -138.295914
567.960952 -138.118164
567.960962 -138.093201
567.960971 -138.289108
567.960981 -138.897385
567.960990 -139.963577
567.961000 -141.524948
567.961010 -143.516068
567.961019 -145.511185
567.961029 -143.881989
567.961038 -140.943954
567.961048 -138.137222
567.961058 -135.612000
567.961067 -133.392670
567.961077 -131.443024
567.961087 -129.737961
567.961096 -128.261368
567.961106 -127.001740
567.961115 -125.949974
567.961125 -125.098068
567.961135 -124.438751
567.961144 -123.964188
567.961154 -123.665253
567.961163 -123.529831
567.961173 -123.506546
567.961183 -123.531105
567.961192 -123.667038
567.961202 -123.893066
567.961212 -124.167953
567.961221 -124.443848
567.961231 -124.673988
567.961240 -124.824364
567.961250 -124.884712
567.961260 -124.844772
567.961269 -124.798584
567.961279 -124.780861
567.961288 -124.800980
567.961298 -124.916405
567.961308 -125.165558
567.961317 -125.578163
567.961327 -126.176170
567.961337 -126.967010
567.961346 -127.925720
567.961356 -128.959381
567.961365 -129.862320
567.961375 -130.339828
567.961385 -129.830902
567.961394 -129.205109
567.961404 -128.708755
567.961413 -128.470016
567.961423 -128.449951
567.961433 -128.538651
567.961442 -128.894012
567.961452 -129.536469
567.961462 -130.381256
567.961471 -131.256851
567.961481 -131.910721
567.961490 -132.015549
567.961500 -131.763367
567.961510 -131.640640
567.961519 -131.640747
567.961529 -131.813614
567.961538 -132.385193
567.961548 -133.442947
567.961558 -135.093094
567.961567 -137.467010
567.961577 -140.488358
567.961587 -140.290390
567.961596 -137.199966
567.961606 -134.711502
567.961615 -132.844681
567.961625 -131.439285
567.961635 -130.388580
567.961644 -129.624832
567.961654 -129.099380
567.961663 -128.779800
567.961673 -128.642273
567.961683 -128.631271
567.961692 -128.659195
567.961702 -128.817978
567.961712 -129.096603
567.961721 -129.470276
567.961731 -129.912598
567.961740 -130.400421
567.961750 -130.920074
567.961760 -131.473892
567.961769 -132.082275
567.961779 -132.782272
567.961788 -133.621201
567.961798 -134.636322
567.961808 -135.873596
567.961817 -137.359055
567.961827 -139.024094
567.961837 -140.535751
567.961846 -140.941483
567.961856 -139.742386
567.961865 -138.379074
567.961875 -137.128937
567.961885 -136.006805
567.961894 -134.984192
567.961904 -134.006546
567.961913 -133.026245
567.961923 -132.030014
567.961933 -131.039078
567.961942 -130.093842
567.961952 -129.238495
567.961962 -128.510620
567.961971 -127.938004
567.961981 -127.539551
567.961990 -127.327576
567.962000 -127.294052
567.962010 -127.310364
567.962019 -127.483864
567.962029 -127.859802
567.962038 -128.439362
567.962048 -129.218231
567.962058 -130.177231
567.962067 -131.258713
567.962077 -132.313126
567.962087 -133.085129
567.962096 -132.810806
567.962106 -131.776489
567.962115 -130.549728
567.962125 -129.342331
567.962135 -128.252930
567.962144 -127.318726
567.962154 -126.551964
567.962163 -125.956375
567.962173 -125.533981
567.962183 -125.287689
567.962192 -125.218987
567.962202 -125.220901
567.962212 -125.343559
567.962221 -125.661201
567.962231 -126.187271
567.962240 -126.939461
567.962250 -127.943588
567.962260 -129.239716
567.962269 -130.893265
567.962279 -133.020004
567.962288 -135.845627
567.962298 -139.877197
567.962308 -146.345795
567.962317 -142.267426
567.962327 -138.162048
567.962337 -135.481476
567.962346 -133.530151
567.962356 -132.007538
567.962365 -130.767365
567.962375 -129.737671
567.962385 -128.888702
567.962394 -128.215576
567.962404 -127.727615
567.962413 -127.442024
567.962423 -127.369118
567.962433 -127.374908
567.962442 -127.566399
567.962452 -128.025650
567.962462 -128.780121
567.962471 -129.879471
567.962481 -131.367844
567.962490 -133.273758
567.962500 -135.506851
567.962510 -137.505615
567.962519 -136.847183
567.962529 -135.206192
567.962538 -133.791214
567.962548 -132.726212
567.962558 -131.974777
567.962567 -131.476379
567.962577 -131.177292
567.962587 -131.033997
567.962596 -131.008347
567.962606 -131.012222
567.962615 -131.082230
567.962625 -131.213867
567.962635 -131.352036
567.962644 -131.455750
567.962654 -131.377960
567.962663 -131.080185
567.962673 -130.599335
567.962683 -129.975754
567.962692 -129.273010
567.962702 -128.555801
567.962712 -127.876442
567.962721 -127.271767
567.962731 -126.765327
567.962740 -126.371597
567.962750 -126.099304
567.962760 -125.954720
567.962769 -125.917862
567.962779 -125.928436
567.962788 -126.058098
567.962798 -126.330147
567.962808 -126.746979
567.962817 -127.304863
567.962827 -127.985947
567.962837 -128.745026
567.962846 -129.492050
567.962856 -130.085571
567.962865 -130.330154
567.962875 -129.910843
567.962885 -129.316483
567.962894 -128.694687
567.962904 -128.140930
567.962913 -127.702209
567.962923 -127.395042
567.962933 -127.215210
567.962942 -127.155098
567.962952 -127.155045
567.962962 -127.203743
567.962971 -127.340286
567.962981 -127.529137
567.962990 -127.738655
567.963000 -127.917000
567.963010 -127.986832
567.963019 -127.757294
567.963029 -127.334236
567.963038 -126.758530
567.963048 -126.099632
567.963058 -125.430717
567.963067 -124.811401
567.963077 -124.283310
567.963087 -123.871811
567.963096 -123.590569
567.963106 -123.445015
567.963115 -123.415321
567.963125 -123.427238
567.963135 -123.552536
567.963144 -123.801796
567.963154 -124.165321
567.963163 -124.631035
567.963173 -125.188133
567.963183 -125.824074
567.963192 -126.527412
567.963202 -127.289581
567.963212 -128.105972
567.963221 -128.976410
567.963231 -129.904160
567.963240 -130.894119
567.963250 -131.949814
567.963260 -133.069901
567.963269 -134.242233
567.963279 -135.405258
567.963288 -136.496902
567.963298 -137.357071
567.963308 -137.476624
567.963317 -136.587143
567.963327 -135.331772
567.963337 -133.971695
567.963346 -132.672089
567.963356 -131.515640
567.963365 -130.537369
567.963375 -129.749588
567.963385 -129.152817
567.963394 -128.737366
567.963404 -128.500885
567.963413 -128.431259
567.963423 -128.430008
567.963433 -128.517517
567.963442 -128.738556
567.963452 -129.062698
567.963462 -129.461227
567.963471 -129.888916
567.963481 -130.286392
567.963490 -130.587372
567.963500 -130.727036
567.963510 -130.588196
567.963519 -130.395905
567.963529 -130.234299
567.963538 -130.177917
567.963548 -130.179108
567.963558 -130.292435
567.963567 -130.625809
567.963577 -131.225418
567.963587 -132.146729
567.963596 -133.472153
567.963606 -135.318970
567.963615 -137.858322
567.963625 -141.156418
567.963635 -141.608551
567.963644 -138.242676
567.963654 -135.563095
567.963663 -133.561066
567.963673 -132.050568
567.963683 -130.898926
567.963692 -130.017944
567.963702 -129.356842
567.963712 -128.875702
567.963721 -128.546692
567.963731 -128.349777
567.963740 -128.270584
567.963750 -128.268829
567.963760 -128.298340
567.963769 -128.424210
567.963779 -128.639496
567.963788 -128.933701
567.963798 -129.292877
567.963808 -129.697800
567.963817 -130.123337
567.963827 -130.539368
567.963837 -130.912888
567.963846 -131.211472
567.963856 -131.405640
567.963865 -131.384781
567.963875 -131.170837
567.963885 -130.846939
567.963894 -130.451355
567.963904 -130.031235
567.963913 -129.632828
567.963923 -129.285919
567.963933 -129.023788
567.963942 -128.863251
567.963952 -128.807739
567.963962 -128.807587
567.963971 -128.850372
567.963981 -128.976181
567.963990 -129.164963
567.964000 -129.395752
567.964010 -129.651230
567.964019 -129.922638
567.964029 -130.210922
567.964038 -130.526215
567.964048 -130.882080
567.964058 -131.289963
567.964067 -131.751755
567.964077 -132.253860
567.964087 -132.762024
567.964096 -133.223236
567.964106 -133.577438
567.964115 -133.784637
567.964125 -133.806381
567.964135 -133.710953
567.964144 -133.544464
567.964154 -133.284500
567.964163 -132.847534
567.964173 -132.144501
567.964183 -131.167587
567.964192 -130.012436
567.964202 -128.819031
567.964212 -127.708130
567.964221 -126.758789
567.964231 -126.015816
567.964240 -125.502808
567.964250 -125.232063
567.964260 -125.188553
567.964269 -125.209183
567.964279 -125.432762
567.964288 -125.908905
567.964298 -126.631310
567.964308 -127.579849
567.964317 -128.705048
567.964327 -129.905563
567.964337 -131.010773
567.964346 -131.818848
567.964356 -132.216537
567.964365 -132.134979
567.964375 -131.942139
567.964385 -131.755676
567.964394 -131.615234
567.964404 -131.517975
567.964413 -131.459564
567.964423 -131.439941
567.964433 -131.467606
567.964442 -131.606781
567.964452 -131.906754
567.964462 -132.400909
567.964471 -133.127075
567.964481 -134.085876
567.964490 -135.235413
567.964500 -136.336777
567.964510 -136.398407
567.964519 -135.132278
567.964529 -133.651382
567.964538 -132.311264
567.964548 -131.237885
567.964558 -130.458923
567.964567 -129.971222
567.964577 -129.765472
567.964587 -129.760452
567.964596 -129.830978
567.964606 -130.151566
567.964615 -130.694916
567.964625 -131.390579
567.964635 -132.100006
567.964644 -132.613235
567.964654 -132.473068
567.964663 -132.000900
567.964673 -131.557220
567.964683 -131.310913
567.964692 -131.302292
567.964702 -131.362167
567.964712 -131.770370
567.964721 -132.577255
567.964731 -133.811096
567.964740 -135.458694
567.964750 -137.357819
567.964760 -138.972794
567.964769 -139.064240
567.964779 -138.379059
567.964788 -137.953110
567.964798 -137.800156
567.964808 -137.772476
567.964817 -137.667877
567.964827 -137.036743
567.964837 -136.005890
567.964846 -134.894989
567.964856 -133.976868
567.964865 -133.394073
567.964875 -133.195953
567.964885 -133.180923
567.964894 -133.426956
567.964904 -134.098740
567.964913 -135.180161
567.964923 -136.576157
567.964933 -137.983963
567.964942 -138.769547
567.964952 -137.990356
567.964962 -137.180908
567.964971 -136.647278
567.964981 -136.433563
567.964990 -136.388412
567.965000 -136.442169
567.965010 -136.550888
567.965019 -136.148514
567.965029 -135.434433
567.965038 -134.633560
567.965048 -133.966888
567.965058 -133.585464
567.965067 -133.518372
567.965077 -133.582703
567.965087 -134.060455
567.965096 -135.119583
567.965106 -136.959015
567.965115 -140.044861
567.965125 -145.729752
567.965135 -144.739059
567.965144 -139.770615
567.965154 -137.115250
567.965163 -135.681076
567.965173 -135.115128
567.965183 -135.097733
567.965192 -135.311707
567.965202 -136.315521
567.965212 -138.353409
567.965221 -142.127533
567.965231 -148.936676
567.965240 -140.920914
567.965250 -136.820816
567.965260 -134.239334
567.965269 -132.497040
567.965279 -131.304245
567.965288 -130.502441
567.965298 -129.992691
567.965308 -129.704376
567.965317 -129.583191
567.965327 -129.576584
567.965337 -129.584793
567.965346 -129.673660
567.965356 -129.822632
567.965365 -130.014618
567.965375 -130.242813
567.965385 -130.511612
567.965394 -130.834824
567.965404 -131.229584
567.965413 -131.720581
567.965423 -132.343521
567.965433 -133.126984
567.965442 -134.087021
567.965452 -135.198349
567.965462 -136.334457
567.965471 -137.201492
567.965481 -136.838058
567.965490 -135.675522
567.965500 -134.409851
567.965510 -133.276276
567.965519 -132.359421
567.965529 -131.675354
567.965538 -131.213715
567.965548 -130.952591
567.965558 -130.839645
567.965567 -130.836304
567.965577 -130.849258
567.965587 -130.920303
567.965596 -130.931763
567.965606 -130.735977
567.965615 -130.383560
567.965625 -129.923126
567.965635 -129.429321
567.965644 -128.973770
567.965654 -128.609772
567.965663 -128.370728
567.965673 -128.272858
567.965683 -128.271149
567.965692 -128.303986
567.965702 -128.446579
567.965712 -128.664154
567.965721 -128.876831
567.965731 -128.878845
567.965740 -128.454086
567.965750 -127.788536
567.965760 -127.013985
567.965769 -126.268936
567.965779 -125.658585
567.965788 -125.252495
567.965798 -125.095879
567.965808 -125.079872
567.965817 -125.225212
567.965827 -125.696358
567.965837 -126.536789
567.965846 -127.820778
567.965856 -129.629425
567.965865 -131.981277
567.965875 -134.274536
567.965885 -132.748947
567.965894 -130.348206
567.965904 -128.424469
567.965913 -127.012680
567.965923 -126.025742
567.965933 -125.385872
567.965942 -125.036446
567.965952 -124.932556
567.965962 -124.927635
567.965971 -125.060890
567.965981 -125.391380
567.965990 -125.911331
567.966000 -126.614433
567.966010 -127.496506
567.966019 -128.556519
567.966029 -129.796432
567.966038 -131.221375
567.966048 -132.841293
567.966058 -134.673660
567.966067 -136.752106
567.966077 -139.144150
567.966087 -141.999252
567.966096 -145.677307
567.966106 -151.158630
567.966115 -151.977341
567.966125 -145.997818
567.966135 -142.153137
567.966144 -139.309860
567.966154 -137.083649
567.966163 -135.315186
567.966173 -133.932587
567.966183 -132.903610
567.966192 -132.215530
567.966202 -131.865997
567.966212 -131.823380
567.966221 -131.869995
567.966231 -132.254425
567.966240 -133.061539
567.966250 -134.356003
567.966260 -136.224396
567.966269 -138.713181
567.966279 -141.395309
567.966288 -140.532593
567.966298 -138.357407
567.966308 -136.713684
567.966317 -135.628296
567.966327 -134.962769
567.966337 -134.636444
567.966346 -134.537949
567.966356 -134.523026
567.966365 -134.590698
567.966375 -134.764236
567.966385 -135.040558
567.966394 -135.471024
567.966404 -136.138077
567.966413 -137.166092
567.966423 -138.660904
567.966433 -140.503601
567.966442 -139.231430
567.966452 -136.037750
567.966462 -133.228195
567.966471 -131.018402
567.966481 -129.341782
567.966490 -128.122040
567.966500 -127.304482
567.966510 -126.852966
567.966519 -126.736259
567.966529 -126.739853
567.966538 -126.932510
567.966548 -127.365891
567.966558 -127.897346
567.966567 -128.109650
567.966577 -127.334587
567.966587 -126.150558
567.966596 -124.871658
567.966606 -123.698074
567.966615 -122.714104
567.966625 -121.942421
567.966635 -121.380898
567.966644 -121.016396
567.966654 -120.841850
567.966663 -120.821777
567.966673 -120.854584
567.966683 -121.051743
567.966692 -121.435028
567.966702 -122.007561
567.966712 -122.772964
567.966721 -123.743675
567.966731 -124.921295
567.966740 -126.287117
567.966750 -127.772362
567.966760 -129.212173
567.966769 -130.329407
567.966779 -130.876587
567.966788 -130.617859
567.966798 -130.356201
567.966808 -130.245621
567.966817 -130.245270
567.966827 -130.337204
567.966837 -130.606613
567.966846 -131.000916
567.966856 -131.422134
567.966865 -131.732651
567.966875 -131.566971
567.966885 -131.003418
567.966894 -130.234451
567.966904 -129.372940
567.966913 -128.499786
567.966923 -127.686356
567.966933 -126.982536
567.966942 -126.420624
567.966952 -126.026459
567.966962 -125.822739
567.966971 -125.801796
567.966981 -125.831245
567.966990 -126.075195
567.967000 -126.582230
567.967010 -127.390648
567.967019 -128.557327
567.967029 -130.178604
567.967038 -132.439224
567.967048 -135.732849
567.967058 -141.213745
567.967067 -143.730759
567.967077 -137.616150
567.967087 -134.313812
567.967096 -132.184052
567.967106 -130.711868
567.967115 -129.668243
567.967125 -128.931274
567.967135 -128.429321
567.967144 -128.116898
567.967154 -127.965126
567.967163 -127.933868
567.967173 -127.946709
567.967183 -128.073593
567.967192 -128.328018
567.967202 -128.707352
567.967212 -129.219559
567.967221 -129.875549
567.967231 -130.691193
567.967240 -131.691132
567.967250 -132.913528
567.967260 -134.420990
567.967269 -136.315460
567.967279 -138.735764
567.967288 -141.916183
567.967298 -145.084335
567.967308 -141.363953
567.967317 -138.094482
567.967327 -135.640060
567.967337 -133.801468
567.967346 -132.431366
567.967356 -131.460648
567.967365 -130.844040
567.967375 -130.560486
567.967385 -130.525360
567.967394 -130.594910
567.967404 -130.970016
567.967413 -131.667175
567.967423 -132.666824
567.967433 -133.884628
567.967442 -135.110626
567.967452 -135.984344
567.967462 -136.071152
567.967471 -135.748047
567.967481 -135.645889
567.967490 -135.670258
567.967500 -136.095306
567.967510 -137.096222
567.967519 -138.849609
567.967529 -141.505280
567.967538 -143.095154
567.967548 -139.610992
567.967558 -136.699448
567.967567 -134.591324
567.967577 -133.098190
567.967587 -132.067642
567.967596 -131.394867
567.967606 -131.003006
567.967615 -130.828171
567.967625 -130.803955
567.967635 -130.809692
567.967644 -130.884796
567.967654 -130.987823
567.967663 -131.053574
567.967673 -130.960861
567.967683 -130.800720
567.967692 -130.617432
567.967702 -130.463394
567.967712 -130.370544
567.967721 -130.352814
567.967731 -130.372742
567.967740 -130.505524
567.967750 -130.743179
567.967760 -131.019699
567.967769 -131.208206
567.967779 -130.796799
567.967788 -130.038147
567.967798 -129.089905
567.967808 -128.120575
567.967817 -127.246246
567.967827 -126.526405
567.967837 -125.982353
567.967846 -125.613266
567.967856 -125.404915
567.967865 -125.326485
567.967875 -125.310890
567.967885 -125.353394
567.967894 -125.474678
567.967904 -125.647881
567.967913 -125.853943
567.967923 -126.085999
567.967933 -126.349915
567.967942 -126.661255
567.967952 -127.035759
567.967962 -127.490341
567.967971 -128.039566
567.967981 -128.683609
567.967990 -129.411148
567.968000 -130.212601
567.968010 -131.059967
567.968019 -131.916122
567.968029 -132.734024
567.968038 -133.448334
567.968048 -134.008087
567.968058 -134.359955
567.968067 -134.352081
567.968077 -134.019302
567.968087 -133.526398
567.968096 -132.921936
567.968106 -132.239136
567.968115 -131.503403
567.968125 -130.732910
567.968135 -129.936417
567.968144 -129.122391
567.968154 -128.301544
567.968163 -127.488167
567.968173 -126.698959
567.968183 -125.952576
567.968192 -125.267464
567.968202 -124.657967
567.968212 -124.143776
567.968221 -123.739632
567.968231 -123.458687
567.968240 -123.312828
567.968250 -123.290436
567.968260 -123.312027
567.968269 -123.473419
567.968279 -123.803513
567.968288 -124.317032
567.968298 -125.025856
567.968308 -125.933533
567.968317 -127.050049
567.968327 -128.362549
567.968337 -129.819870
567.968346 -131.300369
567.968356 -132.593842
567.968365 -133.476166
567.968375 -133.881699
567.968385 -133.846573
567.968394 -133.624878
567.968404 -133.282883
567.968413 -132.738770
567.968423 -131.968842
567.968433 -131.042572
567.968442 -130.075272
567.968452 -129.165695
567.968462 -128.371750
567.968471 -127.714508
567.968481 -127.181541
567.968490 -126.763626
567.968500 -126.446648
567.968510 -126.212265
567.968519 -126.048424
567.968529 -125.951645
567.968538 -125.924850
567.968548 -125.925865
567.968558 -125.979866
567.968567 -126.122047
567.968577 -126.356750
567.968587 -126.670563
567.968596 -127.058098
567.968606 -127.496216
567.968615 -127.950996
567.968625 -128.384720
567.968635 -128.762421
567.968644 -129.060150
567.968654 -129.270432
567.968663 -129.398392
567.968673 -129.461807
567.968683 -129.484650
567.968692 -129.509445
567.968702 -129.579193
567.968712 -129.733170
567.968721 -130.025192
567.968731 -130.507446
567.968740 -131.235077
567.968750 -132.263992
567.968760 -133.637543
567.968769 -135.294708
567.968779 -136.806244
567.968788 -135.887497
567.968798 -133.804932
567.968808 -131.863571
567.968817 -130.294525
567.968827 -129.107269
567.968837 -128.267334
567.968846 -127.735199
567.968856 -127.461586
567.968865 -127.417549
567.968875 -127.427612
567.968885 -127.585526
567.968894 -127.867119
567.968904 -128.177032
567.968913 -128.403656
567.968923 -128.318848
567.968933 -128.050354
567.968942 -127.754997
567.968952 -127.529488
567.968962 -127.443474
567.968971 -127.443504
567.968981 -127.541557
567.968990 -127.851601
567.969000 -128.396378
567.969010 -129.202728
567.969019 -130.312576
567.969029 -131.800018
567.969038 -133.806824
567.969048 -136.634537
567.969058 -141.085083
567.969067 -149.805328
567.969077 -140.881302
567.969087 -136.773743
567.969096 -134.237793
567.969106 -132.548752
567.969115 -131.434265
567.969125 -130.769882
567.969135 -130.496140
567.969144 -130.489777
567.969154 -130.589630
567.969163 -131.050095
567.969173 -131.897369
567.969183 -133.169678
567.969192 -134.906769
567.969202 -137.056747
567.969212 -139.072632
567.969221 -137.840912
567.969231 -135.766708
567.969240 -134.020218
567.969250 -132.713272
567.969260 -131.799057
567.969269 -131.211777
567.969279 -130.888565
567.969288 -130.764343
567.969298 -130.760605
567.969308 -130.767807
567.969317 -130.820221
567.969327 -130.805069
567.969337 -130.688751
567.969346 -130.539169
567.969356 -130.417786
567.969365 -130.382660
567.969375 -130.386078
567.969385 -130.494736
567.969394 -130.782623
567.969404 -131.274658
567.969413 -132.032593
567.969423 -133.128174
567.969433 -134.692032
567.969442 -136.994568
567.969452 -140.702698
567.969462 -148.273865
567.969471 -140.709152
567.969481 -135.862686
567.969490 -132.692596
567.969500 -130.393967
567.969510 -128.651703
567.969519 -127.314796
567.969529 -126.300339
567.969538 -125.562469
567.969548 -125.071579
567.969558 -124.809570
567.969567 -124.755173
567.969577 -124.763031
567.969587 -124.922318
567.969596 -125.281334
567.969606 -125.827110
567.969615 -126.532730
567.969625 -127.344505
567.969635 -128.159561
567.969644 -128.847290
567.969654 -129.284088
567.969663 -129.390823
567.969673 -129.227737
567.969683 -129.091370
567.969692 -129.016388
567.969702 -129.014038
567.969712 -129.030411
567.969721 -129.103958
567.969731 -129.174484
567.969740 -129.084976
567.969750 -128.904709
567.969760 -128.690918
567.969769 -128.510269
567.969779 -128.421310
567.969788 -128.419357
567.969798 -128.466064
567.969808 -128.668198
567.969817 -129.035690
567.969827 -129.560532
567.969837 -130.215378
567.969846 -130.946350
567.969856 -131.667664
567.969865 -132.269531
567.969875 -132.654984
567.969885 -132.742142
567.969894 -132.602112
567.969904 -132.473419
567.969913 -132.426666
567.969923 -132.427231
567.969933 -132.506073
567.969942 -132.733688
567.969952 -133.123077
567.969962 -133.679489
567.969971 -134.361954
567.969981 -135.122955
567.969990 -135.789215
567.970000 -135.853867
567.970010 -134.936356
567.970019 -133.699738
567.970029 -132.448395
567.970038 -131.354660
567.970048 -130.488602
567.970058 -129.870605
567.970067 -129.498840
567.970077 -129.363190
567.970087 -129.352051
567.970096 -129.445190
567.970106 -129.735260
567.970115 -130.195816
567.970125 -130.792480
567.970135 -131.470367
567.970144 -132.153152
567.970154 -132.742554
567.970163 -133.124054
567.970173 -132.991867
567.970183 -132.444580
567.970192 -131.657333
567.970202 -130.723602
567.970212 -129.730957
567.970221 -128.761459
567.970231 -127.871773
567.970240 -127.100731
567.970250 -126.474060
567.970260 -126.008118
567.970269 -125.712891
567.970279 -125.594414
567.970288 -125.592529
567.970298 -125.656296
567.970308 -125.899742
567.970317 -126.324608
567.970327 -126.929100
567.970337 -127.708664
567.970346 -128.651871
567.970356 -129.748001
567.970365 -130.973358
567.970375 -132.288635
567.970385 -133.627563
567.970394 -134.884979
567.970404 -135.905624
567.970413 -136.526886
567.970423 -136.505127
567.970433 -136.049759
567.970442 -135.540207
567.970452 -135.115158
567.970462 -134.873001
567.970471 -134.833054
567.970481 -134.886612
567.970490 -135.240372
567.970500 -136.011826
567.970510 -137.312180
567.970519 -139.337387
567.970529 -142.278595
567.970538 -143.219635
567.970548 -139.286179
567.970558 -136.112396
567.970567 -133.716583
567.970577 -131.844849
567.970587 -130.364578
567.970596 -129.167526
567.970606 -128.183395
567.970615 -127.367790
567.970625 -126.694176
567.970635 -126.149490
567.970644 -125.729774
567.970654 -125.437599
567.970663 -125.279747
567.970673 -125.249725
567.970683 -125.262810
567.970692 -125.410011
567.970702 -125.726563
567.970712 -126.236229
567.970721 -126.966476
567.970731 -127.955566
567.970740 -129.258377
567.970750 -130.969574
567.970760 -133.256912
567.970769 -136.472473
567.970779 -141.584076
567.970788 -146.531662
567.970798 -139.690430
567.970808 -136.123260
567.970817 -133.786514
567.970827 -132.084427
567.970837 -130.758972
567.970846 -129.677567
567.970856 -128.768112
567.970865 -127.992867
567.970875 -127.334076
567.970885 -126.784988
567.970894 -126.343002
567.970904 -125.999062
567.970913 -125.759781
567.970923 -125.620949
567.970933 -125.573097
567.970942 -125.566833
567.970952 -125.612320
567.970962 -125.739708
567.970971 -125.944214
567.970981 -126.223015
567.970990 -126.576294
567.971000 -127.006325
567.971010 -127.514908
567.971019 -128.109711
567.971029 -128.795670
567.971038 -129.577393
567.971048 -130.458496
567.971058 -131.443298
567.971067 -132.533325
567.971077 -133.692703
567.971087 -134.889542
567.971096 -135.958755
567.971106 -136.204773
567.971115 -134.977585
567.971125 -133.302444
567.971135 -131.579880
567.971144 -130.000168
567.971154 -128.627655
567.971163 -127.475311
567.971173 -126.540413
567.971183 -125.815842
567.971192 -125.295517
567.971202 -124.974434
567.971212 -124.849136
567.971221 -124.847382
567.971231 -124.917091
567.971240 -125.175072
567.971250 -125.618385
567.971260 -126.235481
567.971269 -127.009148
567.971279 -127.913177
567.971288 -128.893890
567.971298 -129.858459
567.971308 -130.654602
567.971317 -131.108017
567.971327 -130.737228
567.971337 -130.029358
567.971346 -129.200897
567.971356 -128.382477
567.971365 -127.654274
567.971375 -127.060539
567.971385 -126.623192
567.971394 -126.349388
567.971404 -126.242249
567.971413 -126.240692
567.971423 -126.298141
567.971433 -126.507729
567.971442 -126.857246
567.971452 -127.328484
567.971462 -127.897011
567.971471 -128.531448
567.971481 -129.192078
567.971490 -129.831436
567.971500 -130.397278
567.971510 -130.841003
567.971519 -131.128387
567.971529 -131.220490
567.971538 -131.071732
567.971548 -130.837753
567.971558 -130.546829
567.971567 -130.216049
567.971577 -129.853134
567.971587 -129.459122
567.971596 -129.032181
567.971606 -128.568726
567.971615 -128.078079
567.971625 -127.569046
567.971635 -127.054779
567.971644 -126.551010
567.971654 -126.074493
567.971663 -125.641045
567.971673 -125.264496
567.971683 -124.955971
567.971692 -124.723541
567.971702 -124.572601
567.971712 -124.505814
567.971721 -124.497696
567.971731 -124.521950
567.971740 -124.625191
567.971750 -124.806969
567.971760 -125.064774
567.971769 -125.393394
567.971779 -125.786087
567.971788 -126.235092
567.971798 -126.733841
567.971808 -127.273247
567.971817 -127.843254
567.971827 -128.431793
567.971837 -129.024277
567.971846 -129.600662
567.971856 -130.132141
567.971865 -130.575531
567.971875 -130.872955
567.971885 -130.799774
567.971894 -130.393158
567.971904 -129.798462
567.971913 -129.098022
567.971923 -128.369217
567.971933 -127.666626
567.971942 -127.020058
567.971952 -126.429085
567.971962 -125.892479
567.971971 -125.400978
567.971981 -124.936729
567.971990 -124.484383
567.972000 -124.035957
567.972010 -123.592949
567.972019 -123.166145
567.972029 -122.772987
567.972038 -122.434113
567.972048 -122.170410
567.972058 -122.001266
567.972067 -121.941414
567.972077 -121.936935
567.972087 -122.011223
567.972096 -122.222374
567.972106 -122.582169
567.972115 -123.102470
567.972125 -123.790886
567.972135 -124.651505
567.972144 -125.681587
567.972154 -126.864548
567.972163 -128.157318
567.972173 -129.469116
567.972183 -130.641861
567.972192 -131.509537
567.972202 -131.962097
567.972212 -131.908798
567.972221 -131.606781
567.972231 -131.254715
567.972240 -130.871109
567.972250 -130.445221
567.972260 -129.962708
567.972269 -129.421463
567.972279 -128.837662
567.972288 -128.241089
567.972298 -127.667229
567.972308 -127.149857
567.972317 -126.717293
567.972327 -126.391350
567.972337 -126.187714
567.972346 -126.116661
567.972356 -126.115501
567.972365 -126.182953
567.972375 -126.382401
567.972385 -126.712173
567.972394 -127.157074
567.972404 -127.692490
567.972413 -128.282394
567.972423 -128.881104
567.972433 -129.437881
567.972442 -129.908768
567.972452 -130.269180
567.972462 -130.523468
567.972471 -130.702942
567.972481 -130.845093
567.972490 -131.019012
567.972500 -131.292633
567.972510 -131.731155
567.972519 -132.408432
567.972529 -133.422806
567.972538 -134.919037
567.972548 -137.144669
567.972558 -140.558777
567.972567 -144.294373
567.972577 -139.003647
567.972587 -135.217560
567.972596 -132.534653
567.972606 -130.538971
567.972615 -129.011612
567.972625 -127.829094
567.972635 -126.915222
567.972644 -126.219009
567.972654 -125.704033
567.972663 -125.342461
567.972673 -125.112076
567.972683 -124.993805
567.972692 -124.967560
567.972702 -124.969955
567.972712 -125.031616
567.972721 -125.168999
567.972731 -125.375618
567.972740 -125.648827
567.972750 -125.989677
567.972760 -126.402649
567.972769 -126.894737
567.972779 -127.481087
567.972788 -128.177582
567.972798 -129.002625
567.972808 -129.975479
567.972817 -131.112473
567.972827 -132.417221
567.972837 -133.855453
567.972846 -135.294479
567.972856 -136.374893
567.972865 -135.972214
567.972875 -134.559357
567.972885 -132.916367
567.972894 -131.300201
567.972904 -129.808075
567.972913 -128.485291
567.972923 -127.352692
567.972933 -126.413116
567.972942 -125.665237
567.972952 -125.105156
567.972962 -124.726257
567.972971 -124.519531
567.972981 -124.470398
567.972990 -124.473434
567.973000 -124.573357
567.973010 -124.801147
567.973019 -125.135162
567.973029 -125.550049
567.973038 -126.017303
567.973048 -126.506805
567.973058 -126.989059
567.973067 -127.438385
567.973077 -127.835823
567.973087 -128.171341
567.973096 -128.443741
567.973106 -128.659317
567.973115 -128.828339
567.973125 -128.961655
567.973135 -129.068069
567.973144 -129.152603
567.973154 -129.216537
567.973163 -129.259109
567.973173 -129.280167
567.973183 -129.281143
567.973192 -129.281128
567.973202 -129.291122
567.973212 -129.339981
567.973221 -129.459427
567.973231 -129.678711
567.973240 -130.036621
567.973250 -130.575714
567.973260 -131.340958
567.973269 -132.388870
567.973279 -133.795807
567.973288 -135.673523
567.973298 -138.180603
567.973308 -141.428650
567.973317 -143.689285
567.973327 -140.745651
567.973337 -138.322647
567.973346 -136.666168
567.973356 -135.628357
567.973365 -135.092697
567.973375 -134.969788
567.973385 -134.978241
567.973394 -135.284470
567.973404 -135.960632
567.973413 -137.009766
567.973423 -138.412506
567.973433 -140.076538
567.973442 -141.688919
567.973452 -142.666672
567.973462 -141.773254
567.973471 -140.628143
567.973481 -139.500076
567.973490 -138.399918
567.973500 -137.254898
567.973510 -136.010880
567.973519 -134.677277
567.973529 -133.316071
567.973538 -132.004730
567.973548 -130.809036
567.973558 -129.774155
567.973567 -128.928680
567.973577 -128.289825
567.973587 -127.869637
567.973596 -127.678040
567.973606 -127.660202
567.973615 -127.725113
567.973625 -128.029449
567.973635 -128.604156
567.973644 -129.470169
567.973654 -130.636322
567.973663 -132.050156
567.973673 -133.436157
567.973683 -133.722717
567.973692 -132.181427
567.973702 -130.395615
567.973712 -128.760956
567.973721 -127.377411
567.973731 -126.242577
567.973740 -125.330185
567.973750 -124.613197
567.973760 -124.069496
567.973769 -123.682716
567.973779 -123.441284
567.973788 -123.338234
567.973798 -123.321777
567.973808 -123.361938
567.973817 -123.533928
567.973827 -123.843765
567.973837 -124.294365
567.973846 -124.898643
567.973856 -125.668503
567.973865 -126.617752
567.973875 -127.761406
567.973885 -129.104691
567.973894 -130.650330
567.973904 -132.393158
567.973913 -134.287399
567.973923 -136.239182
567.973933 -138.125671
567.973942 -139.890869
567.973952 -141.678070
567.973962 -143.891861
567.973971 -147.190140
567.973981 -153.132874
567.973990 -147.475266
567.974000 -143.127579
567.974010 -140.465164
567.974019 -138.818756
567.974029 -137.931427
567.974038 -137.699936
567.974048 -137.709671
567.974058 -138.192139
567.974067 -139.507980
567.974077 -142.071152
567.974087 -147.170639
567.974096 -145.994125
567.974106 -140.191055
567.974115 -136.773468
567.974125 -134.491257
567.974135 -132.906052
567.974144 -131.815750
567.974154 -131.108200
567.974163 -130.707077
567.974173 -130.552551
567.974183 -130.548996
567.974192 -130.590302
567.974202 -130.760818
567.974212 -130.996826
567.974221 -131.220184
567.974231 -131.306412
567.974240 -131.032776
567.974250 -130.508957
567.974260 -129.759552
567.974269 -128.834778
567.974279 -127.801353
567.974288 -126.727859
567.974298 -125.674469
567.974308 -124.688576
567.974317 -123.804482
567.974327 -123.046013
567.974337 -122.429329
567.974346 -121.965416
567.974356 -121.662094
567.974365 -121.525475
567.974375 -121.516869
567.974385 -121.561287
567.974394 -121.771820
567.974404 -122.165787
567.974413 -122.751282
567.974423 -123.538307
567.974433 -124.540070
567.974442 -125.775368
567.974452 -127.271530
567.974462 -129.070709
567.974471 -131.240509
567.974481 -133.895447
567.974490 -137.230530
567.974500 -141.487793
567.974510 -144.470795
567.974519 -141.098587
567.974529 -138.528793
567.974538 -136.670074
567.974548 -135.264572
567.974558 -134.152313
567.974567 -133.239502
567.974577 -132.472137
567.974587 -131.819946
567.974596 -131.268097
567.974606 -130.810410
567.974615 -130.445511
567.974625 -130.171753
567.974635 -129.984589
567.974644 -129.873032
567.974654 -129.809769
567.974663 -129.782242
567.974673 -129.763748
567.974683 -129.730743
567.974692 -129.664215
567.974702 -129.556458
567.974712 -129.408112
567.974721 -129.221024
567.974731 -128.996033
567.974740 -128.744873
567.974750 -128.469635
567.974760 -128.171631
567.974769 -127.853622
567.974779 -127.520256
567.974788 -127.178047
567.974798 -126.834312
567.974808 -126.497375
567.974817 -126.175903
567.974827 -125.880531
567.974837 -125.623352
567.974846 -125.418823
567.974856 -125.281792
567.974865 -125.229645
567.974875 -125.228416
567.974885 -125.281807
567.974894 -125.456757
567.974904 -125.773109
567.974913 -126.249481
567.974923 -126.903992
567.974933 -127.754723
567.974942 -128.818268
567.974952 -130.108185
567.974962 -131.628586
567.974971 -133.359863
567.974981 -135.226364
567.974990 -137.032227
567.975000 -138.499313
567.975010 -139.431625
567.975019 -139.944244
567.975029 -140.379425
567.975038 -141.065201
567.975048 -142.240082
567.975058 -144.203659
567.975067 -147.524612
567.975077 -154.085922
567.975087 -151.122818
567.975096 -145.968292
567.975106 -142.946747
567.975115 -140.870758
567.975125 -139.278564
567.975135 -137.930267
567.975144 -136.692612
567.975154 -135.505798
567.975163 -134.357437
567.975173 -133.259644
567.975183 -132.228241
567.975192 -131.269287
567.975202 -130.412186
567.975212 -129.672195
567.975221 -129.066650
567.975231 -128.616455
567.975240 -128.344238
567.975250 -128.269363
567.975260 -128.273773
567.975269 -128.419098
567.975279 -128.797668
567.975288 -129.421860
567.975298 -130.277954
567.975308 -131.310150
567.975317 -132.394394
567.975327 -133.340714
567.975337 -133.990814
567.975346 -134.372803
567.975356 -134.708664
567.975365 -135.273773
567.975375 -136.306961
567.975385 -138.022034
567.975394 -140.586136
567.975404 -143.505554
567.975413 -140.864914
567.975423 -138.299667
567.975433 -136.575333
567.975442 -135.515228
567.975452 -134.943893
567.975462 -134.703186
567.975471 -134.605743
567.975481 -134.503525
567.975490 -134.267593
567.975500 -133.903366
567.975510 -133.494049
567.975519 -133.140366
567.975529 -132.917160
567.975538 -132.858856
567.975548 -132.859940
567.975558 -132.977829
567.975567 -133.294388
567.975577 -133.820801
567.975587 -134.584274
567.975596 -135.639297
567.975606 -137.039337
567.975615 -138.850922
567.975625 -140.859833
567.975635 -140.317627
567.975644 -137.569031
567.975654 -135.059662
567.975663 -133.062332
567.975673 -131.541351
567.975683 -130.430893
567.975692 -129.678955
567.975702 -129.247925
567.975712 -129.109085
567.975721 -129.102097
567.975731 -129.233994
567.975740 -129.596985
567.975750 -130.141907
567.975760 -130.791626
567.975769 -131.435730
567.975779 -131.953247
567.975788 -132.269165
567.975798 -132.405640
567.975808 -132.469345
567.975817 -132.588913
567.975827 -132.860123
567.975837 -133.334702
567.975846 -134.063156
567.975856 -135.056686
567.975865 -136.263031
567.975875 -137.533859
567.975885 -138.592072
567.975894 -139.148376
567.975904 -139.000687
567.975913 -138.923401
567.975923 -138.931808
567.975933 -139.217911
567.975942 -140.039017
567.975952 -141.617538
567.975962 -144.397888
567.975971 -149.612762
567.975981 -147.651657
567.975990 -142.262039
567.976000 -138.899765
