616.098000 -132.794662
616.098010 -132.568100
616.098019 -132.304153
616.098029 -131.969879
616.098038 -131.546692
616.098048 -131.030975
616.098058 -130.440109
616.098067 -129.799286
616.098077 -129.139084
616.098087 -128.483994
616.098096 -127.855232
616.098106 -127.266357
616.098115 -126.729225
616.098125 -126.251816
616.098135 -125.843597
616.098144 -125.510620
616.098154 -125.266045
616.098163 -125.121033
616.098173 -125.084564
616.098183 -125.088554
616.098192 -125.182968
616.098202 -125.421677
616.098212 -125.825371
616.098221 -126.421562
616.098231 -127.246094
616.098240 -128.350922
616.098250 -129.813370
616.098260 -131.762787
616.098269 -134.437134
616.098279 -138.363052
616.098288 -144.941681
616.098298 -141.640457
616.098308 -137.636948
616.098317 -135.327240
616.098327 -133.934708
616.098337 -133.136993
616.098346 -132.754944
616.098356 -132.676651
616.098365 -132.685165
616.098375 -132.840057
616.098385 -133.138214
616.098394 -133.498322
616.098404 -133.849945
616.098413 -134.140518
616.098423 -134.350311
616.098433 -134.485779
616.098442 -134.557098
616.098452 -134.617020
616.098462 -134.702469
616.098471 -134.846069
616.098481 -135.076050
616.098490 -135.408920
616.098500 -135.841003
616.098510 -136.325043
616.098519 -136.750473
616.098529 -136.689148
616.098538 -135.973190
616.098548 -134.915619
616.098558 -133.704056
616.098567 -132.480881
616.098577 -131.318222
616.098587 -130.231049
616.098596 -129.242050
616.098606 -128.352829
616.098615 -127.559288
616.098625 -126.859604
616.098635 -126.254189
616.098644 -125.747108
616.098654 -125.344627
616.098663 -125.056496
616.098673 -124.894218
616.098683 -124.856316
616.098692 -124.872551
616.098702 -125.008141
616.098712 -125.321121
616.098721 -125.835411
616.098731 -126.582298
616.098740 -127.602516
616.098750 -128.956467
616.098760 -130.737259
616.098769 -133.110504
616.098779 -136.412979
616.098788 -141.455597
616.098798 -147.423462
616.098808 -141.161713
616.098817 -137.984680
616.098827 -136.156845
616.098837 -135.073380
616.098846 -134.461075
616.098856 -134.147705
616.098865 -133.989426
616.098875 -133.835602
616.098885 -133.538620
616.098894 -132.997955
616.098904 -132.208817
616.098913 -131.254959
616.098923 -130.248459
616.098933 -129.284332
616.098942 -128.423599
616.098952 -127.701607
616.098962 -127.135368
616.098971 -126.733124
616.098981 -126.496056
616.098990 -126.416443
616.099000 -126.420891
616.099010 -126.506332
616.099019 -126.735741
616.099029 -127.090462
616.099038 -127.538887
616.099048 -128.032822
616.099058 -128.508972
616.099067 -128.896759
616.099077 -129.139709
616.099087 -129.157547
616.099096 -129.012268
616.099106 -128.842239
616.099115 -128.696365
616.099125 -128.603394
616.099135 -128.563385
616.099144 -128.566971
616.099154 -128.608276
616.099163 -128.721085
616.099173 -128.888687
616.099183 -129.088058
616.099192 -129.290848
616.099202 -129.473663
616.099212 -129.626724
616.099221 -129.765350
616.099231 -129.930634
616.099240 -130.185806
616.099250 -130.608002
616.099260 -131.286224
616.099269 -132.329468
616.099279 -133.891495
616.099288 -136.189545
616.099298 -139.699478
616.099308 -144.788162
616.099317 -139.605316
616.099327 -136.027008
616.099337 -133.655304
616.099346 -132.029846
616.099356 -130.904129
616.099365 -130.133118
616.099375 -129.615723
616.099385 -129.274429
616.099394 -129.042236
616.099404 -128.863525
616.099413 -128.694214
616.099423 -128.509827
616.099433 -128.305923
616.099442 -128.099457
616.099452 -127.919510
616.099462 -127.802032
616.099471 -127.774811
616.099481 -127.779930
616.099490 -127.872147
616.099500 -128.108948
616.099510 -128.501053
616.099519 -129.045868
616.099529 -129.721725
616.099538 -130.477402
616.099548 -131.223343
616.099558 -131.835495
616.099567 -132.199692
616.099577 -132.135300
616.099587 -131.922729
616.099596 -131.750992
616.099606 -131.710968
616.099615 -131.734650
616.099625 -131.942810
616.099635 -132.454758
616.099644 -133.370514
616.099654 -134.851563
616.099663 -137.217331
616.099673 -141.197876
616.099683 -143.297379
616.099692 -137.244476
616.099702 -133.413666
616.099712 -130.743134
616.099721 -128.776398
616.099731 -127.301865
616.099740 -126.211082
616.099750 -125.434006
616.099760 -124.924835
616.099769 -124.649193
616.099779 -124.576355
616.099788 -124.578766
616.099798 -124.685776
616.099808 -124.940094
616.099817 -125.307175
616.099827 -125.748695
616.099837 -126.225159
616.099846 -126.705002
616.099856 -127.172783
616.099865 -127.637253
616.099875 -128.127533
616.099885 -128.675797
616.099894 -129.297943
616.099904 -130.015121
616.099913 -130.763016
616.099923 -131.371536
616.099933 -131.197769
616.099942 -130.322662
616.099952 -129.223282
616.099962 -128.132172
616.099971 -127.174835
616.099981 -126.400024
616.099990 -125.819931
616.100000 -125.431053
616.100010 -125.222870
616.100019 -125.177299
616.100029 -125.195877
616.100038 -125.335594
616.100048 -125.640320
616.100058 -126.106773
616.100067 -126.729881
616.100077 -127.496185
616.100087 -128.370956
616.100096 -129.273895
616.100106 -130.050522
616.100115 -130.370834
616.100125 -129.785431
616.100135 -128.892349
616.100144 -127.916199
616.100154 -126.994751
616.100163 -126.192894
616.100173 -125.533997
616.100183 -125.019241
616.100192 -124.639923
616.100202 -124.380913
616.100212 -124.217346
616.100221 -124.134605
616.100231 -124.110001
616.100240 -124.107323
616.100250 -124.119568
616.100260 -124.140526
616.100269 -124.147186
616.100279 -124.116455
616.100288 -124.067024
616.100298 -124.012283
616.100308 -123.971947
616.100317 -123.962288
616.100327 -123.969177
616.100337 -124.028877
616.100346 -124.173065
616.100356 -124.426437
616.100365 -124.817162
616.100375 -125.371880
616.100385 -126.118568
616.100394 -127.089325
616.100404 -128.318497
616.100413 -129.837280
616.100423 -131.640549
616.100433 -133.577637
616.100442 -135.095352
616.100452 -134.257050
616.100462 -132.771973
616.100471 -131.420715
616.100481 -130.357010
616.100490 -129.591019
616.100500 -129.099396
616.100510 -128.856430
616.100519 -128.819748
616.100529 -128.856400
616.100538 -129.081680
616.100548 -129.533264
616.100558 -130.213409
616.100567 -131.119995
616.100577 -132.234894
616.100587 -133.490723
616.100596 -134.722214
616.100606 -135.633286
616.100615 -135.659912
616.100625 -135.088089
616.100635 -134.524292
616.100644 -134.138382
616.100654 -133.998535
616.100663 -133.997833
616.100673 -134.130753
616.100683 -134.583069
616.100692 -135.394852
616.100702 -136.642532
616.100712 -138.460220
616.100721 -141.062805
616.100731 -144.435455
616.100740 -142.336624
616.100750 -138.709274
616.100760 -135.980362
616.100769 -133.957397
616.100779 -132.450195
616.100788 -131.332199
616.100798 -130.517929
616.100808 -129.938354
616.100817 -129.520493
616.100827 -129.219116
616.100837 -128.975906
616.100846 -128.737534
616.100856 -128.464371
616.100865 -128.139282
616.100875 -127.771919
616.100885 -127.393646
616.100894 -127.048660
616.100904 -126.784210
616.100913 -126.644691
616.100923 -126.634987
616.100933 -126.675789
616.100942 -126.915924
616.100952 -127.410408
616.100962 -128.214661
616.100971 -129.405548
616.100981 -131.105743
616.100990 -133.535614
616.101000 -137.159760
616.101010 -143.035309
616.101019 -140.488556
616.101029 -136.494095
616.101038 -134.136734
616.101048 -132.698212
616.101058 -131.839706
616.101067 -131.402618
616.101077 -131.267792
616.101087 -131.263992
616.101096 -131.336258
616.101106 -131.518204
616.101115 -131.731186
616.101125 -131.913925
616.101135 -132.035233
616.101144 -132.100021
616.101154 -132.134125
616.101163 -132.171036
616.101173 -132.232422
616.101183 -132.326111
616.101192 -132.442383
616.101202 -132.560394
616.101212 -132.654510
616.101221 -132.704926
616.101231 -132.687195
616.101240 -132.651566
616.101250 -132.615555
616.101260 -132.585007
616.101269 -132.568512
616.101279 -132.547104
616.101288 -132.496353
616.101298 -132.398697
616.101308 -132.256897
616.101317 -132.094086
616.101327 -131.949295
616.101337 -131.863602
616.101346 -131.857376
616.101356 -131.880478
616.101365 -132.013519
616.101375 -132.259003
616.101385 -132.624588
616.101394 -133.086533
616.101404 -133.589310
616.101413 -134.043839
616.101423 -134.330139
616.101433 -134.019241
616.101442 -133.429047
616.101452 -132.679703
616.101462 -131.887009
616.101471 -131.137756
616.101481 -130.486969
616.101490 -129.967148
616.101500 -129.584976
616.101510 -129.348038
616.101519 -129.250137
616.101529 -129.252365
616.101538 -129.286697
616.101548 -129.404907
616.101558 -129.558319
616.101567 -129.688080
616.101577 -129.726761
616.101587 -129.691269
616.101596 -129.687637
616.101606 -129.717255
616.101615 -129.872482
616.101625 -130.258682
616.101635 -130.938080
616.101644 -131.966370
616.101654 -133.350174
616.101663 -134.832108
616.101673 -134.707153
616.101683 -132.869141
616.101692 -131.022247
616.101702 -129.536270
616.101712 -128.468185
616.101721 -127.791153
616.101731 -127.462418
616.101740 -127.419075
616.101750 -127.463531
616.101760 -127.750847
616.101769 -128.253220
616.101779 -128.837814
616.101788 -129.284286
616.101798 -128.898468
616.101808 -128.100586
616.101817 -127.187149
616.101827 -126.338722
616.101837 -125.647331
616.101846 -125.145523
616.101856 -124.836510
616.101865 -124.703766
616.101875 -124.702080
616.101885 -124.740463
616.101894 -124.904778
616.101904 -125.164001
616.101913 -125.470535
616.101923 -125.767784
616.101933 -125.997070
616.101942 -126.085655
616.101952 -125.955833
616.101962 -125.740120
616.101971 -125.494194
616.101981 -125.265007
616.101990 -125.089409
616.102000 -124.994591
616.102010 -124.982582
616.102019 -124.999893
616.102029 -125.119148
616.102038 -125.361153
616.102048 -125.729836
616.102058 -126.220596
616.102067 -126.814392
616.102077 -127.467300
616.102087 -128.100800
616.102096 -128.603180
616.102106 -128.834518
616.102115 -128.610992
616.102125 -128.285095
616.102135 -127.989700
616.102144 -127.816498
616.102154 -127.800781
616.102163 -127.844566
616.102173 -128.098175
616.102183 -128.615143
616.102192 -129.427444
616.102202 -130.576324
616.102212 -132.102539
616.102221 -134.087631
616.102231 -136.623215
616.102240 -139.691864
616.102250 -142.518860
616.102260 -141.334259
616.102269 -139.726913
616.102279 -138.679626
616.102288 -138.096695
616.102298 -137.844711
616.102308 -137.696594
616.102317 -137.386993
616.102327 -136.677811
616.102337 -135.575760
616.102346 -134.259964
616.102356 -132.925293
616.102365 -131.697876
616.102375 -130.628250
616.102385 -129.743607
616.102394 -129.060760
616.102404 -128.576660
616.102413 -128.282135
616.102423 -128.161865
616.102433 -128.142685
616.102442 -128.190811
616.102452 -128.332169
616.102462 -128.535797
616.102471 -128.746262
616.102481 -128.915894
616.102490 -129.025345
616.102500 -129.091095
616.102510 -129.159241
616.102519 -129.283524
616.102529 -129.509216
616.102538 -129.860428
616.102548 -130.336624
616.102558 -130.907608
616.102567 -131.512726
616.102577 -132.060806
616.102587 -132.446091
616.102596 -132.394226
616.102606 -131.908203
616.102615 -131.164474
616.102625 -130.238235
616.102635 -129.228989
616.102644 -128.216217
616.102654 -127.261581
616.102663 -126.409554
616.102673 -125.687172
616.102683 -125.109894
616.102692 -124.691078
616.102702 -124.436493
616.102712 -124.350052
616.102721 -124.350044
616.102731 -124.435379
616.102740 -124.695923
616.102750 -125.136284
616.102760 -125.762543
616.102769 -126.581795
616.102779 -127.601997
616.102788 -128.830460
616.102798 -130.270844
616.102808 -131.916138
616.102817 -133.733963
616.102827 -135.634064
616.102837 -137.409149
616.102846 -138.680481
616.102856 -138.329102
616.102865 -136.950897
616.102875 -135.298508
616.102885 -133.638306
616.102894 -132.107285
616.102904 -130.765488
616.102913 -129.635345
616.102923 -128.717865
616.102933 -128.002426
616.102942 -127.470085
616.102952 -127.101357
616.102962 -126.870239
616.102971 -126.747803
616.102981 -126.700706
616.102990 -126.697952
616.103000 -126.707542
616.103010 -126.735710
616.103019 -126.772125
616.103029 -126.812241
616.103038 -126.863083
616.103048 -126.936264
616.103058 -127.048157
616.103067 -127.225838
616.103077 -127.486664
616.103087 -127.839622
616.103096 -128.282089
616.103106 -128.792175
616.103115 -129.323898
616.103125 -129.803802
616.103135 -130.147018
616.103144 -130.244553
616.103154 -130.073456
616.103163 -129.883926
616.103173 -129.774704
616.103183 -129.761856
616.103192 -129.823883
616.103202 -130.088806
616.103212 -130.609741
616.103221 -131.422089
616.103231 -132.592819
616.103240 -134.189468
616.103250 -136.280060
616.103260 -138.795944
616.103269 -140.242676
616.103279 -137.696579
616.103288 -135.085785
616.103298 -132.877548
616.103308 -131.039856
616.103317 -129.492172
616.103327 -128.172318
616.103337 -127.039360
616.103346 -126.064171
616.103356 -125.225914
616.103365 -124.507408
616.103375 -123.893936
616.103385 -123.372223
616.103394 -122.939323
616.103404 -122.590073
616.103413 -122.321503
616.103423 -122.132660
616.103433 -122.023621
616.103442 -121.994286
616.103452 -121.994965
616.103462 -122.046730
616.103471 -122.178009
616.103481 -122.386253
616.103490 -122.666733
616.103500 -123.011429
616.103510 -123.408653
616.103519 -123.842735
616.103529 -124.296021
616.103538 -124.751945
616.103548 -125.200516
616.103558 -125.642288
616.103567 -126.089844
616.103577 -126.564247
616.103587 -127.088600
616.103596 -127.680809
616.103606 -128.336731
616.103615 -129.057022
616.103625 -129.821182
616.103635 -130.595444
616.103644 -131.342285
616.103654 -132.032532
616.103663 -132.645676
616.103673 -133.151886
616.103683 -133.560913
616.103692 -133.859161
616.103702 -134.035645
616.103712 -134.081360
616.103721 -134.054840
616.103731 -134.050339
616.103740 -134.091675
616.103750 -134.226303
616.103760 -134.507629
616.103769 -134.961273
616.103779 -135.599396
616.103788 -136.427200
616.103798 -137.439606
616.103808 -138.625748
616.103817 -139.958115
616.103827 -141.390579
616.103837 -142.836761
616.103846 -144.163177
616.103856 -145.174591
616.103865 -145.509445
616.103875 -144.788712
616.103885 -143.724731
616.103894 -142.563446
616.103904 -141.477036
616.103913 -140.563919
616.103923 -139.863205
616.103933 -139.374237
616.103942 -139.058289
616.103952 -138.843109
616.103962 -138.627670
616.103971 -138.315155
616.103981 -137.859390
616.103990 -137.291687
616.104000 -136.697693
616.104010 -136.166962
616.104019 -135.761887
616.104029 -135.492065
616.104038 -135.347534
616.104048 -135.297867
616.104058 -135.294250
616.104067 -135.270889
616.104077 -135.184189
616.104087 -135.031403
616.104096 -134.853333
616.104106 -134.709122
616.104115 -134.647156
616.104125 -134.658081
616.104135 -134.702026
616.104144 -134.708267
616.104154 -134.370010
616.104163 -133.562592
616.104173 -132.358810
616.104183 -130.945007
616.104192 -129.498734
616.104202 -128.123566
616.104212 -126.861870
616.104221 -125.714569
616.104231 -124.677742
616.104240 -123.752563
616.104250 -122.933220
616.104260 -122.220032
616.104269 -121.618675
616.104279 -121.139740
616.104288 -120.796745
616.104298 -120.605751
616.104308 -120.567390
616.104317 -120.584457
616.104327 -120.753136
616.104337 -121.134789
616.104346 -121.758995
616.104356 -122.665108
616.104365 -123.910561
616.104375 -125.585442
616.104385 -127.847961
616.104394 -131.008148
616.104404 -135.888596
616.104413 -144.279617
616.104423 -136.783264
616.104433 -133.471771
616.104442 -131.690689
616.104452 -130.775223
616.104462 -130.449921
616.104471 -130.440384
616.104481 -130.578278
616.104490 -131.084091
616.104500 -131.924179
616.104510 -133.083542
616.104519 -134.579315
616.104529 -136.481644
616.104538 -138.937576
616.104548 -142.118881
616.104558 -144.120178
616.104567 -140.470749
616.104577 -137.419083
616.104587 -135.179291
616.104596 -133.573135
616.104606 -132.471420
616.104615 -131.789169
616.104625 -131.465591
616.104635 -131.429413
616.104644 -131.479584
616.104654 -131.797791
616.104663 -132.383438
616.104673 -133.184143
616.104683 -134.124146
616.104692 -135.094208
616.104702 -135.959137
616.104712 -136.571320
616.104721 -136.498886
616.104731 -135.720825
616.104740 -134.557571
616.104750 -133.235184
616.104760 -131.947495
616.104769 -130.819580
616.104779 -129.920593
616.104788 -129.283463
616.104798 -128.912476
616.104808 -128.808975
616.104817 -128.811172
616.104827 -128.985855
616.104837 -129.415283
616.104846 -130.048355
616.104856 -130.779205
616.104865 -131.426270
616.104875 -131.715759
616.104885 -131.345490
616.104894 -130.870895
616.104904 -130.464996
616.104913 -130.219406
616.104923 -130.137054
616.104933 -130.153152
616.104942 -130.255112
616.104952 -130.456116
616.104962 -130.684204
616.104971 -130.866379
616.104981 -130.959045
616.104990 -130.991058
616.105000 -131.044067
616.105010 -131.166260
616.105019 -131.443039
616.105029 -131.929398
616.105038 -132.666382
616.105048 -133.688492
616.105058 -135.033493
616.105067 -136.750031
616.105077 -138.807968
616.105087 -141.029678
616.105096 -140.980621
616.105106 -138.244644
616.105115 -135.557266
616.105125 -133.273865
616.105135 -131.390228
616.105144 -129.849945
616.105154 -128.602661
616.105163 -127.607056
616.105173 -126.830032
616.105183 -126.242828
616.105192 -125.820396
616.105202 -125.538910
616.105212 -125.375816
616.105221 -125.304512
616.105231 -125.296310
616.105240 -125.305664
616.105250 -125.358543
616.105260 -125.443855
616.105269 -125.547363
616.105279 -125.661270
616.105288 -125.786835
616.105298 -125.933456
616.105308 -126.117867
616.105317 -126.360069
616.105327 -126.678238
616.105337 -127.089714
616.105346 -127.613869
616.105356 -128.261444
616.105365 -129.037155
616.105375 -129.940826
616.105385 -130.966385
616.105394 -132.104233
616.105404 -133.341766
616.105413 -134.669098
616.105423 -136.080933
616.105433 -137.581604
616.105442 -139.148117
616.105452 -140.778351
616.105462 -142.390427
616.105471 -143.757080
616.105481 -144.550522
616.105490 -144.271866
616.105500 -143.870361
616.105510 -143.708969
616.105519 -143.712723
616.105529 -143.960541
616.105538 -144.713043
616.105548 -146.018539
616.105558 -147.671661
616.105567 -147.034622
616.105577 -144.295380
616.105587 -141.693085
616.105596 -139.525894
616.105606 -137.738708
616.105615 -136.229950
616.105625 -134.909317
616.105635 -133.707565
616.105644 -132.579971
616.105654 -131.506134
616.105663 -130.487900
616.105673 -129.542511
616.105683 -128.696640
616.105692 -127.979988
616.105702 -127.422997
616.105712 -127.055908
616.105721 -126.910690
616.105731 -126.909668
616.105740 -127.024292
616.105750 -127.443459
616.105760 -128.235138
616.105769 -129.507767
616.105779 -131.458496
616.105788 -134.521820
616.105798 -140.023788
616.105808 -141.054214
616.105817 -134.964767
616.105827 -131.657944
616.105837 -129.547363
616.105846 -128.144196
616.105856 -127.229431
616.105865 -126.684250
616.105875 -126.433258
616.105885 -126.392021
616.105894 -126.421196
616.105904 -126.598373
616.105913 -126.912529
616.105923 -127.301369
616.105933 -127.690010
616.105942 -127.996239
616.105952 -128.108383
616.105962 -127.923210
616.105971 -127.618317
616.105981 -127.263062
616.105990 -126.915695
616.106000 -126.616035
616.106010 -126.388214
616.106019 -126.246201
616.106029 -126.192116
616.106038 -126.196022
616.106048 -126.240341
616.106058 -126.377304
616.106067 -126.603432
616.106077 -126.911057
616.106087 -127.287834
616.106096 -127.712624
616.106106 -128.153351
616.106115 -128.564880
616.106125 -128.894562
616.106135 -129.096008
616.106144 -129.074478
616.106154 -128.949997
616.106163 -128.838852
616.106173 -128.810822
616.106183 -128.830093
616.106192 -128.977997
616.106202 -129.346298
616.106212 -129.948792
616.106221 -130.814133
616.106231 -131.865601
616.106240 -132.795609
616.106250 -132.059860
616.106260 -130.428757
616.106269 -128.705109
616.106279 -127.185631
616.106288 -125.950020
616.106298 -124.999290
616.106308 -124.311874
616.106317 -123.862877
616.106327 -123.627831
616.106337 -123.575500
616.106346 -123.584290
616.106356 -123.710480
616.106365 -123.985023
616.106375 -124.387573
616.106385 -124.900177
616.106394 -125.509148
616.106404 -126.208611
616.106413 -127.003235
616.106423 -127.911858
616.106433 -128.962067
616.106442 -130.219009
616.106452 -131.789154
616.106462 -133.857559
616.106471 -136.816422
616.106481 -141.737488
616.106490 -143.273621
616.106500 -136.791534
616.106510 -132.957855
616.106519 -130.291275
616.106529 -128.319809
616.106538 -126.841469
616.106548 -125.755455
616.106558 -125.005180
616.106567 -124.557091
616.106577 -124.386124
616.106587 -124.382462
616.106596 -124.470924
616.106606 -124.799248
616.106615 -125.345352
616.106625 -126.065857
616.106635 -126.882919
616.106644 -127.669144
616.106654 -128.254181
616.106663 -128.346222
616.106673 -127.921532
616.106683 -127.362434
616.106692 -126.784943
616.106702 -126.245354
616.106712 -125.783691
616.106721 -125.421463
616.106731 -125.160599
616.106740 -124.995102
616.106750 -124.916428
616.106760 -124.909294
616.106769 -124.931511
616.106779 -125.004120
616.106788 -125.129166
616.106798 -125.296577
616.106808 -125.503860
616.106817 -125.758865
616.106827 -126.081055
616.106837 -126.499435
616.106846 -127.051102
616.106856 -127.778374
616.106865 -128.727371
616.106875 -129.943756
616.106885 -131.514603
616.106894 -133.540329
616.106904 -136.145584
616.106913 -139.340729
616.106923 -141.302673
616.106933 -138.654877
616.106942 -136.298981
616.106952 -134.503983
616.106962 -133.142670
616.106971 -132.093445
616.106981 -131.270172
616.106990 -130.615326
616.107000 -130.074219
616.107010 -129.628342
616.107019 -129.259354
616.107029 -128.951096
616.107038 -128.693619
616.107048 -128.479355
616.107058 -128.308365
616.107067 -128.183975
616.107077 -128.106949
616.107087 -128.075928
616.107096 -128.078110
616.107106 -128.106323
616.107115 -128.149475
616.107125 -128.211685
616.107135 -128.281647
616.107144 -128.351425
616.107154 -128.417557
616.107163 -128.481216
616.107173 -128.546707
616.107183 -128.618469
616.107192 -128.699493
616.107202 -128.788483
616.107212 -128.880524
616.107221 -128.965530
616.107231 -129.031372
616.107240 -129.037796
616.107250 -128.980774
616.107260 -128.873993
616.107269 -128.724686
616.107279 -128.545181
616.107288 -128.349350
616.107298 -128.153290
616.107308 -127.969940
616.107317 -127.807747
616.107327 -127.670296
616.107337 -127.552406
616.107346 -127.449677
616.107356 -127.363823
616.107365 -127.288826
616.107375 -127.218445
616.107385 -127.147209
616.107394 -127.069992
616.107404 -126.982582
616.107413 -126.880615
616.107423 -126.760788
616.107433 -126.620621
616.107442 -126.461021
616.107452 -126.285919
616.107462 -126.103996
616.107471 -125.926392
616.107481 -125.766258
616.107490 -125.635628
616.107500 -125.544434
616.107510 -125.498962
616.107519 -125.490440
616.107529 -125.502266
616.107538 -125.553452
616.107548 -125.649261
616.107558 -125.784111
616.107567 -125.951668
616.107577 -126.144585
616.107587 -126.356110
616.107596 -126.579521
616.107606 -126.809311
616.107615 -127.040848
616.107625 -127.271095
616.107635 -127.497429
616.107644 -127.718452
616.107654 -127.932083
616.107663 -128.135635
616.107673 -128.324081
616.107683 -128.490234
616.107692 -128.623398
616.107702 -128.711151
616.107712 -128.690216
616.107721 -128.560516
616.107731 -128.350555
616.107740 -128.072006
616.107750 -127.747963
616.107760 -127.412773
616.107769 -127.107178
616.107779 -126.876190
616.107788 -126.765083
616.107798 -126.761337
616.107808 -126.821060
616.107817 -127.093384
616.107827 -127.637672
616.107837 -128.536377
616.107846 -129.911407
616.107856 -131.982178
616.107865 -135.211960
616.107875 -140.689758
616.107885 -137.149689
616.107894 -132.517273
616.107904 -129.487839
616.107913 -127.330193
616.107923 -125.721031
616.107933 -124.515366
616.107942 -123.625771
616.107952 -123.000969
616.107962 -122.610733
616.107971 -122.436752
616.107981 -122.424843
616.107990 -122.468727
616.108000 -122.699677
616.108010 -123.124115
616.108019 -123.734032
616.108029 -124.513947
616.108038 -125.430984
616.108048 -126.421394
616.108058 -127.374550
616.108067 -128.137711
616.108077 -128.570068
616.108087 -128.425110
616.108096 -128.097000
616.108106 -127.774628
616.108115 -127.541962
616.108125 -127.438904
616.108135 -127.443169
616.108144 -127.507721
616.108154 -127.749718
616.108163 -128.190369
616.108173 -128.859039
616.108183 -129.802475
616.108192 -131.098938
616.108202 -132.883026
616.108212 -135.396530
616.108221 -139.027466
616.108231 -140.836975
616.108240 -136.281555
616.108250 -132.936646
616.108260 -130.515778
616.108269 -128.709305
616.108279 -127.343864
616.108288 -126.320007
616.108298 -125.576462
616.108308 -125.071053
616.108317 -124.771240
616.108327 -124.659843
616.108337 -124.657692
616.108346 -124.716370
616.108356 -124.918091
616.108365 -125.237862
616.108375 -125.640656
616.108385 -126.082367
616.108394 -126.512642
616.108404 -126.884140
616.108413 -127.166336
616.108423 -127.356422
616.108433 -127.479683
616.108442 -127.576889
616.108452 -127.690155
616.108462 -127.851151
616.108471 -128.077271
616.108481 -128.369919
616.108490 -128.716751
616.108500 -129.092911
616.108510 -129.466583
616.108519 -129.804474
616.108529 -130.082687
616.108538 -130.292389
616.108548 -130.442261
616.108558 -130.549026
616.108567 -130.621872
616.108577 -130.634033
616.108587 -130.494629
616.108596 -130.186554
616.108606 -129.706100
616.108615 -129.097733
616.108625 -128.444397
616.108635 -127.835869
616.108644 -127.349556
616.108654 -127.044342
616.108663 -126.957817
616.108673 -126.966515
616.108683 -127.156677
616.108692 -127.658325
616.108702 -128.517136
616.108712 -129.816483
616.108721 -131.693481
616.108731 -134.355392
616.108740 -137.978622
616.108750 -138.751465
616.108760 -135.302811
616.108769 -132.778214
616.108779 -131.051285
616.108788 -129.895691
616.108798 -129.164368
616.108808 -128.760406
616.108817 -128.607132
616.108827 -128.612213
616.108837 -128.673981
616.108846 -128.888565
616.108856 -129.215103
616.108865 -129.616638
616.108875 -130.065796
616.108885 -130.551437
616.108894 -131.079178
616.108904 -131.669571
616.108913 -132.349335
616.108923 -133.143524
616.108933 -134.041809
616.108942 -135.057236
616.108952 -136.157608
616.108962 -137.287079
616.108971 -138.392563
616.108981 -139.464569
616.108990 -140.580780
616.109000 -141.910049
616.109010 -143.641647
616.109019 -146.091263
616.109029 -149.091858
616.109038 -145.446884
616.109048 -141.735794
616.109058 -138.866989
616.109067 -136.644928
616.109077 -134.898422
616.109087 -133.518921
616.109096 -132.439789
616.109106 -131.614822
616.109115 -131.010284
616.109125 -130.594116
616.109135 -130.333557
616.109144 -130.188599
616.109154 -130.110992
616.109163 -130.048752
616.109173 -129.940033
616.109183 -129.732590
616.109192 -129.390305
616.109202 -128.901077
616.109212 -128.277191
616.109221 -127.550507
616.109231 -126.772324
616.109240 -125.989700
616.109250 -125.244141
616.109260 -124.570206
616.109269 -123.994469
616.109279 -123.537674
616.109288 -123.215233
616.109298 -123.039612
616.109308 -123.005920
616.109317 -123.020561
616.109327 -123.166069
616.109337 -123.475082
616.109346 -123.940788
616.109356 -124.553711
616.109365 -125.270523
616.109375 -125.999268
616.109385 -126.580757
616.109394 -126.602036
616.109404 -125.990799
616.109413 -125.171494
616.109423 -124.322525
616.109433 -123.556580
616.109442 -122.930084
616.109452 -122.465942
616.109462 -122.170425
616.109471 -122.040939
616.109481 -122.035072
616.109490 -122.075294
616.109500 -122.264206
616.109510 -122.601540
616.109519 -123.080460
616.109529 -123.694389
616.109538 -124.437485
616.109548 -125.304459
616.109558 -126.290253
616.109567 -127.389153
616.109577 -128.592819
616.109587 -129.886765
616.109596 -131.244781
616.109606 -132.616516
616.109615 -133.921967
616.109625 -135.060318
616.109635 -135.904510
616.109644 -136.350357
616.109654 -136.027679
616.109663 -135.448639
616.109673 -134.761505
616.109683 -134.068054
616.109692 -133.435806
616.109702 -132.901031
616.109712 -132.475647
616.109721 -132.150787
616.109731 -131.901306
616.109740 -131.688278
616.109750 -131.465973
616.109760 -131.191635
616.109769 -130.838074
616.109779 -130.403000
616.109788 -129.908173
616.109798 -129.391617
616.109808 -128.895294
616.109817 -128.456207
616.109827 -128.094116
616.109837 -127.838791
616.109846 -127.698639
616.109856 -127.662895
616.109865 -127.673126
616.109875 -127.749283
616.109885 -127.905075
616.109894 -128.110703
616.109904 -128.333511
616.109913 -128.546906
616.109923 -128.738907
616.109933 -128.916565
616.109942 -129.102219
616.109952 -129.323669
616.109962 -129.592926
616.109971 -129.923111
616.109981 -130.322601
616.109990 -130.777420
616.110000 -131.267944
616.110010 -131.779343
616.110019 -132.312271
616.110029 -132.888458
616.110038 -133.547302
616.110048 -134.336746
616.110058 -135.304123
616.110067 -136.486404
616.110077 -137.904343
616.110087 -139.547150
616.110096 -141.301773
616.110106 -142.875732
616.110115 -142.964081
616.110125 -141.070175
616.110135 -138.755600
616.110144 -136.501648
616.110154 -134.478729
616.110163 -132.729462
616.110173 -131.257309
616.110183 -130.043747
616.110192 -129.066879
616.110202 -128.304688
616.110212 -127.735245
616.110221 -127.336403
616.110231 -127.084877
616.110240 -126.955826
616.110250 -126.918732
616.110260 -126.921448
616.110269 -126.957939
616.110279 -127.036835
616.110288 -127.140121
616.110298 -127.257935
616.110308 -127.392105
616.110317 -127.554794
616.110327 -127.766090
616.110337 -128.050156
616.110346 -128.433777
616.110356 -128.944916
616.110365 -129.615036
616.110375 -130.480484
616.110385 -131.587646
616.110394 -132.997070
616.110404 -134.791672
616.110413 -137.073883
616.110423 -139.903519
616.110433 -142.837830
616.110442 -142.288132
616.110452 -140.364838
616.110462 -139.034042
616.110471 -138.345840
616.110481 -138.167831
616.110490 -138.194901
616.110500 -138.384933
616.110510 -137.968658
616.110519 -136.506470
616.110529 -134.560349
616.110538 -132.632019
616.110548 -130.949127
616.110558 -129.564697
616.110567 -128.460617
616.110577 -127.581184
616.110587 -126.902191
616.110596 -126.370682
616.110606 -125.931801
616.110615 -125.533630
616.110625 -125.135429
616.110635 -124.716026
616.110644 -124.277306
616.110654 -123.840034
616.110663 -123.435005
616.110673 -123.093735
616.110683 -122.843391
616.110692 -122.702690
616.110702 -122.675690
616.110712 -122.692368
616.110721 -122.817688
616.110731 -123.089386
616.110740 -123.516174
616.110750 -124.108940
616.110760 -124.881889
616.110769 -125.854218
616.110779 -127.048706
616.110788 -128.485565
616.110798 -130.153290
616.110808 -131.920792
616.110817 -133.343811
616.110827 -132.789764
616.110837 -131.333755
616.110846 -129.884048
616.110856 -128.640518
616.110865 -127.633202
616.110875 -126.842926
616.110885 -126.243431
616.110894 -125.813347
616.110904 -125.540359
616.110913 -125.413696
616.110923 -125.415421
616.110933 -125.460358
616.110942 -125.670631
616.110952 -126.069939
616.110962 -126.681503
616.110971 -127.534042
616.110981 -128.657562
616.110990 -130.072205
616.111000 -131.816879
616.111010 -133.861465
616.111019 -135.969727
616.111029 -137.414291
616.111038 -136.288055
616.111048 -134.915314
616.111058 -133.696350
616.111067 -132.705154
616.111077 -131.907913
616.111087 -131.281616
616.111096 -130.794174
616.111106 -130.421417
616.111115 -130.145508
616.111125 -129.952438
616.111135 -129.828369
616.111144 -129.758224
616.111154 -129.723755
616.111163 -129.703156
616.111173 -129.675095
616.111183 -129.614532
616.111192 -129.498596
616.111202 -129.315216
616.111212 -129.063110
616.111221 -128.754272
616.111231 -128.410904
616.111240 -128.061020
616.111250 -127.732483
616.111260 -127.450272
616.111269 -127.234337
616.111279 -127.099167
616.111288 -127.050255
616.111298 -127.053917
616.111308 -127.102425
616.111317 -127.241829
616.111327 -127.461708
616.111337 -127.741188
616.111346 -128.046249
616.111356 -128.329178
616.111365 -128.533249
616.111375 -128.513214
616.111385 -128.291809
616.111394 -127.961990
616.111404 -127.589737
616.111413 -127.236893
616.111423 -126.953094
616.111433 -126.774902
616.111442 -126.722885
616.111452 -126.731415
616.111462 -126.841202
616.111471 -127.120338
616.111481 -127.579453
616.111490 -128.219955
616.111500 -129.056519
616.111510 -130.088791
616.111519 -131.308624
616.111529 -132.697113
616.111538 -134.227264
616.111548 -135.868774
616.111558 -137.566193
616.111567 -139.140060
616.111577 -139.687241
616.111587 -137.792770
616.111596 -135.409515
616.111606 -133.174866
616.111615 -131.278381
616.111625 -129.740845
616.111635 -128.541336
616.111644 -127.650047
616.111654 -127.038078
616.111663 -126.687241
616.111673 -126.575294
616.111683 -126.575294
616.111692 -126.677719
616.111702 -126.961365
616.111712 -127.378952
616.111721 -127.861694
616.111731 -128.318436
616.111740 -128.651398
616.111750 -128.735077
616.111760 -128.535126
616.111769 -128.272903
616.111779 -128.021042
616.111788 -127.829002
616.111798 -127.726273
616.111808 -127.704208
616.111817 -127.728447
616.111827 -127.844543
616.111837 -128.079239
616.111846 -128.434906
616.111856 -128.907486
616.111865 -129.471893
616.111875 -130.118286
616.111885 -130.807770
616.111894 -131.489777
616.111904 -132.110382
616.111913 -132.624283
616.111923 -132.982300
616.111933 -132.980453
616.111942 -132.505814
616.111952 -131.692932
616.111962 -130.636780
616.111971 -129.482117
616.111981 -128.355728
616.111990 -127.340736
616.112000 -126.480232
616.112010 -125.791901
616.112019 -125.278526
616.112029 -124.935539
616.112038 -124.754234
616.112048 -124.714500
616.112058 -124.724129
616.112067 -124.832687
616.112077 -125.065170
616.112087 -125.403610
616.112096 -125.825912
616.112106 -126.304543
616.112115 -126.807610
616.112125 -127.301575
616.112135 -127.757935
616.112144 -128.160797
616.112154 -128.512970
616.112163 -128.836212
616.112173 -129.166946
616.112183 -129.549713
616.112192 -130.033875
616.112202 -130.673782
616.112212 -131.533600
616.112221 -132.694748
616.112231 -134.261353
616.112240 -136.331284
616.112250 -138.724808
616.112260 -138.071167
616.112269 -135.183136
616.112279 -132.702744
616.112288 -130.802612
616.112298 -129.406967
616.112308 -128.438339
616.112317 -127.842979
616.112327 -127.585724
616.112337 -127.561096
616.112346 -127.642586
616.112356 -127.990036
616.112365 -128.590530
616.112375 -129.363785
616.112385 -130.140381
616.112394 -130.582718
616.112404 -129.961441
616.112413 -129.028381
616.112423 -128.057953
616.112433 -127.213249
616.112442 -126.563797
616.112452 -126.132149
616.112462 -125.921471
616.112471 -125.890030
616.112481 -125.928947
616.112490 -126.149971
616.112500 -126.580070
616.112510 -127.213860
616.112519 -128.035248
616.112529 -129.020905
616.112538 -130.138474
616.112548 -131.306946
616.112558 -132.384903
616.112567 -133.177353
616.112577 -133.405411
616.112587 -132.986069
616.112596 -132.439865
616.112606 -131.905930
616.112615 -131.461502
616.112625 -131.144440
616.112635 -130.972473
616.112644 -130.939102
616.112654 -130.952667
616.112663 -131.087402
616.112673 -131.373703
616.112683 -131.794769
616.112692 -132.330170
616.112702 -132.936356
616.112712 -133.529083
616.112721 -133.977264
616.112731 -133.918716
616.112740 -133.375031
616.112750 -132.639908
616.112760 -131.852112
616.112769 -131.080902
616.112779 -130.375580
616.112788 -129.743530
616.112798 -129.160156
616.112808 -128.594818
616.112817 -128.023880
616.112827 -127.442215
616.112837 -126.865509
616.112846 -126.325729
616.112856 -125.861061
616.112865 -125.508675
616.112875 -125.299538
616.112885 -125.245796
616.112894 -125.259056
616.112904 -125.406044
616.112913 -125.755470
616.112923 -126.318962
616.112933 -127.105377
616.112942 -128.111115
616.112952 -129.333374
616.112962 -130.748825
616.112971 -132.290787
616.112981 -133.821579
616.112990 -135.111465
616.113000 -135.907867
616.113010 -135.845612
616.113019 -135.342361
616.113029 -134.755890
616.113038 -134.233383
616.113048 -133.842575
616.113058 -133.617538
616.113067 -133.565353
616.113077 -133.589569
616.113087 -133.741867
616.113096 -134.046539
616.113106 -134.436249
616.113115 -134.807251
616.113125 -135.049301
616.113135 -134.972427
616.113144 -134.802002
616.113154 -134.672485
616.113163 -134.650970
616.113173 -134.681366
616.113183 -134.848206
616.113192 -135.189072
616.113202 -135.659363
616.113212 -136.201141
616.113221 -136.726501
616.113231 -137.114288
616.113240 -137.165985
616.113250 -136.880692
616.113260 -136.522156
616.113269 -136.186981
616.113279 -135.931213
616.113288 -135.769348
616.113298 -135.680817
616.113308 -135.621292
616.113317 -135.544342
616.113327 -135.427002
616.113337 -135.294388
616.113346 -135.214661
616.113356 -135.210022
616.113365 -135.313080
616.113375 -135.708572
616.113385 -136.583221
616.113394 -138.223358
616.113404 -141.267227
616.113413 -147.911560
616.113423 -140.618256
616.113433 -135.388977
616.113442 -131.914932
616.113452 -129.334930
616.113462 -127.316330
616.113471 -125.692970
616.113481 -124.368950
616.113490 -123.281990
616.113500 -122.388786
616.113510 -121.656815
616.113519 -121.060883
616.113529 -120.580505
616.113538 -120.199234
616.113548 -119.903732
616.113558 -119.684196
616.113567 -119.534073
616.113577 -119.450714
616.113587 -119.427292
616.113596 -119.435333
616.113606 -119.493149
616.113615 -119.632896
616.113625 -119.866867
616.113635 -120.210144
616.113644 -120.680542
616.113654 -121.298271
616.113663 -122.086632
616.113673 -123.073166
616.113683 -124.290947
616.113692 -125.782867
616.113702 -127.621925
616.113712 -129.920242
616.113721 -132.890045
616.113731 -137.018539
616.113740 -143.934799
616.113750 -144.027985
616.113760 -139.014679
616.113769 -136.344559
616.113779 -134.683136
616.113788 -133.604126
616.113798 -132.924759
616.113808 -132.555984
616.113817 -132.439285
616.113827 -132.450699
616.113837 -132.577347
616.113846 -132.899689
616.113856 -133.354279
616.113865 -133.817657
616.113875 -133.902206
616.113885 -133.180344
616.113894 -132.026657
616.113904 -130.677872
616.113913 -129.319702
616.113923 -128.055298
616.113933 -126.930588
616.113942 -125.962852
616.113952 -125.155434
616.113962 -124.506218
616.113971 -124.009415
616.113981 -123.657845
616.113990 -123.442192
616.114000 -123.351898
616.114010 -123.347412
616.114019 -123.374619
616.114029 -123.496361
616.114038 -123.701454
616.114048 -123.973763
616.114058 -124.296410
616.114067 -124.653526
616.114077 -125.030487
616.114087 -125.416161
616.114096 -125.803925
616.114106 -126.195122
616.114115 -126.600471
616.114125 -127.042740
616.114135 -127.555893
616.114144 -128.184616
616.114154 -128.980637
616.114163 -129.999283
616.114173 -131.287399
616.114183 -132.846008
616.114192 -134.505371
616.114202 -135.544968
616.114212 -134.278275
616.114221 -132.704590
616.114231 -131.323822
616.114240 -130.265213
616.114250 -129.528381
616.114260 -129.082535
616.114269 -128.892212
616.114279 -128.879898
616.114288 -128.925095
616.114298 -129.149582
616.114308 -129.534927
616.114317 -130.048203
616.114327 -130.653595
616.114337 -131.309052
616.114346 -131.966751
616.114356 -132.573563
616.114365 -133.079254
616.114375 -133.449677
616.114385 -133.686920
616.114394 -133.836975
616.114404 -133.986053
616.114413 -134.242477
616.114423 -134.726547
616.114433 -135.567566
616.114442 -136.903534
616.114452 -138.803802
616.114462 -140.272034
616.114471 -137.279373
616.114481 -134.142212
616.114490 -131.581635
616.114500 -129.570572
616.114510 -128.002197
616.114519 -126.791466
616.114529 -125.877144
616.114538 -125.210533
616.114548 -124.767494
616.114558 -124.526146
616.114567 -124.467613
616.114577 -124.472000
616.114587 -124.597542
616.114596 -124.901047
616.114606 -125.387398
616.114615 -126.067886
616.114625 -126.960609
616.114635 -128.089783
616.114644 -129.483521
616.114654 -131.162979
616.114663 -133.105957
616.114673 -135.140137
616.114683 -136.759094
616.114692 -136.818161
616.114702 -136.026093
616.114712 -135.399796
616.114721 -135.093094
616.114731 -135.038742
616.114740 -135.104782
616.114750 -135.351486
616.114760 -135.660492
616.114769 -135.401657
616.114779 -134.528885
616.114788 -133.346619
616.114798 -132.098038
616.114808 -130.938950
616.114817 -129.939178
616.114827 -129.123001
616.114837 -128.494553
616.114846 -128.052917
616.114856 -127.797142
616.114865 -127.728119
616.114875 -127.730453
616.114885 -127.861076
616.114894 -128.204285
616.114904 -128.785049
616.114913 -129.644180
616.114923 -130.841690
616.114933 -132.474915
616.114942 -134.720215
616.114952 -137.821777
616.114962 -141.485016
616.114971 -137.787827
616.114981 -134.491058
616.114990 -132.081879
616.115000 -130.323029
616.115010 -129.047241
616.115019 -128.151047
616.115029 -127.584869
616.115038 -127.316750
616.115048 -127.286194
616.115058 -127.331383
616.115067 -127.624367
616.115077 -128.200714
616.115087 -129.072708
616.115096 -130.257492
616.115106 -131.768173
616.115115 -133.587326
616.115125 -135.588120
616.115135 -137.379166
616.115144 -138.238693
616.115154 -137.682175
616.115163 -137.199463
616.115173 -137.020660
616.115183 -137.020615
616.115192 -137.197968
616.115202 -137.716522
616.115212 -138.531113
616.115221 -139.571609
616.115231 -140.736877
616.115240 -141.891479
616.115250 -142.794434
616.115260 -142.587296
616.115269 -141.073441
616.115279 -139.016479
616.115288 -136.879364
616.115298 -134.913788
616.115308 -133.209579
616.115317 -131.781647
616.115327 -130.614899
616.115337 -129.683136
616.115346 -128.955063
616.115356 -128.397141
616.115365 -127.974388
616.115375 -127.652367
616.115385 -127.398842
616.115394 -127.188133
616.115404 -127.002998
616.115413 -126.837151
616.115423 -126.693787
616.115433 -126.583549
616.115442 -126.520241
616.115452 -126.508766
616.115462 -126.512314
616.115471 -126.572403
616.115481 -126.712807
616.115490 -126.936157
616.115500 -127.239464
616.115510 -127.615318
616.115519 -128.053314
616.115529 -128.544022
616.115538 -129.083405
616.115548 -129.678162
616.115558 -130.347122
616.115567 -131.118744
616.115577 -131.998993
616.115587 -132.968063
616.115596 -133.932495
616.115606 -134.594849
616.115615 -133.807083
616.115625 -132.536469
616.115635 -131.186325
616.115644 -129.973862
616.115654 -128.973694
616.115663 -128.192978
616.115673 -127.609657
616.115683 -127.182991
616.115692 -126.875938
616.115702 -126.642868
616.115712 -126.434631
616.115721 -126.206017
616.115731 -125.922249
616.115740 -125.566162
616.115750 -125.141228
616.115760 -124.669670
616.115769 -124.185837
616.115779 -123.728760
616.115788 -123.335922
616.115798 -123.039864
616.115808 -122.866943
616.115817 -122.829590
616.115827 -122.836266
616.115837 -122.964264
616.115846 -123.264626
616.115856 -123.746803
616.115865 -124.418747
616.115875 -125.286804
616.115885 -126.356445
616.115894 -127.630592
616.115904 -129.108200
616.115913 -130.778046
616.115923 -132.609695
616.115933 -134.528671
616.115942 -136.413483
616.115952 -138.060089
616.115962 -139.197433
616.115971 -139.235977
616.115981 -138.248138
616.115990 -136.912582
616.116000 -135.486038
616.116010 -134.145569
616.116019 -132.990189
616.116029 -132.071106
616.116038 -131.412735
616.116048 -131.028809
616.116058 -130.922607
616.116067 -130.930099
616.116077 -131.129700
616.116087 -131.645279
616.116096 -132.504959
616.116106 -133.749435
616.116115 -135.435776
616.116125 -137.624557
616.116135 -140.275955
616.116144 -142.743057
616.116154 -141.563766
616.116163 -139.580170
616.116173 -137.922714
616.116183 -136.578552
616.116192 -135.483109
616.116202 -134.532639
616.116212 -133.660355
616.116221 -132.838150
616.116231 -132.067581
616.116240 -131.369492
616.116250 -130.771301
616.116260 -130.301651
616.116269 -129.986755
616.116279 -129.851990
616.116288 -129.848755
616.116298 -129.914246
616.116308 -130.204712
616.116317 -130.761703
616.116327 -131.621857
616.116337 -132.812103
616.116346 -134.288528
616.116356 -135.733643
616.116365 -135.234253
616.116375 -133.308212
616.116385 -131.364243
616.116394 -129.714432
616.116404 -128.401886
616.116413 -127.399254
616.116423 -126.669113
616.116433 -126.176010
616.116442 -125.875412
616.116452 -125.745811
616.116462 -125.728760
616.116471 -125.750778
616.116481 -125.845932
616.116490 -125.978226
616.116500 -126.089111
616.116510 -126.056473
616.116519 -125.884209
616.116529 -125.644066
616.116538 -125.390266
616.116548 -125.179047
616.116558 -125.058777
616.116567 -125.042458
616.116577 -125.066559
616.116587 -125.223709
616.116596 -125.546921
616.116606 -126.051460
616.116615 -126.737206
616.116625 -127.592979
616.116635 -128.590942
616.116644 -129.682068
616.116654 -130.793076
616.116663 -131.836426
616.116673 -132.732285
616.116683 -133.435272
616.116692 -133.935471
616.116702 -134.219955
616.116712 -134.233322
616.116721 -134.035797
616.116731 -133.785965
616.116740 -133.561691
616.116750 -133.431122
616.116760 -133.412567
616.116769 -133.441223
616.116779 -133.619843
616.116788 -133.978287
616.116798 -134.517395
616.116808 -135.227203
616.116817 -136.086334
616.116827 -137.053787
616.116837 -138.059464
616.116846 -138.995377
616.116856 -139.731232
616.116865 -140.162827
616.116875 -140.118805
616.116885 -139.800430
616.116894 -139.388763
616.116904 -138.925476
616.116913 -138.434586
616.116923 -137.935715
616.116933 -137.453064
616.116942 -137.015213
616.116952 -136.653717
616.116962 -136.397736
616.116971 -136.275543
616.116981 -136.262299
616.116990 -136.311951
616.117000 -136.532715
616.117010 -136.963852
616.117019 -137.615372
616.117029 -138.491028
616.117038 -139.534973
616.117048 -140.475861
616.117058 -139.779327
616.117067 -138.043625
616.117077 -136.160675
616.117087 -134.470505
616.117096 -133.073227
616.117106 -131.978134
616.117115 -131.171753
616.117125 -130.637512
616.117135 -130.364349
616.117144 -130.316452
616.117154 -130.347275
616.117163 -130.589767
616.117173 -131.103149
616.117183 -131.909790
616.117192 -133.042709
616.117202 -134.543198
616.117212 -136.432205
616.117221 -138.584122
616.117231 -140.319092
616.117240 -138.779282
616.117250 -136.850632
616.117260 -135.141968
616.117269 -133.722702
616.117279 -132.538116
616.117288 -131.523483
616.117298 -130.633255
616.117308 -129.844650
616.117317 -129.156570
616.117327 -128.582733
616.117337 -128.146240
616.117346 -127.874252
616.117356 -127.788422
616.117365 -127.796303
616.117375 -127.943108
616.117385 -128.341080
616.117394 -128.997147
616.117404 -129.928528
616.117413 -131.054031
616.117423 -132.078400
616.117433 -131.652435
616.117442 -130.192520
616.117452 -128.629898
616.117462 -127.269371
616.117471 -126.196838
616.117481 -125.413368
616.117490 -124.880630
616.117500 -124.578629
616.117510 -124.466469
616.117519 -124.468964
616.117529 -124.515839
616.117538 -124.668167
616.117548 -124.881615
616.117558 -125.114685
616.117567 -125.337509
616.117577 -125.538910
616.117587 -125.726700
616.117596 -125.923630
616.117606 -126.158524
616.117615 -126.460434
616.117625 -126.848877
616.117635 -127.340218
616.117644 -127.952713
616.117654 -128.688843
616.117663 -129.539780
616.117673 -130.482117
616.117683 -131.473038
616.117692 -132.449707
616.117702 -133.335571
616.117712 -134.056580
616.117721 -134.554871
616.117731 -134.682617
616.117740 -134.277039
616.117750 -133.596512
616.117760 -132.732590
616.117769 -131.805634
616.117779 -130.927582
616.117788 -130.180634
616.117798 -129.619492
616.117808 -129.269775
616.117817 -129.164902
616.117827 -129.166275
616.117837 -129.333115
616.117846 -129.795776
616.117856 -130.589188
616.117865 -131.763962
616.117875 -133.391342
616.117885 -135.557465
616.117894 -138.258133
616.117904 -140.791351
616.117913 -139.010803
616.117923 -136.919495
616.117933 -135.355576
616.117942 -134.298431
616.117952 -133.641907
616.117962 -133.287003
616.117971 -133.145309
616.117981 -133.106567
616.117990 -133.127380
616.118000 -133.185760
616.118010 -133.239456
616.118019 -133.271530
616.118029 -133.288895
616.118038 -133.310852
616.118048 -133.350586
616.118058 -133.407684
616.118067 -133.483994
616.118077 -133.558609
616.118087 -133.558777
616.118096 -133.383286
616.118106 -133.049057
616.118115 -132.549423
616.118125 -131.905655
616.118135 -131.169205
616.118144 -130.408691
616.118154 -129.692688
616.118163 -129.078934
616.118173 -128.609711
616.118183 -128.304413
616.118192 -128.175476
616.118202 -128.168335
616.118212 -128.224915
616.118221 -128.428513
616.118231 -128.737762
616.118240 -129.076187
616.118250 -129.352600
616.118260 -129.490768
616.118269 -129.427002
616.118279 -129.380188
616.118288 -129.391464
616.118298 -129.503464
616.118308 -129.860123
616.118317 -130.540390
616.118327 -131.627075
616.118337 -133.256058
616.118346 -135.596878
616.118356 -138.765671
616.118365 -140.132660
616.118375 -136.798737
616.118385 -134.115372
616.118394 -132.167542
616.118404 -130.763092
616.118413 -129.759399
616.118423 -129.064316
616.118433 -128.616196
616.118442 -128.372910
616.118452 -128.300812
616.118462 -128.302200
616.118471 -128.371704
616.118481 -128.551270
616.118490 -128.817596
616.118500 -129.134308
616.118510 -129.459854
616.118519 -129.751831
616.118529 -129.976181
616.118538 -130.117477
616.118548 -130.183594
616.118558 -130.198761
616.118567 -130.218201
616.118577 -130.259705
616.118587 -130.356323
616.118596 -130.520554
616.118606 -130.749039
616.118615 -131.021057
616.118625 -131.298584
616.118635 -131.528442
616.118644 -131.593369
616.118654 -131.318787
616.118663 -130.806595
616.118673 -130.079361
616.118683 -129.196045
616.118692 -128.234131
616.118702 -127.270996
616.118712 -126.369820
616.118721 -125.576149
616.118731 -124.918304
616.118740 -124.411377
616.118750 -124.059799
616.118760 -123.860008
616.118769 -123.797615
616.118779 -123.797806
616.118788 -123.856209
616.118798 -124.014854
616.118808 -124.244766
616.118817 -124.512390
616.118827 -124.783165
616.118837 -125.026299
616.118846 -125.221222
616.118856 -125.362579
616.118865 -125.461945
616.118875 -125.544800
616.118885 -125.645653
616.118894 -125.802864
616.118904 -126.052605
616.118913 -126.424332
616.118923 -126.959679
616.118933 -127.686684
616.118942 -128.621506
616.118952 -129.747284
616.118962 -130.964630
616.118971 -132.005997
616.118981 -132.047638
616.118990 -131.074707
616.119000 -129.953186
616.119010 -128.944077
616.119019 -128.145584
616.119029 -127.578224
616.119038 -127.232773
616.119048 -127.090446
616.119058 -127.082214
616.119067 -127.128944
616.119077 -127.317490
616.119087 -127.623978
616.119096 -128.017120
616.119106 -128.448196
616.119115 -128.858109
616.119125 -129.183472
616.119135 -129.374313
616.119144 -129.314545
616.119154 -129.132492
616.119163 -128.917114
616.119173 -128.707550
616.119183 -128.516388
616.119192 -128.365311
616.119202 -128.245285
616.119212 -128.137924
616.119221 -128.024536
616.119231 -127.893845
616.119240 -127.749557
616.119250 -127.611580
616.119260 -127.513466
616.119269 -127.478882
616.119279 -127.496140
616.119288 -127.603752
616.119298 -127.881104
616.119308 -128.376175
616.119317 -129.144714
616.119327 -130.259583
616.119337 -131.825058
616.119346 -133.991821
616.119356 -136.895599
616.119365 -139.315125
616.119375 -136.047501
616.119385 -133.122971
616.119394 -130.929276
616.119404 -129.313873
616.119413 -128.142166
616.119423 -127.328651
616.119433 -126.820824
616.119442 -126.587677
616.119452 -126.566292
616.119462 -126.612495
616.119471 -126.888458
616.119481 -127.416679
616.119490 -128.205917
616.119500 -129.272797
616.119510 -130.643829
616.119519 -132.358551
616.119529 -134.476959
616.119538 -137.097534
616.119548 -140.383133
616.119558 -144.651764
616.119567 -150.589355
616.119577 -156.266556
616.119587 -152.835922
616.119596 -151.476196
616.119606 -151.352310
616.119615 -151.574921
616.119625 -153.172989
616.119635 -157.743881
616.119644 -153.079559
616.119654 -146.295013
616.119663 -141.935669
616.119673 -138.763657
616.119683 -136.366425
616.119692 -134.557739
616.119702 -133.237396
616.119712 -132.348160
616.119721 -131.854538
616.119731 -131.722275
616.119740 -131.734055
616.119750 -131.967865
616.119760 -132.529221
616.119769 -133.363083
616.119779 -134.350006
616.119788 -135.266602
616.119798 -135.825882
616.119808 -135.553833
616.119817 -135.116531
616.119827 -134.759583
616.119837 -134.560532
616.119846 -134.532074
616.119856 -134.569717
616.119865 -134.820694
616.119875 -135.347031
616.119885 -136.188217
616.119894 -137.357178
616.119904 -138.744003
616.119913 -138.655350
616.119923 -136.256104
616.119933 -133.702026
616.119942 -131.515884
616.119952 -129.765778
616.119962 -128.414719
616.119971 -127.416931
616.119981 -126.735565
616.119990 -126.344940
616.120000 -126.224442
616.120010 -126.229446
616.120019 -126.383751
616.120029 -126.811722
616.120038 -127.530861
616.120048 -128.576599
616.120058 -130.013412
616.120067 -131.955231
616.120077 -134.604233
616.120087 -138.259262
616.120096 -141.116501
616.120106 -137.116562
616.120115 -134.049301
616.120125 -131.837738
616.120135 -130.189423
616.120144 -128.919220
616.120154 -127.904686
616.120163 -127.060524
616.120173 -126.337830
616.120183 -125.691917
616.120192 -125.092491
616.120202 -124.523682
616.120212 -123.983994
616.120221 -123.483093
616.120231 -123.038246
616.120240 -122.669044
616.120250 -122.394279
616.120260 -122.229134
616.120269 -122.182449
616.120279 -122.184494
616.120288 -122.265709
616.120298 -122.471802
616.120308 -122.785286
616.120317 -123.197937
616.120327 -123.684189
616.120337 -124.209183
616.120346 -124.732399
616.120356 -125.215126
616.120365 -125.628853
616.120375 -125.961319
616.120385 -126.213882
616.120394 -126.381142
616.120404 -126.477348
616.120413 -126.489113
616.120423 -126.420921
616.120433 -126.329475
616.120442 -126.245514
616.120452 -126.201233
616.120462 -126.197037
616.120471 -126.224648
616.120481 -126.334419
616.120490 -126.530365
616.120500 -126.822304
616.120510 -127.206802
616.120519 -127.675140
616.120529 -128.219284
616.120538 -128.834076
616.120548 -129.519196
616.120558 -130.277496
616.120567 -131.102600
616.120577 -131.989792
616.120587 -132.927551
616.120596 -133.870544
616.120606 -134.738998
616.120615 -135.423172
616.120625 -135.822327
616.120635 -135.702866
616.120644 -135.337204
616.120654 -134.901443
616.120663 -134.464828
616.120673 -134.066422
616.120683 -133.721848
616.120692 -133.431625
616.120702 -133.186081
616.120712 -132.967285
616.120721 -132.750854
616.120731 -132.497238
616.120740 -132.189438
616.120750 -131.810699
616.120760 -131.356781
616.120769 -130.842041
616.120779 -130.296249
616.120788 -129.758514
616.120798 -129.268768
616.120808 -128.862488
616.120817 -128.567673
616.120827 -128.404251
616.120837 -128.373352
616.120846 -128.384201
616.120856 -128.504791
616.120865 -128.758743
616.120875 -129.125702
616.120885 -129.555634
616.120894 -129.958618
616.120904 -130.144608
616.120913 -129.722443
616.120923 -128.996567
616.120933 -128.110443
616.120942 -127.204315
616.120952 -126.373337
616.120962 -125.668091
616.120971 -125.109138
616.120981 -124.698738
616.120990 -124.428818
616.121000 -124.284821
616.121010 -124.246063
616.121019 -124.249123
616.121029 -124.302498
616.121038 -124.426910
616.121048 -124.607506
616.121058 -124.835899
616.121067 -125.111397
616.121077 -125.443008
616.121087 -125.848526
616.121096 -126.353271
616.121106 -126.982010
616.121115 -127.779854
616.121125 -128.787155
616.121135 -130.041870
616.121144 -131.560425
616.121154 -133.278915
616.121163 -134.898026
616.121173 -135.350983
616.121183 -134.158035
616.121192 -132.846680
616.121202 -131.727509
616.121212 -130.872009
616.121221 -130.269638
616.121231 -129.891830
616.121240 -129.710892
616.121250 -129.687714
616.121260 -129.707108
616.121269 -129.864258
616.121279 -130.193451
616.121288 -130.713562
616.121298 -131.465408
616.121308 -132.520721
616.121317 -134.007126
616.121327 -136.166107
616.121337 -139.523361
616.121346 -145.790802
616.121356 -141.766510
616.121365 -136.636047
616.121375 -133.413361
616.121385 -131.135483
616.121394 -129.444107
616.121404 -128.169571
616.121413 -127.213776
616.121423 -126.516502
616.121433 -126.035660
616.121442 -125.738411
616.121452 -125.597084
616.121462 -125.573128
616.121471 -125.585533
616.121481 -125.678154
616.121490 -125.848083
616.121500 -126.068901
616.121510 -126.315147
616.121519 -126.565445
616.121529 -126.804596
616.121538 -127.026314
616.121548 -127.233444
616.121558 -127.438019
616.121567 -127.658455
616.121577 -127.913895
616.121587 -128.227341
616.121596 -128.624619
616.121606 -129.120224
616.121615 -129.714050
616.121625 -130.375793
616.121635 -131.022430
616.121644 -131.499207
616.121654 -131.259445
616.121663 -130.512680
616.121673 -129.570267
616.121683 -128.612366
616.121692 -127.748085
616.121702 -127.026367
616.121712 -126.456795
616.121721 -126.017220
616.121731 -125.698029
616.121740 -125.462418
616.121750 -125.265610
616.121760 -125.060608
616.121769 -124.809334
616.121779 -124.494217
616.121788 -124.124756
616.121798 -123.733383
616.121808 -123.364059
616.121817 -123.060783
616.121827 -122.860428
616.121837 -122.783478
616.121846 -122.790565
616.121856 -122.869873
616.121865 -123.108208
616.121875 -123.506622
616.121885 -124.054657
616.121894 -124.723099
616.121904 -125.453690
616.121913 -126.148880
616.121923 -126.679825
616.121933 -126.873146
616.121942 -126.617348
616.121952 -126.262794
616.121962 -125.941818
616.121971 -125.733803
616.121981 -125.676430
616.121990 -125.689674
616.122000 -125.829033
616.122010 -126.164864
616.122019 -126.703712
616.122029 -127.451172
616.122038 -128.417221
616.122048 -129.621750
616.122058 -131.104523
616.122067 -132.938538
616.122077 -135.241806
616.122087 -138.104294
616.122096 -140.387238
616.122106 -137.190750
616.122115 -134.111282
616.122125 -131.656616
616.122135 -129.728027
616.122144 -128.212784
616.122154 -127.035301
616.122163 -126.147079
616.122173 -125.512009
616.122183 -125.113930
616.122192 -124.938103
616.122202 -124.924675
616.122212 -124.972229
616.122221 -125.205185
616.122231 -125.625099
616.122240 -126.218063
616.122250 -126.965546
616.122260 -127.842133
616.122269 -128.812668
616.122279 -129.831039
616.122288 -130.840149
616.122298 -131.777740
616.122308 -132.587357
616.122317 -133.233902
616.122327 -133.714233
616.122337 -134.059372
616.122346 -134.321640
616.122356 -134.563705
616.122365 -134.856155
616.122375 -135.258530
616.122385 -135.823059
616.122394 -136.600433
616.122404 -137.643326
616.122413 -139.016876
616.122423 -140.806015
616.122433 -143.125031
616.122442 -146.060104
616.122452 -149.160645
616.122462 -147.712723
616.122471 -145.112122
616.122481 -142.929535
616.122490 -141.080582
616.122500 -139.454391
616.122510 -137.963440
616.122519 -136.584579
616.122529 -135.335419
616.122538 -134.245987
616.122548 -133.345139
616.122558 -132.654312
616.122567 -132.189896
616.122577 -131.965042
616.122587 -131.934738
616.122596 -131.995010
616.122606 -132.299866
616.122615 -132.911026
616.122625 -133.880463
616.122635 -135.294693
616.122644 -137.260788
616.122654 -139.904129
616.122663 -142.789948
616.122673 -139.688202
616.122683 -136.500336
616.122692 -133.999405
616.122702 -132.043854
616.122712 -130.527924
616.122721 -129.346115
616.122731 -128.425674
616.122740 -127.712601
616.122750 -127.161674
616.122760 -126.733467
616.122769 -126.391937
616.122779 -126.106400
616.122788 -125.852715
616.122798 -125.615829
616.122808 -125.389442
616.122817 -125.174408
616.122827 -124.975639
616.122837 -124.799080
616.122846 -124.650032
616.122856 -124.532333
616.122865 -124.449554
616.122875 -124.406288
616.122885 -124.391853
616.122894 -124.410240
616.122904 -124.472969
616.122913 -124.611336
616.122923 -124.847633
616.122933 -125.209961
616.122942 -125.732422
616.122952 -126.456932
616.122962 -127.435966
616.122971 -128.738983
616.122981 -130.461014
616.122990 -132.728271
616.123000 -135.624359
616.123010 -138.535370
616.123019 -136.180496
616.123029 -133.643509
616.123038 -131.719376
616.123048 -130.317245
616.123058 -129.304001
616.123067 -128.578049
616.123077 -128.063980
616.123087 -127.697945
616.123096 -127.444305
616.123106 -127.276276
616.123115 -127.175964
616.123125 -127.136917
616.123135 -127.142410
616.123144 -127.181854
616.123154 -127.315758
616.123163 -127.575371
616.123173 -128.002808
616.123183 -128.653610
616.123192 -129.604935
616.123202 -130.974625
616.123212 -132.970917
616.123221 -136.043243
616.123231 -141.573578
616.123240 -142.137772
616.123250 -135.910156
616.123260 -132.438583
616.123269 -130.138229
616.123279 -128.526520
616.123288 -127.391312
616.123298 -126.619270
616.123308 -126.137932
616.123317 -125.896034
616.123327 -125.848366
616.123337 -125.859375
616.123346 -125.992790
616.123356 -126.260529
616.123365 -126.625328
616.123375 -127.048973
616.123385 -127.496017
616.123394 -127.938568
616.123404 -128.362503
616.123413 -128.768875
616.123423 -129.172073
616.123433 -129.592987
616.123442 -130.048019
616.123452 -130.538788
616.123462 -131.073975
616.123471 -131.624664
616.123481 -132.126190
616.123490 -132.475632
616.123500 -132.289307
616.123510 -131.698410
616.123519 -130.885605
616.123529 -129.976288
616.123538 -129.071609
616.123548 -128.238998
616.123558 -127.520149
616.123567 -126.942352
616.123577 -126.526039
616.123587 -126.289948
616.123596 -126.242195
616.123606 -126.253716
616.123615 -126.440331
616.123625 -126.880180
616.123635 -127.612099
616.123644 -128.690231
616.123654 -130.196854
616.123663 -132.266403
616.123673 -135.148529
616.123683 -139.380875
616.123692 -146.163589
616.123702 -142.582169
616.123712 -139.412064
616.123721 -137.740143
616.123731 -136.934708
616.123740 -136.614517
616.123750 -136.499786
616.123760 -136.352234
616.123769 -136.020554
616.123779 -135.512161
616.123788 -134.986038
616.123798 -134.591919
616.123808 -134.430038
616.123817 -134.428970
616.123827 -134.529755
616.123837 -134.915634
616.123846 -135.573593
616.123856 -136.430542
616.123865 -137.335632
616.123875 -138.055923
616.123885 -138.264267
616.123894 -137.896301
616.123904 -137.468292
616.123913 -137.084167
616.123923 -136.752380
616.123933 -136.404846
616.123942 -135.967728
616.123952 -135.380981
616.123962 -134.615784
616.123971 -133.690201
616.123981 -132.653397
616.123990 -131.560989
616.124000 -130.480286
616.124010 -129.456116
616.124019 -128.520828
616.124029 -127.694763
616.124038 -126.988358
616.124048 -126.402863
616.124058 -125.932266
616.124067 -125.563683
616.124077 -125.279327
616.124087 -125.055885
616.124096 -124.870796
616.124106 -124.705734
616.124115 -124.545547
616.124125 -124.382919
616.124135 -124.220253
616.124144 -124.068932
616.124154 -123.947823
616.124163 -123.879051
616.124173 -123.870750
616.124183 -123.886261
616.124192 -123.995979
616.124202 -124.230721
616.124212 -124.610184
616.124221 -125.151489
616.124231 -125.868263
616.124240 -126.770111
616.124250 -127.859474
616.124260 -129.125229
616.124269 -130.527756
616.124279 -131.975159
616.124288 -133.296829
616.124298 -134.265198
616.124308 -134.711273
616.124317 -134.419205
616.124327 -134.022156
616.124337 -133.622971
616.124346 -133.266556
616.124356 -132.975098
616.124365 -132.767456
616.124375 -132.669556
616.124385 -132.648697
616.124394 -132.712280
616.124404 -132.928406
616.124413 -133.344788
616.124423 -133.972473
616.124433 -134.778366
616.124442 -135.631027
616.124452 -136.163422
616.124462 -135.322571
616.124471 -134.019150
616.124481 -132.636795
616.124490 -131.388870
616.124500 -130.356277
616.124510 -129.558655
616.124519 -128.996216
616.124529 -128.665161
616.124538 -128.565384
616.124548 -128.566162
616.124558 -128.707245
616.124567 -129.106506
616.124577 -129.796982
616.124587 -130.835205
616.124596 -132.316681
616.124606 -134.395523
616.124615 -137.394470
616.124625 -141.944260
616.124635 -142.604645
616.124644 -138.083786
616.124654 -135.166351
616.124663 -133.200943
616.124673 -131.833344
616.124683 -130.878860
616.124692 -130.226730
616.124702 -129.796280
616.124712 -129.523941
616.124721 -129.355377
616.124731 -129.240677
616.124740 -129.134369
616.124750 -128.996170
616.124760 -128.794540
616.124769 -128.509735
616.124779 -128.136368
616.124788 -127.682846
616.124798 -127.169029
616.124808 -126.621735
616.124817 -126.070122
616.124827 -125.542412
616.124837 -125.063698
616.124846 -124.654900
616.124856 -124.332886
616.124865 -124.110588
616.124875 -123.997116
616.124885 -123.981781
616.124894 -123.997917
616.124904 -124.114113
616.124913 -124.341293
616.124923 -124.668358
616.124933 -125.075256
616.124942 -125.531197
616.124952 -125.994843
616.124962 -126.418755
616.124971 -126.759689
616.124981 -126.992294
616.124990 -127.119606
616.125000 -127.171730
616.125010 -127.196007
616.125019 -127.243698
616.125029 -127.355942
616.125038 -127.572388
616.125048 -127.931320
616.125058 -128.455017
616.125067 -129.155014
616.125077 -130.024918
616.125087 -131.028046
616.125096 -132.077347
616.125106 -133.027161
616.125115 -133.715088
616.125125 -134.071701
616.125135 -134.189713
616.125144 -134.257111
616.125154 -134.446121
616.125163 -134.857819
616.125173 -135.491272
616.125183 -136.309357
616.125192 -137.047104
616.125202 -136.473221
616.125212 -135.077103
616.125221 -133.520126
616.125231 -132.098511
616.125240 -130.916718
616.125250 -129.993668
616.125260 -129.318802
616.125269 -128.873871
616.125279 -128.638763
616.125288 -128.580841
616.125298 -128.593277
616.125308 -128.715820
616.125317 -128.982788
616.125327 -129.367966
616.125337 -129.843414
616.125346 -130.380051
616.125356 -130.950302
616.125365 -131.527557
616.125375 -132.085312
616.125385 -132.586166
616.125394 -132.979141
616.125404 -133.238449
616.125413 -133.278748
616.125423 -133.105057
616.125433 -132.874756
616.125442 -132.619247
616.125452 -132.385025
616.125462 -132.171021
616.125471 -131.944550
616.125481 -131.659500
616.125490 -131.279633
616.125500 -130.802628
616.125510 -130.264435
616.125519 -129.724915
616.125529 -129.244766
616.125538 -128.872879
616.125548 -128.641281
616.125558 -128.561691
616.125567 -128.567902
616.125577 -128.660461
616.125587 -128.919769
616.125596 -129.343842
616.125606 -129.931244
616.125615 -130.684036
616.125625 -131.610840
616.125635 -132.728424
616.125644 -134.061523
616.125654 -135.638626
616.125663 -137.477020
616.125673 -139.541290
616.125683 -141.639496
616.125692 -143.285446
616.125702 -143.559036
616.125712 -142.764343
616.125721 -141.857559
616.125731 -140.916046
616.125740 -139.996613
616.125750 -139.117661
616.125760 -138.315994
616.125769 -137.595886
616.125779 -136.950882
616.125788 -136.327225
616.125798 -135.623184
616.125808 -134.742157
616.125817 -133.656967
616.125827 -132.428528
616.125837 -131.163910
616.125846 -129.961823
616.125856 -128.888626
616.125865 -127.979370
616.125875 -127.247528
616.125885 -126.693077
616.125894 -126.304878
616.125904 -126.065804
616.125913 -125.962898
616.125923 -125.954628
616.125933 -125.975426
616.125942 -126.075905
616.125952 -126.238441
616.125962 -126.438354
616.125971 -126.657372
616.125981 -126.886719
616.125990 -127.129936
616.126000 -127.401794
616.126010 -127.727318
616.126019 -128.138611
616.126029 -128.674286
616.126038 -129.379059
616.126048 -130.305649
616.126058 -131.516586
616.126067 -133.082916
616.126077 -135.058151
616.126087 -137.337845
616.126096 -139.106537
616.126106 -137.454681
616.126115 -135.650070
616.126125 -134.249573
616.126135 -133.310181
616.126144 -132.786819
616.126154 -132.619476
616.126163 -132.628876
616.126173 -132.799973
616.126183 -133.278671
616.126192 -134.064850
616.126202 -135.184372
616.126212 -136.696304
616.126221 -138.644440
616.126231 -141.062790
616.126240 -143.055557
616.126250 -140.589127
616.126260 -138.043350
616.126269 -136.059799
616.126279 -134.638184
616.126288 -133.702744
616.126298 -133.196289
616.126308 -133.073425
616.126317 -133.082245
616.126327 -133.352737
616.126337 -134.014008
616.126346 -135.097412
616.126356 -136.672806
616.126365 -138.884277
616.126375 -142.050430
616.126385 -147.062698
616.126394 -153.004517
616.126404 -145.846008
616.126413 -142.165619
616.126423 -139.741745
616.126433 -137.957886
616.126442 -136.561905
616.126452 -135.440338
616.126462 -134.546768
616.126471 -133.870758
616.126481 -133.425217
616.126490 -133.238831
616.126500 -133.235687
616.126510 -133.356689
616.126519 -133.843307
616.126529 -134.798874
616.126538 -136.389603
616.126548 -138.913406
616.126558 -142.775482
616.126567 -141.486908
616.126577 -137.158447
616.126587 -134.110977
616.126596 -131.915588
616.126606 -130.290939
616.126615 -129.077652
616.126625 -128.179626
616.126635 -127.534950
616.126644 -127.101860
616.126654 -126.851227
616.126663 -126.759430
616.126673 -126.758339
616.126683 -126.812927
616.126692 -127.000656
616.126702 -127.310921
616.126712 -127.731087
616.126721 -128.244537
616.126731 -128.829010
616.126740 -129.453476
616.126750 -130.077530
616.126760 -130.649704
616.126769 -131.107285
616.126779 -131.406418
616.126788 -131.432663
616.126798 -131.192047
616.126808 -130.849762
616.126817 -130.463470
616.126827 -130.093277
616.126837 -129.787613
616.126846 -129.575790
616.126856 -129.474731
616.126865 -129.458694
616.126875 -129.490616
616.126885 -129.621887
616.126894 -129.860504
616.126904 -130.193375
616.126913 -130.601425
616.126923 -131.058121
616.126933 -131.525253
616.126942 -131.949554
616.126952 -132.262177
616.126962 -132.285797
616.126971 -131.944183
616.126981 -131.415726
616.126990 -130.778534
616.127000 -130.110474
616.127010 -129.472153
616.127019 -128.905396
616.127029 -128.436005
616.127038 -128.080124
616.127048 -127.847565
616.127058 -127.745720
616.127067 -127.736061
616.127077 -127.781036
616.127087 -127.961014
616.127096 -128.295090
616.127106 -128.797287
616.127115 -129.487228
616.127125 -130.394226
616.127135 -131.561356
616.127144 -133.052307
616.127154 -134.953598
616.127163 -137.336716
616.127173 -139.935364
616.127183 -139.150208
616.127192 -136.344299
616.127202 -133.898422
616.127212 -131.931641
616.127221 -130.361374
616.127231 -129.107803
616.127240 -128.107697
616.127250 -127.336372
616.127260 -126.771240
616.127269 -126.399269
616.127279 -126.214989
616.127288 -126.189102
616.127298 -126.217857
616.127308 -126.411476
616.127317 -126.801178
616.127327 -127.392860
616.127337 -128.187363
616.127346 -129.169983
616.127356 -130.286179
616.127365 -131.399704
616.127375 -132.254532
616.127385 -132.221924
616.127394 -131.462433
616.127404 -130.561584
616.127413 -129.696808
616.127423 -128.937698
616.127433 -128.281494
616.127442 -127.718758
616.127452 -127.229546
616.127462 -126.787338
616.127471 -126.373070
616.127481 -125.979469
616.127490 -125.611244
616.127500 -125.283638
616.127510 -125.018379
616.127519 -124.840294
616.127529 -124.773842
616.127538 -124.773834
616.127548 -124.842323
616.127558 -125.057022
616.127567 -125.442215
616.127577 -126.011139
616.127587 -126.770264
616.127596 -127.716728
616.127606 -128.830978
616.127615 -130.067093
616.127625 -131.342270
616.127635 -132.540115
616.127644 -133.546951
616.127654 -134.312592
616.127663 -134.875198
616.127673 -135.309067
616.127683 -135.623871
616.127692 -135.857605
616.127702 -135.939713
616.127712 -135.804565
616.127721 -135.655731
616.127731 -135.582153
616.127740 -135.597778
616.127750 -135.722122
616.127760 -136.081009
616.127769 -136.695236
616.127779 -137.523758
616.127788 -138.398071
616.127798 -138.674103
616.127808 -137.556534
616.127817 -136.002914
616.127827 -134.407471
616.127837 -132.956131
616.127846 -131.705093
616.127856 -130.661499
616.127865 -129.816711
616.127875 -129.159683
616.127885 -128.679672
616.127894 -128.368011
616.127904 -128.217484
616.127913 -128.199265
616.127923 -128.223312
616.127933 -128.382263
616.127942 -128.693512
616.127952 -129.157776
616.127962 -129.776230
616.127971 -130.545731
616.127981 -131.450775
616.127990 -132.446350
616.128000 -133.432358
616.128010 -134.233170
616.128019 -134.551788
616.128029 -134.068130
616.128038 -133.400482
616.128048 -132.729950
616.128058 -132.162476
616.128067 -131.746933
616.128077 -131.502090
616.128087 -131.430130
616.128096 -131.432358
616.128106 -131.537964
616.128115 -131.818069
616.128125 -132.274612
616.128135 -132.912231
616.128144 -133.739273
616.128154 -134.762909
616.128163 -135.957291
616.128173 -137.288666
616.128183 -138.610550
616.128192 -139.583908
616.128202 -139.042191
616.128212 -137.788864
616.128221 -136.416061
616.128231 -135.141724
616.128240 -134.032089
616.128250 -133.115433
616.128260 -132.389343
616.128269 -131.833359
616.128279 -131.417648
616.128288 -131.101273
616.128298 -130.830322
616.128308 -130.541245
616.128317 -130.171646
616.128327 -129.679916
616.128337 -129.061050
616.128346 -128.348160
616.128356 -127.596710
616.128365 -126.866051
616.128375 -126.206932
616.128385 -125.658867
616.128394 -125.251289
616.128404 -125.007545
616.128413 -124.944466
616.128423 -124.947975
616.128433 -125.091652
616.128442 -125.463554
616.128452 -126.096741
616.128462 -127.036392
616.128471 -128.352005
616.128481 -130.157333
616.128490 -132.649521
616.128500 -136.155594
616.128510 -140.559494
616.128519 -136.512650
616.128529 -133.258453
616.128538 -130.986435
616.128548 -129.345398
616.128558 -128.127426
616.128567 -127.212448
616.128577 -126.509903
616.128587 -125.955482
616.128596 -125.501816
616.128606 -125.116692
616.128615 -124.781067
616.128625 -124.488510
616.128635 -124.242043
616.128644 -124.050919
616.128654 -123.926552
616.128663 -123.878136
616.128673 -123.875984
616.128683 -123.920609
616.128692 -124.054413
616.128702 -124.285515
616.128712 -124.616333
616.128721 -125.048195
616.128731 -125.581940
616.128740 -126.217804
616.128750 -126.946983
616.128760 -127.766434
616.128769 -128.664673
616.128779 -129.613159
616.128788 -130.562561
616.128798 -131.442200
616.128808 -132.171982
616.128817 -132.693085
616.128827 -132.995270
616.128837 -133.118591
616.128846 -133.041519
616.128856 -132.925629
616.128865 -132.808731
616.128875 -132.722855
616.128885 -132.696945
616.128894 -132.712738
616.128904 -132.836853
616.128913 -133.158325
616.128923 -133.701843
616.128933 -134.507416
616.128942 -135.486359
616.128952 -136.207184
616.128962 -135.016449
616.128971 -133.225357
616.128981 -131.431427
616.128990 -129.876617
616.129000 -128.607681
616.129010 -127.605309
616.129019 -126.832336
616.129029 -126.249016
616.129038 -125.816444
616.129048 -125.498123
616.129058 -125.260147
616.129067 -125.072632
616.129077 -124.910553
616.129087 -124.755318
616.129096 -124.595581
616.129106 -124.427872
616.129115 -124.255737
616.129125 -124.088943
616.129135 -123.941307
616.129144 -123.829216
616.129154 -123.769356
616.129163 -123.764290
616.129173 -123.779655
616.129183 -123.875526
616.129192 -124.073105
616.129202 -124.388023
616.129212 -124.836639
616.129221 -125.436470
616.129231 -126.207710
616.129240 -127.174606
616.129250 -128.368851
616.129260 -129.834167
616.129269 -131.636734
616.129279 -133.881760
616.129288 -136.739487
616.129298 -140.393692
616.129308 -143.067963
616.129317 -139.579681
616.129327 -136.667480
616.129337 -134.442642
616.129346 -132.689224
616.129356 -131.257156
616.129365 -130.055847
616.129375 -129.030548
616.129385 -128.150711
616.129394 -127.401855
616.129404 -126.782158
616.129413 -126.300880
616.129423 -125.975853
616.129433 -125.824471
616.129442 -125.816757
616.129452 -125.873131
616.129462 -126.148773
616.129471 -126.681602
616.129481 -127.504128
616.129490 -128.648438
616.129500 -130.130722
616.129510 -131.896622
616.129519 -133.662079
616.129529 -134.482849
616.129538 -133.392059
616.129548 -132.186584
616.129558 -131.202423
616.129567 -130.498978
616.129577 -130.040878
616.129587 -129.764267
616.129596 -129.592163
616.129606 -129.456741
616.129615 -129.291550
616.129625 -129.044159
616.129635 -128.699631
616.129644 -128.272125
616.129654 -127.795128
616.129663 -127.309669
616.129673 -126.853539
616.129683 -126.457367
616.129692 -126.142662
616.129702 -125.923157
616.129712 -125.802353
616.129721 -125.779030
616.129731 -125.785789
616.129740 -125.869682
616.129750 -126.045425
616.129760 -126.300476
616.129769 -126.618675
616.129779 -126.981468
616.129788 -127.369118
616.129798 -127.763077
616.129808 -128.147827
616.129817 -128.517746
616.129827 -128.876785
616.129837 -129.235748
616.129846 -129.616989
616.129856 -130.049484
616.129865 -130.562057
616.129875 -131.177185
616.129885 -131.900375
616.129894 -132.705673
616.129904 -133.515167
616.129913 -134.190704
616.129923 -134.573563
616.129933 -134.310196
616.129942 -133.896744
616.129952 -133.484375
616.129962 -133.115341
616.129971 -132.808014
616.129981 -132.538956
616.129990 -132.257767
616.130000 -131.926453
616.130010 -131.537781
616.130019 -131.115707
616.130029 -130.700562
616.130038 -130.330826
616.130048 -130.033508
616.130058 -129.819778
616.130067 -129.691727
616.130077 -129.649033
616.130087 -129.658340
616.130096 -129.702713
616.130106 -129.832260
616.130115 -130.056686
616.130125 -130.391907
616.130135 -130.849716
616.130144 -131.439560
616.130154 -132.172684
616.130163 -133.011261
616.130173 -133.846924
616.130183 -134.484299
616.130192 -134.514404
616.130202 -134.065369
616.130212 -133.637726
616.130221 -133.441360
616.130231 -133.440216
616.130240 -133.622192
616.130250 -134.308823
616.130260 -135.675171
616.130269 -138.047058
616.130279 -142.128601
616.130288 -142.856750
616.130298 -137.538788
616.130308 -134.129059
616.130317 -131.785370
616.130327 -130.103882
616.130337 -128.877975
616.130346 -127.985832
616.130356 -127.345642
616.130365 -126.896957
616.130375 -126.590881
616.130385 -126.386589
616.130394 -126.248474
616.130404 -126.146355
616.130413 -126.055199
616.130423 -125.956169
616.130433 -125.836555
616.130442 -125.690575
616.130452 -125.518280
616.130462 -125.324974
616.130471 -125.119667
616.130481 -124.913895
616.130490 -124.720459
616.130500 -124.553108
616.130510 -124.425835
616.130519 -124.353493
616.130529 -124.335350
616.130538 -124.351677
616.130548 -124.437378
616.130558 -124.629227
616.130567 -124.949081
616.130577 -125.423241
616.130587 -126.085533
616.130596 -126.982353
616.130606 -128.178909
616.130615 -129.782898
616.130625 -131.999878
616.130635 -135.259476
616.130644 -140.720886
616.130654 -139.949936
616.130663 -134.662827
616.130673 -131.414017
616.130683 -129.155975
616.130692 -127.495056
616.130702 -126.246918
616.130712 -125.313019
616.130721 -124.635872
616.130731 -124.180077
616.130740 -123.919510
616.130750 -123.844666
616.130760 -123.845436
616.130769 -123.950958
616.130779 -124.233261
616.130788 -124.694214
616.130798 -125.340454
616.130808 -126.184929
616.130817 -127.249374
616.130827 -128.569916
616.130837 -130.206268
616.130846 -132.260468
616.130856 -134.911346
616.130865 -138.446777
616.130875 -142.724411
616.130885 -139.157608
616.130894 -135.816071
616.130904 -133.379105
616.130913 -131.552597
616.130923 -130.148987
616.130933 -129.060867
616.130942 -128.225082
616.130952 -127.598274
616.130962 -127.160583
616.130971 -126.908562
616.130981 -126.836090
616.130990 -126.843452
616.131000 -126.977417
616.131010 -127.332985
616.131019 -127.946838
616.131029 -128.872787
616.131038 -130.190277
616.131048 -132.015671
616.131058 -134.504807
616.131067 -137.682938
616.131077 -138.751999
616.131087 -135.901962
616.131096 -133.666458
616.131106 -132.165161
616.131115 -131.257675
616.131125 -130.834396
616.131135 -130.779831
616.131144 -130.829620
616.131154 -131.206985
616.131163 -131.954025
616.131173 -133.077301
616.131183 -134.598450
616.131192 -136.522919
616.131202 -138.690170
616.131212 -139.814972
616.131221 -137.709763
616.131231 -135.355377
616.131240 -133.265167
616.131250 -131.491714
616.131260 -129.997299
616.131269 -128.743317
616.131279 -127.699867
616.131288 -126.848663
616.131298 -126.180153
616.131308 -125.682976
616.131317 -125.345840
616.131327 -125.154823
616.131337 -125.092697
616.131346 -125.091362
616.131356 -125.137405
616.131365 -125.262329
616.131375 -125.437691
616.131385 -125.634850
616.131394 -125.830673
616.131404 -126.013283
616.131413 -126.184189
616.131423 -126.357841
616.131433 -126.556641
616.131442 -126.806877
616.131452 -127.129753
616.131462 -127.548996
616.131471 -128.094940
616.131481 -128.791840
616.131490 -129.668259
616.131500 -130.761978
616.131510 -132.129333
616.131519 -133.860718
616.131529 -136.118378
616.131538 -139.235123
616.131548 -144.098892
616.131558 -151.899857
616.131567 -143.921036
616.131577 -140.333328
616.131587 -138.295868
616.131596 -137.155655
616.131606 -136.683472
616.131615 -136.658783
616.131625 -136.808578
616.131635 -137.526199
616.131644 -138.941345
616.131654 -141.152313
616.131663 -143.103668
616.131673 -139.615341
616.131683 -136.292999
616.131692 -133.705338
616.131702 -131.720261
616.131712 -130.193741
616.131721 -129.030334
616.131731 -128.177414
616.131740 -127.594147
616.131750 -127.253883
616.131760 -127.134605
616.131769 -127.139671
616.131779 -127.242149
616.131788 -127.556206
616.131798 -128.081711
616.131808 -128.823120
616.131817 -129.789246
616.131827 -130.995026
616.131837 -132.462677
616.131846 -134.225540
616.131856 -136.322815
616.131865 -138.719894
616.131875 -141.238037
616.131885 -142.341476
616.131894 -140.300964
616.131904 -138.141327
616.131913 -136.275085
616.131923 -134.766663
616.131933 -133.596603
616.131942 -132.729187
616.131952 -132.137894
616.131962 -131.801819
616.131971 -131.689499
616.131981 -131.701675
616.131990 -131.814346
616.132000 -132.106140
616.132010 -132.524521
616.132019 -132.991211
616.132029 -133.403564
616.132038 -133.660568
616.132048 -133.555222
616.132058 -133.316559
616.132067 -133.053894
616.132077 -132.828659
616.132087 -132.667068
616.132096 -132.564240
616.132106 -132.495895
616.132115 -132.431763
616.132125 -132.350113
616.132135 -132.249252
616.132144 -132.148575
616.132154 -132.080597
616.132163 -132.069611
616.132173 -132.083664
616.132183 -132.161163
616.132192 -132.294189
616.132202 -132.475632
616.132212 -132.648300
616.132221 -132.721161
616.132231 -132.584839
616.132240 -132.401489
616.132250 -132.267212
616.132260 -132.235519
616.132269 -132.279099
616.132279 -132.522522
616.132288 -133.074417
616.132298 -134.018967
616.132308 -135.470474
616.132317 -137.618851
616.132327 -140.819855
616.132337 -145.596939
616.132346 -143.694534
616.132356 -139.846878
616.132365 -137.358826
616.132375 -135.727890
616.132385 -134.686508
616.132394 -134.099091
616.132404 -133.896942
616.132413 -133.896286
616.132423 -134.052841
616.132433 -134.563385
616.132442 -135.440643
616.132452 -136.678467
616.132462 -138.150009
616.132471 -139.308289
616.132481 -137.914871
616.132490 -136.079468
616.132500 -134.435654
616.132510 -133.164154
616.132519 -132.280029
616.132529 -131.756714
616.132538 -131.550308
616.132548 -131.546967
616.132558 -131.648697
616.132567 -132.006958
616.132577 -132.556046
616.132587 -133.175354
616.132596 -133.680542
616.132606 -133.657623
616.132615 -133.143188
616.132625 -132.489609
616.132635 -131.851883
616.132644 -131.309341
616.132654 -130.888687
616.132663 -130.584625
616.132673 -130.375793
616.132683 -130.231750
616.132692 -130.122803
616.132702 -130.023270
616.132712 -129.913574
616.132721 -129.785217
616.132731 -129.641006
616.132740 -129.496597
616.132750 -129.372147
616.132760 -129.291443
616.132769 -129.273880
616.132779 -129.288101
616.132788 -129.368958
616.132798 -129.552200
616.132808 -129.841461
616.132817 -130.226959
616.132827 -130.678757
616.132837 -131.142044
616.132846 -131.538391
616.132856 -131.785233
616.132865 -131.688202
616.132875 -131.451065
616.132885 -131.191956
616.132894 -130.992081
616.132904 -130.907806
616.132913 -130.919250
616.132923 -130.991364
616.132933 -131.227676
616.132942 -131.629745
616.132952 -132.187912
616.132962 -132.883453
616.132971 -133.686920
616.132981 -134.558960
616.132990 -135.449661
616.133000 -136.306046
616.133010 -137.078812
616.133019 -137.740387
616.133029 -138.294495
616.133038 -138.781693
616.133048 -139.267517
616.133058 -139.828323
616.133067 -140.532516
616.133077 -141.426605
616.133087 -142.505295
616.133096 -143.655823
616.133106 -144.566650
616.133115 -144.110062
616.133125 -142.855545
616.133135 -141.407196
616.133144 -139.971695
616.133154 -138.624466
616.133163 -137.391235
616.133173 -136.289322
616.133183 -135.332581
616.133192 -134.530502
616.133202 -133.883514
616.133212 -133.382080
616.133221 -133.005051
616.133231 -132.721252
616.133240 -132.490158
616.133250 -132.266190
616.133260 -132.003464
616.133269 -131.663956
616.133279 -131.224167
616.133288 -130.680130
616.133298 -130.046417
616.133308 -129.352402
616.133317 -128.635345
616.133327 -127.932800
616.133337 -127.279068
616.133346 -126.702522
616.133356 -126.225777
616.133365 -125.865776
616.133375 -125.635384
616.133385 -125.543678
616.133394 -125.541267
616.133404 -125.597321
616.133413 -125.799294
616.133423 -126.149139
616.133433 -126.640419
616.133442 -127.257149
616.133452 -127.967018
616.133462 -128.714676
616.133471 -129.417328
616.133481 -129.978317
616.133490 -130.322327
616.133500 -130.392365
616.133510 -130.276947
616.133519 -130.181702
616.133529 -130.157074
616.133538 -130.165115
616.133548 -130.236862
616.133558 -130.405319
616.133567 -130.652573
616.133577 -130.935959
616.133587 -131.206177
616.133596 -131.422241
616.133606 -131.568848
616.133615 -131.661301
616.133625 -131.738113
616.133635 -131.842468
616.133644 -132.008774
616.133654 -132.234970
616.133663 -132.535629
616.133673 -132.897781
616.133683 -133.292587
616.133692 -133.686035
616.133702 -134.041443
616.133712 -134.322205
616.133721 -134.485260
616.133731 -134.268417
616.133740 -133.802780
616.133750 -133.097931
616.133760 -132.207581
616.133769 -131.209106
616.133779 -130.176682
616.133788 -129.167435
616.133798 -128.218613
616.133808 -127.352646
616.133817 -126.581482
616.133827 -125.912102
616.133837 -125.349091
616.133846 -124.897522
616.133856 -124.563988
616.133865 -124.357841
616.133875 -124.290436
616.133885 -124.290604
616.133894 -124.376114
616.133904 -124.627975
616.133913 -125.047386
616.133923 -125.642342
616.133933 -126.402794
616.133942 -127.278572
616.133952 -128.151962
616.133962 -128.818893
616.133971 -128.778198
616.133981 -128.142838
616.133990 -127.382019
616.134000 -126.672997
616.134010 -126.111122
616.134019 -125.739189
616.134029 -125.575211
616.134038 -125.567810
616.134048 -125.628616
616.134058 -125.907166
616.134067 -126.421722
616.134077 -127.187515
616.134087 -128.222839
616.134096 -129.537308
616.134106 -131.089066
616.134115 -132.649765
616.134125 -133.164780
616.134135 -131.654007
616.134144 -129.850220
616.134154 -128.185791
616.134163 -126.778679
616.134173 -125.639153
616.134183 -124.753700
616.134192 -124.109673
616.134202 -123.700859
616.134212 -123.528671
616.134221 -123.523270
616.134231 -123.602669
616.134240 -123.940338
616.134250 -124.570091
616.134260 -125.535660
616.134269 -126.904053
616.134279 -128.780807
616.134288 -131.332397
616.134298 -134.766785
616.134308 -138.636246
616.134317 -136.177521
616.134327 -133.778610
616.134337 -132.299866
616.134346 -131.551758
616.134356 -131.372696
616.134365 -131.393784
616.134375 -131.753494
616.134385 -132.608414
616.134394 -133.983688
616.134404 -135.967148
616.134413 -138.752350
616.134423 -142.672272
616.134433 -144.655640
616.134442 -140.110748
616.134452 -136.614090
616.134462 -133.878098
616.134471 -131.622131
616.134481 -129.708191
616.134490 -128.069839
616.134500 -126.672462
616.134510 -125.495628
616.134519 -124.525185
616.134529 -123.750191
616.134538 -123.161705
616.134548 -122.747437
616.134558 -122.506493
616.134567 -122.433983
616.134577 -122.434380
616.134587 -122.527405
616.134596 -122.782181
616.134606 -123.196396
616.134615 -123.768051
616.134625 -124.495110
616.134635 -125.374855
616.134644 -126.402824
616.134654 -127.572060
616.134663 -128.871872
616.134673 -130.287918
616.134683 -131.803482
616.134692 -133.403961
616.134702 -135.079926
616.134712 -136.792603
616.134721 -138.428345
616.134731 -139.673065
616.134740 -138.743210
616.134750 -136.852951
616.134760 -134.850189
616.134769 -133.014633
616.134779 -131.417603
616.134788 -130.059235
616.134798 -128.921951
616.134808 -127.985336
616.134817 -127.231262
616.134827 -126.643288
616.134837 -126.206436
616.134846 -125.905426
616.134856 -125.723068
616.134865 -125.635017
616.134875 -125.622032
616.134885 -125.639503
616.134894 -125.691147
616.134904 -125.774719
616.134913 -125.873505
616.134923 -125.982140
616.134933 -126.109245
616.134942 -126.277542
616.134952 -126.519173
616.134962 -126.871002
616.134971 -127.370132
616.134981 -128.051834
616.134990 -128.948807
616.135000 -130.091721
616.135010 -131.508316
616.135019 -133.220001
616.135029 -135.227417
616.135038 -137.470795
616.135048 -139.743484
616.135058 -141.614105
616.135067 -142.662048
616.135077 -142.976974
616.135087 -142.941910
616.135096 -142.847183
616.135106 -142.606079
616.135115 -142.098877
616.135125 -141.333099
616.135135 -140.425690
616.135144 -139.510910
616.135154 -138.678345
616.135163 -137.965347
616.135173 -137.351379
616.135183 -136.829117
616.135192 -136.343719
616.135202 -135.823563
616.135212 -135.198044
616.135221 -134.423065
616.135231 -133.503525
616.135240 -132.487686
616.135250 -131.443634
616.135260 -130.433624
616.135269 -129.503616
616.135279 -128.681702
616.135288 -127.983826
616.135298 -127.417511
616.135308 -126.987251
616.135317 -126.696381
616.135327 -126.546715
616.135337 -126.528305
616.135346 -126.552444
616.135356 -126.727051
616.135365 -127.090477
616.135375 -127.670044
616.135385 -128.503586
616.135394 -129.640457
616.135404 -131.141479
616.135413 -133.054581
616.135423 -135.282394
616.135433 -136.996338
616.135442 -135.209290
616.135452 -133.214859
616.135462 -131.596771
616.135471 -130.415924
616.135481 -129.626389
616.135490 -129.177231
616.135500 -129.030548
616.135510 -129.030472
616.135519 -129.161911
616.135529 -129.556015
616.135538 -130.215591
616.135548 -131.159302
616.135558 -132.430969
616.135567 -134.119980
616.135577 -136.409561
616.135587 -139.720367
616.135596 -145.353241
616.135606 -146.720642
616.135615 -140.508804
616.135625 -137.069641
616.135635 -134.788284
616.135644 -133.181625
616.135654 -132.045227
616.135663 -131.276657
616.135673 -130.821793
616.135683 -130.649033
616.135692 -130.651489
616.135702 -130.761978
616.135712 -131.154541
616.135721 -131.855286
616.135731 -132.911575
616.135740 -134.376099
616.135750 -136.372482
616.135760 -138.986679
616.135769 -141.744308
616.135779 -139.669113
616.135788 -136.984268
616.135798 -134.920059
616.135808 -133.436096
616.135817 -132.419373
616.135827 -131.784164
616.135837 -131.472458
616.135846 -131.415878
616.135856 -131.443161
616.135865 -131.665054
616.135875 -132.109543
616.135885 -132.745255
616.135894 -133.528870
616.135904 -134.394119
616.135913 -135.242737
616.135923 -135.949539
616.135933 -136.402725
616.135942 -136.507828
616.135952 -136.353027
616.135962 -136.230621
616.135971 -136.200195
616.135981 -136.242111
616.135990 -136.465973
616.136000 -136.966873
616.136010 -137.811508
616.136019 -139.076035
616.136029 -140.848511
616.136038 -143.176010
616.136048 -145.743881
616.136058 -145.839539
616.136067 -143.977829
616.136077 -142.603729
616.136087 -141.910248
616.136096 -141.783951
616.136106 -141.879562
616.136115 -142.464020
616.136125 -143.482773
616.136135 -143.319077
616.136144 -140.884689
616.136154 -138.194519
616.136163 -135.825974
616.136173 -133.855240
616.136183 -132.235275
616.136192 -130.907944
616.136202 -129.823730
616.136212 -128.945236
616.136221 -128.244492
616.136231 -127.702431
616.136240 -127.307343
616.136250 -127.054642
616.136260 -126.946075
616.136269 -126.940475
616.136279 -126.990181
616.136288 -127.201653
616.136298 -127.602882
616.136308 -128.225769
616.136317 -129.116501
616.136327 -130.344055
616.136337 -132.020828
616.136346 -134.346420
616.136356 -137.717590
616.136365 -142.837097
616.136375 -140.368439
616.136385 -136.200897
616.136394 -133.428497
616.136404 -131.462509
616.136413 -130.012741
616.136423 -128.927032
616.136433 -128.119293
616.136442 -127.537605
616.136452 -127.150581
616.136462 -126.937180
616.136471 -126.884018
616.136481 -126.887543
616.136490 -126.996124
616.136500 -127.258324
616.136510 -127.670547
616.136519 -128.227982
616.136529 -128.923416
616.136538 -129.745621
616.136548 -130.678726
616.136558 -131.701675
616.136567 -132.789093
616.136577 -133.911560
616.136587 -135.041397
616.136596 -136.168198
616.136606 -137.296539
616.136615 -138.461563
616.136625 -139.741776
616.136635 -141.284348
616.136644 -143.364441
616.136654 -146.569550
616.136663 -152.615768
616.136673 -147.543411
616.136683 -142.124237
616.136692 -138.562164
616.136702 -135.945663
616.136712 -133.937546
616.136721 -132.372131
616.136731 -131.157135
616.136740 -130.235504
616.136750 -129.572540
616.136760 -129.142593
616.136769 -128.926651
616.136779 -128.893265
616.136788 -128.910538
616.136798 -129.075790
616.136808 -129.410507
616.136817 -129.895981
616.136827 -130.497650
616.136837 -131.153015
616.136846 -131.758240
616.136856 -132.173615
616.136865 -132.018539
616.136875 -131.488342
616.136885 -130.809921
616.136894 -130.091949
616.136904 -129.397888
616.136913 -128.754456
616.136923 -128.166519
616.136933 -127.630150
616.136942 -127.140305
616.136952 -126.696129
616.136962 -126.301567
616.136971 -125.965439
616.136981 -125.698814
616.136990 -125.512894
616.137000 -125.415939
616.137010 -125.395531
616.137019 -125.411758
616.137029 -125.497047
616.137038 -125.660759
616.137048 -125.883659
616.137058 -126.140587
616.137067 -126.404305
616.137077 -126.653191
616.137087 -126.878487
616.137096 -127.088676
616.137106 -127.307800
616.137115 -127.569794
616.137125 -127.910080
616.137135 -128.359741
616.137144 -128.939499
616.137154 -129.653656
616.137163 -130.479797
616.137173 -131.353897
616.137183 -132.156738
616.137192 -132.731461
616.137202 -132.860428
616.137212 -132.562943
616.137221 -132.230072
616.137231 -131.982727
616.137240 -131.892639
616.137250 -131.892746
616.137260 -132.000366
616.137269 -132.329315
616.137279 -132.892319
616.137288 -133.714417
616.137298 -134.823303
616.137308 -136.243835
616.137317 -137.966888
616.137327 -139.823975
616.137337 -141.038193
616.137346 -139.539261
616.137356 -137.678497
616.137365 -135.987930
616.137375 -134.580276
616.137385 -133.435333
616.137394 -132.501709
616.137404 -131.724457
616.137413 -131.051590
616.137423 -130.439163
616.137433 -129.855576
616.137442 -129.285797
616.137452 -128.730133
616.137462 -128.201187
616.137471 -127.716759
616.137481 -127.294846
616.137490 -126.949387
616.137500 -126.689224
616.137510 -126.517006
616.137519 -126.429619
616.137529 -126.412666
616.137538 -126.417900
616.137548 -126.467369
616.137558 -126.557991
616.137567 -126.666611
616.137577 -126.769203
616.137587 -126.845650
616.137596 -126.882011
616.137606 -126.860855
616.137615 -126.839027
616.137625 -126.839203
616.137635 -126.851959
616.137644 -126.930870
616.137654 -127.114677
616.137663 -127.442116
616.137673 -127.954651
616.137683 -128.701355
616.137692 -129.743332
616.137702 -131.161865
616.137712 -133.057724
616.137721 -135.485931
616.137731 -137.977707
616.137740 -136.220840
616.137750 -133.633041
616.137760 -131.563782
616.137769 -130.040298
616.137779 -128.976654
616.137788 -128.303177
616.137798 -127.975204
616.137808 -127.931358
616.137817 -127.970284
616.137827 -128.289612
616.137837 -128.948257
616.137846 -129.983994
616.137856 -131.469009
616.137865 -133.533478
616.137875 -136.418549
616.137885 -140.529510
616.137894 -143.578842
616.137904 -139.582764
616.137913 -136.919769
616.137923 -135.260834
616.137933 -134.284897
616.137942 -133.816940
616.137952 -133.738281
616.137962 -133.761551
616.137971 -134.069336
616.137981 -134.720428
616.137990 -135.715561
616.138000 -137.075043
616.138010 -138.857834
616.138019 -141.178131
616.138029 -144.277039
616.138038 -148.737823
616.138048 -156.256851
616.138058 -149.662582
616.138067 -145.101837
616.138077 -141.768036
616.138087 -139.030548
616.138096 -136.673141
616.138106 -134.617737
616.138115 -132.832779
616.138125 -131.301239
616.138135 -130.011581
616.138144 -128.954681
616.138154 -128.123520
616.138163 -127.512573
616.138173 -127.123421
616.138183 -126.957169
616.138192 -126.950859
616.138202 -127.018753
616.138212 -127.316956
616.138221 -127.867142
616.138231 -128.694977
616.138240 -129.842636
616.138250 -131.383087
616.138260 -133.449829
616.138269 -136.316727
616.138279 -140.664963
616.138288 -148.824615
616.138298 -141.406357
616.138308 -137.419083
616.138317 -134.913223
616.138327 -133.184296
616.138337 -131.946793
616.138346 -131.059158
616.138356 -130.441956
616.138365 -130.047394
616.138375 -129.836258
616.138385 -129.790070
616.138394 -129.813385
616.138404 -129.942429
616.138413 -130.228546
616.138423 -130.679230
616.138433 -131.316345
616.138442 -132.180817
616.138452 -133.341064
616.138462 -134.908020
616.138471 -137.072571
616.138481 -140.187286
616.138490 -144.808960
616.138500 -143.407990
616.138510 -139.258759
616.138519 -136.490173
616.138529 -134.577927
616.138538 -133.231461
616.138548 -132.290192
616.138558 -131.649139
616.138567 -131.225693
616.138577 -130.940491
616.138587 -130.712677
616.138596 -130.477203
616.138606 -130.185257
616.138615 -129.825378
616.138625 -129.435532
616.138635 -129.071457
616.138644 -128.789032
616.138654 -128.629791
616.138663 -128.601318
616.138673 -128.618958
616.138683 -128.757492
616.138692 -129.022018
616.138702 -129.394424
616.138712 -129.821960
616.138721 -130.233856
616.138731 -130.555466
616.138740 -130.733643
616.138750 -130.681885
616.138760 -130.563629
616.138769 -130.477585
616.138779 -130.456253
616.138788 -130.479553
616.138798 -130.605988
616.138808 -130.874634
616.138817 -131.284653
616.138827 -131.814392
616.138837 -132.417664
616.138846 -133.024460
616.138856 -133.553497
616.138865 -133.944794
616.138875 -134.192017
616.138885 -134.343323
616.138894 -134.464371
616.138904 -134.587540
616.138913 -134.603958
616.138923 -134.215988
616.138933 -133.438354
616.138942 -132.364929
616.138952 -131.183823
616.138962 -130.062347
616.138971 -129.105698
616.138981 -128.370010
616.138990 -127.885139
616.139000 -127.671387
616.139010 -127.662697
616.139019 -127.751015
616.139029 -128.155930
616.139038 -128.937836
616.139048 -130.195786
616.139058 -132.106781
616.139067 -135.069534
616.139077 -140.252457
616.139087 -142.197464
616.139096 -135.870010
616.139106 -132.409180
616.139115 -130.158691
616.139125 -128.607559
616.139135 -127.528671
616.139144 -126.798569
616.139154 -126.340118
616.139163 -126.100037
616.139173 -126.033142
616.139183 -126.038940
616.139192 -126.126656
616.139202 -126.339272
616.139212 -126.658180
616.139221 -127.068398
616.139231 -127.555748
616.139240 -128.103745
616.139250 -128.689102
616.139260 -129.278870
616.139269 -129.829697
616.139279 -130.296173
616.139288 -130.646423
616.139298 -130.880768
616.139308 -131.037460
616.139317 -131.182602
616.139327 -131.390045
616.139337 -131.725922
616.139346 -132.233826
616.139356 -132.898666
616.139365 -133.703125
616.139375 -134.495575
616.139385 -134.879196
616.139394 -134.194199
616.139404 -133.199905
616.139413 -132.202118
616.139423 -131.363922
616.139433 -130.745087
616.139442 -130.351669
616.139452 -130.152481
616.139462 -130.116272
616.139471 -130.129120
616.139481 -130.239517
616.139490 -130.433746
616.139500 -130.657990
616.139510 -130.862137
616.139519 -131.010300
616.139529 -131.091995
616.139538 -131.125259
616.139548 -131.154327
616.139558 -131.237793
616.139567 -131.443558
616.139577 -131.844025
616.139587 -132.519897
616.139596 -133.566681
616.139606 -135.102081
616.139615 -137.227905
616.139625 -139.668182
616.139635 -138.120850
616.139644 -135.137817
616.139654 -132.683487
616.139663 -130.801773
616.139673 -129.382034
616.139683 -128.331055
616.139692 -127.581413
616.139702 -127.092049
616.139712 -126.829651
616.139721 -126.766296
616.139731 -126.768280
616.139740 -126.887741
616.139750 -127.162361
616.139760 -127.554977
616.139769 -128.008804
616.139779 -128.442612
616.139788 -128.762665
616.139798 -128.835037
616.139808 -128.639130
616.139817 -128.407852
616.139827 -128.237610
616.139837 -128.189941
616.139846 -128.204041
616.139856 -128.362473
616.139865 -128.758072
616.139875 -129.435028
616.139885 -130.456726
616.139894 -131.935211
616.139904 -134.070419
616.139913 -137.299454
616.139923 -142.907761
616.139933 -142.918259
616.139942 -137.313736
616.139952 -134.112244
616.139962 -132.041901
616.139971 -130.674805
616.139981 -129.821548
616.139990 -129.389786
616.140000 -129.309219
616.140010 -129.334229
616.140019 -129.637177
616.140029 -130.299622
616.140038 -131.325302
616.140048 -132.746796
616.140058 -134.582642
616.140067 -136.773056
616.140077 -138.949722
616.140087 -139.851578
616.140096 -138.811386
616.140106 -137.865280
616.140115 -137.195526
616.140125 -136.804886
616.140135 -136.531036
616.140144 -136.189972
616.140154 -135.612274
616.140163 -134.789444
616.140173 -133.850693
616.140183 -132.951416
616.140192 -132.205582
616.140202 -131.677597
616.140212 -131.398758
616.140221 -131.351715
616.140231 -131.389114
616.140240 -131.657700
616.140250 -132.220154
616.140260 -133.097672
616.140269 -134.294647
616.140279 -135.806061
616.140288 -137.494247
616.140298 -138.575485
616.140308 -136.931610
616.140317 -134.867386
616.140327 -132.980881
616.140337 -131.413437
616.140346 -130.149933
616.140356 -129.167496
616.140365 -128.433304
616.140375 -127.912651
616.140385 -127.573883
616.140394 -127.385773
616.140404 -127.311485
616.140413 -127.314224
616.140423 -127.339859
616.140433 -127.422371
616.140442 -127.541763
616.140452 -127.681305
616.140462 -127.831764
616.140471 -127.989517
616.140481 -128.146790
616.140490 -128.289032
616.140500 -128.415070
616.140510 -128.506027
616.140519 -128.510849
616.140529 -128.416412
616.140538 -128.279617
616.140548 -128.134186
616.140558 -128.017914
616.140567 -127.965347
616.140577 -127.962654
616.140587 -128.003693
616.140596 -128.150497
616.140606 -128.407043
616.140615 -128.766769
616.140625 -129.219055
616.140635 -129.728043
616.140644 -130.239166
616.140654 -130.684555
616.140663 -131.003311
616.140673 -131.170883
616.140683 -131.209778
616.140692 -131.221771
616.140702 -131.275482
616.140712 -131.468216
616.140721 -131.854904
616.140731 -132.507828
616.140740 -133.474670
616.140750 -134.762939
616.140760 -136.284393
616.140769 -137.711990
616.140779 -138.171417
616.140788 -137.378967
616.140798 -136.647873
616.140808 -136.251328
616.140817 -136.179077
616.140827 -136.253296
616.140837 -136.613083
616.140846 -137.205383
616.140856 -137.804306
616.140865 -138.075592
616.140875 -137.753647
616.140885 -137.412216
616.140894 -137.206573
616.140904 -137.097672
616.140913 -137.028137
616.140923 -136.846542
616.140933 -136.412720
616.140942 -135.755432
616.140952 -135.033798
616.140962 -134.412079
616.140971 -133.988678
616.140981 -133.798645
616.140990 -133.785767
616.141000 -133.870987
616.141010 -134.170456
616.141019 -134.620850
616.141029 -135.095795
616.141038 -135.429398
616.141048 -135.175110
616.141058 -134.599030
616.141067 -133.858536
616.141077 -133.055313
616.141087 -132.261719
616.141096 -131.531281
616.141106 -130.908386
616.141115 -130.433868
616.141125 -130.145813
616.141135 -130.065186
616.141144 -130.081329
616.141154 -130.277969
616.141163 -130.776581
616.141173 -131.625488
616.141183 -132.883224
616.141192 -134.609970
616.141202 -136.810059
616.141212 -139.164719
616.141221 -139.926056
616.141231 -138.617096
616.141240 -137.674438
616.141250 -137.412827
616.141260 -137.420502
616.141269 -137.953796
616.141279 -139.403839
616.141288 -142.107071
616.141298 -146.153702
616.141308 -141.660873
616.141317 -138.066559
616.141327 -135.670959
616.141337 -134.082962
616.141346 -133.065979
616.141356 -132.465240
616.141365 -132.148010
616.141375 -131.988174
616.141385 -131.859970
616.141394 -131.642487
616.141404 -131.277267
616.141413 -130.788406
616.141423 -130.279266
616.141433 -129.851379
616.141442 -129.577469
616.141452 -129.499496
616.141462 -129.517899
616.141471 -129.685135
616.141481 -130.088409
616.141490 -130.710159
616.141500 -131.494949
616.141510 -132.318451
616.141519 -132.963699
616.141529 -132.846680
616.141538 -132.113785
616.141548 -131.219818
616.141558 -130.349136
616.141567 -129.597473
616.141577 -129.002991
616.141587 -128.575424
616.141596 -128.311523
616.141606 -128.200455
616.141615 -128.196640
616.141625 -128.231674
616.141635 -128.382004
616.141644 -128.627411
616.141654 -128.935638
616.141663 -129.267822
616.141673 -129.580536
616.141683 -129.830643
616.141692 -129.982101
616.141702 -129.920212
616.141712 -129.717102
616.141721 -129.430023
616.141731 -129.091110
616.141740 -128.732040
616.141750 -128.380386
616.141760 -128.058182
616.141769 -127.782448
616.141779 -127.565865
616.141788 -127.416168
616.141798 -127.335419
616.141808 -127.321945
616.141817 -127.335335
616.141827 -127.419952
616.141837 -127.590462
616.141846 -127.846313
616.141856 -128.185028
616.141865 -128.603683
616.141875 -129.098450
616.141885 -129.663040
616.141894 -130.282013
616.141904 -130.920532
616.141913 -131.511795
616.141923 -131.957840
616.141933 -132.086914
616.141942 -131.797348
616.141952 -131.414902
616.141962 -131.059814
616.141971 -130.813797
616.141981 -130.709030
616.141990 -130.696732
616.142000 -130.773987
616.142010 -130.961670
616.142019 -131.231583
616.142029 -131.517273
616.142038 -131.746460
616.142048 -131.839081
616.142058 -131.695602
616.142067 -131.447922
616.142077 -131.120682
616.142087 -130.720184
616.142096 -130.241241
616.142106 -129.679138
616.142115 -129.041565
616.142125 -128.355103
616.142135 -127.660858
616.142144 -127.006035
616.142154 -126.433754
616.142163 -125.978142
616.142173 -125.661499
616.142183 -125.493813
616.142192 -125.459633
616.142202 -125.463600
616.142212 -125.549599
616.142221 -125.720177
616.142231 -125.915024
616.142240 -126.058098
616.142250 -125.924492
616.142260 -125.614502
616.142269 -125.199303
616.142279 -124.751862
616.142288 -124.338959
616.142298 -124.010269
616.142308 -123.798332
616.142317 -123.722069
616.142327 -123.721985
616.142337 -123.789642
616.142346 -124.002892
616.142356 -124.359497
616.142365 -124.849396
616.142375 -125.457031
616.142385 -126.161690
616.142394 -126.938240
616.142404 -127.759171
616.142413 -128.595627
616.142423 -129.428909
616.142433 -130.254303
616.142442 -131.085419
616.142452 -131.960831
616.142462 -132.945572
616.142471 -134.134796
616.142481 -135.650620
616.142490 -137.598053
616.142500 -139.718811
616.142510 -137.748154
616.142519 -134.442947
616.142529 -131.553101
616.142538 -129.177719
616.142548 -127.229408
616.142558 -125.625755
616.142567 -124.307930
616.142577 -123.234550
616.142587 -122.376495
616.142596 -121.707481
616.142606 -121.216911
616.142615 -120.892334
616.142625 -120.723801
616.142635 -120.691147
616.142644 -120.703476
616.142654 -120.825256
616.142663 -121.084709
616.142673 -121.479607
616.142683 -122.009911
616.142692 -122.677353
616.142702 -123.478371
616.142712 -124.404541
616.142721 -125.445045
616.142731 -126.553238
616.142740 -127.630478
616.142750 -128.518280
616.142760 -129.050064
616.142769 -128.986740
616.142779 -128.690994
616.142788 -128.436188
616.142798 -128.314178
616.142808 -128.306747
616.142817 -128.346252
616.142827 -128.554123
616.142837 -128.926102
616.142846 -129.431808
616.142856 -130.028168
616.142865 -130.660797
616.142875 -131.264420
616.142885 -131.766479
616.142894 -132.092850
616.142904 -131.988739
616.142913 -131.525177
616.142923 -130.836639
616.142933 -129.998474
616.142942 -129.093140
616.142952 -128.193893
616.142962 -127.360558
616.142971 -126.638657
616.142981 -126.062645
616.142990 -125.658134
616.143000 -125.444778
616.143010 -125.413322
616.143019 -125.437492
616.143029 -125.647736
616.143038 -126.083374
616.143048 -126.749268
616.143058 -127.644844
616.143067 -128.761353
616.143077 -130.075119
616.143087 -131.538269
616.143096 -133.065750
616.143106 -134.526657
616.143115 -135.752747
616.143125 -136.573776
616.143135 -136.751160
616.143144 -136.275894
616.143154 -135.636612
616.143163 -134.986938
616.143173 -134.439941
616.143183 -134.067261
616.143192 -133.900452
616.143202 -133.906815
616.143212 -133.991623
616.143221 -134.319626
616.143231 -134.889786
616.143240 -135.673965
616.143250 -136.595581
616.143260 -137.487335
616.143269 -138.081635
616.143279 -137.665298
616.143288 -136.908386
616.143298 -136.119034
616.143308 -135.439026
616.143317 -134.917465
616.143327 -134.547577
616.143337 -134.287170
616.143346 -134.078812
616.143356 -133.853867
616.143365 -133.543060
616.143375 -133.111008
616.143385 -132.567474
616.143394 -131.956833
616.143404 -131.339676
616.143413 -130.773743
616.143423 -130.305496
616.143433 -129.967926
616.143442 -129.784012
616.143452 -129.751816
616.143462 -129.767822
616.143471 -129.939301
616.143481 -130.310181
616.143490 -130.886902
616.143500 -131.671127
616.143510 -132.656296
616.143519 -133.782867
616.143529 -134.864990
616.143538 -135.279907
616.143548 -134.220703
616.143558 -132.789368
616.143567 -131.374207
616.143577 -130.154510
616.143587 -129.189606
616.143596 -128.493164
616.143606 -128.064774
616.143615 -127.901871
616.143625 -127.901382
616.143635 -128.010193
616.143644 -128.395859
616.143654 -129.081207
616.143663 -130.107925
616.143673 -131.553604
616.143683 -133.567474
616.143692 -136.451416
616.143702 -140.806763
616.143712 -141.324478
616.143721 -136.454956
616.143731 -133.154449
616.143740 -130.787491
616.143750 -129.017288
616.143760 -127.676941
616.143769 -126.676857
616.143779 -125.965836
616.143788 -125.511993
616.143798 -125.293472
616.143808 -125.264130
616.143817 -125.292061
616.143827 -125.487610
616.143837 -125.852638
616.143846 -126.346275
616.143856 -126.907394
616.143865 -127.451538
616.143875 -127.878700
616.143885 -128.063812
616.143894 -127.784164
616.143904 -127.311539
616.143913 -126.708771
616.143923 -126.033615
616.143933 -125.352478
616.143942 -124.707985
616.143952 -124.134285
616.143962 -123.657776
616.143971 -123.298531
616.143981 -123.071220
616.143990 -122.986916
616.144000 -122.986565
616.144010 -123.054260
616.144019 -123.280357
616.144029 -123.671883
616.144038 -124.231651
616.144048 -124.964676
616.144058 -125.872101
616.144067 -126.940300
616.144077 -128.124008
616.144087 -129.310104
616.144096 -130.273331
616.144106 -130.419113
616.144115 -129.543015
616.144125 -128.364426
616.144135 -127.111610
616.144144 -125.906021
616.144154 -124.794067
616.144163 -123.816986
616.144173 -122.989426
616.144183 -122.320267
616.144192 -121.816208
616.144202 -121.482040
616.144212 -121.319008
616.144221 -121.300598
616.144231 -121.324242
616.144240 -121.499451
616.144250 -121.837868
616.144260 -122.328125
616.144269 -122.952431
616.144279 -123.686790
616.144288 -124.501564
616.144298 -125.365601
616.144308 -126.251328
616.144317 -127.139519
616.144327 -128.001404
616.144337 -128.811050
616.144346 -129.534439
616.144356 -130.088898
616.144365 -130.350876
616.144375 -130.055786
616.144385 -129.607559
616.144394 -129.123657
616.144404 -128.680008
616.144413 -128.307220
616.144423 -128.002670
616.144433 -127.746986
616.144442 -127.519081
616.144452 -127.309441
616.144462 -127.126320
616.144471 -126.996201
616.144481 -126.945953
616.144490 -126.957520
616.144500 -127.055641
616.144510 -127.338181
616.144519 -127.858452
616.144529 -128.680954
616.144538 -129.896454
616.144548 -131.651642
616.144558 -134.223190
616.144567 -138.228134
616.144577 -143.898788
616.144587 -137.659775
616.144596 -133.936050
616.144606 -131.513214
616.144615 -129.832184
616.144625 -128.630859
616.144635 -127.762291
616.144644 -127.130806
616.144654 -126.671379
616.144663 -126.332550
616.144673 -126.074196
616.144683 -125.868958
616.144692 -125.701790
616.144702 -125.567581
616.144712 -125.471832
616.144721 -125.428619
616.144731 -125.427925
616.144740 -125.459587
616.144750 -125.591194
616.144760 -125.854752
616.144769 -126.285965
616.144779 -126.926582
616.144788 -127.829987
616.144798 -129.078033
616.144808 -130.797943
616.144817 -133.228546
616.144827 -136.920609
616.144837 -143.770096
616.144846 -140.758743
616.144856 -135.828949
616.144865 -132.993835
616.144875 -131.145416
616.144885 -129.904373
616.144894 -129.074921
616.144904 -128.524643
616.144913 -128.141022
616.144923 -127.816498
616.144933 -127.457634
616.144942 -127.009048
616.144952 -126.472305
616.144962 -125.896706
616.144971 -125.350845
616.144981 -124.896965
616.144990 -124.579781
616.145000 -124.426811
616.145010 -124.407074
616.145019 -124.453110
616.145029 -124.665344
616.145038 -125.065765
616.145048 -125.654251
616.145058 -126.427032
616.145067 -127.352325
616.145077 -128.410126
616.145087 -129.511948
616.145096 -130.470200
616.145106 -130.882935
616.145115 -130.222214
616.145125 -129.293610
616.145135 -128.358856
616.145144 -127.555222
616.145154 -126.934410
616.145163 -126.504425
616.145173 -126.251373
616.145183 -126.143845
616.145192 -126.142090
616.145202 -126.173454
616.145212 -126.287247
616.145221 -126.463997
616.145231 -126.682831
616.145240 -126.932869
616.145250 -127.213669
616.145260 -127.532028
616.145269 -127.898834
616.145279 -128.325043
616.145288 -128.819382
616.145298 -129.383453
616.145308 -130.001892
616.145317 -130.619904
616.145327 -131.114563
616.145337 -130.980957
616.145346 -130.191605
616.145356 -129.119553
616.145365 -127.991882
616.145375 -126.962334
616.145385 -126.108788
616.145394 -125.461121
616.145404 -125.023369
616.145413 -124.781433
616.145423 -124.708382
616.145433 -124.721298
616.145442 -124.801239
616.145452 -124.978714
616.145462 -125.199219
616.145471 -125.407387
616.145481 -125.561287
616.145490 -125.647484
616.145500 -125.684692
616.145510 -125.714157
616.145519 -125.782516
616.145529 -125.928787
616.145538 -126.177605
616.145548 -126.537971
616.145558 -127.003502
616.145567 -127.554123
616.145577 -128.157196
616.145587 -128.770844
616.145596 -129.349411
616.145606 -129.853226
616.145615 -130.260254
616.145625 -130.577469
616.145635 -130.844131
616.145644 -131.126297
616.145654 -131.504227
616.145663 -132.063309
616.145673 -132.889465
616.145683 -134.069962
616.145692 -135.719681
616.145702 -138.005234
616.145712 -141.211594
616.145721 -145.955582
616.145731 -152.644638
616.145740 -147.344025
616.145750 -144.395813
616.145760 -142.735474
616.145769 -141.847961
616.145779 -141.559875
616.145788 -141.559738
616.145798 -141.777130
616.145808 -142.282974
616.145817 -140.657654
616.145827 -137.703674
616.145837 -134.680222
616.145846 -132.063065
616.145856 -129.901703
616.145865 -128.147095
616.145875 -126.731522
616.145885 -125.618263
616.145894 -124.767136
616.145904 -124.146896
616.145913 -123.733444
616.145923 -123.508102
616.145933 -123.450256
616.145942 -123.456268
616.145952 -123.566116
616.145962 -123.826469
616.145971 -124.226089
616.145981 -124.752251
616.145990 -125.390091
616.146000 -126.123932
616.146010 -126.940491
616.146019 -127.835289
616.146029 -128.816788
616.146038 -129.880203
616.146048 -131.019363
616.146058 -132.141510
616.146067 -132.764420
616.146077 -131.603867
616.146087 -129.917374
616.146096 -128.217331
616.146106 -126.731491
616.146115 -125.520943
616.146125 -124.582642
616.146135 -123.892998
616.146144 -123.421654
616.146154 -123.133736
616.146163 -122.992905
616.146173 -122.970169
616.146183 -122.995689
616.146192 -123.085968
616.146202 -123.259949
616.146212 -123.514290
616.146221 -123.857147
616.146231 -124.304626
616.146240 -124.875580
616.146250 -125.585999
616.146260 -126.444435
616.146269 -127.449249
616.146279 -128.588211
616.146288 -129.840912
616.146298 -131.181259
616.146308 -132.567719
616.146317 -133.841537
616.146327 -134.823700
616.146337 -134.850403
616.146346 -134.089447
616.146356 -133.349945
616.146365 -132.941086
616.146375 -132.909500
616.146385 -133.060226
616.146394 -133.894669
616.146404 -135.747177
616.146413 -139.275131
616.146423 -141.365982
616.146433 -135.513580
616.146442 -131.861099
616.146452 -129.448105
616.146462 -127.829071
616.146471 -126.803192
616.146481 -126.252640
616.146490 -126.095062
616.146500 -126.107643
616.146510 -126.321358
616.146519 -126.851524
616.146529 -127.645081
616.146538 -128.614151
616.146548 -129.607788
616.146558 -130.408051
616.146567 -130.755524
616.146577 -130.411438
616.146587 -129.908752
616.146596 -129.377335
616.146606 -128.868301
616.146615 -128.399078
616.146625 -127.979858
616.146635 -127.629189
616.146644 -127.376282
616.146654 -127.270233
616.146663 -127.269714
616.146673 -127.368874
616.146683 -127.744003
616.146692 -128.489639
616.146702 -129.736893
616.146712 -131.666870
616.146721 -134.385147
616.146731 -134.505127
616.146740 -130.766479
616.146750 -127.709183
616.146760 -125.396759
616.146769 -123.643745
616.146779 -122.310654
616.146788 -121.301956
616.146798 -120.548485
616.146808 -119.995384
616.146817 -119.595581
616.146827 -119.305992
616.146837 -119.087036
616.146846 -118.903877
616.146856 -118.729683
616.146865 -118.548538
616.146875 -118.356956
616.146885 -118.157661
616.146894 -117.962624
616.146904 -117.794327
616.146913 -117.669144
616.146923 -117.597260
616.146933 -117.587822
616.146942 -117.607788
616.146952 -117.696823
616.146962 -117.883583
616.146971 -118.182701
616.146981 -118.608681
616.146990 -119.172729
616.147000 -119.876167
616.147010 -120.699394
616.147019 -121.584991
616.147029 -122.421715
616.147038 -123.054604
616.147048 -123.300903
616.147058 -123.009842
616.147067 -122.564262
616.147077 -121.952858
616.147087 -121.185371
616.147096 -120.201233
616.147106 -118.991920
616.147115 -117.625008
616.147125 -116.204475
616.147135 -114.821503
616.147144 -113.533325
616.147154 -112.365875
616.147163 -111.323410
616.147173 -110.397240
616.147183 -109.571587
616.147192 -108.827644
616.147202 -108.146431
616.147212 -107.510956
616.147221 -106.907898
616.147231 -106.328827
616.147240 -105.770653
616.147250 -105.235558
616.147260 -104.730186
616.147269 -104.264542
616.147279 -103.850639
616.147288 -103.501236
616.147298 -103.228722
616.147308 -103.044350
616.147317 -102.957695
616.147327 -102.951393
616.147337 -102.976501
616.147346 -103.103325
616.147356 -103.343330
616.147365 -103.699188
616.147375 -104.170647
616.147385 -104.755814
616.147394 -105.451416
616.147404 -106.253242
616.147413 -107.156517
616.147423 -108.156242
616.147433 -109.246979
616.147442 -110.408562
616.147452 -111.627846
616.147462 -112.866844
616.147471 -114.041458
616.147481 -115.003494
616.147490 -115.566467
616.147500 -115.236389
616.147510 -114.615250
616.147519 -113.952072
616.147529 -113.375320
616.147538 -112.954964
616.147548 -112.726837
616.147558 -112.687050
616.147567 -112.710663
616.147577 -112.920212
616.147587 -113.368874
616.147596 -114.074509
616.147606 -115.063309
616.147615 -116.376053
616.147625 -118.078972
616.147635 -120.287048
616.147644 -123.218575
616.147654 -127.347176
616.147663 -133.737732
616.147673 -131.002090
616.147683 -127.260414
616.147692 -124.959671
616.147702 -123.400146
616.147712 -122.264046
616.147721 -121.391617
616.147731 -120.705032
616.147740 -120.174652
616.147750 -119.799095
616.147760 -119.589828
616.147769 -119.534393
616.147779 -119.561333
616.147788 -119.723763
616.147798 -120.077148
616.147808 -120.605095
616.147817 -121.264648
616.147827 -121.974930
616.147837 -122.616219
616.147846 -123.063080
616.147856 -123.233383
616.147865 -123.140633
616.147875 -123.077965
616.147885 -123.087791
616.147894 -123.182663
616.147904 -123.470619
616.147913 -123.978699
616.147923 -124.707596
616.147933 -125.632736
616.147942 -126.694031
616.147952 -127.776451
616.147962 -128.697632
616.147971 -129.238358
616.147981 -128.732437
616.147990 -127.837387
616.148000 -126.722801
616.148010 -125.560265
616.148019 -124.466362
616.148029 -123.519005
616.148038 -122.772606
616.148048 -122.267288
616.148058 -122.035889
616.148067 -122.025574
616.148077 -122.115112
616.148087 -122.545479
616.148096 -123.389595
616.148106 -124.746346
616.148115 -126.786140
616.148125 -129.807648
616.148135 -134.066666
616.148144 -132.271851
616.148154 -128.724777
616.148163 -126.359039
616.148173 -124.809044
616.148183 -123.836044
616.148192 -123.303192
616.148202 -123.123840
616.148212 -123.126274
616.148221 -123.252289
616.148231 -123.638725
616.148240 -124.252899
616.148250 -125.063042
616.148260 -126.033920
616.148269 -127.122391
616.148279 -128.274414
616.148288 -129.424866
616.148298 -130.505402
616.148308 -131.459381
616.148317 -132.261963
616.148327 -132.928253
616.148337 -133.504242
616.148346 -134.040619
616.148356 -134.560654
616.148365 -135.027420
616.148375 -135.310455
616.148385 -134.994446
616.148394 -134.460342
616.148404 -133.946365
616.148413 -133.666367
616.148423 -133.671875
616.148433 -133.845825
616.148442 -134.645248
616.148452 -136.404343
616.148462 -139.937027
616.148471 -146.831421
616.148481 -137.478531
616.148490 -132.866547
616.148500 -129.850174
616.148510 -127.690147
616.148519 -126.088921
616.148529 -124.894287
616.148538 -124.017593
616.148548 -123.403168
616.148558 -123.015213
616.148567 -122.830360
616.148577 -122.807915
616.148587 -122.826630
616.148596 -122.990898
616.148606 -123.311905
616.148615 -123.762131
616.148625 -124.289574
616.148635 -124.803680
616.148644 -125.176010
616.148654 -125.066422
616.148663 -124.603729
616.148673 -124.028152
616.148683 -123.470070
616.148692 -123.019699
616.148702 -122.729553
616.148712 -122.628090
616.148721 -122.628082
616.148731 -122.731644
616.148740 -123.050552
616.148750 -123.595001
616.148760 -124.377686
616.148769 -125.416237
616.148779 -126.735870
616.148788 -128.372879
616.148798 -130.378571
616.148808 -132.819962
616.148817 -135.747284
616.148827 -138.969315
616.148837 -140.786942
616.148846 -138.954346
616.148856 -137.195541
616.148865 -135.757889
616.148875 -134.558716
616.148885 -133.532471
616.148894 -132.610260
616.148904 -131.750000
616.148913 -130.928802
616.148923 -130.134613
616.148933 -129.363235
616.148942 -128.612778
616.148952 -127.894775
616.148962 -127.220146
616.148971 -126.602509
616.148981 -126.056854
616.148990 -125.598892
616.149000 -125.243317
616.149010 -125.003418
616.149019 -124.889984
616.149029 -124.873154
616.149038 -124.910477
616.149048 -125.066475
616.149058 -125.350929
616.149067 -125.742035
616.149077 -126.194832
616.149087 -126.632912
616.149096 -126.952560
616.149106 -126.902214
616.149115 -126.546837
616.149125 -126.100967
616.149135 -125.679977
616.149144 -125.369041
616.149154 -125.218323
616.149163 -125.205002
616.149173 -125.248665
616.149183 -125.429070
616.149192 -125.754135
616.149202 -126.164024
616.149212 -126.566902
616.149221 -126.853790
616.149231 -126.792282
616.149240 -126.489845
616.149250 -126.096298
616.149260 -125.696182
616.149269 -125.340050
616.149279 -125.053154
616.149288 -124.844460
616.149298 -124.714104
616.149308 -124.658112
616.149317 -124.660652
616.149327 -124.686378
616.149337 -124.789986
616.149346 -124.977936
616.149356 -125.257454
616.149365 -125.630524
616.149375 -126.102905
616.149385 -126.679253
616.149394 -127.351685
616.149404 -128.097214
616.149413 -128.867706
616.149423 -129.577911
616.149433 -130.100937
616.149442 -130.074265
616.149452 -129.463699
616.149462 -128.582092
616.149471 -127.566963
616.149481 -126.526611
616.149490 -125.531822
616.149500 -124.626686
616.149510 -123.838318
616.149519 -123.184654
616.149529 -122.677368
616.149538 -122.324333
616.149548 -122.130043
616.149558 -122.083664
616.149567 -122.096130
616.149577 -122.220612
616.149587 -122.497139
616.149596 -122.913849
616.149606 -123.451965
616.149615 -124.083992
616.149625 -124.773674
616.149635 -125.478661
616.149644 -126.157471
616.149654 -126.779312
616.149663 -127.332268
616.149673 -127.823715
616.149683 -128.273270
616.149692 -128.690674
616.149702 -129.097794
616.149712 -129.516510
616.149721 -129.957626
616.149731 -130.433136
616.149740 -130.957733
616.149750 -131.545578
616.149760 -132.203659
616.149769 -132.922195
616.149779 -133.668442
616.149788 -134.388641
616.149798 -135.029999
616.149808 -135.579514
616.149817 -136.095016
616.149827 -136.700836
616.149837 -137.564865
616.149846 -138.877365
616.149856 -140.864960
616.149865 -143.855011
616.149875 -144.769943
616.149885 -140.432831
616.149894 -137.041901
616.149904 -134.510269
616.149913 -132.576645
616.149923 -131.077469
616.149933 -129.914841
616.149942 -129.028519
616.149952 -128.380508
616.149962 -127.945343
616.149971 -127.704575
616.149981 -127.633598
616.149990 -127.641197
616.150000 -127.736053
616.150010 -127.962349
616.150019 -128.283752
616.150029 -128.654053
616.150038 -129.024780
616.150048 -129.359573
616.150058 -129.652435
616.150067 -129.933807
616.150077 -130.263214
616.150087 -130.711731
616.150096 -131.349228
616.150106 -132.238220
616.150115 -133.417068
616.150125 -134.921951
616.150135 -136.760956
616.150144 -138.792801
616.150154 -140.540451
616.150163 -140.840515
616.150173 -140.014267
616.150183 -139.305252
616.150192 -138.869003
616.150202 -138.660400
616.150212 -138.621033
616.150221 -138.636078
616.150231 -138.690033
616.150240 -138.660385
616.150250 -138.502823
616.150260 -138.291351
616.150269 -138.088684
616.150279 -137.950256
616.150288 -137.906830
616.150298 -137.908432
616.150308 -137.974701
616.150317 -138.135422
616.150327 -138.369812
616.150337 -138.654099
616.150346 -138.955704
616.150356 -139.240036
616.150365 -139.472107
616.150375 -139.577698
616.150385 -139.350616
616.150394 -138.836548
616.150404 -138.035004
616.150413 -137.018555
616.150423 -135.904556
616.150433 -134.812973
616.150442 -133.837906
616.150452 -133.044373
616.150462 -132.474487
616.150471 -132.156006
616.150481 -132.083374
616.150490 -132.111450
616.150500 -132.353027
616.150510 -132.884766
616.150519 -133.681763
616.150529 -134.644714
616.150538 -135.515915
616.150548 -135.430908
616.150558 -134.416397
616.150567 -133.253220
616.150577 -132.216843
616.150587 -131.411499
616.150596 -130.829178
616.150606 -130.464783
616.150615 -130.278473
616.150625 -130.204681
616.150635 -130.159729
616.150644 -130.072906
616.150654 -129.869049
616.150663 -129.531525
616.150673 -129.086700
616.150683 -128.587814
616.150692 -128.090683
616.150702 -127.636337
616.150712 -127.248322
616.150721 -126.933746
616.150731 -126.688034
616.150740 -126.497871
616.150750 -126.344780
616.150760 -126.207687
616.150769 -126.066910
616.150779 -125.907097
616.150788 -125.720978
616.150798 -125.510345
616.150808 -125.284996
616.150817 -125.059692
616.150827 -124.849945
616.150837 -124.668251
616.150846 -124.511223
616.150856 -124.385071
616.150865 -124.287354
616.150875 -124.208023
616.150885 -124.138855
616.150894 -124.072525
616.150904 -124.008156
616.150913 -123.953110
616.150923 -123.921478
616.150933 -123.922050
616.150942 -123.945114
616.150952 -124.017784
616.150962 -124.165207
616.150971 -124.397018
616.150981 -124.716995
616.150990 -125.123360
616.151000 -125.609261
616.151010 -126.164459
616.151019 -126.777084
616.151029 -127.436607
616.151038 -128.136719
616.151048 -128.878281
616.151058 -129.670410
616.151067 -130.530518
616.151077 -131.481934
616.151087 -132.551788
616.151096 -133.766174
616.151106 -135.143860
616.151115 -136.676254
616.151125 -138.285431
616.151135 -139.732681
616.151144 -140.461563
616.151154 -139.590698
616.151163 -138.415939
616.151173 -137.258728
616.151183 -136.246384
616.151192 -135.390549
616.151202 -134.694122
616.151212 -134.127594
616.151221 -133.634598
616.151231 -133.139542
616.151240 -132.560089
616.151250 -131.833664
616.151260 -130.946198
616.151269 -129.938324
616.151279 -128.882126
616.151288 -127.850594
616.151298 -126.900612
616.151308 -126.069725
616.151317 -125.380585
616.151327 -124.845840
616.151337 -124.472275
616.151346 -124.263565
616.151356 -124.216255
616.151365 -124.221001
616.151375 -124.334923
616.151385 -124.608040
616.151394 -125.030922
616.151404 -125.583588
616.151413 -126.231964
616.151423 -126.923172
616.151433 -127.588112
616.151442 -128.156036
616.151452 -128.583191
616.151462 -128.875076
616.151471 -129.084686
616.151481 -129.284576
616.151490 -129.539932
616.151500 -129.884323
616.151510 -130.331177
616.151519 -130.886978
616.151529 -131.518829
616.151538 -132.168488
616.151548 -132.755646
616.151558 -133.193878
616.151567 -133.421066
616.151577 -133.258774
616.151587 -132.989182
616.151596 -132.694107
616.151606 -132.434174
616.151615 -132.253082
616.151625 -132.180328
616.151635 -132.177750
616.151644 -132.222397
616.151654 -132.405960
616.151663 -132.733002
616.151673 -133.190811
616.151683 -133.743851
616.151692 -134.321915
616.151702 -134.817535
616.151712 -135.104477
616.151721 -134.881744
616.151731 -134.506866
616.151740 -134.121964
616.151750 -133.833099
616.151760 -133.708984
616.151769 -133.708054
616.151779 -133.786667
616.151788 -134.096817
616.151798 -134.679260
616.151808 -135.557388
616.151817 -136.731766
616.151827 -138.112762
616.151837 -139.346146
616.151846 -138.794922
616.151856 -137.190689
616.151865 -135.558975
616.151875 -134.173080
616.151885 -133.090164
616.151894 -132.297592
616.151904 -131.767883
616.151913 -131.472916
616.151923 -131.382217
616.151933 -131.382965
616.151942 -131.480377
616.151952 -131.750977
616.151962 -132.177765
616.151971 -132.742767
616.151981 -133.421097
616.151990 -134.174484
616.152000 -134.939102
616.152010 -135.617279
616.152019 -136.080002
616.152029 -135.929504
616.152038 -135.294815
616.152048 -134.403839
616.152058 -133.374557
616.152067 -132.305115
616.152077 -131.269165
616.152087 -130.317413
616.152096 -129.483139
616.152106 -128.783630
616.152115 -128.222992
616.152125 -127.792076
616.152135 -127.470253
616.152144 -127.226540
616.152154 -127.027016
616.152163 -126.848976
616.152173 -126.681488
616.152183 -126.535591
616.152192 -126.443695
616.152202 -126.434372
616.152212 -126.467697
616.152221 -126.635162
616.152231 -127.009605
616.152240 -127.646614
616.152250 -128.611694
616.152260 -129.995575
616.152269 -131.947739
616.152279 -134.744736
616.152288 -139.074463
616.152298 -146.176468
616.152308 -139.160294
616.152317 -135.398438
616.152327 -132.996384
616.152337 -131.334106
616.152346 -130.131302
616.152356 -129.240295
616.152365 -128.577408
616.152375 -128.093658
616.152385 -127.762177
616.152394 -127.568832
616.152404 -127.503227
616.152413 -127.511795
616.152423 -127.588280
616.152433 -127.799225
616.152442 -128.142319
616.152452 -128.610321
616.152462 -129.188278
616.152471 -129.852753
616.152481 -130.571167
616.152490 -131.304810
616.152500 -132.012405
616.152510 -132.653763
616.152519 -133.176376
616.152529 -133.521744
616.152538 -133.520218
616.152548 -133.120377
616.152558 -132.501022
616.152567 -131.748398
616.152577 -130.951035
616.152587 -130.174881
616.152596 -129.458450
616.152606 -128.817032
616.152615 -128.250900
616.152625 -127.751068
616.152635 -127.305435
616.152644 -126.902245
616.152654 -126.533684
616.152663 -126.196785
616.152673 -125.894157
616.152683 -125.632286
616.152692 -125.420555
616.152702 -125.269119
616.152712 -125.188354
616.152721 -125.174423
616.152731 -125.187813
616.152740 -125.276337
616.152750 -125.461502
616.152760 -125.750046
616.152769 -126.146729
616.152779 -126.653702
616.152788 -127.267647
616.152798 -127.976654
616.152808 -128.753937
616.152817 -129.551102
616.152827 -130.292694
616.152837 -130.881592
616.152846 -131.225616
616.152856 -131.067825
616.152865 -130.665909
616.152875 -130.161835
616.152885 -129.629684
616.152894 -129.124161
616.152904 -128.684113
616.152913 -128.334747
616.152923 -128.105225
616.152933 -128.014679
616.152942 -128.014511
616.152952 -128.081848
616.152962 -128.320541
616.152971 -128.745346
616.152981 -129.369614
616.152990 -130.204147
616.153000 -131.256271
616.153010 -132.523712
616.153019 -133.986404
616.153029 -135.586716
616.153038 -137.206207
616.153048 -138.651779
616.153058 -139.710175
616.153067 -140.274521
616.153077 -140.212082
616.153087 -139.778168
616.153096 -139.113983
616.153106 -138.216339
616.153115 -137.100189
616.153125 -135.828384
616.153135 -134.486557
616.153144 -133.153687
616.153154 -131.893524
616.153163 -130.747833
616.153173 -129.739349
616.153183 -128.874130
616.153192 -128.147141
616.153202 -127.544731
616.153212 -127.049294
616.153221 -126.641937
616.153231 -126.306412
616.153240 -126.031517
616.153250 -125.812683
616.153260 -125.651085
616.153269 -125.551689
616.153279 -125.519600
616.153288 -125.519684
616.153298 -125.558136
616.153308 -125.657440
616.153317 -125.814812
616.153327 -126.019569
616.153337 -126.253441
616.153346 -126.496681
616.153356 -126.730980
616.153365 -126.943390
616.153375 -127.127357
616.153385 -127.281662
616.153394 -127.396309
616.153404 -127.488327
616.153413 -127.563492
616.153423 -127.628777
616.153433 -127.694778
616.153442 -127.776726
616.153452 -127.894318
616.153462 -128.068176
616.153471 -128.314911
616.153481 -128.639526
616.153490 -129.026108
616.153500 -129.428009
616.153510 -129.763062
616.153519 -129.852402
616.153529 -129.531891
616.153538 -129.046753
616.153548 -128.506836
616.153558 -128.005966
616.153567 -127.606430
616.153577 -127.342171
616.153587 -127.229179
616.153596 -127.222557
616.153606 -127.272751
616.153615 -127.472893
616.153625 -127.826859
616.153635 -128.331161
616.153644 -128.975464
616.153654 -129.754028
616.153663 -130.652420
616.153673 -131.640076
616.153683 -132.657043
616.153692 -133.596191
616.153702 -134.301636
616.153712 -134.504929
616.153721 -134.046829
616.153731 -133.403183
616.153740 -132.705750
616.153750 -132.017914
616.153760 -131.378616
616.153769 -130.809158
616.153779 -130.311020
616.153788 -129.883942
616.153798 -129.528519
616.153808 -129.242645
616.153817 -129.016479
616.153827 -128.825287
616.153837 -128.624985
616.153846 -128.354111
616.153856 -127.951134
616.153865 -127.382751
616.153875 -126.665840
616.153885 -125.861443
616.153894 -125.048386
616.153904 -124.297676
616.153913 -123.662277
616.153923 -123.176994
616.153933 -122.863609
616.153942 -122.735146
616.153952 -122.732338
616.153962 -122.800255
616.153971 -123.062447
616.153981 -123.520325
616.153990 -124.181770
616.154000 -125.044388
616.154010 -126.098000
616.154019 -127.314751
616.154029 -128.631821
616.154038 -129.926025
616.154048 -131.002563
616.154058 -131.652740
616.154067 -131.526337
616.154077 -131.035873
616.154087 -130.466888
616.154096 -129.898849
616.154106 -129.357361
616.154115 -128.880325
616.154125 -128.480515
616.154135 -128.169952
616.154144 -127.961510
616.154154 -127.866959
616.154163 -127.857597
616.154173 -127.896317
616.154183 -128.056595
616.154192 -128.351761
616.154202 -128.782761
616.154212 -129.348267
616.154221 -130.044815
616.154231 -130.867615
616.154240 -131.803116
616.154250 -132.812668
616.154260 -133.851654
616.154269 -134.792862
616.154279 -135.414581
616.154288 -134.945389
616.154298 -134.010590
616.154308 -132.942413
616.154317 -131.919357
616.154327 -131.023956
616.154337 -130.281235
616.154346 -129.686966
616.154356 -129.223770
616.154365 -128.867813
616.154375 -128.593216
616.154385 -128.373520
616.154394 -128.184326
616.154404 -128.004013
616.154413 -127.816154
616.154423 -127.609924
616.154433 -127.382324
616.154442 -127.138527
616.154452 -126.892372
616.154462 -126.665123
616.154471 -126.484024
616.154481 -126.378105
616.154490 -126.363098
616.154500 -126.384682
616.154510 -126.532524
616.154519 -126.858116
616.154529 -127.399559
616.154538 -128.198807
616.154548 -129.316422
616.154558 -130.846176
616.154567 -132.941177
616.154577 -135.906357
616.154587 -140.526749
616.154596 -150.339371
616.154606 -141.600525
616.154615 -137.875977
616.154625 -135.770950
616.154635 -134.524002
616.154644 -133.828400
616.154654 -133.509644
616.154663 -133.410706
616.154673 -133.385406
616.154683 -133.258835
616.154692 -132.815613
616.154702 -132.037277
616.154712 -131.040039
616.154721 -129.997498
616.154731 -129.050690
616.154740 -128.286758
616.154750 -127.754677
616.154760 -127.483490
616.154769 -127.442764
616.154779 -127.495804
616.154788 -127.814484
616.154798 -128.467880
616.154808 -129.491409
616.154817 -130.919296
616.154827 -132.733719
616.154837 -134.658356
616.154846 -134.976685
616.154856 -133.138962
616.154865 -131.266586
616.154875 -129.693344
616.154885 -128.437485
616.154894 -127.442825
616.154904 -126.675896
616.154913 -126.105507
616.154923 -125.709038
616.154933 -125.472488
616.154942 -125.383186
616.154952 -125.380875
616.154962 -125.425468
616.154971 -125.591537
616.154981 -125.859337
616.154990 -126.197319
616.155000 -126.566231
616.155010 -126.924980
616.155019 -127.241127
616.155029 -127.499863
616.155038 -127.705643
616.155048 -127.873680
616.155058 -128.017746
616.155067 -128.130112
616.155077 -128.207809
616.155087 -128.230118
616.155096 -128.177872
616.155106 -128.098160
616.155115 -128.018372
616.155125 -127.944939
616.155135 -127.900124
616.155144 -127.877678
616.155154 -127.859032
616.155163 -127.812187
616.155173 -127.701103
616.155183 -127.508766
616.155192 -127.236908
616.155202 -126.907005
616.155212 -126.552040
616.155221 -126.206154
616.155231 -125.898323
616.155240 -125.649460
616.155250 -125.473244
616.155260 -125.377563
616.155269 -125.353638
616.155279 -125.366791
616.155288 -125.442986
616.155298 -125.607407
616.155308 -125.861511
616.155317 -126.207230
616.155327 -126.646576
616.155337 -127.181000
616.155346 -127.809120
616.155356 -128.523727
616.155365 -129.306168
616.155375 -130.118774
616.155385 -130.895355
616.155394 -131.537415
616.155404 -131.929718
616.155413 -131.705154
616.155423 -131.159409
616.155433 -130.461334
616.155442 -129.710175
616.155452 -128.975906
616.155462 -128.303329
616.155471 -127.720245
616.155481 -127.246048
616.155490 -126.896286
616.155500 -126.686050
616.155510 -126.624390
616.155519 -126.631729
616.155529 -126.752396
616.155538 -127.069641
616.155548 -127.608795
616.155558 -128.398514
616.155567 -129.468750
616.155577 -130.841599
616.155587 -132.499603
616.155596 -134.288513
616.155606 -135.723877
616.155615 -135.262833
616.155625 -133.964737
616.155635 -132.688232
616.155644 -131.589691
616.155654 -130.676300
616.155663 -129.958878
616.155673 -129.422394
616.155683 -129.065002
616.155692 -128.891861
616.155702 -128.883133
616.155712 -128.931747
616.155721 -129.190338
616.155731 -129.689392
616.155740 -130.440521
616.155750 -131.436401
616.155760 -132.613586
616.155769 -133.771835
616.155779 -134.336594
616.155788 -133.383774
616.155798 -132.077560
616.155808 -130.792557
616.155817 -129.687134
616.155827 -128.805435
616.155837 -128.149597
616.155846 -127.709328
616.155856 -127.472794
616.155865 -127.417488
616.155875 -127.429787
616.155885 -127.572388
616.155894 -127.894157
616.155904 -128.390137
616.155913 -129.055252
616.155923 -129.882858
616.155933 -130.861008
616.155942 -131.967422
616.155952 -133.160843
616.155962 -134.369537
616.155971 -135.479691
616.155981 -136.338135
616.155990 -136.718338
616.156000 -136.139664
616.156010 -135.148438
616.156019 -133.891266
616.156029 -132.511749
616.156038 -131.122681
616.156048 -129.800583
616.156058 -128.592270
616.156067 -127.523613
616.156077 -126.607628
616.156087 -125.849770
616.156096 -125.251633
616.156106 -124.812469
616.156115 -124.530693
616.156125 -124.403847
616.156135 -124.395432
616.156144 -124.428810
616.156154 -124.600670
616.156163 -124.908905
616.156173 -125.340408
616.156183 -125.883972
616.156192 -126.517334
616.156202 -127.211052
616.156212 -127.928429
616.156221 -128.627838
616.156231 -129.266312
616.156240 -129.804138
616.156250 -130.206650
616.156260 -130.444366
616.156269 -130.323013
616.156279 -129.929688
616.156288 -129.320175
616.156298 -128.530304
616.156308 -127.618134
616.156317 -126.650261
616.156327 -125.689575
616.156337 -124.787018
616.156346 -123.980423
616.156356 -123.295456
616.156365 -122.748672
616.156375 -122.349724
616.156385 -122.101654
616.156394 -122.007080
616.156404 -122.006104
616.156413 -122.066544
616.156423 -122.276199
616.156433 -122.629677
616.156442 -123.117516
616.156452 -123.725723
616.156462 -124.434296
616.156471 -125.215103
616.156481 -126.030029
616.156490 -126.829193
616.156500 -127.551628
616.156510 -128.143143
616.156519 -128.557724
616.156529 -128.776627
616.156538 -128.725937
616.156548 -128.565964
616.156558 -128.416611
616.156567 -128.341431
616.156577 -128.345016
616.156587 -128.411072
616.156596 -128.663483
616.156606 -129.149506
616.156615 -129.918457
616.156625 -131.029251
616.156635 -132.560211
616.156644 -134.611969
616.156654 -137.246567
616.156663 -139.969315
616.156673 -137.987732
616.156683 -135.226624
616.156692 -132.953888
616.156702 -131.142532
616.156712 -129.687515
616.156721 -128.515717
616.156731 -127.586906
616.156740 -126.883217
616.156750 -126.400925
616.156760 -126.143349
616.156769 -126.096802
616.156779 -126.129906
616.156788 -126.374161
616.156798 -126.908737
616.156808 -127.781837
616.156817 -129.073318
616.156827 -130.927505
616.156837 -133.635345
616.156846 -137.901764
616.156856 -145.393982
616.156865 -137.716827
616.156875 -133.775665
616.156885 -131.278366
616.156894 -129.579254
616.156904 -128.394135
616.156913 -127.579849
616.156923 -127.055496
616.156933 -126.771973
616.156942 -126.693802
616.156952 -126.699417
616.156962 -126.819839
616.156971 -127.121552
616.156981 -127.576607
616.156990 -128.178452
616.157000 -128.882950
616.157010 -129.597229
616.157019 -130.163925
616.157029 -130.215897
616.157038 -129.701889
616.157048 -129.051956
616.157058 -128.439865
616.157067 -127.971298
616.157077 -127.696663
616.157087 -127.620079
616.157096 -127.633133
616.157106 -127.781097
616.157115 -128.131989
616.157125 -128.675034
616.157135 -129.400223
616.157144 -130.300613
616.157154 -131.369080
616.157163 -132.547836
616.157173 -133.772369
616.157183 -134.827255
616.157192 -135.036301
616.157202 -134.093369
616.157212 -132.919601
616.157221 -131.807907
616.157231 -130.884033
616.157240 -130.181381
616.157250 -129.691284
616.157260 -129.394226
616.157269 -129.272339
616.157279 -129.264145
616.157288 -129.301682
616.157298 -129.460480
616.157308 -129.730484
616.157317 -130.092941
616.157327 -130.527237
616.157337 -131.020981
616.157346 -131.541779
616.157356 -132.033310
616.157365 -132.410706
616.157375 -132.457932
616.157385 -132.088058
616.157394 -131.516434
616.157404 -130.852646
616.157413 -130.178665
616.157423 -129.545563
616.157433 -128.977493
616.157442 -128.481796
616.157452 -128.057007
616.157462 -127.698822
616.157471 -127.403366
616.157481 -127.169106
616.157490 -126.995049
616.157500 -126.884308
616.157510 -126.842171
616.157519 -126.851364
616.157529 -126.886940
616.157538 -127.000572
616.157548 -127.196953
616.157558 -127.481659
616.157567 -127.862320
616.157577 -128.350647
616.157587 -128.964539
616.157596 -129.731552
616.157606 -130.692978
616.157615 -131.911560
616.157625 -133.486465
616.157635 -135.590149
616.157644 -138.572678
616.157654 -143.378891
616.157663 -149.637680
616.157673 -141.823349
616.157683 -137.989746
616.157692 -135.552444
616.157702 -133.858887
616.157712 -132.641083
616.157721 -131.758957
616.157731 -131.126633
616.157740 -130.680344
616.157750 -130.358871
616.157760 -130.099258
616.157769 -129.830139
616.157779 -129.467941
616.157788 -128.935059
616.157798 -128.215271
616.157808 -127.343208
616.157817 -126.390434
616.157827 -125.434456
616.157837 -124.537758
616.157846 -123.742920
616.157856 -123.075737
616.157865 -122.550430
616.157875 -122.174393
616.157885 -121.951233
616.157894 -121.880608
616.157904 -121.883247
616.157913 -121.972649
616.157923 -122.222023
616.157933 -122.632706
616.157942 -123.209351
616.157952 -123.961281
616.157962 -124.894028
616.157971 -126.006783
616.157981 -127.279045
616.157990 -128.639984
616.158000 -129.917725
616.158010 -130.814484
616.158019 -130.661438
616.158029 -129.928467
616.158038 -129.140472
616.158048 -128.451675
616.158058 -127.917709
616.158067 -127.533279
616.158077 -127.290955
616.158087 -127.169121
616.158096 -127.137695
616.158106 -127.146645
616.158115 -127.191750
616.158125 -127.289124
616.158135 -127.432175
616.158144 -127.626976
616.158154 -127.889908
616.158163 -128.244461
616.158173 -128.715744
616.158183 -129.326569
616.158192 -130.093140
616.158202 -131.015488
616.158212 -132.084579
616.158221 -133.273865
616.158231 -134.523666
616.158240 -135.743805
616.158250 -136.826340
616.158260 -137.667801
616.158269 -138.160751
616.158279 -138.051971
616.158288 -137.501953
616.158298 -136.736435
616.158308 -135.870911
616.158317 -134.998291
616.158327 -134.175293
616.158337 -133.424866
616.158346 -132.748688
616.158356 -132.136017
616.158365 -131.570648
616.158375 -131.034668
616.158385 -130.506729
616.158394 -129.962677
616.158404 -129.401367
616.158413 -128.817551
616.158423 -128.215652
616.158433 -127.610115
616.158442 -127.023384
616.158452 -126.482132
616.158462 -126.013206
616.158471 -125.641670
616.158481 -125.389427
616.158490 -125.276222
616.158500 -125.269638
616.158510 -125.320419
616.158519 -125.540245
616.158529 -125.955650
616.158538 -126.590271
616.158548 -127.472519
616.158558 -128.637146
616.158567 -130.121872
616.158577 -131.952362
616.158587 -134.076767
616.158596 -136.171661
616.158606 -137.279999
616.158615 -136.419876
616.158625 -135.659683
616.158635 -135.328720
616.158644 -135.322266
616.158654 -135.462112
616.158663 -136.033554
616.158673 -136.831741
616.158683 -136.568832
616.158692 -134.879807
616.158702 -132.953033
616.158712 -131.251328
616.158721 -129.909546
616.158731 -128.940964
616.158740 -128.329086
616.158750 -128.046066
616.158760 -128.022263
616.158769 -128.091431
616.158779 -128.458313
616.158788 -129.140793
616.158798 -130.123016
616.158808 -131.352966
616.158817 -132.682480
616.158827 -133.793594
616.158837 -133.970245
616.158846 -133.196884
616.158856 -132.305878
616.158865 -131.479172
616.158875 -130.743134
616.158885 -130.099014
616.158894 -129.530960
616.158904 -129.024139
616.158913 -128.582428
616.158923 -128.226044
616.158933 -127.984184
616.158942 -127.886650
616.158952 -127.888611
616.158962 -127.972336
616.158971 -128.262100
616.158981 -128.782974
616.158990 -129.577347
616.159000 -130.681824
616.159010 -132.123489
616.159019 -133.858154
616.159029 -135.550552
616.159038 -135.226990
616.159048 -133.280563
616.159058 -131.310822
616.159067 -129.610413
616.159077 -128.206039
616.159087 -127.063065
616.159096 -126.142540
616.159106 -125.412209
616.159115 -124.848228
616.159125 -124.433479
616.159135 -124.156807
616.159144 -124.011879
616.159154 -123.985123
616.159163 -123.996933
616.159173 -124.114044
616.159183 -124.368988
616.159192 -124.771225
616.159202 -125.334015
616.159212 -126.073929
616.159221 -127.011139
616.159231 -128.168152
616.159240 -129.567398
616.159250 -131.221451
616.159260 -133.106964
616.159269 -135.097366
616.159279 -136.856873
616.159288 -137.896744
616.159298 -137.815369
616.159308 -137.586288
616.159317 -137.537491
616.159327 -137.637863
616.159337 -138.071014
616.159346 -138.931671
616.159356 -140.231964
616.159365 -141.869003
616.159375 -143.245178
616.159385 -141.489258
616.159394 -139.222183
616.159404 -137.165405
616.159413 -135.466614
616.159423 -134.109924
616.159433 -133.054001
616.159442 -132.263962
616.159452 -131.714066
616.159462 -131.387680
616.159471 -131.275543
616.159481 -131.275436
616.159490 -131.376389
616.159500 -131.695267
616.159510 -132.245331
616.159519 -133.044281
616.159529 -134.075668
616.159538 -135.311615
616.159548 -136.578110
616.159558 -137.205505
616.159567 -136.034668
616.159577 -134.500610
616.159587 -133.047302
616.159596 -131.832474
616.159606 -130.856201
616.159615 -130.114151
616.159625 -129.560547
616.159635 -129.138947
616.159644 -128.789398
616.159654 -128.455887
616.159663 -128.095596
616.159673 -127.688560
616.159683 -127.238220
616.159692 -126.764771
616.159702 -126.293869
616.159712 -125.848228
616.159721 -125.443649
616.159731 -125.089828
616.159740 -124.792091
616.159750 -124.553513
616.159760 -124.378006
616.159769 -124.274170
616.159779 -124.246613
616.159788 -124.249214
616.159798 -124.311340
616.159808 -124.469368
616.159817 -124.731827
616.159827 -125.106339
616.159837 -125.598114
616.159846 -126.209114
616.159856 -126.935890
616.159865 -127.767715
616.159875 -128.682770
616.159885 -129.644897
616.159894 -130.598969
616.159904 -131.469131
616.159913 -132.161087
616.159923 -132.577194
616.159933 -132.327560
616.159942 -131.670212
616.159952 -130.752640
616.159962 -129.676666
616.159971 -128.537857
616.159981 -127.411385
616.159990 -126.350899
616.160000 -125.390717
616.160010 -124.551224
616.160019 -123.842300
616.160029 -123.267242
616.160038 -122.824875
616.160048 -122.511703
616.160058 -122.323196
616.160067 -122.251610
616.160077 -122.254684
616.160087 -122.304153
616.160096 -122.468307
616.160106 -122.746727
616.160115 -123.136147
616.160125 -123.632515
616.160135 -124.239563
616.160144 -124.952293
616.160154 -125.760994
616.160163 -126.650620
616.160173 -127.600883
616.160183 -128.588623
616.160192 -129.589935
616.160202 -130.582184
616.160212 -131.537949
616.160221 -132.412170
616.160231 -133.121628
616.160240 -133.541214
616.160250 -133.118073
616.160260 -132.351242
616.160269 -131.419235
616.160279 -130.473877
616.160288 -129.618179
616.160298 -128.913910
616.160308 -128.397232
616.160317 -128.090591
616.160327 -128.006592
616.160337 -128.008728
616.160346 -128.160187
616.160356 -128.560196
616.160365 -129.219452
616.160375 -130.149490
616.160385 -131.363281
616.160394 -132.873260
616.160404 -134.686111
616.160413 -136.786057
616.160423 -139.093872
616.160433 -141.385422
616.160442 -143.248169
616.160452 -144.322021
616.160462 -144.604843
616.160471 -144.169601
616.160481 -143.354446
616.160490 -142.133423
616.160500 -140.666153
616.160510 -139.176407
616.160519 -137.830063
616.160529 -136.715958
616.160538 -135.863480
616.160548 -135.293182
616.160558 -135.019104
616.160567 -134.987854
616.160577 -135.043655
616.160587 -135.343842
616.160596 -135.859619
616.160606 -136.435425
616.160615 -136.544724
616.160625 -135.724564
616.160635 -134.565979
616.160644 -133.407928
616.160654 -132.442780
616.160663 -131.754395
616.160673 -131.374893
616.160683 -131.290268
616.160692 -131.318405
616.160702 -131.596329
616.160712 -132.222946
616.160721 -133.219635
616.160731 -134.612823
616.160740 -136.424240
616.160750 -138.619370
616.160760 -140.930405
616.160769 -142.456558
616.160779 -141.259827
616.160788 -139.861084
616.160798 -138.611145
616.160808 -137.548904
616.160817 -136.686340
616.160827 -136.003876
616.160837 -135.495636
616.160846 -135.154861
616.160856 -134.975082
616.160865 -134.942947
616.160875 -134.961823
616.160885 -135.109421
616.160894 -135.417328
616.160904 -135.895432
616.160913 -136.572418
616.160923 -137.502579
616.160933 -138.777802
616.160942 -140.523331
616.160952 -142.954926
616.160962 -146.307220
616.160971 -146.885086
616.160981 -142.930023
616.160990 -139.845993
616.161000 -137.512970
616.161010 -135.682709
616.161019 -134.189117
616.161029 -132.922455
616.161038 -131.809402
616.161048 -130.802963
616.161058 -129.879013
616.161067 -129.032089
616.161077 -128.271454
616.161087 -127.615166
616.161096 -127.085976
616.161106 -126.707367
616.161115 -126.503021
616.161125 -126.470436
616.161135 -126.496910
616.161144 -126.715027
616.161154 -127.188133
616.161163 -127.952942
616.161173 -129.072098
616.161183 -130.644104
616.161192 -132.842056
616.161202 -136.024948
616.161212 -141.152588
616.161221 -145.594742
616.161231 -139.515900
616.161240 -136.495468
616.161250 -134.822128
616.161260 -133.965408
616.161269 -133.676788
616.161279 -133.691025
616.161288 -133.855850
616.161298 -134.295197
616.161308 -134.755859
616.161317 -134.392029
616.161327 -133.395691
616.161337 -132.198669
616.161346 -131.042358
616.161356 -130.030975
616.161365 -129.182739
616.161375 -128.478806
616.161385 -127.889488
616.161394 -127.387810
616.161404 -126.954964
616.161413 -126.581589
616.161423 -126.263969
616.161433 -125.999992
616.161442 -125.777527
616.161452 -125.583855
616.161462 -125.416290
616.161471 -125.261353
616.161481 -125.110832
616.161490 -124.965866
616.161500 -124.838799
616.161510 -124.750656
616.161519 -124.720009
616.161529 -124.727074
616.161538 -124.793877
616.161548 -124.973587
616.161558 -125.283836
616.161567 -125.725929
616.161577 -126.308823
616.161587 -127.026993
616.161596 -127.853439
616.161606 -128.731613
616.161615 -129.566269
616.161625 -130.230453
616.161635 -130.611557
616.161644 -130.505569
616.161654 -130.227081
616.161663 -129.943512
616.161673 -129.733582
616.161683 -129.632584
616.161692 -129.631989
616.161702 -129.668716
616.161712 -129.833862
616.161721 -130.128860
616.161731 -130.547913
616.161740 -131.084946
616.161750 -131.734848
616.161760 -132.494949
616.161769 -133.365875
616.161779 -134.353073
616.161788 -135.467224
616.161798 -136.713852
616.161808 -138.102859
616.161817 -139.621185
616.161827 -141.162750
616.161837 -142.427795
616.161846 -142.605042
616.161856 -141.784042
616.161865 -141.009918
616.161875 -140.598206
616.161885 -140.571838
616.161894 -140.751221
616.161904 -141.692734
616.161913 -143.866013
616.161923 -148.601318
616.161933 -145.408325
616.161942 -139.484131
616.161952 -135.712479
616.161962 -133.028275
616.161971 -131.036957
616.161981 -129.556854
616.161990 -128.495285
616.162000 -127.796906
616.162010 -127.429619
616.162019 -127.351952
616.162029 -127.374275
616.162038 -127.616966
616.162048 -128.136932
616.162058 -128.887909
616.162067 -129.757111
616.162077 -130.513763
616.162087 -130.513611
616.162096 -129.704727
616.162106 -128.712967
616.162115 -127.764542
616.162125 -126.959808
616.162135 -126.322861
616.162144 -125.842896
616.162154 -125.495705
616.162163 -125.253410
616.162173 -125.089897
616.162183 -124.983261
616.162192 -124.918015
616.162202 -124.885643
616.162212 -124.880623
616.162221 -124.885460
616.162231 -124.920265
616.162240 -125.007347
616.162250 -125.167984
616.162260 -125.426300
616.162269 -125.810364
616.162279 -126.351372
616.162288 -127.084473
616.162298 -128.048676
616.162308 -129.286301
616.162317 -130.829132
616.162327 -132.638977
616.162337 -134.398529
616.162346 -134.338257
616.162356 -132.540665
616.162365 -130.709427
616.162375 -129.158066
616.162385 -127.928558
616.162394 -126.996582
616.162404 -126.330376
616.162413 -125.903130
616.162423 -125.693817
616.162433 -125.660782
616.162442 -125.685081
616.162452 -125.860275
616.162462 -126.199608
616.162471 -126.676880
616.162481 -127.254135
616.162490 -127.879166
616.162500 -128.488068
616.162510 -129.020767
616.162519 -129.445648
616.162529 -129.781097
616.162538 -130.093475
616.162548 -130.476715
616.162558 -131.032349
616.162567 -131.863892
616.162577 -133.089264
616.162587 -134.875214
616.162596 -137.524536
616.162606 -141.782120
616.162615 -150.830551
616.162625 -142.999405
616.162635 -138.993454
616.162644 -136.717560
616.162654 -135.352615
616.162663 -134.585236
616.162673 -134.261322
616.162683 -134.235260
616.162692 -134.294418
616.162702 -134.630676
616.162712 -135.231430
616.162721 -136.078720
616.162731 -137.163788
616.162740 -138.486084
616.162750 -140.024551
616.162760 -141.740555
616.162769 -143.369217
616.162779 -143.121109
616.162788 -141.031448
616.162798 -138.827682
616.162808 -136.918671
616.162817 -135.386719
616.162827 -134.210037
616.162837 -133.376419
616.162846 -132.851990
616.162856 -132.598206
616.162865 -132.545242
616.162875 -132.566238
616.162885 -132.689484
616.162894 -132.878052
616.162904 -133.027679
616.162913 -132.903885
616.162923 -132.631393
616.162933 -132.312653
616.162942 -132.035156
616.162952 -131.869522
616.162962 -131.839569
616.162971 -131.864960
616.162981 -132.056473
616.162990 -132.471024
616.163000 -133.134598
616.163010 -134.075943
616.163019 -135.328949
616.163029 -136.929688
616.163038 -138.889847
616.163048 -141.077393
616.163058 -142.857513
616.163067 -141.614517
616.163077 -139.742050
616.163087 -138.023453
616.163096 -136.568726
616.163106 -135.351990
616.163115 -134.330826
616.163125 -133.467789
616.163135 -132.741592
616.163144 -132.131195
616.163154 -131.618134
616.163163 -131.185715
616.163173 -130.817215
616.163183 -130.496597
616.163192 -130.208694
616.163202 -129.937729
616.163212 -129.676804
616.163221 -129.419998
616.163231 -129.164124
616.163240 -128.906693
616.163250 -128.646332
616.163260 -128.383118
616.163269 -128.121872
616.163279 -127.874245
616.163288 -127.660172
616.163298 -127.506401
616.163308 -127.443695
616.163317 -127.442139
616.163327 -127.502670
616.163337 -127.709976
616.163346 -128.084518
616.163356 -128.614716
616.163365 -129.296478
616.163375 -130.079330
616.163385 -130.855331
616.163394 -131.459854
616.163404 -131.602554
616.163413 -131.175537
616.163423 -130.590958
616.163433 -129.967850
616.163442 -129.354004
616.163452 -128.769791
616.163462 -128.227036
616.163471 -127.723358
616.163481 -127.264114
616.163490 -126.863678
616.163500 -126.543060
616.163510 -126.325256
616.163519 -126.232567
616.163529 -126.228729
616.163538 -126.284210
616.163548 -126.495438
616.163558 -126.876831
616.163567 -127.434334
616.163577 -128.167267
616.163587 -129.067734
616.163596 -130.118423
616.163606 -131.293976
616.163615 -132.564728
616.163625 -133.907486
616.163635 -135.316101
616.163644 -136.788635
616.163654 -138.312836
616.163663 -139.849869
616.163673 -141.159653
616.163683 -141.488068
616.163692 -140.495285
616.163702 -139.255661
616.163712 -138.009567
616.163721 -136.830170
616.163731 -135.727676
616.163740 -134.707794
616.163750 -133.785690
616.163760 -132.982956
616.163769 -132.319901
616.163779 -131.810944
616.163788 -131.449219
616.163798 -131.244629
616.163808 -131.187073
616.163817 -131.191086
616.163827 -131.271774
616.163837 -131.460648
616.163846 -131.723434
616.163856 -132.019272
616.163865 -132.306259
616.163875 -132.551132
616.163885 -132.738495
616.163894 -132.875839
616.163904 -132.988708
616.163913 -133.111084
616.163923 -133.275330
616.163933 -133.506790
616.163942 -133.820297
616.163952 -134.220200
616.163962 -134.685699
616.163971 -135.186020
616.163981 -135.682724
616.163990 -136.104156
616.164000 -136.375107
616.164010 -136.350876
616.164019 -136.176331
616.164029 -136.013748
616.164038 -135.948700
616.164048 -135.966019
616.164058 -136.056625
616.164067 -136.287933
616.164077 -136.586288
616.164087 -136.711594
616.164096 -136.247467
616.164106 -135.409271
616.164115 -134.377411
616.164125 -133.303467
616.164135 -132.270218
616.164144 -131.297211
616.164154 -130.369415
616.164163 -129.489868
616.164173 -128.645813
616.164183 -127.834618
616.164192 -127.063698
616.164202 -126.347855
616.164212 -125.704628
616.164221 -125.151375
616.164231 -124.702827
616.164240 -124.371292
616.164250 -124.166351
616.164260 -124.095749
616.164269 -124.095726
616.164279 -124.166008
616.164288 -124.382416
616.164298 -124.749695
616.164308 -125.272514
616.164317 -125.955070
616.164327 -126.801712
616.164337 -127.816856
616.164346 -129.005890
616.164356 -130.376053
616.164365 -131.939270
616.164375 -133.716339
616.164385 -135.746277
616.164394 -138.103455
616.164404 -140.913177
616.164413 -144.515961
616.164423 -149.726990
616.164433 -150.948990
616.164442 -145.343719
616.164452 -141.525391
616.164462 -138.544067
616.164471 -136.037613
616.164481 -133.862534
616.164490 -131.959045
616.164500 -130.301971
616.164510 -128.879272
616.164519 -127.684357
616.164529 -126.711708
616.164538 -125.955719
616.164548 -125.409729
616.164558 -125.065163
616.164567 -124.909363
616.164577 -124.897186
616.164587 -124.930847
616.164596 -125.104263
616.164606 -125.401817
616.164615 -125.785698
616.164625 -126.209908
616.164635 -126.623932
616.164644 -126.980225
616.164654 -127.242355
616.164663 -127.390137
616.164673 -127.321663
616.164683 -127.120308
616.164692 -126.842285
616.164702 -126.516853
616.164712 -126.180237
616.164721 -125.871742
616.164731 -125.629745
616.164740 -125.488235
616.164750 -125.457726
616.164760 -125.476120
616.164769 -125.617203
616.164779 -125.931648
616.164788 -126.437981
616.164798 -127.155014
616.164808 -128.103409
616.164817 -129.307907
616.164827 -130.796768
616.164837 -132.594879
616.164846 -134.684464
616.164856 -136.855408
616.164865 -138.229691
616.164875 -136.779556
616.164885 -135.042618
616.164894 -133.489838
616.164904 -132.216949
616.164913 -131.217346
616.164923 -130.468689
616.164933 -129.953476
616.164942 -129.660843
616.164952 -129.582916
616.164962 -129.584778
616.164971 -129.719757
616.164981 -130.069244
616.164990 -130.630066
616.165000 -131.386780
616.165010 -132.296951
616.165019 -133.268707
616.165029 -134.151993
616.165038 -134.785873
616.165048 -135.121597
616.165058 -135.293350
616.165067 -135.544052
616.165077 -136.123428
616.165087 -137.283340
616.165096 -139.366302
616.165106 -142.996567
616.165115 -144.397995
616.165125 -139.019775
616.165135 -135.505341
616.165144 -133.118973
616.165154 -131.456207
616.165163 -130.307800
616.165173 -129.547012
616.165183 -129.081818
616.165192 -128.827744
616.165202 -128.706100
616.165212 -128.644440
616.165221 -128.570480
616.165231 -128.436356
616.165240 -128.232269
616.165250 -127.984047
616.165260 -127.736992
616.165269 -127.536919
616.165279 -127.419350
616.165288 -127.398170
616.165298 -127.416809
616.165308 -127.525009
616.165317 -127.751251
616.165327 -128.092026
616.165337 -128.541016
616.165346 -129.089783
616.165356 -129.728775
616.165365 -130.445801
616.165375 -131.224701
616.165385 -132.040359
616.165394 -132.855652
616.165404 -133.618942
616.165413 -134.273788
616.165423 -134.780609
616.165433 -135.145142
616.165442 -135.428268
616.165452 -135.731796
616.165462 -136.171707
616.165471 -136.866776
616.165481 -137.945007
616.165490 -139.576096
616.165500 -142.048798
616.165510 -146.023392
616.165519 -153.671707
616.165529 -147.270508
616.165538 -143.283997
616.165548 -140.916031
616.165558 -139.368408
616.165567 -138.276001
616.165577 -137.412155
616.165587 -136.628586
616.165596 -135.851807
616.165606 -135.083939
616.165615 -134.376663
616.165625 -133.796280
616.165635 -133.399368
616.165644 -133.215912
616.165654 -133.216797
616.165663 -133.287231
616.165673 -133.583160
616.165683 -134.067932
616.165692 -134.634796
616.165702 -135.090424
616.165712 -134.818634
616.165721 -134.064117
616.165731 -133.159027
616.165740 -132.295227
616.165750 -131.583282
616.165760 -131.077332
616.165769 -130.802338
616.165779 -130.755707
616.165788 -130.782410
616.165798 -131.051758
616.165808 -131.650391
616.165817 -132.642120
616.165827 -134.131744
616.165837 -136.304031
616.165846 -139.508224
616.165856 -144.276688
616.165865 -142.837341
616.165875 -138.955261
616.165885 -136.408112
616.165894 -134.620926
616.165904 -133.316467
616.165913 -132.292267
616.165923 -131.420029
616.165933 -130.625351
616.165942 -129.879028
616.165952 -129.184952
616.165962 -128.564713
616.165971 -128.043518
616.165981 -127.642395
616.165990 -127.374680
616.166000 -127.243271
616.166010 -127.228905
616.166019 -127.254646
616.166029 -127.391006
616.166038 -127.636963
616.166048 -127.965965
616.166058 -128.342651
616.166067 -128.727020
616.166077 -129.081024
616.166087 -129.377045
616.166096 -129.602661
616.166106 -129.757950
616.166115 -129.831436
616.166125 -129.803085
616.166135 -129.730179
616.166144 -129.654480
616.166154 -129.615875
616.166163 -129.621948
616.166173 -129.688477
616.166183 -129.911926
616.166192 -130.348663
616.166202 -131.053787
616.166212 -132.087067
616.166221 -133.522308
616.166231 -135.468887
616.166240 -138.110519
616.166250 -141.792908
616.166260 -146.997604
616.166269 -145.991592
616.166279 -142.568924
616.166288 -140.421539
616.166298 -139.047455
616.166308 -138.166885
616.166317 -137.625244
616.166327 -137.327667
616.166337 -137.218033
616.166346 -137.214706
616.166356 -137.265945
616.166365 -137.463165
616.166375 -137.803421
616.166385 -138.278580
616.166394 -138.828644
616.166404 -138.975418
616.166413 -137.813019
616.166423 -136.006699
616.166433 -134.057587
616.166442 -132.263275
616.166452 -130.729080
616.166462 -129.471558
616.166471 -128.472900
616.166481 -127.704636
616.166490 -127.150101
616.166500 -126.782715
616.166510 -126.577515
616.166519 -126.511169
616.166529 -126.510002
616.166538 -126.563515
616.166548 -126.718002
616.166558 -126.963974
616.166567 -127.297844
616.166577 -127.724030
616.166587 -128.254623
616.166596 -128.909576
616.166606 -129.713425
616.166615 -130.688843
616.166625 -131.888550
616.166635 -133.363495
616.166644 -135.170273
616.166654 -137.343323
616.166663 -139.754654
616.166673 -141.676483
616.166683 -140.421341
616.166692 -138.829987
616.166702 -137.608383
616.166712 -136.865341
616.166721 -136.600388
616.166731 -136.615982
616.166740 -136.898193
616.166750 -137.813583
616.166760 -139.602921
616.166769 -142.849762
616.166779 -148.385910
616.166788 -141.215668
616.166798 -136.849060
616.166808 -133.917786
616.166817 -131.821457
616.166827 -130.296524
616.166837 -129.208984
616.166846 -128.483673
616.166856 -128.077301
616.166865 -127.957024
616.166875 -127.964882
616.166885 -128.133179
616.166894 -128.572098
616.166904 -129.265701
616.166913 -130.167557
616.166923 -131.151932
616.166933 -131.947250
616.166942 -131.673630
616.166952 -130.672607
616.166962 -129.540131
616.166971 -128.506409
616.166981 -127.666389
616.166990 -127.045158
616.167000 -126.640793
616.167010 -126.442314
616.167019 -126.415581
616.167029 -126.437607
616.167038 -126.610519
616.167048 -126.952576
616.167058 -127.461678
616.167067 -128.134552
616.167077 -128.971878
616.167087 -129.978592
616.167096 -131.163864
616.167106 -132.537918
616.167115 -134.100647
616.167125 -135.807068
616.167135 -137.480576
616.167144 -138.689728
616.167154 -138.104462
616.167163 -136.816589
616.167173 -135.457718
616.167183 -134.194077
616.167192 -133.059937
616.167202 -132.047043
616.167212 -131.136703
616.167221 -130.335403
616.167231 -129.644302
616.167240 -129.071320
616.167250 -128.628113
616.167260 -128.328278
616.167269 -128.183884
616.167279 -128.173676
616.167288 -128.209595
616.167298 -128.411484
616.167308 -128.794586
616.167317 -129.354431
616.167327 -130.069794
616.167337 -130.887985
616.167346 -131.703873
616.167356 -132.349472
616.167365 -132.483185
616.167375 -131.976151
616.167385 -131.279129
616.167394 -130.550858
616.167404 -129.884827
616.167413 -129.326248
616.167423 -128.883469
616.167433 -128.569412
616.167442 -128.388199
616.167452 -128.334259
616.167462 -128.337173
616.167471 -128.412430
616.167481 -128.608398
616.167490 -128.917450
616.167500 -129.329819
616.167510 -129.833008
616.167519 -130.414063
616.167529 -131.061890
616.167538 -131.771820
616.167548 -132.548370
616.167558 -133.407166
616.167567 -134.371338
616.167577 -135.465195
616.167587 -136.693390
616.167596 -138.001724
616.167606 -139.299911
616.167615 -140.347473
616.167625 -140.560730
616.167635 -139.706329
616.167644 -138.538544
616.167654 -137.264679
616.167663 -135.994049
616.167673 -134.779266
616.167683 -133.641098
616.167692 -132.582199
616.167702 -131.593079
616.167712 -130.660919
616.167721 -129.776230
616.167731 -128.940079
616.167740 -128.164856
616.167750 -127.471436
616.167760 -126.883720
616.167769 -126.424004
616.167779 -126.109291
616.167788 -125.948067
616.167798 -125.924950
616.167808 -125.951843
616.167817 -126.109459
616.167827 -126.411140
616.167837 -126.835243
616.167846 -127.348770
616.167856 -127.908859
616.167865 -128.467102
616.167875 -128.980560
616.167885 -129.423691
616.167894 -129.796021
616.167904 -130.117767
616.167913 -130.418900
616.167923 -130.727631
616.167933 -131.065018
616.167942 -131.443710
616.167952 -131.866821
616.167962 -132.321442
616.167971 -132.766769
616.167981 -133.121063
616.167990 -133.130844
616.168000 -132.727722
616.168010 -132.168854
616.168019 -131.619812
616.168029 -131.215820
616.168038 -131.049255
616.168048 -131.050995
616.168058 -131.194016
616.168067 -131.670395
616.168077 -132.536041
616.168087 -133.798416
616.168096 -135.328613
616.168106 -136.564362
616.168115 -135.162964
616.168125 -133.342880
616.168135 -131.723831
616.168144 -130.463303
616.168154 -129.561127
616.168163 -128.983902
616.168173 -128.694168
616.168183 -128.651138
616.168192 -128.679108
616.168202 -128.923447
616.168212 -129.419296
616.168221 -130.166748
616.168231 -131.172318
616.168240 -132.449585
616.168250 -134.017075
616.168260 -135.891312
616.168269 -138.053970
616.168279 -140.328720
616.168288 -142.079727
616.168298 -141.117081
616.168308 -139.465607
616.168317 -137.914688
616.168327 -136.601959
616.168337 -135.533829
616.168346 -134.688324
616.168356 -134.039734
616.168365 -133.560425
616.168375 -133.219833
616.168385 -132.981430
616.168394 -132.802444
616.168404 -132.634399
616.168413 -132.429367
616.168423 -132.146835
616.168433 -131.763718
616.168442 -131.278381
616.168452 -130.709244
616.168462 -130.086517
616.168471 -129.444641
616.168481 -128.814682
616.168490 -128.221817
616.168500 -127.683800
616.168510 -127.211899
616.168519 -126.811813
616.168529 -126.485252
616.168538 -126.230789
616.168548 -126.045448
616.168558 -125.925156
616.168567 -125.864517
616.168577 -125.855072
616.168587 -125.863876
616.168596 -125.915558
616.168606 -126.018242
616.168615 -126.170242
616.168625 -126.371094
616.168635 -126.622192
616.168644 -126.927071
616.168654 -127.291367
616.168663 -127.725258
616.168673 -128.242828
616.168683 -128.859131
616.168692 -129.588577
616.168702 -130.447052
616.168712 -131.440384
616.168721 -132.548828
616.168731 -133.695984
616.168740 -134.697708
616.168750 -135.110916
616.168760 -134.313995
616.168769 -133.142303
616.168779 -131.853867
616.168788 -130.579514
616.168798 -129.390060
616.168808 -128.325180
616.168817 -127.399162
616.168827 -126.622704
616.168837 -126.004860
616.168846 -125.551682
616.168856 -125.265923
616.168865 -125.138741
616.168875 -125.130264
616.168885 -125.163948
616.168894 -125.330193
616.168904 -125.613327
616.168913 -125.980240
616.168923 -126.390068
616.168933 -126.799217
616.168942 -127.169655
616.168952 -127.476494
616.168962 -127.710144
616.168971 -127.869881
616.168981 -127.916382
616.168990 -127.785507
616.169000 -127.534561
616.169010 -127.164871
616.169019 -126.700668
616.169029 -126.184662
616.169038 -125.665436
616.169048 -125.187035
616.169058 -124.783340
616.169067 -124.478043
616.169077 -124.286324
616.169087 -124.217812
616.169096 -124.217728
616.169106 -124.279106
616.169115 -124.475266
616.169125 -124.811920
616.169135 -125.296921
616.169144 -125.941528
616.169154 -126.762634
616.169163 -127.784927
616.169173 -129.045944
616.169183 -130.604050
616.169192 -132.557434
616.169202 -135.087784
616.169212 -138.590927
616.169221 -144.195313
616.169231 -146.248779
616.169240 -140.423355
616.169250 -137.152420
616.169260 -134.988358
616.169269 -133.470093
616.169279 -132.404953
616.169288 -131.702927
616.169298 -131.320877
616.169308 -131.224930
616.169317 -131.240448
616.169327 -131.457001
616.169337 -131.973297
616.169346 -132.796661
616.169356 -133.934601
616.169365 -135.387100
616.169375 -137.130325
616.169385 -139.083313
616.169394 -141.057404
616.169404 -142.744461
616.169413 -143.858246
616.169423 -144.235458
616.169433 -143.565323
616.169442 -142.359665
616.169452 -140.812607
616.169462 -139.175400
616.169471 -137.625610
616.169481 -136.253983
616.169490 -135.099152
616.169500 -134.178848
616.169510 -133.505280
616.169519 -133.092819
616.169529 -132.960922
616.169538 -132.961456
616.169548 -133.140335
616.169558 -133.670364
616.169567 -134.614365
616.169577 -136.070297
616.169587 -138.193024
616.169596 -141.179092
616.169606 -144.676819
616.169615 -141.970383
616.169625 -139.138718
616.169635 -137.189560
616.169644 -135.934891
616.169654 -135.213257
616.169663 -134.921265
616.169673 -134.903122
616.169683 -134.991959
616.169692 -135.375458
616.169702 -136.027527
616.169712 -136.898087
616.169721 -137.917953
616.169731 -138.985153
616.169740 -139.954773
616.169750 -140.647827
616.169760 -140.596100
616.169769 -139.788361
616.169779 -138.610809
616.169788 -137.241577
616.169798 -135.834091
616.169808 -134.492706
616.169817 -133.279449
616.169827 -132.226608
616.169837 -131.341919
616.169846 -130.635757
616.169856 -130.106598
616.169865 -129.748093
616.169875 -129.549805
616.169885 -129.490021
616.169894 -129.498047
616.169904 -129.575302
616.169913 -129.760742
616.169923 -130.031631
616.169933 -130.366333
616.169942 -130.745209
616.169952 -131.151154
616.169962 -131.560059
616.169971 -131.922409
616.169981 -132.210480
616.169990 -132.353043
616.170000 -132.174149
616.170010 -131.896515
616.170019 -131.618881
616.170029 -131.439957
616.170038 -131.407257
616.170048 -131.438202
616.170058 -131.669052
616.170067 -132.153183
616.170077 -132.907684
616.170087 -133.919815
616.170096 -135.109222
616.170106 -136.290161
616.170115 -137.175476
616.170125 -137.528137
616.170135 -137.439545
616.170144 -137.453384
616.170154 -137.579865
616.170163 -138.118332
616.170173 -139.213028
616.170183 -140.976913
616.170192 -143.276917
616.170202 -142.804092
616.170212 -139.844818
616.170221 -137.357056
616.170231 -135.506882
616.170240 -134.171600
616.170250 -133.294785
616.170260 -132.814423
616.170269 -132.685883
616.170279 -132.695480
616.170288 -132.921524
616.170298 -133.483109
616.170308 -134.358658
616.170317 -135.463730
616.170327 -136.539658
616.170337 -136.610031
616.170346 -135.406403
616.170356 -134.006180
616.170365 -132.739990
616.170375 -131.712906
616.170385 -130.928253
616.170394 -130.352066
616.170404 -129.916183
616.170413 -129.586090
616.170423 -129.305237
616.170433 -129.022583
616.170442 -128.702637
616.170452 -128.331970
616.170462 -127.919044
616.170471 -127.485954
616.170481 -127.058678
616.170490 -126.658180
616.170500 -126.297073
616.170510 -125.978432
616.170519 -125.697838
616.170529 -125.445541
616.170538 -125.210480
616.170548 -124.984055
616.170558 -124.763893
616.170567 -124.556152
616.170577 -124.375488
616.170587 -124.242981
616.170596 -124.179649
616.170606 -124.182373
616.170615 -124.221703
616.170625 -124.380455
616.170635 -124.678986
616.170644 -125.131363
616.170654 -125.740067
616.170663 -126.514824
616.170673 -127.446655
616.170683 -128.507462
616.170692 -129.634857
616.170702 -130.712875
616.170712 -131.566238
616.170721 -131.986084
616.170731 -131.576447
616.170740 -130.962280
616.170750 -130.298126
616.170760 -129.681519
616.170769 -129.165451
616.170779 -128.777298
616.170788 -128.531570
616.170798 -128.436890
616.170808 -128.435989
616.170817 -128.499741
616.170827 -128.715225
616.170837 -129.085251
616.170846 -129.603622
616.170856 -130.243866
616.170865 -130.945908
616.170875 -131.599823
616.170885 -132.048798
616.170894 -131.869492
616.170904 -131.320557
616.170913 -130.647476
616.170923 -129.973389
616.170933 -129.361115
616.170942 -128.830856
616.170952 -128.378433
616.170962 -127.990326
616.170971 -127.652443
616.170981 -127.355766
616.170990 -127.100075
616.171000 -126.886627
616.171010 -126.714584
616.171019 -126.575974
616.171029 -126.451073
616.171038 -126.309120
616.171048 -126.114700
616.171058 -125.840889
616.171067 -125.480751
616.171077 -125.058762
616.171087 -124.623970
616.171096 -124.229050
616.171106 -123.921967
616.171115 -123.739761
616.171125 -123.698517
616.171135 -123.714149
616.171144 -123.862823
616.171154 -124.202927
616.171163 -124.749130
616.171173 -125.517281
616.171183 -126.527016
616.171192 -127.804977
616.171202 -129.388260
616.171212 -131.327530
616.171221 -133.682907
616.171231 -136.477905
616.171240 -139.454773
616.171250 -141.171356
616.171260 -139.857010
616.171269 -138.730606
616.171279 -138.094849
616.171288 -137.944107
616.171298 -137.953415
616.171308 -138.316589
616.171317 -139.239822
616.171327 -140.882477
616.171337 -143.673965
616.171346 -149.043396
616.171356 -147.840790
616.171365 -141.554779
616.171375 -137.754623
616.171385 -135.036346
616.171394 -132.948593
616.171404 -131.288132
616.171413 -129.945435
616.171423 -128.854324
616.171433 -127.971748
616.171442 -127.268959
616.171452 -126.727226
616.171462 -126.335838
616.171471 -126.090858
616.171481 -125.994614
616.171490 -125.988762
616.171500 -126.054962
616.171510 -126.284279
616.171519 -126.699768
616.171529 -127.324226
616.171538 -128.186996
616.171548 -129.327545
616.171558 -130.799942
616.171567 -132.679581
616.171577 -135.060547
616.171587 -137.974350
616.171596 -140.840500
616.171606 -139.549377
616.171615 -137.402756
616.171625 -135.762466
616.171635 -134.622833
616.171644 -133.887253
616.171654 -133.455566
616.171663 -133.277237
616.171673 -133.261841
616.171683 -133.295853
616.171692 -133.430725
616.171702 -133.582458
616.171712 -133.422195
616.171721 -132.940430
616.171731 -132.212021
616.171740 -131.359192
616.171750 -130.501083
616.171760 -129.722076
616.171769 -129.070343
616.171779 -128.567093
616.171788 -128.217300
616.171798 -128.015411
616.171808 -127.946991
616.171817 -127.949280
616.171827 -128.002319
616.171837 -128.153122
616.171846 -128.368912
616.171856 -128.627258
616.171865 -128.899384
616.171875 -129.155502
616.171885 -129.369522
616.171894 -129.525192
616.171904 -129.620331
616.171913 -129.669907
616.171923 -129.701889
616.171933 -129.750946
616.171942 -129.850418
616.171952 -130.026901
616.171962 -130.295593
616.171971 -130.659058
616.171981 -131.105499
616.171990 -131.609482
616.172000 -132.133652
616.172010 -132.634506
616.172019 -133.071365
616.172029 -133.416336
616.172038 -133.660248
616.172048 -133.811417
616.172058 -133.889221
616.172067 -133.894852
616.172077 -133.832840
616.172087 -133.686035
616.172096 -133.398376
616.172106 -132.907959
616.172115 -132.186920
616.172125 -131.266144
616.172135 -130.222748
616.172144 -129.144440
616.172154 -128.101868
616.172163 -127.141556
616.172173 -126.289352
616.172183 -125.557617
616.172192 -124.950554
616.172202 -124.468185
616.172212 -124.108337
616.172221 -123.867676
616.172231 -123.741844
616.172240 -123.714134
616.172250 -123.725571
616.172260 -123.811684
616.172269 -123.989975
616.172279 -124.245949
616.172288 -124.559006
616.172298 -124.901237
616.172308 -125.238037
616.172317 -125.532310
616.172327 -125.752617
616.172337 -125.882858
616.172346 -125.912857
616.172356 -125.871407
616.172365 -125.839294
616.172375 -125.834862
616.172385 -125.845856
616.172394 -125.903557
616.172404 -126.041519
616.172413 -126.272400
616.172423 -126.607353
616.172433 -127.058693
616.172442 -127.641983
616.172452 -128.378067
616.172462 -129.295502
616.172471 -130.433304
616.172481 -131.846100
616.172490 -133.610596
616.172500 -135.829056
616.172510 -138.580276
616.172519 -141.517288
616.172529 -140.704453
616.172538 -138.201111
616.172548 -136.162415
616.172558 -134.618195
616.172567 -133.456131
616.172577 -132.576218
616.172587 -131.902084
616.172596 -131.375961
616.172606 -130.954636
616.172615 -130.608490
616.172625 -130.319519
616.172635 -130.079407
616.172644 -129.884872
616.172654 -129.734116
616.172663 -129.622375
616.172673 -129.538025
616.172683 -129.470978
616.172692 -129.428101
616.172702 -129.411209
616.172712 -129.414337
616.172721 -129.445145
616.172731 -129.544464
616.172740 -129.741592
616.172750 -130.067184
616.172760 -130.546570
616.172769 -131.214783
616.172779 -132.109543
616.172788 -133.277237
616.172798 -134.778580
616.172808 -136.704910
616.172817 -139.189651
616.172827 -142.194016
616.172837 -142.808350
616.172846 -139.869217
616.172856 -137.382385
616.172865 -135.504028
616.172875 -134.108963
616.172885 -133.083282
616.172894 -132.344772
616.172904 -131.833725
616.172913 -131.506592
616.172923 -131.331909
616.172933 -131.287323
616.172942 -131.289246
616.172952 -131.367615
616.172962 -131.564590
616.172971 -131.876038
616.172981 -132.319748
616.172990 -132.907654
616.173000 -133.645203
616.173010 -134.513596
616.173019 -135.434418
616.173029 -136.211166
616.173038 -136.140717
616.173048 -135.173752
616.173058 -133.966995
616.173067 -132.801300
616.173077 -131.824585
616.173087 -131.102325
616.173096 -130.667145
616.173106 -130.541397
616.173115 -130.544739
616.173125 -130.760330
616.173135 -131.376083
616.173144 -132.484573
616.173154 -134.251465
616.173163 -136.983353
616.173173 -141.048904
616.173183 -138.956985
616.173192 -134.812729
616.173202 -131.895874
616.173212 -129.783325
616.173221 -128.211838
616.173231 -127.031906
616.173240 -126.152695
616.173250 -125.514702
616.173260 -125.076866
616.173269 -124.809799
616.173279 -124.692726
616.173288 -124.679497
616.173298 -124.711853
616.173308 -124.859863
616.173317 -125.135933
616.173327 -125.546906
616.173337 -126.107841
616.173346 -126.844193
616.173356 -127.794365
616.173365 -129.010483
616.173375 -130.573868
616.173385 -132.626465
616.173394 -135.388489
616.173404 -139.124222
616.173413 -140.909073
616.173423 -137.204437
616.173433 -134.451584
616.173442 -132.539124
616.173452 -131.223770
616.173462 -130.360077
616.173471 -129.868591
616.173481 -129.706940
616.173490 -129.710922
616.173500 -129.879471
616.173510 -130.393600
616.173519 -131.308243
616.173529 -132.735168
616.173538 -134.902603
616.173548 -138.349442
616.173558 -144.838928
616.173567 -141.081009
616.173577 -136.158493
616.173587 -133.197479
616.173596 -131.214874
616.173606 -129.844391
616.173615 -128.908508
616.173625 -128.310104
616.173635 -127.978706
616.173644 -127.857536
616.173654 -127.847633
616.173663 -127.894295
616.173673 -128.036331
616.173683 -128.232117
616.173692 -128.436371
616.173702 -128.617355
616.173712 -128.761444
616.173721 -128.869797
616.173731 -128.948196
616.173740 -128.958206
616.173750 -128.863129
616.173760 -128.660812
616.173769 -128.339478
616.173779 -127.912827
616.173788 -127.420509
616.173798 -126.914261
616.173808 -126.443253
616.173817 -126.044899
616.173827 -125.739372
616.173837 -125.530884
616.173846 -125.426613
616.173856 -125.404099
616.173865 -125.414276
616.173875 -125.472824
616.173885 -125.575180
616.173894 -125.692390
616.173904 -125.799362
616.173913 -125.880440
616.173923 -125.932632
616.173933 -125.964531
616.173942 -125.991646
616.173952 -126.025124
616.173962 -126.078194
616.173971 -126.171707
616.173981 -126.313629
616.173990 -126.507774
616.174000 -126.753296
616.174010 -127.043098
616.174019 -127.361061
616.174029 -127.680534
616.174038 -127.966042
616.174048 -128.181229
616.174058 -128.302841
616.174067 -128.292892
616.174077 -128.254974
616.174087 -128.248642
616.174096 -128.266266
616.174106 -128.356567
616.174115 -128.566635
616.174125 -128.894455
616.174135 -129.357910
616.174144 -129.942780
616.174154 -130.615845
616.174163 -131.328125
616.174173 -132.025146
616.174183 -132.666550
616.174192 -133.249466
616.174202 -133.818024
616.174212 -134.454147
616.174221 -135.261597
616.174231 -136.359558
616.174240 -137.898300
616.174250 -140.099579
616.174260 -143.310913
616.174269 -147.070663
616.174279 -142.516068
616.174288 -138.904678
616.174298 -136.285492
616.174308 -134.324997
616.174317 -132.826828
616.174327 -131.680847
616.174337 -130.824310
616.174346 -130.221100
616.174356 -129.851852
616.174365 -129.707840
616.174375 -129.703842
616.174385 -129.788132
616.174394 -130.095154
616.174404 -130.633347
616.174413 -131.403122
616.174423 -132.391220
616.174433 -133.549805
616.174442 -134.762665
616.174452 -135.821213
616.174462 -136.492325
616.174471 -136.675659
616.174481 -136.645844
616.174490 -136.702118
616.174500 -137.020493
616.174510 -137.852814
616.174519 -139.468445
616.174529 -142.408676
616.174538 -148.269455
616.174548 -143.389969
616.174558 -138.331436
616.174567 -135.109802
616.174577 -132.850418
616.174587 -131.212189
616.174596 -130.029282
616.174606 -129.206390
616.174615 -128.677612
616.174625 -128.407043
616.174635 -128.345413
616.174644 -128.357620
616.174654 -128.491180
616.174663 -128.762512
616.174673 -129.117538
616.174683 -129.495758
616.174692 -129.841858
616.174702 -130.122711
616.174712 -130.338425
616.174721 -130.518112
616.174731 -130.700119
616.174740 -130.910843
616.174750 -131.147552
616.174760 -131.371643
616.174769 -131.476929
616.174779 -131.264221
616.174788 -130.853317
616.174798 -130.324142
616.174808 -129.765121
616.174817 -129.247559
616.174827 -128.817871
616.174837 -128.500580
616.174846 -128.300644
616.174856 -128.217224
616.174865 -128.213486
616.174875 -128.250214
616.174885 -128.388611
616.174894 -128.619736
616.174904 -128.929977
616.174913 -129.306046
616.174923 -129.736084
616.174933 -130.209778
616.174942 -130.718933
616.174952 -131.253174
616.174962 -131.801727
616.174971 -132.365448
616.174981 -132.938721
616.174990 -133.518234
616.175000 -134.105850
616.175010 -134.712555
616.175019 -135.361130
616.175029 -136.086166
616.175038 -136.930237
616.175048 -137.919586
616.175058 -139.045059
616.175067 -140.215530
616.175077 -141.015244
616.175087 -139.856766
616.175096 -138.109543
616.175106 -136.304916
616.175115 -134.675720
616.175125 -133.275269
616.175135 -132.095276
616.175144 -131.129257
616.175154 -130.352692
616.175163 -129.743225
616.175173 -129.281433
616.175183 -128.948761
616.175192 -128.726791
616.175202 -128.594406
616.175212 -128.525940
616.175221 -128.479172
616.175231 -128.423935
616.175240 -128.324600
616.175250 -128.151825
616.175260 -127.894463
616.175269 -127.566696
616.175279 -127.204506
616.175288 -126.857010
616.175298 -126.575531
616.175308 -126.396843
616.175317 -126.357506
616.175327 -126.371994
616.175337 -126.537537
616.175346 -126.922668
616.175356 -127.548500
616.175365 -128.415665
616.175375 -129.470474
616.175385 -130.531128
616.175394 -131.130157
616.175404 -130.360840
616.175413 -129.291656
616.175423 -128.305435
616.175433 -127.577469
616.175442 -127.172531
616.175452 -127.084435
616.175462 -127.115501
616.175471 -127.423180
616.175481 -128.119171
616.175490 -129.242691
616.175500 -130.856918
616.175510 -133.051773
616.175519 -135.911057
616.175529 -139.218887
616.175538 -140.818359
616.175548 -139.572113
616.175558 -139.114822
616.175567 -139.138229
616.175577 -139.936188
616.175587 -142.477737
616.175596 -147.914200
616.175606 -139.576431
616.175615 -134.712128
616.175625 -131.393967
616.175635 -128.934219
616.175644 -127.036461
616.175654 -125.545303
616.175663 -124.368362
616.175673 -123.445587
616.175683 -122.735741
616.175692 -122.209290
616.175702 -121.844803
616.175712 -121.626541
616.175721 -121.543617
616.175731 -121.542343
616.175740 -121.589333
616.175750 -121.760590
616.175760 -122.058304
616.175769 -122.487541
616.175779 -123.057098
616.175788 -123.778915
616.175798 -124.664658
616.175808 -125.717583
616.175817 -126.910515
616.175827 -128.138306
616.175837 -129.146103
616.175846 -129.160065
616.175856 -128.200790
616.175865 -127.061348
616.175875 -125.990906
616.175885 -125.092430
616.175894 -124.393379
616.175904 -123.891426
616.175913 -123.573944
616.175923 -123.425812
616.175933 -123.405067
616.175942 -123.431908
616.175952 -123.577263
616.175962 -123.846695
616.175971 -124.224182
616.175981 -124.691719
616.175990 -125.228401
616.176000 -125.810158
616.176010 -126.410713
616.176019 -127.004501
616.176029 -127.571487
616.176038 -128.102005
616.176048 -128.600266
616.176058 -129.082870
616.176067 -129.574814
616.176077 -130.102966
616.176087 -130.690521
616.176096 -131.352859
616.176106 -132.093460
616.176115 -132.897919
616.176125 -133.723358
616.176135 -134.482681
616.176144 -135.037704
616.176154 -135.001251
616.176163 -134.408112
616.176173 -133.622284
616.176183 -132.805527
616.176192 -132.066727
616.176202 -131.466522
616.176212 -131.035202
616.176221 -130.788025
616.176231 -130.718979
616.176240 -130.734436
616.176250 -130.883667
616.176260 -131.244751
616.176269 -131.824173
616.176279 -132.608185
616.176288 -133.516098
616.176298 -134.299667
616.176308 -133.674225
616.176317 -132.101242
616.176327 -130.272736
616.176337 -128.513199
616.176346 -126.942390
616.176356 -125.585426
616.176365 -124.435921
616.176375 -123.473106
616.176385 -122.689430
616.176394 -122.076637
616.176404 -121.625923
616.176413 -121.330864
616.176423 -121.186089
616.176433 -121.166626
616.176442 -121.191589
616.176452 -121.342125
616.176462 -121.636192
616.176471 -122.070557
616.176481 -122.639519
616.176490 -123.332710
616.176500 -124.132004
616.176510 -125.007813
616.176519 -125.916412
616.176529 -126.802643
616.176538 -127.612297
616.176548 -128.314926
616.176558 -128.924957
616.176567 -129.504761
616.176577 -130.149261
616.176587 -130.969116
616.176596 -132.088348
616.176606 -133.664749
616.176615 -135.939758
616.176625 -139.431259
616.176635 -145.743912
616.176644 -144.031616
616.176654 -139.212524
616.176663 -136.630798
616.176673 -135.204880
616.176683 -134.582275
616.176692 -134.521118
616.176702 -134.641388
616.176712 -135.379578
616.176721 -136.907730
616.176731 -139.519012
616.176740 -143.846710
616.176750 -144.080872
616.176760 -139.506912
616.176769 -136.660034
616.176779 -134.864258
616.176788 -133.777008
616.176798 -133.228363
616.176808 -133.109238
616.176817 -133.127960
616.176827 -133.427521
616.176837 -134.099396
616.176846 -135.126846
616.176856 -136.485077
616.176865 -138.109451
616.176875 -139.833542
616.176885 -141.331818
616.176894 -142.237457
616.176904 -142.303558
616.176913 -141.786102
616.176923 -140.930618
616.176933 -139.656891
616.176942 -138.048874
616.176952 -136.328568
616.176962 -134.690094
616.176971 -133.238708
616.176981 -132.011200
616.176990 -130.998077
616.177000 -130.187576
616.177010 -129.556580
616.177019 -129.072388
616.177029 -128.700180
616.177038 -128.405075
616.177048 -128.155884
616.177058 -127.928596
616.177067 -127.709946
616.177077 -127.498688
616.177087 -127.304588
616.177096 -127.145432
616.177106 -127.044273
616.177115 -127.018967
616.177125 -127.026665
616.177135 -127.119316
616.177144 -127.349541
616.177154 -127.745522
616.177163 -128.336853
616.177173 -129.155579
616.177183 -130.240555
616.177192 -131.634354
616.177202 -133.386627
616.177212 -135.550934
616.177221 -138.169510
616.177231 -141.204956
616.177240 -144.363159
616.177250 -146.540283
616.177260 -144.182739
616.177269 -140.983871
616.177279 -137.882034
616.177288 -135.176727
616.177298 -132.914032
616.177308 -131.067368
616.177317 -129.593750
616.177327 -128.451889
616.177337 -127.606064
616.177346 -127.026756
616.177356 -126.689278
616.177365 -126.572281
616.177375 -126.572166
616.177385 -126.657982
616.177394 -126.927254
616.177404 -127.362160
616.177413 -127.944275
616.177423 -128.655884
616.177433 -129.483582
616.177442 -130.424072
616.177452 -131.492905
616.177462 -132.733780
616.177471 -134.230148
616.177481 -136.125565
616.177490 -138.664566
616.177500 -142.354248
616.177510 -148.524765
616.177519 -145.321640
616.177529 -141.023575
616.177538 -138.420166
616.177548 -136.724731
616.177558 -135.595139
616.177567 -134.866745
616.177577 -134.427109
616.177587 -134.190430
616.177596 -134.074188
616.177606 -134.018677
616.177615 -133.966858
616.177625 -133.883484
616.177635 -133.765717
616.177644 -133.644211
616.177654 -133.572662
616.177663 -133.581070
616.177673 -133.633652
616.177683 -133.874527
616.177692 -134.384430
616.177702 -135.266129
616.177712 -136.680191
616.177721 -138.937134
616.177731 -142.796112
616.177740 -150.821701
616.177750 -141.480484
616.177760 -136.929810
616.177769 -133.958618
616.177779 -131.818771
616.177788 -130.215256
616.177798 -129.001495
616.177808 -128.094025
616.177817 -127.442505
616.177827 -127.015778
616.177837 -126.796585
616.177846 -126.754807
616.177856 -126.778107
616.177865 -126.963104
616.177875 -127.362999
616.177885 -128.000534
616.177894 -128.911896
616.177904 -130.154312
616.177913 -131.819412
616.177923 -134.059570
616.177933 -137.123672
616.177942 -141.158981
616.177952 -140.191254
616.177962 -136.683838
616.177971 -134.150726
616.177981 -132.322693
616.177990 -130.973572
616.178000 -129.966080
616.178010 -129.215042
616.178019 -128.664978
616.178029 -128.277359
616.178038 -128.023941
616.178048 -127.880592
616.178058 -127.824081
616.178067 -127.811356
616.178077 -127.828026
616.178087 -127.862572
616.178096 -127.887917
616.178106 -127.856224
616.178115 -127.774948
616.178125 -127.680359
616.178135 -127.612595
616.178144 -127.596550
616.178154 -127.614548
616.178163 -127.723251
616.178173 -127.945229
616.178183 -128.302124
616.178192 -128.788528
616.178202 -129.375153
616.178212 -130.015411
616.178221 -130.656357
616.178231 -131.260483
616.178240 -131.826828
616.178250 -132.395111
616.178260 -133.025574
616.178269 -133.763412
616.178279 -134.599167
616.178288 -135.422104
616.178298 -135.999908
616.178308 -135.656509
616.178317 -134.943893
616.178327 -134.219025
616.178337 -133.650223
616.178346 -133.312653
616.178356 -133.226517
616.178365 -133.229462
616.178375 -133.392441
616.178385 -133.817703
616.178394 -134.499390
616.178404 -135.425964
616.178413 -136.565079
616.178423 -137.831512
616.178433 -139.031754
616.178442 -139.837341
616.178452 -139.261230
616.178462 -138.029007
616.178471 -136.411133
616.178481 -134.564804
616.178490 -132.623917
616.178500 -130.694122
616.178510 -128.861786
616.178519 -127.184914
616.178529 -125.696152
616.178538 -124.410469
616.178548 -123.332504
616.178558 -122.461746
616.178567 -121.795219
616.178577 -121.329422
616.178587 -121.060883
616.178596 -120.985535
616.178606 -120.986870
616.178615 -121.102974
616.178625 -121.409714
616.178635 -121.906113
616.178644 -122.591484
616.178654 -123.464943
616.178663 -124.524574
616.178673 -125.766037
616.178683 -127.180260
616.178692 -128.750366
616.178702 -130.448944
616.178712 -132.238266
616.178721 -134.082794
616.178731 -135.976532
616.178740 -137.981079
616.178750 -140.229050
616.178760 -142.751221
616.178769 -143.124802
616.178779 -139.914917
616.178788 -136.942703
616.178798 -134.547867
616.178808 -132.656494
616.178817 -131.174393
616.178827 -130.031235
616.178837 -129.177185
616.178846 -128.575623
616.178856 -128.198044
616.178865 -128.018875
616.178875 -127.991508
616.178885 -128.013046
616.178894 -128.151245
616.178904 -128.398041
616.178913 -128.710403
616.178923 -129.041428
616.178933 -129.348969
616.178942 -129.608688
616.178952 -129.823517
616.178962 -130.023529
616.178971 -130.255005
616.178981 -130.568405
616.178990 -131.008911
616.179000 -131.614029
616.179010 -132.413086
616.179019 -133.427887
616.179029 -134.665237
616.179038 -136.095200
616.179048 -137.587952
616.179058 -138.809402
616.179067 -138.766724
616.179077 -137.712601
616.179087 -136.562836
616.179096 -135.556366
616.179106 -134.772781
616.179115 -134.225922
616.179125 -133.907715
616.179135 -133.803802
616.179144 -133.803772
616.179154 -133.897980
616.179163 -134.170776
616.179173 -134.598160
616.179183 -135.137833
616.179192 -135.749039
616.179202 -136.368042
616.179212 -136.910812
616.179221 -137.286819
616.179231 -137.311478
616.179240 -136.983398
616.179250 -136.519623
616.179260 -136.002182
616.179269 -135.496658
616.179279 -135.047867
616.179288 -134.700623
616.179298 -134.477554
616.179308 -134.393936
616.179317 -134.391174
616.179327 -134.459274
616.179337 -134.678360
616.179346 -135.052460
616.179356 -135.582703
616.179365 -136.272964
616.179375 -137.139069
616.179385 -138.220688
616.179394 -139.600006
616.179404 -141.430756
616.179413 -143.990219
616.179423 -147.658478
616.179433 -147.714310
616.179442 -143.322830
616.179452 -140.131836
616.179462 -137.816559
616.179471 -136.098892
616.179481 -134.817352
616.179490 -133.875671
616.179500 -133.213989
616.179510 -132.796844
616.179519 -132.607513
616.179529 -132.586609
616.179538 -132.647141
616.179548 -132.933838
616.179558 -133.507050
616.179567 -134.434570
616.179577 -135.802704
616.179587 -137.809402
616.179596 -140.739777
616.179606 -144.561478
616.179615 -141.178513
616.179625 -137.648697
616.179635 -135.117554
616.179644 -133.286926
616.179654 -131.947311
616.179663 -130.969315
616.179673 -130.268326
616.179683 -129.787140
616.179692 -129.487091
616.179702 -129.344482
616.179712 -129.326263
616.179721 -129.347214
616.179731 -129.483643
616.179740 -129.735703
616.179750 -130.095642
616.179760 -130.513229
616.179769 -130.887665
616.179779 -130.901367
616.179788 -130.351151
616.179798 -129.520294
616.179808 -128.577438
616.179817 -127.663445
616.179827 -126.864220
616.179837 -126.223267
616.179846 -125.759811
616.179856 -125.481667
616.179865 -125.392212
616.179875 -125.392349
616.179885 -125.495552
616.179894 -125.796112
616.179904 -126.303062
616.179913 -127.030617
616.179923 -128.000473
616.179933 -129.244217
616.179942 -130.789398
616.179952 -132.689850
616.179962 -134.966064
616.179971 -137.423798
616.179981 -138.802872
616.179990 -137.104233
616.180000 -135.334915
616.180010 -133.920654
616.180019 -132.901016
616.180029 -132.243958
616.180038 -131.916779
616.180048 -131.865417
616.180058 -131.895874
616.180067 -132.158142
616.180077 -132.664749
616.180087 -133.330841
616.180096 -133.982727
616.180106 -134.179611
616.180115 -133.504288
616.180125 -132.548386
616.180135 -131.557877
616.180144 -130.670486
616.180154 -129.928329
616.180163 -129.351776
616.180173 -128.952988
616.180183 -128.733719
616.180192 -128.682526
616.180202 -128.704300
616.180212 -128.885269
616.180221 -129.307693
616.180231 -130.011398
616.180240 -131.037811
616.180250 -132.397476
616.180260 -133.951126
616.180269 -134.882858
616.180279 -133.307816
616.180288 -131.381683
616.180298 -129.677841
616.180308 -128.333344
616.180317 -127.345238
616.180327 -126.683388
616.180337 -126.320274
616.180346 -126.230568
616.180356 -126.236702
616.180365 -126.423004
616.180375 -126.877129
616.180385 -127.594200
616.180394 -128.598984
616.180404 -129.917648
616.180413 -131.583435
616.180423 -133.621719
616.180433 -135.971390
616.180442 -138.190186
616.180452 -138.045624
616.180462 -136.211105
616.180471 -134.435760
616.180481 -132.928467
616.180490 -131.697678
616.180500 -130.725021
616.180510 -130.001740
616.180519 -129.530014
616.180529 -129.318939
616.180538 -129.310120
616.180548 -129.388046
616.180558 -129.755005
616.180567 -130.441940
616.180577 -131.485397
616.180587 -132.946793
616.180596 -134.906631
616.180606 -137.485794
616.180615 -140.829147
616.180625 -144.742691
616.180635 -144.816757
616.180644 -142.301575
616.180654 -140.265869
616.180663 -138.557678
616.180673 -137.004822
616.180683 -135.542709
616.180692 -134.172226
616.180702 -132.910599
616.180712 -131.763824
616.180721 -130.719543
616.180731 -129.751068
616.180740 -128.853973
616.180750 -128.012360
616.180760 -127.218475
616.180769 -126.473106
616.180779 -125.783020
616.180788 -125.158119
616.180798 -124.608299
616.180808 -124.141914
616.180817 -123.764801
616.180827 -123.480461
616.180837 -123.290054
616.180846 -123.193039
616.180856 -123.178406
616.180865 -123.187538
616.180875 -123.270584
616.180885 -123.438416
616.180894 -123.686958
616.180904 -124.011909
616.180913 -124.408966
616.180923 -124.873466
616.180933 -125.400230
616.180942 -125.982758
616.180952 -126.612541
616.180962 -127.277786
616.180971 -127.963058
616.180981 -128.648285
616.180990 -129.309219
616.181000 -129.917587
616.181010 -130.442184
616.181019 -130.851135
616.181029 -131.116074
616.181038 -131.142822
616.181048 -130.950806
616.181058 -130.648529
616.181067 -130.272003
616.181077 -129.857208
616.181087 -129.433243
616.181096 -129.017639
616.181106 -128.622879
616.181115 -128.259628
616.181125 -127.940681
616.181135 -127.682983
616.181144 -127.508827
616.181154 -127.440735
616.181163 -127.445824
616.181173 -127.527100
616.181183 -127.790245
616.181192 -128.275497
616.181202 -129.026138
616.181212 -130.109985
616.181221 -131.589111
616.181231 -133.489456
616.181240 -135.617477
616.181250 -136.643219
616.181260 -135.007675
616.181269 -133.401749
616.181279 -132.248749
616.181288 -131.598892
616.181298 -131.418304
616.181308 -131.422241
616.181317 -131.705597
616.181327 -132.473999
616.181337 -133.777267
616.181346 -135.716248
616.181356 -138.415497
616.181365 -141.564056
616.181375 -139.587738
616.181385 -136.554596
616.181394 -134.189590
616.181404 -132.375534
616.181413 -130.951965
616.181423 -129.807053
616.181433 -128.866531
616.181442 -128.080673
616.181452 -127.415062
616.181462 -126.845818
616.181471 -126.355492
616.181481 -125.931992
616.181490 -125.566902
616.181500 -125.255959
616.181510 -124.998161
616.181519 -124.796349
616.181529 -124.654991
616.181538 -124.582916
616.181548 -124.579247
616.181558 -124.601601
616.181567 -124.711800
616.181577 -124.933701
616.181587 -125.284721
616.181596 -125.784134
616.181606 -126.453812
616.181615 -127.319084
616.181625 -128.410538
616.181635 -129.766479
616.181644 -131.438660
616.181654 -133.500839
616.181663 -136.067352
616.181673 -139.324493
616.181683 -143.543060
616.181692 -148.375778
616.181702 -146.252884
616.181712 -144.060318
616.181721 -142.766815
616.181731 -142.044403
616.181740 -141.566345
616.181750 -141.065750
616.181760 -140.231415
616.181769 -138.932266
616.181779 -137.313736
616.181788 -135.629974
616.181798 -134.065887
616.181808 -132.710251
616.181817 -131.589630
616.181827 -130.699188
616.181837 -130.019379
616.181846 -129.523453
616.181856 -129.183075
616.181865 -128.971085
616.181875 -128.866013
616.181885 -128.837402
616.181894 -128.855545
616.181904 -128.938950
616.181913 -129.126709
616.181923 -129.438873
616.181933 -129.901382
616.181942 -130.542389
616.181952 -131.387314
616.181962 -132.452164
616.181971 -133.727264
616.181981 -135.146759
616.181990 -136.539474
616.182000 -137.627411
616.182010 -138.199295
616.182019 -138.329422
616.182029 -138.404770
616.182038 -138.650223
616.182048 -139.248505
616.182058 -140.234650
616.182067 -141.457352
616.182077 -142.384384
616.182087 -141.390152
616.182096 -140.121262
616.182106 -139.040558
616.182115 -138.252106
616.182125 -137.678314
616.182135 -137.162430
616.182144 -136.547745
616.182154 -135.766068
616.182163 -134.877426
616.182173 -134.010483
616.182183 -133.286621
616.182192 -132.786072
616.182202 -132.553589
616.182212 -132.531219
616.182221 -132.611511
616.182231 -132.970306
616.182240 -133.632599
616.182250 -134.595779
616.182260 -135.844223
616.182269 -137.332779
616.182279 -138.938583
616.182288 -140.364990
616.182298 -140.649719
616.182308 -139.309555
616.182317 -137.616440
616.182327 -135.952301
616.182337 -134.488602
616.182346 -133.292343
616.182356 -132.396423
616.182365 -131.817551
616.182375 -131.561813
616.182385 -131.549286
616.182394 -131.640884
616.182404 -132.067459
616.182413 -132.847534
616.182423 -133.956223
616.182433 -135.258850
616.182442 -136.346359
616.182452 -135.576080
616.182462 -134.037292
616.182471 -132.461761
616.182481 -131.060684
616.182490 -129.847504
616.182500 -128.828186
616.182510 -127.976616
616.182519 -127.270363
616.182529 -126.696838
616.182538 -126.251495
616.182548 -125.934845
616.182558 -125.749702
616.182567 -125.693359
616.182577 -125.699501
616.182587 -125.786613
616.182596 -126.010803
616.182606 -126.369209
616.182615 -126.854805
616.182625 -127.454895
616.182635 -128.149399
616.182644 -128.908783
616.182654 -129.693375
616.182663 -130.457245
616.182673 -131.158157
616.182683 -131.773697
616.182692 -132.314285
616.182702 -132.824265
616.182712 -133.368301
616.182721 -134.007019
616.182731 -134.759155
616.182740 -135.634079
616.182750 -136.505508
616.182760 -136.921585
616.182769 -135.985931
616.182779 -134.589447
616.182788 -133.101227
616.182798 -131.715958
616.182808 -130.499954
616.182817 -129.461288
616.182827 -128.588226
616.182837 -127.863632
616.182846 -127.271408
616.182856 -126.797386
616.182865 -126.430519
616.182875 -126.162506
616.182885 -125.988129
616.182894 -125.904671
616.182904 -125.892830
616.182913 -125.912010
616.182923 -126.010925
616.182933 -126.202461
616.182942 -126.485168
616.182952 -126.853447
616.182962 -127.293777
616.182971 -127.782410
616.182981 -128.283844
616.182990 -128.753479
616.183000 -129.146317
616.183010 -129.430786
616.183019 -129.600555
616.183029 -129.676865
616.183038 -129.697021
616.183048 -129.712753
616.183058 -129.759583
616.183067 -129.875504
616.183077 -130.090836
616.183087 -130.432007
616.183096 -130.922256
616.183106 -131.581161
616.183115 -132.422058
616.183125 -133.448700
616.183135 -134.650177
616.183144 -135.999680
616.183154 -137.463623
616.183163 -139.033371
616.183173 -140.780212
616.183183 -142.914001
616.183192 -145.725159
616.183202 -149.252884
616.183212 -145.722641
616.183221 -142.012909
616.183231 -139.335953
616.183240 -137.408997
616.183250 -136.066086
616.183260 -135.184937
616.183269 -134.696320
616.183279 -134.562210
616.183288 -134.564545
616.183298 -134.781631
616.183308 -135.366745
616.183317 -136.377930
616.183327 -137.938507
616.183337 -140.311417
616.183346 -144.135544
616.183356 -151.006729
616.183365 -143.560394
616.183375 -139.362106
616.183385 -136.614761
616.183394 -134.679550
616.183404 -133.290863
616.183413 -132.309998
616.183423 -131.672852
616.183433 -131.333755
616.183442 -131.241241
616.183452 -131.252914
616.183462 -131.374298
616.183471 -131.596222
616.183481 -131.581848
616.183490 -130.994858
616.183500 -130.020065
616.183510 -128.881760
616.183519 -127.781792
616.183529 -126.844315
616.183538 -126.130554
616.183548 -125.668015
616.183558 -125.469742
616.183567 -125.462471
616.183577 -125.545494
616.183587 -125.906319
616.183596 -126.566742
616.183606 -127.546272
616.183615 -128.886963
616.183625 -130.634033
616.183635 -132.816452
616.183644 -135.301804
616.183654 -137.296188
616.183663 -135.704285
616.183673 -133.864151
616.183683 -132.326065
616.183692 -131.124634
616.183702 -130.196487
616.183712 -129.475159
616.183721 -128.907257
616.183731 -128.451630
616.183740 -128.077499
616.183750 -127.762131
616.183760 -127.488907
616.183769 -127.245117
616.183779 -127.020782
616.183788 -126.806595
616.183798 -126.593613
616.183808 -126.373138
616.183817 -126.138313
616.183827 -125.885414
616.183837 -125.616043
616.183846 -125.338326
616.183856 -125.067154
616.183865 -124.823639
616.183875 -124.633858
616.183885 -124.527168
616.183894 -124.514626
616.183904 -124.535614
616.183913 -124.693321
616.183923 -125.037422
616.183933 -125.611000
616.183942 -126.468117
616.183952 -127.683113
616.183962 -129.369293
616.183971 -131.719345
616.183981 -135.089035
616.183990 -139.949661
616.184000 -138.156830
616.184010 -134.501266
616.184019 -132.150009
616.184029 -130.624557
616.184038 -129.657074
616.184048 -129.098633
616.184058 -128.858200
616.184067 -128.835052
616.184077 -128.874466
616.184087 -129.089203
616.184096 -129.464233
616.184106 -129.953491
616.184115 -130.493713
616.184125 -131.000412
616.184135 -131.376389
616.184144 -131.475403
616.184154 -131.264481
616.184163 -130.983261
616.184173 -130.724945
616.184183 -130.552017
616.184192 -130.487640
616.184202 -130.498260
616.184212 -130.542130
616.184221 -130.597458
616.184231 -130.478760
616.184240 -130.180130
616.184250 -129.725510
616.184260 -129.201660
616.184269 -128.711182
616.184279 -128.331497
616.184288 -128.110153
616.184298 -128.064682
616.184308 -128.087433
616.184317 -128.268051
616.184327 -128.659409
616.184337 -129.241531
616.184346 -129.991440
616.184356 -130.864700
616.184365 -131.764008
616.184375 -132.544540
616.184385 -133.059067
616.184394 -133.220673
616.184404 -133.135208
616.184413 -133.114639
616.184423 -133.169022
616.184433 -133.457626
616.184442 -134.117081
616.184452 -135.258026
616.184462 -137.090118
616.184471 -139.953796
616.184481 -144.112381
616.184490 -140.706924
616.184500 -136.847336
616.184510 -134.177094
616.184519 -132.303818
616.184529 -130.995636
616.184538 -130.123184
616.184548 -129.608841
616.184558 -129.394043
616.184567 -129.390396
616.184577 -129.453293
616.184587 -129.716522
616.184596 -130.111160
616.184606 -130.509583
616.184615 -130.607971
616.184625 -130.126129
616.184635 -129.357544
616.184644 -128.484711
616.184654 -127.640381
616.184663 -126.897911
616.184673 -126.285103
616.184683 -125.802895
616.184692 -125.437210
616.184702 -125.166496
616.184712 -124.965569
616.184721 -124.809311
616.184731 -124.674805
616.184740 -124.544029
616.184750 -124.399269
616.184760 -124.239883
616.184769 -124.071396
616.184779 -123.903366
616.184788 -123.750587
616.184798 -123.631248
616.184808 -123.565163
616.184817 -123.553246
616.184827 -123.572075
616.184837 -123.670708
616.184846 -123.877747
616.184856 -124.208466
616.184865 -124.676308
616.184875 -125.293594
616.184885 -126.060593
616.184894 -126.990402
616.184904 -128.082413
616.184913 -129.319199
616.184923 -130.652802
616.184933 -131.983780
616.184942 -133.154099
616.184952 -133.994965
616.184962 -134.439438
616.184971 -134.581131
616.184981 -134.594910
616.184990 -134.628906
616.185000 -134.770233
616.185010 -135.049408
616.185019 -135.481003
616.185029 -136.075409
616.185038 -136.831909
616.185048 -137.753876
616.185058 -138.848755
616.185067 -140.122681
616.185077 -141.558517
616.185087 -143.048172
616.185096 -144.226791
616.185106 -143.200195
616.185115 -141.224228
616.185125 -139.137802
616.185135 -137.241547
616.185144 -135.620789
616.185154 -134.286591
616.185163 -133.219208
616.185173 -132.407318
616.185183 -131.827942
616.185192 -131.452988
616.185202 -131.250198
616.185212 -131.174210
616.185221 -131.178253
616.185231 -131.205383
616.185240 -131.281250
616.185250 -131.378510
616.185260 -131.483994
616.185269 -131.604538
616.185279 -131.759628
616.185288 -131.955521
616.185298 -132.189667
616.185308 -132.446915
616.185317 -132.662338
616.185327 -132.634842
616.185337 -132.323441
616.185346 -131.890610
616.185356 -131.448929
616.185365 -131.102905
616.185375 -130.929474
616.185385 -130.909607
616.185394 -130.981781
616.185404 -131.295929
616.185413 -131.899231
616.185423 -132.811676
616.185433 -134.039642
616.185442 -135.553497
616.185452 -137.235123
616.185462 -138.814255
616.185471 -139.942535
616.185481 -140.547684
616.185490 -140.981659
616.185500 -141.648239
616.185510 -142.600220
616.185519 -142.512894
616.185529 -140.016586
616.185538 -137.303177
616.185548 -135.022171
616.185558 -133.251846
616.185567 -131.933746
616.185577 -130.998398
616.185587 -130.400574
616.185596 -130.082809
616.185606 -129.980499
616.185615 -129.965515
616.185625 -130.010910
616.185635 -130.020691
616.185644 -129.781570
616.185654 -129.326126
616.185663 -128.714493
616.185673 -128.044037
616.185683 -127.402519
616.185692 -126.847313
616.185702 -126.407974
616.185712 -126.093948
616.185721 -125.902786
616.185731 -125.824501
616.185740 -125.816299
616.185750 -125.845581
616.185760 -125.949837
616.185769 -126.120621
616.185779 -126.341209
616.185788 -126.595909
616.185798 -126.862152
616.185808 -127.135223
616.185817 -127.407425
616.185827 -127.674965
616.185837 -127.940262
616.185846 -128.211777
616.185856 -128.503876
616.185865 -128.833649
616.185875 -129.217697
616.185885 -129.666855
616.185894 -130.181046
616.185904 -130.741821
616.185913 -131.306366
616.185923 -131.804810
616.185933 -132.151733
616.185942 -132.152817
616.185952 -131.842163
616.185962 -131.397339
616.185971 -130.896851
616.185981 -130.390686
616.185990 -129.905991
616.186000 -129.453232
616.186010 -129.034821
616.186019 -128.650330
616.186029 -128.301819
616.186038 -127.995918
616.186048 -127.745125
616.186058 -127.566460
616.186067 -127.478561
616.186077 -127.476242
616.186087 -127.509651
616.186096 -127.674797
616.186106 -127.994766
616.186115 -128.483444
616.186125 -129.142639
616.186135 -129.978333
616.186144 -130.976135
616.186154 -132.103149
616.186163 -133.304703
616.186173 -134.508392
616.186183 -135.637314
616.186192 -136.616272
616.186202 -137.342316
616.186212 -137.758209
616.186221 -137.416275
616.186231 -136.817245
616.186240 -136.201920
616.186250 -135.757889
616.186260 -135.607529
616.186269 -135.613174
616.186279 -135.840424
616.186288 -136.473694
616.186298 -137.529739
616.186308 -138.840332
616.186317 -139.417023
616.186327 -137.805389
616.186337 -135.893494
616.186346 -134.203735
616.186356 -132.847610
616.186365 -131.801147
616.186375 -131.005707
616.186385 -130.416336
616.186394 -129.990341
616.186404 -129.689209
616.186413 -129.481628
616.186423 -129.343460
616.186433 -129.256638
616.186442 -129.207718
616.186452 -129.190414
616.186462 -129.190399
616.186471 -129.206375
616.186481 -129.259460
616.186490 -129.353882
616.186500 -129.496307
616.186510 -129.695999
616.186519 -129.954132
616.186529 -130.259933
616.186538 -130.582870
616.186548 -130.866440
616.186558 -130.982391
616.186567 -130.722565
616.186577 -130.240662
616.186587 -129.630630
616.186596 -128.989182
616.186606 -128.393799
616.186615 -127.894409
616.186625 -127.517540
616.186635 -127.272247
616.186644 -127.150887
616.186654 -127.136215
616.186663 -127.158188
616.186673 -127.260246
616.186683 -127.438133
616.186692 -127.662643
616.186702 -127.900551
616.186712 -128.117462
616.186721 -128.281555
616.186731 -128.369614
616.186740 -128.298370
616.186750 -128.172913
616.186760 -128.035309
616.186769 -127.932045
616.186779 -127.904053
616.186788 -127.912773
616.186798 -128.026749
616.186808 -128.322586
616.186817 -128.848846
616.186827 -129.653793
616.186837 -130.775085
616.186846 -132.195648
616.186856 -133.688171
616.186865 -133.938660
616.186875 -132.279633
616.186885 -130.461212
616.186894 -128.897720
616.186904 -127.672302
616.186913 -126.765068
616.186923 -126.117661
616.186933 -125.691315
616.186942 -125.437294
616.186952 -125.295868
616.186962 -125.202644
616.186971 -125.096237
616.186981 -124.931259
616.186990 -124.691498
616.187000 -124.392433
616.187010 -124.071579
616.187019 -123.772377
616.187029 -123.532364
616.187038 -123.377937
616.187048 -123.323730
616.187058 -123.323708
616.187067 -123.369690
616.187077 -123.514214
616.187087 -123.756142
616.187096 -124.085892
616.187106 -124.493401
616.187115 -124.970291
616.187125 -125.511726
616.187135 -126.117355
616.187144 -126.791183
616.187154 -127.539650
616.187163 -128.367859
616.187173 -129.271439
616.187183 -130.223404
616.187192 -131.151291
616.187202 -131.915390
616.187212 -132.235947
616.187221 -131.722672
616.187231 -130.944962
616.187240 -130.112762
616.187250 -129.360138
616.187260 -128.757782
616.187269 -128.338043
616.187279 -128.112518
616.187288 -128.066284
616.187298 -128.083084
616.187308 -128.245972
616.187317 -128.593735
616.187327 -129.116562
616.187337 -129.802383
616.187346 -130.637772
616.187356 -131.609451
616.187365 -132.706299
616.187375 -133.922256
616.187385 -135.253540
616.187394 -136.654602
616.187404 -138.062912
616.187413 -139.260651
616.187423 -139.520020
616.187433 -138.461563
616.187442 -137.105347
616.187452 -135.731049
616.187462 -134.438782
616.187471 -133.278366
616.187481 -132.238892
616.187490 -131.310974
616.187500 -130.496460
616.187510 -129.805420
616.187519 -129.250671
616.187529 -128.838425
616.187538 -128.552795
616.187548 -128.375351
616.187558 -128.255127
616.187567 -128.121643
616.187577 -127.905724
616.187587 -127.571693
616.187596 -127.136673
616.187606 -126.671806
616.187615 -126.263748
616.187625 -125.984970
616.187635 -125.880821
616.187644 -125.888718
616.187654 -126.009888
616.187663 -126.369301
616.187673 -126.956085
616.187683 -127.776237
616.187692 -128.794052
616.187702 -129.911469
616.187712 -130.937439
616.187721 -131.611557
616.187731 -131.483032
616.187740 -131.003387
616.187750 -130.529343
616.187760 -130.162033
616.187769 -129.911850
616.187779 -129.767593
616.187788 -129.694382
616.187798 -129.654968
616.187808 -129.612274
616.187817 -129.547592
616.187827 -129.465759
616.187837 -129.389786
616.187846 -129.352737
616.187856 -129.356644
616.187865 -129.395874
616.187875 -129.540985
616.187885 -129.819183
616.187894 -130.258926
616.187904 -130.899139
616.187913 -131.780411
616.187923 -132.953094
616.187933 -134.496704
616.187942 -136.504150
616.187952 -139.021042
616.187962 -141.654663
616.187971 -141.119308
616.187981 -139.057404
616.187990 -137.486359
616.188000 -136.518570
616.188010 -136.106918
616.188019 -136.085251
616.188029 -136.214264
616.188038 -136.836777
616.188048 -138.011063
616.188058 -139.822571
616.188067 -142.404648
616.188077 -145.759842
616.188087 -147.096344
616.188096 -144.404694
616.188106 -142.282623
616.188115 -140.747177
616.188125 -139.573425
616.188135 -138.598358
616.188144 -137.757111
616.188154 -137.072296
616.188163 -136.620087
616.188173 -136.479187
616.188183 -136.495987
616.188192 -136.803726
616.188202 -137.617599
616.188212 -139.038727
616.188221 -140.987183
616.188231 -141.134491
616.188240 -138.449219
616.188250 -136.055634
616.188260 -134.305161
616.188269 -133.152130
616.188279 -132.520065
616.188288 -132.349701
616.188298 -132.352982
616.188308 -132.618042
616.188317 -133.293777
616.188327 -134.359680
616.188337 -135.759033
616.188346 -137.308334
616.188356 -138.541458
616.188365 -138.085220
616.188375 -136.911942
616.188385 -135.777283
616.188394 -134.862640
616.188404 -134.207977
616.188413 -133.810760
616.188423 -133.664734
616.188433 -133.663757
616.188442 -133.770081
616.188452 -134.137543
616.188462 -134.774658
616.188471 -135.725662
616.188481 -137.019058
616.188490 -138.626907
616.188500 -140.275665
616.188510 -140.225037
616.188519 -138.282486
616.188529 -136.235428
616.188538 -134.439804
616.188548 -132.942627
616.188558 -131.705566
616.188567 -130.719269
616.188577 -129.959229
616.188587 -129.411209
616.188596 -129.067047
616.188606 -128.922150
616.188615 -128.914093
616.188625 -128.972702
616.188635 -129.213333
616.188644 -129.635651
616.188654 -130.226852
616.188663 -130.967072
616.188673 -131.827347
616.188683 -132.765640
616.188692 -133.725204
616.188702 -134.632004
616.188712 -135.399353
616.188721 -135.936600
616.188731 -136.045151
616.188740 -135.589279
616.188750 -134.853226
616.188760 -133.918320
616.188769 -132.866669
616.188779 -131.779648
616.188788 -130.718719
616.188798 -129.729538
616.188808 -128.845093
616.188817 -128.089005
616.188827 -127.477776
616.188837 -127.022484
616.188846 -126.730194
616.188856 -126.604424
616.188865 -126.592339
616.188875 -126.645470
616.188885 -126.849701
616.188894 -127.208817
616.188904 -127.708305
616.188913 -128.324448
616.188923 -129.020905
616.188933 -129.745865
616.188942 -130.433685
616.188952 -131.016983
616.188962 -131.447281
616.188971 -131.715088
616.188981 -131.846710
616.188990 -131.838058
616.189000 -131.673935
616.189010 -131.386566
616.189019 -130.940262
616.189029 -130.332062
616.189038 -129.604919
616.189048 -128.830399
616.189058 -128.079681
616.189067 -127.405594
616.189077 -126.837502
616.189087 -126.382393
616.189096 -126.026932
616.189106 -125.764618
616.189115 -125.572174
616.189125 -125.424660
616.189135 -125.301308
616.189144 -125.190536
616.189154 -125.093559
616.189163 -125.023674
616.189173 -124.998329
616.189183 -125.002945
616.189192 -125.056793
616.189202 -125.209190
616.189212 -125.468056
616.189221 -125.853432
616.189231 -126.370094
616.189240 -127.009766
616.189250 -127.752464
616.189260 -128.567154
616.189269 -129.418716
616.189279 -130.280502
616.189288 -131.153091
616.189298 -132.077042
616.189308 -133.135590
616.189317 -134.448975
616.189327 -136.173645
616.189337 -138.486450
616.189346 -141.340378
616.189356 -140.644745
616.189365 -137.284348
616.189375 -134.494553
616.189385 -132.303406
616.189394 -130.560684
616.189404 -129.140411
616.189413 -127.981155
616.189423 -127.032867
616.189433 -126.261124
616.189442 -125.642487
616.189452 -125.160591
616.189462 -124.803329
616.189471 -124.561081
616.189481 -124.425285
616.189490 -124.385239
616.189500 -124.387993
616.189510 -124.440895
616.189519 -124.574661
616.189529 -124.778496
616.189538 -125.039772
616.189548 -125.342720
616.189558 -125.668503
616.189567 -125.994804
616.189577 -126.294769
616.189587 -126.548904
616.189596 -126.741226
616.189606 -126.862946
616.189615 -126.898651
616.189625 -126.848839
616.189635 -126.786018
616.189644 -126.738411
616.189654 -126.722908
616.189663 -126.735603
616.189673 -126.807663
616.189683 -126.983292
616.189692 -127.288124
616.189702 -127.740547
616.189712 -128.344971
616.189721 -129.077438
616.189731 -129.862091
616.189740 -130.542740
616.189750 -130.752457
616.189760 -130.137619
616.189769 -129.241165
616.189779 -128.255325
616.189788 -127.295181
616.189798 -126.409760
616.189808 -125.612648
616.189817 -124.903366
616.189827 -124.280525
616.189837 -123.748375
616.189846 -123.306816
616.189856 -122.964905
616.189865 -122.733170
616.189875 -122.623878
616.189885 -122.613533
616.189894 -122.651390
616.189904 -122.831451
616.189913 -123.181580
616.189923 -123.720802
616.189933 -124.468529
616.189942 -125.440804
616.189952 -126.640678
616.189962 -128.031494
616.189971 -129.477493
616.189981 -130.660675
616.189990 -130.803085
616.190000 -129.950027
616.190010 -128.978317
616.190019 -128.090225
616.190029 -127.343918
616.190038 -126.733856
616.190048 -126.232719
616.190058 -125.810074
616.190067 -125.440392
616.190077 -125.106552
616.190087 -124.801376
616.190096 -124.526596
616.190106 -124.291389
616.190115 -124.109695
616.190125 -123.997894
616.190135 -123.967857
616.190144 -123.972916
616.190154 -124.051331
616.190163 -124.248543
616.190173 -124.579597
616.190183 -125.059792
616.190192 -125.705978
616.190202 -126.538155
616.190212 -127.582344
616.190221 -128.873779
616.190231 -130.463318
616.190240 -132.427856
616.190250 -134.889633
616.190260 -138.048264
616.190269 -142.179428
616.190279 -146.762985
616.190288 -144.177551
616.190298 -142.258102
616.190308 -141.427673
616.190317 -141.343796
616.190327 -141.521057
616.190337 -142.510544
616.190346 -144.478256
616.190356 -147.169449
616.190365 -144.176849
616.190375 -140.648071
616.190385 -137.963501
616.190394 -135.962128
616.190404 -134.463593
616.190413 -133.342468
616.190423 -132.511246
616.190433 -131.904587
616.190442 -131.470840
616.190452 -131.168015
616.190462 -130.961731
616.190471 -130.824600
616.190481 -130.736725
616.190490 -130.683853
616.190500 -130.659286
616.190510 -130.658951
616.190519 -130.672562
616.190529 -130.733948
616.190538 -130.860413
616.190548 -131.071213
616.190558 -131.381638
616.190567 -131.815659
616.190577 -132.388565
616.190587 -133.109024
616.190596 -133.975540
616.190606 -134.971329
616.190615 -136.054367
616.190625 -137.139557
616.190635 -138.077408
616.190644 -138.655869
616.190654 -138.141159
616.190663 -137.187698
616.190673 -136.049469
616.190683 -134.898483
616.190692 -133.834976
616.190702 -132.908310
616.190712 -132.136795
616.190721 -131.520767
616.190731 -131.040436
616.190740 -130.679550
616.190750 -130.423645
616.190760 -130.250687
616.190769 -130.139511
616.190779 -130.081848
616.190788 -130.072037
616.190798 -130.085358
616.190808 -130.139450
616.190817 -130.258942
616.190827 -130.451462
616.190837 -130.717834
616.190846 -131.045807
616.190856 -131.402527
616.190865 -131.727798
616.190875 -131.917511
616.190885 -131.651108
616.190894 -131.116425
616.190904 -130.405029
616.190913 -129.620056
616.190923 -128.850586
616.190933 -128.157547
616.190942 -127.576897
616.190952 -127.126465
616.190962 -126.811897
616.190971 -126.629807
616.190981 -126.568474
616.190990 -126.569778
616.191000 -126.614792
616.191010 -126.740120
616.191019 -126.913826
616.191029 -127.097458
616.191038 -127.248070
616.191048 -127.291061
616.191058 -127.143845
616.191067 -126.882576
616.191077 -126.539223
616.191087 -126.153969
616.191096 -125.769463
616.191106 -125.423462
616.191115 -125.145950
616.191125 -124.958015
616.191135 -124.871407
616.191144 -124.868767
616.191154 -124.897751
616.191163 -125.032692
616.191173 -125.273148
616.191183 -125.610062
616.191192 -126.029350
616.191202 -126.512825
616.191212 -127.038300
616.191221 -127.581291
616.191231 -128.117126
616.191240 -128.624634
616.191250 -129.088913
616.191260 -129.504166
616.191269 -129.862350
616.191279 -130.185440
616.191288 -130.494476
616.191298 -130.818161
616.191308 -131.195511
616.191317 -131.678772
616.191327 -132.337067
616.191337 -133.259415
616.191346 -134.550766
616.191356 -136.281677
616.191365 -138.175735
616.191375 -136.651886
616.191385 -133.722488
616.191394 -131.147385
616.191404 -129.099014
616.191413 -127.521545
616.191423 -126.346176
616.191433 -125.521454
616.191442 -125.011780
616.191452 -124.787308
616.191462 -124.772316
616.191471 -124.830978
616.191481 -125.129967
616.191490 -125.661682
616.191500 -126.387344
616.191510 -127.232086
616.191519 -128.061386
616.191529 -128.677902
616.191538 -128.668549
616.191548 -128.126328
616.191558 -127.453064
616.191567 -126.787109
616.191577 -126.203857
616.191587 -125.726097
616.191596 -125.379799
616.191606 -125.173294
616.191615 -125.109032
616.191625 -125.109268
616.191635 -125.190948
616.191644 -125.420898
616.191654 -125.801781
616.191663 -126.334778
616.191673 -127.018944
616.191683 -127.849251
616.191692 -128.814636
616.191702 -129.893219
616.191712 -131.044968
616.191721 -132.198868
616.191731 -133.239487
616.191740 -134.007370
616.191750 -134.200241
616.191760 -133.640594
616.191769 -132.819733
616.191779 -131.880035
616.191788 -130.920731
616.191798 -130.002029
616.191808 -129.159821
616.191817 -128.415543
616.191827 -127.783157
616.191837 -127.271721
616.191846 -126.887772
616.191856 -126.635124
616.191865 -126.515808
616.191875 -126.504730
616.191885 -126.527176
616.191894 -126.658226
616.191904 -126.906281
616.191913 -127.254608
616.191923 -127.677185
616.191933 -128.136398
616.191942 -128.584122
616.191952 -128.966125
616.191962 -129.234283
616.191971 -129.323898
616.191981 -129.180756
616.191990 -128.936768
616.192000 -128.616745
616.192010 -128.247330
616.192019 -127.843071
616.192029 -127.415154
616.192038 -126.974281
616.192048 -126.533363
616.192058 -126.108253
616.192067 -125.716957
616.192077 -125.378693
616.192087 -125.112144
616.192096 -124.934677
616.192106 -124.859314
616.192115 -124.859581
616.192125 -124.902168
616.192135 -125.050964
616.192144 -125.310745
616.192154 -125.668274
616.192163 -126.087486
616.192173 -126.508255
616.192183 -126.848282
616.192192 -126.990448
616.192202 -126.762642
616.192212 -126.411369
616.192221 -126.024063
616.192231 -125.674767
616.192240 -125.414032
616.192250 -125.271774
616.192260 -125.243233
616.192269 -125.263817
616.192279 -125.397263
616.192288 -125.673386
616.192298 -126.089584
616.192308 -126.623260
616.192317 -127.271568
616.192327 -128.007538
616.192337 -128.787872
616.192346 -129.553223
616.192356 -130.237015
616.192365 -130.789368
616.192375 -131.203796
616.192385 -131.526718
616.192394 -131.839188
616.192404 -132.231506
616.192413 -132.785629
616.192423 -133.574448
616.192433 -134.661270
616.192442 -136.122849
616.192452 -138.084778
616.192462 -140.730408
616.192471 -144.350830
616.192481 -148.919144
616.192490 -146.701614
616.192500 -143.847061
616.192510 -142.012558
616.192519 -140.891205
616.192529 -140.276611
616.192538 -140.032883
616.192548 -139.981476
616.192558 -140.008881
616.192567 -139.744858
616.192577 -138.823288
616.192587 -137.285751
616.192596 -135.446823
616.192606 -133.610489
616.192615 -131.937698
616.192625 -130.487717
616.192635 -129.270706
616.192644 -128.277435
616.192654 -127.490631
616.192663 -126.890076
616.192673 -126.453491
616.192683 -126.157852
616.192692 -125.979591
616.192702 -125.896492
616.192712 -125.874207
616.192721 -125.889839
616.192731 -125.947495
616.192740 -126.066002
616.192750 -126.252037
616.192760 -126.521271
616.192769 -126.895744
616.192779 -127.399704
616.192788 -128.053635
616.192798 -128.864914
616.192808 -129.809219
616.192817 -130.797272
616.192827 -131.634949
616.192837 -131.880005
616.192846 -131.239151
616.192856 -130.399353
616.192865 -129.579742
616.192875 -128.892212
616.192885 -128.377869
616.192894 -128.043304
616.192904 -127.882103
616.192913 -127.852409
616.192923 -127.884850
616.192933 -128.043304
616.192942 -128.351837
616.192952 -128.807755
616.192962 -129.408600
616.192971 -130.138840
616.192981 -130.973938
616.192990 -131.884842
616.193000 -132.798737
616.193010 -133.611664
616.193019 -134.219406
616.193029 -134.579773
616.193038 -134.748215
616.193048 -134.847763
616.193058 -135.006149
616.193067 -135.319580
616.193077 -135.845078
616.193087 -136.601624
616.193096 -137.560501
616.193106 -138.618149
616.193115 -139.569260
616.193125 -140.156586
616.193135 -140.055115
616.193144 -139.790085
616.193154 -139.651749
616.193163 -139.633987
616.193173 -139.667648
616.193183 -139.838425
616.193192 -140.030396
616.193202 -139.702438
616.193212 -139.056442
616.193221 -138.289017
616.193231 -137.606735
616.193240 -137.153763
616.193250 -137.009048
616.193260 -137.018082
616.193269 -137.257431
616.193279 -137.914719
616.193288 -139.001755
616.193298 -140.393036
616.193308 -141.172440
616.193317 -139.382523
616.193327 -137.229813
616.193337 -135.337692
616.193346 -133.837540
616.193356 -132.715088
616.193365 -131.931458
616.193375 -131.453140
616.193385 -131.255295
616.193394 -131.242676
616.193404 -131.321503
616.193413 -131.638580
616.193423 -132.192001
616.193433 -132.952606
616.193442 -133.851685
616.193452 -134.738785
616.193462 -135.356888
616.193471 -134.940750
616.193481 -134.083603
616.193490 -133.136902
616.193500 -132.269684
616.193510 -131.554031
616.193519 -131.008575
616.193529 -130.626083
616.193538 -130.387695
616.193548 -130.267975
616.193558 -130.237000
616.193567 -130.237061
616.193577 -130.261597
616.193587 -130.305969
616.193596 -130.321594
616.193606 -130.245544
616.193615 -130.102692
616.193625 -129.900970
616.193635 -129.651169
616.193644 -129.378128
616.193654 -129.105057
616.193663 -128.849365
616.193673 -128.623413
616.193683 -128.435944
616.193692 -128.291595
616.193702 -128.190811
616.193712 -128.138992
616.193721 -128.133133
616.193731 -128.148178
616.193740 -128.211075
616.193750 -128.344986
616.193760 -128.566910
616.193769 -128.901047
616.193779 -129.374939
616.193788 -130.012848
616.193798 -130.862396
616.193808 -131.945328
616.193817 -133.215546
616.193827 -134.415939
616.193837 -134.158096
616.193846 -132.524536
616.193856 -130.732391
616.193865 -129.149048
616.193875 -127.878944
616.193885 -126.935638
616.193894 -126.311920
616.193904 -126.003075
616.193913 -125.965721
616.193923 -126.014236
616.193933 -126.364418
616.193942 -127.092010
616.193952 -128.267288
616.193962 -130.020340
616.193971 -132.614822
616.193981 -136.694077
616.193990 -144.768234
616.194000 -139.310699
616.194010 -135.137344
616.194019 -132.811493
616.194029 -131.421112
616.194038 -130.599396
616.194048 -130.141220
616.194058 -129.897873
616.194067 -129.741760
616.194077 -129.574554
616.194087 -129.314255
616.194096 -128.927277
616.194106 -128.414597
616.194115 -127.801552
616.194125 -127.124802
616.194135 -126.423668
616.194144 -125.735046
616.194154 -125.090439
616.194163 -124.514244
616.194173 -124.023422
616.194183 -123.628281
616.194192 -123.334587
616.194202 -123.145111
616.194212 -123.060608
616.194221 -123.057365
616.194231 -123.085854
616.194240 -123.220428
616.194250 -123.468307
616.194260 -123.833138
616.194269 -124.312080
616.194279 -124.914276
616.194288 -125.642990
616.194298 -126.501213
616.194308 -127.493652
616.194317 -128.629166
616.194327 -129.926056
616.194337 -131.419098
616.194346 -133.171951
616.194356 -135.274811
616.194365 -137.863312
616.194375 -141.019043
616.194385 -142.574585
616.194394 -139.476654
616.194404 -136.785706
616.194413 -134.746048
616.194423 -133.229736
616.194433 -132.120651
616.194442 -131.349197
616.194452 -130.872482
616.194462 -130.663132
616.194471 -130.649261
616.194481 -130.707748
616.194490 -130.998657
616.194500 -131.544525
616.194510 -132.363541
616.194519 -133.478180
616.194529 -134.905838
616.194538 -136.614456
616.194548 -138.394043
616.194558 -139.601501
616.194567 -138.553513
616.194577 -137.231384
616.194587 -136.080826
616.194596 -135.202484
616.194606 -134.572647
616.194615 -134.127411
616.194625 -133.791855
616.194635 -133.491302
616.194644 -133.164764
616.194654 -132.774078
616.194663 -132.309189
616.194673 -131.782120
616.194683 -131.218399
616.194692 -130.648270
616.194702 -130.102478
616.194712 -129.609238
616.194721 -129.192841
616.194731 -128.870667
616.194740 -128.652023
616.194750 -128.532898
616.194760 -128.497665
616.194769 -128.506729
616.194779 -128.540024
616.194788 -128.597946
616.194798 -128.612656
616.194808 -128.531219
616.194817 -128.380386
616.194827 -128.180817
616.194837 -127.961693
616.194846 -127.751572
616.194856 -127.571266
616.194865 -127.429588
616.194875 -127.327164
616.194885 -127.257774
616.194894 -127.210266
616.194904 -127.170540
616.194913 -127.123711
616.194923 -127.055969
616.194933 -126.959549
616.194942 -126.831474
616.194952 -126.675034
616.194962 -126.500534
616.194971 -126.323883
616.194981 -126.165787
616.194990 -126.049744
616.195000 -126.000427
616.195010 -126.000717
616.195019 -126.045128
616.195029 -126.207596
616.195038 -126.513374
616.195048 -126.984596
616.195058 -127.648834
616.195067 -128.533630
616.195077 -129.668533
616.195087 -131.085159
616.195096 -132.813766
616.195106 -134.867432
616.195115 -137.193451
616.195125 -139.551682
616.195135 -141.407806
616.195144 -142.339401
616.195154 -142.712616
616.195163 -143.259735
616.195173 -144.513229
616.195183 -146.904068
616.195192 -150.404739
616.195202 -145.289108
616.195212 -141.284592
616.195221 -138.451157
616.195231 -136.396271
616.195240 -134.890366
616.195250 -133.800262
616.195260 -133.038712
616.195269 -132.554855
616.195279 -132.309387
616.195288 -132.262741
616.195298 -132.271088
616.195308 -132.414124
616.195317 -132.719681
616.195327 -133.162643
616.195337 -133.705521
616.195346 -134.286148
616.195356 -134.809555
616.195365 -135.157928
616.195375 -135.040985
616.195385 -134.662338
616.195394 -134.223328
616.195404 -133.845627
616.195413 -133.614548
616.195423 -133.566345
616.195433 -133.589050
616.195442 -133.813034
616.195452 -134.321899
616.195462 -135.158096
616.195471 -136.393799
616.195481 -138.118942
616.195490 -140.459946
616.195500 -143.516418
616.195510 -146.745987
616.195519 -145.209213
616.195529 -143.090561
616.195538 -141.692352
616.195548 -140.920609
616.195558 -140.623703
616.195567 -140.587906
616.195577 -140.665497
616.195587 -140.909210
616.195596 -141.212997
616.195606 -141.439240
616.195615 -141.263489
616.195625 -140.716095
616.195635 -139.776367
616.195644 -138.482132
616.195654 -136.918915
616.195663 -135.224518
616.195673 -133.527405
616.195683 -131.916992
616.195692 -130.442795
616.195702 -129.127594
616.195712 -127.977409
616.195721 -126.989632
616.195731 -126.156364
616.195740 -125.466995
616.195750 -124.909264
616.195760 -124.470482
616.195769 -124.138191
616.195779 -123.901939
616.195788 -123.754227
616.195798 -123.687531
616.195808 -123.691238
616.195817 -123.722549
616.195827 -123.855904
616.195837 -124.115059
616.195846 -124.533119
616.195856 -125.156013
616.195865 -126.048042
616.195875 -127.302406
616.195885 -129.066544
616.195894 -131.599411
616.195904 -135.391617
616.195913 -139.684143
616.195923 -134.729401
616.195933 -131.447052
616.195942 -129.351486
616.195952 -128.034958
616.195962 -127.297325
616.195971 -127.037079
616.195981 -127.037735
616.195990 -127.217331
616.196000 -127.824440
616.196010 -128.890640
616.196019 -130.494659
616.196029 -132.799927
616.196038 -136.137741
616.196048 -141.026260
616.196058 -139.778503
616.196067 -135.921097
616.196077 -133.366028
616.196087 -131.572922
616.196096 -130.231049
616.196106 -129.160690
616.196115 -128.251480
616.196125 -127.438065
616.196135 -126.688225
616.196144 -125.993668
616.196154 -125.360916
616.196163 -124.802963
616.196173 -124.333977
616.196183 -123.963593
616.196192 -123.695107
616.196202 -123.544891
616.196212 -123.507240
616.196221 -123.516785
616.196231 -123.611191
616.196240 -123.822739
616.196250 -124.138039
616.196260 -124.530724
616.196269 -124.957039
616.196279 -125.354378
616.196288 -125.650284
616.196298 -125.737206
616.196308 -125.535492
616.196317 -125.238495
616.196327 -124.908501
616.196337 -124.593307
616.196346 -124.321365
616.196356 -124.105888
616.196365 -123.946075
616.196375 -123.841492
616.196385 -123.793625
616.196394 -123.791374
616.196404 -123.805214
616.196413 -123.871422
616.196423 -123.994934
616.196433 -124.177643
616.196442 -124.421577
616.196452 -124.727798
616.196462 -125.096161
616.196471 -125.524277
616.196481 -126.007561
616.196490 -126.538391
616.196500 -127.105972
616.196510 -127.694984
616.196519 -128.284393
616.196529 -128.845505
616.196538 -129.341019
616.196548 -129.728653
616.196558 -129.970062
616.196567 -129.950882
616.196577 -129.747253
616.196587 -129.451157
616.196596 -129.111603
616.196606 -128.759262
616.196615 -128.413193
616.196625 -128.083725
616.196635 -127.777489
616.196644 -127.499954
616.196654 -127.257462
616.196663 -127.056953
616.196673 -126.906532
616.196683 -126.813484
616.196692 -126.785423
616.196702 -126.792282
616.196712 -126.851654
616.196721 -127.009140
616.196731 -127.284813
616.196740 -127.704735
616.196750 -128.301590
616.196760 -129.119431
616.196769 -130.219604
616.196779 -131.693726
616.196788 -133.678192
616.196798 -136.325790
616.196808 -139.269608
616.196817 -136.270950
616.196827 -132.950424
616.196837 -130.328232
616.196846 -128.289185
616.196856 -126.695419
616.196865 -125.455566
616.196875 -124.512215
616.196885 -123.827911
616.196894 -123.377472
616.196904 -123.142372
616.196913 -123.097252
616.196923 -123.107841
616.196933 -123.260147
616.196942 -123.584824
616.196952 -124.065399
616.196962 -124.682106
616.196971 -125.410423
616.196981 -126.220314
616.196990 -127.074722
616.197000 -127.929199
616.197010 -128.730682
616.197019 -129.420715
616.197029 -129.942703
616.197038 -130.257813
616.197048 -130.265396
616.197058 -130.050339
616.197067 -129.747894
616.197077 -129.408966
616.197087 -129.071442
616.197096 -128.763931
616.197106 -128.511978
616.197115 -128.337479
616.197125 -128.267776
616.197135 -128.275940
616.197144 -128.345642
616.197154 -128.577316
616.197163 -128.999008
616.197173 -129.628769
616.197183 -130.481567
616.197192 -131.569885
616.197202 -132.844406
616.197212 -134.129196
616.197221 -135.033340
616.197231 -134.349930
616.197240 -133.184708
616.197250 -131.986084
616.197260 -130.910660
616.197269 -129.987839
616.197279 -129.187485
616.197288 -128.480759
616.197298 -127.841431
616.197308 -127.244408
616.197317 -126.677292
616.197327 -126.139694
616.197337 -125.640984
616.197346 -125.196175
616.197356 -124.822113
616.197365 -124.534401
616.197375 -124.345970
616.197385 -124.263565
616.197394 -124.263199
616.197404 -124.299057
616.197413 -124.446693
616.197423 -124.705589
616.197433 -125.068359
616.197442 -125.523224
616.197452 -126.053101
616.197462 -126.635948
616.197471 -127.243561
616.197481 -127.842857
616.197490 -128.396729
616.197500 -128.867386
616.197510 -129.221497
616.197519 -129.437286
616.197529 -129.460236
616.197538 -129.323563
616.197548 -129.147659
616.197558 -128.983429
616.197567 -128.875565
616.197577 -128.845062
616.197587 -128.850540
616.197596 -128.947479
616.197606 -129.183746
616.197615 -129.565292
616.197625 -130.080475
616.197635 -130.689117
616.197644 -131.303574
616.197654 -131.776230
616.197663 -131.664490
616.197673 -131.034760
616.197683 -130.210678
616.197692 -129.359467
616.197702 -128.590820
616.197712 -127.961227
616.197721 -127.493004
616.197731 -127.189278
616.197740 -127.041397
616.197750 -127.019386
616.197760 -127.032829
616.197769 -127.137306
616.197779 -127.324677
616.197788 -127.565643
616.197798 -127.824577
616.197808 -128.067825
616.197817 -128.260880
616.197827 -128.384735
616.197837 -128.397171
616.197846 -128.285461
616.197856 -128.107300
616.197865 -127.883392
616.197875 -127.641975
616.197885 -127.415825
616.197894 -127.237000
616.197904 -127.133827
616.197913 -127.104683
616.197923 -127.128075
616.197933 -127.234886
616.197942 -127.461418
616.197952 -127.807205
616.197962 -128.261688
616.197971 -128.801620
616.197981 -129.386795
616.197990 -129.958527
616.198000 -130.444641
