550.892000 -123.332191
550.892288 -127.015083
550.892577 -125.959999
550.892865 -121.307419
550.893154 -118.752312
550.893442 -116.884933
550.893731 -116.905487
550.894019 -120.082169
550.894308 -117.527008
550.894596 -117.900322
550.894885 -124.787590
550.895173 -123.566505
550.895462 -124.628548
550.895750 -123.349281
550.896038 -122.184807
550.896327 -121.534103
550.896615 -121.563080
550.896904 -122.614037
550.897192 -127.594460
550.897481 -132.955475
550.897769 -122.807755
550.898058 -122.132980
550.898346 -124.989456
550.898635 -120.520271
550.898923 -120.542961
550.899212 -121.427628
550.899500 -115.729973
550.899788 -115.697517
550.900077 -119.693970
550.900365 -120.093674
550.900654 -115.883263
550.900942 -114.250412
550.901231 -114.420273
550.901519 -120.698235
550.901808 -126.429405
550.902096 -126.108330
550.902385 -124.318718
550.902673 -122.017319
550.902962 -119.092522
550.903250 -117.589035
550.903538 -116.175522
550.903827 -116.268036
550.904115 -119.468544
550.904404 -123.936981
550.904692 -125.037941
550.904981 -122.657356
550.905269 -122.472984
550.905558 -120.276802
550.905846 -120.277267
550.906135 -118.499710
550.906423 -117.461922
550.906712 -118.205788
550.907000 -120.552338
550.907288 -121.824371
550.907577 -121.111008
550.907865 -122.268585
550.908154 -121.175217
550.908442 -120.133636
550.908731 -119.756264
550.909019 -120.018639
550.909308 -124.398651
550.909596 -128.517624
550.909885 -123.552139
550.910173 -118.272842
550.910462 -117.379349
550.910750 -117.994492
550.911038 -124.966164
550.911327 -119.562546
550.911615 -119.518112
550.911904 -120.583977
550.912192 -120.588905
550.912481 -119.599220
550.912769 -117.901840
550.913058 -118.624832
550.913346 -122.413887
550.913635 -125.969719
550.913923 -121.331871
550.914212 -120.427811
550.914500 -122.155098
550.914788 -122.953018
550.915077 -123.955742
550.915365 -125.143829
550.915654 -124.430054
550.915942 -125.280624
550.916231 -128.007706
550.916519 -125.047157
550.916808 -123.580231
550.917096 -122.522423
550.917385 -116.462296
550.917673 -116.299980
550.917962 -120.536804
550.918250 -117.597832
550.918538 -117.627350
550.918827 -123.479271
550.919115 -130.003082
550.919404 -131.856659
550.919692 -133.810547
550.919981 -126.116966
550.920269 -118.797508
550.920558 -117.083199
550.920846 -117.386513
550.921135 -123.513046
550.921423 -122.023399
550.921712 -124.808601
550.922000 -120.346985
550.922288 -120.013885
550.922577 -119.880875
550.922865 -116.359367
550.923154 -115.476234
550.923442 -115.105339
550.923731 -114.274803
550.924019 -114.527550
550.924308 -118.299690
550.924596 -122.998070
550.924885 -129.008606
550.925173 -126.318985
550.925462 -119.455734
550.925750 -119.242752
550.926038 -121.800659
550.926327 -134.462952
550.926615 -133.604996
550.926904 -129.526199
550.927192 -129.472275
550.927481 -127.516266
550.927769 -121.260422
550.928058 -120.643646
550.928346 -122.330170
550.928635 -125.656166
550.928923 -124.927116
550.929212 -122.128143
550.929500 -119.263397
550.929788 -115.485458
550.930077 -115.141586
550.930365 -116.042442
550.930654 -119.999115
550.930942 -124.620728
550.931231 -123.622826
550.931519 -124.037964
550.931808 -126.282776
550.932096 -122.055374
550.932385 -117.758789
550.932673 -117.753540
550.932962 -121.254951
550.933250 -134.376480
550.933538 -121.530907
550.933827 -118.458832
550.934115 -118.485794
550.934404 -122.804092
550.934692 -126.855339
550.934981 -126.998718
550.935269 -132.955322
550.935558 -124.860519
550.935846 -120.768219
550.936135 -120.492722
550.936423 -119.543968
550.936712 -119.689163
550.937000 -125.651711
550.937288 -124.974609
550.937577 -125.184662
550.937865 -123.844055
550.938154 -124.154343
550.938442 -133.190536
550.938731 -127.126266
550.939019 -121.805573
550.939308 -121.805016
550.939596 -122.004288
550.939885 -122.717926
550.940173 -129.538910
550.940462 -127.304596
550.940750 -126.048515
550.941038 -123.648880
550.941327 -119.417206
550.941615 -117.251534
550.941904 -117.261787
550.942192 -119.310471
550.942481 -122.598366
550.942769 -121.814674
550.943058 -124.915253
550.943346 -127.602280
550.943635 -122.325882
550.943923 -117.312683
550.944212 -117.299850
550.944500 -120.598526
550.944788 -131.364639
550.945077 -121.045647
550.945365 -120.906616
550.945654 -121.880089
550.945942 -128.385513
550.946231 -119.216789
550.946519 -118.341019
550.946808 -119.585724
550.947096 -123.560516
550.947385 -124.742752
550.947673 -122.016518
550.947962 -120.119698
550.948250 -120.324303
550.948538 -122.838577
550.948827 -120.370293
550.949115 -120.871498
550.949404 -124.658371
550.949692 -122.072929
550.949981 -122.072044
550.950269 -121.852562
550.950558 -121.983551
550.950846 -125.387840
550.951135 -127.514511
550.951423 -119.038651
550.951712 -118.760902
550.952000 -122.057564
550.952288 -119.323174
550.952577 -119.226578
550.952865 -120.659325
550.953154 -123.259544
550.953442 -125.647469
550.953731 -115.760681
550.954019 -114.529739
550.954308 -115.011101
550.954596 -119.063980
550.954885 -125.609901
550.955173 -121.850189
550.955462 -121.308815
550.955750 -122.164436
550.956038 -127.876694
550.956327 -126.219589
550.956615 -119.775154
550.956904 -119.365372
550.957192 -121.392090
550.957481 -118.720497
550.957769 -118.791588
550.958058 -124.531403
550.958346 -122.043022
550.958635 -122.022552
550.958923 -123.246567
550.959212 -130.567612
550.959500 -121.721901
550.959788 -117.282478
550.960077 -117.003815
550.960365 -117.820763
550.960654 -118.241005
550.960942 -117.265106
550.961231 -117.540062
550.961519 -121.608887
550.961808 -125.018318
550.962096 -123.271812
550.962385 -124.709312
550.962673 -120.604774
550.962962 -118.586952
550.963250 -118.629501
550.963538 -117.666824
550.963827 -114.118767
550.964115 -112.991058
550.964404 -113.101105
550.964692 -115.195992
550.964981 -118.721367
550.965269 -126.218605
550.965558 -131.702423
550.965846 -127.143707
550.966135 -119.986900
550.966423 -119.843193
550.966712 -120.340004
550.967000 -120.676773
550.967288 -126.030670
550.967577 -122.396034
550.967865 -121.909767
550.968154 -123.870712
550.968442 -122.065483
550.968731 -119.093224
550.969019 -118.733459
550.969308 -119.869064
550.969596 -124.648941
550.969885 -127.496605
550.970173 -125.534393
550.970462 -123.612328
550.970750 -123.087753
550.971038 -123.118828
550.971327 -119.641861
550.971615 -116.967621
550.971904 -115.437233
550.972192 -115.610764
550.972481 -117.461594
550.972769 -117.624290
550.973058 -117.334091
550.973346 -116.734413
550.973635 -118.997574
550.973923 -123.201294
550.974212 -123.235992
550.974500 -119.623703
550.974788 -118.911118
550.975077 -119.995743
550.975365 -124.539001
550.975654 -126.518585
550.975942 -128.536087
550.976231 -121.078934
550.976519 -117.021774
550.976808 -117.011238
550.977096 -119.632050
550.977385 -125.778641
550.977673 -121.621979
550.977962 -121.973557
550.978250 -124.276413
550.978538 -121.575012
550.978827 -122.540329
550.979115 -121.619324
550.979404 -121.569374
550.979692 -121.949142
550.979981 -124.144958
550.980269 -119.643661
550.980558 -118.193390
550.980846 -118.477486
550.981135 -121.808418
550.981423 -128.808563
550.981712 -124.037224
550.982000 -120.316673
550.982288 -119.968826
550.982577 -121.092621
550.982865 -122.243240
550.983154 -121.259354
550.983442 -123.443359
550.983731 -132.290894
550.984019 -127.085838
550.984308 -126.167664
550.984596 -121.179489
550.984885 -118.585007
550.985173 -118.819679
550.985462 -122.907898
550.985750 -120.255203
550.986038 -119.890083
550.986327 -120.553040
550.986615 -122.374229
550.986904 -124.774696
550.987192 -124.680725
550.987481 -124.138916
550.987769 -121.226784
550.988058 -120.266304
550.988346 -121.822708
550.988635 -130.176498
550.988923 -131.326096
550.989212 -122.424706
550.989500 -116.333061
550.989788 -114.582130
550.990077 -114.842102
550.990365 -121.698395
550.990654 -127.041115
550.990942 -125.768806
550.991231 -122.952866
550.991519 -123.678741
550.991808 -122.981468
550.992096 -120.917831
550.992385 -120.925156
550.992673 -118.573174
550.992962 -118.722961
550.993250 -118.880684
550.993538 -121.598007
550.993827 -118.337097
550.994115 -116.195900
550.994404 -116.203629
550.994692 -118.655838
550.994981 -120.910263
550.995269 -119.140709
550.995558 -119.203102
550.995846 -121.710503
550.996135 -126.492661
550.996423 -120.356468
550.996712 -118.029922
550.997000 -118.298073
550.997288 -125.355087
550.997577 -119.620010
550.997865 -116.760841
550.998154 -116.827461
550.998442 -122.497429
550.998731 -121.017418
550.999019 -121.226974
550.999308 -125.563499
550.999596 -123.370361
550.999885 -118.050346
551.000173 -118.171036
551.000462 -118.562012
551.000750 -118.527679
551.001038 -119.003311
551.001327 -120.584122
551.001615 -121.973351
551.001904 -120.439713
551.002192 -119.484489
551.002481 -119.787323
551.002769 -123.116776
551.003058 -129.846710
551.003346 -119.494026
551.003635 -117.626167
551.003923 -117.659348
551.004212 -121.149757
551.004500 -127.779800
551.004788 -127.428230
551.005077 -128.206284
551.005365 -120.882126
551.005654 -119.952560
551.005942 -120.431313
551.006231 -118.692711
551.006519 -119.667938
551.006808 -120.575333
551.007096 -119.893097
551.007385 -121.226074
551.007673 -129.365677
551.007962 -121.737282
551.008250 -121.105927
551.008538 -121.909615
551.008827 -122.587402
551.009115 -121.216713
551.009404 -121.228912
551.009692 -121.869713
551.009981 -123.437820
551.010269 -120.905876
551.010558 -120.966713
551.010846 -124.220779
551.011135 -119.840820
551.011423 -117.884827
551.011712 -118.311813
551.012000 -126.203827
551.012288 -128.684631
551.012577 -126.105217
551.012865 -123.597450
551.013154 -117.131538
551.013442 -116.856781
551.013731 -118.113426
551.014019 -125.481087
551.014308 -121.619957
551.014596 -117.408165
551.014885 -116.828514
551.015173 -118.384087
551.015462 -125.917397
551.015750 -128.608337
551.016038 -126.973724
551.016327 -126.913239
551.016615 -130.607697
551.016904 -130.609512
551.017192 -121.942360
551.017481 -120.674309
551.017769 -120.986916
551.018058 -118.879486
551.018346 -117.709549
551.018635 -117.275299
551.018923 -116.238426
551.019212 -116.077614
551.019500 -117.150528
551.019788 -125.102753
551.020077 -123.204895
551.020365 -120.470703
551.020654 -120.390099
551.020942 -124.524734
551.021231 -129.838577
551.021519 -129.083282
551.021808 -126.015266
551.022096 -123.201607
551.022385 -123.108078
551.022673 -125.737473
551.022962 -135.278503
551.023250 -123.880180
551.023538 -117.684959
551.023827 -117.314468
551.024115 -118.639702
551.024404 -122.521591
551.024692 -119.361343
551.024981 -117.247284
551.025269 -117.528656
551.025558 -120.720390
551.025846 -125.583618
551.026135 -121.395645
551.026423 -118.321442
551.026712 -117.973816
551.027000 -118.660843
551.027288 -122.005608
551.027577 -125.207359
551.027865 -125.656410
551.028154 -126.372284
551.028442 -126.061676
551.028731 -124.244331
551.029019 -118.746605
551.029308 -118.947517
551.029596 -125.354408
551.029885 -128.029114
551.030173 -133.675766
551.030462 -132.426514
551.030750 -123.144196
551.031038 -117.470581
551.031327 -116.554680
551.031615 -116.571678
551.031904 -119.886543
551.032192 -122.439850
551.032481 -121.687355
551.032769 -121.765617
551.033058 -124.240204
551.033346 -125.449883
551.033635 -122.915268
551.033923 -122.499352
551.034212 -126.370865
551.034500 -121.629265
551.034788 -119.331100
551.035077 -117.424965
551.035365 -117.300064
551.035654 -117.819710
551.035942 -121.130508
551.036231 -120.191589
551.036519 -116.364426
551.036808 -116.354172
551.037096 -119.884605
551.037385 -124.377495
551.037673 -123.529495
551.037962 -122.011543
551.038250 -122.763313
551.038538 -123.346748
551.038827 -122.986748
551.039115 -117.790939
551.039404 -116.964760
551.039692 -118.151657
551.039981 -124.471336
551.040269 -125.095573
551.040558 -125.310013
551.040846 -125.051109
551.041135 -120.680344
551.041423 -120.342537
551.041712 -121.881737
551.042000 -120.433739
551.042288 -120.705208
551.042577 -123.623604
551.042865 -119.340973
551.043154 -119.451546
551.043442 -123.567062
551.043731 -126.444847
551.044019 -121.563049
551.044308 -121.448616
551.044596 -123.482468
551.044885 -125.060661
551.045173 -120.472664
551.045462 -118.735626
551.045750 -116.864624
551.046038 -116.958954
551.046327 -124.532951
551.046615 -124.940903
551.046904 -123.520912
551.047192 -123.517387
551.047481 -120.055786
551.047769 -120.114105
551.048058 -122.651756
551.048346 -121.991707
551.048635 -123.534431
551.048923 -129.759979
551.049212 -123.343437
551.049500 -123.339706
551.049788 -129.119217
551.050077 -125.433067
551.050365 -123.422447
551.050654 -126.018051
551.050942 -121.731606
551.051231 -117.168884
551.051519 -117.488129
551.051808 -121.575211
551.052096 -121.601730
551.052385 -119.482384
551.052673 -117.177498
551.052962 -117.249794
551.053250 -116.960999
551.053538 -116.974548
551.053827 -122.113556
551.054115 -119.275841
551.054404 -119.406448
551.054692 -121.100731
551.054981 -128.192947
551.055269 -130.201309
551.055558 -124.085381
551.055846 -123.940086
551.056135 -126.868217
551.056423 -128.275085
551.056712 -124.864159
551.057000 -124.752708
551.057288 -128.067551
551.057577 -126.698227
551.057865 -122.425087
551.058154 -122.307968
551.058442 -124.339355
551.058731 -121.321037
551.059019 -121.364082
551.059308 -130.281708
551.059596 -128.270325
551.059885 -128.632355
551.060173 -119.333168
551.060462 -116.093109
551.060750 -116.071457
551.061038 -116.987740
551.061327 -119.133736
551.061615 -122.682816
551.061904 -121.625755
551.062192 -116.724289
551.062481 -115.625183
551.062769 -115.835587
551.063058 -118.206947
551.063346 -118.652374
551.063635 -115.747604
551.063923 -115.764565
551.064212 -118.774071
551.064500 -118.606949
551.064788 -122.111923
551.065077 -121.983932
551.065365 -122.007271
551.065654 -124.363144
551.065942 -118.334717
551.066231 -118.239822
551.066519 -121.741356
551.066808 -122.370323
551.067096 -119.211769
551.067385 -118.148270
551.067673 -118.474991
551.067962 -124.157173
551.068250 -126.419136
551.068538 -124.800537
551.068827 -120.139496
551.069115 -116.344299
551.069404 -116.151764
551.069692 -117.242302
551.069981 -122.267921
551.070269 -124.958817
551.070558 -119.141899
551.070846 -116.283318
551.071135 -115.976402
551.071423 -116.338905
551.071712 -118.589241
551.072000 -115.343025
551.072288 -115.601662
551.072577 -119.990959
551.072865 -118.607292
551.073154 -120.216125
551.073442 -130.428070
551.073731 -124.293808
551.074019 -123.869614
551.074308 -124.694382
551.074596 -125.482513
551.074885 -124.436737
551.075173 -124.869308
551.075462 -129.710709
551.075750 -128.317184
551.076038 -119.767632
551.076327 -115.436203
551.076615 -115.353485
551.076904 -115.849190
551.077192 -115.252411
551.077481 -115.716995
551.077769 -119.007309
551.078058 -120.526543
551.078346 -122.643600
551.078635 -121.960075
551.078923 -118.740120
551.079212 -117.687683
551.079500 -118.527168
551.079788 -121.686729
551.080077 -119.973663
551.080365 -118.095703
551.080654 -115.202065
551.080942 -115.228020
551.081231 -118.944130
551.081519 -123.529762
551.081808 -129.000961
551.082096 -120.968346
551.082385 -120.446983
551.082673 -122.054916
551.082962 -121.302147
551.083250 -121.299248
551.083538 -123.793907
551.083827 -119.210388
551.084115 -115.687126
551.084404 -115.686897
551.084692 -119.935448
551.084981 -120.133385
551.085269 -119.102020
551.085558 -119.229240
551.085846 -125.064468
551.086135 -130.507462
551.086423 -131.948090
551.086712 -129.643936
551.087000 -125.378014
551.087288 -123.312347
551.087577 -121.430664
551.087865 -121.465515
551.088154 -121.277985
551.088442 -117.412735
551.088731 -116.438057
551.089019 -116.444794
551.089308 -117.527496
551.089596 -123.080780
551.089885 -122.717468
551.090173 -119.750961
551.090462 -119.866646
551.090750 -124.638496
551.091038 -128.817551
551.091327 -128.960693
551.091615 -130.409302
551.091904 -125.880943
551.092192 -124.256012
551.092481 -121.975578
551.092769 -121.823349
551.093058 -121.715866
551.093346 -124.552284
551.093635 -121.257072
551.093923 -121.638145
551.094212 -127.973831
551.094500 -123.535446
551.094788 -117.845581
551.095077 -115.774406
551.095365 -116.159294
551.095654 -118.610512
551.095942 -118.535942
551.096231 -121.056221
551.096519 -120.623123
551.096808 -121.164635
551.097096 -126.312683
551.097385 -119.975677
551.097673 -115.515083
551.097962 -115.521454
551.098250 -118.286598
551.098538 -118.589508
551.098827 -117.388672
551.099115 -117.426765
551.099404 -119.389679
551.099692 -116.920914
551.099981 -114.571953
551.100269 -114.556335
551.100558 -116.224258
551.100846 -119.827042
551.101135 -121.041695
551.101423 -121.006416
551.101712 -117.260368
551.102000 -115.152283
551.102288 -114.914001
551.102577 -115.528816
551.102865 -118.706932
551.103154 -123.270859
551.103442 -128.916656
551.103731 -122.910286
551.104019 -122.912460
551.104308 -122.878365
551.104596 -120.631310
551.104885 -120.749626
551.105173 -121.478691
551.105462 -119.259903
551.105750 -119.864128
551.106038 -124.781380
551.106327 -122.096809
551.106615 -118.093079
551.106904 -117.563126
551.107192 -118.135841
551.107481 -125.441055
551.107769 -122.845718
551.108058 -122.800797
551.108346 -123.184990
551.108635 -125.981377
551.108923 -136.067947
551.109212 -123.576431
551.109500 -122.013657
551.109788 -122.577896
551.110077 -122.855293
551.110365 -125.875473
551.110654 -123.576683
551.110942 -123.520767
551.111231 -124.812286
551.111519 -124.478058
551.111808 -123.477188
551.112096 -123.535522
551.112385 -121.359978
551.112673 -121.369919
551.112962 -124.633369
551.113250 -119.968903
551.113538 -119.074036
551.113827 -119.727448
551.114115 -126.945511
551.114404 -119.754845
551.114692 -119.290825
551.114981 -120.187752
551.115269 -117.703041
551.115558 -117.524002
551.115846 -119.876442
551.116135 -127.187576
551.116423 -123.581772
551.116712 -117.929588
551.117000 -116.344353
551.117288 -116.629997
551.117577 -124.089798
551.117865 -126.172775
551.118154 -124.616196
551.118442 -126.973427
551.118731 -124.271774
551.119019 -122.527252
551.119308 -120.777679
551.119596 -120.327087
551.119885 -119.257439
551.120173 -119.372772
551.120462 -120.207809
551.120750 -121.591492
551.121038 -124.543488
551.121327 -120.878242
551.121615 -118.660904
551.121904 -118.630669
551.122192 -120.867401
551.122481 -132.242554
551.122769 -124.948006
551.123058 -124.920288
551.123346 -125.145164
551.123635 -122.666359
551.123923 -121.875275
551.124212 -118.263306
551.124500 -116.630112
551.124788 -116.470024
551.125077 -117.914276
551.125365 -126.249428
551.125654 -115.330688
551.125942 -114.222015
551.126231 -114.969994
551.126519 -119.777199
551.126808 -119.505775
551.127096 -118.229004
551.127385 -118.169212
551.127673 -119.895668
551.127962 -125.047043
551.128250 -130.060959
551.128538 -123.576561
551.128827 -119.624306
551.129115 -119.623787
551.129404 -122.195061
551.129692 -126.304489
551.129981 -124.265175
551.130269 -116.963776
551.130558 -116.141258
551.130846 -116.781876
551.131135 -120.725891
551.131423 -124.495888
551.131712 -125.401909
551.132000 -124.478569
551.132288 -126.404343
551.132577 -128.341873
551.132865 -128.619659
551.133154 -129.149902
551.133442 -129.309082
551.133731 -126.501221
551.134019 -122.468185
551.134308 -122.507515
551.134596 -123.183517
551.134885 -123.343285
551.135173 -119.698227
551.135462 -119.714775
551.135750 -124.422119
551.136038 -121.574394
551.136327 -121.526581
551.136615 -122.338997
551.136904 -121.647911
551.137192 -122.485847
551.137481 -127.830200
551.137769 -123.643105
551.138058 -123.754303
551.138346 -130.393143
551.138635 -128.464462
551.138923 -128.510437
551.139212 -125.638008
551.139500 -126.563965
551.139788 -125.997772
551.140077 -126.012360
551.140365 -121.574440
551.140654 -119.474495
551.140942 -120.096840
551.141231 -120.424644
551.141519 -119.176643
551.141808 -116.767868
551.142096 -116.747810
551.142385 -119.386436
551.142673 -116.918335
551.142962 -116.803642
551.143250 -118.712410
551.143538 -122.852936
551.143827 -129.643173
551.144115 -124.285423
551.144404 -122.834229
551.144692 -122.795311
551.144981 -117.703300
551.145269 -115.361366
551.145558 -115.180008
551.145846 -115.986061
551.146135 -116.496529
551.146423 -116.422737
551.146712 -118.489388
551.147000 -122.754189
551.147288 -120.461990
551.147577 -116.011620
551.147865 -115.964874
551.148154 -118.227455
551.148442 -119.141022
551.148731 -124.456230
551.149019 -123.260170
551.149308 -120.072006
551.149596 -119.887428
551.149885 -122.265274
551.150173 -119.706337
551.150462 -117.586090
551.150750 -117.598015
551.151038 -120.106750
551.151327 -118.457314
551.151615 -118.323570
551.151904 -121.983673
551.152192 -114.655632
551.152481 -113.742950
551.152769 -114.233795
551.153058 -114.664131
551.153346 -116.030914
551.153635 -118.972000
551.153923 -121.341324
551.154212 -116.682617
551.154500 -115.362480
551.154788 -115.713646
551.155077 -119.162216
551.155365 -118.385635
551.155654 -121.646782
551.155942 -123.309273
551.156231 -121.306381
551.156519 -121.586433
551.156808 -123.831093
551.157096 -123.381142
551.157385 -124.812630
551.157673 -121.551010
551.157962 -117.666672
551.158250 -117.764748
551.158538 -124.516884
551.158827 -134.630585
551.159115 -123.587044
551.159404 -121.351959
551.159692 -121.536652
551.159981 -119.994850
551.160269 -119.222122
551.160558 -117.308876
551.160846 -116.498932
551.161135 -116.560905
551.161423 -119.600708
551.161712 -117.726852
551.162000 -117.034332
551.162288 -117.049683
551.162577 -118.929825
551.162865 -123.585823
551.163154 -122.947723
551.163442 -120.446869
551.163731 -119.723351
551.164019 -117.758827
551.164308 -117.934372
551.164596 -122.703094
551.164885 -122.171707
551.165173 -124.421043
551.165462 -124.234467
551.165750 -126.595711
551.166038 -124.720367
551.166327 -124.722084
551.166615 -124.302002
551.166904 -122.431915
551.167192 -120.186722
551.167481 -118.203911
551.167769 -118.074791
551.168058 -119.616570
551.168346 -127.253937
551.168635 -122.918182
551.168923 -119.097427
551.169212 -119.054184
551.169500 -119.484779
551.169788 -122.271042
551.170077 -117.707504
551.170365 -117.524666
551.170654 -120.100136
551.170942 -125.177574
551.171231 -126.908699
551.171519 -126.716019
551.171808 -120.670448
551.172096 -118.356895
551.172385 -118.482330
551.172673 -119.942986
551.172962 -118.894379
551.173250 -119.037064
551.173538 -118.390999
551.173827 -118.480164
551.174115 -119.044220
551.174404 -121.639343
551.174692 -127.606720
551.174981 -122.815979
551.175269 -119.266296
551.175558 -119.384651
551.175846 -123.658127
551.176135 -122.393036
551.176423 -123.687950
551.176712 -119.508873
551.177000 -118.421432
551.177288 -119.415573
551.177577 -129.890274
551.177865 -123.153358
551.178154 -123.184814
551.178442 -128.340881
551.178731 -125.039253
551.179019 -123.654648
551.179308 -125.579880
551.179596 -126.097557
551.179885 -122.480644
551.180173 -122.587502
551.180462 -122.576157
551.180750 -119.164017
551.181038 -118.880409
551.181327 -121.546371
551.181615 -122.889442
551.181904 -122.462395
551.182192 -118.645493
551.182481 -118.785210
551.182769 -122.212646
551.183058 -122.183632
551.183346 -124.050980
551.183635 -121.115723
551.183923 -121.071205
551.184212 -122.451103
551.184500 -120.421700
551.184788 -118.617615
551.185077 -117.600395
551.185365 -117.640900
551.185654 -120.862373
551.185942 -132.430557
551.186231 -126.978592
551.186519 -118.484901
551.186808 -117.617386
551.187096 -119.097763
551.187385 -126.551163
551.187673 -123.697762
551.187962 -120.347527
551.188250 -120.409431
551.188538 -121.085106
551.188827 -119.797668
551.189115 -119.499825
551.189404 -121.862083
551.189692 -120.317612
551.189981 -117.923897
551.190269 -116.829323
551.190558 -116.851959
551.190846 -117.161995
551.191135 -117.366707
551.191423 -122.158821
551.191712 -120.986259
551.192000 -120.967018
551.192288 -118.028481
551.192577 -116.837219
551.192865 -117.072861
551.193154 -118.862854
551.193442 -125.380051
551.193731 -120.473236
551.194019 -120.586273
551.194308 -119.461784
551.194596 -116.851578
551.194885 -116.956039
551.195173 -117.863754
551.195462 -114.681679
551.195750 -114.654282
551.196038 -115.934540
551.196327 -121.924644
551.196615 -123.029671
551.196904 -119.207306
551.197192 -118.322067
551.197481 -118.334915
551.197769 -118.954132
551.198058 -121.091911
551.198346 -117.570641
551.198635 -116.985123
551.198923 -117.468529
551.199212 -120.271103
551.199500 -121.501625
551.199788 -116.969147
551.200077 -116.305984
551.200365 -117.117607
551.200654 -120.674698
551.200942 -119.981133
551.201231 -122.341919
551.201519 -120.528992
551.201808 -119.209023
551.202096 -120.879997
551.202385 -130.875946
551.202673 -132.435196
551.202962 -123.064415
551.203250 -119.650314
551.203538 -116.536499
551.203827 -115.820885
551.204115 -117.567802
551.204404 -118.711365
551.204692 -118.498680
551.204981 -118.019440
551.205269 -118.218437
551.205558 -120.712303
551.205846 -120.660034
551.206135 -120.965965
551.206423 -126.725357
551.206712 -125.317665
551.207000 -125.299355
551.207288 -126.829910
551.207577 -135.755997
551.207865 -123.086517
551.208154 -120.350594
551.208442 -120.459038
551.208731 -124.880157
551.209019 -123.200089
551.209308 -123.208862
551.209596 -126.022881
551.209885 -121.883698
551.210173 -119.975555
551.210462 -119.481926
551.210750 -119.515839
551.211038 -120.982773
551.211327 -118.786507
551.211615 -119.490799
551.211904 -122.490837
551.212192 -122.512611
551.212481 -121.390282
551.212769 -119.137054
551.213058 -119.432159
551.213346 -121.960915
551.213635 -122.292938
551.213923 -120.997826
551.214212 -120.522278
551.214500 -121.159454
551.214788 -123.734489
551.215077 -131.520813
551.215365 -121.365807
551.215654 -120.161827
551.215942 -122.708717
551.216231 -134.160233
551.216519 -131.243073
551.216808 -130.706970
551.217096 -129.394333
551.217385 -120.309044
551.217673 -118.873680
551.217962 -119.457932
551.218250 -122.271049
551.218538 -124.919113
551.218827 -124.618439
551.219115 -124.340111
551.219404 -121.966217
551.219692 -119.061745
551.219981 -119.282738
551.220269 -123.851189
551.220558 -121.771187
551.220846 -121.359138
551.221135 -121.916283
551.221423 -121.009773
551.221712 -121.291367
551.222000 -121.846748
551.222288 -122.397591
551.222577 -120.592400
551.222865 -120.085579
551.223154 -123.074738
551.223442 -124.794907
551.223731 -123.286041
551.224019 -124.849350
551.224308 -121.961250
551.224596 -121.962456
551.224885 -122.835114
551.225173 -120.508858
551.225462 -120.662811
551.225750 -121.584137
551.226038 -124.940765
551.226327 -125.820450
551.226615 -122.512749
551.226904 -122.527184
551.227192 -125.049896
551.227481 -127.581436
551.227769 -127.933228
551.228058 -122.707001
551.228346 -121.366219
551.228635 -121.160088
551.228923 -122.423737
551.229212 -127.377663
551.229500 -123.309082
551.229788 -123.302498
551.230077 -124.080872
551.230365 -117.800041
551.230654 -114.257286
551.230942 -114.326088
551.231231 -118.577766
551.231519 -123.647346
551.231808 -123.682816
551.232096 -120.196083
551.232385 -119.398857
551.232673 -120.107742
551.232962 -123.456894
551.233250 -121.837891
551.233538 -119.825447
551.233827 -120.790733
551.234115 -123.046173
551.234404 -121.463158
551.234692 -123.018173
551.234981 -126.798325
551.235269 -124.354500
551.235558 -119.723824
551.235846 -119.633255
551.236135 -116.656624
551.236423 -115.638161
551.236712 -116.012421
551.237000 -120.046127
551.237288 -123.057930
551.237577 -123.061638
551.237865 -120.086021
551.238154 -116.328110
551.238442 -116.316597
551.238731 -117.814194
551.239019 -121.321487
551.239308 -123.544571
551.239596 -121.221954
551.239885 -121.647766
551.240173 -122.743286
551.240462 -121.986046
551.240750 -122.621323
551.241038 -122.723221
551.241327 -126.920250
551.241615 -119.440269
551.241904 -119.353188
551.242192 -123.170586
551.242481 -120.803909
551.242769 -120.538643
551.243058 -122.003082
551.243346 -118.168266
551.243635 -118.288452
551.243923 -126.118782
551.244212 -120.922173
551.244500 -117.433174
551.244788 -117.023659
551.245077 -117.277206
551.245365 -119.633560
551.245654 -120.304565
551.245942 -116.193535
551.246231 -115.074074
551.246519 -115.472801
551.246808 -120.926628
551.247096 -122.565796
551.247385 -119.844574
551.247673 -120.294754
551.247962 -124.902023
551.248250 -124.672935
551.248538 -117.486870
551.248827 -116.616364
551.249115 -117.108490
551.249404 -119.309486
551.249692 -117.541916
551.249981 -117.555763
551.250269 -120.038284
551.250558 -122.790314
551.250846 -125.342529
551.251135 -124.302673
551.251423 -127.711548
551.251712 -126.433327
551.252000 -127.178841
551.252288 -123.443184
551.252577 -119.066566
551.252865 -118.211617
551.253154 -118.805717
551.253442 -124.969017
551.253731 -120.146637
551.254019 -120.093582
551.254308 -118.710434
551.254596 -118.117630
551.254885 -120.603722
551.255173 -119.882591
551.255462 -122.161095
551.255750 -124.768616
551.256038 -124.659706
551.256327 -127.207359
551.256615 -120.972992
551.256904 -120.888664
551.257192 -122.880226
551.257481 -128.469559
551.257769 -123.603752
551.258058 -121.290695
551.258346 -116.965218
551.258635 -116.708511
551.258923 -117.772568
551.259212 -121.851631
551.259500 -123.069290
551.259788 -121.206421
551.260077 -120.745949
551.260365 -120.801956
551.260654 -122.969604
551.260942 -127.203819
551.261231 -127.753197
551.261519 -126.501076
551.261808 -124.952934
551.262096 -123.905998
551.262385 -120.306778
551.262673 -117.338814
551.262962 -117.315521
551.263250 -120.008018
551.263538 -129.194244
551.263827 -123.671158
551.264115 -123.374786
551.264404 -122.576561
551.264692 -122.792679
551.264981 -129.844208
551.265269 -133.246063
551.265558 -126.446762
551.265846 -125.677780
551.266135 -129.243652
551.266423 -129.176636
551.266712 -127.695488
551.267000 -127.756470
551.267288 -118.772354
551.267577 -116.229286
551.267865 -116.238472
551.268154 -120.474571
551.268442 -123.796730
551.268731 -123.478844
551.269019 -120.438736
551.269308 -120.522217
551.269596 -119.303352
551.269885 -119.008064
551.270173 -120.644669
551.270462 -122.041718
551.270750 -119.357597
551.271038 -119.353218
551.271327 -121.082626
551.271615 -124.116768
551.271904 -123.426163
551.272192 -124.044632
551.272481 -123.873817
551.272769 -124.078796
551.273058 -118.437859
551.273346 -116.469376
551.273635 -116.909248
551.273923 -117.007233
551.274212 -116.843285
551.274500 -118.977028
551.274788 -130.510391
551.275077 -123.627953
551.275365 -119.551033
551.275654 -119.555580
551.275942 -119.185684
551.276231 -119.212242
551.276519 -120.707993
551.276808 -122.635017
551.277096 -124.447914
551.277385 -129.498154
551.277673 -129.320618
551.277962 -126.672958
551.278250 -127.616600
551.278538 -119.733635
551.278827 -117.575378
551.279115 -117.201302
551.279404 -117.320358
551.279692 -121.637695
551.279981 -124.258209
551.280269 -122.337517
551.280558 -121.129570
551.280846 -117.890839
551.281135 -117.862778
551.281423 -118.920883
551.281712 -119.680946
551.282000 -120.674522
551.282288 -118.746941
551.282577 -118.382172
551.282865 -118.075424
551.283154 -118.241508
551.283442 -121.996078
551.283731 -128.349442
551.284019 -134.692520
551.284308 -125.249985
551.284596 -123.166733
551.284885 -123.461037
551.285173 -121.075661
551.285462 -120.900200
551.285750 -125.082153
551.286038 -120.329231
551.286327 -115.672592
551.286615 -115.587219
551.286904 -116.275444
551.287192 -117.382111
551.287481 -117.989235
551.287769 -119.296867
551.288058 -123.288498
551.288346 -119.367790
551.288635 -115.943153
551.288923 -115.964287
551.289212 -119.346802
551.289500 -122.036690
551.289788 -118.129417
551.290077 -117.687103
551.290365 -117.837791
551.290654 -119.002884
551.290942 -123.253380
551.291231 -120.688843
551.291519 -121.958878
551.291808 -120.994492
551.292096 -122.843178
551.292385 -122.735535
551.292673 -121.693077
551.292962 -122.691917
551.293250 -118.338112
551.293538 -117.185555
551.293827 -117.470360
551.294115 -121.130196
551.294404 -125.936668
551.294692 -126.061455
551.294981 -120.572220
551.295269 -116.247681
551.295558 -115.286545
551.295846 -115.657463
551.296135 -118.166222
551.296423 -118.008430
551.296712 -118.437752
551.297000 -121.971275
551.297288 -122.960686
551.297577 -121.651878
551.297865 -119.805710
551.298154 -116.301460
551.298442 -116.263695
551.298731 -118.199791
551.299019 -117.258194
551.299308 -118.170647
551.299596 -126.105736
551.299885 -124.573128
551.300173 -121.536125
551.300462 -121.728996
551.300750 -120.863609
551.301038 -119.989906
551.301327 -121.865242
551.301615 -124.115662
551.301904 -123.991051
551.302192 -125.485771
551.302481 -121.254036
551.302769 -120.963692
551.303058 -123.363579
551.303346 -119.390930
551.303635 -119.243973
551.303923 -119.480881
551.304212 -119.957825
551.304500 -123.273354
551.304788 -125.388519
551.305077 -123.765068
551.305365 -117.131226
551.305654 -115.642586
551.305942 -115.465065
551.306231 -115.559509
551.306519 -116.050331
551.306808 -116.023232
551.307096 -118.939964
551.307385 -127.879364
551.307673 -122.563492
551.307962 -121.004166
551.308250 -120.228615
551.308538 -120.141235
551.308827 -119.715218
551.309115 -119.011986
551.309404 -120.649979
551.309692 -119.175484
551.309981 -119.097664
551.310269 -121.643143
551.310558 -126.076889
551.310846 -125.381615
551.311135 -126.013870
551.311423 -124.026825
551.311712 -124.419922
551.312000 -131.364136
551.312288 -122.832176
551.312577 -117.834831
551.312865 -117.818855
551.313154 -119.424538
551.313442 -115.581520
551.313731 -115.054558
551.314019 -116.387917
551.314308 -125.021942
551.314596 -122.230637
551.314885 -120.971275
551.315173 -122.682640
551.315462 -124.750809
551.315750 -122.841530
551.316038 -123.092064
551.316327 -124.450180
551.316615 -118.491638
551.316904 -116.927567
551.317192 -117.287186
551.317481 -120.223953
551.317769 -120.159302
551.318058 -118.074829
551.318346 -117.731529
551.318635 -118.174805
551.318923 -120.240868
551.319212 -122.389709
551.319500 -120.305954
551.319788 -120.052811
551.320077 -122.366966
551.320365 -118.968605
551.320654 -118.547279
551.320942 -119.372269
551.321231 -118.258568
551.321519 -118.448296
551.321808 -120.883629
551.322096 -120.909698
551.322385 -120.751534
551.322673 -120.269844
551.322962 -122.552315
551.323250 -125.089828
551.323538 -124.725883
551.323827 -127.892555
551.324115 -123.090919
551.324404 -121.985779
551.324692 -122.206795
551.324981 -121.454620
551.325269 -121.616692
551.325558 -127.035858
551.325846 -123.093765
551.326135 -120.716774
551.326423 -121.690582
551.326712 -118.412056
551.327000 -117.570686
551.327288 -118.634247
551.327577 -123.195442
551.327865 -124.184387
551.328154 -126.990181
551.328442 -129.237000
551.328731 -124.144539
551.329019 -124.212685
551.329308 -129.083755
551.329596 -132.452530
551.329885 -121.916222
551.330173 -120.056076
551.330462 -120.976257
551.330750 -125.831970
551.331038 -121.192474
551.331327 -121.105247
551.331615 -124.110603
551.331904 -129.996170
551.332192 -130.129135
551.332481 -124.785179
551.332769 -123.047523
551.333058 -122.950890
551.333346 -124.272522
551.333635 -128.047272
551.333923 -126.444283
551.334212 -121.477303
551.334500 -121.554459
551.334788 -117.815514
551.335077 -116.988388
551.335365 -118.302383
551.335654 -118.569221
551.335942 -119.596138
551.336231 -122.326477
551.336519 -122.316032
551.336808 -126.786667
551.337096 -123.002731
551.337385 -122.004097
551.337673 -122.114006
551.337962 -124.621674
551.338250 -121.459000
551.338538 -121.572243
551.338827 -119.718834
551.339115 -120.078552
551.339404 -125.314835
551.339692 -125.711983
551.339981 -121.914185
551.340269 -121.927826
551.340558 -122.866890
551.340846 -119.456795
551.341135 -119.330597
551.341423 -120.319221
551.341712 -121.397820
551.342000 -122.258530
551.342288 -126.082115
551.342577 -126.131721
551.342865 -123.030205
551.343154 -122.588074
551.343442 -123.427368
551.343731 -127.511414
551.344019 -125.703011
551.344308 -127.527405
551.344596 -124.901237
551.344885 -123.781334
551.345173 -123.946175
551.345462 -128.533981
551.345750 -124.866249
551.346038 -121.922264
551.346327 -121.888939
551.346615 -122.261093
551.346904 -124.525993
551.347192 -133.321548
551.347481 -127.360580
551.347769 -124.887276
551.348058 -125.104126
551.348346 -128.947586
551.348635 -131.331375
551.348923 -125.228264
551.349212 -119.004768
551.349500 -116.766212
551.349788 -116.896721
551.350077 -118.394493
551.350365 -119.156326
551.350654 -124.823463
551.350942 -122.048676
551.351231 -120.729927
551.351519 -119.722656
551.351808 -120.312103
551.352096 -115.314255
551.352385 -115.237030
551.352673 -117.756638
551.352962 -121.534538
551.353250 -114.149605
551.353538 -113.694420
551.353827 -114.883659
551.354115 -117.875237
551.354404 -118.731041
551.354692 -121.136360
551.354981 -118.948997
551.355269 -118.969414
551.355558 -121.923203
551.355846 -121.750053
551.356135 -121.565704
551.356423 -124.492180
551.356712 -128.998306
551.357000 -128.321701
551.357288 -130.748093
551.357577 -128.381027
551.357865 -127.564194
551.358154 -121.904808
551.358442 -120.930710
551.358731 -119.518539
551.359019 -119.520195
551.359308 -123.141777
551.359596 -123.603561
551.359885 -118.181808
551.360173 -116.961853
551.360462 -116.702744
551.360750 -117.251686
551.361038 -124.238091
551.361327 -121.790604
551.361615 -121.791519
551.361904 -123.450142
551.362192 -125.510307
551.362481 -122.155685
551.362769 -120.186516
551.363058 -120.243904
551.363346 -123.570488
551.363635 -118.603394
551.363923 -117.568520
551.364212 -118.093407
551.364500 -121.543228
551.364788 -120.850883
551.365077 -120.433685
551.365365 -122.212082
551.365654 -117.117889
551.365942 -116.819099
551.366231 -116.902367
551.366519 -117.930725
551.366808 -120.123329
551.367096 -118.144699
551.367385 -117.748451
551.367673 -118.495636
551.367962 -121.170830
551.368250 -128.110413
551.368538 -122.789543
551.368827 -115.922104
551.369115 -114.491585
551.369404 -114.572685
551.369692 -118.610870
551.369981 -125.000458
551.370269 -124.538704
551.370558 -123.119995
551.370846 -121.550034
551.371135 -123.623543
551.371423 -126.550438
551.371712 -123.469704
551.372000 -124.270889
551.372288 -124.794624
551.372577 -120.447136
551.372865 -118.102409
551.373154 -118.315674
551.373442 -120.792915
551.373731 -127.315414
551.374019 -124.491249
551.374308 -119.551262
551.374596 -118.875343
551.374885 -120.162132
551.375173 -127.761597
551.375462 -121.320541
551.375750 -121.047600
551.376038 -121.746719
551.376327 -121.994919
551.376615 -121.491905
551.376904 -119.952744
551.377192 -120.124779
551.377481 -124.463791
551.377769 -123.788528
551.378058 -122.929665
551.378346 -119.317467
551.378635 -118.391556
551.378923 -119.349129
551.379212 -117.834274
551.379500 -117.866890
551.379788 -122.984444
551.380077 -119.402740
551.380365 -119.393272
551.380654 -120.541794
551.380942 -122.881340
551.381231 -127.312332
551.381519 -123.322693
551.381808 -122.696602
551.382096 -118.810699
551.382385 -115.132561
551.382673 -114.591644
551.382962 -114.670326
551.383250 -118.848953
551.383538 -120.231972
551.383827 -119.958656
551.384115 -121.543854
551.384404 -124.279869
551.384692 -121.670715
551.384981 -120.957481
551.385269 -121.130959
551.385558 -121.360794
551.385846 -117.569702
551.386135 -117.325638
551.386423 -119.453499
551.386712 -121.052879
551.387000 -120.191101
551.387288 -121.349510
551.387577 -127.726517
551.387865 -128.296173
551.388154 -127.449699
551.388442 -129.729355
551.388731 -119.965317
551.389019 -118.083649
551.389308 -119.042198
551.389596 -129.273071
551.389885 -128.613693
551.390173 -122.676445
551.390462 -122.664452
551.390750 -128.017212
551.391038 -123.380974
551.391327 -123.033943
551.391615 -124.070404
551.391904 -126.717087
551.392192 -128.257385
551.392481 -127.327957
551.392769 -127.351440
551.393058 -127.392937
551.393346 -126.475830
551.393635 -125.097748
551.393923 -120.632072
551.394212 -119.027122
551.394500 -119.160751
551.394788 -122.118050
551.395077 -125.935966
551.395365 -129.204178
551.395654 -130.746979
551.395942 -123.943237
551.396231 -121.537743
551.396519 -121.537926
551.396808 -122.629234
551.397096 -121.665924
551.397385 -121.257401
551.397673 -122.863708
551.397962 -121.195122
551.398250 -118.774048
551.398538 -119.162247
551.398827 -122.078995
551.399115 -120.963120
551.399404 -120.512878
551.399692 -114.305420
551.399981 -113.734673
551.400269 -114.943741
551.400558 -124.600471
551.400846 -122.714691
551.401135 -123.025833
551.401423 -127.248978
551.401712 -131.306961
551.402000 -132.998611
551.402288 -122.672745
551.402577 -119.549187
551.402865 -119.894882
551.403154 -122.289383
551.403442 -122.867714
551.403731 -121.943100
551.404019 -122.256363
551.404308 -123.158669
551.404596 -122.287460
551.404885 -117.072914
551.405173 -117.039139
551.405462 -118.411247
551.405750 -119.878372
551.406038 -121.065285
551.406327 -120.761856
551.406615 -123.982773
551.406904 -123.377792
551.407192 -122.124481
551.407481 -122.256966
551.407769 -122.934349
551.408058 -126.443481
551.408346 -127.170334
551.408635 -127.441429
551.408923 -123.188698
551.409212 -122.921745
551.409500 -125.358803
551.409788 -122.674736
551.410077 -119.225868
551.410365 -119.556473
551.410654 -127.680374
551.410942 -136.981598
551.411231 -128.167252
551.411519 -122.282654
551.411808 -121.126701
551.412096 -121.871849
551.412385 -120.064651
551.412673 -120.327568
551.412962 -121.863022
551.413250 -126.714073
551.413538 -125.461807
551.413827 -119.537849
551.414115 -118.733856
551.414404 -120.918877
551.414692 -123.665245
551.414981 -118.788719
551.415269 -118.584534
551.415558 -119.106064
551.415846 -117.363121
551.416135 -117.725258
551.416423 -120.187363
551.416712 -119.795792
551.417000 -122.465813
551.417288 -125.704918
551.417577 -125.704453
551.417865 -121.327881
551.418154 -119.763481
551.418442 -121.278671
551.418731 -128.670441
551.419019 -124.048286
551.419308 -118.856506
551.419596 -116.030678
551.419885 -115.757660
551.420173 -116.937195
551.420462 -126.603371
551.420750 -120.925659
551.421038 -116.990173
551.421327 -116.470406
551.421615 -116.722702
551.421904 -119.266136
551.422192 -118.005379
551.422481 -117.826538
551.422769 -121.009392
551.423058 -126.098267
551.423346 -122.368927
551.423635 -121.423241
551.423923 -122.582962
551.424212 -125.193321
551.424500 -125.191032
551.424788 -122.493103
551.425077 -120.306190
551.425365 -120.320961
551.425654 -123.200180
551.425942 -123.543030
551.426231 -118.933556
551.426519 -115.958015
551.426808 -116.049973
551.427096 -117.543365
551.427385 -120.971031
551.427673 -126.285271
551.427962 -126.275185
551.428250 -127.543205
551.428538 -124.521858
551.428827 -125.273323
551.429115 -124.053192
551.429404 -124.104546
551.429692 -125.163200
551.429981 -122.957260
551.430269 -124.126137
551.430558 -123.837357
551.430846 -122.431572
551.431135 -120.052170
551.431423 -116.109375
551.431712 -116.295120
551.432000 -121.986137
551.432288 -119.147614
551.432577 -116.535210
551.432865 -116.635651
551.433154 -120.815193
551.433442 -121.057961
551.433731 -121.046364
551.434019 -124.940361
551.434308 -126.826157
551.434596 -126.821648
551.434885 -129.086792
551.435173 -126.827087
551.435462 -120.422432
551.435750 -114.404724
551.436038 -113.184959
551.436327 -113.607651
551.436615 -118.347504
551.436904 -119.518547
551.437192 -119.525314
551.437481 -121.213097
551.437769 -121.040894
551.438058 -121.289818
551.438346 -121.320892
551.438635 -120.977669
551.438923 -120.728813
551.439212 -125.937019
551.439500 -123.148148
551.439788 -116.557030
551.440077 -116.357811
551.440365 -118.347130
551.440654 -121.641060
551.440942 -120.983734
551.441231 -122.041512
551.441519 -128.301163
551.441808 -121.210693
551.442096 -119.521378
551.442385 -119.550049
551.442673 -121.763626
551.442962 -124.775940
551.443250 -126.570358
551.443538 -128.514694
551.443827 -127.070953
551.444115 -129.058670
551.444404 -131.527252
551.444692 -131.515778
551.444981 -133.807602
551.445269 -126.060272
551.445558 -122.460556
551.445846 -122.529488
551.446135 -123.173340
551.446423 -121.039360
551.446712 -117.713722
551.447000 -117.155586
551.447288 -117.479156
551.447577 -118.925407
551.447865 -125.868782
551.448154 -129.197662
551.448442 -119.073280
551.448731 -117.993896
551.449019 -118.753647
551.449308 -123.635429
551.449596 -122.888519
551.449885 -125.549355
551.450173 -126.975098
551.450462 -122.703369
551.450750 -122.769196
551.451038 -123.858902
551.451327 -118.625221
551.451615 -115.284622
551.451904 -114.192406
551.452192 -114.867928
551.452481 -125.379486
551.452769 -120.646477
551.453058 -116.233566
551.453346 -116.206268
551.453635 -119.768562
551.453923 -121.734398
551.454212 -121.751534
551.454500 -126.753998
551.454788 -128.236908
551.455077 -125.634651
551.455365 -127.103249
551.455654 -122.365036
551.455942 -122.362694
551.456231 -125.327782
551.456519 -122.629257
551.456808 -124.305771
551.457096 -118.895760
551.457385 -118.808586
551.457673 -122.563652
551.457962 -124.862007
551.458250 -120.696411
551.458538 -118.806297
551.458827 -120.481056
551.459115 -125.832222
551.459404 -125.925888
551.459692 -122.798790
551.459981 -121.536430
551.460269 -119.066658
551.460558 -119.149612
551.460846 -120.055222
551.461135 -120.213417
551.461423 -124.407219
551.461712 -131.126862
551.462000 -123.926521
551.462288 -119.949409
551.462577 -115.997437
551.462865 -115.652641
551.463154 -118.500816
551.463442 -118.821457
551.463731 -118.875458
551.464019 -119.645515
551.464308 -119.619171
551.464596 -118.659805
551.464885 -118.621933
551.465173 -118.422653
551.465462 -117.746155
551.465750 -117.753059
551.466038 -119.358925
551.466327 -119.034096
551.466615 -120.484116
551.466904 -126.856186
551.467192 -126.018326
551.467481 -124.798737
551.467769 -121.718262
551.468058 -122.292450
551.468346 -120.315346
551.468635 -119.289162
551.468923 -119.332130
551.469212 -116.207336
551.469500 -115.349113
551.469788 -115.633499
551.470077 -118.771446
551.470365 -121.303032
551.470654 -117.757813
551.470942 -115.457840
551.471231 -115.513977
551.471519 -117.216019
551.471808 -121.558044
551.472096 -133.302643
551.472385 -122.410965
551.472673 -119.451981
551.472962 -119.511414
551.473250 -118.865555
551.473538 -118.715698
551.473827 -119.485519
551.474115 -121.439362
551.474404 -123.199203
551.474692 -125.499603
551.474981 -122.639648
551.475269 -119.779915
551.475558 -117.743515
551.475846 -116.245232
551.476135 -116.286324
551.476423 -117.994759
551.476712 -120.173309
551.477000 -118.751770
551.477288 -114.533195
551.477577 -113.963211
551.477865 -115.099838
551.478154 -122.062035
551.478442 -126.335304
551.478731 -126.253860
551.479019 -128.481079
551.479308 -129.008835
551.479596 -124.155373
551.479885 -120.009827
551.480173 -120.034462
551.480462 -123.716087
551.480750 -126.346375
551.481038 -121.381004
551.481327 -121.459412
551.481615 -120.727692
551.481904 -118.487946
551.482192 -119.099106
551.482481 -122.057014
551.482769 -120.215309
551.483058 -120.234734
551.483346 -121.384224
551.483635 -124.345566
551.483923 -121.657890
551.484212 -120.127243
551.484500 -120.241081
551.484788 -126.506393
551.485077 -123.664307
551.485365 -123.292923
551.485654 -124.683716
551.485942 -120.462143
551.486231 -119.879082
551.486519 -121.316010
551.486808 -127.487473
551.487096 -124.570770
551.487385 -119.626068
551.487673 -118.159904
551.487962 -118.094109
551.488250 -119.770226
551.488538 -129.240143
551.488827 -133.828766
551.489115 -127.057068
551.489404 -121.370773
551.489692 -121.530640
551.489981 -119.089111
551.490269 -117.994232
551.490558 -118.896454
551.490846 -119.780830
551.491135 -122.686035
551.491423 -122.336205
551.491712 -121.923096
551.492000 -121.919151
551.492288 -125.211525
551.492577 -117.713593
551.492865 -114.734352
551.493154 -114.890366
551.493442 -117.492912
551.493731 -116.503532
551.494019 -116.670425
551.494308 -121.141792
551.494596 -118.316620
551.494885 -115.702591
551.495173 -115.498146
551.495462 -116.862137
551.495750 -117.378906
551.496038 -114.782455
551.496327 -114.511284
551.496615 -114.543449
551.496904 -115.072060
551.497192 -118.863091
551.497481 -118.349106
551.497769 -117.449844
551.498058 -118.798004
551.498346 -125.343109
551.498635 -123.792068
551.498923 -119.779289
551.499212 -119.049301
551.499500 -119.415977
551.499788 -123.879860
551.500077 -119.955086
551.500365 -119.159927
551.500654 -120.619743
551.500942 -118.999138
551.501231 -117.291016
551.501519 -117.853035
551.501808 -127.004448
551.502096 -127.004486
551.502385 -137.666565
551.502673 -129.362595
551.502962 -123.841278
551.503250 -122.744919
551.503538 -123.110535
551.503827 -128.135590
551.504115 -124.418465
551.504404 -119.854736
551.504692 -119.932205
551.504981 -122.132240
551.505269 -121.202980
551.505558 -120.651947
551.505846 -117.925201
551.506135 -117.995079
551.506423 -117.237236
551.506712 -117.389587
551.507000 -119.368309
551.507288 -118.968773
551.507577 -118.814255
551.507865 -119.956497
551.508154 -124.442070
551.508442 -119.235374
551.508731 -116.462326
551.509019 -116.576782
551.509308 -119.761986
551.509596 -114.557465
551.509885 -113.149734
551.510173 -113.325287
551.510462 -115.044502
551.510750 -114.666664
551.511038 -115.119057
551.511327 -118.013641
551.511615 -121.476997
551.511904 -118.051079
551.512192 -118.050087
551.512481 -122.382057
551.512769 -126.420021
551.513058 -125.326286
551.513346 -120.952682
551.513635 -120.223526
551.513923 -120.817070
551.514212 -122.814529
551.514500 -123.032761
551.514788 -123.892441
551.515077 -131.428955
551.515365 -129.315857
551.515654 -124.769318
551.515942 -121.959633
551.516231 -120.806854
551.516519 -118.622627
551.516808 -118.761002
551.517096 -123.386505
551.517385 -118.181923
551.517673 -117.634560
551.517962 -119.004227
551.518250 -124.093040
551.518538 -122.703728
551.518827 -122.070580
551.519115 -122.374100
551.519404 -119.221291
551.519692 -115.640182
551.519981 -115.774185
551.520269 -120.228088
551.520558 -125.393616
551.520846 -129.660217
551.521135 -129.187210
551.521423 -130.639099
551.521712 -128.788513
551.522000 -127.095650
551.522288 -121.973701
551.522577 -118.146477
551.522865 -118.071732
551.523154 -120.565681
551.523442 -130.440521
551.523731 -124.121407
551.524019 -123.505028
551.524308 -124.352859
551.524596 -117.735519
551.524885 -117.258537
551.525173 -117.514610
551.525462 -118.848213
551.525750 -121.047058
551.526038 -124.550064
551.526327 -129.529984
551.526615 -127.123589
551.526904 -125.955246
551.527192 -122.225777
551.527481 -122.104851
551.527769 -122.057587
551.528058 -118.755638
551.528346 -118.726906
551.528635 -120.541275
551.528923 -129.807632
551.529212 -124.451622
551.529500 -120.677528
551.529788 -120.670807
551.530077 -123.928711
551.530365 -118.137482
551.530654 -116.482262
551.530942 -116.583572
551.531231 -118.551529
551.531519 -120.486984
551.531808 -123.272636
551.532096 -121.438515
551.532385 -120.677711
551.532673 -121.198532
551.532962 -124.715202
551.533250 -129.387527
551.533538 -125.627884
551.533827 -125.693184
551.534115 -125.961349
551.534404 -123.666382
551.534692 -118.867783
551.534981 -118.716515
551.535269 -119.450821
551.535558 -123.906021
551.535846 -122.411552
551.536135 -118.116898
551.536423 -117.804504
551.536712 -118.410980
551.537000 -120.839371
551.537288 -125.852280
551.537577 -126.167114
551.537865 -129.631454
551.538154 -121.115440
551.538442 -116.313210
551.538731 -115.890480
551.539019 -116.474785
551.539308 -120.882515
551.539596 -123.653389
551.539885 -118.748169
551.540173 -118.800362
551.540462 -120.296936
551.540750 -120.217476
551.541038 -122.121246
551.541327 -129.980148
551.541615 -125.154709
551.541904 -122.478188
551.542192 -121.145348
551.542481 -122.011818
551.542769 -117.742485
551.543058 -116.029678
551.543346 -115.348305
551.543635 -115.336830
551.543923 -116.039253
551.544212 -118.276550
551.544500 -121.713333
551.544788 -123.239235
551.545077 -117.956520
551.545365 -117.868309
551.545654 -120.189125
551.545942 -124.600487
551.546231 -121.065666
551.546519 -120.308685
551.546808 -120.829369
551.547096 -125.936150
551.547385 -135.314392
551.547673 -122.157707
551.547962 -120.112587
551.548250 -120.693207
551.548538 -126.597176
551.548827 -127.009132
551.549115 -125.983200
551.549404 -126.598824
551.549692 -124.562271
551.549981 -125.550705
551.550269 -127.814598
551.550558 -131.803177
551.550846 -128.645111
551.551135 -126.013672
551.551423 -119.608284
551.551712 -119.029282
551.552000 -120.735382
551.552288 -130.404434
551.552577 -120.321213
551.552865 -118.837654
551.553154 -119.131485
551.553442 -124.206535
551.553731 -128.528320
551.554019 -135.777649
551.554308 -121.189125
551.554596 -119.305260
551.554885 -119.526886
551.555173 -121.857925
551.555462 -118.662056
551.555750 -118.640053
551.556038 -121.439819
551.556327 -121.360596
551.556615 -118.846329
551.556904 -117.860924
551.557192 -117.877312
551.557481 -118.240746
551.557769 -119.816536
551.558058 -125.528343
551.558346 -123.014709
551.558635 -120.431152
551.558923 -120.502281
551.559212 -121.672295
551.559500 -121.728394
551.559788 -122.458443
551.560077 -126.889679
551.560365 -119.502701
551.560654 -118.683205
551.560942 -118.894142
551.561231 -121.098129
551.561519 -125.158081
551.561808 -122.917290
551.562096 -117.744667
551.562385 -117.663811
551.562673 -119.793320
551.562962 -120.344978
551.563250 -118.807655
551.563538 -118.911392
551.563827 -118.885643
551.564115 -118.906380
551.564404 -120.497223
551.564692 -127.317459
551.564981 -122.499420
551.565269 -122.500702
551.565558 -123.517586
551.565846 -116.536339
551.566135 -114.464989
551.566423 -114.506477
551.566712 -118.361404
551.567000 -123.556274
551.567288 -122.588081
551.567577 -123.575417
551.567865 -120.852562
551.568154 -121.137489
551.568442 -116.509155
551.568731 -115.812744
551.569019 -118.018272
551.569308 -116.563728
551.569596 -116.578308
551.569885 -120.482948
551.570173 -124.916534
551.570462 -126.059959
551.570750 -126.031219
551.571038 -119.777679
551.571327 -118.710625
551.571615 -119.177094
551.571904 -123.370979
551.572192 -125.935959
551.572481 -122.690308
551.572769 -122.797882
551.573058 -126.974335
551.573346 -123.035454
551.573635 -121.849297
551.573923 -122.629417
551.574212 -122.979866
551.574500 -128.255081
551.574788 -127.519005
551.575077 -123.263298
551.575365 -122.646698
551.575654 -121.639244
551.575942 -118.564476
551.576231 -118.559418
551.576519 -121.529800
551.576808 -117.985672
551.577096 -116.645561
551.577385 -115.197868
551.577673 -115.093773
551.577962 -116.297829
551.578250 -123.095161
551.578538 -124.699478
551.578827 -123.627502
551.579115 -122.023880
551.579404 -117.461311
551.579692 -117.515022
551.579981 -125.033043
551.580269 -124.499107
551.580558 -128.746872
551.580846 -120.037430
551.581135 -118.042625
551.581423 -118.176216
551.581712 -123.511375
551.582000 -120.425537
551.582288 -117.436951
551.582577 -117.451019
551.582865 -120.072609
551.583154 -121.276337
551.583442 -121.026138
551.583731 -119.536095
551.584019 -119.229263
551.584308 -119.980995
551.584596 -120.358330
551.584885 -120.444023
551.585173 -123.650238
551.585462 -124.874023
551.585750 -123.826653
551.586038 -122.297134
551.586327 -122.642265
551.586615 -122.528160
551.586904 -117.676399
551.587192 -117.654373
551.587481 -119.823494
551.587769 -123.399506
551.588058 -128.102936
551.588346 -127.387009
551.588635 -128.118958
551.588923 -125.127769
551.589212 -125.252998
551.589500 -128.287048
551.589788 -127.741531
551.590077 -128.508575
551.590365 -119.947968
551.590654 -115.338554
551.590942 -115.467636
551.591231 -119.520828
551.591519 -122.512817
551.591808 -122.417366
551.592096 -122.442131
551.592385 -124.359619
551.592673 -124.196411
551.592962 -126.669434
551.593250 -133.122559
551.593538 -123.013634
551.593827 -119.039001
551.594115 -117.142929
551.594404 -116.661598
551.594692 -117.428764
551.594981 -120.174210
551.595269 -118.678474
551.595558 -118.677330
551.595846 -121.982063
551.596135 -124.781586
551.596423 -125.473450
551.596712 -127.096680
551.597000 -128.751358
551.597288 -125.053848
551.597577 -120.627701
551.597865 -119.681511
551.598154 -120.220299
551.598442 -129.011139
551.598731 -126.772324
551.599019 -122.783211
551.599308 -123.020294
551.599596 -117.197044
551.599885 -116.232765
551.600173 -117.074982
551.600462 -120.990181
551.600750 -119.074677
551.601038 -119.163025
551.601327 -120.823898
551.601615 -124.850838
551.601904 -119.852104
551.602192 -119.772285
551.602481 -124.313568
551.602769 -121.052673
551.603058 -121.832039
551.603346 -127.588249
551.603635 -125.708130
551.603923 -126.027664
551.604212 -122.731903
551.604500 -119.704903
551.604788 -119.865486
551.605077 -122.669998
551.605365 -120.775192
551.605654 -120.785851
551.605942 -123.629562
551.606231 -129.605225
551.606519 -125.840714
551.606808 -125.026764
551.607096 -119.586838
551.607385 -117.767006
551.607673 -117.871910
551.607962 -119.287788
551.608250 -123.871651
551.608538 -118.530891
551.608827 -118.632423
551.609115 -119.378693
551.609404 -117.511887
551.609692 -117.477417
551.609981 -117.673073
551.610269 -117.949097
551.610558 -118.014893
551.610846 -115.849350
551.611135 -115.816711
551.611423 -117.359833
551.611712 -117.071175
551.612000 -117.269318
551.612288 -123.490692
551.612577 -120.274506
551.612865 -120.214249
551.613154 -121.448242
551.613442 -124.783714
551.613731 -126.332481
551.614019 -126.110313
551.614308 -121.801788
551.614596 -121.158821
551.614885 -122.453445
551.615173 -122.658501
551.615462 -121.984512
551.615750 -122.180489
551.616038 -118.973564
551.616327 -117.204185
551.616615 -117.478996
551.616904 -119.211426
551.617192 -119.309151
551.617481 -124.346214
551.617769 -117.503822
551.618058 -116.595276
551.618346 -116.894241
551.618635 -118.039429
551.618923 -122.274544
551.619212 -127.690918
551.619500 -121.385757
551.619788 -118.712509
551.620077 -118.810257
551.620365 -120.063049
551.620654 -120.120605
551.620942 -122.261528
551.621231 -124.175804
551.621519 -122.478050
551.621808 -118.922287
551.622096 -118.804703
551.622385 -122.470024
551.622673 -126.752342
551.622962 -120.181709
551.623250 -119.302681
551.623538 -119.473061
551.623827 -122.299927
551.624115 -126.285637
551.624404 -123.970940
551.624692 -120.365005
551.624981 -120.729385
551.625269 -127.703171
551.625558 -122.618965
551.625846 -122.564102
551.626135 -129.566086
551.626423 -121.805138
551.626712 -116.657768
551.627000 -116.641785
551.627288 -118.487526
551.627577 -118.534561
551.627865 -118.872826
551.628154 -118.461769
551.628442 -117.898643
551.628731 -117.911980
551.629019 -120.029800
551.629308 -129.046524
551.629596 -126.459755
551.629885 -124.855774
551.630173 -122.086670
551.630462 -118.854317
551.630750 -117.490395
551.631038 -117.881325
551.631327 -118.417145
551.631615 -118.326508
551.631904 -121.865128
551.632192 -126.004623
551.632481 -125.965927
551.632769 -123.036446
551.633058 -118.897652
551.633346 -116.623299
551.633635 -116.635735
551.633923 -119.396698
551.634212 -116.478424
551.634500 -115.380287
551.634788 -115.682877
551.635077 -123.007889
551.635365 -128.931000
551.635654 -122.797928
551.635942 -122.811653
551.636231 -124.096497
551.636519 -124.118401
551.636808 -123.157188
551.637096 -121.995430
551.637385 -121.771133
551.637673 -122.001282
551.637962 -123.323250
551.638250 -123.491463
551.638538 -123.669434
551.638827 -122.529243
551.639115 -118.563530
551.639404 -117.568741
551.639692 -118.291130
551.639981 -119.186371
551.640269 -116.346016
551.640558 -116.442673
551.640846 -120.511719
551.641135 -118.841591
551.641423 -118.074425
551.641712 -119.069199
551.642000 -118.945633
551.642288 -118.322258
551.642577 -118.364784
551.642865 -118.955818
551.643154 -124.808434
551.643442 -123.428932
551.643731 -122.640907
551.644019 -122.168953
551.644308 -124.631310
551.644596 -131.406448
551.644885 -123.844986
551.645173 -120.862679
551.645462 -119.530289
551.645750 -119.911720
551.646038 -128.152893
551.646327 -124.814354
551.646615 -124.580315
551.646904 -125.443893
551.647192 -123.098816
551.647481 -123.291222
551.647769 -121.551392
551.648058 -122.485420
551.648346 -122.040916
551.648635 -122.829109
551.648923 -122.747284
551.649212 -124.305313
551.649500 -121.315750
551.649788 -121.357857
551.650077 -123.292427
551.650365 -123.444977
551.650654 -123.759415
551.650942 -122.636383
551.651231 -121.645500
551.651519 -122.612404
551.651808 -125.422020
551.652096 -125.522224
551.652385 -119.231277
551.652673 -118.554771
551.652962 -120.774078
551.653250 -119.713737
551.653538 -120.383385
551.653827 -115.258537
551.654115 -114.612801
551.654404 -115.611877
551.654692 -121.305092
551.654981 -124.411026
551.655269 -124.214226
551.655558 -129.594864
551.655846 -122.752541
551.656135 -118.434280
551.656423 -118.251907
551.656712 -119.830528
551.657000 -126.221085
551.657288 -124.433533
551.657577 -119.322670
551.657865 -119.141060
551.658154 -121.021706
551.658442 -125.267654
551.658731 -128.614365
551.659019 -127.535965
551.659308 -127.681320
551.659596 -123.646072
551.659885 -123.660339
551.660173 -124.410339
551.660462 -130.863510
551.660750 -123.342812
551.661038 -122.769577
551.661327 -124.838188
551.661615 -124.344345
551.661904 -120.298882
551.662192 -120.309143
551.662481 -122.236610
551.662769 -119.724136
551.663058 -119.716286
551.663346 -120.222069
551.663635 -118.575661
551.663923 -117.838631
551.664212 -118.126221
551.664500 -119.523643
551.664788 -121.609589
551.665077 -119.875008
551.665365 -120.333969
551.665654 -132.151810
551.665942 -125.877266
551.666231 -123.680771
551.666519 -125.887207
551.666808 -126.433708
551.667096 -126.069801
551.667385 -126.895287
551.667673 -130.169815
551.667962 -122.911621
551.668250 -122.875748
551.668538 -127.212280
551.668827 -122.318291
551.669115 -119.217743
551.669404 -119.156677
551.669692 -118.446518
551.669981 -117.475601
551.670269 -117.582436
551.670558 -120.164627
551.670846 -121.959831
551.671135 -120.805031
551.671423 -121.606407
551.671712 -128.774292
551.672000 -123.177818
551.672288 -123.107727
551.672577 -123.912872
551.672865 -122.636726
551.673154 -122.926155
551.673442 -122.078018
551.673731 -123.678131
551.674019 -125.793930
551.674308 -125.884850
551.674596 -128.631287
551.674885 -125.614029
551.675173 -120.431061
551.675462 -118.018509
551.675750 -118.025505
551.676038 -120.526299
551.676327 -120.238426
551.676615 -118.282997
551.676904 -119.067162
551.677192 -127.621742
551.677481 -124.321053
551.677769 -117.834213
551.678058 -116.924866
551.678346 -117.554756
551.678635 -123.072037
551.678923 -133.454346
551.679212 -124.247002
551.679500 -119.711876
551.679788 -119.718048
551.680077 -125.079216
551.680365 -125.865097
551.680654 -122.569016
551.680942 -121.857468
551.681231 -122.240059
551.681519 -122.463966
551.681808 -122.287872
551.682096 -123.730980
551.682385 -122.044685
551.682673 -118.821701
551.682962 -118.796242
551.683250 -120.992249
551.683538 -125.478622
551.683827 -121.089920
551.684115 -121.186317
551.684404 -126.273315
551.684692 -124.229851
551.684981 -123.941864
551.685269 -129.886063
551.685558 -122.925194
551.685846 -121.419067
551.686135 -122.163483
551.686423 -123.025322
551.686712 -119.608032
551.687000 -119.451187
551.687288 -119.687141
551.687577 -120.595421
551.687865 -126.999092
551.688154 -119.868271
551.688442 -119.684959
551.688731 -124.111702
551.689019 -123.294609
551.689308 -122.802216
551.689596 -122.527489
551.689885 -124.751694
551.690173 -117.555023
551.690462 -117.275208
551.690750 -121.306145
551.691038 -120.162323
551.691327 -120.579041
551.691615 -119.032356
551.691904 -118.837524
551.692192 -119.868896
551.692481 -121.088547
551.692769 -125.360481
551.693058 -127.658997
551.693346 -125.099396
551.693635 -125.166092
551.693923 -119.670090
551.694212 -118.534515
551.694500 -118.583687
551.694788 -122.241798
551.695077 -125.665215
551.695365 -125.553055
551.695654 -124.844276
551.695942 -122.902969
551.696231 -123.408920
551.696519 -123.763100
551.696808 -118.818054
551.697096 -113.169479
551.697385 -112.621506
551.697673 -113.067139
551.697962 -116.256676
551.698250 -124.013748
551.698538 -118.678345
551.698827 -116.908798
551.699115 -116.846756
551.699404 -118.541809
551.699692 -128.583466
551.699981 -129.303925
551.700269 -125.606773
551.700558 -124.648277
551.700846 -125.348900
551.701135 -129.379181
551.701423 -119.995689
551.701712 -114.186752
551.702000 -113.710648
551.702288 -115.578667
551.702577 -119.263260
551.702865 -117.267776
551.703154 -117.496567
551.703442 -118.847878
551.703731 -118.807640
551.704019 -120.338158
551.704308 -126.638702
551.704596 -125.908226
551.704885 -127.178810
551.705173 -123.005074
551.705462 -119.303780
551.705750 -119.065849
551.706038 -119.378639
551.706327 -120.903275
551.706615 -121.039726
551.706904 -122.997253
551.707192 -130.378769
551.707481 -127.669594
551.707769 -127.896324
551.708058 -126.985947
551.708346 -127.787689
551.708635 -121.504013
551.708923 -121.178139
551.709212 -123.589821
551.709500 -120.743477
551.709788 -120.800560
551.710077 -125.571342
551.710365 -133.758621
551.710654 -137.373108
551.710942 -131.104050
551.711231 -129.843781
551.711519 -124.662560
551.711808 -116.572975
551.712096 -115.599236
551.712385 -115.649872
551.712673 -116.119080
551.712962 -117.214333
551.713250 -116.711960
551.713538 -117.299400
551.713827 -127.417664
551.714115 -117.267982
551.714404 -115.291115
551.714692 -115.892464
551.714981 -121.418076
551.715269 -125.705376
551.715558 -124.579018
551.715846 -123.367889
551.716135 -123.722603
551.716423 -116.905693
551.716712 -114.042023
551.717000 -114.313698
551.717288 -121.219223
551.717577 -120.819206
551.717865 -120.108635
551.718154 -121.200264
551.718442 -124.481956
551.718731 -123.873528
551.719019 -118.937744
551.719308 -116.794159
551.719596 -116.806389
551.719885 -118.617050
551.720173 -122.865318
551.720462 -119.991364
551.720750 -117.114845
551.721038 -117.164391
551.721327 -120.305275
551.721615 -121.586395
551.721904 -122.746773
551.722192 -128.236984
551.722481 -130.406570
551.722769 -118.012848
551.723058 -113.831451
551.723346 -113.883911
551.723635 -115.557045
551.723923 -116.308105
551.724212 -117.298347
551.724500 -116.877701
551.724788 -115.824768
551.725077 -115.871628
551.725365 -116.467033
551.725654 -113.787773
551.725942 -113.867828
551.726231 -118.469078
551.726519 -124.657181
551.726808 -124.554626
551.727096 -124.457886
551.727385 -123.205505
551.727673 -117.450935
551.727962 -117.189522
551.728250 -119.471062
551.728538 -120.390182
551.728827 -115.128510
551.729115 -114.571121
551.729404 -115.109612
551.729692 -120.393806
551.729981 -117.984474
551.730269 -117.939674
551.730558 -119.869568
551.730846 -119.395035
551.731135 -119.429672
551.731423 -121.491379
551.731712 -122.692879
551.732000 -119.974304
551.732288 -114.211952
551.732577 -114.149017
551.732865 -116.689156
551.733154 -123.667152
551.733442 -127.880363
551.733731 -129.489334
551.734019 -124.973343
551.734308 -123.227211
551.734596 -123.377167
551.734885 -124.569290
551.735173 -125.899590
551.735462 -123.486420
551.735750 -119.756462
551.736038 -119.759125
551.736327 -122.173775
551.736615 -127.202873
551.736904 -124.758957
551.737192 -126.671394
551.737481 -127.489342
551.737769 -119.258064
551.738058 -118.371689
551.738346 -116.269547
551.738635 -115.262772
551.738923 -115.273590
551.739212 -116.336708
551.739500 -118.338585
551.739788 -121.249199
551.740077 -127.551254
551.740365 -126.866882
551.740654 -126.325920
551.740942 -127.499069
551.741231 -123.299011
551.741519 -121.075516
551.741808 -115.671349
551.742096 -115.204720
551.742385 -115.537628
551.742673 -116.284157
551.742962 -120.753387
551.743250 -124.908783
551.743538 -124.865204
551.743827 -125.868683
551.744115 -123.901337
551.744404 -120.940842
551.744692 -120.965729
551.744981 -122.157890
551.745269 -123.208611
551.745558 -126.720520
551.745846 -120.627922
551.746135 -118.994965
551.746423 -118.819191
551.746712 -119.618851
551.747000 -120.865219
551.747288 -119.550087
551.747577 -119.277992
551.747865 -119.499046
551.748154 -122.247093
551.748442 -118.557251
551.748731 -118.279358
551.749019 -118.320778
551.749308 -119.942459
551.749596 -125.160591
551.749885 -120.185310
551.750173 -119.953476
551.750462 -122.571396
551.750750 -118.371994
551.751038 -118.066780
551.751327 -118.889526
551.751615 -124.174622
551.751904 -122.302925
551.752192 -122.324043
551.752481 -128.349609
551.752769 -128.318680
551.753058 -117.412300
551.753346 -115.252602
551.753635 -115.253494
551.753923 -115.705414
551.754212 -120.194321
551.754500 -129.141815
551.754788 -119.089638
551.755077 -115.956589
551.755365 -116.108986
551.755654 -117.690315
551.755942 -118.887802
551.756231 -121.251274
551.756519 -124.529594
551.756808 -123.081787
551.757096 -118.251526
551.757385 -118.256889
551.757673 -120.475761
551.757962 -121.178551
551.758250 -122.082191
551.758538 -124.400673
551.758827 -123.415459
551.759115 -119.809891
551.759404 -119.124847
551.759692 -117.833008
551.759981 -117.481697
551.760269 -117.852570
551.760558 -117.361649
551.760846 -117.776474
551.761135 -120.416107
551.761423 -126.556389
551.761712 -118.464684
551.762000 -116.603996
551.762288 -117.141548
551.762577 -126.037674
551.762865 -123.438057
551.763154 -120.506821
551.763442 -120.504395
551.763731 -124.639832
551.764019 -128.962753
551.764308 -123.987106
551.764596 -121.654930
551.764885 -121.760468
551.765173 -121.686363
551.765462 -120.009651
551.765750 -120.972107
551.766038 -121.911942
551.766327 -122.705452
551.766615 -118.583138
551.766904 -117.953461
551.767192 -116.207344
551.767481 -115.991982
551.767769 -117.415833
551.768058 -122.921051
551.768346 -120.378395
551.768635 -116.710686
551.768923 -116.674309
551.769212 -120.204140
551.769500 -119.762428
551.769788 -120.565956
551.770077 -122.844002
551.770365 -122.787727
551.770654 -119.422211
551.770942 -118.714958
551.771231 -119.526573
551.771519 -121.800026
551.771808 -122.828629
551.772096 -121.527130
551.772385 -121.501999
551.772673 -121.874969
551.772962 -117.082726
551.773250 -116.028992
551.773538 -117.680367
551.773827 -120.029968
551.774115 -118.068306
551.774404 -118.389153
551.774692 -120.585480
551.774981 -120.972603
551.775269 -121.657654
551.775558 -121.671539
551.775846 -119.679321
551.776135 -118.651810
551.776423 -118.857628
551.776712 -126.264320
551.777000 -119.098816
551.777288 -116.443031
551.777577 -116.534348
551.777865 -118.207191
551.778154 -125.280273
551.778442 -127.911156
551.778731 -123.403946
551.779019 -121.398750
551.779308 -121.591568
551.779596 -122.569496
551.779885 -119.634499
551.780173 -119.714096
551.780462 -125.121277
551.780750 -122.610756
551.781038 -122.980858
551.781327 -124.586830
551.781615 -122.325073
551.781904 -122.414955
551.782192 -126.084991
551.782481 -129.346191
551.782769 -128.601334
551.783058 -125.489853
551.783346 -125.486099
551.783635 -119.126160
551.783923 -114.902428
551.784212 -114.840775
551.784500 -115.980392
551.784788 -120.905525
551.785077 -125.505539
551.785365 -121.476074
551.785654 -121.624565
551.785942 -124.320313
551.786231 -121.917511
551.786519 -119.863907
551.786808 -120.054642
551.787096 -121.437416
551.787385 -118.713486
551.787673 -116.634415
551.787962 -116.268036
551.788250 -116.637306
551.788538 -119.757256
551.788827 -128.994446
551.789115 -134.960007
551.789404 -121.918808
551.789692 -117.952499
551.789981 -117.957199
551.790269 -119.304085
551.790558 -121.640411
551.790846 -122.949089
551.791135 -122.685638
551.791423 -124.429321
551.791712 -120.229599
551.792000 -117.594208
551.792288 -116.977432
551.792577 -117.171532
551.792865 -118.142769
551.793154 -122.409294
551.793442 -131.296783
551.793731 -130.786453
551.794019 -130.796295
551.794308 -122.841454
551.794596 -121.820862
551.794885 -122.182449
551.795173 -125.354729
551.795462 -123.337524
551.795750 -121.047638
551.796038 -116.002884
551.796327 -116.043419
551.796615 -119.435570
551.796904 -121.696159
551.797192 -116.151779
551.797481 -115.626221
551.797769 -115.649239
551.798058 -115.658417
551.798346 -116.853119
551.798635 -124.599045
551.798923 -117.814911
551.799212 -116.781181
551.799500 -117.291916
551.799788 -123.652039
551.800077 -130.705750
551.800365 -128.378799
551.800654 -128.455307
551.800942 -128.334122
551.801231 -121.725136
551.801519 -119.979790
551.801808 -118.972374
551.802096 -117.153297
551.802385 -117.073372
551.802673 -116.727982
551.802962 -115.903885
551.803250 -117.339859
551.803538 -130.402969
551.803827 -129.320206
551.804115 -122.402313
551.804404 -122.166412
551.804692 -119.033455
551.804981 -117.475555
551.805269 -117.834846
551.805558 -121.654716
551.805846 -123.386162
551.806135 -117.603149
551.806423 -116.201813
551.806712 -116.487312
551.807000 -119.354744
551.807288 -120.814484
551.807577 -127.959023
551.807865 -129.807999
551.808154 -126.944176
551.808442 -121.537224
551.808731 -118.872086
551.809019 -117.804352
551.809308 -117.843086
551.809596 -120.075134
551.809885 -121.565643
551.810173 -120.691994
551.810462 -124.134491
551.810750 -119.272339
551.811038 -117.650284
551.811327 -117.963997
551.811615 -124.625587
551.811904 -124.304588
551.812192 -121.692131
551.812481 -121.400536
551.812769 -122.698410
551.813058 -132.685364
551.813346 -129.252991
551.813635 -126.497223
551.813923 -125.364456
551.814212 -125.366615
551.814500 -126.533478
551.814788 -131.484940
551.815077 -126.850670
551.815365 -119.345985
551.815654 -119.004799
551.815942 -118.170525
551.816231 -116.916138
551.816519 -117.687157
551.816808 -116.760490
551.817096 -116.709114
551.817385 -117.519310
551.817673 -116.452766
551.817962 -117.163200
551.818250 -116.492172
551.818538 -114.545853
551.818827 -115.053162
551.819115 -121.444908
551.819404 -120.405670
551.819692 -120.479607
551.819981 -122.309105
551.820269 -120.316826
551.820558 -119.866943
551.820846 -120.362564
551.821135 -124.075157
551.821423 -124.983261
551.821712 -125.799774
551.822000 -121.002800
551.822288 -118.897949
551.822577 -118.316269
551.822865 -116.543747
551.823154 -114.351624
551.823442 -114.491249
551.823731 -119.854591
551.824019 -118.034615
551.824308 -115.868164
551.824596 -115.829025
551.824885 -116.234520
551.825173 -115.527367
551.825462 -115.716278
551.825750 -120.213829
551.826038 -118.855339
551.826327 -115.921631
551.826615 -115.533318
551.826904 -115.678024
551.827192 -119.160301
551.827481 -124.832237
551.827769 -125.007957
551.828058 -121.993340
551.828346 -118.661034
551.828635 -118.660767
551.828923 -120.542061
551.829212 -118.936493
551.829500 -117.416534
551.829788 -117.854393
551.830077 -123.819221
551.830365 -118.816605
551.830654 -118.791794
551.830942 -115.609375
551.831231 -115.269989
551.831519 -117.356750
551.831808 -116.938797
551.832096 -115.867683
551.832385 -116.136192
551.832673 -119.688545
551.832962 -123.388611
551.833250 -117.423805
551.833538 -115.813553
551.833827 -114.859436
551.834115 -114.369743
551.834404 -114.935310
551.834692 -120.661003
551.834981 -118.713722
551.835269 -116.693886
551.835558 -116.813423
551.835846 -122.680992
551.836135 -123.736061
551.836423 -121.928810
551.836712 -122.060349
551.837000 -122.323723
551.837288 -125.940155
551.837577 -125.119194
551.837865 -126.943611
551.838154 -128.530624
551.838442 -127.774788
551.838731 -126.855026
551.839019 -122.765671
551.839308 -115.401321
551.839596 -113.173637
551.839885 -113.141098
551.840173 -114.086723
551.840462 -117.168915
551.840750 -120.642258
551.841038 -120.831734
551.841327 -116.022423
551.841615 -115.500648
551.841904 -115.669258
551.842192 -117.001259
551.842481 -117.136963
551.842769 -116.121407
551.843058 -116.479767
551.843346 -120.788002
551.843635 -123.455376
551.843923 -120.353142
551.844212 -119.641502
551.844500 -120.411392
551.844788 -120.624840
551.845077 -119.235023
551.845365 -119.288422
551.845654 -121.466988
551.845942 -120.133698
551.846231 -120.217201
551.846519 -119.742104
551.846808 -118.709587
551.847096 -119.179970
551.847385 -121.282906
551.847673 -124.785843
551.847962 -125.915642
551.848250 -128.256577
551.848538 -117.061584
551.848827 -114.116341
551.849115 -114.279808
551.849404 -120.451035
551.849692 -117.559052
551.849981 -117.410301
551.850269 -119.793694
551.850558 -125.034744
551.850846 -125.373611
551.851135 -121.374992
551.851423 -119.599113
551.851712 -120.077728
551.852000 -118.870560
551.852288 -115.812279
551.852577 -115.898773
551.852865 -120.517075
551.853154 -118.908195
551.853442 -119.612633
551.853731 -117.887283
551.854019 -117.629021
551.854308 -119.812431
551.854596 -129.063507
551.854885 -126.990364
551.855173 -124.310905
551.855462 -124.299438
551.855750 -123.440002
551.856038 -119.752892
551.856327 -119.111572
551.856615 -119.084251
551.856904 -119.314751
551.857192 -124.369431
551.857481 -127.344009
551.857769 -127.318665
551.858058 -123.095329
551.858346 -120.987968
551.858635 -121.097153
551.858923 -123.836189
551.859212 -127.133591
551.859500 -126.224503
551.859788 -123.210892
551.860077 -119.469612
551.860365 -118.082367
551.860654 -118.232948
551.860942 -121.650932
551.861231 -120.899765
551.861519 -121.050194
551.861808 -125.446449
551.862096 -133.251068
551.862385 -124.903099
551.862673 -121.439079
551.862962 -119.364380
551.863250 -116.729485
551.863538 -116.633400
551.863827 -118.949799
551.864115 -124.697853
551.864404 -120.220520
551.864692 -120.113510
551.864981 -122.961288
551.865269 -119.339958
551.865558 -119.293884
551.865846 -120.206558
551.866135 -125.486382
551.866423 -131.997498
551.866712 -122.930565
551.867000 -120.227341
551.867288 -120.670891
551.867577 -128.375931
551.867865 -122.059830
551.868154 -122.070183
551.868442 -128.278549
551.868731 -133.789673
551.869019 -126.150360
551.869308 -121.898155
551.869596 -118.338150
551.869885 -118.328583
551.870173 -122.382751
551.870462 -120.731239
551.870750 -120.954895
551.871038 -125.377434
551.871327 -129.820877
551.871615 -121.373299
551.871904 -119.534882
551.872192 -119.999207
551.872481 -125.154778
551.872769 -117.682716
551.873058 -114.818840
551.873346 -114.893188
551.873635 -120.811432
551.873923 -120.672279
551.874212 -120.419106
551.874500 -118.179993
551.874788 -117.218483
551.875077 -117.301392
551.875365 -120.139458
551.875654 -129.674377
551.875942 -123.066826
551.876231 -123.057632
551.876519 -125.543060
551.876808 -121.479057
551.877096 -117.893768
551.877385 -117.869095
551.877673 -119.092941
551.877962 -121.932663
551.878250 -125.341698
551.878538 -122.718117
551.878827 -120.620270
551.879115 -121.017738
551.879404 -122.060677
551.879692 -123.107552
551.879981 -122.718079
551.880269 -122.739395
551.880558 -128.705780
551.880846 -123.112793
551.881135 -118.592094
551.881423 -117.312614
551.881712 -117.373306
551.882000 -119.430008
551.882288 -126.041443
551.882577 -115.235619
551.882865 -114.132385
551.883154 -114.824379
551.883442 -121.616310
551.883731 -124.461510
551.884019 -122.140244
551.884308 -122.288307
551.884596 -121.926636
551.884885 -123.441162
551.885173 -119.090645
551.885462 -115.108604
551.885750 -113.876694
551.886038 -114.071777
551.886327 -116.523087
551.886615 -122.274338
551.886904 -122.581161
551.887192 -123.132843
551.887481 -121.803535
551.887769 -120.989777
551.888058 -117.525558
551.888346 -113.952133
551.888635 -113.594620
551.888923 -114.612869
551.889212 -119.732964
551.889500 -118.946365
551.889788 -119.004532
551.890077 -126.515129
551.890365 -130.215424
551.890654 -128.264099
551.890942 -118.446129
551.891231 -115.174797
551.891519 -115.123810
551.891808 -117.753944
551.892096 -125.237511
551.892385 -125.227173
551.892673 -121.805580
551.892962 -119.703186
551.893250 -120.329140
551.893538 -119.094940
551.893827 -118.783203
551.894115 -119.230003
551.894404 -119.777008
551.894692 -120.381760
551.894981 -122.491463
551.895269 -122.286774
551.895558 -122.563515
551.895846 -118.851532
551.896135 -117.031670
551.896423 -117.213737
551.896712 -119.267097
551.897000 -119.373634
551.897288 -116.329079
551.897577 -113.961266
551.897865 -114.025597
551.898154 -118.120148
551.898442 -120.620743
551.898731 -124.970596
551.899019 -128.781891
551.899308 -121.790970
551.899596 -118.527611
551.899885 -117.933327
551.900173 -118.318123
551.900462 -119.494095
551.900750 -119.619530
551.901038 -124.079224
551.901327 -123.705734
551.901615 -123.283081
551.901904 -123.493179
551.902192 -119.277817
551.902481 -117.301933
551.902769 -117.361580
551.903058 -118.342148
551.903346 -119.985573
551.903635 -119.021988
551.903923 -119.408913
551.904212 -124.674789
551.904500 -128.974731
551.904788 -129.713303
551.905077 -125.329155
551.905365 -123.192802
551.905654 -122.194443
551.905942 -120.611420
551.906231 -118.265541
551.906519 -118.309464
551.906808 -124.230148
551.907096 -128.682587
551.907385 -128.396744
551.907673 -124.620514
551.907962 -124.766251
551.908250 -124.440598
551.908538 -123.374344
551.908827 -124.503571
551.909115 -121.476746
551.909404 -121.520050
551.909692 -122.211975
551.909981 -117.372650
551.910269 -116.147018
551.910558 -116.434258
551.910846 -119.622902
551.911135 -121.842018
551.911423 -120.137222
551.911712 -120.163002
551.912000 -125.412750
551.912288 -131.360703
551.912577 -131.391022
551.912865 -127.287766
551.913154 -122.298294
551.913442 -114.668198
551.913731 -113.669060
551.914019 -114.066475
551.914308 -116.819527
551.914596 -121.721939
551.914885 -121.702248
551.915173 -121.887428
551.915462 -120.653694
551.915750 -121.124878
551.916038 -123.336243
551.916327 -124.529640
551.916615 -126.594719
551.916904 -121.611847
551.917192 -116.631371
551.917481 -116.717804
551.917769 -121.243813
551.918058 -125.214775
551.918346 -128.179688
551.918635 -118.906685
551.918923 -117.473091
551.919212 -117.675415
551.919500 -120.311974
551.919788 -120.215233
551.920077 -120.228531
551.920365 -120.827095
551.920654 -119.541412
551.920942 -116.890175
551.921231 -116.913246
551.921519 -119.715965
551.921808 -122.955162
551.922096 -120.800713
551.922385 -121.036034
551.922673 -119.908638
551.922962 -119.677940
551.923250 -116.347885
551.923538 -114.451508
551.923827 -114.694984
551.924115 -118.363670
551.924404 -119.723419
551.924692 -117.948616
551.924981 -118.175865
551.925269 -122.664207
551.925558 -123.475151
551.925846 -119.718765
551.926135 -119.718788
551.926423 -123.032616
551.926712 -123.604927
551.927000 -118.094475
551.927288 -116.617691
551.927577 -118.205887
551.927865 -120.224602
551.928154 -119.969154
551.928442 -121.192436
551.928731 -122.458206
551.929019 -122.902946
551.929308 -117.604553
551.929596 -114.660988
551.929885 -114.644829
551.930173 -113.761246
551.930462 -113.353806
551.930750 -113.734467
551.931038 -117.270607
551.931327 -122.321526
551.931615 -118.410667
551.931904 -118.083420
551.932192 -118.778671
551.932481 -120.758148
551.932769 -124.320717
551.933058 -123.751022
551.933346 -119.437637
551.933635 -119.451485
551.933923 -122.562592
551.934212 -125.259605
551.934500 -121.674789
551.934788 -121.779945
551.935077 -120.782219
551.935365 -119.920601
551.935654 -121.873604
551.935942 -118.031242
551.936231 -117.997414
551.936519 -119.503021
551.936808 -122.910744
551.937096 -121.812752
551.937385 -119.649536
551.937673 -118.717384
551.937962 -118.704552
551.938250 -119.929573
551.938538 -118.758179
551.938827 -117.889938
551.939115 -117.818405
551.939404 -119.511269
551.939692 -116.380028
551.939981 -115.428429
551.940269 -115.714584
551.940558 -119.345024
551.940846 -122.092415
551.941135 -123.103470
551.941423 -126.419189
551.941712 -126.431068
551.942000 -126.450668
551.942288 -125.591568
551.942577 -129.037155
551.942865 -122.509918
551.943154 -118.328720
551.943442 -117.587799
551.943731 -118.328064
551.944019 -119.976990
551.944308 -116.182747
551.944596 -115.665710
551.944885 -116.022552
551.945173 -120.257492
551.945462 -125.396408
551.945750 -125.402328
551.946038 -125.305824
551.946327 -125.310532
551.946615 -130.866882
551.946904 -120.442490
551.947192 -116.687225
551.947481 -116.484489
551.947769 -117.386833
551.948058 -118.998558
551.948346 -119.264442
551.948635 -117.809418
551.948923 -117.805153
551.949212 -119.310020
551.949500 -124.880173
551.949788 -116.943314
551.950077 -116.679283
551.950365 -118.149170
551.950654 -122.731133
551.950942 -124.150070
551.951231 -120.195343
551.951519 -119.716209
551.951808 -121.017670
551.952096 -126.364090
551.952385 -122.592766
551.952673 -121.870453
551.952962 -124.463547
551.953250 -124.542427
551.953538 -121.491539
551.953827 -121.596367
551.954115 -116.506927
551.954404 -115.384384
551.954692 -116.236465
551.954981 -121.427948
551.955269 -118.786041
551.955558 -118.788017
551.955846 -119.065254
551.956135 -120.201950
551.956423 -124.485947
551.956712 -132.374161
551.957000 -125.670433
551.957288 -118.453644
551.957577 -118.033897
551.957865 -120.913170
551.958154 -131.018570
551.958442 -131.144791
551.958731 -123.850006
551.959019 -120.246292
551.959308 -118.838745
551.959596 -117.579384
551.959885 -117.705368
551.960173 -118.893349
551.960462 -117.285149
551.960750 -117.883957
551.961038 -121.905502
551.961327 -121.702629
551.961615 -123.141464
551.961904 -126.328194
551.962192 -123.904755
551.962481 -121.384109
551.962769 -121.782082
551.963058 -121.880463
551.963346 -121.758629
551.963635 -123.868629
551.963923 -122.147438
551.964212 -121.771317
551.964500 -123.912750
551.964788 -124.790276
551.965077 -128.108276
551.965365 -120.942795
551.965654 -115.995834
551.965942 -113.639061
551.966231 -113.675713
551.966519 -115.875267
551.966808 -123.353348
551.967096 -127.928085
551.967385 -125.033165
551.967673 -120.698158
551.967962 -120.783371
551.968250 -124.965538
551.968538 -124.473061
551.968827 -123.648643
551.969115 -123.634659
551.969404 -121.096039
551.969692 -119.925125
551.969981 -121.166733
551.970269 -128.810120
551.970558 -123.919731
551.970846 -122.214943
551.971135 -122.745689
551.971423 -119.492851
551.971712 -115.548866
551.972000 -115.548866
551.972288 -121.563499
551.972577 -128.741592
551.972865 -130.330872
551.973154 -128.667374
551.973442 -127.785713
551.973731 -123.298729
551.974019 -119.759270
551.974308 -120.824303
551.974596 -116.750008
551.974885 -116.479813
551.975173 -119.065338
551.975462 -117.708092
551.975750 -117.585136
551.976038 -119.219818
551.976327 -120.475746
551.976615 -116.894386
551.976904 -115.337349
551.977192 -115.499046
551.977481 -120.881020
551.977769 -121.767937
551.978058 -124.305428
551.978346 -120.775497
551.978635 -119.970245
551.978923 -117.497574
551.979212 -117.601181
551.979500 -123.677666
551.979788 -123.113632
551.980077 -119.679756
551.980365 -117.970520
551.980654 -118.013748
551.980942 -123.326050
551.981231 -128.004044
551.981519 -122.860840
551.981808 -121.710175
551.982096 -123.056221
551.982385 -126.812691
551.982673 -126.867516
551.982962 -127.538269
551.983250 -121.606056
551.983538 -116.425026
551.983827 -116.332703
551.984115 -117.027367
551.984404 -119.790520
551.984692 -123.982956
551.984981 -123.954468
551.985269 -124.678482
551.985558 -121.246956
551.985846 -118.968414
551.986135 -119.964119
551.986423 -116.764290
551.986712 -116.309357
551.987000 -117.710289
551.987288 -119.400276
551.987577 -117.003693
551.987865 -116.158470
551.988154 -115.567535
551.988442 -115.075790
551.988731 -115.871445
551.989019 -122.787994
551.989308 -119.026283
551.989596 -116.700607
551.989885 -116.761719
551.990173 -119.055977
551.990462 -122.222382
551.990750 -124.337769
551.991038 -125.769745
551.991327 -114.497658
551.991615 -112.965538
551.991904 -113.531677
551.992192 -118.626862
551.992481 -126.548843
551.992769 -133.394775
551.993058 -122.249016
551.993346 -118.929291
551.993635 -119.055412
551.993923 -122.622314
551.994212 -125.107323
551.994500 -131.590652
551.994788 -123.789978
551.995077 -121.925697
551.995365 -121.570747
551.995654 -121.570808
551.995942 -123.829811
551.996231 -139.010178
551.996519 -134.937012
551.996808 -121.770874
551.997096 -120.890831
551.997385 -122.984665
551.997673 -128.965576
551.997962 -128.629944
551.998250 -127.290985
551.998538 -125.654732
551.998827 -118.811783
551.999115 -117.792786
551.999404 -118.384727
551.999692 -121.422752
551.999981 -122.101295
552.000269 -119.435638
552.000558 -119.386330
552.000846 -121.062317
552.001135 -118.809425
552.001423 -116.888718
552.001712 -116.888458
552.002000 -117.667168
552.002288 -119.614822
552.002577 -120.905258
552.002865 -119.991455
552.003154 -122.019737
552.003442 -118.663185
552.003731 -116.566620
552.004019 -113.657043
552.004308 -113.239738
552.004596 -113.825203
552.004885 -117.087891
552.005173 -123.063438
552.005462 -121.364494
552.005750 -120.159401
552.006038 -117.175789
552.006327 -116.364624
552.006615 -117.381943
552.006904 -125.061035
552.007192 -120.447235
552.007481 -120.039345
552.007769 -120.804314
552.008058 -125.802803
552.008346 -123.683067
552.008635 -123.307060
552.008923 -124.704788
552.009212 -133.130936
552.009500 -124.147942
552.009788 -124.030525
552.010077 -120.785202
552.010365 -120.839569
552.010654 -117.218330
552.010942 -115.173813
552.011231 -115.130753
552.011519 -116.331802
552.011808 -120.857124
552.012096 -123.504372
552.012385 -117.084518
552.012673 -115.941650
552.012962 -117.098076
552.013250 -121.210205
552.013538 -121.870148
552.013827 -122.588303
552.014115 -122.472771
552.014404 -120.732315
552.014692 -119.756401
552.014981 -120.426918
552.015269 -122.257950
552.015558 -123.930031
552.015846 -120.094353
552.016135 -120.025467
552.016423 -122.559982
552.016712 -123.856468
552.017000 -121.968254
552.017288 -119.354286
552.017577 -117.031647
552.017865 -117.424042
552.018154 -119.779259
552.018442 -116.951408
552.018731 -116.952873
552.019019 -120.812836
552.019308 -126.593460
552.019596 -121.705864
552.019885 -118.045197
552.020173 -117.240753
552.020462 -118.183609
552.020750 -125.396004
552.021038 -124.912231
552.021327 -124.795631
552.021615 -120.167702
552.021904 -115.810768
552.022192 -115.380760
552.022481 -115.909081
552.022769 -118.114464
552.023058 -125.507767
552.023346 -118.141869
552.023635 -114.674469
552.023923 -114.670792
552.024212 -115.274689
552.024500 -119.097458
552.024788 -128.602386
552.025077 -121.794571
552.025365 -119.366241
552.025654 -118.398155
552.025942 -116.862732
552.026231 -116.804871
552.026519 -118.286072
552.026808 -120.188728
552.027096 -122.782341
552.027385 -129.425400
552.027673 -129.040405
552.027962 -119.273254
552.028250 -115.801476
552.028538 -115.751846
552.028827 -116.986458
552.029115 -119.177895
552.029404 -120.395859
552.029692 -121.291595
552.029981 -121.967918
552.030269 -121.678474
552.030558 -122.786873
552.030846 -122.212067
552.031135 -122.809044
552.031423 -123.887512
552.031712 -121.544281
552.032000 -118.085045
552.032288 -118.061333
552.032577 -121.490150
552.032865 -124.808617
552.033154 -120.111595
552.033442 -120.063614
552.033731 -122.588524
552.034019 -119.949036
552.034308 -119.988724
552.034596 -117.869751
552.034885 -116.479973
552.035173 -117.250824
552.035462 -117.976173
552.035750 -117.912392
552.036038 -119.889259
552.036327 -115.385765
552.036615 -115.126450
552.036904 -117.171112
552.037192 -120.955780
552.037481 -120.876274
552.037769 -119.378441
552.038058 -119.403061
552.038346 -118.321129
552.038635 -115.608696
552.038923 -115.731750
552.039212 -119.348244
552.039500 -125.648712
552.039788 -119.544518
552.040077 -116.319565
552.040365 -116.295082
552.040654 -119.151291
552.040942 -123.205475
552.041231 -115.773148
552.041519 -111.732109
552.041808 -111.665787
552.042096 -114.804062
552.042385 -117.675888
552.042673 -117.209770
552.042962 -118.661476
552.043250 -120.039322
552.043538 -117.285301
552.043827 -115.848602
552.044115 -116.390747
552.044404 -121.874031
552.044692 -123.537384
552.044981 -120.581100
552.045269 -120.734718
552.045558 -122.903839
552.045846 -122.468452
552.046135 -122.452103
552.046423 -127.919159
552.046712 -125.485985
552.047000 -123.580986
552.047288 -117.814308
552.047577 -117.811554
552.047865 -122.012352
552.048154 -126.661575
552.048442 -122.602745
552.048731 -120.222603
552.049019 -120.238007
552.049308 -122.957108
552.049596 -125.349792
552.049885 -125.390266
552.050173 -126.248672
552.050462 -123.493095
552.050750 -120.930794
552.051038 -117.899734
552.051327 -117.907364
552.051615 -119.676910
552.051904 -119.734329
552.052192 -120.627098
552.052481 -119.690613
552.052769 -120.013748
552.053058 -119.580376
552.053346 -118.454811
552.053635 -119.533669
552.053923 -124.894333
552.054212 -120.500008
552.054500 -119.383209
552.054788 -119.425316
552.055077 -116.223206
552.055365 -115.331718
552.055654 -115.570313
552.055942 -119.502510
552.056231 -118.998329
552.056519 -121.436028
552.056808 -124.544556
552.057096 -124.587181
552.057385 -127.783577
552.057673 -124.516609
552.057962 -124.877525
552.058250 -116.200241
552.058538 -115.785294
552.058827 -117.868866
552.059115 -119.926270
552.059404 -119.573128
552.059692 -121.811493
552.059981 -117.613297
552.060269 -117.320145
552.060558 -118.438637
552.060846 -125.109360
552.061135 -126.406181
552.061423 -121.342880
552.061712 -121.283005
552.062000 -122.013687
552.062288 -120.684067
552.062577 -124.535881
552.062865 -123.862083
552.063154 -124.908264
552.063442 -115.991554
552.063731 -113.663200
552.064019 -113.676346
552.064308 -116.086113
552.064596 -114.604240
552.064885 -114.461807
552.065173 -115.966393
552.065462 -118.480362
552.065750 -117.310654
552.066038 -119.073280
552.066327 -120.077423
552.066615 -120.118195
552.066904 -127.838112
552.067192 -123.267838
552.067481 -122.448097
552.067769 -120.870422
552.068058 -119.471146
552.068346 -119.560005
552.068635 -122.785820
552.068923 -128.986542
552.069212 -128.731735
552.069500 -122.258148
552.069788 -120.019447
552.070077 -120.630737
552.070365 -123.644600
552.070654 -125.625320
552.070942 -128.814545
552.071231 -123.959618
552.071519 -119.565033
552.071808 -119.517143
552.072096 -124.648033
552.072385 -125.852310
552.072673 -125.232513
552.072962 -125.740837
552.073250 -117.821594
552.073538 -115.886810
552.073827 -116.144852
552.074115 -120.501724
552.074404 -119.380547
552.074692 -121.945992
552.074981 -129.235031
552.075269 -125.558510
552.075558 -117.668869
552.075846 -116.138351
552.076135 -116.163315
552.076423 -117.210243
552.076712 -119.779648
552.077000 -117.553391
552.077288 -116.226585
552.077577 -116.401787
552.077865 -116.488907
552.078154 -116.469223
552.078442 -114.413689
552.078731 -113.774406
552.079019 -114.562897
552.079308 -119.310158
552.079596 -123.922134
552.079885 -117.476784
552.080173 -116.589714
552.080462 -118.079292
552.080750 -120.347366
552.081038 -120.034904
552.081327 -120.803596
552.081615 -125.728828
552.081904 -120.787086
552.082192 -120.797424
552.082481 -122.479012
552.082769 -123.308418
552.083058 -119.354332
552.083346 -116.103500
552.083635 -116.374557
552.083923 -121.705002
552.084212 -121.533119
552.084500 -122.258568
552.084788 -127.350357
552.085077 -119.443062
552.085365 -116.561516
552.085654 -116.570320
552.085942 -118.300476
552.086231 -118.890610
552.086519 -123.091705
552.086808 -119.252922
552.087096 -118.982887
552.087385 -119.715660
552.087673 -120.223534
552.087962 -119.081665
552.088250 -119.161354
552.088538 -122.671394
552.088827 -130.023026
552.089115 -121.995895
552.089404 -115.529488
552.089692 -115.082428
552.089981 -115.837204
552.090269 -117.121956
552.090558 -120.118164
552.090846 -123.148369
552.091135 -123.157829
552.091423 -123.843025
552.091712 -125.134987
552.092000 -130.870529
552.092288 -120.261604
552.092577 -119.962036
552.092865 -122.144745
552.093154 -121.583206
552.093442 -125.614845
552.093731 -116.553879
552.094019 -114.754974
552.094308 -115.101814
552.094596 -119.441643
552.094885 -121.633133
552.095173 -119.357147
552.095462 -119.303024
552.095750 -121.288620
552.096038 -123.511833
552.096327 -125.516472
552.096615 -124.935127
552.096904 -122.611824
552.097192 -117.563004
552.097481 -117.426064
552.097769 -117.125160
552.098058 -117.129166
552.098346 -118.459473
552.098635 -117.894836
552.098923 -116.362381
552.099212 -116.440292
552.099500 -118.468063
552.099788 -117.801079
552.100077 -119.018829
552.100365 -122.472649
552.100654 -120.316284
552.100942 -119.733971
552.101231 -123.781441
552.101519 -121.836525
552.101808 -118.223671
552.102096 -118.263054
552.102385 -120.744537
552.102673 -123.422539
552.102962 -122.946579
552.103250 -120.433365
552.103538 -119.502136
552.103827 -119.571571
552.104115 -121.842628
552.104404 -123.839722
552.104692 -119.907997
552.104981 -120.374130
552.105269 -124.297493
552.105558 -124.058968
552.105846 -127.768723
552.106135 -127.053757
552.106423 -120.175972
552.106712 -116.855202
552.107000 -116.938759
552.107288 -119.332222
552.107577 -123.663620
552.107865 -115.593025
552.108154 -114.016693
552.108442 -114.438400
552.108731 -120.674988
552.109019 -122.459396
552.109308 -121.140358
552.109596 -119.880302
552.109885 -120.060310
552.110173 -122.628899
552.110462 -122.822685
552.110750 -118.102425
552.111038 -117.709518
552.111327 -117.447380
552.111615 -117.499504
552.111904 -121.440948
552.112192 -116.860245
552.112481 -116.001648
552.112769 -116.534081
552.113058 -117.409912
552.113346 -114.963280
552.113635 -114.978554
552.113923 -118.095032
552.114212 -121.183632
552.114500 -118.830757
552.114788 -118.879921
552.115077 -118.972816
552.115365 -114.480820
552.115654 -113.703293
552.115942 -113.650589
552.116231 -114.445076
552.116519 -121.245354
552.116808 -120.737160
552.117096 -119.005936
552.117385 -115.942413
552.117673 -111.553986
552.117962 -111.571175
552.118250 -115.629272
552.118538 -120.596268
552.118827 -120.933304
552.119115 -125.733788
552.119404 -126.083626
552.119692 -120.460800
552.119981 -119.653969
552.120269 -120.521675
552.120558 -126.591141
552.120846 -125.852242
552.121135 -117.821510
552.121423 -115.895760
552.121712 -114.633575
552.122000 -114.636803
552.122288 -116.855133
552.122577 -115.347099
552.122865 -115.279854
552.123154 -116.138161
552.123442 -115.724754
552.123731 -116.186478
552.124019 -118.473885
552.124308 -116.284775
552.124596 -115.435364
552.124885 -115.450638
552.125173 -116.591873
552.125462 -113.307648
552.125750 -113.298599
552.126038 -116.801292
552.126327 -122.098419
552.126615 -117.431145
552.126904 -113.097588
552.127192 -111.820564
552.127481 -112.116455
552.127769 -118.639404
552.128058 -123.793938
552.128346 -123.347725
552.128635 -122.498177
552.128923 -118.862991
552.129212 -118.045853
552.129500 -118.319786
552.129788 -120.398964
552.130077 -123.084114
552.130365 -126.136581
552.130654 -125.649734
552.130942 -126.361046
552.131231 -125.108810
552.131519 -122.495567
552.131808 -122.602356
552.132096 -125.149857
552.132385 -121.831482
552.132673 -118.847878
552.132962 -119.035965
552.133250 -123.062859
552.133538 -115.626724
552.133827 -114.748161
552.134115 -115.473587
552.134404 -119.563301
552.134692 -120.211227
552.134981 -122.692268
552.135269 -122.915222
552.135558 -124.866638
552.135846 -119.098740
552.136135 -115.966499
552.136423 -116.240646
552.136712 -117.376328
552.137000 -121.765404
552.137288 -128.676773
552.137577 -121.562950
552.137865 -119.066628
552.138154 -119.251335
552.138442 -127.240883
552.138731 -125.665268
552.139019 -122.605591
552.139308 -122.663437
552.139596 -123.577415
552.139885 -120.081558
552.140173 -120.097755
552.140462 -121.938118
552.140750 -122.169327
552.141038 -118.937531
552.141327 -118.942871
552.141615 -117.517448
552.141904 -116.952972
552.142192 -117.815033
552.142481 -124.220444
552.142769 -119.589630
552.143058 -117.040977
552.143346 -117.088676
552.143635 -121.275703
552.143923 -117.284981
552.144212 -116.397346
552.144500 -116.698914
552.144788 -119.480797
552.145077 -119.963234
552.145365 -121.054306
552.145654 -123.938545
552.145942 -121.888588
552.146231 -120.533997
552.146519 -120.832779
552.146808 -114.748001
552.147096 -113.188889
552.147385 -113.631577
552.147673 -121.337181
552.147962 -123.468010
552.148250 -121.773071
552.148538 -120.535797
552.148827 -121.675499
552.149115 -123.941757
552.149404 -116.207642
552.149692 -113.145424
552.149981 -111.745987
552.150269 -111.776672
552.150558 -115.466728
552.150846 -115.595322
552.151135 -114.508789
552.151423 -115.422935
552.151712 -121.429176
552.152000 -124.934052
552.152288 -123.519348
552.152577 -121.888885
552.152865 -119.558556
552.153154 -118.601700
552.153442 -118.801422
552.153731 -122.219666
552.154019 -116.869263
552.154308 -115.428886
552.154596 -115.716530
552.154885 -122.097786
552.155173 -118.060722
552.155462 -118.118576
552.155750 -122.190918
552.156038 -119.819138
552.156327 -119.487755
552.156615 -116.531784
552.156904 -115.417572
552.157192 -115.615608
552.157481 -118.367432
552.157769 -121.072601
552.158058 -121.547920
552.158346 -121.493904
552.158635 -121.527626
552.158923 -119.721123
552.159212 -119.782852
552.159500 -122.343468
552.159788 -120.335625
552.160077 -116.984787
552.160365 -117.196564
552.160654 -121.592545
552.160942 -125.017792
552.161231 -122.920387
552.161519 -123.095428
552.161808 -127.097275
552.162096 -124.878113
552.162385 -123.663368
552.162673 -123.684799
552.162962 -118.779068
552.163250 -115.633545
552.163538 -115.704849
552.163827 -119.366699
552.164115 -132.222183
552.164404 -119.196342
552.164692 -115.870926
552.164981 -116.120407
552.165269 -119.197914
552.165558 -117.875809
552.165846 -118.923241
552.166135 -119.113853
552.166423 -119.239273
552.166712 -127.561417
552.167000 -127.453896
552.167288 -125.863121
552.167577 -123.967857
552.167865 -121.788353
552.168154 -118.360229
552.168442 -117.652885
552.168731 -118.347893
552.169019 -125.138908
552.169308 -121.921272
552.169596 -118.387062
552.169885 -118.399544
552.170173 -118.212250
552.170462 -118.749855
552.170750 -119.836716
552.171038 -113.850967
552.171327 -112.741867
552.171615 -112.797485
552.171904 -114.604668
552.172192 -117.454834
552.172481 -120.322151
552.172769 -126.310577
552.173058 -126.661163
552.173346 -121.097656
552.173635 -121.135429
552.173923 -121.372910
552.174212 -119.421181
552.174500 -113.742050
552.174788 -112.493134
552.175077 -112.845375
552.175365 -116.164841
552.175654 -121.084991
552.175942 -120.606918
552.176231 -121.027695
552.176519 -122.377449
552.176808 -121.229042
552.177096 -116.544167
552.177385 -116.525177
552.177673 -118.687889
552.177962 -120.644821
552.178250 -125.864647
552.178538 -121.742844
552.178827 -119.909836
552.179115 -119.179329
552.179404 -120.693596
552.179692 -116.987900
552.179981 -116.553947
552.180269 -117.075691
552.180558 -115.696182
552.180846 -115.683983
552.181135 -116.184036
552.181423 -118.624702
552.181712 -119.954483
552.182000 -114.693390
552.182288 -114.286034
552.182577 -116.126183
552.182865 -121.413467
552.183154 -121.831184
552.183442 -114.263725
552.183731 -114.212173
552.184019 -118.508156
552.184308 -125.193932
552.184596 -121.024200
552.184885 -116.549599
552.185173 -116.597313
552.185462 -120.035194
552.185750 -115.217026
552.186038 -114.788406
552.186327 -115.784515
552.186615 -119.382317
552.186904 -115.740936
552.187192 -113.621574
552.187481 -112.367401
552.187769 -112.395699
552.188058 -115.197929
552.188346 -117.740608
552.188635 -116.975891
552.188923 -118.812172
552.189212 -116.920120
552.189500 -115.865295
552.189788 -116.145035
552.190077 -117.138603
552.190365 -117.446472
552.190654 -118.091949
552.190942 -118.484467
552.191231 -116.562332
552.191519 -118.561295
552.191808 -123.250595
552.192096 -121.205482
552.192385 -120.474953
552.192673 -124.252525
552.192962 -120.184853
552.193250 -120.476662
552.193538 -116.422470
552.193827 -114.044670
552.194115 -112.904518
552.194404 -112.972656
552.194692 -114.392418
552.194981 -119.304939
552.195269 -127.098442
552.195558 -123.854439
552.195846 -120.858894
552.196135 -117.276184
552.196423 -117.276947
552.196712 -123.876892
552.197000 -117.427826
552.197288 -117.273598
552.197577 -118.597160
552.197865 -114.542267
552.198154 -114.539368
552.198442 -115.753487
552.198731 -118.508141
552.199019 -124.402229
552.199308 -121.737183
552.199596 -118.653091
552.199885 -118.225365
552.200173 -119.685020
552.200462 -120.456055
552.200750 -118.299110
552.201038 -117.999100
552.201327 -117.999710
552.201615 -118.752319
552.201904 -121.543182
552.202192 -113.531990
552.202481 -112.856720
552.202769 -113.957184
552.203058 -121.382805
552.203346 -119.584953
552.203635 -116.715317
552.203923 -117.078300
552.204212 -124.568344
552.204500 -119.106270
552.204788 -117.869987
552.205077 -118.841911
552.205365 -127.891647
552.205654 -120.467194
552.205942 -115.275055
552.206231 -115.316681
552.206519 -116.561966
552.206808 -117.361557
552.207096 -120.395325
552.207385 -114.319244
552.207673 -113.397285
552.207962 -114.864151
552.208250 -122.753197
552.208538 -121.134117
552.208827 -121.243713
552.209115 -121.752220
552.209404 -123.115105
552.209692 -127.557838
552.209981 -125.588112
552.210269 -124.376282
552.210558 -124.387634
552.210846 -131.923706
552.211135 -122.228569
552.211423 -116.780334
552.211712 -116.830872
552.212000 -126.085342
552.212288 -129.561584
552.212577 -117.638260
552.212865 -115.656654
552.213154 -114.047440
552.213442 -113.896935
552.213731 -115.020599
552.214019 -119.747360
552.214308 -119.013931
552.214596 -119.582314
552.214885 -120.258461
552.215173 -120.608002
552.215462 -116.164215
552.215750 -115.022263
552.216038 -116.365860
552.216327 -119.527603
552.216615 -119.657814
552.216904 -117.738792
552.217192 -116.340790
552.217481 -117.349457
552.217769 -124.579155
552.218058 -117.789200
552.218346 -117.370087
552.218635 -118.881889
552.218923 -121.027565
552.219212 -125.287422
552.219500 -122.121773
552.219788 -120.388100
552.220077 -119.631371
552.220365 -116.558670
552.220654 -113.711143
552.220942 -113.684532
552.221231 -114.827461
552.221519 -116.065376
552.221808 -113.140900
552.222096 -112.173470
552.222385 -113.011986
552.222673 -114.816032
552.222962 -114.535362
552.223250 -115.800987
552.223538 -117.188141
552.223827 -116.632751
552.224115 -115.769905
552.224404 -115.801353
552.224692 -114.723648
552.224981 -112.865982
552.225269 -112.868240
552.225558 -115.429741
552.225846 -120.718849
552.226135 -122.601326
552.226423 -114.766167
552.226712 -114.305428
552.227000 -115.731705
552.227288 -118.584244
552.227577 -120.124367
552.227865 -130.218735
552.228154 -124.312439
552.228442 -123.422325
552.228731 -117.981285
552.229019 -117.203041
552.229308 -117.703102
552.229596 -120.097702
552.229885 -122.575455
552.230173 -115.270004
552.230462 -114.101723
552.230750 -114.817505
552.231038 -114.738266
552.231327 -112.477295
552.231615 -111.436676
552.231904 -111.783035
552.232192 -117.611053
552.232481 -121.058846
552.232769 -116.918663
552.233058 -115.957626
552.233346 -114.556343
552.233635 -114.554840
552.233923 -117.090477
552.234212 -120.408821
552.234500 -120.420372
552.234788 -118.031929
552.235077 -115.113007
552.235365 -115.125069
552.235654 -119.990364
552.235942 -116.963043
552.236231 -116.992203
552.236519 -116.136436
552.236808 -115.935455
552.237096 -116.835320
552.237385 -117.464424
552.237673 -116.202110
552.237962 -115.399521
552.238250 -115.318314
552.238538 -116.214684
552.238827 -121.434082
552.239115 -127.482071
552.239404 -121.128754
552.239692 -118.811272
552.239981 -120.036270
552.240269 -116.653877
552.240558 -116.207047
552.240846 -115.364693
552.241135 -115.944351
552.241423 -113.608276
552.241712 -111.083656
552.242000 -111.138214
552.242288 -117.608612
552.242577 -118.704140
552.242865 -119.686615
552.243154 -116.493858
552.243442 -116.696022
552.243731 -118.245590
552.244019 -127.093025
552.244308 -116.896591
552.244596 -115.773026
552.244885 -116.854294
552.245173 -124.352753
552.245462 -115.877838
552.245750 -115.091965
552.246038 -115.509094
552.246327 -117.531509
552.246615 -116.119194
552.246904 -116.170074
552.247192 -119.147545
552.247481 -115.495102
552.247769 -115.574753
552.248058 -116.100456
552.248346 -115.297310
552.248635 -116.107544
552.248923 -119.704384
552.249212 -118.314354
552.249500 -118.870926
552.249788 -118.886482
552.250077 -115.036423
552.250365 -114.248665
552.250654 -114.604355
552.250942 -121.492737
552.251231 -115.860542
552.251519 -112.709328
552.251808 -112.917892
552.252096 -120.056961
552.252385 -115.421898
552.252673 -112.037239
552.252962 -111.552422
552.253250 -111.797157
552.253538 -115.133141
552.253827 -121.647858
552.254115 -118.378975
552.254404 -115.511536
552.254692 -115.512978
552.254981 -117.209465
552.255269 -120.700638
552.255558 -119.487587
552.255846 -117.054733
552.256135 -117.059677
552.256423 -118.823975
552.256712 -118.082726
552.257000 -117.960052
552.257288 -119.439117
552.257577 -123.243797
552.257865 -123.840546
552.258154 -124.684944
552.258442 -124.856018
552.258731 -116.222984
552.259019 -111.174500
552.259308 -110.548622
552.259596 -110.705727
552.259885 -112.050957
552.260173 -117.714478
552.260462 -116.264862
552.260750 -116.527290
552.261038 -121.713760
552.261327 -124.459366
552.261615 -124.501404
552.261904 -113.570053
552.262192 -111.844406
552.262481 -111.960419
552.262769 -114.907997
552.263058 -122.179993
552.263346 -119.512062
552.263635 -119.613113
552.263923 -117.434853
552.264212 -117.449356
552.264500 -119.086136
552.264788 -118.362785
552.265077 -119.944633
552.265365 -124.733574
552.265654 -120.747566
552.265942 -117.000481
552.266231 -117.031204
552.266519 -117.641670
552.266808 -117.286797
552.267096 -117.786659
552.267385 -118.350105
552.267673 -121.434631
552.267962 -116.261581
552.268250 -115.268517
552.268538 -117.742546
552.268827 -122.176323
552.269115 -119.875961
552.269404 -119.682449
552.269692 -122.210823
552.269981 -112.017456
552.270269 -111.411354
552.270558 -113.354408
552.270846 -115.203514
552.271135 -113.404541
552.271423 -113.495285
552.271712 -112.902412
552.272000 -113.009727
552.272288 -115.725754
552.272577 -125.511185
552.272865 -117.603394
552.273154 -113.099190
552.273442 -113.178146
552.273731 -116.989891
552.274019 -116.942139
552.274308 -114.517136
552.274596 -113.359604
552.274885 -114.063141
552.275173 -120.219780
552.275462 -116.951866
552.275750 -114.405540
552.276038 -114.298439
552.276327 -115.734467
552.276615 -121.094398
552.276904 -117.578644
552.277192 -114.938103
552.277481 -114.972115
552.277769 -117.498230
552.278058 -121.418686
552.278346 -115.370735
552.278635 -114.344559
552.278923 -115.192215
552.279212 -113.207245
552.279500 -113.175346
552.279788 -114.828094
552.280077 -118.357628
552.280365 -119.130577
552.280654 -114.987099
552.280942 -114.534782
552.281231 -115.149902
552.281519 -115.128120
552.281808 -115.494400
552.282096 -112.578384
552.282385 -111.928421
552.282673 -113.743057
552.282962 -125.066765
552.283250 -123.047745
552.283538 -123.310371
552.283827 -124.125595
552.284115 -122.980644
552.284404 -124.048790
552.284692 -125.060600
552.284981 -128.683456
552.285269 -125.226288
552.285558 -115.775139
552.285846 -115.319633
552.286135 -116.596642
552.286423 -114.148895
552.286712 -113.670776
552.287000 -114.294670
552.287288 -118.586761
552.287577 -119.643967
552.287865 -119.552315
552.288154 -116.190620
552.288442 -116.188423
552.288731 -119.220741
552.289019 -119.268456
552.289308 -116.350807
552.289596 -115.777092
552.289885 -116.476349
552.290173 -120.276947
552.290462 -122.591408
552.290750 -117.923218
552.291038 -117.968315
552.291327 -125.383141
552.291615 -127.823578
552.291904 -126.659653
552.292192 -120.982971
552.292481 -118.654091
552.292769 -120.187988
552.293058 -116.970367
552.293346 -114.193192
552.293635 -114.210037
552.293923 -116.124321
552.294212 -119.228622
552.294500 -121.565369
552.294788 -115.461098
552.295077 -113.071228
552.295365 -113.089569
552.295654 -114.361404
552.295942 -110.862007
552.296231 -111.097916
552.296519 -111.557953
552.296808 -110.330933
552.297096 -110.778793
552.297385 -117.411118
552.297673 -113.680710
552.297962 -113.254837
552.298250 -113.998024
552.298538 -115.466721
552.298827 -110.555939
552.299115 -109.473724
552.299404 -109.661392
552.299692 -112.337547
552.299981 -112.876549
552.300269 -112.741646
552.300558 -114.123405
552.300846 -117.470520
552.301135 -119.285545
552.301423 -120.718643
552.301712 -121.253311
552.302000 -117.062775
552.302288 -117.020630
552.302577 -120.658531
552.302865 -128.022659
552.303154 -119.533928
552.303442 -116.067848
552.303731 -116.004311
552.304019 -114.034966
552.304308 -112.930931
552.304596 -114.191727
552.304885 -117.352654
552.305173 -117.695999
552.305462 -118.258453
552.305750 -115.889091
552.306038 -116.059677
552.306327 -112.861679
552.306615 -112.859573
552.306904 -116.485214
552.307192 -112.360802
552.307481 -112.327629
552.307769 -115.861015
552.308058 -120.289574
552.308346 -117.043610
552.308635 -115.957382
552.308923 -109.539474
552.309212 -109.057716
552.309500 -109.992973
552.309788 -116.312805
552.310077 -116.297684
552.310365 -113.783470
552.310654 -114.123512
552.310942 -116.335640
552.311231 -115.914642
552.311519 -112.870354
552.311808 -112.343895
552.312096 -113.102615
552.312385 -113.307312
552.312673 -108.030083
552.312962 -107.463669
552.313250 -108.125465
552.313538 -112.340302
552.313827 -110.551346
552.314115 -111.631409
552.314404 -118.616936
552.314692 -116.793213
552.314981 -117.690590
552.315269 -109.381668
552.315558 -108.541733
552.315846 -109.343719
552.316135 -116.214417
552.316423 -117.119774
552.316712 -114.686279
552.317000 -113.411507
552.317288 -112.954483
552.317577 -113.386169
552.317865 -116.263817
552.318154 -111.824646
552.318442 -109.625961
552.318731 -110.155495
552.319019 -116.804848
552.319308 -113.779152
552.319596 -112.413673
552.319885 -113.305389
552.320173 -115.761787
552.320462 -115.178947
552.320750 -114.404915
552.321038 -112.288055
552.321327 -110.405693
552.321615 -110.519272
552.321904 -116.304695
552.322192 -119.034683
552.322481 -118.198967
552.322769 -118.331955
552.323058 -118.993469
552.323346 -116.208954
552.323635 -115.205040
552.323923 -114.942055
552.324212 -114.933090
552.324500 -115.656258
552.324788 -117.697334
552.325077 -115.757622
552.325365 -111.202805
552.325654 -110.910072
552.325942 -112.629631
552.326231 -117.439987
552.326519 -110.332596
552.326808 -109.145576
552.327096 -110.155800
552.327385 -119.096100
552.327673 -114.465149
552.327962 -113.037758
552.328250 -113.361732
552.328538 -118.778740
552.328827 -118.549385
552.329115 -118.848763
552.329404 -119.458481
552.329692 -117.184875
552.329981 -115.155975
552.330269 -114.528702
552.330558 -115.503967
552.330846 -121.067825
552.331135 -120.674690
552.331423 -118.467796
552.331712 -112.170082
552.332000 -110.357658
552.332288 -111.083099
552.332577 -114.513985
552.332865 -114.444550
552.333154 -117.230675
552.333442 -118.690086
552.333731 -118.903969
552.334019 -123.051201
552.334308 -125.423698
552.334596 -115.295441
552.334885 -113.353172
552.335173 -113.404770
552.335462 -112.058296
552.335750 -114.007278
552.336038 -111.933701
552.336327 -112.244774
552.336615 -118.075829
552.336904 -116.606377
552.337192 -116.949074
552.337481 -113.665482
552.337769 -113.795425
552.338058 -115.581253
552.338346 -118.943611
552.338635 -121.232971
552.338923 -114.098351
552.339212 -109.913765
552.339500 -109.780716
552.339788 -112.144012
552.340077 -123.287865
552.340365 -127.164009
552.340654 -118.231834
552.340942 -118.372719
552.341231 -117.199303
552.341519 -116.274857
552.341808 -118.738319
552.342096 -118.462570
552.342385 -117.203491
552.342673 -112.171577
552.342962 -109.946091
552.343250 -110.683945
552.343538 -120.323830
552.343827 -117.356438
552.344115 -115.743767
552.344404 -116.711281
552.344692 -117.491379
552.344981 -120.996956
552.345269 -118.755745
552.345558 -113.236336
552.345846 -110.629768
552.346135 -110.555153
552.346423 -112.936180
552.346712 -113.439240
552.347000 -113.140404
552.347288 -115.186043
552.347577 -113.692368
552.347865 -113.679070
552.348154 -113.771057
552.348442 -107.801018
552.348731 -107.695732
552.349019 -109.815544
552.349308 -116.458252
552.349596 -110.492577
552.349885 -107.873283
552.350173 -107.505981
552.350462 -107.597702
552.350750 -110.403397
552.351038 -117.697395
552.351327 -120.970558
552.351615 -118.266373
552.351904 -107.911392
552.352192 -105.129753
552.352481 -105.086449
552.352769 -106.595375
552.353058 -111.878571
552.353346 -115.426598
552.353635 -117.308350
552.353923 -121.481468
552.354212 -117.147141
552.354500 -112.745445
552.354788 -112.271286
552.355077 -109.297112
552.355365 -104.745003
552.355654 -104.765289
552.355942 -109.019882
552.356231 -113.461044
552.356519 -110.642998
552.356808 -109.948059
552.357096 -109.229172
552.357385 -109.420738
552.357673 -109.103981
552.357962 -109.102951
552.358250 -113.178307
552.358538 -118.926170
552.358827 -111.287193
552.359115 -108.339371
552.359404 -108.771965
552.359692 -114.159142
552.359981 -111.757217
552.360269 -108.366447
552.360558 -107.609322
552.360846 -108.032379
552.361135 -110.119080
552.361423 -112.462456
552.361712 -115.449409
552.362000 -116.869591
552.362288 -109.283485
552.362577 -107.237946
552.362865 -107.249153
552.363154 -107.290237
552.363442 -109.068665
552.363731 -113.400009
552.364019 -113.320389
552.364308 -113.160919
552.364596 -111.569283
552.364885 -111.486542
552.365173 -112.812546
552.365462 -108.529800
552.365750 -108.314728
552.366038 -110.480194
552.366327 -121.239197
552.366615 -119.684662
552.366904 -112.887978
552.367192 -111.045174
552.367481 -111.242775
552.367769 -112.928291
552.368058 -111.985687
552.368346 -110.274551
552.368635 -108.305672
552.368923 -108.317001
552.369212 -113.914032
552.369500 -111.829231
552.369788 -111.402122
552.370077 -107.418900
552.370365 -107.431023
552.370654 -109.616486
552.370942 -111.319740
552.371231 -111.689606
552.371519 -113.785385
552.371808 -118.455933
552.372096 -112.510078
552.372385 -112.558182
552.372673 -111.357155
552.372962 -110.772659
552.373250 -110.016464
552.373538 -110.031815
552.373827 -114.057777
552.374115 -116.556664
552.374404 -115.152878
552.374692 -116.798141
552.374981 -122.574745
552.375269 -121.243820
552.375558 -119.685379
552.375846 -117.185371
552.376135 -117.239441
552.376423 -117.261765
552.376712 -112.151772
552.377000 -109.182167
552.377288 -109.176598
552.377577 -112.975105
552.377865 -114.918968
552.378154 -114.816544
552.378442 -117.359978
552.378731 -123.914413
552.379019 -124.069580
552.379308 -121.615982
552.379596 -113.347549
552.379885 -112.341965
552.380173 -115.199318
552.380462 -111.704391
552.380750 -111.784348
552.381038 -115.587250
552.381327 -112.399948
552.381615 -112.462257
552.381904 -112.708130
552.382192 -112.019905
552.382481 -111.649429
552.382769 -113.406395
552.383058 -119.308632
552.383346 -114.771210
552.383635 -113.753113
552.383923 -113.117958
552.384212 -113.338654
552.384500 -116.858994
552.384788 -111.593880
552.385077 -111.589256
552.385365 -112.278023
552.385654 -108.581741
552.385942 -108.019432
552.386231 -108.558289
552.386519 -114.713264
552.386808 -128.766708
552.387096 -117.134560
552.387385 -112.694855
552.387673 -111.055077
552.387962 -109.263199
552.388250 -109.217384
552.388538 -110.202599
552.388827 -113.717735
552.389115 -119.826591
552.389404 -113.951324
552.389692 -108.924828
552.389981 -108.877907
552.390269 -110.972443
552.390558 -107.604080
552.390846 -107.604050
552.391135 -111.540329
552.391423 -108.393776
552.391712 -108.390900
552.392000 -112.164894
552.392288 -117.441811
552.392577 -117.566757
552.392865 -116.962532
552.393154 -111.719284
552.393442 -111.749573
552.393731 -116.129761
552.394019 -111.753571
552.394308 -109.196289
552.394596 -109.272285
552.394885 -113.363579
552.395173 -109.938629
552.395462 -107.618744
552.395750 -107.570869
552.396038 -109.696709
552.396327 -109.532692
552.396615 -107.426811
552.396904 -107.345573
552.397192 -108.985474
552.397481 -115.640549
552.397769 -110.961609
552.398058 -109.985504
552.398346 -108.699776
552.398635 -108.326706
552.398923 -109.175163
552.399212 -112.833183
552.399500 -112.878235
552.399788 -113.880157
552.400077 -117.867432
552.400365 -124.182533
552.400654 -113.264374
552.400942 -108.628578
552.401231 -108.623756
552.401519 -111.721703
552.401808 -109.631752
552.402096 -108.860542
552.402385 -109.540955
552.402673 -114.152039
552.402962 -108.780838
552.403250 -108.734428
552.403538 -111.362579
552.403827 -119.315514
552.404115 -108.858780
552.404404 -107.033867
552.404692 -107.640694
552.404981 -115.451424
552.405269 -118.739799
552.405558 -116.849594
552.405846 -116.710609
552.406135 -118.432159
552.406423 -115.833549
552.406712 -114.994598
552.407000 -114.019760
552.407288 -110.715218
552.407577 -110.770859
552.407865 -118.708023
552.408154 -116.099449
552.408442 -115.836891
552.408731 -113.005180
552.409019 -110.764435
552.409308 -110.896248
552.409596 -108.550705
552.409885 -108.024078
552.410173 -109.064957
552.410462 -114.110909
552.410750 -109.896072
552.411038 -108.773163
552.411327 -109.235535
552.411615 -115.912315
552.411904 -112.900085
552.412192 -112.447380
552.412481 -112.270485
552.412769 -111.705284
552.413058 -112.193146
552.413346 -116.205345
552.413635 -116.756760
552.413923 -116.368568
552.414212 -115.677811
552.414500 -116.113510
552.414788 -119.687332
552.415077 -112.242851
552.415365 -110.938408
552.415654 -110.152451
552.415942 -110.273643
552.416231 -115.392456
552.416519 -114.841583
552.416808 -114.136307
552.417096 -114.524139
552.417385 -119.457039
552.417673 -113.127022
552.417962 -110.731758
552.418250 -110.523071
552.418538 -110.130219
552.418827 -110.024971
552.419115 -111.107269
552.419404 -113.489128
552.419692 -114.192741
552.419981 -118.092628
552.420269 -120.975983
552.420558 -114.523369
552.420846 -113.138458
552.421135 -113.792175
552.421423 -119.377686
552.421712 -115.515823
552.422000 -112.976913
552.422288 -113.287682
552.422577 -113.936806
552.422865 -111.114761
552.423154 -107.408348
552.423442 -107.312668
552.423731 -109.288300
552.424019 -112.108009
552.424308 -110.605942
552.424596 -112.321129
552.424885 -110.895477
552.425173 -110.879494
552.425462 -113.716805
552.425750 -117.208252
552.426038 -115.550766
552.426327 -117.150291
552.426615 -113.975693
552.426904 -109.151215
552.427192 -108.991272
552.427481 -109.999214
552.427769 -115.518074
552.428058 -116.460785
552.428346 -117.373627
552.428635 -117.310005
552.428923 -121.365051
552.429212 -121.399109
552.429500 -121.481339
552.429788 -121.310257
552.430077 -121.338036
552.430365 -121.325439
552.430654 -118.486099
552.430942 -114.178452
552.431231 -112.277306
552.431519 -112.658920
552.431808 -119.696564
552.432096 -114.585579
552.432385 -113.518600
552.432673 -116.269737
552.432962 -114.778229
552.433250 -112.083588
552.433538 -112.087303
552.433827 -115.067436
552.434115 -118.216759
552.434404 -118.616379
552.434692 -113.504868
552.434981 -112.274635
552.435269 -113.484123
552.435558 -121.916130
552.435846 -113.448128
552.436135 -107.955879
552.436423 -107.600861
552.436712 -108.424301
552.437000 -113.395905
552.437288 -120.847687
552.437577 -129.855972
552.437865 -127.022324
552.438154 -128.464249
552.438442 -125.985138
552.438731 -113.996040
552.439019 -109.867783
552.439308 -109.954681
552.439596 -113.543808
552.439885 -113.183258
552.440173 -111.913361
552.440462 -112.618828
552.440750 -112.273659
552.441038 -111.214317
552.441327 -112.459122
552.441615 -115.585556
552.441904 -113.934357
552.442192 -112.734016
552.442481 -112.668274
552.442769 -114.481819
552.443058 -116.660088
552.443346 -120.981239
552.443635 -120.083656
552.443923 -115.471710
552.444212 -111.703995
552.444500 -111.784966
552.444788 -112.921562
552.445077 -113.451431
552.445365 -115.440399
552.445654 -116.539078
552.445942 -116.316147
552.446231 -116.740166
552.446519 -113.087494
552.446808 -112.946861
552.447096 -113.120003
552.447385 -113.727249
552.447673 -115.305763
552.447962 -119.597702
552.448250 -121.520866
552.448538 -122.254845
552.448827 -125.190956
552.449115 -125.402985
552.449404 -123.633690
552.449692 -118.344551
552.449981 -118.372559
552.450269 -115.441010
552.450558 -112.833542
552.450846 -111.135010
552.451135 -111.021255
552.451423 -111.404190
552.451712 -114.597527
552.452000 -109.465767
552.452288 -108.830467
552.452577 -109.842133
552.452865 -114.862053
552.453154 -114.350540
552.453442 -115.305252
552.453731 -119.557693
552.454019 -122.616371
552.454308 -122.093109
552.454596 -118.855453
552.454885 -116.419098
552.455173 -113.078079
552.455462 -113.029930
552.455750 -110.987282
552.456038 -110.267601
552.456327 -110.858337
552.456615 -112.944405
552.456904 -113.575294
552.457192 -118.296188
552.457481 -118.368195
552.457769 -120.675278
552.458058 -118.851776
552.458346 -121.518486
552.458635 -115.478935
552.458923 -115.201500
552.459212 -115.747284
552.459500 -116.388123
552.459788 -115.221046
552.460077 -115.681854
552.460365 -120.759865
552.460654 -117.442146
552.460942 -117.454132
552.461231 -117.592697
552.461519 -117.422279
552.461808 -116.120712
552.462096 -114.539291
552.462385 -115.386322
552.462673 -111.929565
552.462962 -109.861244
552.463250 -109.874313
552.463538 -112.334915
552.463827 -120.757629
552.464115 -116.237083
552.464404 -113.921227
552.464692 -114.204872
552.464981 -119.483162
552.465269 -114.695663
552.465558 -114.362938
552.465846 -114.595383
552.466135 -115.592453
552.466423 -116.959190
552.466712 -120.416649
552.467000 -117.852715
552.467288 -117.354240
552.467577 -113.077057
552.467865 -112.240143
552.468154 -112.419273
552.468442 -116.047813
552.468731 -117.059883
552.469019 -114.181961
552.469308 -113.220360
552.469596 -113.381104
552.469885 -117.090324
552.470173 -118.386719
552.470462 -118.546043
552.470750 -121.670357
552.471038 -113.593391
552.471327 -113.165909
552.471615 -113.301888
552.471904 -113.771317
552.472192 -113.834236
552.472481 -115.560570
552.472769 -114.511955
552.473058 -114.484978
552.473346 -117.120819
552.473635 -112.244026
552.473923 -111.667610
552.474212 -112.595985
552.474500 -113.964157
552.474788 -115.254173
552.475077 -115.192619
552.475365 -111.913040
552.475654 -111.341316
552.475942 -111.845100
552.476231 -115.590286
552.476519 -125.909309
552.476808 -124.321388
552.477096 -122.527031
552.477385 -119.549660
552.477673 -116.707169
552.477962 -116.728912
552.478250 -118.163162
552.478538 -120.076103
552.478827 -123.451981
552.479115 -122.393280
552.479404 -118.736847
552.479692 -115.644653
552.479981 -115.953339
552.480269 -126.590591
552.480558 -128.781265
552.480846 -118.527733
552.481135 -115.393250
552.481423 -115.393242
552.481712 -117.781929
552.482000 -119.671562
552.482288 -130.359787
552.482577 -126.554237
552.482865 -125.638802
552.483154 -124.169670
552.483442 -115.638809
552.483731 -114.913208
552.484019 -115.944504
552.484308 -114.830360
552.484596 -114.103790
552.484885 -115.076759
552.485173 -112.437019
552.485462 -112.289375
552.485750 -113.854340
552.486038 -118.427055
552.486327 -114.186409
552.486615 -114.450645
552.486904 -117.169937
552.487192 -116.052330
552.487481 -116.070473
552.487769 -118.787628
552.488058 -118.329201
552.488346 -119.204323
552.488635 -123.936974
552.488923 -115.413773
552.489212 -110.563683
552.489500 -109.210083
552.489788 -108.860626
552.490077 -108.937119
552.490365 -110.535980
552.490654 -112.558929
552.490942 -113.936584
552.491231 -114.732788
552.491519 -114.740829
552.491808 -117.176041
552.492096 -123.659782
552.492385 -122.758987
552.492673 -120.368607
552.492962 -120.396812
552.493250 -116.741547
552.493538 -113.447960
552.493827 -113.338898
552.494115 -115.016159
552.494404 -117.524055
552.494692 -117.208687
552.494981 -121.134544
552.495269 -129.175873
552.495558 -124.370560
552.495846 -114.354271
552.496135 -113.994286
552.496423 -117.572472
552.496712 -119.196312
552.497000 -115.896400
552.497288 -115.370300
552.497577 -115.548790
552.497865 -116.067879
552.498154 -114.143501
552.498442 -113.437256
552.498731 -114.730896
552.499019 -116.569878
552.499308 -116.651482
552.499596 -113.154823
552.499885 -112.771141
552.500173 -115.681374
552.500462 -118.967735
552.500750 -119.968132
552.501038 -118.475700
552.501327 -118.756294
552.501615 -123.544525
552.501904 -119.793373
552.502192 -118.910942
552.502481 -113.078796
552.502769 -110.178810
552.503058 -110.138397
552.503346 -111.839264
552.503635 -118.892601
552.503923 -122.568741
552.504212 -127.695610
552.504500 -123.512962
552.504788 -118.091118
552.505077 -118.144806
552.505365 -123.635193
552.505654 -123.814507
552.505942 -127.940536
552.506231 -121.770691
552.506519 -118.532486
552.506808 -118.607925
552.507096 -123.087997
552.507385 -130.429169
552.507673 -131.741837
552.507962 -121.995422
552.508250 -119.462044
552.508538 -118.144272
552.508827 -116.823242
552.509115 -115.939705
552.509404 -116.809349
552.509692 -119.874847
552.509981 -122.374237
552.510269 -128.565826
552.510558 -121.549591
552.510846 -120.520065
552.511135 -122.711334
552.511423 -131.248657
552.511712 -130.646378
552.512000 -123.181656
552.512288 -121.563339
552.512577 -121.136993
552.512865 -117.663849
552.513154 -118.084534
552.513442 -122.256683
552.513731 -119.334808
552.514019 -117.857956
552.514308 -119.310524
552.514596 -118.546989
552.514885 -117.762360
552.515173 -119.590431
552.515462 -130.291656
552.515750 -133.337448
552.516038 -119.707924
552.516327 -113.873474
552.516615 -113.836227
552.516904 -117.182999
552.517192 -126.382683
552.517481 -127.089951
552.517769 -121.197807
552.518058 -114.036957
552.518346 -112.816940
552.518635 -112.902489
552.518923 -115.471962
552.519212 -120.759247
552.519500 -121.348389
552.519788 -121.380585
552.520077 -124.535027
552.520365 -124.649109
552.520654 -121.676689
552.520942 -120.652100
552.521231 -120.702980
552.521519 -124.950317
552.521808 -119.999794
552.522096 -120.094398
552.522385 -120.659409
552.522673 -120.631172
552.522962 -120.307030
552.523250 -116.589142
552.523538 -115.518921
552.523827 -115.353195
552.524115 -116.815773
552.524404 -118.924759
552.524692 -117.667656
552.524981 -116.513008
552.525269 -115.090187
552.525558 -114.664146
552.525846 -115.542358
552.526135 -117.831963
552.526423 -115.851288
552.526712 -117.297112
552.527000 -120.709587
552.527288 -116.659988
552.527577 -113.273994
552.527865 -113.412544
552.528154 -117.448700
552.528442 -116.242264
552.528731 -117.160896
552.529019 -125.575531
552.529308 -124.507332
552.529596 -118.187149
552.529885 -116.279320
552.530173 -116.535324
552.530462 -119.410675
552.530750 -123.672539
552.531038 -122.861717
552.531327 -120.412315
552.531615 -120.812088
552.531904 -120.683075
552.532192 -121.011909
552.532481 -117.777046
552.532769 -113.602325
552.533058 -113.485527
552.533346 -114.641693
552.533635 -116.032387
552.533923 -117.400253
552.534212 -117.356270
552.534500 -116.662598
552.534788 -116.092781
552.535077 -116.322685
552.535365 -117.376152
552.535654 -119.576218
552.535942 -122.304825
552.536231 -124.873665
552.536519 -123.297691
552.536808 -121.657631
552.537096 -121.664452
552.537385 -117.135612
552.537673 -114.714752
552.537962 -114.896194
552.538250 -122.616180
552.538538 -121.754860
552.538827 -120.767120
552.539115 -119.057724
552.539404 -119.061989
552.539692 -121.542183
552.539981 -122.956589
552.540269 -121.520813
552.540558 -114.943398
552.540846 -114.065956
552.541135 -115.249916
552.541423 -117.006264
552.541712 -115.919922
552.542000 -116.120750
552.542288 -118.423126
552.542577 -115.007881
552.542865 -115.014664
552.543154 -117.634834
552.543442 -118.505470
552.543731 -117.702095
552.544019 -113.153564
552.544308 -113.147583
552.544596 -117.192253
552.544885 -115.420235
552.545173 -115.060898
552.545462 -118.146126
552.545750 -125.722862
552.546038 -121.752647
552.546327 -120.795815
552.546615 -120.703148
552.546904 -120.614197
552.547192 -122.101349
552.547481 -127.214607
552.547769 -122.899857
552.548058 -118.462662
552.548346 -118.335960
552.548635 -119.697273
552.548923 -124.020279
552.549212 -117.935883
552.549500 -115.374527
552.549788 -115.509109
552.550077 -122.954208
552.550365 -116.806259
552.550654 -115.085220
552.550942 -115.109688
552.551231 -115.200813
552.551519 -115.235016
552.551808 -115.101578
552.552096 -115.675095
552.552385 -120.309799
552.552673 -122.737343
552.552962 -123.211983
552.553250 -126.661217
552.553538 -121.881599
552.553827 -119.792564
552.554115 -120.264557
552.554404 -124.823898
552.554692 -124.423485
552.554981 -123.287605
552.555269 -121.039986
552.555558 -117.251457
552.555846 -113.842484
552.556135 -113.514587
552.556423 -114.532196
552.556712 -121.189217
552.557000 -124.935669
552.557288 -116.226677
552.557577 -114.666847
552.557865 -114.909111
552.558154 -120.463348
552.558442 -124.098938
552.558731 -123.216232
552.559019 -121.884926
552.559308 -123.459900
552.559596 -124.476753
552.559885 -121.098747
552.560173 -119.207283
552.560462 -119.067207
552.560750 -120.377060
552.561038 -123.235001
552.561327 -123.520630
552.561615 -126.531616
552.561904 -118.672180
552.562192 -115.482956
552.562481 -115.686852
552.562769 -115.902245
552.563058 -116.776886
552.563346 -120.698082
552.563635 -120.839279
552.563923 -124.042694
552.564212 -122.346794
552.564500 -122.586075
552.564788 -127.229630
552.565077 -120.827484
552.565365 -117.654785
552.565654 -117.239449
552.565942 -117.693169
552.566231 -117.367157
552.566519 -117.805756
552.566808 -117.745087
552.567096 -117.512764
552.567385 -113.275024
552.567673 -113.241806
552.567962 -116.089920
552.568250 -120.693779
552.568538 -124.564613
552.568827 -120.489822
552.569115 -120.550995
552.569404 -122.902908
552.569692 -123.180077
552.569981 -124.439667
552.570269 -127.933479
552.570558 -122.706268
552.570846 -122.708115
552.571135 -125.812981
552.571423 -126.861168
552.571712 -122.394073
552.572000 -122.119247
552.572288 -123.970856
552.572577 -120.530457
552.572865 -120.609314
552.573154 -124.428566
552.573442 -120.088692
552.573731 -117.728928
552.574019 -117.507088
552.574308 -117.505722
552.574596 -118.026215
552.574885 -118.167786
552.575173 -117.841652
552.575462 -117.116020
552.575750 -119.635643
552.576038 -119.471519
552.576327 -119.507530
552.576615 -116.701935
552.576904 -116.197510
552.577192 -117.733955
552.577481 -122.640831
552.577769 -121.759956
552.578058 -118.283112
552.578346 -117.947372
552.578635 -118.893661
552.578923 -120.608032
552.579212 -118.699913
552.579500 -114.726921
552.579788 -113.462929
552.580077 -113.644867
552.580365 -115.766304
552.580654 -117.873413
552.580942 -118.545036
552.581231 -117.164955
552.581519 -117.795113
552.581808 -120.633133
552.582096 -124.880051
552.582385 -127.817474
552.582673 -122.585663
552.582962 -121.642868
552.583250 -122.301361
552.583538 -125.248665
552.583827 -126.109795
552.584115 -123.523727
552.584404 -120.458015
552.584692 -117.908356
552.584981 -117.843819
552.585269 -118.281006
552.585558 -116.104507
552.585846 -115.874016
552.586135 -117.202110
552.586423 -120.142181
552.586712 -119.345665
552.587000 -118.753693
552.587288 -118.584808
552.587577 -119.242729
552.587865 -122.862617
552.588154 -128.038193
552.588442 -118.484390
552.588731 -115.040047
552.589019 -113.902191
552.589308 -113.669060
552.589596 -113.969604
552.589885 -116.686203
552.590173 -120.300369
552.590462 -116.535126
552.590750 -116.349411
552.591038 -117.211311
552.591327 -122.615349
552.591615 -126.076447
552.591904 -127.240799
552.592192 -117.607506
552.592481 -116.584053
552.592769 -117.670769
552.593058 -115.632248
552.593346 -115.608368
552.593635 -118.040176
552.593923 -120.683960
552.594212 -120.522911
552.594500 -113.461792
552.594788 -110.877441
552.595077 -110.957108
552.595365 -113.572441
552.595654 -120.084953
552.595942 -125.950195
552.596231 -125.806831
552.596519 -119.487808
552.596808 -116.118607
552.597096 -116.079987
552.597385 -117.685837
552.597673 -120.595863
552.597962 -119.383301
552.598250 -121.549301
552.598538 -123.562286
552.598827 -117.172745
552.599115 -114.884468
552.599404 -115.027885
552.599692 -114.701714
552.599981 -114.710243
552.600269 -117.080177
552.600558 -119.667915
552.600846 -116.552383
552.601135 -116.141685
552.601423 -117.053658
552.601712 -119.728798
552.602000 -122.430077
552.602288 -124.443192
552.602577 -124.633202
552.602865 -121.967598
552.603154 -118.741058
552.603442 -118.507896
552.603731 -118.594612
552.604019 -117.658432
552.604308 -117.997078
552.604596 -119.544304
552.604885 -118.096130
552.605173 -119.559319
552.605462 -120.764999
552.605750 -121.018166
552.606038 -125.999657
552.606327 -124.913834
552.606615 -118.270401
552.606904 -115.083153
552.607192 -114.652405
552.607481 -115.452065
552.607769 -121.354729
552.608058 -130.440598
552.608346 -126.179123
552.608635 -122.545570
552.608923 -122.250771
552.609212 -123.747063
552.609500 -122.508652
552.609788 -120.151115
552.610077 -121.881042
552.610365 -124.127991
552.610654 -125.815811
552.610942 -133.241577
552.611231 -124.853554
552.611519 -122.774559
552.611808 -122.898483
552.612096 -121.585533
552.612385 -115.598236
552.612673 -114.605614
552.612962 -115.005569
552.613250 -117.387177
552.613538 -114.311096
552.613827 -113.520203
552.614115 -114.000549
552.614404 -117.603004
552.614692 -121.998375
552.614981 -125.473312
552.615269 -129.314560
552.615558 -120.807281
552.615846 -119.159500
552.616135 -115.974030
552.616423 -112.451027
552.616712 -112.380348
552.617000 -113.578239
552.617288 -115.174545
552.617577 -115.557915
552.617865 -115.500198
552.618154 -117.040405
552.618442 -115.420715
552.618731 -114.456589
552.619019 -115.249687
552.619308 -115.309631
552.619596 -114.900314
552.619885 -115.595871
552.620173 -123.132996
552.620462 -123.386253
552.620750 -123.386101
552.621038 -118.954323
552.621327 -118.531189
552.621615 -120.651932
552.621904 -126.522133
552.622192 -124.981888
552.622481 -117.059959
552.622769 -116.476250
552.623058 -117.544296
552.623346 -118.702339
552.623635 -122.266960
552.623923 -128.170105
552.624212 -126.510101
552.624500 -120.419197
552.624788 -119.282295
552.625077 -120.557320
552.625365 -121.585243
552.625654 -119.432175
552.625942 -119.411911
552.626231 -122.257278
552.626519 -126.957253
552.626808 -116.159355
552.627096 -113.357414
552.627385 -113.492256
552.627673 -120.010117
552.627962 -128.766830
552.628250 -125.915512
552.628538 -125.944763
552.628827 -122.718803
552.629115 -119.019058
552.629404 -119.015999
552.629692 -120.707352
552.629981 -122.249535
552.630269 -119.313232
552.630558 -119.709015
552.630846 -125.461029
552.631135 -118.706947
552.631423 -116.570160
552.631712 -116.763329
552.632000 -120.105255
552.632288 -115.893585
552.632577 -112.926353
552.632865 -112.891899
552.633154 -115.046989
552.633442 -117.354485
552.633731 -117.397339
552.634019 -120.698303
552.634308 -118.450577
552.634596 -115.661636
552.634885 -115.787048
552.635173 -121.745010
552.635462 -118.540840
552.635750 -118.745483
552.636038 -125.482315
552.636327 -120.871330
552.636615 -118.338692
552.636904 -116.313316
552.637192 -114.650925
552.637481 -113.984444
552.637769 -114.273140
552.638058 -119.420425
552.638346 -121.262772
552.638635 -121.276215
552.638923 -126.719955
552.639212 -127.315926
552.639500 -121.923721
552.639788 -118.650299
552.640077 -117.642021
552.640365 -118.237480
552.640654 -124.539307
552.640942 -131.475937
552.641231 -120.123138
552.641519 -117.095818
552.641808 -117.098061
552.642096 -118.705582
552.642385 -124.840408
552.642673 -125.814240
552.642962 -126.444748
552.643250 -120.951767
552.643538 -118.518372
552.643827 -117.527748
552.644115 -117.752342
552.644404 -119.131851
552.644692 -118.140350
552.644981 -118.756882
552.645269 -119.712273
552.645558 -118.540215
552.645846 -119.794754
552.646135 -119.533691
552.646423 -119.572052
552.646712 -121.457886
552.647000 -122.241524
552.647288 -121.303268
552.647577 -121.349152
552.647865 -119.842247
552.648154 -119.697601
552.648442 -117.533318
552.648731 -116.985771
552.649019 -117.398819
552.649308 -118.206688
552.649596 -117.078957
552.649885 -117.324425
552.650173 -118.599945
552.650462 -127.659874
552.650750 -126.684288
552.651038 -123.989395
552.651327 -119.804520
552.651615 -119.388901
552.651904 -120.386063
552.652192 -120.828339
552.652481 -120.764221
552.652769 -123.251190
552.653058 -121.994179
552.653346 -120.699921
552.653635 -120.699219
552.653923 -120.871651
552.654212 -119.674881
552.654500 -120.350471
552.654788 -121.615753
552.655077 -122.244423
552.655365 -120.287910
552.655654 -120.044624
552.655942 -122.359802
552.656231 -120.912949
552.656519 -123.496277
552.656808 -128.070206
552.657096 -125.368378
552.657385 -122.289314
552.657673 -122.262680
552.657962 -124.758263
552.658250 -125.005653
552.658538 -120.043365
552.658827 -118.977737
552.659115 -120.252159
552.659404 -120.981712
552.659692 -119.832481
552.659981 -119.838226
552.660269 -121.454109
552.660558 -124.396263
552.660846 -123.702881
552.661135 -125.174446
552.661423 -117.129509
552.661712 -114.163155
552.662000 -114.126099
552.662288 -115.170959
552.662577 -117.544716
552.662865 -126.058662
552.663154 -122.064613
552.663442 -121.772804
552.663731 -122.707382
552.664019 -123.987167
552.664308 -124.032928
552.664596 -121.760780
552.664885 -121.525459
552.665173 -124.958298
552.665462 -122.912102
552.665750 -120.385918
552.666038 -116.653534
552.666327 -117.213058
552.666615 -124.672356
552.666904 -126.476013
552.667192 -126.701996
552.667481 -126.409042
552.667769 -121.573181
552.668058 -121.627121
552.668346 -121.223579
552.668635 -119.707451
552.668923 -121.173531
552.669212 -118.798309
552.669500 -118.841499
552.669788 -122.916916
552.670077 -123.797180
552.670365 -118.936256
552.670654 -118.902016
552.670942 -122.955284
552.671231 -121.863106
552.671519 -121.860023
552.671808 -121.077637
552.672096 -117.566460
552.672385 -117.903824
552.672673 -121.979988
552.672962 -121.381439
552.673250 -121.096191
552.673538 -125.081581
552.673827 -124.823914
552.674115 -119.498459
552.674404 -117.005486
552.674692 -117.407944
552.674981 -120.822853
552.675269 -119.907951
552.675558 -121.694351
552.675846 -122.613091
552.676135 -118.091797
552.676423 -118.193489
552.676712 -125.569511
552.677000 -118.820557
552.677288 -117.874260
552.677577 -118.626236
552.677865 -121.622932
552.678154 -121.323013
552.678442 -122.756546
552.678731 -120.524063
552.679019 -119.165154
552.679308 -118.885872
552.679596 -119.590149
552.679885 -124.083076
552.680173 -117.760880
552.680462 -116.338646
552.680750 -114.835159
552.681038 -114.847916
552.681327 -114.988678
552.681615 -113.429932
552.681904 -113.475822
552.682192 -116.961052
552.682481 -118.918800
552.682769 -118.796913
552.683058 -118.769272
552.683346 -118.282494
552.683635 -119.009224
552.683923 -122.987091
552.684212 -122.834396
552.684500 -123.230942
552.684788 -124.453033
552.685077 -124.501213
552.685365 -130.683685
552.685654 -129.587891
552.685942 -130.067566
552.686231 -126.274628
552.686519 -121.687836
552.686808 -116.671974
552.687096 -115.462715
552.687385 -116.030983
552.687673 -117.021217
552.687962 -115.053200
552.688250 -115.286179
552.688538 -118.801460
552.688827 -123.777534
552.689115 -119.145981
552.689404 -117.202393
552.689692 -117.370728
552.689981 -117.674622
552.690269 -115.055443
552.690558 -114.858643
552.690846 -115.542274
552.691135 -121.353531
552.691423 -120.064857
552.691712 -120.195496
552.692000 -125.763092
552.692288 -122.135155
552.692577 -121.654884
552.692865 -125.033798
552.693154 -125.449646
552.693442 -123.048470
552.693731 -122.262634
552.694019 -120.342781
552.694308 -120.016602
552.694596 -122.090858
552.694885 -126.564102
552.695173 -127.033691
552.695462 -118.930130
552.695750 -116.170006
552.696038 -115.853775
552.696327 -114.975029
552.696615 -115.055519
552.696904 -118.452873
552.697192 -120.627411
552.697481 -120.075783
552.697769 -121.295746
552.698058 -121.477066
552.698346 -121.532410
552.698635 -129.312454
552.698923 -125.420532
552.699212 -122.614899
552.699500 -121.463890
552.699788 -121.170532
552.700077 -122.434792
552.700365 -121.459335
552.700654 -121.314636
552.700942 -117.682030
552.701231 -113.765900
552.701519 -113.615005
552.701808 -115.202950
552.702096 -120.762444
552.702385 -120.885948
552.702673 -123.869102
552.702962 -122.845543
552.703250 -120.357430
552.703538 -120.450996
552.703827 -124.687927
552.704115 -131.198792
552.704404 -123.877151
552.704692 -123.354530
552.704981 -125.513596
552.705269 -119.544724
552.705558 -119.525360
552.705846 -124.738548
552.706135 -131.197235
552.706423 -126.511520
552.706712 -123.911057
552.707000 -123.954147
552.707288 -123.856682
552.707577 -123.994850
552.707865 -129.895782
552.708154 -126.423676
552.708442 -124.020561
552.708731 -118.385376
552.709019 -118.370522
552.709308 -121.641663
552.709596 -117.671005
552.709885 -117.668137
552.710173 -116.371597
552.710462 -115.165337
552.710750 -115.194702
552.711038 -117.734650
552.711327 -124.672546
552.711615 -117.699371
552.711904 -115.633415
552.712192 -116.020630
552.712481 -118.831078
552.712769 -118.573769
552.713058 -119.606628
552.713346 -126.611694
552.713635 -123.261581
552.713923 -123.290962
552.714212 -120.247475
552.714500 -118.808472
552.714788 -120.439377
552.715077 -121.150925
552.715365 -119.740189
552.715654 -117.844742
552.715942 -118.151428
552.716231 -123.634453
552.716519 -126.725998
552.716808 -127.580452
552.717096 -126.368118
552.717385 -121.864555
552.717673 -116.730911
552.717962 -114.572914
552.718250 -114.612488
552.718538 -117.984383
552.718827 -124.685349
552.719115 -122.387321
552.719404 -123.310730
552.719692 -129.566086
552.719981 -126.800430
552.720269 -122.013130
552.720558 -121.154587
552.720846 -122.057617
552.721135 -121.158195
552.721423 -118.330360
552.721712 -114.555046
552.722000 -114.606209
552.722288 -116.571716
552.722577 -115.133286
552.722865 -117.213676
552.723154 -118.881142
552.723442 -116.627861
552.723731 -116.601891
552.724019 -118.043068
552.724308 -116.020256
552.724596 -115.130531
552.724885 -116.415474
552.725173 -127.341042
552.725462 -123.820496
552.725750 -123.925049
552.726038 -123.938286
552.726327 -122.882202
552.726615 -120.870705
552.726904 -120.840347
552.727192 -121.909683
552.727481 -122.205383
552.727769 -121.472626
552.728058 -122.724419
552.728346 -129.279724
552.728635 -122.665070
552.728923 -118.472580
552.729212 -117.735657
552.729500 -118.446655
552.729788 -120.416016
552.730077 -121.266113
552.730365 -123.986908
552.730654 -122.968369
552.730942 -121.464020
552.731231 -117.978600
552.731519 -118.200798
552.731808 -123.242638
552.732096 -126.158195
552.732385 -123.560394
552.732673 -120.181519
552.732962 -120.323174
552.733250 -123.495773
552.733538 -122.771996
552.733827 -122.316727
552.734115 -122.477684
552.734404 -119.246780
552.734692 -114.295799
552.734981 -114.100838
552.735269 -115.355751
552.735558 -120.577423
552.735846 -120.526711
552.736135 -122.132935
552.736423 -125.670517
552.736712 -116.703995
552.737000 -115.611641
552.737288 -117.228630
552.737577 -123.114578
552.737865 -121.621323
552.738154 -123.035919
552.738442 -120.881279
552.738731 -118.606903
552.739019 -118.917442
552.739308 -122.100311
552.739596 -125.836861
552.739885 -123.877548
552.740173 -119.131912
552.740462 -118.440582
552.740750 -119.162941
552.741038 -118.145378
552.741327 -118.669556
552.741615 -120.780762
552.741904 -119.314217
552.742192 -120.247986
552.742481 -127.981819
552.742769 -122.322319
552.743058 -120.383842
552.743346 -120.463608
552.743635 -123.136841
552.743923 -120.119980
552.744212 -117.236870
552.744500 -117.311638
552.744788 -122.416542
552.745077 -121.378456
552.745365 -122.363663
552.745654 -127.597794
552.745942 -128.510010
552.746231 -130.241623
552.746519 -128.751755
552.746808 -120.265816
552.747096 -117.027077
552.747385 -117.056831
552.747673 -121.522911
552.747962 -117.134361
552.748250 -114.479988
552.748538 -114.487480
552.748827 -116.324600
552.749115 -121.640945
552.749404 -120.519516
552.749692 -120.795967
552.749981 -123.375214
552.750269 -123.401848
552.750558 -126.143173
552.750846 -124.766640
552.751135 -121.487946
552.751423 -118.954475
552.751712 -118.650742
552.752000 -119.364655
552.752288 -119.017769
552.752577 -118.658737
552.752865 -120.287910
552.753154 -123.554214
552.753442 -123.951996
552.753731 -127.210823
552.754019 -123.554626
552.754308 -122.414825
552.754596 -122.879791
552.754885 -119.378540
552.755173 -119.460785
552.755462 -124.782295
552.755750 -121.393158
552.756038 -123.141258
552.756327 -125.105843
552.756615 -126.682724
552.756904 -135.601929
552.757192 -133.329712
552.757481 -124.152084
552.757769 -118.939087
552.758058 -117.997604
552.758346 -118.024925
552.758635 -120.020592
552.758923 -124.130966
552.759212 -123.507500
552.759500 -121.154861
552.759788 -121.259537
552.760077 -122.001022
552.760365 -124.327644
552.760654 -126.385475
552.760942 -120.401070
552.761231 -119.210564
552.761519 -115.423241
552.761808 -114.188004
552.762096 -115.293137
552.762385 -114.438301
552.762673 -113.862595
552.762962 -114.953033
552.763250 -119.203957
552.763538 -118.316658
552.763827 -118.930313
552.764115 -126.830872
552.764404 -122.516006
552.764692 -118.769318
552.764981 -118.256615
552.765269 -119.020920
552.765558 -118.034927
552.765846 -117.945961
552.766135 -120.074463
552.766423 -129.048676
552.766712 -124.887253
552.767000 -120.543716
552.767288 -120.632538
552.767577 -121.025269
552.767865 -119.835472
552.768154 -120.193298
552.768442 -125.661835
552.768731 -120.941208
552.769019 -121.028687
552.769308 -120.523514
552.769596 -117.601181
552.769885 -117.507164
552.770173 -118.158485
552.770462 -119.093483
552.770750 -117.189186
552.771038 -117.038597
552.771327 -116.762581
552.771615 -116.906258
552.771904 -120.277809
552.772192 -126.087837
552.772481 -122.566330
552.772769 -120.818550
552.773058 -118.403435
552.773346 -117.491867
552.773635 -117.515823
552.773923 -120.012581
552.774212 -120.081589
552.774500 -120.115837
552.774788 -118.465446
552.775077 -118.397148
552.775365 -120.949112
552.775654 -117.421173
552.775942 -117.437904
552.776231 -122.635185
552.776519 -122.856804
552.776808 -119.217003
552.777096 -118.670311
552.777385 -120.020927
552.777673 -123.372734
552.777962 -122.213402
552.778250 -121.054359
552.778538 -121.518639
552.778827 -120.218437
552.779115 -116.899361
552.779404 -115.227043
552.779692 -115.539093
552.779981 -123.664185
552.780269 -130.150253
552.780558 -123.972916
552.780846 -116.250114
552.781135 -115.616028
552.781423 -115.867363
552.781712 -117.353539
552.782000 -116.874733
552.782288 -117.294853
552.782577 -118.323441
552.782865 -118.411766
552.783154 -123.235855
552.783442 -123.907883
552.783731 -117.777382
552.784019 -115.902245
552.784308 -116.251740
552.784596 -120.844620
552.784885 -120.863922
552.785173 -118.409996
552.785462 -117.623924
552.785750 -117.834335
552.786038 -122.132759
552.786327 -126.376457
552.786615 -120.848724
552.786904 -120.223122
552.787192 -121.456894
552.787481 -122.478531
552.787769 -121.232529
552.788058 -121.356873
552.788346 -124.370628
552.788635 -127.212059
552.788923 -119.459145
552.789212 -118.863037
552.789500 -120.683815
552.789788 -117.136375
552.790077 -117.298904
552.790365 -122.753029
552.790654 -119.547760
552.790942 -119.146713
552.791231 -120.043846
552.791519 -123.206764
552.791808 -119.277153
552.792096 -119.284546
552.792385 -116.796432
552.792673 -116.739204
552.792962 -120.193443
552.793250 -117.872795
552.793538 -117.873329
552.793827 -120.472672
552.794115 -119.233070
552.794404 -120.097572
552.794692 -129.467361
552.794981 -131.456436
552.795269 -129.315125
552.795558 -122.281487
552.795846 -121.354340
552.796135 -121.449638
552.796423 -125.645561
552.796712 -125.320099
552.797000 -127.156990
552.797288 -126.717636
552.797577 -120.520287
552.797865 -119.797951
552.798154 -119.801712
552.798442 -121.255112
552.798731 -123.610069
552.799019 -123.013123
552.799308 -121.668839
552.799596 -117.464424
552.799885 -116.500046
552.800173 -116.698586
552.800462 -120.306244
552.800750 -126.259537
552.801038 -125.104622
552.801327 -125.242027
552.801615 -123.718224
552.801904 -122.551971
552.802192 -122.670387
552.802481 -116.786316
552.802769 -114.464272
552.803058 -114.416313
552.803346 -114.599258
552.803635 -117.407982
552.803923 -119.493202
552.804212 -119.445473
552.804500 -118.763931
552.804788 -118.138474
552.805077 -118.425537
552.805365 -117.665352
552.805654 -119.475403
552.805942 -117.401886
552.806231 -116.223450
552.806519 -116.661720
552.806808 -118.878700
552.807096 -120.994064
552.807385 -122.254234
552.807673 -122.419518
552.807962 -121.124092
552.808250 -117.775963
552.808538 -117.756348
552.808827 -118.417465
552.809115 -119.564407
552.809404 -121.635994
552.809692 -118.161499
552.809981 -117.021248
552.810269 -117.061783
552.810558 -119.332909
552.810846 -121.084129
552.811135 -117.785629
552.811423 -116.638191
552.811712 -117.195328
552.812000 -118.557266
552.812288 -118.575996
552.812577 -121.492500
552.812865 -119.925758
552.813154 -120.722038
552.813442 -119.856087
552.813731 -120.581818
552.814019 -119.963913
552.814308 -115.610413
552.814596 -112.924431
552.814885 -113.029907
552.815173 -116.608734
552.815462 -120.420441
552.815750 -120.960876
552.816038 -123.452599
552.816327 -125.255287
552.816615 -126.459236
552.816904 -130.399033
552.817192 -129.942627
552.817481 -128.458511
552.817769 -124.075165
552.818058 -123.488441
552.818346 -123.798973
552.818635 -118.862068
552.818923 -116.062767
552.819212 -115.973900
552.819500 -118.014946
552.819788 -117.269218
552.820077 -117.604141
552.820365 -124.215393
552.820654 -121.693962
552.820942 -120.886696
552.821231 -121.196411
552.821519 -122.046898
552.821808 -124.206169
552.822096 -133.013199
552.822385 -126.759933
552.822673 -117.811958
552.822962 -116.047546
552.823250 -116.091919
552.823538 -118.883308
552.823827 -124.437340
552.824115 -127.064255
552.824404 -127.995857
552.824692 -124.064674
552.824981 -118.291634
552.825269 -117.073143
552.825558 -117.100479
552.825846 -121.361908
552.826135 -122.502647
552.826423 -122.709007
552.826712 -120.718437
552.827000 -119.402122
552.827288 -119.680336
552.827577 -122.984772
552.827865 -122.554855
552.828154 -122.545959
552.828442 -125.729721
552.828731 -122.299004
552.829019 -122.966179
552.829308 -123.831596
552.829596 -116.856628
552.829885 -115.683060
552.830173 -115.814659
552.830462 -117.682396
552.830750 -119.218452
552.831038 -122.457077
552.831327 -118.751144
552.831615 -113.617142
552.831904 -113.364601
552.832192 -115.194557
552.832481 -116.391037
552.832769 -117.005905
552.833058 -118.565506
552.833346 -123.184288
552.833635 -117.483803
552.833923 -117.581375
552.834212 -123.620476
552.834500 -124.420265
552.834788 -122.165504
552.835077 -122.189072
552.835365 -123.492226
552.835654 -120.413071
552.835942 -120.594833
552.836231 -119.682343
552.836519 -117.550285
552.836808 -117.643196
552.837096 -119.342781
552.837385 -119.128365
552.837673 -120.083427
552.837962 -119.331627
552.838250 -119.524895
552.838538 -122.977486
552.838827 -123.080215
552.839115 -128.400421
552.839404 -128.339355
552.839692 -122.592896
552.839981 -118.726479
552.840269 -118.027267
552.840558 -118.624657
552.840846 -118.421112
552.841135 -117.161491
552.841423 -117.193939
552.841712 -119.455940
552.842000 -127.728668
552.842288 -119.723984
552.842577 -119.345268
552.842865 -121.294121
552.843154 -129.273041
552.843442 -121.040131
552.843731 -120.647385
552.844019 -123.100914
552.844308 -131.176590
552.844596 -130.196823
552.844885 -128.829437
552.845173 -126.395271
552.845462 -120.289490
552.845750 -119.517586
552.846038 -121.737770
552.846327 -126.118027
552.846615 -127.280136
552.846904 -129.189011
552.847192 -124.206802
552.847481 -124.137604
552.847769 -123.656258
552.848058 -118.471817
552.848346 -118.041756
552.848635 -118.868469
552.848923 -122.350304
552.849212 -122.006935
552.849500 -124.015167
552.849788 -120.923386
552.850077 -114.945168
552.850365 -113.545219
552.850654 -114.234612
552.850942 -120.828217
552.851231 -120.277260
552.851519 -119.967949
552.851808 -123.093010
552.852096 -124.326881
552.852385 -124.552231
552.852673 -121.364639
552.852962 -116.123466
552.853250 -115.660126
552.853538 -116.984291
552.853827 -122.534256
552.854115 -121.037910
552.854404 -121.327667
552.854692 -130.711182
552.854981 -132.835602
552.855269 -125.129570
552.855558 -121.005440
552.855846 -115.282867
552.856135 -113.161835
552.856423 -113.280846
552.856712 -114.550667
552.857000 -117.150795
552.857288 -125.521591
552.857577 -121.376526
552.857865 -120.127930
552.858154 -120.167168
552.858442 -124.606071
552.858731 -126.311699
552.859019 -128.119644
552.859308 -127.587265
552.859596 -122.548561
552.859885 -118.004822
552.860173 -115.510208
552.860462 -115.242012
552.860750 -116.395958
552.861038 -122.858543
552.861327 -123.526283
552.861615 -123.618584
552.861904 -121.271378
552.862192 -120.270241
552.862481 -120.536034
552.862769 -118.100731
552.863058 -114.253845
552.863346 -114.281372
552.863635 -115.717453
552.863923 -116.859337
552.864212 -117.771210
552.864500 -120.157288
552.864788 -123.210701
552.865077 -123.338448
552.865365 -126.188332
552.865654 -124.245377
552.865942 -121.974968
552.866231 -121.393768
552.866519 -124.936043
552.866808 -128.292435
552.867096 -129.472412
552.867385 -125.537086
552.867673 -120.908768
552.867962 -119.519493
552.868250 -119.263359
552.868538 -118.118759
552.868827 -116.393356
552.869115 -116.214020
552.869404 -116.697311
552.869692 -118.403992
552.869981 -121.157806
552.870269 -120.779106
552.870558 -121.681648
552.870846 -119.854774
552.871135 -121.737579
552.871423 -119.036743
552.871712 -118.729500
552.872000 -121.784096
552.872288 -136.080383
552.872577 -124.531296
552.872865 -117.827042
552.873154 -117.289955
552.873442 -118.486908
552.873731 -121.933922
552.874019 -117.425674
552.874308 -116.514839
552.874596 -117.321892
552.874885 -119.298157
552.875173 -119.402206
552.875462 -123.609406
552.875750 -131.165527
552.876038 -131.343918
552.876327 -128.327835
552.876615 -125.612938
552.876904 -125.338844
552.877192 -126.014740
552.877481 -130.641083
552.877769 -130.725403
552.878058 -120.930405
552.878346 -118.788055
552.878635 -119.354057
552.878923 -125.938400
552.879212 -120.230507
552.879500 -120.141953
552.879788 -121.819778
552.880077 -122.005547
552.880365 -127.167435
552.880654 -122.994232
552.880942 -118.994652
552.881231 -119.059845
552.881519 -117.676079
552.881808 -116.525734
552.882096 -116.807747
552.882385 -121.094757
552.882673 -118.777763
552.882962 -118.869675
552.883250 -117.117073
552.883538 -115.984039
552.883827 -116.061180
552.884115 -119.353806
552.884404 -125.806526
552.884692 -119.754768
552.884981 -117.548035
552.885269 -117.653168
552.885558 -120.581245
552.885846 -121.844543
552.886135 -120.433723
552.886423 -121.100639
552.886712 -122.529938
552.887000 -120.774017
552.887288 -121.176674
552.887577 -126.228516
552.887865 -118.213242
552.888154 -116.337410
552.888442 -116.648323
552.888731 -119.219780
552.889019 -121.216751
552.889308 -123.883286
552.889596 -124.408577
552.889885 -124.889900
552.890173 -127.571091
552.890462 -132.122894
552.890750 -134.374878
552.891038 -127.928032
552.891327 -120.028961
552.891615 -117.311668
552.891904 -117.367447
552.892192 -120.596802
552.892481 -118.562088
552.892769 -118.691841
552.893058 -121.908394
552.893346 -127.235291
552.893635 -121.830788
552.893923 -121.825096
552.894212 -119.513435
552.894500 -119.241615
552.894788 -119.363274
552.895077 -122.327423
552.895365 -123.935547
552.895654 -129.336014
552.895942 -121.825302
552.896231 -119.650269
552.896519 -119.748962
552.896808 -124.144691
552.897096 -121.859924
552.897385 -121.418373
552.897673 -122.089485
552.897962 -125.450981
552.898250 -125.836235
552.898538 -122.900276
552.898827 -124.639893
552.899115 -121.658096
552.899404 -121.070541
552.899692 -121.154427
552.899981 -122.387863
552.900269 -121.836761
552.900558 -118.944351
552.900846 -118.234116
552.901135 -119.913612
552.901423 -125.334007
552.901712 -125.469185
552.902000 -125.292664
552.902288 -125.777832
552.902577 -119.758904
552.902865 -119.041420
552.903154 -119.642029
552.903442 -121.555527
552.903731 -122.043808
552.904019 -118.510353
552.904308 -118.511162
552.904596 -121.507851
552.904885 -121.951332
552.905173 -118.109848
552.905462 -117.422592
552.905750 -117.587234
552.906038 -119.562859
552.906327 -126.233246
552.906615 -120.402969
552.906904 -118.161171
552.907192 -118.175911
552.907481 -121.554359
552.907769 -116.543053
552.908058 -116.129341
552.908346 -115.186562
552.908635 -114.682442
552.908923 -116.102936
552.909212 -122.461250
552.909500 -122.462929
552.909788 -123.856804
552.910077 -122.004204
552.910365 -119.366783
552.910654 -118.897659
552.910942 -118.855804
552.911231 -118.049812
552.911519 -113.985580
552.911808 -113.714127
552.912096 -115.348000
552.912385 -122.909882
552.912673 -118.993011
552.912962 -118.777344
552.913250 -119.236275
552.913538 -120.938324
552.913827 -123.810143
552.914115 -129.953583
552.914404 -128.895569
552.914692 -121.860748
552.914981 -116.798691
552.915269 -116.612373
552.915558 -118.318489
552.915846 -123.492409
552.916135 -122.128273
552.916423 -119.107590
552.916712 -117.914536
552.917000 -118.269951
552.917288 -125.121979
552.917577 -118.156647
552.917865 -116.871368
552.918154 -118.125481
552.918442 -120.038879
552.918731 -118.170464
552.919019 -117.562332
552.919308 -117.727402
552.919596 -121.406631
552.919885 -120.503647
552.920173 -120.040382
552.920462 -120.829941
552.920750 -119.538956
552.921038 -120.317589
552.921327 -117.789803
552.921615 -117.674492
552.921904 -119.706650
552.922192 -128.582031
552.922481 -133.438339
552.922769 -126.177063
552.923058 -124.723587
552.923346 -124.696152
552.923635 -123.192383
552.923923 -117.954689
552.924212 -117.704750
552.924500 -120.145515
552.924788 -127.105148
552.925077 -125.977684
552.925365 -117.116333
552.925654 -115.091057
552.925942 -115.175842
552.926231 -119.841805
552.926519 -118.391357
552.926808 -115.468979
552.927096 -115.554436
552.927385 -120.038536
552.927673 -122.589073
552.927962 -119.576439
552.928250 -119.740479
552.928538 -122.729485
552.928827 -118.415527
552.929115 -116.676239
552.929404 -116.869194
552.929692 -123.145264
552.929981 -126.027428
552.930269 -126.192856
552.930558 -129.975632
552.930846 -125.365990
552.931135 -123.942444
552.931423 -123.890533
552.931712 -124.640350
552.932000 -124.713020
552.932288 -124.897797
552.932577 -124.267952
552.932865 -120.724167
552.933154 -120.741257
552.933442 -126.062500
552.933731 -122.999634
552.934019 -119.851227
552.934308 -118.991814
552.934596 -119.617554
552.934885 -127.867302
552.935173 -131.785873
552.935462 -125.013092
552.935750 -124.852150
552.936038 -119.810905
552.936327 -119.052162
552.936615 -119.630089
552.936904 -115.482079
552.937192 -115.074112
552.937481 -116.215233
552.937769 -122.514526
552.938058 -122.347229
552.938346 -123.785072
552.938635 -119.525574
552.938923 -119.403893
552.939212 -121.983856
552.939500 -125.022804
552.939788 -122.436447
552.940077 -122.175026
552.940365 -124.004242
552.940654 -121.108566
552.940942 -120.044914
552.941231 -119.937225
552.941519 -119.340988
552.941808 -119.998886
552.942096 -123.153175
552.942385 -122.523865
552.942673 -124.539101
552.942962 -121.224678
552.943250 -117.761902
552.943538 -116.855255
552.943827 -117.257217
552.944115 -121.644676
552.944404 -128.058899
552.944692 -123.659073
552.944981 -120.087563
552.945269 -120.122459
552.945558 -126.453896
552.945846 -123.497688
552.946135 -119.692940
552.946423 -119.802757
552.946712 -123.231560
552.947000 -123.080589
552.947288 -122.979980
552.947577 -121.439552
552.947865 -121.333359
552.948154 -124.656204
552.948442 -123.148773
552.948731 -122.638550
552.949019 -124.568024
552.949308 -130.590057
552.949596 -130.812668
552.949885 -124.764465
552.950173 -122.874481
552.950462 -121.422119
552.950750 -122.540215
552.951038 -119.695953
552.951327 -119.843300
552.951615 -122.672890
552.951904 -123.883766
552.952192 -125.579330
552.952481 -125.513512
552.952769 -119.775864
552.953058 -118.057671
552.953346 -118.982086
552.953635 -127.510788
552.953923 -121.777092
552.954212 -119.468597
552.954500 -119.847572
552.954788 -119.911278
552.955077 -118.542740
552.955365 -119.135254
552.955654 -126.510078
552.955942 -128.813293
552.956231 -122.123039
552.956519 -119.814552
552.956808 -119.990433
552.957096 -125.994774
552.957385 -131.063599
552.957673 -129.724289
552.957962 -125.292564
552.958250 -125.180931
552.958538 -128.101837
552.958827 -133.391739
552.959115 -120.761505
552.959404 -116.617508
552.959692 -116.678925
552.959981 -123.472244
552.960269 -123.224449
552.960558 -123.335533
552.960846 -120.125786
552.961135 -119.000671
552.961423 -119.621262
552.961712 -120.692703
552.962000 -118.871834
552.962288 -119.753471
552.962577 -126.345810
552.962865 -124.135864
552.963154 -121.946503
552.963442 -121.989159
552.963731 -126.594261
552.964019 -127.822075
552.964308 -117.987503
552.964596 -117.855652
552.964885 -122.988724
552.965173 -124.494278
552.965462 -119.320419
552.965750 -115.364220
552.966038 -115.380501
552.966327 -119.610580
552.966615 -118.023964
552.966904 -117.693810
552.967192 -118.964706
552.967481 -121.760498
552.967769 -123.299568
552.968058 -126.341888
552.968346 -125.547546
552.968635 -120.833488
552.968923 -117.783745
552.969212 -117.780952
552.969500 -119.218109
552.969788 -118.212059
552.970077 -118.782814
552.970365 -127.600861
552.970654 -119.276657
552.970942 -116.310043
552.971231 -116.707939
552.971519 -124.731819
552.971808 -122.985207
552.972096 -123.381035
552.972385 -133.095169
552.972673 -124.812927
552.972962 -124.200500
552.973250 -128.014526
552.973538 -124.107590
552.973827 -124.450760
552.974115 -119.835342
552.974404 -119.792755
552.974692 -124.492378
552.974981 -126.147911
552.975269 -120.462067
552.975558 -117.952049
552.975846 -118.250282
552.976135 -120.247498
552.976423 -120.507874
552.976712 -124.145584
552.977000 -119.940994
552.977288 -120.034004
552.977577 -127.182106
552.977865 -125.570885
552.978154 -124.509201
552.978442 -129.221130
552.978731 -129.256729
552.979019 -131.605087
552.979308 -125.661949
552.979596 -119.670906
552.979885 -119.031975
552.980173 -120.107780
552.980462 -126.788399
552.980750 -121.037239
552.981038 -115.152672
552.981327 -114.397423
552.981615 -114.964775
552.981904 -116.005913
552.982192 -115.714874
552.982481 -115.799423
552.982769 -118.632782
552.983058 -120.458580
552.983346 -115.889992
552.983635 -115.869812
552.983923 -116.237190
552.984212 -117.114113
552.984500 -123.073967
552.984788 -125.363899
552.985077 -123.420723
552.985365 -124.228760
552.985654 -123.904694
552.985942 -121.321587
552.986231 -121.325508
552.986519 -125.739273
552.986808 -123.795769
552.987096 -126.303856
552.987385 -122.173294
552.987673 -121.996323
552.987962 -124.463089
552.988250 -122.336365
552.988538 -123.080299
552.988827 -122.782631
552.989115 -123.278961
552.989404 -130.856400
552.989692 -132.855591
552.989981 -130.462524
552.990269 -121.029022
552.990558 -120.068443
552.990846 -120.569427
552.991135 -125.605484
552.991423 -122.339951
552.991712 -122.545151
552.992000 -122.387215
552.992288 -117.613564
552.992577 -117.597237
552.992865 -120.039436
552.993154 -122.270332
552.993442 -119.005424
552.993731 -118.901611
552.994019 -120.021324
552.994308 -122.816864
552.994596 -126.019142
552.994885 -126.512512
552.995173 -128.616379
552.995462 -126.482758
552.995750 -121.677017
552.996038 -119.919701
552.996327 -119.632362
552.996615 -120.806839
552.996904 -127.747734
552.997192 -126.960625
552.997481 -127.070137
552.997769 -122.198776
552.998058 -120.310127
552.998346 -121.204117
552.998635 -119.206558
552.998923 -118.111099
552.999212 -118.285141
552.999500 -119.246628
552.999788 -120.997856
553.000077 -123.046188
553.000365 -123.155159
553.000654 -122.274857
553.000942 -120.143906
553.001231 -120.531609
553.001519 -118.454521
553.001808 -118.579292
553.002096 -121.299736
553.002385 -122.062469
553.002673 -118.249870
553.002962 -118.252182
553.003250 -120.736778
553.003538 -119.251122
553.003827 -118.677940
553.004115 -120.646317
553.004404 -140.124176
553.004692 -131.605255
553.004981 -126.723183
553.005269 -126.399429
553.005558 -125.464684
553.005846 -123.491783
553.006135 -122.162834
553.006423 -121.407463
553.006712 -122.502632
553.007000 -120.810394
553.007288 -121.094475
553.007577 -123.672722
553.007865 -126.105217
553.008154 -123.966652
553.008442 -121.242691
553.008731 -121.077156
553.009019 -123.106949
553.009308 -125.131073
553.009596 -118.413139
553.009885 -118.415466
553.010173 -123.221687
553.010462 -121.425224
553.010750 -121.718742
553.011038 -123.250580
553.011327 -126.136948
553.011615 -125.951576
553.011904 -123.071129
553.012192 -124.272499
553.012481 -121.169960
553.012769 -121.328827
553.013058 -123.268822
553.013346 -129.892273
553.013635 -125.362442
553.013923 -122.975014
553.014212 -122.350044
553.014500 -123.046661
553.014788 -130.076675
553.015077 -125.612183
553.015365 -121.266006
553.015654 -119.650581
553.015942 -119.807343
553.016231 -121.313316
553.016519 -121.858215
553.016808 -121.568398
553.017096 -120.773705
553.017385 -123.896980
553.017673 -121.466423
553.017962 -122.140137
553.018250 -126.035599
553.018538 -127.887077
553.018827 -122.246017
553.019115 -122.582024
553.019404 -118.832283
553.019692 -118.816650
553.019981 -123.355370
553.020269 -126.601227
553.020558 -122.068420
553.020846 -120.660561
553.021135 -121.539864
553.021423 -127.038002
553.021712 -130.423645
553.022000 -133.608002
553.022288 -140.554077
553.022577 -133.973862
553.022865 -127.479263
553.023154 -127.266075
553.023442 -123.743515
553.023731 -122.370766
553.024019 -122.840561
553.024308 -123.196396
553.024596 -123.118431
553.024885 -125.170052
553.025173 -125.049011
553.025462 -121.127266
553.025750 -121.173080
553.026038 -120.427673
553.026327 -119.129585
553.026615 -119.661827
553.026904 -120.189575
553.027192 -117.653038
553.027481 -116.040771
553.027769 -116.346458
553.028058 -120.640251
553.028346 -124.198517
553.028635 -121.081802
553.028923 -121.110222
553.029212 -122.115509
553.029500 -118.380478
553.029788 -115.850380
553.030077 -113.713432
553.030365 -113.555847
553.030654 -114.296059
553.030942 -115.779900
553.031231 -121.092239
553.031519 -126.811501
553.031808 -125.067596
553.032096 -122.497871
553.032385 -122.689148
553.032673 -126.775101
553.032962 -118.629684
553.033250 -116.713928
553.033538 -117.079414
553.033827 -124.813896
553.034115 -133.096313
553.034404 -123.860802
553.034692 -122.440445
553.034981 -123.292213
553.035269 -122.876396
553.035558 -124.492424
553.035846 -121.511703
553.036135 -121.967293
553.036423 -124.840965
553.036712 -124.157394
553.037000 -124.658539
553.037288 -123.111839
553.037577 -119.930527
553.037865 -119.238510
553.038154 -119.729050
553.038442 -124.701904
553.038731 -124.260124
553.039019 -121.211525
553.039308 -121.147774
553.039596 -121.829292
553.039885 -119.531136
553.040173 -119.593498
553.040462 -124.488174
553.040750 -141.586838
553.041038 -135.303223
553.041327 -120.723587
553.041615 -118.669800
553.041904 -119.191261
553.042192 -123.619759
553.042481 -121.471962
553.042769 -121.850800
553.043058 -127.711792
553.043346 -127.052902
553.043635 -126.192604
553.043923 -122.826904
553.044212 -119.194176
553.044500 -117.363190
553.044788 -116.767181
553.045077 -116.536537
553.045365 -117.132088
553.045654 -120.958870
553.045942 -127.106361
553.046231 -122.397362
553.046519 -122.396149
553.046808 -117.031662
553.047096 -116.590630
553.047385 -118.037399
553.047673 -118.525177
553.047962 -119.777435
553.048250 -119.824692
553.048538 -116.795616
553.048827 -116.795563
553.049115 -119.712097
553.049404 -121.432213
553.049692 -121.312950
553.049981 -126.782181
553.050269 -129.190369
553.050558 -122.863533
553.050846 -122.173950
553.051135 -124.306099
553.051423 -124.558929
553.051712 -121.842003
553.052000 -118.563148
553.052288 -118.614265
553.052577 -121.192574
553.052865 -121.434746
553.053154 -119.932892
553.053442 -119.590111
553.053731 -120.029213
553.054019 -123.297905
553.054308 -121.823311
553.054596 -122.854103
553.054885 -121.863174
553.055173 -121.768677
553.055462 -123.088242
553.055750 -124.806717
553.056038 -120.676407
553.056327 -120.645561
553.056615 -118.290993
553.056904 -115.587410
553.057192 -115.547394
553.057481 -116.775917
553.057769 -123.346481
553.058058 -117.967995
553.058346 -117.365967
553.058635 -118.618935
553.058923 -124.131020
553.059212 -118.209091
553.059500 -118.093925
553.059788 -120.560379
553.060077 -119.746063
553.060365 -119.651520
553.060654 -121.063934
553.060942 -119.972969
553.061231 -120.064972
553.061519 -119.848503
553.061808 -120.849228
553.062096 -119.015030
553.062385 -118.889496
553.062673 -122.141655
553.062962 -116.795868
553.063250 -113.820869
553.063538 -113.803696
553.063827 -115.061134
553.064115 -118.814034
553.064404 -125.785469
553.064692 -126.719910
553.064981 -128.442856
553.065269 -123.109673
553.065558 -120.807198
553.065846 -116.807159
553.066135 -115.802773
553.066423 -115.881310
553.066712 -116.290108
553.067000 -117.519081
553.067288 -124.515579
553.067577 -127.722816
553.067865 -118.668991
553.068154 -118.031433
553.068442 -119.968025
553.068731 -125.464767
553.069019 -122.743401
553.069308 -122.041832
553.069596 -122.197754
553.069885 -123.277748
553.070173 -118.458527
553.070462 -118.264923
553.070750 -119.453880
553.071038 -122.789093
553.071327 -124.485275
553.071615 -125.053474
553.071904 -125.039040
553.072192 -125.169800
553.072481 -120.052994
553.072769 -118.853683
553.073058 -119.562874
553.073346 -131.482285
553.073635 -120.874603
553.073923 -117.062302
553.074212 -117.061935
553.074500 -117.204941
553.074788 -116.019333
553.075077 -115.075920
553.075365 -115.100449
553.075654 -118.399231
553.075942 -128.891083
553.076231 -124.913811
553.076519 -120.470039
553.076808 -119.039131
553.077096 -119.020912
553.077385 -121.188103
553.077673 -121.592339
553.077962 -121.794014
553.078250 -119.697678
553.078538 -118.713242
553.078827 -120.507835
553.079115 -119.387978
553.079404 -119.472206
553.079692 -122.224602
553.079981 -122.219177
553.080269 -122.618797
553.080558 -120.497574
553.080846 -120.587029
553.081135 -123.192230
553.081423 -126.022354
553.081712 -122.893959
553.082000 -121.179245
553.082288 -117.138367
553.082577 -115.693504
553.082865 -116.123436
553.083154 -119.375847
553.083442 -119.623489
553.083731 -121.963013
553.084019 -119.782463
553.084308 -117.187912
553.084596 -117.209999
553.084885 -120.034454
553.085173 -128.705505
553.085462 -127.850143
553.085750 -128.834839
553.086038 -124.001945
553.086327 -120.504074
553.086615 -120.619469
553.086904 -119.121391
553.087192 -117.328056
553.087481 -117.453629
553.087769 -120.740639
553.088058 -130.180161
553.088346 -130.850922
553.088635 -122.143150
553.088923 -117.222145
553.089212 -117.146492
553.089500 -119.669594
553.089788 -125.195366
553.090077 -120.670235
553.090365 -116.997589
553.090654 -116.749695
553.090942 -117.878456
553.091231 -122.954567
553.091519 -121.698120
553.091808 -120.083366
553.092096 -120.385475
553.092385 -126.968033
553.092673 -124.411751
553.092962 -123.221741
553.093250 -121.338890
553.093538 -117.794418
553.093827 -117.924667
553.094115 -119.794716
553.094404 -121.571411
553.094692 -121.010590
553.094981 -121.270699
553.095269 -125.119843
553.095558 -123.030693
553.095846 -119.683426
553.096135 -120.414642
553.096423 -119.143272
553.096712 -118.602715
553.097000 -118.833466
553.097288 -121.529518
553.097577 -126.830269
553.097865 -119.015617
553.098154 -118.022423
553.098442 -119.318260
553.098731 -125.823082
553.099019 -126.459175
553.099308 -126.357735
553.099596 -126.694397
553.099885 -126.713234
553.100173 -126.137260
553.100462 -128.807114
553.100750 -123.564957
553.101038 -119.461853
553.101327 -119.679939
553.101615 -123.554550
553.101904 -118.382607
553.102192 -116.674309
553.102481 -116.789330
553.102769 -120.912491
553.103058 -133.188004
553.103346 -121.209259
553.103635 -120.671677
553.103923 -125.064819
553.104212 -127.678581
553.104500 -124.743484
553.104788 -122.779137
553.105077 -121.875618
553.105365 -119.427170
553.105654 -119.581535
553.105942 -121.839294
553.106231 -121.335388
553.106519 -123.528442
553.106808 -121.520370
553.107096 -122.191010
553.107385 -126.700577
553.107673 -120.228348
553.107962 -119.413940
553.108250 -120.219254
553.108538 -118.108383
553.108827 -116.697128
553.109115 -116.773979
553.109404 -119.361809
553.109692 -124.407814
553.109981 -118.424004
553.110269 -117.327766
553.110558 -118.255562
553.110846 -125.674744
553.111135 -118.916870
553.111423 -117.416962
553.111712 -118.038437
553.112000 -117.692291
553.112288 -114.039444
553.112577 -114.034966
553.112865 -117.013123
553.113154 -120.900368
553.113442 -118.633408
553.113731 -118.647575
553.114019 -120.509491
553.114308 -120.877205
553.114596 -123.697449
553.114885 -120.002617
553.115173 -119.138245
553.115462 -121.690125
553.115750 -122.338814
553.116038 -120.976913
553.116327 -120.198708
553.116615 -120.403992
553.116904 -121.521263
553.117192 -129.157318
553.117481 -127.652733
553.117769 -126.560600
553.118058 -121.843102
553.118346 -121.803162
553.118635 -127.195953
553.118923 -127.957474
553.119212 -129.137253
553.119500 -123.353691
553.119788 -122.519348
553.120077 -124.332405
553.120365 -124.313736
553.120654 -124.529121
553.120942 -130.954559
553.121231 -129.171158
553.121519 -123.125175
553.121808 -121.421272
553.122096 -117.521156
553.122385 -116.497704
553.122673 -116.713348
553.122962 -121.254211
553.123250 -117.048019
553.123538 -116.787895
553.123827 -120.087250
553.124115 -124.192703
553.124404 -117.699738
553.124692 -116.860420
553.124981 -117.959465
553.125269 -125.329567
553.125558 -124.700485
553.125846 -124.100929
553.126135 -124.503113
553.126423 -123.623421
553.126712 -123.864052
553.127000 -124.554596
553.127288 -126.631714
553.127577 -124.110176
553.127865 -124.971725
553.128154 -124.210007
553.128442 -119.623650
553.128731 -119.183777
553.129019 -119.933846
553.129308 -118.456696
553.129596 -118.299263
553.129885 -119.537239
553.130173 -124.541893
553.130462 -123.802811
553.130750 -123.141449
553.131038 -123.512489
553.131327 -125.517319
553.131615 -119.066727
553.131904 -119.006653
553.132192 -124.729057
553.132481 -122.400803
553.132769 -118.028008
553.133058 -117.472496
553.133346 -117.859680
553.133635 -120.874969
553.133923 -122.648949
553.134212 -122.284157
553.134500 -122.066956
553.134788 -123.185127
553.135077 -119.232559
553.135365 -119.142250
553.135654 -122.245972
553.135942 -122.791367
553.136231 -121.221863
553.136519 -122.659416
553.136808 -133.901321
553.137096 -134.350754
553.137385 -136.127014
553.137673 -125.710541
553.137962 -123.478806
553.138250 -123.828972
553.138538 -128.537277
553.138827 -128.460266
553.139115 -121.463203
553.139404 -121.302269
553.139692 -126.307732
553.139981 -121.670319
553.140269 -121.438477
553.140558 -123.277382
553.140846 -118.997513
553.141135 -117.684708
553.141423 -117.988754
553.141712 -122.907272
553.142000 -121.129921
553.142288 -123.017586
553.142577 -118.827499
553.142865 -118.915329
553.143154 -123.007797
553.143442 -130.082184
553.143731 -133.104218
553.144019 -127.069031
553.144308 -126.496994
553.144596 -125.875168
553.144885 -122.949936
553.145173 -122.589745
553.145462 -123.323662
553.145750 -121.616310
553.146038 -117.491844
553.146327 -115.318665
553.146615 -114.312447
553.146904 -114.342621
553.147192 -116.563728
553.147481 -121.426071
553.147769 -123.687119
553.148058 -120.680817
553.148346 -120.683319
553.148635 -122.970459
553.148923 -124.474899
553.149212 -124.117180
553.149500 -126.033928
553.149788 -127.663719
553.150077 -122.908623
553.150365 -117.426308
553.150654 -114.133110
553.150942 -114.023781
553.151231 -115.607277
553.151519 -121.456879
553.151808 -122.501076
553.152096 -124.730148
553.152385 -118.790451
553.152673 -117.175667
553.152962 -117.143288
553.153250 -117.152298
553.153538 -118.742867
553.153827 -120.635925
553.154115 -120.209572
553.154404 -120.792038
553.154692 -123.849777
553.154981 -123.839485
553.155269 -118.447136
553.155558 -117.931084
553.155846 -119.633331
553.156135 -120.718193
553.156423 -121.818695
553.156712 -120.518158
553.157000 -120.999405
553.157288 -118.160645
553.157577 -117.608688
553.157865 -118.343948
553.158154 -119.439293
553.158442 -117.767189
553.158731 -119.301346
553.159019 -121.753700
553.159308 -117.152443
553.159596 -116.616447
553.159885 -117.179794
553.160173 -118.113831
553.160462 -117.800331
553.160750 -118.558144
553.161038 -122.574753
553.161327 -119.533218
553.161615 -117.604057
553.161904 -117.426186
553.162192 -118.528786
553.162481 -125.457466
553.162769 -120.226051
553.163058 -119.918816
553.163346 -119.456451
553.163635 -117.943459
553.163923 -117.984016
553.164212 -121.501556
553.164500 -126.978737
553.164788 -119.928596
553.165077 -118.999107
553.165365 -119.521461
553.165654 -121.956970
553.165942 -125.254326
553.166231 -123.585098
553.166519 -123.795639
553.166808 -121.681419
553.167096 -121.681709
553.167385 -124.386284
553.167673 -120.595757
553.167962 -119.812248
553.168250 -120.050171
553.168538 -122.203392
553.168827 -121.612038
553.169115 -121.638168
553.169404 -123.495842
553.169692 -123.291664
553.169981 -117.064331
553.170269 -115.572403
553.170558 -115.721413
553.170846 -120.047729
553.171135 -122.926376
553.171423 -119.589821
553.171712 -116.792023
553.172000 -116.758072
553.172288 -117.440910
553.172577 -119.229721
553.172865 -119.611206
553.173154 -116.862335
553.173442 -117.409981
553.173731 -120.868599
553.174019 -119.061356
553.174308 -119.479164
553.174596 -119.425293
553.174885 -118.603577
553.175173 -118.711342
553.175462 -120.262810
553.175750 -121.046608
553.176038 -117.050964
553.176327 -116.160469
553.176615 -117.060684
553.176904 -121.613319
553.177192 -119.134415
553.177481 -117.183296
553.177769 -116.443764
553.178058 -116.681625
553.178346 -117.766914
553.178635 -118.005997
553.178923 -114.049156
553.179212 -114.123459
553.179500 -118.376625
553.179788 -123.631432
553.180077 -128.107346
553.180365 -122.144707
553.180654 -121.349014
553.180942 -123.501556
553.181231 -122.379356
553.181519 -119.417511
553.181808 -114.932335
553.182096 -114.492493
553.182385 -115.110580
553.182673 -118.446350
553.182962 -121.205330
553.183250 -121.303322
553.183538 -125.689781
553.183827 -125.763664
553.184115 -122.278069
553.184404 -121.783287
553.184692 -122.634628
553.184981 -132.277817
553.185269 -135.405029
553.185558 -126.387398
553.185846 -119.995132
553.186135 -119.676491
553.186423 -123.910797
553.186712 -120.482491
553.187000 -120.550407
553.187288 -122.764824
553.187577 -122.980583
553.187865 -123.635384
553.188154 -123.695854
553.188442 -126.909363
553.188731 -121.385406
553.189019 -117.786118
553.189308 -117.062668
553.189596 -116.689316
553.189885 -116.855347
553.190173 -119.080963
553.190462 -115.841591
553.190750 -115.301178
553.191038 -115.970886
553.191327 -120.926491
553.191615 -124.184982
553.191904 -119.813217
553.192192 -117.988251
553.192481 -118.037666
553.192769 -120.775841
553.193058 -120.040031
553.193346 -120.347710
553.193635 -122.840927
553.193923 -119.309883
553.194212 -118.256973
553.194500 -118.434898
553.194788 -120.694756
553.195077 -118.794273
553.195365 -117.171890
553.195654 -117.168648
553.195942 -118.052422
553.196231 -122.778458
553.196519 -122.916916
553.196808 -130.673126
553.197096 -124.587509
553.197385 -124.535561
553.197673 -131.082932
553.197962 -131.619476
553.198250 -128.617355
553.198538 -129.640244
553.198827 -118.078430
553.199115 -115.079353
553.199404 -115.035484
553.199692 -115.669235
553.199981 -117.381134
553.200269 -119.770432
553.200558 -115.646255
553.200846 -115.033569
553.201135 -115.203445
553.201423 -118.034096
553.201712 -121.330215
553.202000 -119.784576
553.202288 -122.243111
553.202577 -119.698410
553.202865 -119.774704
553.203154 -126.319153
553.203442 -122.230576
553.203731 -120.144760
553.204019 -116.015823
553.204308 -114.251823
553.204596 -114.251328
553.204885 -116.090050
553.205173 -120.088547
553.205462 -122.964348
553.205750 -119.432205
553.206038 -119.540703
553.206327 -126.691826
553.206615 -122.053719
553.206904 -117.799850
553.207192 -117.841057
553.207481 -122.018433
553.207769 -118.877281
553.208058 -118.877174
553.208346 -120.927979
553.208635 -123.254974
553.208923 -120.453499
553.209212 -118.108521
553.209500 -118.237411
553.209788 -122.011459
553.210077 -118.839012
553.210365 -117.826668
553.210654 -119.652672
553.210942 -117.600807
553.211231 -117.618172
553.211519 -123.801544
553.211808 -125.032097
553.212096 -125.091385
553.212385 -131.019775
553.212673 -129.940613
553.212962 -129.537979
553.213250 -120.397163
553.213538 -119.228775
553.213827 -119.787346
553.214115 -124.557098
553.214404 -128.014130
553.214692 -122.414803
553.214981 -120.995613
553.215269 -121.104721
553.215558 -121.947487
553.215846 -120.906151
553.216135 -120.451614
553.216423 -116.858910
553.216712 -116.217224
553.217000 -116.341347
553.217288 -120.131554
553.217577 -118.975571
553.217865 -118.927544
553.218154 -122.648857
553.218442 -125.142151
553.218731 -120.643593
553.219019 -120.497856
553.219308 -121.900307
553.219596 -118.059662
553.219885 -116.825241
553.220173 -116.940369
553.220462 -118.878731
553.220750 -119.872101
553.221038 -120.294655
553.221327 -123.103180
553.221615 -117.388176
553.221904 -117.010895
553.222192 -117.414993
553.222481 -117.415459
553.222769 -118.640060
553.223058 -119.751785
553.223346 -122.642792
553.223635 -120.398270
553.223923 -116.754723
553.224212 -115.888420
553.224500 -115.924629
553.224788 -118.108368
553.225077 -119.032120
553.225365 -117.894249
553.225654 -118.166946
553.225942 -122.872322
553.226231 -123.702850
553.226519 -122.864105
553.226808 -123.400482
553.227096 -123.647247
553.227385 -122.384422
553.227673 -123.375595
553.227962 -120.340103
553.228250 -120.032516
553.228538 -120.302353
553.228827 -120.432640
553.229115 -122.231216
553.229404 -125.712639
553.229692 -128.762985
553.229981 -127.107254
553.230269 -120.980400
553.230558 -115.218269
553.230846 -114.643387
553.231135 -114.794228
553.231423 -115.691483
553.231712 -116.593307
553.232000 -116.625198
553.232288 -118.257698
553.232577 -121.263939
553.232865 -120.392998
553.233154 -121.050819
553.233442 -121.708847
553.233731 -120.734749
553.234019 -121.288063
553.234308 -119.088814
553.234596 -117.439690
553.234885 -117.654190
553.235173 -122.346626
553.235462 -126.631859
553.235750 -128.790253
553.236038 -124.102287
553.236327 -123.845551
553.236615 -128.377441
553.236904 -126.594566
553.237192 -125.910820
553.237481 -125.911995
553.237769 -127.413483
553.238058 -128.788391
553.238346 -124.124214
553.238635 -121.992088
553.238923 -122.055923
553.239212 -119.590385
553.239500 -118.367477
553.239788 -118.605713
553.240077 -121.305649
553.240365 -122.173332
553.240654 -121.170792
553.240942 -119.660355
553.241231 -120.080498
553.241519 -123.290154
553.241808 -121.206741
553.242096 -119.113655
553.242385 -119.502174
553.242673 -127.071732
553.242962 -131.964325
553.243250 -117.351631
553.243538 -114.771202
553.243827 -115.113182
553.244115 -123.045418
553.244404 -122.712967
553.244692 -122.148300
553.244981 -120.907669
553.245269 -120.895561
553.245558 -122.904175
553.245846 -122.057259
553.246135 -122.211533
553.246423 -123.249771
553.246712 -123.600883
553.247000 -123.113556
553.247288 -123.327202
553.247577 -120.781174
553.247865 -118.798500
553.248154 -119.231667
553.248442 -119.707314
553.248731 -119.058945
553.249019 -120.256874
553.249308 -119.335968
553.249596 -120.515182
553.249885 -121.960373
553.250173 -121.962250
553.250462 -124.562431
553.250750 -125.440506
553.251038 -119.517067
553.251327 -118.183441
553.251615 -119.006584
553.251904 -124.349945
553.252192 -117.885017
553.252481 -116.937775
553.252769 -116.419128
553.253058 -116.277634
553.253346 -116.277374
553.253635 -117.794861
553.253923 -119.953697
553.254212 -120.749916
553.254500 -118.782845
553.254788 -118.640472
553.255077 -122.593567
553.255365 -120.592964
553.255654 -120.581017
553.255942 -121.172523
553.256231 -121.867844
553.256519 -121.743217
553.256808 -120.045822
553.257096 -119.912750
553.257385 -121.131432
553.257673 -128.525757
553.257962 -124.309074
553.258250 -120.096191
553.258538 -118.493080
553.258827 -118.404297
553.259115 -119.476814
553.259404 -124.074928
553.259692 -117.605141
553.259981 -116.312614
553.260269 -116.495567
553.260558 -119.566864
553.260846 -124.959625
553.261135 -125.470642
553.261423 -122.589668
553.261712 -121.354225
553.262000 -121.475227
553.262288 -126.450844
553.262577 -122.608093
553.262865 -121.541153
553.263154 -121.581520
553.263442 -122.261230
553.263731 -119.748108
553.264019 -121.164497
553.264308 -116.044228
553.264596 -115.756760
553.264885 -116.874420
553.265173 -123.944504
553.265462 -124.818031
553.265750 -122.373695
553.266038 -123.126610
553.266327 -119.787415
553.266615 -118.345222
553.266904 -118.202873
553.267192 -118.971771
553.267481 -123.353973
553.267769 -124.764206
553.268058 -124.521698
553.268346 -123.679779
553.268635 -124.119690
553.268923 -117.839638
553.269212 -117.765656
553.269500 -120.515076
553.269788 -126.138214
553.270077 -125.981560
553.270365 -122.718658
553.270654 -121.327026
553.270942 -120.844650
553.271231 -120.918213
553.271519 -117.399315
553.271808 -115.071625
553.272096 -115.149490
553.272385 -121.759491
553.272673 -120.890793
553.272962 -121.242020
553.273250 -125.293877
553.273538 -129.021851
553.273827 -134.985718
553.274115 -133.593567
553.274404 -124.781136
553.274692 -120.287704
553.274981 -120.109978
553.275269 -119.623840
553.275558 -116.330040
553.275846 -116.024025
553.276135 -117.253197
553.276423 -121.409409
553.276712 -127.394707
553.277000 -123.160378
553.277288 -123.187698
553.277577 -118.751480
553.277865 -118.218407
553.278154 -119.862473
553.278442 -130.699539
553.278731 -127.001274
553.279019 -122.983612
553.279308 -123.277107
553.279596 -130.323990
553.279885 -132.294266
553.280173 -123.654945
553.280462 -122.998398
553.280750 -121.742256
553.281038 -117.028152
553.281327 -116.710907
553.281615 -118.627052
553.281904 -122.113815
553.282192 -116.098175
553.282481 -115.673759
553.282769 -117.042274
553.283058 -124.170509
553.283346 -120.931183
553.283635 -120.930267
553.283923 -123.541092
553.284212 -133.289246
553.284500 -121.948021
553.284788 -118.979660
553.285077 -117.809837
553.285365 -117.852180
553.285654 -120.225761
553.285942 -125.138168
553.286231 -131.704559
553.286519 -126.853790
553.286808 -127.058830
553.287096 -122.189178
553.287385 -119.014275
553.287673 -119.116676
553.287962 -118.154251
553.288250 -113.073273
553.288538 -112.098061
553.288827 -112.837791
553.289115 -118.124825
553.289404 -122.353363
553.289692 -124.988594
553.289981 -127.249969
553.290269 -120.848473
553.290558 -118.178108
553.290846 -118.050003
553.291135 -119.068352
553.291423 -124.835014
553.291712 -128.771881
553.292000 -123.176544
553.292288 -122.057571
553.292577 -122.784302
553.292865 -122.886322
553.293154 -121.387001
553.293442 -122.393593
553.293731 -124.767448
553.294019 -125.361015
553.294308 -120.491173
553.294596 -120.259583
553.294885 -122.000748
553.295173 -118.007301
553.295462 -117.556847
553.295750 -118.826813
553.296038 -116.832314
553.296327 -116.667641
553.296615 -119.204956
553.296904 -122.127708
553.297192 -122.221169
553.297481 -121.289825
553.297769 -121.075142
553.298058 -124.764992
553.298346 -118.213860
553.298635 -117.856506
553.298923 -118.833611
553.299212 -123.868263
553.299500 -123.084602
553.299788 -123.157829
553.300077 -121.743690
553.300365 -118.951210
553.300654 -118.663689
553.300942 -119.677345
553.301231 -122.060387
553.301519 -119.554848
553.301808 -119.129723
553.302096 -119.995064
553.302385 -123.990349
553.302673 -123.334801
553.302962 -123.315414
553.303250 -121.708740
553.303538 -122.781509
553.303827 -126.150246
553.304115 -124.016670
553.304404 -119.126907
553.304692 -117.568092
553.304981 -117.567902
553.305269 -117.611725
553.305558 -117.389954
553.305846 -117.534019
553.306135 -122.094963
553.306423 -121.164886
553.306712 -120.492683
553.307000 -121.522888
553.307288 -119.945854
553.307577 -119.581604
553.307865 -123.019730
553.308154 -131.120773
553.308442 -125.156425
553.308731 -125.471176
553.309019 -123.110306
553.309308 -120.871979
553.309596 -120.906334
553.309885 -121.677139
553.310173 -121.080154
553.310462 -121.093704
553.310750 -120.680565
553.311038 -118.012550
553.311327 -118.021835
553.311615 -118.595055
553.311904 -121.447189
553.312192 -128.893402
553.312481 -125.174377
553.312769 -123.584061
553.313058 -122.170258
553.313346 -121.717033
553.313635 -123.481125
553.313923 -121.593475
553.314212 -118.853745
553.314500 -118.416153
553.314788 -117.445244
553.315077 -117.484268
553.315365 -119.433708
553.315654 -124.301384
553.315942 -122.530197
553.316231 -123.859711
553.316519 -125.651344
553.316808 -122.707870
553.317096 -122.635651
553.317385 -124.176537
553.317673 -128.134033
553.317962 -123.496384
553.318250 -121.569199
553.318538 -117.871078
553.318827 -117.841049
553.319115 -119.586426
553.319404 -122.664131
553.319692 -123.500130
553.319981 -124.101601
553.320269 -121.462975
553.320558 -121.509064
553.320846 -129.921387
553.321135 -124.435905
553.321423 -119.202530
553.321712 -119.130142
553.322000 -120.604660
553.322288 -121.080643
553.322577 -122.188461
553.322865 -120.055817
553.323154 -119.856323
553.323442 -122.078133
553.323731 -130.205139
553.324019 -123.759224
553.324308 -120.543343
553.324596 -121.309975
553.324885 -126.023972
553.325173 -126.013145
553.325462 -118.193451
553.325750 -116.834892
553.326038 -118.753006
553.326327 -123.373543
553.326615 -125.230156
553.326904 -131.267136
553.327192 -124.786194
553.327481 -124.575752
553.327769 -120.671150
553.328058 -118.289452
553.328346 -118.437523
553.328635 -120.121948
553.328923 -122.462830
553.329212 -118.976463
553.329500 -118.694344
553.329788 -121.205360
553.330077 -126.691811
553.330365 -125.055649
553.330654 -123.982674
553.330942 -125.466431
553.331231 -123.099136
553.331519 -122.678596
553.331808 -125.415771
553.332096 -121.248589
553.332385 -120.630402
553.332673 -121.069748
553.332962 -122.189392
553.333250 -117.269493
553.333538 -117.270187
553.333827 -122.151413
553.334115 -120.227806
553.334404 -120.260841
553.334692 -117.483948
553.334981 -116.899727
553.335269 -118.877449
553.335558 -124.513817
553.335846 -123.721283
553.336135 -122.437798
553.336423 -123.487373
553.336712 -118.422462
553.337000 -118.240936
553.337288 -119.891945
553.337577 -122.916992
553.337865 -120.035294
553.338154 -116.761154
553.338442 -115.229820
553.338731 -115.077591
553.339019 -115.543106
553.339308 -118.293297
553.339596 -118.806595
553.339885 -121.669594
553.340173 -117.998268
553.340462 -117.664413
553.340750 -118.313316
553.341038 -122.772263
553.341327 -128.484894
553.341615 -124.723091
553.341904 -119.100372
553.342192 -118.117943
553.342481 -118.553757
553.342769 -121.998634
553.343058 -116.809265
553.343346 -115.515938
553.343635 -115.551659
553.343923 -119.268494
553.344212 -120.135170
553.344500 -120.193489
553.344788 -123.998665
553.345077 -125.036339
553.345365 -122.480980
553.345654 -118.645706
553.345942 -118.626381
553.346231 -120.129677
553.346519 -118.492065
553.346808 -116.603638
553.347096 -116.321991
553.347385 -116.922134
553.347673 -121.140709
553.347962 -116.435623
553.348250 -113.239029
553.348538 -113.232086
553.348827 -115.014526
553.349115 -118.478165
553.349404 -117.732841
553.349692 -113.081177
553.349981 -113.100479
553.350269 -116.698143
553.350558 -116.029160
553.350846 -117.043365
553.351135 -120.011215
553.351423 -123.269089
553.351712 -119.859848
553.352000 -119.746689
553.352288 -121.224983
553.352577 -121.507767
553.352865 -121.557518
553.353154 -123.659492
553.353442 -124.287712
553.353731 -124.766747
553.354019 -127.875267
553.354308 -124.338150
553.354596 -123.989235
553.354885 -124.022865
553.355173 -125.132568
553.355462 -129.652328
553.355750 -119.470955
553.356038 -118.742699
553.356327 -119.611389
553.356615 -122.584396
553.356904 -121.438530
553.357192 -119.372307
553.357481 -119.779846
553.357769 -123.541283
553.358058 -123.100365
553.358346 -127.062134
553.358635 -121.704796
553.358923 -120.231964
553.359212 -120.426071
553.359500 -122.214890
553.359788 -121.845047
553.360077 -123.777893
553.360365 -127.456047
553.360654 -122.320213
553.360942 -119.697243
553.361231 -119.832199
553.361519 -124.545235
553.361808 -124.637657
553.362096 -121.095856
553.362385 -121.231880
553.362673 -119.833038
553.362962 -120.880173
553.363250 -128.354950
553.363538 -128.241669
553.363827 -125.004051
553.364115 -125.040901
553.364404 -124.715424
553.364692 -122.425728
553.364981 -122.308556
553.365269 -123.626518
553.365558 -122.464996
553.365846 -121.985252
553.366135 -123.391975
553.366423 -118.878380
553.366712 -118.903290
553.367000 -122.343025
553.367288 -123.385506
553.367577 -123.393196
553.367865 -124.548027
553.368154 -124.712585
553.368442 -128.151550
553.368731 -127.416885
553.369019 -122.784309
553.369308 -118.464149
553.369596 -118.506905
553.369885 -124.901375
553.370173 -122.839401
553.370462 -121.641899
553.370750 -122.551941
553.371038 -127.482285
553.371327 -125.411888
553.371615 -126.327637
553.371904 -125.813538
553.372192 -122.571960
553.372481 -122.790565
553.372769 -127.429932
553.373058 -126.688583
553.373346 -126.309616
553.373635 -123.616432
553.373923 -123.616875
553.374212 -128.918442
553.374500 -129.323837
553.374788 -120.517609
553.375077 -117.658302
553.375365 -117.662277
553.375654 -119.614761
553.375942 -119.083481
553.376231 -120.611786
553.376519 -117.524033
553.376808 -114.811462
553.377096 -114.828049
553.377385 -118.254799
553.377673 -123.205132
553.377962 -120.035751
553.378250 -120.092583
553.378538 -119.698700
553.378827 -117.123131
553.379115 -117.549896
553.379404 -119.848656
553.379692 -118.439461
553.379981 -119.961555
553.380269 -126.120811
553.380558 -122.301041
553.380846 -119.887100
553.381135 -121.078979
553.381423 -124.414490
553.381712 -125.252701
553.382000 -126.875771
553.382288 -128.506348
553.382577 -121.105476
553.382865 -118.987022
553.383154 -119.016777
553.383442 -118.155418
553.383731 -118.168030
553.384019 -121.214867
553.384308 -127.171333
553.384596 -123.289314
553.384885 -120.809555
553.385173 -121.435120
553.385462 -130.184311
553.385750 -124.130699
553.386038 -123.299759
553.386327 -124.163261
553.386615 -119.647346
553.386904 -118.990845
553.387192 -120.562859
553.387481 -124.936096
553.387769 -123.259430
553.388058 -123.290596
553.388346 -122.177551
553.388635 -116.910065
553.388923 -115.806808
553.389212 -116.091034
553.389500 -121.349121
553.389788 -123.403107
553.390077 -122.625671
553.390365 -122.695122
553.390654 -126.138786
553.390942 -125.447304
553.391231 -119.524521
553.391519 -118.601753
553.391808 -119.076080
553.392096 -121.910439
553.392385 -125.917076
553.392673 -123.219780
553.392962 -123.301193
553.393250 -119.243286
553.393538 -118.423416
553.393827 -119.080894
553.394115 -122.332153
553.394404 -120.333916
553.394692 -119.243149
553.394981 -119.322906
553.395269 -125.792168
553.395558 -122.879410
553.395846 -122.596687
553.396135 -122.579987
553.396423 -118.868843
553.396712 -118.885986
553.397000 -119.665840
553.397288 -119.345917
553.397577 -121.146187
553.397865 -123.582901
553.398154 -120.570755
553.398442 -120.601929
553.398731 -119.052559
553.399019 -117.709114
553.399308 -118.198219
553.399596 -120.045456
553.399885 -120.411301
553.400173 -121.788162
553.400462 -118.396812
553.400750 -118.497757
553.401038 -117.556831
553.401327 -116.999863
553.401615 -117.410149
553.401904 -120.017555
553.402192 -127.661346
553.402481 -128.989090
553.402769 -128.427689
553.403058 -127.050034
553.403346 -129.215530
553.403635 -131.203354
553.403923 -128.916489
553.404212 -122.030052
553.404500 -121.564896
553.404788 -122.443947
553.405077 -123.969757
553.405365 -124.669106
553.405654 -119.115089
553.405942 -118.751907
553.406231 -119.640320
553.406519 -124.806480
553.406808 -129.554779
553.407096 -130.351990
553.407385 -123.990814
553.407673 -121.715889
553.407962 -121.743622
553.408250 -126.667007
553.408538 -125.475586
553.408827 -122.625107
553.409115 -122.447723
553.409404 -121.214134
553.409692 -121.159737
553.409981 -127.948608
553.410269 -124.275497
553.410558 -119.067177
553.410846 -117.357254
553.411135 -117.226730
553.411423 -118.190598
553.411712 -116.891068
553.412000 -116.880119
553.412288 -120.356667
553.412577 -134.535080
553.412865 -125.912003
553.413154 -123.938644
553.413442 -124.677147
553.413731 -124.803780
553.414019 -126.614128
553.414308 -126.795670
553.414596 -123.831467
553.414885 -121.639999
553.415173 -121.640091
553.415462 -123.403381
553.415750 -124.451019
553.416038 -126.753525
553.416327 -125.916435
553.416615 -124.994926
553.416904 -125.337479
553.417192 -124.345924
553.417481 -120.578728
553.417769 -120.473267
553.418058 -121.963486
553.418346 -120.688423
553.418635 -123.358131
553.418923 -124.532738
553.419212 -125.087021
553.419500 -130.706924
553.419788 -129.442413
553.420077 -130.357803
553.420365 -123.577835
553.420654 -115.857491
553.420942 -114.425224
553.421231 -114.916229
553.421519 -122.108162
553.421808 -120.332901
553.422096 -122.328720
553.422385 -121.919601
553.422673 -121.683380
553.422962 -122.476471
553.423250 -118.244743
553.423538 -114.322556
553.423827 -114.123383
553.424115 -115.397087
553.424404 -122.766449
553.424692 -122.612854
553.424981 -119.535042
553.425269 -119.211166
553.425558 -118.923706
553.425846 -119.812828
553.426135 -126.396843
553.426423 -125.343666
553.426712 -122.294678
553.427000 -121.006821
553.427288 -122.248055
553.427577 -121.102142
553.427865 -122.098282
553.428154 -120.492554
553.428442 -120.493790
553.428731 -126.525726
553.429019 -124.219208
553.429308 -122.869278
553.429596 -120.299324
553.429885 -120.080162
553.430173 -123.155930
553.430462 -124.195015
553.430750 -124.184471
553.431038 -121.177635
553.431327 -116.950958
553.431615 -116.969650
553.431904 -122.331947
553.432192 -127.959869
553.432481 -120.076050
553.432769 -117.529434
553.433058 -117.529419
553.433346 -118.140320
553.433635 -117.951996
553.433923 -119.823959
553.434212 -118.920120
553.434500 -118.940880
553.434788 -121.179993
553.435077 -126.914459
553.435365 -122.934723
553.435654 -121.936043
553.435942 -122.007912
553.436231 -120.858215
553.436519 -117.950302
553.436808 -118.176117
553.437096 -124.976524
553.437385 -133.355057
553.437673 -130.725784
553.437962 -122.906761
553.438250 -121.313889
553.438538 -121.176620
553.438827 -122.387497
553.439115 -120.442780
553.439404 -119.300095
553.439692 -119.421562
553.439981 -118.009933
553.440269 -117.976219
553.440558 -120.287796
553.440846 -122.098633
553.441135 -122.262604
553.441423 -124.733643
553.441712 -118.588547
553.442000 -118.423157
553.442288 -122.826553
553.442577 -123.144188
553.442865 -121.739044
553.443154 -121.861015
553.443442 -126.273407
553.443731 -127.016937
553.444019 -127.461357
553.444308 -126.107903
553.444596 -123.825760
553.444885 -116.083717
553.445173 -115.761581
553.445462 -117.424828
553.445750 -117.788017
553.446038 -120.191734
553.446327 -127.594345
553.446615 -122.919754
553.446904 -118.192429
553.447192 -117.112076
553.447481 -117.158806
553.447769 -117.881943
553.448058 -120.288666
553.448346 -120.263916
553.448635 -121.870728
553.448923 -117.116013
553.449212 -117.085968
553.449500 -118.655762
553.449788 -124.638168
553.450077 -119.762489
553.450365 -119.709335
553.450654 -121.544952
553.450942 -115.157524
553.451231 -114.920792
553.451519 -117.092651
553.451808 -120.926079
553.452096 -120.891327
553.452385 -122.614021
553.452673 -122.577202
553.452962 -116.968475
553.453250 -115.728760
553.453538 -115.899170
553.453827 -118.686325
553.454115 -121.188538
553.454404 -119.944267
553.454692 -121.769981
553.454981 -119.947540
553.455269 -120.166519
553.455558 -120.589531
553.455846 -116.627220
553.456135 -114.683037
553.456423 -114.674629
553.456712 -116.417198
553.457000 -120.921432
553.457288 -125.168121
553.457577 -123.350578
553.457865 -121.996567
553.458154 -123.239502
553.458442 -126.358162
553.458731 -122.105156
553.459019 -117.830505
553.459308 -117.596504
553.459596 -117.246399
553.459885 -117.286125
553.460173 -117.491852
553.460462 -118.375244
553.460750 -118.713737
553.461038 -120.407715
553.461327 -119.121185
553.461615 -117.592354
553.461904 -117.937340
553.462192 -120.110451
553.462481 -120.106659
553.462769 -123.151581
553.463058 -129.238251
553.463346 -124.264809
553.463635 -122.636169
553.463923 -119.882973
553.464212 -120.225700
553.464500 -122.450920
553.464788 -117.029671
553.465077 -116.871620
553.465365 -118.128517
553.465654 -120.929329
553.465942 -120.045525
553.466231 -118.486748
553.466519 -118.471733
553.466808 -120.113983
553.467096 -120.444344
553.467385 -124.697960
553.467673 -127.679153
553.467962 -119.783211
553.468250 -118.809715
553.468538 -119.489029
553.468827 -120.753357
553.469115 -118.771675
553.469404 -118.815865
553.469692 -124.730675
553.469981 -126.966682
553.470269 -124.888481
553.470558 -122.178947
553.470846 -120.139709
553.471135 -120.220016
553.471423 -117.862152
553.471712 -116.989220
553.472000 -117.984589
553.472288 -123.465080
553.472577 -124.269188
553.472865 -121.673615
553.473154 -120.856453
553.473442 -121.894463
553.473731 -127.699066
553.474019 -125.573097
553.474308 -121.735214
553.474596 -121.689789
553.474885 -127.034554
553.475173 -126.240913
553.475462 -125.357262
553.475750 -126.306511
553.476038 -124.912918
553.476327 -125.772179
553.476615 -118.597435
553.476904 -117.363991
553.477192 -118.237915
553.477481 -122.737366
553.477769 -121.797684
553.478058 -121.350685
553.478346 -119.445831
553.478635 -119.110321
553.478923 -121.232597
553.479212 -117.410835
553.479500 -117.273758
553.479788 -118.549774
553.480077 -121.507896
553.480365 -123.333481
553.480654 -123.625977
553.480942 -122.459251
553.481231 -122.267410
553.481519 -119.264648
553.481808 -119.068420
553.482096 -120.555016
553.482385 -122.703331
553.482673 -124.613510
553.482962 -125.713089
553.483250 -125.675690
553.483538 -122.435036
553.483827 -118.647575
553.484115 -118.076134
553.484404 -118.576675
553.484692 -117.898056
553.484981 -117.316925
553.485269 -118.538849
553.485558 -125.288277
553.485846 -117.571793
553.486135 -116.986679
553.486423 -118.198975
553.486712 -123.917961
553.487000 -133.665100
553.487288 -122.982262
553.487577 -121.355782
553.487865 -121.814346
553.488154 -127.494255
553.488442 -123.434532
553.488731 -123.931824
553.489019 -129.013260
553.489308 -129.100754
553.489596 -122.806664
553.489885 -119.143982
553.490173 -118.405602
553.490462 -119.256638
553.490750 -120.863464
553.491038 -120.831100
553.491327 -123.514740
553.491615 -123.764305
553.491904 -119.250191
553.492192 -118.427856
553.492481 -120.291557
553.492769 -123.120735
553.493058 -122.219170
553.493346 -125.308304
553.493635 -120.190857
553.493923 -120.199448
553.494212 -119.137543
553.494500 -118.248978
553.494788 -118.275734
553.495077 -119.536018
553.495365 -121.048065
553.495654 -123.852966
553.495942 -122.628067
553.496231 -122.629913
553.496519 -124.558601
553.496808 -121.553238
553.497096 -120.264458
553.497385 -120.879501
553.497673 -120.395844
553.497962 -122.182381
553.498250 -121.473236
553.498538 -121.169319
553.498827 -121.416222
553.499115 -122.589378
553.499404 -119.918488
553.499692 -117.668137
553.499981 -117.660751
553.500269 -121.303886
553.500558 -116.928398
553.500846 -116.954010
553.501135 -121.066559
553.501423 -124.734062
553.501712 -133.106110
553.502000 -129.027283
553.502288 -120.765877
553.502577 -120.456139
553.502865 -121.668953
553.503154 -116.729973
553.503442 -115.766434
553.503731 -116.659248
553.504019 -124.031868
553.504308 -126.218620
553.504596 -123.059654
553.504885 -124.754181
553.505173 -120.783058
553.505462 -121.368469
553.505750 -128.803772
553.506038 -122.787758
553.506327 -117.066269
553.506615 -116.889877
553.506904 -118.991112
553.507192 -120.878143
553.507481 -120.969467
553.507769 -127.291458
553.508058 -123.750587
553.508346 -124.037178
553.508635 -120.197327
553.508923 -116.231201
553.509212 -116.212181
553.509500 -117.304558
553.509788 -120.440720
553.510077 -124.296303
553.510365 -122.862885
553.510654 -123.279816
553.510942 -125.359932
553.511231 -127.033066
553.511519 -124.461029
553.511808 -123.189316
553.512096 -123.119110
553.512385 -125.292999
553.512673 -121.269653
553.512962 -119.225616
553.513250 -118.387375
553.513538 -119.295494
553.513827 -123.189964
553.514115 -122.881584
553.514404 -125.083931
553.514692 -120.762558
553.514981 -119.033226
553.515269 -119.225670
553.515558 -124.845695
553.515846 -124.523186
553.516135 -118.984688
553.516423 -119.026031
553.516712 -121.900902
553.517000 -121.737099
553.517288 -124.207321
553.517577 -123.325386
553.517865 -119.700264
553.518154 -119.037560
553.518442 -119.452255
553.518731 -118.001846
553.519019 -117.484444
553.519308 -119.140808
553.519596 -126.433632
553.519885 -121.080513
553.520173 -118.849419
553.520462 -116.585579
553.520750 -115.053276
553.521038 -115.059601
553.521327 -117.010559
553.521615 -122.166077
553.521904 -125.246414
553.522192 -121.780495
553.522481 -122.626900
553.522769 -128.087082
553.523058 -126.144897
553.523346 -122.287659
553.523635 -119.915108
553.523923 -119.899399
553.524212 -122.885681
553.524500 -123.740768
553.524788 -123.673111
553.525077 -127.331863
553.525365 -126.064651
553.525654 -126.347672
553.525942 -121.560356
553.526231 -119.215492
553.526519 -118.457703
553.526808 -119.583740
553.527096 -120.999039
553.527385 -120.973007
553.527673 -123.454018
553.527962 -126.056892
553.528250 -124.249496
553.528538 -119.896034
553.528827 -117.959007
553.529115 -116.050385
553.529404 -116.043350
553.529692 -117.595871
553.529981 -123.963531
553.530269 -123.982773
553.530558 -118.510239
553.530846 -117.081200
553.531135 -117.125214
553.531423 -118.823326
553.531712 -120.042191
553.532000 -120.590805
553.532288 -122.219429
553.532577 -125.025703
553.532865 -125.582024
553.533154 -122.030289
553.533442 -122.070274
553.533731 -124.163353
553.534019 -119.857018
553.534308 -117.529984
553.534596 -117.579971
553.534885 -119.810989
553.535173 -123.699135
553.535462 -119.972847
553.535750 -118.842712
553.536038 -119.215294
553.536327 -119.457542
553.536615 -119.711060
553.536904 -120.358826
553.537192 -119.162231
553.537481 -117.001930
553.537769 -117.104294
553.538058 -119.903145
553.538346 -118.180260
553.538635 -118.180046
553.538923 -119.376068
553.539212 -125.644691
553.539500 -132.556564
553.539788 -123.259979
553.540077 -118.107201
553.540365 -117.962524
553.540654 -120.143112
553.540942 -118.525200
553.541231 -118.196625
553.541519 -119.127014
553.541808 -124.272064
553.542096 -129.218658
553.542385 -125.797699
553.542673 -124.384377
553.542962 -124.168076
553.543250 -125.188324
553.543538 -122.211952
553.543827 -119.805893
553.544115 -119.537605
553.544404 -119.578667
553.544692 -120.499374
553.544981 -119.396858
553.545269 -119.332283
553.545558 -123.888466
553.545846 -122.750000
553.546135 -122.957542
553.546423 -126.619125
553.546712 -129.136078
553.547000 -125.005959
553.547288 -123.916359
553.547577 -125.396469
553.547865 -125.236786
553.548154 -124.720642
553.548442 -125.277344
553.548731 -120.810242
553.549019 -119.333626
553.549308 -119.469315
553.549596 -118.914574
553.549885 -118.521637
553.550173 -120.204498
553.550462 -127.844002
553.550750 -128.060867
553.551038 -122.176903
553.551327 -118.692307
553.551615 -118.318558
553.551904 -117.973946
553.552192 -117.619110
553.552481 -118.314621
553.552769 -120.069344
553.553058 -119.716011
553.553346 -120.901558
553.553635 -124.459259
553.553923 -121.052116
553.554212 -121.114479
553.554500 -126.036697
553.554788 -122.522606
553.555077 -123.240425
553.555365 -121.853226
553.555654 -121.918762
553.555942 -120.956230
553.556231 -120.778709
553.556519 -123.595444
553.556808 -121.111855
553.557096 -121.094337
553.557385 -124.119118
553.557673 -125.914055
553.557962 -119.551880
553.558250 -117.368477
553.558538 -117.059532
553.558827 -117.343613
553.559115 -123.165443
553.559404 -120.364220
553.559692 -118.313942
553.559981 -113.377426
553.560269 -112.697273
553.560558 -113.677322
553.560846 -118.371971
553.561135 -120.594223
553.561423 -118.528793
553.561712 -118.691833
553.562000 -124.132660
553.562288 -132.195587
553.562577 -129.306686
553.562865 -125.355766
553.563154 -123.909500
553.563442 -123.938141
553.563731 -126.184601
553.564019 -124.629303
553.564308 -124.396805
553.564596 -125.066757
553.564885 -122.717018
553.565173 -122.332466
553.565462 -123.649597
553.565750 -130.074127
553.566038 -125.135994
553.566327 -125.259575
553.566615 -123.168388
553.566904 -123.804588
553.567192 -130.494537
553.567481 -126.919548
553.567769 -120.593803
553.568058 -119.545059
553.568346 -119.891632
553.568635 -121.131607
553.568923 -122.674065
553.569212 -122.355545
553.569500 -123.063141
553.569788 -130.297653
553.570077 -125.300774
553.570365 -125.291275
553.570654 -123.686798
553.570942 -119.388153
553.571231 -118.159348
553.571519 -117.631676
553.571808 -117.997223
553.572096 -122.250214
553.572385 -120.084312
553.572673 -119.822876
553.572962 -121.341431
553.573250 -129.676910
553.573538 -126.209427
553.573827 -125.110443
553.574115 -126.306175
553.574404 -124.098824
553.574692 -125.430153
553.574981 -121.517548
553.575269 -120.688362
553.575558 -119.773895
553.575846 -119.941628
553.576135 -123.272659
553.576423 -122.719292
553.576712 -118.154846
553.577000 -117.877907
553.577288 -121.798721
553.577577 -117.759178
553.577865 -114.987373
553.578154 -114.637405
553.578442 -115.614876
553.578731 -121.581673
553.579019 -124.179291
553.579308 -123.218040
553.579596 -122.229897
553.579885 -127.323273
553.580173 -124.698578
553.580462 -120.968513
553.580750 -120.390221
553.581038 -120.352180
553.581327 -122.836601
553.581615 -122.808060
553.581904 -123.652748
553.582192 -124.082916
553.582481 -124.146355
553.582769 -132.228088
553.583058 -131.394424
553.583346 -126.500404
553.583635 -120.357361
553.583923 -120.120117
553.584212 -121.218040
553.584500 -125.091911
553.584788 -122.922493
553.585077 -121.970909
553.585365 -121.818764
553.585654 -121.882469
553.585942 -119.097244
553.586231 -119.069489
553.586519 -120.481743
553.586808 -115.934654
553.587096 -115.962555
553.587385 -117.894829
553.587673 -116.580658
553.587962 -117.148567
553.588250 -125.139381
553.588538 -130.554916
553.588827 -131.524658
553.589115 -127.945381
553.589404 -129.351761
553.589692 -134.328293
553.589981 -126.534348
553.590269 -123.143532
553.590558 -121.894249
553.590846 -120.312080
553.591135 -119.852936
553.591423 -119.473198
553.591712 -117.452766
553.592000 -117.166458
553.592288 -117.582321
553.592577 -120.738838
553.592865 -127.722290
553.593154 -127.722282
553.593442 -124.995659
553.593731 -123.636536
553.594019 -124.859467
553.594308 -121.270958
553.594596 -118.476242
553.594885 -118.524857
553.595173 -117.973923
553.595462 -117.201088
553.595750 -117.376083
553.596038 -122.589691
553.596327 -122.570267
553.596615 -121.959488
553.596904 -120.425926
553.597192 -120.637474
553.597481 -122.854660
553.597769 -118.392761
553.598058 -118.217667
553.598346 -120.450417
553.598635 -129.242889
553.598923 -118.473656
553.599212 -116.896461
553.599500 -117.005562
553.599788 -119.769348
553.600077 -118.001968
553.600365 -119.078278
553.600654 -123.378807
553.600942 -123.909119
553.601231 -124.041504
553.601519 -120.251923
553.601808 -116.982857
553.602096 -117.003288
553.602385 -119.337685
553.602673 -125.782990
553.602962 -124.571281
553.603250 -126.302299
553.603538 -120.944145
553.603827 -120.971184
553.604115 -118.732452
553.604404 -118.771553
553.604692 -120.815994
553.604981 -122.848740
553.605269 -122.149757
553.605558 -122.689194
553.605846 -118.255402
553.606135 -117.834213
553.606423 -121.310745
553.606712 -116.108009
553.607000 -116.082352
553.607288 -116.770744
553.607577 -119.552879
553.607865 -116.861900
553.608154 -114.013741
553.608442 -114.575623
553.608731 -121.026146
553.609019 -123.270874
553.609308 -122.282837
553.609596 -122.609924
553.609885 -121.216309
553.610173 -117.501083
553.610462 -117.499290
553.610750 -120.178726
553.611038 -121.147697
553.611327 -121.713333
553.611615 -123.578499
553.611904 -126.978867
553.612192 -127.864220
553.612481 -126.014893
553.612769 -125.444260
553.613058 -124.471382
553.613346 -123.888718
553.613635 -124.674911
553.613923 -127.986015
553.614212 -125.228722
553.614500 -121.534134
553.614788 -121.342201
553.615077 -120.474648
553.615365 -120.320198
553.615654 -120.969429
553.615942 -119.461990
553.616231 -119.401505
553.616519 -119.798668
553.616808 -116.951454
553.617096 -116.782578
553.617385 -119.262550
553.617673 -124.627968
553.617962 -128.568954
553.618250 -123.785614
553.618538 -121.786163
553.618827 -121.664810
553.619115 -122.456963
553.619404 -123.172462
553.619692 -126.764694
553.619981 -123.768402
553.620269 -123.429718
553.620558 -123.636078
553.620846 -125.716049
553.621135 -124.084335
553.621423 -122.498329
553.621712 -124.176224
553.622000 -122.354729
553.622288 -122.253120
553.622577 -120.271637
553.622865 -117.380898
553.623154 -117.543884
553.623442 -124.205200
553.623731 -127.584068
553.624019 -127.813568
553.624308 -121.143204
553.624596 -119.777115
553.624885 -120.996964
553.625173 -123.910545
553.625462 -131.890045
553.625750 -125.257751
553.626038 -122.735001
553.626327 -122.758095
553.626615 -123.105545
553.626904 -117.528084
553.627192 -116.576378
553.627481 -117.562897
553.627769 -124.790970
553.628058 -128.134506
553.628346 -126.752045
553.628635 -126.751968
553.628923 -129.687546
553.629212 -121.307625
553.629500 -120.499023
553.629788 -121.295197
553.630077 -120.959206
553.630365 -121.479118
553.630654 -124.158714
553.630942 -120.893845
553.631231 -118.716858
553.631519 -118.708519
553.631808 -117.448891
553.632096 -117.277542
553.632385 -118.488510
553.632673 -121.055695
553.632962 -128.914963
553.633250 -119.182549
553.633538 -116.847359
553.633827 -117.235573
553.634115 -121.718399
553.634404 -126.184982
553.634692 -122.675697
553.634981 -122.675926
553.635269 -129.683838
553.635558 -128.206726
553.635846 -123.087753
553.636135 -118.339188
553.636423 -118.365570
553.636712 -122.434570
553.637000 -125.721840
553.637288 -124.661095
553.637577 -125.858070
553.637865 -123.320839
553.638154 -122.896049
553.638442 -125.647354
553.638731 -133.346527
553.639019 -131.446091
553.639308 -124.981560
553.639596 -124.981918
553.639885 -119.892433
553.640173 -114.275787
553.640462 -113.832245
553.640750 -115.289581
553.641038 -124.944824
553.641327 -128.143311
553.641615 -125.532936
553.641904 -124.305779
553.642192 -123.814148
553.642481 -124.080811
553.642769 -124.762009
553.643058 -124.974121
553.643346 -125.105789
553.643635 -125.782364
553.643923 -123.716286
553.644212 -123.718414
553.644500 -126.602257
553.644788 -129.315765
553.645077 -122.739250
553.645365 -120.607086
553.645654 -120.499695
553.645942 -120.864616
553.646231 -121.892143
553.646519 -121.630791
553.646808 -126.985634
553.647096 -134.242783
553.647385 -124.975975
553.647673 -124.558289
553.647962 -127.055992
553.648250 -120.155220
553.648538 -120.258659
553.648827 -124.614136
553.649115 -118.745728
553.649404 -118.759109
553.649692 -117.576538
553.649981 -117.619080
553.650269 -125.125603
553.650558 -125.382965
553.650846 -120.462952
553.651135 -117.142441
553.651423 -114.831802
553.651712 -114.884468
553.652000 -118.616043
553.652288 -117.708199
553.652577 -117.999191
553.652865 -117.420296
553.653154 -117.547989
553.653442 -124.121635
553.653731 -124.667137
553.654019 -117.197243
553.654308 -116.599098
553.654596 -116.038063
553.654885 -116.053047
553.655173 -117.278000
553.655462 -122.619202
553.655750 -120.963966
553.656038 -119.721771
553.656327 -119.969940
553.656615 -125.774666
553.656904 -119.217590
553.657192 -117.074020
553.657481 -117.218803
553.657769 -120.231384
553.658058 -120.830421
553.658346 -119.474922
553.658635 -117.682236
553.658923 -117.175491
553.659212 -118.063660
553.659500 -120.659966
553.659788 -119.155457
553.660077 -119.456268
553.660365 -120.152267
553.660654 -120.534798
553.660942 -119.174232
553.661231 -116.394470
553.661519 -116.628227
553.661808 -122.375702
553.662096 -118.401642
553.662385 -115.622734
553.662673 -115.617989
553.662962 -117.728615
553.663250 -123.759926
553.663538 -122.260857
553.663827 -123.462700
553.664115 -122.811951
553.664404 -122.528687
553.664692 -122.064217
553.664981 -120.148956
553.665269 -121.650528
553.665558 -122.019043
553.665846 -119.747871
553.666135 -117.890297
553.666423 -118.038330
553.666712 -121.279121
553.667000 -117.199631
553.667288 -113.067078
553.667577 -113.066406
553.667865 -115.768723
553.668154 -120.377991
553.668442 -127.705574
553.668731 -122.997665
553.669019 -123.026146
553.669308 -129.306564
553.669596 -125.208191
553.669885 -122.953857
553.670173 -118.296387
553.670462 -114.322678
553.670750 -114.167656
553.671038 -116.318993
553.671327 -125.054008
553.671615 -124.156998
553.671904 -123.117805
553.672192 -121.598297
553.672481 -118.457016
553.672769 -118.109360
553.673058 -118.879875
553.673346 -115.112389
553.673635 -115.071167
553.673923 -120.197334
553.674212 -116.823868
553.674500 -116.842422
553.674788 -122.457848
553.675077 -124.579987
553.675365 -129.497971
553.675654 -124.766510
553.675942 -123.346222
553.676231 -117.094406
553.676519 -116.912865
553.676808 -119.282623
553.677096 -117.623947
553.677385 -117.623802
553.677673 -123.934532
553.677962 -131.065109
553.678250 -121.754395
553.678538 -119.855659
553.678827 -115.686775
553.679115 -112.667702
553.679404 -112.757050
553.679692 -117.557800
553.679981 -131.680023
553.680269 -132.134995
553.680558 -120.738716
553.680846 -115.208321
553.681135 -114.478859
553.681423 -115.003090
553.681712 -119.661278
553.682000 -118.081924
553.682288 -118.144737
553.682577 -117.157272
553.682865 -117.330254
553.683154 -122.003067
553.683442 -124.753632
553.683731 -124.511505
553.684019 -119.279694
553.684308 -118.984207
553.684596 -122.768936
553.684885 -123.535393
553.685173 -122.281982
553.685462 -116.055405
553.685750 -115.766266
553.686038 -117.543671
553.686327 -125.438347
553.686615 -122.662415
553.686904 -122.820786
553.687192 -120.632904
553.687481 -117.876740
553.687769 -117.842644
553.688058 -119.392517
553.688346 -121.949852
553.688635 -125.033684
553.688923 -128.132675
553.689212 -124.456314
553.689500 -122.304138
553.689788 -119.291656
553.690077 -117.388969
553.690365 -117.398125
553.690654 -121.387100
553.690942 -117.951675
553.691231 -117.213562
553.691519 -117.223679
553.691808 -117.727768
553.692096 -122.031914
553.692385 -124.278709
553.692673 -126.147354
553.692962 -120.686302
553.693250 -119.895615
553.693538 -120.178261
553.693827 -122.547119
553.694115 -120.416138
553.694404 -120.423286
553.694692 -123.153679
553.694981 -122.080704
553.695269 -118.555588
553.695558 -117.002541
553.695846 -116.920715
553.696135 -118.989830
553.696423 -129.621063
553.696712 -123.239677
553.697000 -118.353905
553.697288 -118.176193
553.697577 -119.427620
553.697865 -120.019096
553.698154 -124.610786
553.698442 -123.756927
553.698731 -120.785812
553.699019 -120.646034
553.699308 -123.528160
553.699596 -119.769363
553.699885 -119.620430
553.700173 -120.447472
553.700462 -123.508270
553.700750 -128.083252
553.701038 -128.057053
553.701327 -128.755310
553.701615 -125.681427
553.701904 -122.986366
553.702192 -123.012901
553.702481 -121.979431
553.702769 -117.963188
553.703058 -117.282997
553.703346 -117.927208
553.703635 -122.889565
553.703923 -124.373756
553.704212 -125.077675
553.704500 -126.905663
553.704788 -120.823257
553.705077 -120.387985
553.705365 -119.645020
553.705654 -119.728249
553.705942 -123.143768
553.706231 -124.261429
553.706519 -124.855072
553.706808 -127.051521
553.707096 -124.451820
553.707385 -124.579979
553.707673 -126.622986
553.707962 -126.134346
553.708250 -129.598053
553.708538 -135.651230
553.708827 -131.916138
553.709115 -123.198372
553.709404 -121.827431
553.709692 -119.542610
553.709981 -119.611748
553.710269 -120.212769
553.710558 -120.389145
553.710846 -127.200676
553.711135 -124.675941
553.711423 -119.935432
553.711712 -119.732399
553.712000 -121.085098
553.712288 -125.476921
553.712577 -135.188980
553.712865 -124.896820
553.713154 -119.704025
553.713442 -116.342415
553.713731 -115.305824
553.714019 -115.284882
553.714308 -116.164436
553.714596 -122.882866
553.714885 -124.110565
553.715173 -124.061005
553.715462 -126.944191
553.715750 -118.162994
553.716038 -116.456139
553.716327 -116.841316
553.716615 -119.396172
553.716904 -121.807083
553.717192 -123.462875
553.717481 -129.618027
553.717769 -123.503716
553.718058 -120.355270
553.718346 -120.622223
553.718635 -121.260468
553.718923 -118.811806
553.719212 -118.917252
553.719500 -125.536041
553.719788 -129.724182
553.720077 -123.684586
553.720365 -122.289894
553.720654 -122.532013
553.720942 -125.791039
553.721231 -118.648956
553.721519 -118.040001
553.721808 -119.380470
553.722096 -119.258545
553.722385 -119.211288
553.722673 -120.187370
553.722962 -118.352898
553.723250 -116.066780
553.723538 -115.566727
553.723827 -115.954857
553.724115 -120.320564
553.724404 -123.438217
553.724692 -121.264900
553.724981 -121.174767
553.725269 -121.002846
553.725558 -121.805023
553.725846 -132.102097
553.726135 -125.830765
553.726423 -120.912048
553.726712 -120.433540
553.727000 -121.493637
553.727288 -121.923126
553.727577 -122.155212
553.727865 -128.829269
553.728154 -124.098969
553.728442 -118.257561
553.728731 -117.097824
553.729019 -116.722046
553.729308 -116.723122
553.729596 -118.014427
553.729885 -125.478210
553.730173 -128.485001
553.730462 -128.814087
553.730750 -126.657394
553.731038 -126.737968
553.731327 -127.829956
553.731615 -121.832275
553.731904 -118.659866
553.732192 -118.660553
553.732481 -117.351273
553.732769 -114.409813
553.733058 -114.434380
553.733346 -117.770538
553.733635 -118.785019
553.733923 -118.645325
553.734212 -120.228394
553.734500 -126.628304
553.734788 -127.050850
553.735077 -119.957130
553.735365 -118.384529
553.735654 -118.512978
553.735942 -119.813164
553.736231 -125.972466
553.736519 -120.607803
553.736808 -120.261711
553.737096 -121.569260
553.737385 -122.687775
553.737673 -120.994606
553.737962 -121.346214
553.738250 -125.373543
553.738538 -126.506905
553.738827 -126.167114
553.739115 -123.147346
553.739404 -119.233063
553.739692 -119.315147
553.739981 -120.729309
553.740269 -125.898598
553.740558 -121.953331
553.740846 -121.866844
553.741135 -120.962578
553.741423 -119.702477
553.741712 -120.411308
553.742000 -125.330086
553.742288 -122.693512
553.742577 -121.226318
553.742865 -121.359146
553.743154 -122.253067
553.743442 -123.376053
553.743731 -123.613060
553.744019 -124.090561
553.744308 -126.402275
553.744596 -123.441635
553.744885 -124.198868
553.745173 -128.771042
553.745462 -130.211884
553.745750 -128.161240
553.746038 -124.716316
553.746327 -124.747330
553.746615 -124.169739
553.746904 -121.264580
553.747192 -118.770241
553.747481 -117.978218
553.747769 -118.154015
553.748058 -120.886536
553.748346 -118.749458
553.748635 -118.804192
553.748923 -119.551064
553.749212 -120.967949
553.749500 -120.462326
553.749788 -117.342567
553.750077 -117.035461
553.750365 -117.803497
553.750654 -123.082275
553.750942 -122.650909
553.751231 -124.072769
553.751519 -128.105469
553.751808 -127.335312
553.752096 -124.381912
553.752385 -124.999077
553.752673 -120.411934
553.752962 -117.730957
553.753250 -117.420067
553.753538 -118.592773
553.753827 -125.842468
553.754115 -122.778404
553.754404 -122.770592
553.754692 -124.032661
553.754981 -123.803795
553.755269 -125.963547
553.755558 -131.495560
553.755846 -132.171997
553.756135 -132.162537
553.756423 -121.856392
553.756712 -118.470200
553.757000 -118.593758
553.757288 -125.146126
553.757577 -120.724060
553.757865 -117.752991
553.758154 -117.113365
553.758442 -117.629089
553.758731 -122.343269
553.759019 -128.937943
553.759308 -128.837311
553.759596 -124.027664
553.759885 -123.902519
553.760173 -120.743088
553.760462 -116.695801
553.760750 -116.751129
553.761038 -120.975052
553.761327 -122.290459
553.761615 -123.243874
553.761904 -121.727547
553.762192 -120.449974
553.762481 -121.240196
553.762769 -130.881271
553.763058 -124.375000
553.763346 -119.655083
553.763635 -119.640083
553.763923 -121.853737
553.764212 -124.765549
553.764500 -125.732819
553.764788 -126.030876
553.765077 -126.768814
553.765365 -130.540726
553.765654 -125.249207
553.765942 -124.651299
553.766231 -127.142426
553.766519 -123.308678
553.766808 -118.321297
553.767096 -118.180946
553.767385 -120.756027
553.767673 -121.611198
553.767962 -116.428596
553.768250 -116.015495
553.768538 -117.316551
553.768827 -123.670021
553.769115 -120.849304
553.769404 -120.316826
553.769692 -121.439903
553.769981 -123.112694
553.770269 -119.865730
553.770558 -119.472176
553.770846 -120.142380
553.771135 -121.519325
553.771423 -124.749176
553.771712 -123.405411
553.772000 -118.086922
553.772288 -117.640823
553.772577 -118.478683
553.772865 -122.835022
553.773154 -125.688828
553.773442 -120.271103
553.773731 -120.269318
553.774019 -122.028694
553.774308 -122.239410
553.774596 -120.185944
553.774885 -120.195190
553.775173 -123.680374
553.775462 -123.970673
553.775750 -123.038971
553.776038 -123.300865
553.776327 -121.562897
553.776615 -120.481438
553.776904 -119.491577
553.777192 -119.280754
553.777481 -120.416267
553.777769 -128.747238
553.778058 -122.818054
553.778346 -119.179131
553.778635 -119.178787
553.778923 -117.192566
553.779212 -116.913788
553.779500 -118.817841
553.779788 -119.645493
553.780077 -117.042160
553.780365 -113.740425
553.780654 -113.608131
553.780942 -116.261528
553.781231 -123.003647
553.781519 -123.211273
553.781808 -121.405067
553.782096 -120.182014
553.782385 -117.429153
553.782673 -116.578117
553.782962 -116.671135
553.783250 -120.873062
553.783538 -126.329185
553.783827 -126.269836
553.784115 -124.787750
553.784404 -121.254829
553.784692 -120.639389
553.784981 -121.021141
553.785269 -124.637314
553.785558 -117.763184
553.785846 -117.232384
553.786135 -117.981071
553.786423 -116.563156
553.786712 -116.624413
553.787000 -119.895699
553.787288 -126.185463
553.787577 -127.263573
553.787865 -127.625244
553.788154 -130.593170
553.788442 -124.824539
553.788731 -122.717674
553.789019 -122.964455
553.789308 -127.387383
553.789596 -131.477859
553.789885 -128.226791
553.790173 -125.168907
553.790462 -124.482216
553.790750 -121.264061
553.791038 -119.683266
553.791327 -119.532501
553.791615 -119.717239
553.791904 -122.131752
553.792192 -126.064903
553.792481 -125.931717
553.792769 -124.795967
553.793058 -119.447548
553.793346 -118.827888
553.793635 -119.517609
553.793923 -122.635460
553.794212 -116.378387
553.794500 -116.390846
553.794788 -123.358521
553.795077 -130.044632
553.795365 -134.575607
553.795654 -123.463387
553.795942 -118.888680
553.796231 -118.057663
553.796519 -118.330078
553.796808 -122.046440
553.797096 -127.921951
553.797385 -122.479820
553.797673 -123.137405
553.797962 -119.140732
553.798250 -119.578430
553.798538 -126.683525
553.798827 -119.923561
553.799115 -119.913780
553.799404 -123.340385
553.799692 -123.678314
553.799981 -122.886444
553.800269 -123.297836
553.800558 -116.270142
553.800846 -115.008026
553.801135 -117.019638
553.801423 -123.248726
553.801712 -123.448196
553.802000 -117.346420
553.802288 -117.337463
553.802577 -120.658432
553.802865 -124.767387
553.803154 -124.807663
553.803442 -118.989700
553.803731 -116.147682
553.804019 -115.649300
553.804308 -115.607368
553.804596 -116.929756
553.804885 -123.936478
553.805173 -119.753784
553.805462 -119.821342
553.805750 -119.689713
553.806038 -119.195160
553.806327 -120.480400
553.806615 -118.345482
553.806904 -117.840233
553.807192 -121.551582
553.807481 -120.798180
553.807769 -118.755814
553.808058 -118.267151
553.808346 -118.509064
553.808635 -120.225655
553.808923 -125.035065
553.809212 -125.498215
553.809500 -124.658112
553.809788 -124.532906
553.810077 -123.456947
553.810365 -120.854599
553.810654 -120.856422
553.810942 -121.676567
553.811231 -119.596756
553.811519 -114.913910
553.811808 -114.570908
553.812096 -116.086746
553.812385 -122.500992
553.812673 -126.522873
553.812962 -121.248161
553.813250 -118.967842
553.813538 -119.214561
553.813827 -125.473473
553.814115 -128.514938
553.814404 -121.248650
553.814692 -121.327858
553.814981 -121.786369
553.815269 -121.700264
553.815558 -123.269569
553.815846 -125.086037
553.816135 -126.813271
553.816423 -125.097809
553.816712 -124.528709
553.817000 -120.721939
553.817288 -118.496567
553.817577 -119.097359
553.817865 -123.862305
553.818154 -123.393723
553.818442 -124.340248
553.818731 -123.818382
553.819019 -120.527267
553.819308 -118.507774
553.819596 -118.906654
553.819885 -123.484062
553.820173 -131.242691
553.820462 -131.694138
553.820750 -126.784157
553.821038 -123.915276
553.821327 -118.517570
553.821615 -117.165543
553.821904 -117.516144
553.822192 -122.372101
553.822481 -123.305710
553.822769 -120.485413
553.823058 -119.612801
553.823346 -120.694275
553.823635 -122.337639
553.823923 -121.242714
553.824212 -121.161041
553.824500 -127.174660
553.824788 -127.271332
553.825077 -128.561203
553.825365 -126.370163
553.825654 -124.283859
553.825942 -125.293655
553.826231 -128.650375
553.826519 -120.661278
553.826808 -119.666565
553.827096 -120.076508
553.827385 -122.462570
553.827673 -126.259857
553.827962 -126.173691
553.828250 -123.618179
553.828538 -119.719688
553.828827 -119.954918
553.829115 -121.843201
553.829404 -122.536018
553.829692 -120.303383
553.829981 -116.182793
553.830269 -114.815666
553.830558 -114.912376
553.830846 -118.305687
553.831135 -120.809830
553.831423 -118.819366
553.831712 -119.741676
553.832000 -126.309525
553.832288 -122.883476
553.832577 -116.235291
553.832865 -114.972168
553.833154 -115.438782
553.833442 -121.298325
553.833731 -127.057091
553.834019 -123.757179
553.834308 -123.744499
553.834596 -118.269455
553.834885 -118.279640
553.835173 -120.843010
553.835462 -124.841255
553.835750 -120.590004
553.836038 -120.912689
553.836327 -128.162598
553.836615 -123.823807
553.836904 -118.854164
553.837192 -117.072296
553.837481 -117.118332
553.837769 -121.980682
553.838058 -129.373108
553.838346 -129.542908
553.838635 -131.288132
553.838923 -122.922035
553.839212 -122.648544
553.839500 -125.254059
553.839788 -118.937729
553.840077 -116.377861
553.840365 -116.234528
553.840654 -118.239189
553.840942 -119.702217
553.841231 -117.046135
553.841519 -117.026871
553.841808 -120.360497
553.842096 -123.244720
553.842385 -123.207359
553.842673 -123.219254
553.842962 -126.398537
553.843250 -130.234970
553.843538 -132.329880
553.843827 -132.289337
553.844115 -120.603325
553.844404 -119.212486
553.844692 -119.590942
553.844981 -120.593018
553.845269 -123.740707
553.845558 -117.320297
553.845846 -117.362244
553.846135 -124.761925
553.846423 -124.653091
553.846712 -126.659508
553.847000 -122.871590
553.847288 -119.005066
553.847577 -118.864807
553.847865 -119.957520
553.848154 -124.164558
553.848442 -120.141983
553.848731 -119.869011
553.849019 -119.806938
553.849308 -119.671814
553.849596 -120.550476
553.849885 -116.703339
553.850173 -115.937721
553.850462 -116.435356
553.850750 -118.069221
553.851038 -118.272415
553.851327 -120.556320
553.851615 -123.891068
553.851904 -123.336647
553.852192 -122.425743
553.852481 -122.985420
553.852769 -123.540833
553.853058 -123.536308
553.853346 -129.583099
553.853635 -127.667259
553.853923 -127.839699
553.854212 -129.203430
553.854500 -126.976234
553.854788 -122.650101
553.855077 -122.176346
553.855365 -123.645798
553.855654 -120.527939
553.855942 -120.075348
553.856231 -121.088593
553.856519 -122.421204
553.856808 -120.839439
553.857096 -120.423927
553.857385 -117.015739
553.857673 -116.824837
553.857962 -119.305031
553.858250 -121.178932
553.858538 -121.231926
553.858827 -121.169540
553.859115 -121.138649
553.859404 -124.376511
553.859692 -131.270279
553.859981 -126.161247
553.860269 -123.708420
553.860558 -117.996178
553.860846 -116.733795
553.861135 -117.103615
553.861423 -121.738243
553.861712 -119.562073
553.862000 -119.522980
553.862288 -123.654190
553.862577 -122.736221
553.862865 -119.485031
553.863154 -119.610580
553.863442 -119.883369
553.863731 -124.038589
553.864019 -125.767677
553.864308 -121.985374
553.864596 -119.838669
553.864885 -119.720703
553.865173 -120.620056
553.865462 -114.422791
553.865750 -114.150856
553.866038 -115.470551
553.866327 -117.496208
553.866615 -114.845016
553.866904 -115.025139
553.867192 -119.062469
553.867481 -117.845543
553.867769 -117.288445
553.868058 -119.016998
553.868346 -117.277458
553.868635 -116.976357
553.868923 -119.700089
553.869212 -125.088837
553.869500 -125.467896
553.869788 -124.044449
553.870077 -118.129341
553.870365 -117.720581
553.870654 -117.597290
553.870942 -117.551193
553.871231 -118.531303
553.871519 -120.540062
553.871808 -124.300629
553.872096 -119.232063
553.872385 -118.792030
553.872673 -119.062363
553.872962 -120.011208
553.873250 -117.860893
553.873538 -117.144218
553.873827 -118.691330
553.874115 -122.545624
553.874404 -121.440903
553.874692 -121.786194
553.874981 -119.508598
553.875269 -119.190063
553.875558 -119.383881
553.875846 -120.094994
553.876135 -121.063576
553.876423 -119.983589
553.876712 -120.878311
553.877000 -120.589058
553.877288 -125.615379
553.877577 -121.755867
553.877865 -121.583702
553.878154 -122.870827
553.878442 -122.173370
553.878731 -119.951744
553.879019 -120.096527
553.879308 -122.185326
553.879596 -119.886482
553.879885 -119.796219
553.880173 -122.644470
553.880462 -123.155289
553.880750 -119.048851
553.881038 -115.777954
553.881327 -115.875252
553.881615 -122.081146
553.881904 -120.429413
553.882192 -120.470078
553.882481 -124.444313
553.882769 -122.088852
553.883058 -119.221016
553.883346 -119.266121
553.883635 -119.816612
553.883923 -121.200966
553.884212 -121.036682
553.884500 -122.766129
553.884788 -123.998482
553.885077 -118.494751
553.885365 -117.080093
553.885654 -116.503426
553.885942 -116.057190
553.886231 -116.565773
553.886519 -120.127472
553.886808 -117.764427
553.887096 -117.767204
553.887385 -118.457039
553.887673 -120.683502
553.887962 -124.959801
553.888250 -125.758751
553.888538 -121.892044
553.888827 -121.733131
553.889115 -124.282219
553.889404 -130.789825
553.889692 -126.191101
553.889981 -124.272835
553.890269 -122.216850
553.890558 -122.233398
553.890846 -125.824081
553.891135 -119.148018
553.891423 -118.152016
553.891712 -119.090988
553.892000 -121.544388
