585.249000 -129.147446
585.249010 -128.409668
585.249019 -127.858528
585.249029 -127.496048
585.249038 -127.335838
585.249048 -127.325645
585.249058 -127.382065
585.249067 -127.631569
585.249077 -128.069962
585.249087 -128.658600
585.249096 -129.321991
585.249106 -129.935501
585.249115 -130.353333
585.249125 -130.366043
585.249135 -130.140991
585.249144 -129.967804
585.249154 -129.923859
585.249163 -129.964401
585.249173 -130.206680
585.249183 -130.736862
585.249192 -131.577454
585.249202 -132.720718
585.249212 -134.099182
585.249221 -135.504196
585.249231 -136.527710
585.249240 -136.362930
585.249250 -135.708984
585.249260 -135.162384
585.249269 -134.873764
585.249279 -134.836533
585.249288 -134.887466
585.249298 -135.211853
585.249308 -135.842133
585.249317 -136.775040
585.249327 -137.993286
585.249337 -139.438065
585.249346 -140.904205
585.249356 -141.924179
585.249365 -141.041763
585.249375 -139.739288
585.249385 -138.444748
585.249394 -137.285767
585.249404 -136.257660
585.249413 -135.309601
585.249423 -134.390259
585.249433 -133.469070
585.249442 -132.543884
585.249452 -131.636658
585.249462 -130.778656
585.249471 -130.000839
585.249481 -129.324600
585.249490 -128.762558
585.249500 -128.315964
585.249510 -127.966965
585.249519 -127.715324
585.249529 -127.542969
585.249538 -127.426216
585.249548 -127.341286
585.249558 -127.264862
585.249567 -127.181831
585.249577 -127.085945
585.249587 -126.984116
585.249596 -126.892380
585.249606 -126.834106
585.249615 -126.814117
585.249625 -126.826424
585.249635 -126.913200
585.249644 -127.089394
585.249654 -127.370995
585.249663 -127.755310
585.249673 -128.225586
585.249683 -128.745865
585.249692 -129.259247
585.249702 -129.692719
585.249712 -129.970856
585.249721 -129.969589
585.249731 -129.737411
585.249740 -129.431656
585.249750 -129.110565
585.249760 -128.815536
585.249769 -128.575134
585.249779 -128.406052
585.249788 -128.320343
585.249798 -128.303497
585.249808 -128.321884
585.249817 -128.422836
585.249827 -128.615234
585.249837 -128.898880
585.249846 -129.265411
585.249856 -129.704102
585.249865 -130.201080
585.249875 -130.746811
585.249885 -131.338425
585.249894 -131.989380
585.249904 -132.729019
585.249913 -133.606125
585.249923 -134.681732
585.249933 -136.004990
585.249942 -137.650436
585.249952 -139.656540
585.249962 -141.857834
585.249971 -143.514542
585.249981 -142.313034
585.249990 -140.922714
585.250000 -139.850372
585.250010 -139.149628
585.250019 -138.761963
585.250029 -138.597549
585.250038 -138.541260
585.250048 -138.544205
585.250058 -138.560486
585.250067 -138.548584
585.250077 -138.508911
585.250087 -138.468979
585.250096 -138.455750
585.250106 -138.487808
585.250115 -138.559753
585.250125 -138.723129
585.250135 -139.013657
585.250144 -139.473404
585.250154 -140.164703
585.250163 -141.158829
585.250173 -142.534973
585.250183 -144.300232
585.250192 -146.093811
585.250202 -145.020660
585.250212 -142.681747
585.250221 -140.590240
585.250231 -138.948486
585.250240 -137.721512
585.250250 -136.843781
585.250260 -136.242386
585.250269 -135.840897
585.250279 -135.539978
585.250288 -135.217987
585.250298 -134.742615
585.250308 -134.024643
585.250317 -133.062088
585.250327 -131.935257
585.250337 -130.750214
585.250346 -129.594666
585.250356 -128.524521
585.250365 -127.569328
585.250375 -126.742546
585.250385 -126.048538
585.250394 -125.487747
585.250404 -125.053711
585.250413 -124.750549
585.250423 -124.578102
585.250433 -124.534058
585.250442 -124.534920
585.250452 -124.623230
585.250462 -124.836617
585.250471 -125.168869
585.250481 -125.606293
585.250490 -126.123428
585.250500 -126.680573
585.250510 -127.221695
585.250519 -127.683395
585.250529 -128.012817
585.250538 -128.186295
585.250548 -128.238907
585.250558 -128.240341
585.250567 -128.266190
585.250577 -128.375458
585.250587 -128.628143
585.250596 -129.079514
585.250606 -129.780212
585.250615 -130.786728
585.250625 -132.170029
585.250635 -134.016586
585.250644 -136.389191
585.250654 -139.025879
585.250663 -138.984116
585.250673 -136.661407
585.250683 -134.690872
585.250692 -133.228806
585.250702 -132.192734
585.250712 -131.488571
585.250721 -131.024246
585.250731 -130.748184
585.250740 -130.603180
585.250750 -130.538773
585.250760 -130.513275
585.250769 -130.497025
585.250779 -130.470474
585.250788 -130.421860
585.250798 -130.348434
585.250808 -130.248199
585.250817 -130.118896
585.250827 -129.955460
585.250837 -129.751556
585.250846 -129.500885
585.250856 -129.200775
585.250865 -128.854843
585.250875 -128.475388
585.250885 -128.082443
585.250894 -127.701019
585.250904 -127.356903
585.250913 -127.067352
585.250923 -126.850334
585.250933 -126.720428
585.250942 -126.681717
585.250952 -126.677475
585.250962 -126.733139
585.250971 -126.868370
585.250981 -127.079773
585.250990 -127.360321
585.251000 -127.703514
585.251010 -128.104935
585.251019 -128.558899
585.251029 -129.055954
585.251038 -129.574066
585.251048 -130.068924
585.251058 -130.507309
585.251067 -130.835205
585.251077 -131.008713
585.251087 -130.868301
585.251096 -130.626831
585.251106 -130.348877
585.251115 -130.090088
585.251125 -129.888062
585.251135 -129.787140
585.251144 -129.777466
585.251154 -129.811417
585.251163 -129.977249
585.251173 -130.291580
585.251183 -130.752899
585.251192 -131.345612
585.251202 -132.037170
585.251212 -132.770935
585.251221 -133.468033
585.251231 -134.034714
585.251240 -134.389801
585.251250 -134.350967
585.251260 -134.017883
585.251269 -133.556107
585.251279 -133.037979
585.251288 -132.530289
585.251298 -132.080994
585.251308 -131.721741
585.251317 -131.467087
585.251327 -131.327255
585.251337 -131.298065
585.251346 -131.302414
585.251356 -131.386581
585.251365 -131.571808
585.251375 -131.852249
585.251385 -132.225800
585.251394 -132.685501
585.251404 -133.234802
585.251413 -133.872849
585.251423 -134.581177
585.251433 -135.309479
585.251442 -135.964523
585.251452 -136.411926
585.251462 -136.279221
585.251471 -135.751511
585.251481 -135.087860
585.251490 -134.413818
585.251500 -133.811203
585.251510 -133.324036
585.251519 -132.965805
585.251529 -132.748032
585.251538 -132.677856
585.251548 -132.673126
585.251558 -132.747910
585.251567 -132.943390
585.251577 -133.238007
585.251587 -133.595215
585.251596 -133.966797
585.251606 -134.306076
585.251615 -134.579697
585.251625 -134.783646
585.251635 -134.938354
585.251644 -135.064758
585.251654 -135.149002
585.251663 -135.051590
585.251673 -134.652954
585.251683 -133.915375
585.251692 -132.892654
585.251702 -131.723251
585.251712 -130.548355
585.251721 -129.464920
585.251731 -128.525360
585.251740 -127.749649
585.251750 -127.129051
585.251760 -126.659966
585.251769 -126.330093
585.251779 -126.116951
585.251788 -125.997002
585.251798 -125.946472
585.251808 -125.930496
585.251817 -125.937485
585.251827 -125.977661
585.251837 -126.050827
585.251846 -126.158615
585.251856 -126.306793
585.251865 -126.507111
585.251875 -126.768547
585.251885 -127.095993
585.251894 -127.490898
585.251904 -127.948593
585.251913 -128.458572
585.251923 -129.000320
585.251933 -129.541016
585.251942 -130.031036
585.251952 -130.407074
585.251962 -130.587601
585.251971 -130.367645
585.251981 -130.006927
585.251990 -129.591705
585.252000 -129.205109
585.252010 -128.914093
585.252019 -128.767059
585.252029 -128.753372
585.252038 -128.799393
585.252048 -129.028168
585.252058 -129.475296
585.252067 -130.165100
585.252077 -131.113205
585.252087 -132.328659
585.252096 -133.805252
585.252106 -135.487015
585.252115 -137.200607
585.252125 -138.564240
585.252135 -138.826462
585.252144 -138.074860
585.252154 -137.250687
585.252163 -136.534042
585.252173 -135.987823
585.252183 -135.630798
585.252192 -135.478180
585.252202 -135.466187
585.252212 -135.549622
585.252221 -135.877075
585.252231 -136.501709
585.252240 -137.479248
585.252250 -138.860001
585.252260 -140.613983
585.252269 -142.276749
585.252279 -140.663574
585.252288 -138.222641
585.252298 -136.028000
585.252308 -134.236313
585.252317 -132.817688
585.252327 -131.705963
585.252337 -130.882401
585.252346 -130.320572
585.252356 -130.009811
585.252365 -129.941666
585.252375 -129.951675
585.252385 -130.162460
585.252394 -130.672440
585.252404 -131.536102
585.252413 -132.844025
585.252423 -134.744644
585.252433 -137.550049
585.252442 -141.946991
585.252452 -144.455490
585.252462 -139.309708
585.252471 -136.162323
585.252481 -134.137833
585.252490 -132.819061
585.252500 -132.003357
585.252510 -131.579529
585.252519 -131.471512
585.252529 -131.478973
585.252538 -131.654709
585.252548 -132.067612
585.252558 -132.677124
585.252567 -133.428268
585.252577 -134.230804
585.252587 -134.937057
585.252596 -135.264618
585.252606 -134.680466
585.252615 -133.740295
585.252625 -132.644272
585.252635 -131.543350
585.252644 -130.522766
585.252654 -129.624817
585.252663 -128.867737
585.252673 -128.259460
585.252683 -127.802422
585.252692 -127.497856
585.252702 -127.346786
585.252712 -127.327690
585.252721 -127.350937
585.252731 -127.511780
585.252740 -127.829987
585.252750 -128.302475
585.252760 -128.918442
585.252769 -129.650360
585.252779 -130.443085
585.252788 -131.201096
585.252798 -131.792847
585.252808 -132.052444
585.252817 -131.731705
585.252827 -131.247635
585.252837 -130.711823
585.252846 -130.183151
585.252856 -129.736237
585.252865 -129.408432
585.252875 -129.232269
585.252885 -129.202774
585.252894 -129.240875
585.252904 -129.471512
585.252913 -129.964294
585.252923 -130.764420
585.252933 -131.915588
585.252942 -133.441330
585.252952 -135.259048
585.252962 -136.949631
585.252971 -136.933960
585.252981 -135.744156
585.252990 -134.776505
585.253000 -134.287064
585.253010 -134.239563
585.253019 -134.310883
585.253029 -134.849960
585.253038 -135.822083
585.253048 -136.792175
585.253058 -135.260910
585.253067 -133.067139
585.253077 -131.000702
585.253087 -129.294571
585.253096 -127.957542
585.253106 -126.946510
585.253115 -126.209564
585.253125 -125.701828
585.253135 -125.391541
585.253144 -125.243851
585.253154 -125.216133
585.253163 -125.225960
585.253173 -125.313629
585.253183 -125.481041
585.253192 -125.714531
585.253202 -126.007713
585.253212 -126.364349
585.253221 -126.796356
585.253231 -127.317505
585.253240 -127.952507
585.253250 -128.738449
585.253260 -129.712433
585.253269 -130.917374
585.253279 -132.398651
585.253288 -134.176773
585.253298 -136.129364
585.253308 -137.637711
585.253317 -136.108963
585.253327 -134.197266
585.253337 -132.526154
585.253346 -131.241272
585.253356 -130.352615
585.253365 -129.850067
585.253375 -129.725647
585.253385 -129.733887
585.253394 -129.996429
585.253404 -130.665237
585.253413 -131.741272
585.253423 -133.090271
585.253433 -134.029617
585.253442 -132.545670
585.253452 -130.665634
585.253462 -129.007629
585.253471 -127.739555
585.253481 -126.871017
585.253490 -126.381020
585.253500 -126.248062
585.253510 -126.251404
585.253519 -126.478424
585.253529 -127.074066
585.253538 -128.068939
585.253548 -129.536346
585.253558 -131.611755
585.253567 -134.531677
585.253577 -138.569122
585.253587 -139.246826
585.253596 -135.655273
585.253606 -133.175049
585.253615 -131.541962
585.253625 -130.509705
585.253635 -129.936401
585.253644 -129.741058
585.253654 -129.740112
585.253663 -129.875702
585.253673 -130.307480
585.253683 -131.004364
585.253692 -131.911957
585.253702 -132.906128
585.253712 -133.724731
585.253721 -133.440628
585.253731 -132.297180
585.253740 -130.925430
585.253750 -129.587494
585.253760 -128.401978
585.253769 -127.413170
585.253779 -126.634560
585.253788 -126.070694
585.253798 -125.723686
585.253808 -125.597572
585.253817 -125.597099
585.253827 -125.698723
585.253837 -126.037148
585.253846 -126.627975
585.253856 -127.494949
585.253865 -128.673691
585.253875 -130.222137
585.253885 -132.237564
585.253894 -134.904373
585.253904 -138.619263
585.253913 -144.456726
585.253923 -145.579895
585.253933 -140.681534
585.253942 -137.861343
585.253952 -136.003922
585.253962 -134.686295
585.253971 -133.715759
585.253981 -132.994949
585.253990 -132.478287
585.254000 -132.148041
585.254010 -132.006271
585.254019 -132.002640
585.254029 -132.065948
585.254038 -132.349457
585.254048 -132.885391
585.254058 -133.711533
585.254067 -134.871429
585.254077 -136.414642
585.254087 -138.371719
585.254096 -140.671600
585.254106 -142.880554
585.254115 -143.937164
585.254125 -143.519745
585.254135 -143.461777
585.254144 -143.668900
585.254154 -144.889404
585.254163 -147.914154
585.254173 -150.370972
585.254183 -143.315567
585.254192 -138.948120
585.254202 -135.905807
585.254212 -133.645721
585.254221 -131.908585
585.254231 -130.569000
585.254240 -129.543869
585.254250 -128.777405
585.254260 -128.231232
585.254269 -127.876694
585.254279 -127.692749
585.254288 -127.650444
585.254298 -127.657272
585.254308 -127.770500
585.254317 -128.003250
585.254327 -128.344727
585.254337 -128.774078
585.254346 -129.263809
585.254356 -129.775681
585.254365 -130.263489
585.254375 -130.675674
585.254385 -130.968948
585.254394 -131.111069
585.254404 -131.018555
585.254413 -130.825470
585.254423 -130.580490
585.254433 -130.310562
585.254442 -130.034271
585.254452 -129.757980
585.254462 -129.500992
585.254471 -129.268311
585.254481 -129.063248
585.254490 -128.886932
585.254500 -128.741501
585.254510 -128.630386
585.254519 -128.562210
585.254529 -128.543503
585.254538 -128.550766
585.254548 -128.617630
585.254558 -128.790604
585.254567 -129.105942
585.254577 -129.597763
585.254587 -130.327103
585.254596 -131.363647
585.254606 -132.797073
585.254615 -134.744186
585.254625 -137.293091
585.254635 -140.052414
585.254644 -138.707825
585.254654 -136.228683
585.254663 -134.357788
585.254673 -133.110931
585.254683 -132.392532
585.254692 -132.133347
585.254702 -132.125717
585.254712 -132.294952
585.254721 -132.867004
585.254731 -133.866013
585.254740 -135.341843
585.254750 -137.417801
585.254760 -140.374039
585.254769 -144.979065
585.254779 -153.963287
585.254788 -145.058182
585.254798 -140.816238
585.254808 -137.985428
585.254817 -135.834625
585.254827 -134.100006
585.254837 -132.673050
585.254846 -131.510971
585.254856 -130.600128
585.254865 -129.942215
585.254875 -129.545990
585.254885 -129.429443
585.254894 -129.431854
585.254904 -129.636169
585.254913 -130.208740
585.254923 -131.235184
585.254933 -132.857422
585.254942 -135.372131
585.254952 -139.463394
585.254962 -143.376923
585.254971 -137.426697
585.254981 -133.876007
585.254990 -131.583725
585.255000 -130.057251
585.255010 -129.081390
585.255019 -128.551544
585.255029 -128.410889
585.255038 -128.414505
585.255048 -128.646713
585.255058 -129.258499
585.255067 -130.283249
585.255077 -131.775055
585.255087 -133.777313
585.255096 -136.134293
585.255106 -137.156235
585.255115 -135.089767
585.255125 -133.133240
585.255135 -131.674469
585.255144 -130.702240
585.255154 -130.152451
585.255163 -129.968781
585.255173 -129.968399
585.255183 -130.110474
585.255192 -130.543335
585.255202 -131.238251
585.255212 -132.162460
585.255221 -133.277054
585.255231 -134.532547
585.255240 -135.878403
585.255250 -137.276550
585.255260 -138.725250
585.255269 -140.202560
585.255279 -141.659500
585.255288 -142.675507
585.255298 -141.201630
585.255308 -139.107758
585.255317 -137.065155
585.255327 -135.300323
585.255337 -133.842133
585.255346 -132.665970
585.255356 -131.736389
585.255365 -131.020050
585.255375 -130.483414
585.255385 -130.096878
585.255394 -129.842789
585.255404 -129.702438
585.255413 -129.661392
585.255423 -129.663177
585.255433 -129.721359
585.255442 -129.881699
585.255452 -130.159149
585.255462 -130.572754
585.255471 -131.141922
585.255481 -131.906052
585.255490 -132.899017
585.255500 -134.155624
585.255510 -135.712769
585.255519 -137.598328
585.255529 -139.797394
585.255538 -142.115433
585.255548 -143.892578
585.255558 -143.319992
585.255567 -142.149078
585.255577 -141.224548
585.255587 -140.687256
585.255596 -140.536484
585.255606 -140.514557
585.255615 -140.688370
585.255625 -140.512436
585.255635 -139.104950
585.255644 -136.963333
585.255654 -134.692169
585.255663 -132.625336
585.255673 -130.863098
585.255683 -129.414520
585.255692 -128.262863
585.255702 -127.388351
585.255712 -126.764137
585.255721 -126.388626
585.255731 -126.252083
585.255740 -126.251213
585.255750 -126.346611
585.255760 -126.663696
585.255769 -127.190414
585.255779 -127.903442
585.255788 -128.756958
585.255798 -129.669418
585.255808 -130.514175
585.255817 -131.147430
585.255827 -131.482101
585.255837 -131.509949
585.255846 -131.476746
585.255856 -131.494400
585.255865 -131.625504
585.255875 -131.950333
585.255885 -132.469376
585.255894 -133.117950
585.255904 -133.649887
585.255913 -132.873505
585.255923 -131.489273
585.255933 -129.927109
585.255942 -128.465714
585.255952 -127.220016
585.255962 -126.221146
585.255971 -125.468323
585.255981 -124.950813
585.255990 -124.655853
585.256000 -124.570038
585.256010 -124.568253
585.256019 -124.682800
585.256029 -124.977974
585.256038 -125.439415
585.256048 -126.046486
585.256058 -126.773689
585.256067 -127.593498
585.256077 -128.482422
585.256087 -129.433075
585.256096 -130.467407
585.256106 -131.648163
585.256115 -133.085114
585.256125 -134.921509
585.256135 -137.352859
585.256144 -140.502106
585.256154 -140.985626
585.256163 -137.698868
585.256173 -135.142914
585.256183 -133.358307
585.256192 -132.179794
585.256202 -131.487579
585.256212 -131.205811
585.256221 -131.194168
585.256231 -131.283310
585.256240 -131.680252
585.256250 -132.356644
585.256260 -133.262161
585.256269 -134.321289
585.256279 -135.424454
585.256288 -136.427521
585.256298 -137.172897
585.256308 -137.313278
585.256317 -136.602142
585.256327 -135.470642
585.256337 -134.100281
585.256346 -132.672531
585.256356 -131.315292
585.256365 -130.098190
585.256375 -129.046036
585.256385 -128.175232
585.256394 -127.488190
585.256404 -126.981918
585.256413 -126.653412
585.256423 -126.501923
585.256433 -126.488708
585.256442 -126.528564
585.256452 -126.736519
585.256462 -127.129395
585.256471 -127.710098
585.256481 -128.471329
585.256490 -129.412140
585.256500 -130.510132
585.256510 -131.712677
585.256519 -132.919006
585.256529 -133.965759
585.256538 -134.662323
585.256548 -134.696487
585.256558 -134.234573
585.256567 -133.671082
585.256577 -133.127487
585.256587 -132.686722
585.256596 -132.406250
585.256606 -132.326874
585.256615 -132.327637
585.256625 -132.486710
585.256635 -132.878479
585.256644 -133.442001
585.256654 -133.973221
585.256663 -133.427200
585.256673 -132.118668
585.256683 -130.583969
585.256692 -129.148132
585.256702 -127.953308
585.256712 -127.041306
585.256721 -126.412315
585.256731 -126.052719
585.256740 -125.942223
585.256750 -125.937019
585.256760 -126.057571
585.256769 -126.366173
585.256779 -126.825493
585.256788 -127.375160
585.256798 -127.935799
585.256808 -128.415878
585.256817 -128.738617
585.256827 -128.863724
585.256837 -128.793579
585.256846 -128.753220
585.256856 -128.748413
585.256865 -128.845825
585.256875 -129.125656
585.256885 -129.641785
585.256894 -130.403397
585.256904 -131.340668
585.256913 -132.211807
585.256923 -132.024109
585.256933 -130.836990
585.256942 -129.484528
585.256952 -128.279739
585.256962 -127.339203
585.256971 -126.688126
585.256981 -126.317886
585.256990 -126.209831
585.257000 -126.205162
585.257010 -126.343468
585.257019 -126.690025
585.257029 -127.215202
585.257038 -127.872017
585.257048 -128.596664
585.257058 -129.313263
585.257067 -129.949814
585.257077 -130.466888
585.257087 -130.875076
585.257096 -131.227249
585.257106 -131.589371
585.257115 -132.013763
585.257125 -132.526215
585.257135 -133.122345
585.257144 -133.771454
585.257154 -134.421616
585.257163 -135.012360
585.257173 -135.485260
585.257183 -135.795761
585.257192 -135.800247
585.257202 -135.534027
585.257212 -135.155930
585.257221 -134.741119
585.257231 -134.361420
585.257240 -134.056015
585.257250 -133.859436
585.257260 -133.778854
585.257269 -133.766708
585.257279 -133.795959
585.257288 -133.901825
585.257298 -134.071381
585.257308 -134.315872
585.257317 -134.670853
585.257327 -135.195297
585.257337 -135.970932
585.257346 -137.099792
585.257356 -138.717300
585.257365 -141.056915
585.257375 -144.634338
585.257385 -151.091461
585.257394 -150.562561
585.257404 -145.403671
585.257413 -142.626236
585.257423 -140.840073
585.257433 -139.526901
585.257442 -138.411087
585.257452 -137.348877
585.257462 -136.304459
585.257471 -135.315689
585.257481 -134.444733
585.257490 -133.745316
585.257500 -133.247513
585.257510 -132.940979
585.257519 -132.812531
585.257529 -132.795868
585.257538 -132.826065
585.257548 -132.924744
585.257558 -133.010178
585.257567 -132.887878
585.257577 -132.601883
585.257587 -132.212036
585.257596 -131.768723
585.257606 -131.309296
585.257615 -130.850204
585.257625 -130.394775
585.257635 -129.940475
585.257644 -129.488342
585.257654 -129.044022
585.257663 -128.618393
585.257673 -128.223114
585.257683 -127.869186
585.257692 -127.563416
585.257702 -127.309059
585.257712 -127.104294
585.257721 -126.943672
585.257731 -126.807060
585.257740 -126.690147
585.257750 -126.577515
585.257760 -126.452370
585.257769 -126.301781
585.257779 -126.119316
585.257788 -125.909706
585.257798 -125.688087
585.257808 -125.478958
585.257817 -125.310791
585.257827 -125.212639
585.257837 -125.190788
585.257846 -125.210358
585.257856 -125.325531
585.257865 -125.573471
585.257875 -125.963196
585.257885 -126.494057
585.257894 -127.151962
585.257904 -127.900581
585.257913 -128.673904
585.257923 -129.373825
585.257933 -129.895050
585.257942 -130.177216
585.257952 -130.212173
585.257962 -130.177109
585.257971 -130.187012
585.257981 -130.270203
585.257990 -130.511887
585.258000 -130.921799
585.258010 -131.499359
585.258019 -132.161591
585.258029 -132.738708
585.258038 -132.775055
585.258048 -132.133789
585.258058 -131.290421
585.258067 -130.450226
585.258077 -129.733917
585.258087 -129.196426
585.258096 -128.856583
585.258106 -128.719711
585.258115 -128.714783
585.258125 -128.787186
585.258135 -129.061829
585.258144 -129.547180
585.258154 -130.243195
585.258163 -131.126831
585.258173 -132.114288
585.258183 -132.995728
585.258192 -133.179810
585.258202 -132.384735
585.258212 -131.410965
585.258221 -130.539398
585.258231 -129.906662
585.258240 -129.564743
585.258250 -129.499023
585.258260 -129.516342
585.258269 -129.770447
585.258279 -130.328705
585.258288 -131.177765
585.258298 -132.283325
585.258308 -133.555176
585.258317 -134.786453
585.258327 -135.618866
585.258337 -135.128906
585.258346 -134.166168
585.258356 -133.129623
585.258365 -132.172745
585.258375 -131.358627
585.258385 -130.715942
585.258394 -130.261566
585.258404 -130.008789
585.258413 -129.953262
585.258423 -129.956268
585.258433 -130.090149
585.258442 -130.398605
585.258452 -130.813507
585.258462 -131.210617
585.258471 -131.319809
585.258481 -130.911758
585.258490 -130.341583
585.258500 -129.782318
585.258510 -129.364365
585.258519 -129.165283
585.258529 -129.148575
585.258538 -129.230423
585.258548 -129.589096
585.258558 -130.267609
585.258567 -131.291122
585.258577 -132.727859
585.258587 -134.666092
585.258596 -137.230576
585.258606 -140.455612
585.258615 -142.197250
585.258625 -139.221313
585.258635 -136.612320
585.258644 -134.575867
585.258654 -132.963547
585.258663 -131.653198
585.258673 -130.566528
585.258683 -129.656372
585.258692 -128.882950
585.258702 -128.232788
585.258712 -127.695480
585.258721 -127.258888
585.258731 -126.912918
585.258740 -126.648651
585.258750 -126.459663
585.258760 -126.341789
585.258769 -126.294350
585.258779 -126.283203
585.258788 -126.316978
585.258798 -126.426888
585.258808 -126.623734
585.258817 -126.923279
585.258827 -127.338242
585.258837 -127.878777
585.258846 -128.539429
585.258856 -129.306122
585.258865 -130.154099
585.258875 -131.015289
585.258885 -131.783966
585.258894 -132.341568
585.258904 -132.614944
585.258913 -132.458099
585.258923 -132.221573
585.258933 -131.973877
585.258942 -131.735672
585.258952 -131.524597
585.258962 -131.325348
585.258971 -131.121811
585.258981 -130.906631
585.258990 -130.682495
585.259000 -130.459366
585.259010 -130.247940
585.259019 -130.055756
585.259029 -129.884872
585.259038 -129.733978
585.259048 -129.602768
585.259058 -129.496124
585.259067 -129.427460
585.259077 -129.406372
585.259087 -129.415161
585.259096 -129.495132
585.259106 -129.684235
585.259115 -129.985199
585.259125 -130.418365
585.259135 -130.964386
585.259144 -131.559570
585.259154 -132.084900
585.259163 -132.348083
585.259173 -131.992783
585.259183 -131.455688
585.259192 -130.895828
585.259202 -130.430099
585.259212 -130.124313
585.259221 -130.010239
585.259231 -130.009766
585.259240 -130.099014
585.259250 -130.386017
585.259260 -130.848923
585.259269 -131.474472
585.259279 -132.215240
585.259288 -132.990021
585.259298 -133.682037
585.259308 -134.163513
585.259317 -134.308334
585.259327 -134.118256
585.259337 -133.919357
585.259346 -133.808136
585.259356 -133.794006
585.259365 -133.841370
585.259375 -134.044342
585.259385 -134.419159
585.259394 -134.949310
585.259404 -135.598541
585.259413 -136.308990
585.259423 -137.002350
585.259433 -137.586517
585.259442 -137.975418
585.259452 -137.927216
585.259462 -137.482498
585.259471 -136.818268
585.259481 -136.011581
585.259490 -135.148438
585.259500 -134.307007
585.259510 -133.546432
585.259519 -132.905319
585.259529 -132.400421
585.259538 -132.044205
585.259548 -131.849625
585.259558 -131.810760
585.259567 -131.824402
585.259577 -131.981750
585.259587 -132.344559
585.259596 -132.950958
585.259606 -133.861206
585.259615 -135.169022
585.259625 -136.990967
585.259635 -139.544830
585.259644 -142.863419
585.259654 -142.122208
585.259663 -138.724518
585.259673 -136.154907
585.259683 -134.288605
585.259692 -132.950653
585.259702 -132.027893
585.259712 -131.436127
585.259721 -131.117706
585.259731 -131.029724
585.259740 -131.014282
585.259750 -131.130692
585.259760 -131.382553
585.259769 -131.703171
585.259779 -131.979935
585.259788 -131.987137
585.259798 -131.584961
585.259808 -131.009995
585.259817 -130.398270
585.259827 -129.862213
585.259837 -129.469894
585.259846 -129.246964
585.259856 -129.178116
585.259865 -129.167313
585.259875 -129.234436
585.259885 -129.346100
585.259894 -129.397690
585.259904 -129.216843
585.259913 -128.930527
585.259923 -128.622437
585.259933 -128.385773
585.259942 -128.298218
585.259952 -128.297516
585.259962 -128.414108
585.259971 -128.768646
585.259981 -129.422394
585.259990 -130.417572
585.260000 -131.789322
585.260010 -133.512497
585.260019 -135.285767
585.260029 -135.204208
585.260038 -133.271927
585.260048 -131.335388
585.260058 -129.710037
585.260067 -128.418152
585.260077 -127.418121
585.260087 -126.664742
585.260096 -126.120712
585.260106 -125.757515
585.260115 -125.552330
585.260125 -125.478401
585.260135 -125.482666
585.260144 -125.541519
585.260154 -125.697411
585.260163 -125.928635
585.260173 -126.202759
585.260183 -126.478477
585.260192 -126.709061
585.260202 -126.848160
585.260212 -126.739960
585.260221 -126.494530
585.260231 -126.158737
585.260240 -125.774269
585.260250 -125.381516
585.260260 -125.015121
585.260269 -124.701424
585.260279 -124.459099
585.260288 -124.299332
585.260298 -124.227089
585.260308 -124.222061
585.260317 -124.241089
585.260327 -124.334694
585.260337 -124.495132
585.260346 -124.706947
585.260356 -124.952942
585.260365 -125.213417
585.260375 -125.468887
585.260385 -125.703171
585.260394 -125.908440
585.260404 -126.082687
585.260413 -126.230782
585.260423 -126.364540
585.260433 -126.500992
585.260442 -126.661507
585.260452 -126.869293
585.260462 -127.147942
585.260471 -127.518867
585.260481 -128.000046
585.260490 -128.603851
585.260500 -129.335068
585.260510 -130.186356
585.260519 -131.129807
585.260529 -132.099472
585.260538 -132.967255
585.260548 -133.533386
585.260558 -133.117218
585.260567 -132.243744
585.260577 -131.204803
585.260587 -130.170670
585.260596 -129.219696
585.260606 -128.397308
585.260615 -127.712868
585.260625 -127.150261
585.260635 -126.683411
585.260644 -126.282860
585.260654 -125.920609
585.260663 -125.575623
585.260673 -125.237251
585.260683 -124.906715
585.260692 -124.595474
585.260702 -124.322418
585.260712 -124.110641
585.260721 -123.985367
585.260731 -123.961159
585.260740 -123.973022
585.260750 -124.100777
585.260760 -124.397079
585.260769 -124.889389
585.260779 -125.613945
585.260788 -126.612259
585.260798 -127.932617
585.260808 -129.628952
585.260817 -131.732925
585.260827 -134.111618
585.260837 -136.009125
585.260846 -134.547760
585.260856 -132.798203
585.260865 -131.350708
585.260875 -130.248322
585.260885 -129.459000
585.260894 -128.952377
585.260904 -128.702560
585.260913 -128.664200
585.260923 -128.708633
585.260933 -128.992584
585.260942 -129.604218
585.260952 -130.632339
585.260962 -132.240616
585.260971 -134.768036
585.260981 -139.130951
585.260990 -144.311569
585.261000 -136.455551
585.261010 -132.353912
585.261019 -129.643814
585.261029 -127.694717
585.261038 -126.248131
585.261048 -125.173988
585.261058 -124.400810
585.261067 -123.887360
585.261077 -123.611351
585.261087 -123.553444
585.261096 -123.562622
585.261106 -123.739082
585.261115 -124.146149
585.261125 -124.798607
585.261135 -125.716545
585.261144 -126.926254
585.261154 -128.460770
585.261163 -130.353607
585.261173 -132.618011
585.261183 -135.168091
585.261192 -137.622482
585.261202 -139.208618
585.261212 -139.589539
585.261221 -139.616257
585.261231 -139.926193
585.261240 -140.903015
585.261250 -142.898102
585.261260 -146.400772
585.261269 -146.062103
585.261279 -141.127792
585.261288 -137.653946
585.261298 -135.125519
585.261308 -133.222961
585.261317 -131.782028
585.261327 -130.715790
585.261337 -129.977371
585.261346 -129.541748
585.261356 -129.396866
585.261365 -129.386658
585.261375 -129.538559
585.261385 -129.965683
585.261394 -130.676437
585.261404 -131.660583
585.261413 -132.881683
585.261423 -134.245163
585.261433 -135.553772
585.261442 -136.524994
585.261452 -136.949539
585.261462 -136.818527
585.261471 -136.705002
585.261481 -136.689301
585.261490 -136.699814
585.261500 -136.735184
585.261510 -136.557114
585.261519 -136.125061
585.261529 -135.477982
585.261538 -134.733368
585.261548 -134.008545
585.261558 -133.382065
585.261567 -132.891342
585.261577 -132.547791
585.261587 -132.345062
585.261596 -132.280762
585.261606 -132.280807
585.261615 -132.347061
585.261625 -132.534592
585.261635 -132.848709
585.261644 -133.301193
585.261654 -133.912811
585.261663 -134.715332
585.261673 -135.747818
585.261683 -137.041504
585.261692 -138.547531
585.261702 -139.917358
585.261712 -138.977600
585.261721 -136.906418
585.261731 -134.858383
585.261740 -133.109222
585.261750 -131.689774
585.261760 -130.566681
585.261769 -129.695114
585.261779 -129.026627
585.261788 -128.519775
585.261798 -128.143784
585.261808 -127.866417
585.261817 -127.661942
585.261827 -127.513939
585.261837 -127.414284
585.261846 -127.355728
585.261856 -127.335106
585.261865 -127.336266
585.261875 -127.361282
585.261885 -127.423393
585.261894 -127.506340
585.261904 -127.586266
585.261913 -127.624603
585.261923 -127.573540
585.261933 -127.466125
585.261942 -127.339348
585.261952 -127.228600
585.261962 -127.166191
585.261971 -127.152573
585.261981 -127.186897
585.261990 -127.303772
585.262000 -127.530212
585.262010 -127.869263
585.262019 -128.317566
585.262029 -128.864426
585.262038 -129.493484
585.262048 -130.181534
585.262058 -130.901535
585.262067 -131.623596
585.262077 -132.321045
585.262087 -132.972290
585.262096 -133.564636
585.262106 -134.090057
585.262115 -134.542526
585.262125 -134.912308
585.262135 -135.185715
585.262144 -135.344513
585.262154 -135.227051
585.262163 -134.901199
585.262173 -134.382065
585.262183 -133.694839
585.262192 -132.900146
585.262202 -132.076599
585.262212 -131.300308
585.262221 -130.629730
585.262231 -130.103775
585.262240 -129.742599
585.262250 -129.552902
585.262260 -129.511383
585.262269 -129.529083
585.262279 -129.655579
585.262288 -129.905319
585.262298 -130.241028
585.262308 -130.613358
585.262317 -130.966537
585.262327 -131.245499
585.262337 -131.411789
585.262346 -131.389984
585.262356 -131.258698
585.262365 -131.104004
585.262375 -130.962448
585.262385 -130.858459
585.262394 -130.800034
585.262404 -130.780243
585.262413 -130.775757
585.262423 -130.745773
585.262433 -130.648392
585.262442 -130.445145
585.262452 -130.107422
585.262462 -129.629639
585.262471 -129.031174
585.262481 -128.343475
585.262490 -127.621925
585.262500 -126.916916
585.262510 -126.272751
585.262519 -125.726875
585.262529 -125.308243
585.262538 -125.038727
585.262548 -124.932411
585.262558 -124.931076
585.262567 -124.996895
585.262577 -125.231018
585.262587 -125.625130
585.262596 -126.158020
585.262606 -126.795670
585.262615 -127.490921
585.262625 -128.189667
585.262635 -128.843826
585.262644 -129.430313
585.262654 -129.963150
585.262663 -130.492142
585.262673 -131.071167
585.262683 -131.782333
585.262692 -132.698669
585.262702 -133.835648
585.262712 -135.054459
585.262721 -135.530197
585.262731 -134.086075
585.262740 -132.279495
585.262750 -130.626846
585.262760 -129.294800
585.262769 -128.304230
585.262779 -127.635071
585.262788 -127.258438
585.262798 -127.145668
585.262808 -127.145912
585.262817 -127.269958
585.262827 -127.602264
585.262837 -128.112106
585.262846 -128.763336
585.262856 -129.508026
585.262865 -130.280472
585.262875 -130.988739
585.262885 -131.520370
585.262894 -131.693253
585.262904 -131.330566
585.262913 -130.783356
585.262923 -130.158127
585.262933 -129.535141
585.262942 -128.962601
585.262952 -128.464584
585.262962 -128.049408
585.262971 -127.716316
585.262981 -127.459030
585.262990 -127.268517
585.263000 -127.134186
585.263010 -127.044952
585.263019 -126.989021
585.263029 -126.948631
585.263038 -126.912949
585.263048 -126.869080
585.263058 -126.802956
585.263067 -126.703896
585.263077 -126.568329
585.263087 -126.402924
585.263096 -126.224899
585.263106 -126.058884
585.263115 -125.931831
585.263125 -125.868736
585.263135 -125.866135
585.263144 -125.888863
585.263154 -125.999817
585.263163 -126.216881
585.263173 -126.543320
585.263183 -126.978783
585.263192 -127.521614
585.263202 -128.170349
585.263212 -128.926331
585.263221 -129.794739
585.263231 -130.788116
585.263240 -131.926575
585.263250 -133.239441
585.263260 -134.756943
585.263269 -136.479004
585.263279 -138.263000
585.263288 -139.581726
585.263298 -138.422501
585.263308 -136.833786
585.263317 -135.415298
585.263327 -134.338181
585.263337 -133.623886
585.263346 -133.253616
585.263356 -133.173096
585.263365 -133.187729
585.263375 -133.401489
585.263385 -133.809235
585.263394 -134.326065
585.263404 -134.842819
585.263413 -135.275543
585.263423 -135.621643
585.263433 -135.980881
585.263442 -136.519073
585.263452 -137.431580
585.263462 -138.954956
585.263471 -141.448212
585.263481 -145.515228
585.263490 -145.081558
585.263500 -140.449509
585.263510 -137.388763
585.263519 -135.297165
585.263529 -133.831360
585.263538 -132.796661
585.263548 -132.063904
585.263558 -131.534988
585.263567 -131.128464
585.263577 -130.777924
585.263587 -130.433151
585.263596 -130.064087
585.263606 -129.657684
585.263615 -129.214691
585.263625 -128.735626
585.263635 -128.233566
585.263644 -127.730537
585.263654 -127.244019
585.263663 -126.795563
585.263673 -126.408989
585.263683 -126.109886
585.263692 -125.923462
585.263702 -125.871590
585.263712 -125.874268
585.263721 -125.985954
585.263731 -126.273178
585.263740 -126.768532
585.263750 -127.503189
585.263760 -128.515076
585.263769 -129.849228
585.263779 -131.540268
585.263788 -133.508743
585.263798 -135.179535
585.263808 -133.342056
585.263817 -130.984680
585.263827 -128.843292
585.263837 -127.041840
585.263846 -125.552505
585.263856 -124.330963
585.263865 -123.342300
585.263875 -122.563110
585.263885 -121.979141
585.263894 -121.583252
585.263904 -121.373772
585.263913 -121.338821
585.263923 -121.353828
585.263933 -121.528175
585.263942 -121.910439
585.263952 -122.518730
585.263962 -123.378510
585.263971 -124.526451
585.263981 -126.012589
585.263990 -127.897362
585.264000 -130.204147
585.264010 -132.664627
585.264019 -133.037506
585.264029 -130.960846
585.264038 -129.035400
585.264048 -127.523117
585.264058 -126.397804
585.264067 -125.590790
585.264077 -125.053749
585.264087 -124.757248
585.264096 -124.672585
585.264106 -124.667824
585.264115 -124.778145
585.264125 -125.048592
585.264135 -125.455276
585.264144 -125.958923
585.264154 -126.506783
585.264163 -127.037796
585.264173 -127.496880
585.264183 -127.857918
585.264192 -128.137390
585.264202 -128.388580
585.264212 -128.679367
585.264221 -129.072266
585.264231 -129.614304
585.264240 -130.335678
585.264250 -131.250839
585.264260 -132.358444
585.264269 -133.636566
585.264279 -135.025284
585.264288 -136.386429
585.264298 -137.447372
585.264308 -137.397995
585.264317 -136.354111
585.264327 -135.095474
585.264337 -133.888916
585.264346 -132.863785
585.264356 -132.075745
585.264365 -131.547684
585.264375 -131.292603
585.264385 -131.264404
585.264394 -131.322540
585.264404 -131.655701
585.264413 -132.321426
585.264423 -133.372803
585.264433 -134.904327
585.264442 -137.102600
585.264452 -140.379227
585.264462 -146.039566
585.264471 -147.266541
585.264481 -141.076874
585.264490 -137.560577
585.264500 -135.089569
585.264510 -133.160812
585.264519 -131.560806
585.264529 -130.194382
585.264538 -129.024048
585.264548 -128.041275
585.264558 -127.249443
585.264567 -126.655518
585.264577 -126.265373
585.264587 -126.083298
585.264596 -126.069283
585.264606 -126.111023
585.264615 -126.351578
585.264625 -126.810081
585.264635 -127.490273
585.264644 -128.400436
585.264654 -129.561844
585.264663 -131.011292
585.264673 -132.821259
585.264683 -135.141510
585.264692 -138.323059
585.264702 -143.401764
585.264712 -146.391602
585.264721 -139.386353
585.264731 -135.363083
585.264740 -132.521118
585.264750 -130.345337
585.264760 -128.624893
585.264769 -127.256927
585.264779 -126.181679
585.264788 -125.363655
585.264798 -124.786674
585.264808 -124.437675
585.264817 -124.309891
585.264827 -124.304260
585.264837 -124.401360
585.264846 -124.713196
585.264856 -125.248413
585.264865 -126.009003
585.264875 -126.987022
585.264885 -128.148132
585.264894 -129.396271
585.264904 -130.531464
585.264913 -131.268539
585.264923 -131.142441
585.264933 -130.688583
585.264942 -130.308517
585.264952 -130.129257
585.264962 -130.107361
585.264971 -130.206177
585.264981 -130.559479
585.264990 -131.196564
585.265000 -132.118484
585.265010 -133.317764
585.265019 -134.759354
585.265029 -136.332260
585.265038 -137.752258
585.265048 -138.343781
585.265058 -137.408264
585.265067 -136.174789
585.265077 -134.911606
585.265087 -133.708466
585.265096 -132.578232
585.265106 -131.512589
585.265115 -130.527100
585.265125 -129.628220
585.265135 -128.828018
585.265144 -128.138733
585.265154 -127.571014
585.265163 -127.128906
585.265173 -126.811203
585.265183 -126.618355
585.265192 -126.541367
585.265202 -126.533867
585.265212 -126.565109
585.265221 -126.669220
585.265231 -126.828857
585.265240 -127.018173
585.265250 -127.214508
585.265260 -127.404205
585.265269 -127.586357
585.265279 -127.774063
585.265288 -127.991592
585.265298 -128.270187
585.265308 -128.644043
585.265317 -129.148468
585.265327 -129.820343
585.265337 -130.699677
585.265346 -131.832870
585.265356 -133.274170
585.265365 -135.080551
585.265375 -137.264908
585.265385 -139.585815
585.265394 -140.448715
585.265404 -138.670929
585.265413 -136.844162
585.265423 -135.250336
585.265433 -133.858887
585.265442 -132.608383
585.265452 -131.430496
585.265462 -130.303574
585.265471 -129.244263
585.265481 -128.288269
585.265490 -127.473213
585.265500 -126.829979
585.265510 -126.380356
585.265519 -126.139008
585.265529 -126.092705
585.265538 -126.115601
585.265548 -126.317108
585.265558 -126.748421
585.265567 -127.414345
585.265577 -128.318832
585.265587 -129.464844
585.265596 -130.851898
585.265606 -132.473022
585.265615 -134.307327
585.265625 -136.310211
585.265635 -138.391632
585.265644 -140.356247
585.265654 -141.874771
585.265663 -142.049805
585.265673 -140.720444
585.265683 -139.018906
585.265692 -137.249115
585.265702 -135.567108
585.265712 -134.017868
585.265721 -132.599167
585.265731 -131.301514
585.265740 -130.118713
585.265750 -129.051315
585.265760 -128.104675
585.265769 -127.287163
585.265779 -126.606613
585.265788 -126.069397
585.265798 -125.675819
585.265808 -125.423019
585.265817 -125.315636
585.265827 -125.307281
585.265837 -125.349419
585.265846 -125.518463
585.265856 -125.815590
585.265865 -126.233521
585.265875 -126.763519
585.265885 -127.395119
585.265894 -128.112549
585.265904 -128.891541
585.265913 -129.693924
585.265923 -130.465012
585.265933 -131.133591
585.265942 -131.623917
585.265952 -131.838669
585.265962 -131.518112
585.265971 -130.938675
585.265981 -130.170670
585.265990 -129.284576
585.266000 -128.351486
585.266010 -127.432610
585.266019 -126.574463
585.266029 -125.808472
585.266038 -125.153313
585.266048 -124.618141
585.266058 -124.205544
585.266067 -123.913757
585.266077 -123.738716
585.266087 -123.674965
585.266096 -123.674507
585.266106 -123.717552
585.266115 -123.861496
585.266125 -124.103157
585.266135 -124.439400
585.266144 -124.866737
585.266154 -125.367218
585.266163 -125.941101
585.266173 -126.570763
585.266183 -127.228172
585.266192 -127.875290
585.266202 -128.468582
585.266212 -128.971695
585.266221 -129.369019
585.266231 -129.674850
585.266240 -129.927155
585.266250 -130.174789
585.266260 -130.462387
585.266269 -130.823395
585.266279 -131.275742
585.266288 -131.822998
585.266298 -132.452515
585.266308 -133.134567
585.266317 -133.806091
585.266327 -134.416672
585.266337 -134.904007
585.266346 -135.226654
585.266356 -135.382828
585.266365 -135.291672
585.266375 -135.114090
585.266385 -134.833710
585.266394 -134.395813
585.266404 -133.752747
585.266413 -132.910904
585.266423 -131.938843
585.266433 -130.937302
585.266442 -129.999039
585.266452 -129.191879
585.266462 -128.559189
585.266471 -128.127380
585.266481 -127.913177
585.266490 -127.888924
585.266500 -127.929260
585.266510 -128.182159
585.266519 -128.686035
585.266529 -129.467514
585.266538 -130.558456
585.266548 -132.009033
585.266558 -133.903030
585.266567 -136.378830
585.266577 -139.630432
585.266587 -143.418137
585.266596 -141.132324
585.266606 -138.006485
585.266615 -135.645370
585.266625 -133.851563
585.266635 -132.451035
585.266644 -131.328583
585.266654 -130.404968
585.266663 -129.606415
585.266673 -128.900650
585.266683 -128.255524
585.266692 -127.651054
585.266702 -127.082565
585.266712 -126.558258
585.266721 -126.095001
585.266731 -125.713264
585.266740 -125.433479
585.266750 -125.273575
585.266760 -125.241096
585.266769 -125.249054
585.266779 -125.373062
585.266788 -125.657082
585.266798 -126.111900
585.266808 -126.748360
585.266817 -127.577049
585.266827 -128.607437
585.266837 -129.844177
585.266846 -131.278748
585.266856 -132.866058
585.266865 -134.479279
585.266875 -135.847351
585.266885 -136.593521
585.266894 -136.066620
585.266904 -135.363892
585.266913 -134.731384
585.266923 -134.282791
585.266933 -134.068909
585.266942 -134.047455
585.266952 -134.119080
585.266962 -134.457916
585.266971 -135.086807
585.266981 -136.045761
585.266990 -137.332092
585.267000 -138.809540
585.267010 -139.796692
585.267019 -138.228256
585.267029 -136.135971
585.267038 -134.123505
585.267048 -132.351349
585.267058 -130.819382
585.267067 -129.492676
585.267077 -128.336578
585.267087 -127.323502
585.267096 -126.433708
585.267106 -125.653107
585.267115 -124.972435
585.267125 -124.385246
585.267135 -123.887718
585.267144 -123.477554
585.267154 -123.154282
585.267163 -122.918228
585.267173 -122.770874
585.267183 -122.713882
585.267192 -122.713211
585.267202 -122.749199
585.267212 -122.877663
585.267221 -123.099571
585.267231 -123.414063
585.267240 -123.820030
585.267250 -124.316940
585.267260 -124.906906
585.267269 -125.596375
585.267279 -126.398865
585.267288 -127.335876
585.267298 -128.437973
585.267308 -129.743469
585.267317 -131.297272
585.267327 -133.145340
585.267337 -135.320084
585.267346 -137.806442
585.267356 -140.499176
585.267365 -143.028168
585.267375 -144.449097
585.267385 -142.551956
585.267394 -139.837601
585.267404 -137.108215
585.267413 -134.705978
585.267423 -132.717468
585.267433 -131.136627
585.267442 -129.933502
585.267452 -129.074539
585.267462 -128.530167
585.267471 -128.274490
585.267481 -128.246429
585.267490 -128.286011
585.267500 -128.545013
585.267510 -129.033691
585.267519 -129.734360
585.267529 -130.629257
585.267538 -131.697357
585.267548 -132.911972
585.267558 -134.230255
585.267567 -135.578278
585.267577 -136.824356
585.267587 -137.771332
585.267596 -138.129822
585.267606 -137.635895
585.267615 -136.956024
585.267625 -136.258026
585.267635 -135.637970
585.267644 -135.145859
585.267654 -134.806030
585.267663 -134.633667
585.267673 -134.602005
585.267683 -134.637543
585.267692 -134.824188
585.267702 -135.194382
585.267712 -135.743195
585.267721 -136.453094
585.267731 -137.289856
585.267740 -138.192154
585.267750 -139.066071
585.267760 -139.781265
585.267769 -140.156555
585.267779 -139.636093
585.267788 -138.686600
585.267798 -137.451584
585.267808 -136.086014
585.267817 -134.713852
585.267827 -133.415558
585.267837 -132.239517
585.267846 -131.211990
585.267856 -130.348160
585.267865 -129.656219
585.267875 -129.140564
585.267885 -128.801147
585.267894 -128.632645
585.267904 -128.600006
585.267913 -128.620819
585.267923 -128.738388
585.267933 -128.940979
585.267942 -129.169525
585.267952 -129.361954
585.267962 -129.478775
585.267971 -129.524246
585.267981 -129.559128
585.267990 -129.659332
585.268000 -129.908539
585.268010 -130.341476
585.268019 -130.981934
585.268029 -131.770584
585.268038 -132.464157
585.268048 -131.922546
585.268058 -130.582886
585.268067 -129.053406
585.268077 -127.622940
585.268087 -126.399063
585.268096 -125.401039
585.268106 -124.616692
585.268115 -124.025124
585.268125 -123.605316
585.268135 -123.338997
585.268144 -123.211563
585.268154 -123.192802
585.268163 -123.212769
585.268173 -123.336929
585.268183 -123.583351
585.268192 -123.957336
585.268202 -124.471153
585.268212 -125.145622
585.268221 -126.013031
585.268231 -127.121658
585.268240 -128.543121
585.268250 -130.380478
585.268260 -132.751419
585.268269 -135.543381
585.268279 -135.321838
585.268288 -132.290924
585.268298 -129.697403
585.268308 -127.670898
585.268317 -126.103363
585.268327 -124.893921
585.268337 -123.982826
585.268346 -123.330925
585.268356 -122.908279
585.268365 -122.694984
585.268375 -122.657814
585.268385 -122.677528
585.268394 -122.847351
585.268404 -123.199043
585.268413 -123.730713
585.268423 -124.442856
585.268433 -125.338455
585.268442 -126.421494
585.268452 -127.695717
585.268462 -129.160690
585.268471 -130.805481
585.268481 -132.595886
585.268490 -134.453064
585.268500 -136.216476
585.268510 -137.603745
585.268519 -137.880280
585.268529 -136.704407
585.268538 -135.127426
585.268548 -133.497147
585.268558 -132.005676
585.268567 -130.739014
585.268577 -129.729340
585.268587 -128.983032
585.268596 -128.493988
585.268606 -128.247299
585.268615 -128.195038
585.268625 -128.218750
585.268635 -128.368484
585.268644 -128.632507
585.268654 -128.916214
585.268663 -129.082275
585.268673 -128.822281
585.268683 -128.372330
585.268692 -127.834175
585.268702 -127.307076
585.268712 -126.859634
585.268721 -126.529961
585.268731 -126.326447
585.268740 -126.244827
585.268750 -126.239349
585.268760 -126.286667
585.268769 -126.434044
585.268779 -126.664291
585.268788 -126.952736
585.268798 -127.275810
585.268808 -127.615486
585.268817 -127.961967
585.268827 -128.314468
585.268837 -128.678070
585.268846 -129.058182
585.268856 -129.454102
585.268865 -129.853333
585.268875 -130.229187
585.268885 -130.542114
585.268894 -130.745453
585.268904 -130.752304
585.268913 -130.576736
585.268923 -130.350586
585.268933 -130.141342
585.268942 -130.016266
585.268952 -129.998337
585.268962 -130.036713
585.268971 -130.261139
585.268981 -130.749252
585.268990 -131.558121
585.269000 -132.793182
585.269010 -134.583710
585.269019 -137.059784
585.269029 -139.871506
585.269038 -137.552582
585.269048 -134.507004
585.269058 -132.139771
585.269067 -130.373123
585.269077 -129.066757
585.269087 -128.109802
585.269096 -127.436150
585.269106 -126.996407
585.269115 -126.748726
585.269125 -126.660927
585.269135 -126.653717
585.269144 -126.708954
585.269154 -126.878502
585.269163 -127.166801
585.269173 -127.585052
585.269183 -128.158249
585.269192 -128.906891
585.269202 -129.878296
585.269212 -131.107330
585.269221 -132.545074
585.269231 -133.876724
585.269240 -133.261780
585.269250 -131.351425
585.269260 -129.361923
585.269269 -127.601067
585.269279 -126.122177
585.269288 -124.907455
585.269298 -123.927742
585.269308 -123.158722
585.269317 -122.583107
585.269327 -122.190598
585.269337 -121.976173
585.269346 -121.928185
585.269356 -121.939240
585.269365 -122.082390
585.269375 -122.410675
585.269385 -122.931656
585.269394 -123.655937
585.269404 -124.597130
585.269413 -125.772758
585.269423 -127.202660
585.269433 -128.900665
585.269442 -130.838379
585.269452 -132.826691
585.269462 -134.275848
585.269471 -133.234131
585.269481 -131.676956
585.269490 -130.206375
585.269500 -128.965469
585.269510 -127.961380
585.269519 -127.185196
585.269529 -126.617981
585.269538 -126.238914
585.269548 -126.021950
585.269558 -125.948212
585.269567 -125.947830
585.269577 -125.994370
585.269587 -126.126808
585.269596 -126.302231
585.269606 -126.470177
585.269615 -126.581940
585.269625 -126.540230
585.269635 -126.415581
585.269644 -126.283463
585.269654 -126.201096
585.269663 -126.185448
585.269673 -126.220482
585.269683 -126.384331
585.269692 -126.727333
585.269702 -127.280167
585.269712 -128.074402
585.269721 -129.148834
585.269731 -130.559280
585.269740 -132.395966
585.269750 -134.806320
585.269760 -138.105576
585.269769 -142.993454
585.269779 -145.545181
585.269788 -140.747940
585.269798 -137.813049
585.269808 -135.878647
585.269817 -134.523590
585.269827 -133.526749
585.269837 -132.752151
585.269846 -132.110214
585.269856 -131.546585
585.269865 -131.039078
585.269875 -130.594025
585.269885 -130.237488
585.269894 -130.007187
585.269904 -129.941833
585.269913 -129.945206
585.269923 -130.097382
585.269933 -130.516113
585.269942 -131.265839
585.269952 -132.463989
585.269962 -134.313278
585.269971 -137.261871
585.269981 -142.649216
585.269990 -142.570404
585.270000 -136.395599
585.270010 -132.827789
585.270019 -130.416122
585.270029 -128.699860
585.270038 -127.476509
585.270048 -126.641022
585.270058 -126.141586
585.270067 -125.946922
585.270077 -125.938431
585.270087 -126.040459
585.270096 -126.412933
585.270106 -127.058708
585.270115 -127.967583
585.270125 -129.109665
585.270135 -130.403000
585.270144 -131.664932
585.270154 -132.596954
585.270163 -132.742767
585.270173 -132.271317
585.270183 -131.776520
585.270192 -131.366226
585.270202 -131.029251
585.270212 -130.767761
585.270221 -130.536667
585.270231 -130.311813
585.270240 -130.102585
585.270250 -129.948425
585.270260 -129.887833
585.270269 -129.901352
585.270279 -130.012024
585.270288 -130.319672
585.270298 -130.852753
585.270308 -131.630051
585.270317 -132.665314
585.270327 -133.972794
585.270337 -135.578568
585.270346 -137.536087
585.270356 -139.903473
585.270365 -142.598450
585.270375 -143.492706
585.270385 -140.390884
585.270394 -137.434433
585.270404 -134.994949
585.270413 -133.003525
585.270423 -131.383011
585.270433 -130.054749
585.270442 -128.963272
585.270452 -128.068405
585.270462 -127.341911
585.270471 -126.763420
585.270481 -126.319794
585.270490 -126.002266
585.270500 -125.805901
585.270510 -125.724144
585.270519 -125.720268
585.270529 -125.755959
585.270538 -125.905273
585.270548 -126.174538
585.270558 -126.568581
585.270567 -127.096878
585.270577 -127.773972
585.270587 -128.622192
585.270596 -129.671753
585.270606 -130.964050
585.270615 -132.552124
585.270625 -134.501556
585.270635 -136.875580
585.270644 -139.655945
585.270654 -142.412109
585.270663 -143.407455
585.270673 -142.371933
585.270683 -141.468796
585.270692 -140.733627
585.270702 -139.886734
585.270712 -138.680069
585.270721 -137.171921
585.270731 -135.621872
585.270740 -134.251556
585.270750 -133.174576
585.270760 -132.425125
585.270769 -131.959671
585.270779 -131.726715
585.270788 -131.597046
585.270798 -131.350220
585.270808 -130.754745
585.270817 -129.736557
585.270827 -128.442383
585.270837 -127.096519
585.270846 -125.864166
585.270856 -124.831688
585.270865 -124.034294
585.270875 -123.482529
585.270885 -123.176384
585.270894 -123.105804
585.270904 -123.112312
585.270913 -123.285194
585.270923 -123.687668
585.270933 -124.307961
585.270942 -125.124367
585.270952 -126.094276
585.270962 -127.139618
585.270971 -128.133209
585.270981 -128.914322
585.270990 -129.356766
585.271000 -129.312607
585.271010 -129.070740
585.271019 -128.827560
585.271029 -128.618042
585.271038 -128.463791
585.271048 -128.357300
585.271058 -128.268005
585.271067 -128.157913
585.271077 -127.988403
585.271087 -127.729576
585.271096 -127.367142
585.271106 -126.906937
585.271115 -126.371323
585.271125 -125.793495
585.271135 -125.209427
585.271144 -124.653809
585.271154 -124.156197
585.271163 -123.735123
585.271173 -123.418221
585.271183 -123.220818
585.271192 -123.153923
585.271202 -123.150108
585.271212 -123.225571
585.271221 -123.439568
585.271231 -123.797333
585.271240 -124.297195
585.271250 -124.935501
585.271260 -125.706635
585.271269 -126.605515
585.271279 -127.629669
585.271288 -128.784256
585.271298 -130.086792
585.271308 -131.574936
585.271317 -133.311462
585.271327 -135.388229
585.271337 -137.895676
585.271346 -140.699905
585.271356 -141.586395
585.271365 -139.308228
585.271375 -137.307861
585.271385 -135.876251
585.271394 -134.979889
585.271404 -134.569534
585.271413 -134.519852
585.271423 -134.622528
585.271433 -135.144257
585.271442 -136.159042
585.271452 -137.676682
585.271462 -139.537567
585.271471 -140.579254
585.271481 -138.810745
585.271490 -136.956467
585.271500 -135.526123
585.271510 -134.582886
585.271519 -134.093048
585.271529 -133.996841
585.271538 -134.021347
585.271548 -134.348541
585.271558 -135.075684
585.271567 -136.229156
585.271577 -137.872101
585.271587 -140.126022
585.271596 -143.209366
585.271606 -147.346863
585.271615 -148.212906
585.271625 -144.690186
585.271635 -142.107956
585.271644 -140.198792
585.271654 -138.687820
585.271663 -137.411133
585.271673 -136.261246
585.271683 -135.162994
585.271692 -134.074753
585.271702 -132.971100
585.271712 -131.847534
585.271721 -130.717651
585.271731 -129.609268
585.271740 -128.555466
585.271750 -127.588463
585.271760 -126.734581
585.271769 -126.009567
585.271779 -125.426674
585.271788 -124.996895
585.271798 -124.722626
585.271808 -124.602699
585.271817 -124.592690
585.271827 -124.632401
585.271837 -124.803650
585.271846 -125.104553
585.271856 -125.520050
585.271865 -126.030983
585.271875 -126.615234
585.271885 -127.247871
585.271894 -127.903587
585.271904 -128.557220
585.271913 -129.185684
585.271923 -129.766571
585.271933 -130.277939
585.271942 -130.695511
585.271952 -130.994186
585.271962 -131.150620
585.271971 -130.996521
585.271981 -130.706818
585.271990 -130.316376
585.272000 -129.867661
585.272010 -129.402267
585.272019 -128.957092
585.272029 -128.561569
585.272038 -128.239761
585.272048 -128.010712
585.272058 -127.892036
585.272067 -127.873985
585.272077 -127.901199
585.272087 -128.057999
585.272096 -128.385483
585.272106 -128.913940
585.272115 -129.683228
585.272125 -130.748276
585.272135 -132.182175
585.272144 -134.125549
585.272154 -136.785217
585.272163 -140.346771
585.272173 -141.146851
585.272183 -137.513535
585.272192 -134.743469
585.272202 -132.737381
585.272212 -131.274536
585.272221 -130.214325
585.272231 -129.465347
585.272240 -128.979904
585.272250 -128.722672
585.272260 -128.662567
585.272269 -128.668945
585.272279 -128.800446
585.272288 -129.101715
585.272298 -129.557816
585.272308 -130.151520
585.272317 -130.859848
585.272327 -131.650238
585.272337 -132.475693
585.272346 -133.270477
585.272356 -133.948425
585.272365 -134.408005
585.272375 -134.299301
585.272385 -133.650696
585.272394 -132.668381
585.272404 -131.469971
585.272413 -130.182281
585.272423 -128.910950
585.272433 -127.730957
585.272442 -126.691330
585.272452 -125.822456
585.272462 -125.143906
585.272471 -124.668907
585.272481 -124.404099
585.272490 -124.349594
585.272500 -124.360909
585.272510 -124.552910
585.272519 -124.991417
585.272529 -125.687538
585.272538 -126.645645
585.272548 -127.847557
585.272558 -129.213211
585.272567 -130.531052
585.272577 -131.428680
585.272587 -131.163925
585.272596 -130.495789
585.272606 -129.887070
585.272615 -129.457062
585.272625 -129.222305
585.272635 -129.129578
585.272644 -129.121887
585.272654 -129.143677
585.272663 -129.203445
585.272673 -129.256088
585.272683 -129.257538
585.272692 -129.236954
585.272702 -129.235687
585.272712 -129.246368
585.272721 -129.312378
585.272731 -129.478546
585.272740 -129.763016
585.272750 -130.174759
585.272760 -130.714783
585.272769 -131.379654
585.272779 -132.163849
585.272788 -133.066025
585.272798 -134.094406
585.272808 -135.275085
585.272817 -136.653336
585.272827 -138.286575
585.272837 -140.189804
585.272846 -142.135284
585.272856 -142.512665
585.272865 -140.679764
585.272875 -138.802505
585.272885 -137.242462
585.272894 -136.023224
585.272904 -135.089752
585.272913 -134.373001
585.272923 -133.815384
585.272933 -133.388016
585.272942 -133.066330
585.272952 -132.839737
585.272962 -132.693680
585.272971 -132.632492
585.272981 -132.622986
585.272990 -132.639816
585.273000 -132.688416
585.273010 -132.638397
585.273019 -132.360779
585.273029 -131.861725
585.273038 -131.180817
585.273048 -130.401550
585.273058 -129.609848
585.273067 -128.869644
585.273077 -128.218445
585.273087 -127.673454
585.273096 -127.238480
585.273106 -126.909294
585.273115 -126.676552
585.273125 -126.527870
585.273135 -126.444199
585.273144 -126.406517
585.273154 -126.399200
585.273163 -126.405746
585.273173 -126.428398
585.273183 -126.466888
585.273192 -126.523270
585.273202 -126.610657
585.273212 -126.753197
585.273221 -126.982712
585.273231 -127.335739
585.273240 -127.849930
585.273250 -128.546280
585.273260 -129.467514
585.273269 -130.631775
585.273279 -132.015366
585.273288 -133.480469
585.273298 -134.647095
585.273308 -134.243256
585.273317 -132.989716
585.273327 -131.666290
585.273337 -130.482361
585.273346 -129.488190
585.273356 -128.678467
585.273365 -128.033875
585.273375 -127.537056
585.273385 -127.176010
585.273394 -126.946175
585.273404 -126.848839
585.273413 -126.845139
585.273423 -126.891640
585.273433 -127.087181
585.273442 -127.454109
585.273452 -128.017532
585.273462 -128.812515
585.273471 -129.887802
585.273481 -131.315155
585.273490 -133.200775
585.273500 -135.694687
585.273510 -138.875854
585.273519 -140.738831
585.273529 -137.724915
585.273538 -135.154175
585.273548 -133.239655
585.273558 -131.813858
585.273567 -130.725525
585.273577 -129.860275
585.273587 -129.128067
585.273596 -128.459518
585.273606 -127.805412
585.273615 -127.139862
585.273625 -126.459290
585.273635 -125.777878
585.273644 -125.119682
585.273654 -124.512138
585.273663 -123.981247
585.273673 -123.549789
585.273683 -123.237015
585.273692 -123.059387
585.273702 -123.023285
585.273712 -123.031601
585.273721 -123.167793
585.273731 -123.482269
585.273740 -123.991989
585.273750 -124.717979
585.273760 -125.689018
585.273769 -126.946053
585.273779 -128.551163
585.273788 -130.602554
585.273798 -133.258316
585.273808 -136.735580
585.273817 -140.774460
585.273827 -138.732437
585.273837 -136.000214
585.273846 -134.120865
585.273856 -132.886353
585.273865 -132.127762
585.273875 -131.733368
585.273885 -131.646606
585.273894 -131.657837
585.273904 -131.872910
585.273913 -132.372787
585.273923 -133.177658
585.273933 -134.339752
585.273942 -135.958969
585.273952 -138.193069
585.273962 -141.341171
585.273971 -145.068802
585.273981 -140.912308
585.273990 -137.431595
585.274000 -134.879700
585.274010 -132.969070
585.274019 -131.509735
585.274029 -130.382797
585.274038 -129.518143
585.274048 -128.862686
585.274058 -128.378983
585.274067 -128.039398
585.274077 -127.824348
585.274087 -127.721451
585.274096 -127.710014
585.274106 -127.725899
585.274115 -127.837975
585.274125 -128.063889
585.274135 -128.414932
585.274144 -128.907745
585.274154 -129.562698
585.274163 -130.404694
585.274173 -131.467407
585.274183 -132.789764
585.274192 -134.409378
585.274202 -136.330948
585.274212 -138.390686
585.274221 -139.898880
585.274231 -138.483643
585.274240 -136.727173
585.274250 -135.153168
585.274260 -133.860901
585.274269 -132.808121
585.274279 -131.965805
585.274288 -131.287811
585.274298 -130.733612
585.274308 -130.271362
585.274317 -129.877762
585.274327 -129.536911
585.274337 -129.239532
585.274346 -128.980621
585.274356 -128.757462
585.274365 -128.567657
585.274375 -128.407974
585.274385 -128.273911
585.274394 -128.159546
585.274404 -128.058121
585.274413 -127.962822
585.274423 -127.867004
585.274433 -127.764755
585.274442 -127.651161
585.274452 -127.522598
585.274462 -127.377014
585.274471 -127.214073
585.274481 -127.035469
585.274490 -126.844666
585.274500 -126.647392
585.274510 -126.451141
585.274519 -126.265915
585.274529 -126.103996
585.274538 -125.980545
585.274548 -125.913162
585.274558 -125.901024
585.274567 -125.922432
585.274577 -126.030457
585.274587 -126.261009
585.274596 -126.627136
585.274606 -127.150635
585.274615 -127.845512
585.274625 -128.694580
585.274635 -129.619522
585.274644 -130.432205
585.274654 -130.605911
585.274663 -129.843948
585.274673 -128.858124
585.274683 -127.911034
585.274692 -127.141380
585.274702 -126.605560
585.274712 -126.321815
585.274721 -126.265923
585.274731 -126.294365
585.274740 -126.523331
585.274750 -127.009499
585.274760 -127.757011
585.274769 -128.775543
585.274779 -130.082077
585.274788 -131.705811
585.274798 -133.681778
585.274808 -135.998032
585.274817 -138.523361
585.274827 -140.001617
585.274837 -137.945465
585.274846 -135.716415
585.274856 -133.819580
585.274865 -132.291107
585.274875 -131.112656
585.274885 -130.246506
585.274894 -129.662445
585.274904 -129.339905
585.274913 -129.255112
585.274923 -129.257797
585.274933 -129.408203
585.274942 -129.781342
585.274952 -130.362564
585.274962 -131.127762
585.274971 -132.034012
585.274981 -133.006821
585.274990 -133.932877
585.275000 -134.677689
585.275010 -135.147659
585.275019 -135.345367
585.275029 -135.393829
585.275038 -135.434830
585.275048 -135.557526
585.275058 -135.817352
585.275067 -136.256622
585.275077 -136.875351
585.275087 -137.625610
585.275096 -138.403595
585.275106 -139.056931
585.275115 -139.435242
585.275125 -139.288467
585.275135 -138.950150
585.275144 -138.538666
585.275154 -138.029099
585.275163 -137.413757
585.275173 -136.681320
585.275183 -135.853195
585.275192 -134.981094
585.275202 -134.102097
585.275212 -133.264481
585.275221 -132.490128
585.275231 -131.779678
585.275240 -131.126968
585.275250 -130.526581
585.275260 -129.976547
585.275269 -129.478790
585.275279 -129.035934
585.275288 -128.648880
585.275298 -128.315063
585.275308 -128.028366
585.275317 -127.780640
585.275327 -127.564156
585.275337 -127.374962
585.275346 -127.215157
585.275356 -127.094604
585.275365 -127.030388
585.275375 -127.024513
585.275385 -127.045975
585.275394 -127.168671
585.275404 -127.428802
585.275413 -127.859344
585.275423 -128.497635
585.275433 -129.388550
585.275442 -130.591629
585.275452 -132.194153
585.275462 -134.338898
585.275471 -137.279007
585.275481 -141.642441
585.275490 -149.314713
585.275500 -144.591919
585.275510 -141.075928
585.275519 -139.239716
585.275529 -138.330292
585.275538 -138.031097
585.275548 -138.011856
585.275558 -138.159683
585.275567 -138.583939
585.275577 -139.203186
585.275587 -139.976425
585.275596 -140.963959
585.275606 -142.351822
585.275615 -144.389511
585.275625 -145.870209
585.275635 -141.730698
585.275644 -137.900162
585.275654 -134.926880
585.275663 -132.648819
585.275673 -130.918304
585.275683 -129.642273
585.275692 -128.765594
585.275702 -128.259430
585.275712 -128.113083
585.275721 -128.115158
585.275731 -128.344116
585.275740 -128.979675
585.275750 -130.090500
585.275760 -131.805222
585.275769 -134.365616
585.275779 -138.175110
585.275788 -140.017853
585.275798 -135.666046
585.275808 -132.623550
585.275817 -130.525543
585.275827 -129.048599
585.275837 -128.011414
585.275846 -127.308868
585.275856 -126.876556
585.275865 -126.674843
585.275875 -126.652161
585.275885 -126.680794
585.275894 -126.881615
585.275904 -127.280640
585.275913 -127.891304
585.275923 -128.740036
585.275933 -129.871216
585.275942 -131.357819
585.275952 -133.322723
585.275962 -135.992950
585.275971 -139.840118
585.275981 -145.777573
585.275990 -142.412659
585.276000 -138.699127
585.276010 -136.436081
585.276019 -135.023376
585.276029 -134.187378
585.276038 -133.790802
585.276048 -133.725937
585.276058 -133.756882
585.276067 -134.037109
585.276077 -134.588058
585.276087 -135.350784
585.276096 -136.221359
585.276106 -137.026367
585.276115 -137.554672
585.276125 -137.508987
585.276135 -137.223236
585.276144 -137.007645
585.276154 -136.923859
585.276163 -136.933502
585.276173 -136.995804
585.276183 -136.827713
585.276192 -136.202744
585.276202 -135.187347
585.276212 -133.988846
585.276221 -132.822601
585.276231 -131.825439
585.276240 -131.066299
585.276250 -130.576431
585.276260 -130.364304
585.276269 -130.354492
585.276279 -130.449554
585.276288 -130.854340
585.276298 -131.604752
585.276308 -132.739182
585.276317 -134.308853
585.276327 -136.356339
585.276337 -138.790710
585.276346 -140.899109
585.276356 -139.599319
585.276365 -137.832565
585.276375 -136.420044
585.276385 -135.389648
585.276394 -134.619141
585.276404 -134.013443
585.276413 -133.466263
585.276423 -132.886276
585.276433 -132.224258
585.276442 -131.480331
585.276452 -130.691696
585.276462 -129.907822
585.276471 -129.172516
585.276481 -128.514481
585.276490 -127.947693
585.276500 -127.473434
585.276510 -127.079239
585.276519 -126.756294
585.276529 -126.487198
585.276538 -126.252174
585.276548 -126.033127
585.276558 -125.815712
585.276567 -125.591911
585.276577 -125.358154
585.276587 -125.125954
585.276596 -124.912453
585.276606 -124.740822
585.276615 -124.638252
585.276625 -124.619987
585.276635 -124.628609
585.276644 -124.739326
585.276654 -124.993248
585.276663 -125.400047
585.276673 -125.948685
585.276683 -126.590469
585.276692 -127.220444
585.276702 -127.675720
585.276712 -127.561546
585.276721 -127.077042
585.276731 -126.529526
585.276740 -126.065903
585.276750 -125.774284
585.276760 -125.696556
585.276769 -125.699463
585.276779 -125.869247
585.276788 -126.293930
585.276798 -126.987816
585.276808 -127.965721
585.276817 -129.243759
585.276827 -130.829483
585.276837 -132.686203
585.276846 -134.626450
585.276856 -136.129639
585.276865 -135.817169
585.276875 -134.712723
585.276885 -133.650452
585.276894 -132.752701
585.276904 -131.992477
585.276913 -131.353409
585.276923 -130.791504
585.276933 -130.283310
585.276942 -129.829788
585.276952 -129.450577
585.276962 -129.176437
585.276971 -129.040390
585.276981 -129.025360
585.276990 -129.074539
585.277000 -129.306702
585.277010 -129.762009
585.277019 -130.461502
585.277029 -131.419632
585.277038 -132.629654
585.277048 -134.025238
585.277058 -135.388565
585.277067 -136.201569
585.277077 -135.302094
585.277087 -134.058746
585.277096 -132.825043
585.277106 -131.734573
585.277115 -130.812592
585.277125 -130.048950
585.277135 -129.427368
585.277144 -128.936966
585.277154 -128.574371
585.277163 -128.343903
585.277173 -128.253357
585.277183 -128.252106
585.277192 -128.323532
585.277202 -128.562744
585.277212 -128.987457
585.277221 -129.606232
585.277231 -130.415161
585.277240 -131.381729
585.277250 -132.419571
585.277260 -133.360992
585.277269 -133.983154
585.277279 -133.919968
585.277288 -133.528717
585.277298 -133.175171
585.277308 -132.985367
585.277317 -132.966949
585.277327 -133.025940
585.277337 -133.335571
585.277346 -133.931030
585.277356 -134.877701
585.277365 -136.244476
585.277375 -138.131744
585.277385 -140.613922
585.277394 -143.257751
585.277404 -141.355896
585.277413 -138.613937
585.277423 -136.442795
585.277433 -134.832886
585.277442 -133.676544
585.277452 -132.891693
585.277462 -132.422928
585.277471 -132.235504
585.277481 -132.223801
585.277490 -132.307388
585.277500 -132.623703
585.277510 -133.167419
585.277519 -133.902893
585.277529 -134.735367
585.277538 -135.446136
585.277548 -135.121552
585.277558 -133.913177
585.277567 -132.414566
585.277577 -130.913223
585.277587 -129.543015
585.277596 -128.346329
585.277606 -127.322037
585.277615 -126.457367
585.277625 -125.751915
585.277635 -125.195587
585.277644 -124.782158
585.277654 -124.510590
585.277663 -124.384224
585.277673 -124.369858
585.277683 -124.411140
585.277692 -124.602036
585.277702 -124.970039
585.277712 -125.528961
585.277721 -126.292625
585.277731 -127.271858
585.277740 -128.471771
585.277750 -129.884659
585.277760 -131.479187
585.277769 -133.182114
585.277779 -134.861038
585.277788 -136.328491
585.277798 -137.399155
585.277808 -137.972839
585.277817 -137.739563
585.277827 -137.242615
585.277837 -136.729141
585.277846 -136.357925
585.277856 -136.244781
585.277865 -136.245804
585.277875 -136.445633
585.277885 -136.993896
585.277894 -137.777390
585.277904 -138.157883
585.277913 -136.865311
585.277923 -135.110870
585.277933 -133.456802
585.277942 -132.124756
585.277952 -131.162079
585.277962 -130.560776
585.277971 -130.303253
585.277981 -130.291199
585.277990 -130.374191
585.278000 -130.764191
585.278010 -131.466736
585.278019 -132.470978
585.278029 -133.730118
585.278038 -135.083603
585.278048 -136.113785
585.278058 -135.262756
585.278067 -133.774399
585.278077 -132.242325
585.278087 -130.871857
585.278096 -129.712799
585.278106 -128.761063
585.278115 -127.999557
585.278125 -127.409737
585.278135 -126.969170
585.278144 -126.670036
585.278154 -126.501198
585.278163 -126.451149
585.278173 -126.447823
585.278183 -126.509964
585.278192 -126.665138
585.278202 -126.904022
585.278212 -127.210709
585.278221 -127.565712
585.278231 -127.944214
585.278240 -128.317276
585.278250 -128.653259
585.278260 -128.925369
585.278269 -129.118179
585.278279 -129.231750
585.278288 -129.298111
585.278298 -129.361435
585.278308 -129.469864
585.278317 -129.670456
585.278327 -130.012192
585.278337 -130.523026
585.278346 -131.191605
585.278356 -131.919235
585.278365 -132.400940
585.278375 -131.586899
585.278385 -130.248703
585.278394 -128.766098
585.278404 -127.373772
585.278413 -126.161415
585.278423 -125.144196
585.278433 -124.308228
585.278442 -123.629303
585.278452 -123.078079
585.278462 -122.639435
585.278471 -122.294769
585.278481 -122.030449
585.278490 -121.838249
585.278500 -121.709801
585.278510 -121.647713
585.278519 -121.639915
585.278529 -121.656631
585.278538 -121.741005
585.278548 -121.904861
585.278558 -122.150734
585.278567 -122.477715
585.278577 -122.879982
585.278587 -123.343445
585.278596 -123.842758
585.278606 -124.337173
585.278615 -124.770004
585.278625 -125.067062
585.278635 -125.104897
585.278644 -124.828941
585.278654 -124.425751
585.278663 -123.967110
585.278673 -123.517761
585.278683 -123.127159
585.278692 -122.830353
585.278702 -122.651360
585.278712 -122.603912
585.278721 -122.604256
585.278731 -122.710861
585.278740 -122.972473
585.278750 -123.401291
585.278760 -123.997879
585.278769 -124.772842
585.278779 -125.733917
585.278788 -126.878464
585.278798 -128.190369
585.278808 -129.626694
585.278817 -131.100937
585.278827 -132.473770
585.278837 -133.589462
585.278846 -134.367264
585.278856 -134.867813
585.278865 -135.236526
585.278875 -135.600189
585.278885 -135.986053
585.278894 -136.352707
585.278904 -136.598846
585.278913 -136.263992
585.278923 -135.650314
585.278933 -134.887451
585.278942 -134.098633
585.278952 -133.351700
585.278962 -132.678955
585.278971 -132.098953
585.278981 -131.602798
585.278990 -131.177719
585.279000 -130.816269
585.279010 -130.518799
585.279019 -130.296783
585.279029 -130.170883
585.279038 -130.146988
585.279048 -130.170609
585.279058 -130.331497
585.279067 -130.696655
585.279077 -131.307358
585.279087 -132.235367
585.279096 -133.577820
585.279106 -135.456528
585.279115 -137.949539
585.279125 -140.253799
585.279135 -137.341034
585.279144 -134.401382
585.279154 -132.059326
585.279163 -130.232635
585.279173 -128.794601
585.279183 -127.649536
585.279192 -126.730438
585.279202 -125.990021
585.279212 -125.395737
585.279221 -124.925545
585.279231 -124.565491
585.279240 -124.306824
585.279250 -124.143967
585.279260 -124.072113
585.279269 -124.064301
585.279279 -124.077942
585.279288 -124.161224
585.279298 -124.311653
585.279308 -124.515465
585.279317 -124.755608
585.279327 -125.013412
585.279337 -125.269402
585.279346 -125.505867
585.279356 -125.708389
585.279365 -125.867455
585.279375 -125.978622
585.279385 -126.042259
585.279394 -126.042023
585.279404 -125.988914
585.279413 -125.908653
585.279423 -125.808701
585.279433 -125.699493
585.279442 -125.595566
585.279452 -125.516472
585.279462 -125.480629
585.279471 -125.486214
585.279481 -125.532471
585.279490 -125.684715
585.279500 -125.973602
585.279510 -126.430229
585.279519 -127.085403
585.279529 -127.967575
585.279538 -129.094238
585.279548 -130.446182
585.279558 -131.896027
585.279567 -133.082779
585.279577 -132.830444
585.279587 -131.676620
585.279596 -130.479828
585.279606 -129.462021
585.279615 -128.678162
585.279625 -128.115997
585.279635 -127.737801
585.279644 -127.491798
585.279654 -127.315483
585.279663 -127.138855
585.279673 -126.896263
585.279683 -126.544327
585.279692 -126.077019
585.279702 -125.525070
585.279712 -124.940620
585.279721 -124.378395
585.279731 -123.885109
585.279740 -123.487724
585.279750 -123.221283
585.279760 -123.110291
585.279769 -123.103615
585.279779 -123.174400
585.279788 -123.433609
585.279798 -123.910561
585.279808 -124.632866
585.279817 -125.633789
585.279827 -126.952003
585.279837 -128.618881
585.279846 -130.603256
585.279856 -132.607346
585.279865 -133.135254
585.279875 -131.536499
585.279885 -129.862747
585.279894 -128.432617
585.279904 -127.274879
585.279913 -126.352119
585.279923 -125.628319
585.279933 -125.082359
585.279942 -124.710060
585.279952 -124.520393
585.279962 -124.489403
585.279971 -124.533089
585.279981 -124.775368
585.279990 -125.282448
585.280000 -126.100365
585.280010 -127.293076
585.280019 -128.957214
585.280029 -131.256134
585.280038 -134.505310
585.280048 -139.426071
585.280058 -144.550110
585.280067 -139.626144
585.280077 -137.163940
585.280087 -136.023956
585.280096 -135.700058
585.280106 -135.684448
585.280115 -135.874008
585.280125 -136.085815
585.280135 -135.248978
585.280144 -133.817551
585.280154 -132.203445
585.280163 -130.678207
585.280173 -129.338562
585.280183 -128.200180
585.280192 -127.280441
585.280202 -126.572884
585.280212 -126.077942
585.280221 -125.803947
585.280231 -125.746994
585.280240 -125.768280
585.280250 -125.998016
585.280260 -126.533165
585.280269 -127.431297
585.280279 -128.776474
585.280288 -130.736572
585.280298 -133.573059
585.280308 -137.458313
585.280317 -135.956558
585.280327 -132.284622
585.280337 -129.657928
585.280346 -127.780441
585.280356 -126.419502
585.280365 -125.432686
585.280375 -124.727554
585.280385 -124.238602
585.280394 -123.915154
585.280404 -123.715408
585.280413 -123.603432
585.280423 -123.548325
585.280433 -123.524475
585.280442 -123.512543
585.280452 -123.500404
585.280462 -123.484039
585.280471 -123.466560
585.280481 -123.459953
585.280490 -123.461494
585.280500 -123.491829
585.280510 -123.583717
585.280519 -123.767395
585.280529 -124.070892
585.280538 -124.532188
585.280548 -125.187637
585.280558 -126.075035
585.280567 -127.230774
585.280577 -128.677460
585.280587 -130.376038
585.280596 -132.081924
585.280606 -132.847382
585.280615 -131.560135
585.280625 -130.046799
585.280635 -128.692825
585.280644 -127.586723
585.280654 -126.716171
585.280663 -126.046951
585.280673 -125.545280
585.280683 -125.183678
585.280692 -124.941437
585.280702 -124.803635
585.280712 -124.756447
585.280721 -124.756439
585.280731 -124.802132
585.280740 -124.940552
585.280750 -125.174927
585.280760 -125.511536
585.280769 -125.958366
585.280779 -126.525177
585.280788 -127.221367
585.280798 -128.056137
585.280808 -129.032944
585.280817 -130.158112
585.280827 -131.435562
585.280837 -132.864014
585.280846 -134.440628
585.280856 -136.142059
585.280865 -137.933960
585.280875 -139.695663
585.280885 -141.047470
585.280894 -140.368408
585.280904 -138.757462
585.280913 -137.121094
585.280923 -135.725769
585.280933 -134.648026
585.280942 -133.899124
585.280952 -133.469482
585.280962 -133.336288
585.280971 -133.337997
585.280981 -133.462128
585.280990 -133.747528
585.281000 -133.960358
585.281010 -133.370911
585.281019 -132.272751
585.281029 -130.920441
585.281038 -129.557281
585.281048 -128.319351
585.281058 -127.259850
585.281067 -126.390350
585.281077 -125.704514
585.281087 -125.190186
585.281096 -124.833656
585.281106 -124.621887
585.281115 -124.542747
585.281125 -124.541687
585.281135 -124.585510
585.281144 -124.739479
585.281154 -124.994263
585.281163 -125.338722
585.281173 -125.760139
585.281183 -126.242729
585.281192 -126.766472
585.281202 -127.298508
585.281212 -127.809708
585.281221 -128.259720
585.281231 -128.602417
585.281240 -128.794678
585.281250 -128.637100
585.281260 -128.310089
585.281269 -127.874329
585.281279 -127.385101
585.281288 -126.893425
585.281298 -126.438820
585.281308 -126.048485
585.281317 -125.738113
585.281327 -125.514366
585.281337 -125.376381
585.281346 -125.317993
585.281356 -125.313461
585.281365 -125.328377
585.281375 -125.393349
585.281385 -125.492630
585.281394 -125.612633
585.281404 -125.737541
585.281413 -125.853592
585.281423 -125.952080
585.281433 -126.030289
585.281442 -126.093102
585.281452 -126.152405
585.281462 -126.226410
585.281471 -126.337502
585.281481 -126.511269
585.281490 -126.774529
585.281500 -127.155655
585.281510 -127.683929
585.281519 -128.391129
585.281529 -129.312210
585.281538 -130.488007
585.281548 -131.965927
585.281558 -133.800262
585.281567 -136.038773
585.281577 -138.663040
585.281587 -141.376419
585.281596 -143.300934
585.281606 -143.660629
585.281615 -143.657181
585.281625 -143.888184
585.281635 -144.643402
585.281644 -144.970764
585.281654 -142.306473
585.281663 -139.272446
585.281673 -136.695480
585.281683 -134.645996
585.281692 -133.043182
585.281702 -131.799362
585.281712 -130.840500
585.281721 -130.102783
585.281731 -129.529541
585.281740 -129.068359
585.281750 -128.674469
585.281760 -128.314819
585.281769 -127.974167
585.281779 -127.656990
585.281788 -127.385216
585.281798 -127.191940
585.281808 -127.115280
585.281817 -127.110413
585.281827 -127.194931
585.281837 -127.470726
585.281846 -127.972115
585.281856 -128.753632
585.281865 -129.872803
585.281875 -131.378387
585.281885 -133.241562
585.281894 -135.050598
585.281904 -134.115082
585.281913 -131.953232
585.281923 -129.991074
585.281933 -128.429718
585.281942 -127.254684
585.281952 -126.418396
585.281962 -125.879387
585.281971 -125.606728
585.281981 -125.557068
585.281990 -125.579376
585.282000 -125.783852
585.282010 -126.213730
585.282019 -126.870605
585.282029 -127.767021
585.282038 -128.932327
585.282048 -130.426422
585.282058 -132.368805
585.282067 -135.015671
585.282077 -139.009613
585.282087 -146.644409
585.282096 -140.092484
585.282106 -135.362442
585.282115 -132.310760
585.282125 -130.112045
585.282135 -128.450577
585.282144 -127.178764
585.282154 -126.216820
585.282163 -125.517487
585.282173 -125.049545
585.282183 -124.790543
585.282192 -124.718834
585.282202 -124.720940
585.282212 -124.820869
585.282221 -125.064270
585.282231 -125.415840
585.282240 -125.825470
585.282250 -126.227165
585.282260 -126.546204
585.282269 -126.719055
585.282279 -126.567383
585.282288 -126.320320
585.282298 -126.044357
585.282308 -125.796646
585.282317 -125.618584
585.282327 -125.537262
585.282337 -125.532310
585.282346 -125.569923
585.282356 -125.727242
585.282365 -126.016411
585.282375 -126.442902
585.282385 -127.010597
585.282394 -127.720818
585.282404 -128.568420
585.282413 -129.532974
585.282423 -130.560211
585.282433 -131.533310
585.282442 -132.252823
585.282452 -132.175613
585.282462 -131.430206
585.282471 -130.488556
585.282481 -129.529282
585.282490 -128.648468
585.282500 -127.886909
585.282510 -127.255486
585.282519 -126.751175
585.282529 -126.363243
585.282538 -126.068344
585.282548 -125.854172
585.282558 -125.703476
585.282567 -125.595184
585.282577 -125.509552
585.282587 -125.431015
585.282596 -125.349586
585.282606 -125.261864
585.282615 -125.168900
585.282625 -125.074348
585.282635 -124.981331
585.282644 -124.891167
585.282654 -124.802635
585.282663 -124.713051
585.282673 -124.618698
585.282683 -124.516350
585.282692 -124.403244
585.282702 -124.277985
585.282712 -124.140015
585.282721 -123.991119
585.282731 -123.835785
585.282740 -123.682480
585.282750 -123.543457
585.282760 -123.434555
585.282769 -123.373215
585.282779 -123.362938
585.282788 -123.376999
585.282798 -123.461342
585.282808 -123.632225
585.282817 -123.896111
585.282827 -124.257240
585.282837 -124.706673
585.282846 -125.224709
585.282856 -125.780716
585.282865 -126.335136
585.282875 -126.848244
585.282885 -127.293121
585.282894 -127.669777
585.282904 -128.008499
585.282913 -128.363724
585.282923 -128.800919
585.282933 -129.388382
585.282942 -130.195938
585.282952 -131.302399
585.282962 -132.811035
585.282971 -134.871643
585.282981 -137.779694
585.282990 -142.214722
585.283000 -148.890076
585.283010 -142.906036
585.283019 -139.823227
585.283029 -138.249832
585.283038 -137.669693
585.283048 -137.638519
585.283058 -137.894196
585.283067 -138.806961
585.283077 -140.013351
585.283087 -138.113785
585.283096 -135.252487
585.283106 -132.681000
585.283115 -130.611954
585.283125 -129.007706
585.283135 -127.802940
585.283144 -126.944588
585.283154 -126.394096
585.283163 -126.124413
585.283173 -126.083298
585.283183 -126.116699
585.283192 -126.357666
585.283202 -126.836906
585.283212 -127.546249
585.283221 -128.476990
585.283231 -129.618347
585.283240 -130.953735
585.283250 -132.455307
585.283260 -134.052231
585.283269 -135.592041
585.283279 -136.803619
585.283288 -136.709320
585.283298 -135.454651
585.283308 -133.960510
585.283317 -132.529831
585.283327 -131.276505
585.283337 -130.269760
585.283346 -129.521332
585.283356 -129.031448
585.283365 -128.799194
585.283375 -128.771469
585.283385 -128.826584
585.283394 -129.120300
585.283404 -129.694290
585.283413 -130.573181
585.283423 -131.795441
585.283433 -133.382736
585.283442 -135.358124
585.283452 -137.541397
585.283462 -138.488998
585.283471 -136.610367
585.283481 -134.701080
585.283490 -133.201859
585.283500 -132.153183
585.283510 -131.511673
585.283519 -131.212326
585.283529 -131.144196
585.283538 -131.161118
585.283548 -131.119186
585.283558 -130.687943
585.283567 -129.858948
585.283577 -128.783340
585.283587 -127.670326
585.283596 -126.667404
585.283606 -125.846146
585.283615 -125.229340
585.283625 -124.807716
585.283635 -124.573700
585.283644 -124.513321
585.283654 -124.513954
585.283663 -124.614609
585.283673 -124.856537
585.283683 -125.228943
585.283692 -125.723969
585.283702 -126.338631
585.283712 -127.074638
585.283721 -127.938782
585.283731 -128.942978
585.283740 -130.099640
585.283750 -131.444946
585.283760 -133.029266
585.283769 -134.938248
585.283779 -137.333115
585.283788 -140.557709
585.283798 -145.548172
585.283808 -150.716187
585.283817 -143.580887
585.283827 -139.801361
585.283837 -137.295364
585.283846 -135.464111
585.283856 -134.065231
585.283865 -132.973602
585.283875 -132.114822
585.283885 -131.443771
585.283894 -130.934601
585.283904 -130.574936
585.283913 -130.363266
585.283923 -130.304672
585.283933 -130.300659
585.283942 -130.419952
585.283952 -130.723450
585.283962 -131.244156
585.283971 -132.014557
585.283981 -133.071579
585.283990 -134.443436
585.284000 -136.099304
585.284010 -137.772766
585.284019 -137.981506
585.284029 -136.246353
585.284038 -134.368164
585.284048 -132.716476
585.284058 -131.354431
585.284067 -130.261780
585.284077 -129.407440
585.284087 -128.765533
585.284096 -128.318298
585.284106 -128.054138
585.284115 -127.966614
585.284125 -127.954704
585.284135 -128.052872
585.284144 -128.312668
585.284154 -128.748550
585.284163 -129.366577
585.284173 -130.176544
585.284183 -131.193817
585.284192 -132.440323
585.284202 -133.948273
585.284212 -135.748367
585.284221 -137.907700
585.284231 -140.517014
585.284240 -143.671448
585.284250 -147.350296
585.284260 -150.718262
585.284269 -150.468307
585.284279 -149.179688
585.284288 -147.990189
585.284298 -146.576675
585.284308 -144.807220
585.284317 -142.876572
585.284327 -141.053024
585.284337 -139.504272
585.284346 -138.308868
585.284356 -137.506058
585.284365 -137.132385
585.284375 -137.114761
585.284385 -137.245712
585.284394 -137.953293
585.284404 -139.463028
585.284413 -142.302017
585.284423 -148.044128
585.284433 -143.151611
585.284442 -137.980652
585.284452 -134.653229
585.284462 -132.277786
585.284471 -130.497589
585.284481 -129.138870
585.284490 -128.098175
585.284500 -127.303520
585.284510 -126.701050
585.284519 -126.247307
585.284529 -125.905693
585.284538 -125.645393
585.284548 -125.441406
585.284558 -125.275101
585.284567 -125.134834
585.284577 -125.015869
585.284587 -124.919868
585.284596 -124.854088
585.284606 -124.828430
585.284615 -124.829674
585.284625 -124.860184
585.284635 -124.959404
585.284644 -125.139847
585.284654 -125.411041
585.284663 -125.778946
585.284673 -126.245300
585.284683 -126.809860
585.284692 -127.473526
585.284702 -128.244720
585.284712 -129.147186
585.284721 -130.229416
585.284731 -131.573624
585.284740 -133.304901
585.284750 -135.578415
585.284760 -138.356720
585.284769 -138.116028
585.284779 -134.917801
585.284788 -132.257874
585.284798 -130.249741
585.284808 -128.772659
585.284817 -127.728828
585.284827 -127.056221
585.284837 -126.719322
585.284846 -126.666374
585.284856 -126.701889
585.284865 -127.003601
585.284875 -127.639511
585.284885 -128.645538
585.284894 -130.087631
585.284904 -132.085495
585.284913 -134.859772
585.284923 -138.797806
585.284933 -142.441956
585.284942 -138.097092
585.284952 -134.934418
585.284962 -132.629333
585.284971 -130.825119
585.284981 -129.330795
585.284990 -128.038330
585.285000 -126.902489
585.285010 -125.913750
585.285019 -125.079132
585.285029 -124.410431
585.285038 -123.918518
585.285048 -123.610840
585.285058 -123.491768
585.285067 -123.488800
585.285077 -123.563377
585.285087 -123.825645
585.285096 -124.277847
585.285106 -124.919029
585.285115 -125.747383
585.285125 -126.758163
585.285135 -127.938271
585.285144 -129.253799
585.285154 -130.627396
585.285163 -131.910568
585.285173 -132.889694
585.285183 -133.388733
585.285192 -133.221085
585.285202 -132.939865
585.285212 -132.720917
585.285221 -132.590347
585.285231 -132.537766
585.285240 -132.519012
585.285250 -132.478195
585.285260 -132.337387
585.285269 -132.074463
585.285279 -131.708557
585.285288 -131.289642
585.285298 -130.871964
585.285308 -130.492615
585.285317 -130.151581
585.285327 -129.847855
585.285337 -129.559616
585.285346 -129.252090
585.285356 -128.894028
585.285365 -128.470688
585.285375 -127.988403
585.285385 -127.472115
585.285394 -126.955727
585.285404 -126.473587
585.285413 -126.044037
585.285423 -125.695366
585.285433 -125.444832
585.285442 -125.298454
585.285452 -125.248840
585.285462 -125.255699
585.285471 -125.309509
585.285481 -125.447121
585.285490 -125.651573
585.285500 -125.905754
585.285510 -126.196892
585.285519 -126.522247
585.285529 -126.892097
585.285538 -127.329109
585.285548 -127.863922
585.285558 -128.529678
585.285567 -129.356796
585.285577 -130.370361
585.285587 -131.589676
585.285596 -133.032516
585.285606 -134.727356
585.285615 -136.742325
585.285625 -139.250717
585.285635 -142.672745
585.285644 -147.862396
585.285654 -146.071304
585.285663 -141.246765
585.285673 -138.184021
585.285683 -136.155319
585.285692 -134.859741
585.285702 -134.161545
585.285712 -134.007202
585.285721 -134.026688
585.285731 -134.476685
585.285740 -135.590073
585.285750 -137.483521
585.285760 -140.005585
585.285769 -138.316757
585.285779 -134.916061
585.285788 -132.210739
585.285798 -130.175400
585.285808 -128.657883
585.285817 -127.545082
585.285827 -126.760078
585.285837 -126.250290
585.285846 -125.977013
585.285856 -125.911713
585.285865 -125.915520
585.285875 -126.047867
585.285885 -126.359444
585.285894 -126.837769
585.285904 -127.473648
585.285913 -128.259079
585.285923 -129.181412
585.285933 -130.218979
585.285942 -131.332687
585.285952 -132.454895
585.285962 -133.479935
585.285971 -134.272919
585.285981 -134.715561
585.285990 -134.507034
585.286000 -134.038834
585.286010 -133.475464
585.286019 -132.888519
585.286029 -132.315262
585.286038 -131.766922
585.286048 -131.240326
585.286058 -130.725693
585.286067 -130.216660
585.286077 -129.715530
585.286087 -129.236267
585.286096 -128.802628
585.286106 -128.443512
585.286115 -128.188385
585.286125 -128.064713
585.286135 -128.053650
585.286144 -128.097412
585.286154 -128.309631
585.286163 -128.719589
585.286173 -129.358902
585.286183 -130.270355
585.286192 -131.512848
585.286202 -133.183121
585.286212 -135.452301
585.286221 -138.655243
585.286231 -143.440536
585.286240 -143.933884
585.286250 -139.611206
585.286260 -136.905792
585.286269 -135.182770
585.286279 -134.123459
585.286288 -133.576248
585.286298 -133.455612
585.286308 -133.469864
585.286317 -133.776993
585.286327 -134.496201
585.286337 -135.676834
585.286346 -137.391708
585.286356 -139.726395
585.286365 -142.557022
585.286375 -143.329300
585.286385 -140.877747
585.286394 -138.831909
585.286404 -137.406082
585.286413 -136.521851
585.286423 -136.092804
585.286433 -136.021301
585.286442 -136.058029
585.286452 -136.397720
585.286462 -137.066620
585.286471 -137.961777
585.286481 -138.829575
585.286490 -138.829895
585.286500 -137.847656
585.286510 -136.752853
585.286519 -135.871323
585.286529 -135.355927
585.286538 -135.243225
585.286548 -135.288940
585.286558 -135.751862
585.286567 -136.876389
585.286577 -138.907242
585.286587 -142.199890
585.286596 -141.773575
585.286606 -137.172958
585.286615 -133.828781
585.286625 -131.397141
585.286635 -129.595062
585.286644 -128.264069
585.286654 -127.313599
585.286663 -126.690643
585.286673 -126.365196
585.286683 -126.303719
585.286692 -126.322578
585.286702 -126.559181
585.286712 -127.068771
585.286721 -127.868446
585.286731 -128.958603
585.286740 -130.291458
585.286750 -131.661545
585.286760 -132.305145
585.286769 -131.063965
585.286779 -129.479935
585.286788 -127.989883
585.286798 -126.738174
585.286808 -125.745811
585.286817 -124.997627
585.286827 -124.472282
585.286837 -124.150414
585.286846 -124.016968
585.286856 -124.006950
585.286865 -124.061508
585.286875 -124.277901
585.286885 -124.664856
585.286894 -125.227364
585.286904 -125.977180
585.286913 -126.935570
585.286923 -128.134674
585.286933 -129.619858
585.286942 -131.443710
585.286952 -133.625977
585.286962 -135.956955
585.286971 -136.942215
585.286981 -135.128021
585.286990 -133.277542
585.287000 -131.775024
585.287010 -130.640701
585.287019 -129.822800
585.287029 -129.268295
585.287038 -128.931732
585.287048 -128.774368
585.287058 -128.740158
585.287067 -128.753799
585.287077 -128.855820
585.287087 -129.022552
585.287096 -129.222458
585.287106 -129.416306
585.287115 -129.568817
585.287125 -129.647736
585.287135 -129.576187
585.287144 -129.425568
585.287154 -129.222168
585.287163 -128.986465
585.287173 -128.739426
585.287183 -128.514679
585.287192 -128.336884
585.287202 -128.229172
585.287212 -128.203476
585.287221 -128.211960
585.287231 -128.302246
585.287240 -128.512360
585.287250 -128.849167
585.287260 -129.307861
585.287269 -129.876816
585.287279 -130.535995
585.287288 -131.244308
585.287298 -131.943161
585.287308 -132.564178
585.287317 -133.047943
585.287327 -133.365036
585.287337 -133.521835
585.287346 -133.407562
585.287356 -133.194138
585.287365 -132.892746
585.287375 -132.523041
585.287385 -132.124466
585.287394 -131.752014
585.287404 -131.465332
585.287413 -131.317657
585.287423 -131.294678
585.287433 -131.350784
585.287442 -131.591629
585.287452 -132.048859
585.287462 -132.702118
585.287471 -133.480103
585.287481 -134.231598
585.287490 -134.733658
585.287500 -134.491028
585.287510 -133.988358
585.287519 -133.525085
585.287529 -133.246048
585.287538 -133.192261
585.287548 -133.228058
585.287558 -133.511520
585.287567 -134.125107
585.287577 -135.104263
585.287587 -136.502747
585.287596 -138.444839
585.287606 -141.175934
585.287615 -145.283722
585.287625 -152.610138
585.287635 -146.066040
585.287644 -141.810181
585.287654 -138.973160
585.287663 -136.891922
585.287673 -135.276505
585.287683 -133.988007
585.287692 -132.953094
585.287702 -132.129868
585.287712 -131.494064
585.287721 -131.031082
585.287731 -130.733063
585.287740 -130.596237
585.287750 -130.575363
585.287760 -130.618866
585.287769 -130.805634
585.287779 -131.153397
585.287788 -131.661942
585.287798 -132.323883
585.287808 -133.120712
585.287817 -134.018066
585.287827 -134.960007
585.287837 -135.868439
585.287846 -136.640671
585.287856 -137.141937
585.287865 -136.651947
585.287875 -135.597580
585.287885 -134.196854
585.287894 -132.687256
585.287904 -131.247879
585.287913 -129.971832
585.287923 -128.916916
585.287933 -128.104446
585.287942 -127.537628
585.287952 -127.211761
585.287962 -127.117271
585.287971 -127.113335
585.287981 -127.242867
585.287990 -127.564125
585.288000 -128.046768
585.288010 -128.634628
585.288019 -129.242203
585.288029 -129.756882
585.288038 -130.059982
585.288048 -129.862198
585.288058 -129.438843
585.288067 -128.915787
585.288077 -128.368027
585.288087 -127.846992
585.288096 -127.382294
585.288106 -127.013214
585.288115 -126.761154
585.288125 -126.644318
585.288135 -126.635139
585.288144 -126.678413
585.288154 -126.874588
585.288163 -127.237289
585.288173 -127.757988
585.288183 -128.403229
585.288192 -129.094330
585.288202 -129.688889
585.288212 -129.886871
585.288221 -129.383255
585.288231 -128.653687
585.288240 -127.877922
585.288250 -127.176704
585.288260 -126.611946
585.288269 -126.208023
585.288279 -125.970123
585.288288 -125.893417
585.288298 -125.893417
585.288308 -125.969055
585.288317 -126.184540
585.288327 -126.525932
585.288337 -126.977020
585.288346 -127.519264
585.288356 -128.130508
585.288365 -128.784134
585.288375 -129.446930
585.288385 -130.077896
585.288394 -130.626663
585.288404 -131.036758
585.288413 -131.239014
585.288423 -130.988602
585.288433 -130.533829
585.288442 -129.933762
585.288452 -129.257813
585.288462 -128.571289
585.288471 -127.929008
585.288481 -127.373596
585.288490 -126.937332
585.288500 -126.643753
585.288510 -126.509224
585.288519 -126.497871
585.288529 -126.542793
585.288538 -126.743858
585.288548 -127.097832
585.288558 -127.568642
585.288567 -128.089661
585.288577 -128.562607
585.288587 -128.880035
585.288596 -128.871017
585.288606 -128.650909
585.288615 -128.415131
585.288625 -128.212723
585.288635 -128.048782
585.288644 -127.904617
585.288654 -127.701782
585.288663 -127.357780
585.288673 -126.832458
585.288683 -126.157150
585.288692 -125.415703
585.288702 -124.703018
585.288712 -124.095627
585.288721 -123.645416
585.288731 -123.384727
585.288740 -123.326096
585.288750 -123.334099
585.288760 -123.508308
585.288769 -123.920158
585.288779 -124.582390
585.288788 -125.510544
585.288798 -126.738312
585.288808 -128.307938
585.288817 -130.285339
585.288827 -132.775330
585.288837 -135.930847
585.288846 -139.805099
585.288856 -141.981262
585.288865 -139.380096
585.288875 -137.372360
585.288885 -136.033722
585.288894 -135.199295
585.288904 -134.749039
585.288913 -134.605225
585.288923 -134.604980
585.288933 -134.707916
585.288942 -135.000854
585.288952 -135.434082
585.288962 -135.923767
585.288971 -136.358047
585.288981 -136.612305
585.288990 -136.350128
585.289000 -135.895950
585.289010 -135.346451
585.289019 -134.770355
585.289029 -134.226288
585.289038 -133.755676
585.289048 -133.372223
585.289058 -133.078018
585.289067 -132.863358
585.289077 -132.707031
585.289087 -132.575516
585.289096 -132.425507
585.289106 -132.210892
585.289115 -131.895660
585.289125 -131.466339
585.289135 -130.938202
585.289144 -130.349274
585.289154 -129.748688
585.289163 -129.185852
585.289173 -128.704819
585.289183 -128.343674
585.289192 -128.136536
585.289202 -128.091278
585.289212 -128.117111
585.289221 -128.322250
585.289231 -128.797516
585.289240 -129.606186
585.289250 -130.846848
585.289260 -132.691818
585.289269 -135.496475
585.289279 -140.199493
585.289288 -143.637421
585.289298 -137.119522
585.289308 -133.514450
585.289317 -131.158340
585.289327 -129.514389
585.289337 -128.345490
585.289346 -127.526993
585.289356 -126.985580
585.289365 -126.676041
585.289375 -126.568863
585.289385 -126.568352
585.289394 -126.633568
585.289404 -126.854996
585.289413 -127.212975
585.289423 -127.671432
585.289433 -128.172729
585.289442 -128.635284
585.289452 -128.965317
585.289462 -129.027374
585.289471 -128.819199
585.289481 -128.570557
585.289490 -128.373123
585.289500 -128.294586
585.289510 -128.288147
585.289519 -128.380402
585.289529 -128.658920
585.289538 -129.140320
585.289548 -129.838196
585.289558 -130.769470
585.289567 -131.936523
585.289577 -133.327332
585.289587 -134.893723
585.289596 -136.508835
585.289606 -137.914261
585.289615 -138.766586
585.289625 -138.501831
585.289635 -137.870544
585.289644 -137.201065
585.289654 -136.563751
585.289663 -135.961517
585.289673 -135.373734
585.289683 -134.778122
585.289692 -134.162766
585.289702 -133.529480
585.289712 -132.891678
585.289721 -132.270859
585.289731 -131.691086
585.289740 -131.175430
585.289750 -130.743484
585.289760 -130.409927
585.289769 -130.182953
585.289779 -130.053406
585.289788 -130.006088
585.289798 -129.999481
585.289808 -130.009537
585.289817 -129.954285
585.289827 -129.713058
585.289837 -129.249420
585.289846 -128.579666
585.289856 -127.782120
585.289865 -126.957787
585.289875 -126.194069
585.289885 -125.552383
585.289894 -125.070198
585.289904 -124.768089
585.289913 -124.645241
585.289923 -124.643120
585.289933 -124.710312
585.289942 -124.959785
585.289952 -125.381393
585.289962 -125.956261
585.289971 -126.658768
585.289981 -127.457802
585.289990 -128.321579
585.290000 -129.223679
585.290010 -130.149689
585.290019 -131.096451
585.290029 -132.061798
585.290038 -133.024399
585.290048 -133.920776
585.290058 -134.639603
585.290067 -135.060730
585.290077 -134.949203
585.290087 -134.623016
585.290096 -134.279205
585.290106 -133.974167
585.290115 -133.732758
585.290125 -133.578232
585.290135 -133.508041
585.290144 -133.491516
585.290154 -133.518066
585.290163 -133.641678
585.290173 -133.881760
585.290183 -134.277191
585.290192 -134.865601
585.290202 -135.692230
585.290212 -136.812073
585.290221 -138.297241
585.290231 -140.236893
585.290240 -142.686508
585.290250 -145.273300
585.290260 -144.121475
585.290269 -141.483261
585.290279 -139.239105
585.290288 -137.434143
585.290298 -135.943756
585.290308 -134.638428
585.290317 -133.410812
585.290327 -132.188644
585.290337 -130.947693
585.290346 -129.708969
585.290356 -128.520844
585.290365 -127.437187
585.290375 -126.503654
585.290385 -125.753609
585.290394 -125.209877
585.290404 -124.888115
585.290413 -124.798019
585.290423 -124.799362
585.290433 -124.957672
585.290442 -125.372383
585.290452 -126.061203
585.290462 -127.048653
585.290471 -128.373138
585.290481 -130.089859
585.290490 -132.306641
585.290500 -135.215729
585.290510 -139.162003
585.290519 -144.233246
585.290529 -141.060745
585.290538 -137.970108
585.290548 -135.911911
585.290558 -134.517776
585.290567 -133.584595
585.290577 -133.006805
585.290587 -132.729385
585.290596 -132.690262
585.290606 -132.723724
585.290615 -132.971466
585.290625 -133.453888
585.290635 -134.136017
585.290644 -134.946838
585.290654 -135.753113
585.290663 -136.359573
585.290673 -136.390869
585.290683 -135.910904
585.290692 -135.325134
585.290702 -134.764542
585.290712 -134.277908
585.290721 -133.919556
585.290731 -133.707077
585.290740 -133.641281
585.290750 -133.629135
585.290760 -133.703079
585.290769 -133.857056
585.290779 -133.990494
585.290788 -133.676926
585.290798 -133.011581
585.290808 -132.102966
585.290817 -131.118637
585.290827 -130.193039
585.290837 -129.398102
585.290846 -128.738663
585.290856 -128.193588
585.290865 -127.730171
585.290875 -127.285301
585.290885 -126.798546
585.290894 -126.233276
585.290904 -125.590614
585.290913 -124.905266
585.290923 -124.227997
585.290933 -123.607384
585.290942 -123.080963
585.290952 -122.673042
585.290962 -122.397491
585.290971 -122.260246
585.290981 -122.243645
585.290990 -122.259315
585.291000 -122.393761
585.291010 -122.661613
585.291019 -123.057274
585.291029 -123.574745
585.291038 -124.208839
585.291048 -124.956467
585.291058 -125.818459
585.291067 -126.801643
585.291077 -127.921883
585.291087 -129.206146
585.291096 -130.695831
585.291106 -132.446793
585.291115 -134.522385
585.291125 -136.939102
585.291135 -139.433487
585.291144 -140.438156
585.291154 -138.930344
585.291163 -137.557922
585.291173 -136.649155
585.291183 -136.237549
585.291192 -136.198761
585.291202 -136.290237
585.291212 -136.836349
585.291221 -137.912430
585.291231 -139.618790
585.291240 -142.179077
585.291250 -146.135620
585.291260 -152.807571
585.291269 -147.442886
585.291279 -143.618286
585.291288 -141.231415
585.291298 -139.649002
585.291308 -138.607910
585.291317 -137.985184
585.291327 -137.723709
585.291337 -137.712906
585.291346 -137.798447
585.291356 -138.188416
585.291365 -138.888260
585.291375 -139.896973
585.291385 -141.161697
585.291394 -142.510193
585.291404 -143.517899
585.291413 -142.597839
585.291423 -141.014297
585.291433 -139.295273
585.291442 -137.630325
585.291452 -136.068405
585.291462 -134.612808
585.291471 -133.261078
585.291481 -132.014282
585.291490 -130.878967
585.291500 -129.864090
585.291510 -128.980118
585.291519 -128.236557
585.291529 -127.641792
585.291538 -127.202232
585.291548 -126.922577
585.291558 -126.804871
585.291567 -126.795364
585.291577 -126.849060
585.291587 -127.049973
585.291596 -127.396751
585.291606 -127.867966
585.291615 -128.426865
585.291625 -129.015427
585.291635 -129.554489
585.291644 -129.956497
585.291654 -130.142380
585.291663 -129.982758
585.291673 -129.738174
585.291683 -129.494003
585.291692 -129.309494
585.291702 -129.223633
585.291712 -129.214294
585.291721 -129.260193
585.291731 -129.431717
585.291740 -129.739487
585.291750 -130.163742
585.291760 -130.692093
585.291769 -131.272705
585.291779 -131.814880
585.291788 -132.193207
585.291798 -132.042267
585.291808 -131.522186
585.291817 -130.846786
585.291827 -130.133453
585.291837 -129.464127
585.291846 -128.885818
585.291856 -128.422775
585.291865 -128.085617
585.291875 -127.877907
585.291885 -127.798592
585.291894 -127.797546
585.291904 -127.844330
585.291913 -128.010132
585.291923 -128.292725
585.291933 -128.692642
585.291942 -129.218826
585.291952 -129.890091
585.291962 -130.722305
585.291971 -131.764496
585.291981 -133.052856
585.291990 -134.578522
585.292000 -136.164749
585.292010 -137.105499
585.292019 -135.895691
585.292029 -134.413406
585.292038 -133.137695
585.292048 -132.215286
585.292058 -131.670898
585.292067 -131.501343
585.292077 -131.496063
585.292087 -131.709702
585.292096 -132.308350
585.292106 -133.334839
585.292115 -134.860687
585.292125 -137.022568
585.292135 -140.096970
585.292144 -144.731598
585.292154 -150.868073
585.292163 -145.218735
585.292173 -141.984329
585.292183 -139.827881
585.292192 -138.195160
585.292202 -136.807907
585.292212 -135.567535
585.292221 -134.471222
585.292231 -133.555328
585.292240 -132.849503
585.292250 -132.354370
585.292260 -132.082138
585.292269 -131.987122
585.292279 -131.959961
585.292288 -131.903564
585.292298 -131.615250
585.292308 -131.035248
585.292317 -130.224472
585.292327 -129.327271
585.292337 -128.482468
585.292346 -127.780785
585.292356 -127.269249
585.292365 -126.965416
585.292375 -126.869576
585.292385 -126.869659
585.292394 -126.956917
585.292404 -127.211044
585.292413 -127.600395
585.292423 -128.075333
585.292433 -128.576492
585.292442 -129.048935
585.292452 -129.464111
585.292462 -129.838669
585.292471 -130.235428
585.292481 -130.748932
585.292490 -131.491913
585.292500 -132.598679
585.292510 -134.244873
585.292519 -136.730499
585.292529 -140.713364
585.292538 -143.767151
585.292548 -138.193558
585.292558 -134.681931
585.292567 -132.339615
585.292577 -130.720901
585.292587 -129.610443
585.292596 -128.891403
585.292606 -128.492828
585.292615 -128.369003
585.292625 -128.368805
585.292635 -128.488052
585.292644 -128.825195
585.292654 -129.351395
585.292663 -130.045425
585.292673 -130.873169
585.292683 -131.775574
585.292692 -132.652634
585.292702 -133.356766
585.292712 -133.723801
585.292721 -133.407227
585.292731 -132.953094
585.292740 -132.519318
585.292750 -132.212326
585.292760 -132.094727
585.292769 -132.094482
585.292779 -132.202713
585.292788 -132.558472
585.292798 -133.175858
585.292808 -134.057114
585.292817 -135.166824
585.292827 -136.367828
585.292837 -137.303680
585.292846 -136.581848
585.292856 -135.142944
585.292865 -133.589554
585.292875 -132.146240
585.292885 -130.878357
585.292894 -129.791519
585.292904 -128.877563
585.292913 -128.128647
585.292923 -127.542038
585.292933 -127.118813
585.292942 -126.863136
585.292952 -126.780037
585.292962 -126.780121
585.292971 -126.876213
585.292981 -127.153206
585.292990 -127.620773
585.293000 -128.294678
585.293010 -129.193542
585.293019 -130.347916
585.293029 -131.807709
585.293038 -133.651978
585.293048 -136.010590
585.293058 -139.154770
585.293067 -143.632492
585.293077 -150.240555
585.293087 -145.427170
585.293096 -142.283371
585.293106 -140.168518
585.293115 -138.419037
585.293125 -136.721069
585.293135 -135.010071
585.293144 -133.362076
585.293154 -131.872665
585.293163 -130.603790
585.293173 -129.579697
585.293183 -128.800766
585.293192 -128.253738
585.293202 -127.918457
585.293212 -127.770561
585.293221 -127.757210
585.293231 -127.782211
585.293240 -127.928383
585.293250 -128.174759
585.293260 -128.490173
585.293269 -128.839523
585.293279 -129.182404
585.293288 -129.472382
585.293298 -129.658203
585.293308 -129.549011
585.293317 -129.228287
585.293327 -128.763199
585.293337 -128.202591
585.293346 -127.595459
585.293356 -126.980560
585.293365 -126.384125
585.293375 -125.821190
585.293385 -125.299164
585.293394 -124.820480
585.293404 -124.385124
585.293413 -123.991943
585.293423 -123.639748
585.293433 -123.328056
585.293442 -123.057655
585.293452 -122.830681
585.293462 -122.651077
585.293471 -122.524391
585.293481 -122.457985
585.293490 -122.446678
585.293500 -122.460838
585.293510 -122.543678
585.293519 -122.718933
585.293529 -123.001335
585.293538 -123.408295
585.293548 -123.960861
585.293558 -124.684723
585.293567 -125.611275
585.293577 -126.772369
585.293587 -128.229065
585.293596 -130.049545
585.293606 -132.300491
585.293615 -134.925949
585.293625 -137.199768
585.293635 -135.509583
585.293644 -133.447647
585.293654 -131.765198
585.293663 -130.487350
585.293673 -129.540970
585.293683 -128.857635
585.293692 -128.385178
585.293702 -128.086319
585.293712 -127.934654
585.293721 -127.901764
585.293731 -127.910164
585.293740 -128.008728
585.293750 -128.216522
585.293760 -128.532745
585.293769 -128.956177
585.293779 -129.486069
585.293788 -130.120560
585.293798 -130.855499
585.293808 -131.682098
585.293817 -132.586304
585.293827 -133.546982
585.293837 -134.536606
585.293846 -135.520676
585.293856 -136.462280
585.293865 -137.322372
585.293875 -138.064011
585.293885 -138.651245
585.293894 -139.049515
585.293904 -139.131149
585.293913 -138.779007
585.293923 -138.161911
585.293933 -137.305374
585.293942 -136.258301
585.293952 -135.084717
585.293962 -133.852478
585.293971 -132.624496
585.293981 -131.452957
585.293990 -130.377731
585.294000 -129.426941
585.294010 -128.618805
585.294019 -127.963440
585.294029 -127.464676
585.294038 -127.121346
585.294048 -126.928658
585.294058 -126.877419
585.294067 -126.878738
585.294077 -126.962387
585.294087 -127.169281
585.294096 -127.490593
585.294106 -127.920815
585.294115 -128.460693
585.294125 -129.120667
585.294135 -129.925797
585.294144 -130.922470
585.294154 -132.191071
585.294163 -133.871414
585.294173 -136.228210
585.294183 -139.838333
585.294192 -145.947647
585.294202 -139.260117
585.294212 -134.907349
585.294221 -131.929703
585.294231 -129.728271
585.294240 -128.037399
585.294250 -126.718781
585.294260 -125.690453
585.294269 -124.898712
585.294279 -124.305710
585.294288 -123.883415
585.294298 -123.610680
585.294308 -123.472183
585.294317 -123.445763
585.294327 -123.457375
585.294337 -123.559975
585.294346 -123.776360
585.294356 -124.097267
585.294365 -124.522362
585.294375 -125.048676
585.294385 -125.664185
585.294394 -126.348442
585.294404 -127.072220
585.294413 -127.800835
585.294423 -128.503250
585.294433 -129.163361
585.294442 -129.789337
585.294452 -130.412216
585.294462 -131.075455
585.294471 -131.817383
585.294481 -132.653900
585.294490 -133.554428
585.294500 -134.413864
585.294510 -135.037735
585.294519 -134.882462
585.294529 -134.192352
585.294538 -133.368454
585.294548 -132.574463
585.294558 -131.892517
585.294567 -131.349594
585.294577 -130.943390
585.294587 -130.655228
585.294596 -130.457336
585.294606 -130.316025
585.294615 -130.195923
585.294625 -130.063263
585.294635 -129.892227
585.294644 -129.669189
585.294654 -129.395889
585.294663 -129.088593
585.294673 -128.773880
585.294683 -128.482346
585.294692 -128.242416
585.294702 -128.073853
585.294712 -127.982544
585.294721 -127.948044
585.294731 -127.935158
585.294740 -127.901443
585.294750 -127.729820
585.294760 -127.368195
585.294769 -126.801140
585.294779 -126.073265
585.294788 -125.264732
585.294798 -124.456421
585.294808 -123.710922
585.294817 -123.069679
585.294827 -122.557838
585.294837 -122.189812
585.294846 -121.973564
585.294856 -121.911842
585.294865 -121.912849
585.294875 -121.996750
585.294885 -122.229736
585.294894 -122.603271
585.294904 -123.098648
585.294913 -123.686317
585.294923 -124.324394
585.294933 -124.962975
585.294942 -125.555450
585.294952 -126.076767
585.294962 -126.536293
585.294971 -126.976944
585.294981 -127.459877
585.294990 -128.047958
585.295000 -128.795593
585.295010 -129.746841
585.295019 -130.936462
585.295029 -132.391876
585.295038 -134.129669
585.295048 -136.138901
585.295058 -138.326431
585.295067 -140.389053
585.295077 -141.717682
585.295087 -141.017853
585.295096 -139.816360
585.295106 -138.530197
585.295115 -137.268906
585.295125 -136.087433
585.295135 -135.030762
585.295144 -134.139923
585.295154 -133.446259
585.295163 -132.970917
585.295173 -132.710892
585.295183 -132.660507
585.295192 -132.675369
585.295202 -132.857635
585.295212 -133.229156
585.295221 -133.736862
585.295231 -134.300720
585.295240 -134.823547
585.295250 -135.230972
585.295260 -135.521423
585.295269 -135.782898
585.295279 -136.158264
585.295288 -136.808090
585.295298 -137.899963
585.295308 -139.557343
585.295317 -141.933258
585.295327 -143.530624
585.295337 -140.219528
585.295346 -137.183090
585.295356 -134.863327
585.295365 -133.133850
585.295375 -131.855118
585.295385 -130.952011
585.295394 -130.371002
585.295404 -130.080170
585.295413 -130.035934
585.295423 -130.067810
585.295433 -130.339340
585.295442 -130.920609
585.295452 -131.863937
585.295462 -133.258560
585.295471 -135.298950
585.295481 -138.379242
585.295490 -143.433823
585.295500 -142.436768
585.295510 -137.513214
585.295519 -134.393921
585.295529 -132.232407
585.295538 -130.665253
585.295548 -129.511093
585.295558 -128.665604
585.295567 -128.061600
585.295577 -127.651886
585.295587 -127.400826
585.295596 -127.280327
585.295606 -127.260170
585.295615 -127.267044
585.295625 -127.350159
585.295635 -127.522606
585.295644 -127.786263
585.295654 -128.152557
585.295663 -128.644135
585.295673 -129.295746
585.295683 -130.158173
585.295692 -131.304153
585.295702 -132.843933
585.295712 -134.962677
585.295721 -138.047150
585.295731 -143.127289
585.295740 -146.845932
585.295750 -140.507477
585.295760 -137.248367
585.295769 -135.318649
585.295779 -134.202744
585.295788 -133.698837
585.295798 -133.645721
585.295808 -133.732727
585.295817 -134.305542
585.295827 -135.496216
585.295837 -137.510040
585.295846 -140.847855
585.295856 -146.780670
585.295865 -141.850189
585.295875 -137.471832
585.295885 -134.666763
585.295894 -132.732849
585.295904 -131.368347
585.295913 -130.411316
585.295923 -129.774750
585.295933 -129.399338
585.295942 -129.236282
585.295952 -129.211273
585.295962 -129.234970
585.295971 -129.352463
585.295981 -129.509995
585.295990 -129.626099
585.296000 -129.488998
585.296010 -129.146271
585.296019 -128.659439
585.296029 -128.092957
585.296038 -127.511269
585.296048 -126.963417
585.296058 -126.480659
585.296067 -126.079498
585.296077 -125.766365
585.296087 -125.540977
585.296096 -125.398987
585.296106 -125.333618
585.296115 -125.324242
585.296125 -125.336479
585.296135 -125.398216
585.296144 -125.508896
585.296154 -125.658157
585.296163 -125.833572
585.296173 -126.025055
585.296183 -126.224121
585.296192 -126.420898
585.296202 -126.606682
585.296212 -126.773949
585.296221 -126.915001
585.296231 -127.022591
585.296240 -127.097107
585.296250 -127.134872
585.296260 -127.116028
585.296269 -127.064674
585.296279 -127.000496
585.296288 -126.940712
585.296298 -126.906326
585.296308 -126.897339
585.296317 -126.917885
585.296327 -127.003761
585.296337 -127.176735
585.296346 -127.455322
585.296356 -127.852242
585.296365 -128.377090
585.296375 -129.036285
585.296385 -129.834061
585.296394 -130.771774
585.296404 -131.847961
585.296413 -133.055191
585.296423 -134.391617
585.296433 -135.849945
585.296442 -137.424561
585.296452 -139.119247
585.296462 -140.961029
585.296471 -143.025314
585.296481 -145.483582
585.296490 -148.691025
585.296500 -153.144836
585.296510 -150.160889
585.296519 -145.664703
585.296529 -142.435043
585.296538 -140.039001
585.296548 -138.248596
585.296558 -136.950974
585.296567 -136.083069
585.296577 -135.627625
585.296587 -135.543594
585.296596 -135.572464
585.296606 -135.904678
585.296615 -136.576706
585.296625 -137.431000
585.296635 -137.958755
585.296644 -136.965637
585.296654 -135.571045
585.296663 -134.235916
585.296673 -133.162949
585.296683 -132.401642
585.296692 -131.943283
585.296702 -131.758484
585.296712 -131.747757
585.296721 -131.809143
585.296731 -132.046295
585.296740 -132.398758
585.296750 -132.798141
585.296760 -133.149918
585.296769 -133.341217
585.296779 -133.086243
585.296788 -132.631485
585.296798 -132.055847
585.296808 -131.444534
585.296817 -130.861404
585.296827 -130.362198
585.296837 -129.983795
585.296846 -129.746353
585.296856 -129.661163
585.296865 -129.656998
585.296875 -129.734283
585.296885 -129.967010
585.296894 -130.356705
585.296904 -130.895264
585.296913 -131.565811
585.296923 -132.336166
585.296933 -133.150146
585.296942 -133.917114
585.296952 -134.512619
585.296962 -134.722290
585.296971 -134.275330
585.296981 -133.553009
585.296990 -132.651306
585.297000 -131.647079
585.297010 -130.615646
585.297019 -129.596191
585.297029 -128.618439
585.297038 -127.707230
585.297048 -126.884140
585.297058 -126.168045
585.297067 -125.574478
585.297077 -125.116447
585.297087 -124.804230
585.297096 -124.646042
585.297106 -124.622391
585.297115 -124.648705
585.297125 -124.817863
585.297135 -125.158302
585.297144 -125.674911
585.297154 -126.372559
585.297163 -127.257019
585.297173 -128.334717
585.297183 -129.612839
585.297192 -131.096664
585.297202 -132.782043
585.297212 -134.629745
585.297221 -136.504333
585.297231 -138.075562
585.297240 -138.746033
585.297250 -138.091660
585.297260 -137.373596
585.297269 -136.850418
585.297279 -136.633942
585.297288 -136.631531
585.297298 -136.781128
585.297308 -137.335770
585.297317 -138.315292
585.297327 -139.759583
585.297337 -141.534531
585.297346 -142.684875
585.297356 -140.926483
585.297365 -138.920288
585.297375 -137.198196
585.297385 -135.780533
585.297394 -134.617142
585.297404 -133.579697
585.297413 -132.554688
585.297423 -131.472397
585.297433 -130.321884
585.297442 -129.141556
585.297452 -127.989113
585.297462 -126.917816
585.297471 -125.964966
585.297481 -125.152611
585.297490 -124.490715
585.297500 -123.981789
585.297510 -123.623695
585.297519 -123.411652
585.297529 -123.339211
585.297538 -123.339119
585.297548 -123.399132
585.297558 -123.582031
585.297567 -123.876633
585.297577 -124.268196
585.297587 -124.737564
585.297596 -125.261055
585.297606 -125.812477
585.297615 -126.368286
585.297625 -126.914818
585.297635 -127.454628
585.297644 -128.007919
585.297654 -128.608658
585.297663 -129.296677
585.297673 -130.111710
585.297683 -131.089050
585.297692 -132.259811
585.297702 -133.643402
585.297712 -135.257813
585.297721 -137.111954
585.297731 -139.134521
585.297740 -140.998337
585.297750 -141.094009
585.297760 -139.271103
585.297769 -137.260254
585.297779 -135.414536
585.297788 -133.817398
585.297798 -132.473831
585.297808 -131.368195
585.297817 -130.490234
585.297827 -129.827164
585.297837 -129.362961
585.297846 -129.080566
585.297856 -128.959717
585.297865 -128.951080
585.297875 -128.976624
585.297885 -129.090897
585.297894 -129.264633
585.297904 -129.443848
585.297913 -129.534576
585.297923 -129.318573
585.297933 -128.908554
585.297942 -128.361542
585.297952 -127.769005
585.297962 -127.224777
585.297971 -126.805664
585.297981 -126.569206
585.297990 -126.525848
585.298000 -126.558228
585.298010 -126.807716
585.298019 -127.349289
585.298029 -128.215744
585.298038 -129.437500
585.298048 -131.025223
585.298058 -132.899612
585.298067 -134.706497
585.298077 -135.422195
585.298087 -134.555878
585.298096 -133.800476
585.298106 -133.455078
585.298115 -133.421066
585.298125 -133.601456
585.298135 -134.245972
585.298144 -135.325546
585.298154 -136.568710
585.298163 -136.632675
585.298173 -135.089310
585.298183 -133.451157
585.298192 -132.103897
585.298202 -131.122406
585.298212 -130.479721
585.298221 -130.099091
585.298231 -129.924500
585.298240 -129.877533
585.298250 -129.875137
585.298260 -129.884293
585.298269 -129.850510
585.298279 -129.786224
585.298288 -129.749603
585.298298 -129.754059
585.298308 -129.815125
585.298317 -129.988129
585.298327 -130.288391
585.298337 -130.665604
585.298346 -130.969101
585.298356 -130.624908
585.298365 -129.856079
585.298375 -128.906006
585.298385 -127.977234
585.298394 -127.198448
585.298404 -126.634483
585.298413 -126.313667
585.298423 -126.240372
585.298433 -126.248650
585.298442 -126.447357
585.298452 -126.909309
585.298462 -127.657654
585.298471 -128.717087
585.298481 -130.126114
585.298490 -131.945496
585.298500 -134.261581
585.298510 -137.147644
585.298519 -140.319443
585.298529 -140.489273
585.298538 -138.283646
585.298548 -136.532516
585.298558 -135.315720
585.298567 -134.538589
585.298577 -134.116394
585.298587 -133.988708
585.298596 -133.989105
585.298606 -134.110947
585.298615 -134.440063
585.298625 -134.926453
585.298635 -135.500992
585.298644 -136.063492
585.298654 -136.485077
585.298663 -136.439957
585.298673 -135.907516
585.298683 -135.115936
585.298692 -134.161880
585.298702 -133.130142
585.298712 -132.086853
585.298721 -131.082504
585.298731 -130.155380
585.298740 -129.333603
585.298750 -128.636826
585.298760 -128.077026
585.298769 -127.658440
585.298779 -127.377808
585.298788 -127.222366
585.298798 -127.166420
585.298808 -127.156898
585.298817 -127.180420
585.298827 -127.202255
585.298837 -127.141350
585.298846 -126.990234
585.298856 -126.777481
585.298865 -126.547401
585.298875 -126.353043
585.298885 -126.243782
585.298894 -126.231651
585.298904 -126.260155
585.298913 -126.420990
585.298923 -126.762619
585.298933 -127.310226
585.298942 -128.086044
585.298952 -129.112640
585.298962 -130.407578
585.298971 -131.961716
585.298981 -133.673416
585.298990 -135.207535
585.299000 -135.639648
585.299010 -134.719269
585.299019 -133.779755
585.299029 -133.107300
585.299038 -132.801926
585.299048 -132.775284
585.299058 -132.908920
585.299067 -133.477692
585.299077 -134.603271
585.299087 -136.485443
585.299096 -139.604736
585.299106 -145.533539
585.299115 -144.186752
585.299125 -138.588654
585.299135 -135.445297
585.299144 -133.450104
585.299154 -132.180176
585.299163 -131.452789
585.299173 -131.179291
585.299183 -131.167114
585.299192 -131.316193
585.299202 -131.840714
585.299212 -132.733749
585.299221 -133.945816
585.299231 -135.320007
585.299240 -136.470245
585.299250 -136.363251
585.299260 -135.460815
585.299269 -134.620667
585.299279 -134.066772
585.299288 -133.877731
585.299298 -133.876358
585.299308 -134.089020
585.299317 -134.732178
585.299327 -135.874878
585.299337 -137.659790
585.299346 -140.385025
585.299356 -144.782440
585.299365 -150.937897
585.299375 -143.937393
585.299385 -140.188248
585.299394 -137.784180
585.299404 -136.107864
585.299413 -134.880722
585.299423 -133.962769
585.299433 -133.279068
585.299442 -132.790970
585.299452 -132.478699
585.299462 -132.330048
585.299471 -132.311478
585.299481 -132.327225
585.299490 -132.429947
585.299500 -132.614441
585.299510 -132.824203
585.299519 -132.992599
585.299529 -133.028412
585.299538 -132.885559
585.299548 -132.683350
585.299558 -132.470428
585.299567 -132.284531
585.299577 -132.150299
585.299587 -132.079666
585.299596 -132.065552
585.299606 -132.077301
585.299615 -132.150604
585.299625 -132.302704
585.299635 -132.548325
585.299644 -132.912537
585.299654 -133.434448
585.299663 -134.173386
585.299673 -135.216293
585.299683 -136.694458
585.299692 -138.821365
585.299702 -142.064774
585.299712 -147.345093
585.299721 -143.914963
585.299731 -139.494644
585.299740 -136.569672
585.299750 -134.473557
585.299760 -132.894104
585.299769 -131.663162
585.299779 -130.680176
585.299788 -129.878845
585.299798 -129.213852
585.299808 -128.650360
585.299817 -128.150055
585.299827 -127.699013
585.299837 -127.278725
585.299846 -126.876770
585.299856 -126.490982
585.299865 -126.130524
585.299875 -125.815475
585.299885 -125.573273
585.299894 -125.435440
585.299904 -125.415344
585.299913 -125.433838
585.299923 -125.594482
585.299933 -125.960541
585.299942 -126.570671
585.299952 -127.469849
585.299962 -128.712128
585.299971 -130.356781
585.299981 -132.432022
585.299990 -134.757660
585.300000 -136.256943
585.300010 -134.807343
585.300019 -133.384140
585.300029 -132.440063
585.300038 -132.044113
585.300048 -132.034286
585.300058 -132.203308
585.300067 -132.925751
585.300077 -134.303177
585.300087 -136.479126
585.300096 -139.381378
585.300106 -138.125961
585.300115 -134.646011
585.300125 -131.905243
585.300135 -129.837540
585.300144 -128.276276
585.300154 -127.108597
585.300163 -126.266815
585.300173 -125.711670
585.300183 -125.423325
585.300192 -125.374939
585.300202 -125.394508
585.300212 -125.622726
585.300221 -126.112350
585.300231 -126.873276
585.300240 -127.899040
585.300250 -129.141190
585.300260 -130.442307
585.300269 -131.453705
585.300279 -131.213074
585.300288 -130.248108
585.300298 -129.226242
585.300308 -128.331787
585.300317 -127.596962
585.300327 -127.054703
585.300337 -126.687035
585.300346 -126.475159
585.300356 -126.403748
585.300365 -126.391121
585.300375 -126.457062
585.300385 -126.628609
585.300394 -126.892830
585.300404 -127.228539
585.300413 -127.605553
585.300423 -127.990730
585.300433 -128.351959
585.300442 -128.661896
585.300452 -128.894745
585.300462 -128.954193
585.300471 -128.726120
585.300481 -128.313614
585.300490 -127.755798
585.300500 -127.129128
585.300510 -126.522057
585.300519 -126.011337
585.300529 -125.653748
585.300538 -125.486763
585.300548 -125.474167
585.300558 -125.533913
585.300567 -125.807182
585.300577 -126.309685
585.300587 -127.033401
585.300596 -127.953911
585.300606 -129.020569
585.300615 -130.147873
585.300625 -131.221039
585.300635 -132.138733
585.300644 -132.879135
585.300654 -133.530457
585.300663 -134.248108
585.300673 -135.199371
585.300683 -136.548477
585.300692 -138.490723
585.300702 -141.349869
585.300712 -145.897812
585.300721 -154.647430
585.300731 -146.892136
585.300740 -143.362320
585.300750 -141.272446
585.300760 -139.829285
585.300769 -138.580933
585.300779 -137.252762
585.300788 -135.761765
585.300798 -134.193970
585.300808 -132.697189
585.300817 -131.397858
585.300827 -130.384430
585.300837 -129.723206
585.300846 -129.474670
585.300856 -129.474472
585.300865 -129.739563
585.300875 -130.681808
585.300885 -132.642654
585.300894 -136.568649
585.300904 -141.040863
585.300913 -132.759674
585.300923 -128.459351
585.300933 -125.637123
585.300942 -123.652603
585.300952 -122.242676
585.300962 -121.272636
585.300971 -120.663704
585.300981 -120.364647
585.300990 -120.317520
585.301000 -120.338737
585.301010 -120.544540
585.301019 -120.952965
585.301029 -121.516945
585.301038 -122.159973
585.301048 -122.758232
585.301058 -123.136139
585.301067 -122.698997
585.301077 -121.912476
585.301087 -120.942436
585.301096 -119.929237
585.301106 -118.961464
585.301115 -118.086990
585.301125 -117.330597
585.301135 -116.705688
585.301144 -116.214874
585.301154 -115.867836
585.301163 -115.670334
585.301173 -115.617371
585.301183 -115.623695
585.301192 -115.725647
585.301202 -115.967552
585.301212 -116.333206
585.301221 -116.797035
585.301231 -117.325302
585.301240 -117.881546
585.301250 -118.436920
585.301260 -118.981293
585.301269 -119.527725
585.301279 -120.104378
585.301288 -120.736496
585.301298 -121.421982
585.301308 -122.103638
585.301317 -122.646088
585.301327 -122.580818
585.301337 -121.846138
585.301346 -120.816132
585.301356 -119.671486
585.301365 -118.535431
585.301375 -117.465973
585.301385 -116.505867
585.301394 -115.677345
585.301404 -114.984825
585.301413 -114.425232
585.301423 -113.988655
585.301433 -113.658119
585.301442 -113.409805
585.301452 -113.213669
585.301462 -113.035599
585.301471 -112.839020
585.301481 -112.591721
585.301490 -112.283485
585.301500 -111.916115
585.301510 -111.510872
585.301519 -111.105530
585.301529 -110.748268
585.301538 -110.491379
585.301548 -110.386841
585.301558 -110.385788
585.301567 -110.477715
585.301577 -110.821526
585.301587 -111.471809
585.301596 -112.484917
585.301606 -113.903099
585.301615 -115.658852
585.301625 -117.223061
585.301635 -115.592552
585.301644 -113.363861
585.301654 -111.364258
585.301663 -109.727280
585.301673 -108.416351
585.301683 -107.371040
585.301692 -106.537994
585.301702 -105.875420
585.301712 -105.352272
585.301721 -104.946892
585.301731 -104.645554
585.301740 -104.440948
585.301750 -104.330772
585.301760 -104.310280
585.301769 -104.316444
585.301779 -104.401909
585.301788 -104.589905
585.301798 -104.892776
585.301808 -105.321236
585.301817 -105.889038
585.301827 -106.614365
585.301837 -107.521942
585.301846 -108.646614
585.301856 -110.039619
585.301865 -111.781204
585.301875 -114.008438
585.301885 -116.988014
585.301894 -121.360947
585.301904 -129.434280
585.301913 -124.100502
585.301923 -120.048950
585.301933 -117.700188
585.301942 -116.200897
585.301952 -115.228714
585.301962 -114.610268
585.301971 -114.236755
585.301981 -114.028206
585.301990 -113.918976
585.302000 -113.852951
585.302010 -113.783867
585.302019 -113.678749
585.302029 -113.521339
585.302038 -113.313286
585.302048 -113.071617
585.302058 -112.823669
585.302067 -112.601173
585.302077 -112.432068
585.302087 -112.345764
585.302096 -112.339760
585.302106 -112.371422
585.302115 -112.531334
585.302125 -112.845726
585.302135 -113.334259
585.302144 -114.017502
585.302154 -114.918198
585.302163 -116.061424
585.302173 -117.470680
585.302183 -119.149834
585.302192 -121.021080
585.302202 -122.765335
585.302212 -123.361618
585.302221 -122.261520
585.302231 -121.077606
585.302240 -120.121971
585.302250 -119.477768
585.302260 -119.153793
585.302269 -119.105583
585.302279 -119.143646
585.302288 -119.429688
585.302298 -119.997643
585.302308 -120.836372
585.302317 -121.872665
585.302327 -122.918106
585.302337 -123.610481
585.302346 -122.936157
585.302356 -121.954010
585.302365 -120.998375
585.302375 -120.230675
585.302385 -119.703720
585.302394 -119.422997
585.302404 -119.366989
585.302413 -119.374100
585.302423 -119.529182
585.302433 -119.877937
585.302442 -120.392822
585.302452 -121.037941
585.302462 -121.762665
585.302471 -122.495110
585.302481 -123.139992
585.302490 -123.593040
585.302500 -123.678207
585.302510 -123.354591
585.302519 -122.896858
585.302529 -122.391907
585.302538 -121.903961
585.302548 -121.473480
585.302558 -121.122841
585.302567 -120.861832
585.302577 -120.691521
585.302587 -120.606987
585.302596 -120.581772
585.302606 -120.599251
585.302615 -120.657516
585.302625 -120.771080
585.302635 -120.932281
585.302644 -121.137924
585.302654 -121.390297
585.302663 -121.696266
585.302673 -122.065399
585.302683 -122.507088
585.302692 -123.020599
585.302702 -123.605614
585.302712 -124.262871
585.302721 -124.973831
585.302731 -125.706123
585.302740 -126.411591
585.302750 -127.029808
585.302760 -127.499649
585.302769 -127.779556
585.302779 -127.793472
585.302788 -127.610474
585.302798 -127.365913
585.302808 -127.081352
585.302817 -126.766029
585.302827 -126.436882
585.302837 -126.093506
585.302846 -125.743141
585.302856 -125.406166
585.302865 -125.115089
585.302875 -124.909904
585.302885 -124.829102
585.302894 -124.831673
585.302904 -124.919090
585.302913 -125.204803
585.302923 -125.715332
585.302933 -126.467384
585.302942 -127.459244
585.302952 -128.648621
585.302962 -129.911636
585.302971 -131.002670
585.302981 -131.625931
585.302990 -131.394882
585.303000 -131.050873
585.303010 -130.844147
585.303019 -130.816605
585.303029 -130.843063
585.303038 -131.030823
585.303048 -131.393219
585.303058 -131.856552
585.303067 -132.329880
585.303077 -132.729156
585.303087 -133.010803
585.303096 -133.191071
585.303106 -133.344833
585.303115 -133.556900
585.303125 -133.922653
585.303135 -134.539444
585.303144 -135.529175
585.303154 -137.086975
585.303163 -139.597992
585.303173 -144.126892
585.303183 -145.731323
585.303192 -138.822693
585.303202 -134.786789
585.303212 -131.973175
585.303221 -129.879257
585.303231 -128.286316
585.303240 -127.079147
585.303250 -126.191727
585.303260 -125.582932
585.303269 -125.226372
585.303279 -125.104553
585.303288 -125.103279
585.303298 -125.206757
585.303308 -125.520935
585.303317 -126.039948
585.303327 -126.759872
585.303337 -127.663300
585.303346 -128.703491
585.303356 -129.769012
585.303365 -130.642273
585.303375 -130.810715
585.303385 -130.111099
585.303394 -129.230438
585.303404 -128.391525
585.303413 -127.708847
585.303423 -127.229065
585.303433 -126.965805
585.303442 -126.900795
585.303452 -126.918022
585.303462 -127.075638
585.303471 -127.418549
585.303481 -127.911690
585.303490 -128.496063
585.303500 -129.081268
585.303510 -129.553375
585.303519 -129.814209
585.303529 -129.681610
585.303538 -129.459335
585.303548 -129.272308
585.303558 -129.189056
585.303567 -129.186951
585.303577 -129.242966
585.303587 -129.437210
585.303596 -129.751221
585.303606 -130.141602
585.303615 -130.544998
585.303625 -130.881989
585.303635 -131.050995
585.303644 -130.798538
585.303654 -130.339737
585.303663 -129.739166
585.303673 -129.077377
585.303683 -128.432007
585.303692 -127.865501
585.303702 -127.422707
585.303712 -127.131989
585.303721 -127.008286
585.303731 -126.999664
585.303740 -127.055260
585.303750 -127.265030
585.303760 -127.616043
585.303769 -128.067245
585.303779 -128.547119
585.303788 -128.945770
585.303798 -128.966461
585.303808 -128.447250
585.303817 -127.651543
585.303827 -126.715767
585.303837 -125.762756
585.303846 -124.878998
585.303856 -124.118858
585.303865 -123.516708
585.303875 -123.096153
585.303885 -122.875755
585.303894 -122.843269
585.303904 -122.872253
585.303913 -123.101456
585.303923 -123.564972
585.303933 -124.280823
585.303942 -125.238998
585.303952 -126.382309
585.303962 -127.545090
585.303971 -128.393097
585.303981 -127.967781
585.303990 -126.983063
585.304000 -125.933960
585.304010 -124.993942
585.304019 -124.202225
585.304029 -123.592041
585.304038 -123.160149
585.304048 -122.899933
585.304058 -122.808723
585.304067 -122.808601
585.304077 -122.887970
585.304087 -123.140289
585.304096 -123.567902
585.304106 -124.169769
585.304115 -124.938042
585.304125 -125.853729
585.304135 -126.880379
585.304144 -127.953865
585.304154 -128.981293
585.304163 -129.856750
585.304173 -130.467468
585.304183 -130.664154
585.304192 -130.296814
585.304202 -129.742569
585.304212 -129.098923
585.304221 -128.446548
585.304231 -127.844917
585.304240 -127.334488
585.304250 -126.941742
585.304260 -126.683800
585.304269 -126.572922
585.304279 -126.567055
585.304288 -126.620140
585.304298 -126.837784
585.304308 -127.242538
585.304317 -127.859299
585.304327 -128.725433
585.304337 -129.899475
585.304346 -131.477219
585.304356 -133.631165
585.304365 -136.720367
585.304375 -141.693268
585.304385 -147.316132
585.304394 -140.169327
585.304404 -136.678726
585.304413 -134.570358
585.304423 -133.222794
585.304433 -132.360245
585.304442 -131.812302
585.304452 -131.440109
585.304462 -131.110809
585.304471 -130.704468
585.304481 -130.142532
585.304490 -129.412735
585.304500 -128.560501
585.304510 -127.655037
585.304519 -126.758057
585.304529 -125.912918
585.304538 -125.137894
585.304548 -124.455795
585.304558 -123.877319
585.304567 -123.407089
585.304577 -123.048096
585.304587 -122.802788
585.304596 -122.672958
585.304606 -122.649292
585.304615 -122.660172
585.304625 -122.765450
585.304635 -122.986549
585.304644 -123.321877
585.304654 -123.775673
585.304663 -124.348480
585.304673 -125.041885
585.304683 -125.859116
585.304692 -126.806580
585.304702 -127.894478
585.304712 -129.137863
585.304721 -130.553207
585.304731 -132.147766
585.304740 -133.882095
585.304750 -135.580200
585.304760 -136.805283
585.304769 -136.329926
585.304779 -135.220093
585.304788 -134.136429
585.304798 -133.247787
585.304808 -132.594757
585.304817 -132.173355
585.304827 -131.969055
585.304837 -131.937332
585.304846 -131.964066
585.304856 -132.134445
585.304865 -132.431015
585.304875 -132.747711
585.304885 -132.579407
585.304894 -131.694138
585.304904 -130.359787
585.304913 -128.847260
585.304923 -127.373230
585.304933 -126.053665
585.304942 -124.937225
585.304952 -124.039406
585.304962 -123.361649
585.304971 -122.900414
585.304981 -122.650841
585.304990 -122.598305
585.305000 -122.608696
585.305010 -122.771118
585.305019 -123.136475
585.305029 -123.706047
585.305038 -124.485298
585.305048 -125.486877
585.305058 -126.736687
585.305067 -128.285477
585.305077 -130.232437
585.305087 -132.778152
585.305096 -136.357162
585.305106 -141.828720
585.305115 -138.313110
585.305125 -133.971237
585.305135 -131.035889
585.305144 -128.900894
585.305154 -127.288780
585.305163 -126.058350
585.305173 -125.129456
585.305183 -124.452255
585.305192 -123.993813
585.305202 -123.730797
585.305212 -123.646584
585.305221 -123.646591
585.305231 -123.728378
585.305240 -123.968552
585.305250 -124.362251
585.305260 -124.905495
585.305269 -125.598534
585.305279 -126.446304
585.305288 -127.457924
585.305298 -128.650177
585.305308 -130.052094
585.305317 -131.715546
585.305327 -133.735275
585.305337 -136.300156
585.305346 -139.776703
585.305356 -145.063904
585.305365 -144.008270
585.305375 -139.218948
585.305385 -136.105072
585.305394 -133.907211
585.305404 -132.320251
585.305413 -131.189453
585.305423 -130.436646
585.305433 -130.020782
585.305442 -129.914902
585.305452 -129.918945
585.305462 -130.118973
585.305471 -130.605438
585.305481 -131.352280
585.305490 -132.296219
585.305500 -133.297989
585.305510 -134.109558
585.305519 -134.221756
585.305529 -133.608231
585.305538 -132.865616
585.305548 -132.160782
585.305558 -131.537781
585.305567 -131.039551
585.305577 -130.661377
585.305587 -130.391693
585.305596 -130.222656
585.305606 -130.150345
585.305615 -130.136719
585.305625 -130.172501
585.305635 -130.283127
585.305644 -130.469803
585.305654 -130.709839
585.305663 -130.970886
585.305673 -131.213165
585.305683 -131.398621
585.305692 -131.501083
585.305702 -131.461548
585.305712 -131.372910
585.305721 -131.293076
585.305731 -131.264893
585.305740 -131.265839
585.305750 -131.320206
585.305760 -131.499664
585.305769 -131.830307
585.305779 -132.323898
585.305788 -132.969208
585.305798 -133.712067
585.305808 -134.425735
585.305817 -134.895264
585.305827 -134.465942
585.305837 -133.688339
585.305846 -132.828491
585.305856 -132.057419
585.305865 -131.471619
585.305875 -131.120224
585.305885 -131.025055
585.305894 -131.023972
585.305904 -131.203278
585.305913 -131.625092
585.305923 -132.220001
585.305933 -132.815125
585.305942 -132.938629
585.305952 -132.293732
585.305962 -131.484024
585.305971 -130.781204
585.305981 -130.343704
585.305990 -130.236710
585.306000 -130.247070
585.306010 -130.513840
585.306019 -131.150757
585.306029 -132.159378
585.306038 -133.467346
585.306048 -134.866226
585.306058 -135.955505
585.306067 -136.254135
585.306077 -136.065140
585.306087 -136.054657
585.306096 -136.201614
585.306106 -136.907120
585.306115 -138.395523
585.306125 -141.029022
585.306135 -145.748413
585.306144 -145.424622
585.306154 -140.302475
585.306163 -137.179550
585.306173 -135.094406
585.306183 -133.637833
585.306192 -132.602264
585.306202 -131.866928
585.306212 -131.356598
585.306221 -131.024872
585.306231 -130.844330
585.306240 -130.798904
585.306250 -130.800797
585.306260 -130.881958
585.306269 -131.071747
585.306279 -131.363480
585.306288 -131.731018
585.306298 -132.135330
585.306308 -132.529709
585.306317 -132.867325
585.306327 -133.111298
585.306337 -133.213806
585.306346 -133.017990
585.306356 -132.654816
585.306365 -132.135925
585.306375 -131.504593
585.306385 -130.827118
585.306394 -130.173935
585.306404 -129.603394
585.306413 -129.156418
585.306423 -128.856934
585.306433 -128.713058
585.306442 -128.700989
585.306452 -128.731766
585.306462 -128.906952
585.306471 -129.219421
585.306481 -129.648148
585.306490 -130.160507
585.306500 -130.710571
585.306510 -131.240433
585.306519 -131.689545
585.306529 -132.011322
585.306538 -132.192673
585.306548 -132.253860
585.306558 -132.250687
585.306567 -132.250336
585.306577 -132.274948
585.306587 -132.349564
585.306596 -132.500015
585.306606 -132.729050
585.306615 -133.036072
585.306625 -133.422272
585.306635 -133.891449
585.306644 -134.425079
585.306654 -135.025085
585.306663 -135.634689
585.306673 -136.120712
585.306683 -135.927368
585.306692 -135.112183
585.306702 -134.042160
585.306712 -132.939011
585.306721 -131.940552
585.306731 -131.106674
585.306740 -130.449753
585.306750 -129.954575
585.306760 -129.588699
585.306769 -129.307159
585.306779 -129.058838
585.306788 -128.795135
585.306798 -128.482330
585.306808 -128.111160
585.306817 -127.696800
585.306827 -127.270355
585.306837 -126.866394
585.306846 -126.514641
585.306856 -126.235435
585.306865 -126.040039
585.306875 -125.931335
585.306885 -125.904739
585.306894 -125.905258
585.306904 -125.955193
585.306913 -126.056458
585.306923 -126.199547
585.306933 -126.371063
585.306942 -126.556885
585.306952 -126.750107
585.306962 -126.954941
585.306971 -127.189255
585.306981 -127.483849
585.306990 -127.880135
585.307000 -128.427551
585.307010 -129.183151
585.307019 -130.214645
585.307029 -131.591461
585.307038 -133.441193
585.307048 -135.928894
585.307058 -139.196564
585.307067 -141.946136
585.307077 -138.921707
585.307087 -136.349976
585.307096 -134.501480
585.307106 -133.187805
585.307115 -132.245468
585.307125 -131.559753
585.307135 -131.062180
585.307144 -130.700455
585.307154 -130.443436
585.307163 -130.278320
585.307173 -130.202530
585.307183 -130.195496
585.307192 -130.219269
585.307202 -130.346512
585.307212 -130.592743
585.307221 -130.957779
585.307231 -131.427139
585.307240 -131.966812
585.307250 -132.519577
585.307260 -133.010269
585.307269 -133.364151
585.307279 -133.524719
585.307288 -133.423553
585.307298 -133.224045
585.307308 -132.988724
585.307317 -132.738235
585.307327 -132.478424
585.307337 -132.210251
585.307346 -131.935913
585.307356 -131.663132
585.307365 -131.404709
585.307375 -131.176224
585.307385 -130.993225
585.307394 -130.869064
585.307404 -130.813553
585.307413 -130.810135
585.307423 -130.832901
585.307433 -130.922592
585.307442 -131.088242
585.307452 -131.326553
585.307462 -131.631210
585.307471 -131.996277
585.307481 -132.416672
585.307490 -132.891388
585.307500 -133.423508
585.307510 -134.007126
585.307519 -134.641998
585.307529 -135.316086
585.307538 -135.978683
585.307548 -136.534134
585.307558 -136.853622
585.307567 -136.655472
585.307577 -136.290771
585.307587 -135.951202
585.307596 -135.756653
585.307606 -135.724228
585.307615 -135.785767
585.307625 -136.090103
585.307635 -136.708542
585.307644 -137.682495
585.307654 -139.061646
585.307663 -140.901947
585.307673 -143.184708
585.307683 -145.402924
585.307692 -143.867035
585.307702 -141.319534
585.307712 -139.051056
585.307721 -137.139175
585.307731 -135.510712
585.307740 -134.092346
585.307750 -132.820709
585.307760 -131.682877
585.307769 -130.663895
585.307779 -129.761063
585.307788 -128.979431
585.307798 -128.328110
585.307808 -127.817070
585.307817 -127.455322
585.307827 -127.248680
585.307837 -127.188614
585.307846 -127.198677
585.307856 -127.300140
585.307865 -127.538277
585.307875 -127.884758
585.307885 -128.293762
585.307894 -128.699905
585.307904 -129.026352
585.307913 -129.203247
585.307923 -129.040527
585.307933 -128.771530
585.307942 -128.461533
585.307952 -128.166473
585.307962 -127.926048
585.307971 -127.765923
585.307981 -127.695831
585.307990 -127.691971
585.308000 -127.727783
585.308010 -127.872917
585.308019 -128.133667
585.308029 -128.509995
585.308038 -128.998489
585.308048 -129.593628
585.308058 -130.288895
585.308067 -131.082336
585.308077 -131.982895
585.308087 -133.020233
585.308096 -134.254913
585.308106 -135.791779
585.308115 -137.805817
585.308125 -140.614227
585.308135 -144.843414
585.308144 -152.198532
585.308154 -145.692902
585.308163 -142.337433
585.308173 -140.557251
585.308183 -139.781128
585.308192 -139.700516
585.308202 -139.817551
585.308212 -140.631454
585.308221 -142.329941
585.308231 -145.261887
585.308240 -150.485062
585.308250 -153.892746
585.308260 -148.451935
585.308269 -146.152161
585.308279 -145.472382
585.308288 -145.471481
585.308298 -146.089096
585.308308 -148.084305
585.308317 -150.338654
585.308327 -145.454407
585.308337 -141.478134
585.308346 -138.552612
585.308356 -136.346802
585.308365 -134.656296
585.308375 -133.380844
585.308385 -132.457306
585.308394 -131.855209
585.308404 -131.555588
585.308413 -131.520584
585.308423 -131.574982
585.308433 -131.934784
585.308442 -132.663910
585.308452 -133.778671
585.308462 -135.196106
585.308471 -136.465347
585.308481 -135.061523
585.308490 -132.961090
585.308500 -131.009689
585.308510 -129.417282
585.308519 -128.195389
585.308529 -127.314484
585.308538 -126.745148
585.308548 -126.465508
585.308558 -126.416023
585.308567 -126.458267
585.308577 -126.712891
585.308587 -127.199669
585.308596 -127.866241
585.308606 -128.596909
585.308615 -129.184143
585.308625 -129.050385
585.308635 -128.341217
585.308644 -127.497292
585.308654 -126.713058
585.308663 -126.090767
585.308673 -125.670769
585.308683 -125.462837
585.308692 -125.429169
585.308702 -125.463539
585.308712 -125.663963
585.308721 -126.052818
585.308731 -126.617813
585.308740 -127.344322
585.308750 -128.213760
585.308760 -129.199219
585.308769 -130.260147
585.308779 -131.335846
585.308788 -132.343460
585.308798 -133.189407
585.308808 -133.800888
585.308817 -134.160828
585.308827 -134.310287
585.308837 -134.281128
585.308846 -134.168259
585.308856 -134.030243
585.308865 -133.858688
585.308875 -133.646210
585.308885 -133.402451
585.308894 -133.159637
585.308904 -132.969040
585.308913 -132.888168
585.308923 -132.890060
585.308933 -132.984482
585.308942 -133.310822
585.308952 -133.930069
585.308962 -134.910965
585.308971 -136.339478
585.308981 -138.322296
585.308990 -140.933380
585.309000 -143.766983
585.309010 -142.936600
585.309019 -140.814560
585.309029 -139.348969
585.309038 -138.596970
585.309048 -138.448502
585.309058 -138.501068
585.309067 -138.989334
585.309077 -139.830826
585.309087 -138.935226
585.309096 -136.352234
585.309106 -133.648285
585.309115 -131.306366
585.309125 -129.391953
585.309135 -127.870972
585.309144 -126.699547
585.309154 -125.842178
585.309163 -125.272667
585.309173 -124.972420
585.309183 -124.910988
585.309192 -124.928505
585.309202 -125.131805
585.309212 -125.574898
585.309221 -126.251358
585.309231 -127.152946
585.309240 -128.267120
585.309250 -129.572144
585.309260 -131.033539
585.309269 -132.601349
585.309279 -134.219681
585.309288 -135.852600
585.309298 -137.527222
585.309308 -139.364792
585.309317 -141.517151
585.309327 -144.118469
585.309337 -145.034714
585.309346 -141.663834
585.309356 -138.616409
585.309365 -136.227158
585.309375 -134.380920
585.309385 -132.951828
585.309394 -131.858444
585.309404 -131.043915
585.309413 -130.458832
585.309423 -130.061157
585.309433 -129.814072
585.309442 -129.683594
585.309452 -129.634933
585.309462 -129.630814
585.309471 -129.660202
585.309481 -129.726898
585.309490 -129.832428
585.309500 -129.976349
585.309510 -130.163651
585.309519 -130.400742
585.309529 -130.692230
585.309538 -131.037247
585.309548 -131.427246
585.309558 -131.843033
585.309567 -132.253723
585.309577 -132.616455
585.309587 -132.879425
585.309596 -132.899490
585.309606 -132.590866
585.309615 -132.072220
585.309625 -131.383514
585.309635 -130.580933
585.309644 -129.724701
585.309654 -128.867859
585.309663 -128.051147
585.309673 -127.303291
585.309683 -126.642052
585.309692 -126.076859
585.309702 -125.610718
585.309712 -125.242142
585.309721 -124.965950
585.309731 -124.774857
585.309740 -124.659569
585.309750 -124.609863
585.309760 -124.600433
585.309769 -124.614227
585.309779 -124.660065
585.309788 -124.732918
585.309798 -124.816673
585.309808 -124.892914
585.309817 -124.939522
585.309827 -124.908440
585.309837 -124.817909
585.309846 -124.696701
585.309856 -124.574059
585.309865 -124.486969
585.309875 -124.457878
585.309885 -124.474907
585.309894 -124.576584
585.309904 -124.828072
585.309913 -125.264465
585.309923 -125.921944
585.309933 -126.842850
585.309942 -128.074097
585.309952 -129.697418
585.309962 -131.847641
585.309971 -134.750885
585.309981 -138.774841
585.309990 -142.370743
585.310000 -138.424820
585.310010 -135.653641
585.310019 -133.850845
585.310029 -132.701080
585.310038 -132.028687
585.310048 -131.737579
585.310058 -131.709335
585.310067 -131.776703
585.310077 -132.121506
585.310087 -132.768051
585.310096 -133.731323
585.310106 -135.050095
585.310115 -136.781403
585.310125 -139.055588
585.310135 -142.078644
585.310144 -145.911728
585.310154 -145.263550
585.310163 -141.767319
585.310173 -139.060013
585.310183 -136.942612
585.310192 -135.199478
585.310202 -133.697968
585.310212 -132.366013
585.310221 -131.171005
585.310231 -130.105560
585.310240 -129.175293
585.310250 -128.390411
585.310260 -127.760147
585.310269 -127.282272
585.310279 -126.959450
585.310288 -126.790794
585.310298 -126.753181
585.310308 -126.758598
585.310317 -126.856247
585.310327 -127.038322
585.310337 -127.269867
585.310346 -127.505814
585.310356 -127.697906
585.310365 -127.819153
585.310375 -127.863884
585.310385 -127.822418
585.310394 -127.767662
585.310404 -127.730339
585.310413 -127.711662
585.310423 -127.718498
585.310433 -127.763260
585.310442 -127.849121
585.310452 -127.968369
585.310462 -128.116913
585.310471 -128.290604
585.310481 -128.486084
585.310490 -128.702820
585.310500 -128.943268
585.310510 -129.211151
585.310519 -129.497772
585.310529 -129.811981
585.310538 -130.145615
585.310548 -130.478546
585.310558 -130.777252
585.310567 -130.999054
585.310577 -131.075531
585.310587 -130.929184
585.310596 -130.715134
585.310606 -130.500275
585.310615 -130.353119
585.310625 -130.316040
585.310635 -130.334610
585.310644 -130.498657
585.310654 -130.896164
585.310663 -131.585632
585.310673 -132.645370
585.310683 -134.201675
585.310692 -136.490112
585.310702 -140.055969
585.310712 -146.708923
585.310721 -143.203629
585.310731 -138.291718
585.310740 -135.348190
585.310750 -133.353058
585.310760 -131.939407
585.310769 -130.923065
585.310779 -130.198624
585.310788 -129.699753
585.310798 -129.380783
585.310808 -129.208481
585.310817 -129.155075
585.310827 -129.154694
585.310837 -129.183167
585.310846 -129.260086
585.310856 -129.344742
585.310865 -129.305023
585.310875 -129.075134
585.310885 -128.680588
585.310894 -128.151581
585.310904 -127.541183
585.310913 -126.903992
585.310923 -126.279793
585.310933 -125.683334
585.310942 -125.120293
585.310952 -124.592880
585.310962 -124.090126
585.310971 -123.601746
585.310981 -123.123314
585.310990 -122.658577
585.311000 -122.219528
585.311010 -121.823555
585.311019 -121.490097
585.311029 -121.237389
585.311038 -121.080681
585.311048 -121.031006
585.311058 -121.030487
585.311067 -121.096809
585.311077 -121.281319
585.311087 -121.586235
585.311096 -122.010818
585.311106 -122.552216
585.311115 -123.204948
585.311125 -123.959846
585.311135 -124.801727
585.311144 -125.706963
585.311154 -126.640984
585.311163 -127.558289
585.311173 -128.406906
585.311183 -129.138901
585.311192 -129.720886
585.311202 -130.138229
585.311212 -130.389404
585.311221 -130.405151
585.311231 -130.184052
585.311240 -129.835312
585.311250 -129.386322
585.311260 -128.866638
585.311269 -128.298889
585.311279 -127.699364
585.311288 -127.082588
585.311298 -126.467705
585.311308 -125.880821
585.311317 -125.353882
585.311327 -124.920631
585.311337 -124.613289
585.311346 -124.460106
585.311356 -124.441376
585.311365 -124.486275
585.311375 -124.713928
585.311385 -125.165001
585.311394 -125.863647
585.311404 -126.839027
585.311413 -128.128021
585.311423 -129.776123
585.311433 -131.823746
585.311442 -134.228409
585.311452 -136.544174
585.311462 -136.428970
585.311471 -134.659683
585.311481 -133.041290
585.311490 -131.742203
585.311500 -130.718933
585.311510 -129.925644
585.311519 -129.327393
585.311529 -128.898254
585.311538 -128.628983
585.311548 -128.522568
585.311558 -128.521210
585.311567 -128.591690
585.311577 -128.855698
585.311587 -129.340836
585.311596 -130.080688
585.311606 -131.118744
585.311615 -132.508865
585.311625 -134.307632
585.311635 -136.518341
585.311644 -138.841751
585.311654 -139.492950
585.311663 -137.930466
585.311673 -136.564713
585.311683 -135.691895
585.311692 -135.335388
585.311702 -135.327042
585.311712 -135.481323
585.311721 -136.133835
585.311731 -137.326187
585.311740 -139.154388
585.311750 -141.826263
585.311760 -145.675354
585.311769 -148.956879
585.311779 -144.939911
585.311788 -142.007645
585.311798 -139.923065
585.311808 -138.326767
585.311817 -136.997528
585.311827 -135.797638
585.311837 -134.652527
585.311846 -133.530106
585.311856 -132.423904
585.311865 -131.345428
585.311875 -130.313934
585.311885 -129.349396
585.311894 -128.468552
585.311904 -127.683769
585.311913 -127.002998
585.311923 -126.431053
585.311933 -125.970940
585.311942 -125.625443
585.311952 -125.398277
585.311962 -125.295486
585.311971 -125.290649
585.311981 -125.326363
585.311990 -125.503677
585.312000 -125.844650
585.312010 -126.371284
585.312019 -127.110374
585.312029 -128.092911
585.312038 -129.349121
585.312048 -130.891815
585.312058 -132.658096
585.312067 -134.358780
585.312077 -135.069580
585.312087 -134.000259
585.312096 -132.808929
585.312106 -131.814865
585.312115 -131.086090
585.312125 -130.600067
585.312135 -130.306198
585.312144 -130.145905
585.312154 -130.070084
585.312163 -130.023941
585.312173 -129.956238
585.312183 -129.826126
585.312192 -129.614944
585.312202 -129.318054
585.312212 -128.949036
585.312221 -128.536469
585.312231 -128.118042
585.312240 -127.733826
585.312250 -127.420975
585.312260 -127.211044
585.312269 -127.129578
585.312279 -127.129227
585.312288 -127.197586
585.312298 -127.427345
585.312308 -127.839149
585.312317 -128.450012
585.312327 -129.280167
585.312337 -130.355927
585.312346 -131.713974
585.312356 -133.406174
585.312365 -135.504578
585.312375 -138.092224
585.312385 -141.154984
585.312394 -143.997543
585.312404 -143.092957
585.312413 -141.464783
585.312423 -140.378036
585.312433 -139.863007
585.312442 -139.791611
585.312452 -139.869705
585.312462 -140.369888
585.312471 -141.370346
585.312481 -142.918900
585.312490 -145.114136
585.312500 -148.100586
585.312510 -151.848038
585.312519 -153.422577
585.312529 -151.332077
585.312538 -150.082092
585.312548 -149.738983
585.312558 -149.735992
585.312567 -150.187073
585.312577 -150.933655
585.312587 -148.409180
585.312596 -144.804459
585.312606 -141.423172
585.312615 -138.512009
585.312625 -136.032135
585.312635 -133.915283
585.312644 -132.107849
585.312654 -130.570511
585.312663 -129.275146
585.312673 -128.200867
585.312683 -127.332840
585.312692 -126.660141
585.312702 -126.175583
585.312712 -125.875137
585.312721 -125.758034
585.312731 -125.752235
585.312740 -125.826691
585.312750 -126.086082
585.312760 -126.543884
585.312769 -127.209938
585.312779 -128.087082
585.312788 -129.177811
585.312798 -130.474930
585.312808 -131.925262
585.312817 -133.389923
585.312827 -134.602707
585.312837 -135.228302
585.312846 -134.742691
585.312856 -134.061813
585.312865 -133.330643
585.312875 -132.610641
585.312885 -131.933243
585.312894 -131.302048
585.312904 -130.727142
585.312913 -130.225113
585.312923 -129.811737
585.312933 -129.496857
585.312942 -129.279099
585.312952 -129.143402
585.312962 -129.058884
585.312971 -128.979630
585.312981 -128.850861
585.312990 -128.624344
585.313000 -128.276932
585.313010 -127.822784
585.313019 -127.307587
585.313029 -126.791588
585.313038 -126.332993
585.313048 -125.980202
585.313058 -125.767662
585.313067 -125.714478
585.313077 -125.721764
585.313087 -125.874466
585.313096 -126.247749
585.313106 -126.864861
585.313115 -127.752251
585.313125 -128.941254
585.313135 -130.469208
585.313144 -132.376831
585.313154 -134.688934
585.313163 -137.337601
585.313173 -139.916077
585.313183 -141.397629
585.313192 -140.604492
585.313202 -139.755035
585.313212 -138.911880
585.313221 -138.052597
585.313231 -137.088135
585.313240 -136.022903
585.313250 -134.928452
585.313260 -133.887299
585.313269 -132.957413
585.313279 -132.168137
585.313288 -131.524292
585.313298 -131.011627
585.313308 -130.599289
585.313317 -130.242630
585.313327 -129.889633
585.313337 -129.493561
585.313346 -129.026611
585.313356 -128.488800
585.313365 -127.902786
585.313375 -127.301956
585.313385 -126.716843
585.313394 -126.169823
585.313404 -125.673592
585.313413 -125.234467
585.313423 -124.855415
585.313433 -124.539017
585.313442 -124.288933
585.313452 -124.110512
585.313462 -124.010094
585.313471 -123.988396
585.313481 -123.994225
585.313490 -124.068138
585.313500 -124.233902
585.313510 -124.489532
585.313519 -124.827789
585.313529 -125.235077
585.313538 -125.691719
585.313548 -126.173126
585.313558 -126.652580
585.313567 -127.105042
585.313577 -127.511612
585.313587 -127.862175
585.313596 -128.156509
585.313606 -128.402618
585.313615 -128.614517
585.313625 -128.809052
585.313635 -129.002930
585.313644 -129.208023
585.313654 -129.427612
585.313663 -129.651596
585.313673 -129.856064
585.313683 -130.001999
585.313692 -130.048294
585.313702 -129.949402
585.313712 -129.826035
585.313721 -129.737396
585.313731 -129.710175
585.313740 -129.731537
585.313750 -129.870895
585.313760 -130.159851
585.313769 -130.614899
585.313779 -131.231400
585.313788 -131.990402
585.313798 -132.862442
585.313808 -133.811996
585.313817 -134.809525
585.313827 -135.843460
585.313837 -136.929642
585.313846 -138.104599
585.313856 -139.408005
585.313865 -140.836365
585.313875 -142.287216
585.313885 -143.538040
585.313894 -143.861008
585.313904 -142.743317
585.313913 -141.165787
585.313923 -139.398346
585.313933 -137.647766
585.313942 -136.011505
585.313952 -134.550247
585.313962 -133.301682
585.313971 -132.286407
585.313981 -131.515594
585.313990 -130.995163
585.314000 -130.730301
585.314010 -130.694122
585.314019 -130.727982
585.314029 -130.999878
585.314038 -131.559067
585.314048 -132.438202
585.314058 -133.684967
585.314067 -135.373001
585.314077 -137.623932
585.314087 -140.638519
585.314096 -144.692825
585.314106 -148.915878
585.314115 -145.689072
585.314125 -143.108597
585.314135 -140.977753
585.314144 -138.853958
585.314154 -136.603821
585.314163 -134.337952
585.314173 -132.210220
585.314183 -130.312317
585.314192 -128.677536
585.314202 -127.305946
585.314212 -126.183243
585.314221 -125.289429
585.314231 -124.602867
585.314240 -124.100899
585.314250 -123.760384
585.314260 -123.557121
585.314269 -123.466537
585.314279 -123.448837
585.314288 -123.464790
585.314298 -123.531143
585.314308 -123.651077
585.314317 -123.819778
585.314327 -124.043571
585.314337 -124.339668
585.314346 -124.733559
585.314356 -125.255981
585.314365 -125.932175
585.314375 -126.790840
585.314385 -127.865196
585.314394 -129.164215
585.314404 -130.650085
585.314413 -132.165924
585.314423 -133.336731
585.314433 -133.124847
585.314442 -132.093719
585.314452 -130.994812
585.314462 -130.010452
585.314471 -129.185211
585.314481 -128.509354
585.314490 -127.957985
585.314500 -127.505455
585.314510 -127.131035
585.314519 -126.820396
585.314529 -126.566513
585.314538 -126.368507
585.314548 -126.231285
585.314558 -126.163979
585.314567 -126.158417
585.314577 -126.179565
585.314587 -126.293907
585.314596 -126.526184
585.314606 -126.899345
585.314615 -127.441742
585.314625 -128.181992
585.314635 -129.168320
585.314644 -130.457214
585.314654 -132.114929
585.314663 -134.182693
585.314673 -136.479965
585.314683 -137.277969
585.314692 -135.193558
585.314702 -133.119751
585.314712 -131.429337
585.314721 -130.111557
585.314731 -129.091354
585.314740 -128.295197
585.314750 -127.659805
585.314760 -127.131721
585.314769 -126.666634
585.314779 -126.230118
585.314788 -125.798584
585.314798 -125.357422
585.314808 -124.904610
585.314817 -124.448692
585.314827 -124.001335
585.314837 -123.576317
585.314846 -123.187164
585.314856 -122.845596
585.314865 -122.561348
585.314875 -122.342430
585.314885 -122.195839
585.314894 -122.128624
585.314904 -122.118149
585.314913 -122.148376
585.314923 -122.266838
585.314933 -122.494194
585.314942 -122.845459
585.314952 -123.336418
585.314962 -123.982292
585.314971 -124.793076
585.314981 -125.762718
585.314990 -126.845901
585.315000 -127.915848
585.315010 -128.726654
585.315019 -128.614899
585.315029 -127.818260
585.315038 -126.892357
585.315048 -126.031410
585.315058 -125.325645
585.315067 -124.809715
585.315077 -124.493614
585.315087 -124.386467
585.315096 -124.386520
585.315106 -124.507133
585.315115 -124.874344
585.315125 -125.519157
585.315135 -126.489189
585.315144 -127.852654
585.315154 -129.731476
585.315163 -132.347580
585.315173 -136.165070
585.315183 -142.320160
585.315192 -141.086777
585.315202 -137.285416
585.315212 -135.292664
585.315221 -134.266205
585.315231 -133.749496
585.315240 -133.322128
585.315250 -132.555527
585.315260 -131.248581
585.315269 -129.577026
585.315279 -127.844147
585.315288 -126.248093
585.315298 -124.869545
585.315308 -123.726372
585.315317 -122.811211
585.315327 -122.103645
585.315337 -121.591225
585.315346 -121.262817
585.315356 -121.106087
585.315365 -121.085327
585.315375 -121.111847
585.315385 -121.273773
585.315394 -121.588852
585.315404 -122.058205
585.315413 -122.688202
585.315423 -123.491974
585.315433 -124.492615
585.315442 -125.727051
585.315452 -127.252472
585.315462 -129.151779
585.315471 -131.518005
585.315481 -134.276031
585.315490 -135.341995
585.315500 -132.728775
585.315510 -130.306854
585.315519 -128.403793
585.315529 -126.958809
585.315538 -125.886665
585.315548 -125.124023
585.315558 -124.626198
585.315567 -124.360405
585.315577 -124.295700
585.315587 -124.300156
585.315596 -124.421257
585.315606 -124.697472
585.315615 -125.098854
585.315625 -125.588097
585.315635 -126.117859
585.315644 -126.627663
585.315654 -127.044098
585.315663 -127.288490
585.315673 -127.060944
585.315683 -126.615814
585.315692 -126.047844
585.315702 -125.448517
585.315712 -124.892563
585.315721 -124.430199
585.315731 -124.088943
585.315740 -123.878128
585.315750 -123.790794
585.315760 -123.786652
585.315769 -123.821060
585.315779 -123.949181
585.315788 -124.151062
585.315798 -124.400414
585.315808 -124.672211
585.315817 -124.946007
585.315827 -125.209412
585.315837 -125.459930
585.315846 -125.705643
585.315856 -125.963753
585.315865 -126.258430
585.315875 -126.615593
585.315885 -127.065216
585.315894 -127.640739
585.315904 -128.374573
585.315913 -129.300522
585.315923 -130.454239
585.315933 -131.869476
585.315942 -133.559937
585.315952 -135.450699
585.315962 -137.184830
585.315971 -137.310135
585.315981 -135.882126
585.315990 -134.409531
585.316000 -133.177261
585.316010 -132.241562
585.316019 -131.596115
585.316029 -131.223541
585.316038 -131.104568
585.316048 -131.109039
585.316058 -131.241425
585.316067 -131.609009
585.316077 -132.196686
585.316087 -132.979218
585.316096 -133.912445
585.316106 -134.924210
585.316115 -135.912323
585.316125 -136.764359
585.316135 -137.405106
585.316144 -137.838089
585.316154 -138.139038
585.316163 -138.405350
585.316173 -138.715256
585.316183 -139.103760
585.316192 -139.545914
585.316202 -139.917831
585.316212 -139.454956
585.316221 -138.328812
585.316231 -136.852066
585.316240 -135.319839
585.316250 -133.912842
585.316260 -132.706833
585.316269 -131.708282
585.316279 -130.904083
585.316288 -130.275955
585.316298 -129.783432
585.316308 -129.381165
585.316317 -129.027023
585.316327 -128.690704
585.316337 -128.362320
585.316346 -128.053329
585.316356 -127.790604
585.316365 -127.606750
585.316375 -127.531151
585.316385 -127.520798
585.316394 -127.584946
585.316404 -127.776550
585.316413 -128.097992
585.316423 -128.516968
585.316433 -128.965057
585.316442 -129.326950
585.316452 -129.249435
585.316462 -128.709183
585.316471 -127.958237
585.316481 -127.151558
585.316490 -126.411606
585.316500 -125.814949
585.316510 -125.403084
585.316519 -125.196579
585.316529 -125.165169
585.316538 -125.203918
585.316548 -125.426392
585.316558 -125.860001
585.316567 -126.496857
585.316577 -127.325073
585.316587 -128.330032
585.316596 -129.496384
585.316606 -130.813858
585.316615 -132.284241
585.316625 -133.928741
585.316635 -135.788162
585.316644 -137.902237
585.316654 -140.230026
585.316663 -142.428253
585.316673 -143.555756
585.316683 -142.878555
585.316692 -142.421555
585.316702 -142.368073
585.316712 -142.435211
585.316721 -142.793991
585.316731 -142.439850
585.316740 -140.576248
585.316750 -138.256882
585.316760 -136.102768
585.316769 -134.308609
585.316779 -132.887222
585.316788 -131.798187
585.316798 -130.999588
585.316808 -130.458572
585.316817 -130.134277
585.316827 -129.984192
585.316837 -129.949677
585.316846 -129.952621
585.316856 -130.007736
585.316865 -130.079575
585.316875 -130.120514
585.316885 -130.036636
585.316894 -129.896896
585.316904 -129.729309
585.316913 -129.565704
585.316923 -129.433380
585.316933 -129.351608
585.316942 -129.328842
585.316952 -129.328842
585.316962 -129.373993
585.316971 -129.475739
585.316981 -129.621017
585.316990 -129.791962
585.317000 -129.968140
585.317010 -130.120865
585.317019 -130.219772
585.317029 -130.151230
585.317038 -129.951859
585.317048 -129.640732
585.317058 -129.234451
585.317067 -128.762741
585.317077 -128.256485
585.317087 -127.749031
585.317096 -127.271492
585.317106 -126.847832
585.317115 -126.494888
585.317125 -126.223549
585.317135 -126.039894
585.317144 -125.947342
585.317154 -125.931305
585.317163 -125.948151
585.317173 -126.044861
585.317183 -126.240982
585.317192 -126.541603
585.317202 -126.952873
585.317212 -127.474274
585.317221 -128.110855
585.317231 -128.865097
585.317240 -129.723297
585.317250 -130.648453
585.317260 -131.563995
585.317269 -132.342285
585.317279 -132.823837
585.317288 -132.567078
585.317298 -131.954269
585.317308 -131.186569
585.317317 -130.349380
585.317327 -129.460724
585.317337 -128.557022
585.317346 -127.645927
585.317356 -126.738152
585.317365 -125.853004
585.317375 -125.015846
585.317385 -124.253601
585.317394 -123.591469
585.317404 -123.051262
585.317413 -122.651741
585.317423 -122.409470
585.317433 -122.339050
585.317442 -122.340523
585.317452 -122.462212
585.317462 -122.793106
585.317471 -123.353783
585.317481 -124.182159
585.317490 -125.324074
585.317500 -126.844589
585.317510 -128.831406
585.317519 -131.365829
585.317529 -134.261276
585.317538 -134.813599
585.317548 -132.494675
585.317558 -130.536819
585.317567 -129.115250
585.317577 -128.142365
585.317587 -127.522179
585.317596 -127.178703
585.317606 -127.038879
585.317615 -127.027771
585.317625 -127.056671
585.317635 -127.180031
585.317644 -127.356850
585.317654 -127.540619
585.317663 -127.698990
585.317673 -127.823608
585.317683 -127.934647
585.317692 -128.076767
585.317702 -128.309174
585.317712 -128.697662
585.317721 -129.311432
585.317731 -130.211853
585.317740 -131.503616
585.317750 -133.313400
585.317760 -135.823593
585.317769 -139.198059
585.317779 -141.611984
585.317788 -138.545837
585.317798 -136.180313
585.317808 -134.669815
585.317817 -133.834351
585.317827 -133.548203
585.317837 -133.540085
585.317846 -133.742630
585.317856 -134.382111
585.317865 -135.448807
585.317875 -136.909912
585.317885 -138.635315
585.317894 -140.202179
585.317904 -140.181946
585.317913 -138.906158
585.317923 -137.614319
585.317933 -136.525269
585.317942 -135.667999
585.317952 -135.067749
585.317962 -134.723709
585.317971 -134.638123
585.317981 -134.658051
585.317990 -134.920242
585.318000 -135.596893
585.318010 -136.841278
585.318019 -138.960449
585.318029 -142.740799
585.318038 -150.458023
585.318048 -141.123474
585.318058 -136.563263
585.318067 -133.579422
585.318077 -131.422791
585.318087 -129.792007
585.318096 -128.531860
585.318106 -127.548553
585.318115 -126.779709
585.318125 -126.181183
585.318135 -125.721489
585.318144 -125.378624
585.318154 -125.137978
585.318163 -124.990196
585.318173 -124.928421
585.318183 -124.916359
585.318192 -124.945419
585.318202 -125.029953
585.318212 -125.164543
585.318221 -125.324295
585.318231 -125.478111
585.318240 -125.593559
585.318250 -125.620140
585.318260 -125.526283
585.318269 -125.385429
585.318279 -125.229385
585.318288 -125.091919
585.318298 -125.004128
585.318308 -124.980705
585.318317 -124.991852
585.318327 -125.075684
585.318337 -125.270752
585.318346 -125.588402
585.318356 -126.037247
585.318365 -126.625092
585.318375 -127.359932
585.318385 -128.245804
585.318394 -129.263870
585.318404 -130.393219
585.318413 -131.516083
585.318423 -132.356995
585.318433 -131.916992
585.318442 -130.797958
585.318452 -129.573013
585.318462 -128.476913
585.318471 -127.602997
585.318481 -126.976639
585.318490 -126.595909
585.318500 -126.449860
585.318510 -126.444595
585.318519 -126.525299
585.318529 -126.807999
585.318538 -127.283974
585.318548 -127.931404
585.318558 -128.735474
585.318567 -129.671768
585.318577 -130.697876
585.318587 -131.739441
585.318596 -132.674164
585.318606 -133.336456
585.318615 -133.384430
585.318625 -132.854095
585.318635 -132.149521
585.318644 -131.396423
585.318654 -130.666779
585.318663 -129.993271
585.318673 -129.386719
585.318683 -128.841263
585.318692 -128.362991
585.318702 -127.955780
585.318712 -127.624222
585.318721 -127.376663
585.318731 -127.223953
585.318740 -127.177383
585.318750 -127.173416
585.318760 -127.249336
585.318769 -127.444771
585.318779 -127.764786
585.318788 -128.200439
585.318798 -128.730286
585.318808 -129.317459
585.318817 -129.910339
585.318827 -130.447189
585.318837 -130.866592
585.318846 -131.115372
585.318856 -130.920654
585.318865 -130.430420
585.318875 -129.704498
585.318885 -128.802322
585.318894 -127.807800
585.318904 -126.804199
585.318913 -125.857597
585.318923 -125.011528
585.318933 -124.290428
585.318942 -123.718246
585.318952 -123.305267
585.318962 -123.058800
585.318971 -122.984642
585.318981 -122.984283
585.318990 -123.092026
585.319000 -123.386276
585.319010 -123.876915
585.319019 -124.573318
585.319029 -125.484535
585.319038 -126.615585
585.319048 -127.955238
585.319058 -129.486176
585.319067 -131.139694
585.319077 -132.761093
585.319087 -134.077576
585.319096 -134.739410
585.319106 -134.139389
585.319115 -133.246216
585.319125 -132.247604
585.319135 -131.287460
585.319144 -130.437698
585.319154 -129.737457
585.319163 -129.209610
585.319173 -128.866425
585.319183 -128.713257
585.319192 -128.704559
585.319202 -128.746964
585.319212 -128.967270
585.319221 -129.374603
585.319231 -129.965195
585.319240 -130.731735
585.319250 -131.658463
585.319260 -132.708527
585.319269 -133.801117
585.319279 -134.780258
585.319288 -135.417038
585.319298 -135.082367
585.319308 -134.307434
585.319317 -133.407089
585.319327 -132.519394
585.319337 -131.708618
585.319346 -130.996506
585.319356 -130.385941
585.319365 -129.873764
585.319375 -129.457657
585.319385 -129.139526
585.319394 -128.927856
585.319404 -128.838531
585.319413 -128.837128
585.319423 -128.896393
585.319433 -129.135986
585.319442 -129.605026
585.319452 -130.369873
585.319462 -131.525650
585.319471 -133.209656
585.319481 -135.582321
585.319490 -138.424515
585.319500 -136.207733
585.319510 -132.902710
585.319519 -130.319489
585.319529 -128.374451
585.319538 -126.916878
585.319548 -125.829285
585.319558 -125.037514
585.319567 -124.488594
585.319577 -124.131126
585.319587 -123.916985
585.319596 -123.799644
585.319606 -123.735184
585.319615 -123.687073
585.319625 -123.631721
585.319635 -123.562576
585.319644 -123.489082
585.319654 -123.431396
585.319663 -123.407402
585.319673 -123.407204
585.319683 -123.457039
585.319692 -123.578659
585.319702 -123.788338
585.319712 -124.089546
585.319721 -124.471352
585.319731 -124.939735
585.319740 -125.488808
585.319750 -126.113907
585.319760 -126.815361
585.319769 -127.601624
585.319779 -128.493225
585.319788 -129.524353
585.319798 -130.746109
585.319808 -132.229202
585.319817 -134.068329
585.319827 -136.374069
585.319837 -139.152649
585.319846 -141.249634
585.319856 -138.755402
585.319865 -136.275970
585.319875 -134.305511
585.319885 -132.788330
585.319894 -131.621948
585.319904 -130.724869
585.319913 -130.037048
585.319923 -129.512161
585.319933 -129.113342
585.319942 -128.809189
585.319952 -128.573639
585.319962 -128.384827
585.319971 -128.226624
585.319981 -128.088913
585.319990 -127.968773
585.320000 -127.870232
585.320010 -127.803841
585.320019 -127.781876
585.320029 -127.785408
585.320038 -127.835037
585.320048 -127.975182
585.320058 -128.231094
585.320067 -128.627014
585.320077 -129.191605
585.320087 -129.961441
585.320096 -130.973785
585.320106 -132.267548
585.320115 -133.873276
585.320125 -135.772400
585.320135 -137.774124
585.320144 -139.304672
585.320154 -139.051025
585.320163 -138.241074
585.320173 -137.694168
585.320183 -137.494141
585.320192 -137.491577
585.320202 -137.595627
585.320212 -137.828140
585.320221 -137.315018
585.320231 -136.185318
585.320240 -134.751328
585.320250 -133.308990
585.320260 -132.013702
585.320269 -130.916733
585.320279 -130.020905
585.320288 -129.303726
585.320298 -128.761612
585.320308 -128.377197
585.320317 -128.134018
585.320327 -128.015686
585.320337 -127.989014
585.320346 -127.997261
585.320356 -128.070862
585.320365 -128.191666
585.320375 -128.320831
585.320385 -128.417725
585.320394 -128.418686
585.320404 -128.292221
585.320413 -128.107178
585.320423 -127.894699
585.320433 -127.682961
585.320442 -127.490013
585.320452 -127.320084
585.320462 -127.164238
585.320471 -127.002174
585.320481 -126.806808
585.320490 -126.549454
585.320500 -126.207077
585.320510 -125.768456
585.320519 -125.237564
585.320529 -124.632095
585.320538 -123.979179
585.320548 -123.308792
585.320558 -122.649521
585.320567 -122.025696
585.320577 -121.456757
585.320587 -120.957657
585.320596 -120.539986
585.320606 -120.213013
585.320615 -119.984932
585.320625 -119.863617
585.320635 -119.845482
585.320644 -119.857292
585.320654 -119.973824
585.320663 -120.226715
585.320673 -120.629692
585.320683 -121.199913
585.320692 -121.958725
585.320702 -122.933968
585.320712 -124.163124
585.320721 -125.699959
585.320731 -127.626999
585.320740 -130.084503
585.320750 -133.346756
585.320760 -138.091888
585.320769 -147.060867
585.320779 -141.924088
585.320788 -138.198517
585.320798 -136.259155
585.320808 -135.196411
585.320817 -134.659637
585.320827 -134.454376
585.320837 -134.431107
585.320846 -134.451340
585.320856 -134.549118
585.320865 -134.640808
585.320875 -134.500534
585.320885 -134.189346
585.320894 -133.766907
585.320904 -133.313568
585.320913 -132.908142
585.320923 -132.607574
585.320933 -132.437195
585.320942 -132.382446
585.320952 -132.362289
585.320962 -132.279358
585.320971 -131.919342
585.320981 -131.173798
585.320990 -130.077789
585.321000 -128.792358
585.321010 -127.488274
585.321019 -126.280838
585.321029 -125.229279
585.321038 -124.356972
585.321048 -123.660812
585.321058 -123.137924
585.321067 -122.781258
585.321077 -122.576019
585.321087 -122.506516
585.321096 -122.506325
585.321106 -122.557953
585.321115 -122.717377
585.321125 -122.976013
585.321135 -123.330719
585.321144 -123.784996
585.321154 -124.349869
585.321163 -125.044579
585.321173 -125.898071
585.321183 -126.952744
585.321192 -128.272797
585.321202 -129.962921
585.321212 -132.213333
585.321221 -135.432358
585.321231 -140.789093
585.321240 -142.439362
585.321250 -136.259201
585.321260 -132.749649
585.321269 -130.379440
585.321279 -128.666153
585.321288 -127.400452
585.321298 -126.475624
585.321308 -125.832993
585.321317 -125.440071
585.321327 -125.280853
585.321337 -125.277390
585.321346 -125.351837
585.321356 -125.659126
585.321365 -126.219215
585.321375 -127.059532
585.321385 -128.217590
585.321394 -129.733276
585.321404 -131.603302
585.321413 -133.601273
585.321423 -134.436661
585.321433 -132.857712
585.321442 -131.230057
585.321452 -129.969269
585.321462 -129.143448
585.321471 -128.741013
585.321481 -128.686768
585.321490 -128.748474
585.321500 -129.167542
585.321510 -130.022491
585.321519 -131.366547
585.321529 -133.269409
585.321538 -135.874252
585.321548 -139.207260
585.321558 -141.280869
585.321567 -138.652542
585.321577 -136.418427
585.321587 -134.667206
585.321596 -133.271988
585.321606 -132.061890
585.321615 -130.953568
585.321625 -129.929535
585.321635 -129.005035
585.321644 -128.198593
585.321654 -127.503502
585.321663 -126.916840
585.321673 -126.429413
585.321683 -126.018974
585.321692 -125.669365
585.321702 -125.378220
585.321712 -125.159973
585.321721 -125.043716
585.321731 -125.023636
585.321740 -125.068192
585.321750 -125.276810
585.321760 -125.716347
585.321769 -126.440186
585.321779 -127.515671
585.321788 -129.041092
585.321798 -131.169113
585.321808 -134.201477
585.321817 -138.813095
585.321827 -142.292374
585.321837 -137.345795
585.321846 -134.430450
585.321856 -132.618820
585.321865 -131.475098
585.321875 -130.765839
585.321885 -130.329544
585.321894 -130.037125
585.321904 -129.778214
585.321913 -129.468460
585.321923 -129.066162
585.321933 -128.578278
585.321942 -128.047577
585.321952 -127.529175
585.321962 -127.073402
585.321971 -126.718475
585.321981 -126.491737
585.321990 -126.412254
585.322000 -126.410011
585.322010 -126.495438
585.322019 -126.753922
585.322029 -127.201355
585.322038 -127.853477
585.322048 -128.730927
585.322058 -129.862671
585.322067 -131.293442
585.322077 -133.097321
585.322087 -135.399658
585.322096 -138.374084
585.322106 -142.170303
585.322115 -141.849030
585.322125 -138.119003
585.322135 -135.253662
585.322144 -133.081009
585.322154 -131.448822
585.322163 -130.247055
585.322173 -129.418213
585.322183 -128.936340
585.322192 -128.793930
585.322202 -128.795441
585.322212 -129.005432
585.322221 -129.577362
585.322231 -130.551529
585.322240 -131.969559
585.322250 -133.828751
585.322260 -135.880295
585.322269 -136.561783
585.322279 -134.880325
585.322288 -133.251083
585.322298 -132.038589
585.322308 -131.264633
585.322317 -130.889923
585.322327 -130.840912
585.322337 -130.899353
585.322346 -131.265793
585.322356 -131.959106
585.322365 -132.907745
585.322375 -133.902435
585.322385 -134.091782
585.322394 -132.807129
585.322404 -131.168839
585.322413 -129.587784
585.322423 -128.223007
585.322433 -127.109955
585.322442 -126.243050
585.322452 -125.606941
585.322462 -125.175117
585.322471 -124.948044
585.322481 -124.900291
585.322490 -124.915314
585.322500 -125.067558
585.322510 -125.393860
585.322519 -125.879318
585.322529 -126.501472
585.322538 -127.227211
585.322548 -128.013412
585.322558 -128.815125
585.322567 -129.604202
585.322577 -130.392380
585.322587 -131.244461
585.322596 -132.277161
585.322606 -133.655289
585.322615 -135.600662
585.322625 -138.414612
585.322635 -142.496506
585.322644 -141.015625
585.322654 -137.184814
585.322663 -134.622726
585.322673 -132.955017
585.322683 -131.941635
585.322692 -131.458237
585.322702 -131.392166
585.322712 -131.446548
585.322721 -131.891678
585.322731 -132.815201
585.322740 -134.276016
585.322750 -136.345993
585.322760 -138.887024
585.322769 -138.958694
585.322779 -136.089844
585.322788 -133.555969
585.322798 -131.556915
585.322808 -129.996323
585.322817 -128.774063
585.322827 -127.812897
585.322837 -127.073540
585.322846 -126.518486
585.322856 -126.118423
585.322865 -125.848358
585.322875 -125.685715
585.322885 -125.610260
585.322894 -125.588348
585.322904 -125.606560
585.322913 -125.667694
585.322923 -125.799187
585.322933 -126.022293
585.322942 -126.374725
585.322952 -126.910454
585.322962 -127.701271
585.322971 -128.843979
585.322981 -130.478699
585.322990 -132.830643
585.323000 -136.268524
585.323010 -140.762177
585.323019 -136.639801
585.323029 -133.556305
585.323038 -131.625183
585.323048 -130.519989
585.323058 -130.069946
585.323067 -130.053391
585.323077 -130.208878
585.323087 -130.944077
585.323096 -132.363876
585.323106 -134.683517
585.323115 -138.336197
585.323125 -141.364685
585.323135 -136.639343
585.323144 -133.414932
585.323154 -131.254776
585.323163 -129.777100
585.323173 -128.773666
585.323183 -128.121262
585.323192 -127.739586
585.323202 -127.570633
585.323212 -127.548149
585.323221 -127.569946
585.323231 -127.700447
585.323240 -127.930649
585.323250 -128.231308
585.323260 -128.569412
585.323269 -128.928345
585.323279 -129.282608
585.323288 -129.602310
585.323298 -129.849716
585.323308 -129.944656
585.323317 -129.711014
585.323327 -129.273621
585.323337 -128.664276
585.323346 -127.941963
585.323356 -127.174461
585.323365 -126.423241
585.323375 -125.736732
585.323385 -125.149925
585.323394 -124.687317
585.323404 -124.365639
585.323413 -124.196663
585.323423 -124.169868
585.323433 -124.188972
585.323442 -124.348907
585.323452 -124.680847
585.323462 -125.187714
585.323471 -125.869514
585.323481 -126.721558
585.323490 -127.729439
585.323500 -128.860992
585.323510 -130.051422
585.323519 -131.186600
585.323529 -132.099976
585.323538 -132.624069
585.323548 -132.385742
585.323558 -131.866516
585.323567 -131.280319
585.323577 -130.704865
585.323587 -130.222336
585.323596 -129.859619
585.323606 -129.624451
585.323615 -129.507339
585.323625 -129.465637
585.323635 -129.467178
585.323644 -129.473541
585.323654 -129.384811
585.323663 -129.155334
585.323673 -128.804901
585.323683 -128.387558
585.323692 -127.977478
585.323702 -127.644402
585.323712 -127.442078
585.323721 -127.388206
585.323731 -127.407501
585.323740 -127.564972
585.323750 -127.930199
585.323760 -128.513702
585.323769 -129.321533
585.323779 -130.353729
585.323788 -131.597305
585.323798 -133.010788
585.323808 -134.494324
585.323817 -135.854279
585.323827 -136.820099
585.323837 -137.018005
585.323846 -136.466553
585.323856 -135.679092
585.323865 -134.704910
585.323875 -133.560165
585.323885 -132.283981
585.323894 -130.947861
585.323904 -129.632462
585.323913 -128.405136
585.323923 -127.312157
585.323933 -126.381142
585.323942 -125.626518
585.323952 -125.054550
585.323962 -124.666489
585.323971 -124.460808
585.323981 -124.417587
585.323990 -124.425423
585.324000 -124.562592
585.324010 -124.864418
585.324019 -125.319969
585.324029 -125.913994
585.324038 -126.625656
585.324048 -127.427315
585.324058 -128.284363
585.324067 -129.157928
585.324077 -130.010071
585.324087 -130.810928
585.324096 -131.543182
585.324106 -132.199188
585.324115 -132.769836
585.324125 -133.230270
585.324135 -133.518448
585.324144 -133.383713
585.324154 -132.874908
585.324163 -132.130341
585.324173 -131.244354
585.324183 -130.310516
585.324192 -129.402420
585.324202 -128.570770
585.324212 -127.849060
585.324221 -127.259705
585.324231 -126.818695
585.324240 -126.537811
585.324250 -126.422188
585.324260 -126.419281
585.324269 -126.474937
585.324279 -126.707069
585.324288 -127.117386
585.324298 -127.696899
585.324308 -128.422134
585.324317 -129.244919
585.324327 -130.078079
585.324337 -130.786652
585.324346 -131.206680
585.324356 -130.787369
585.324365 -130.019836
585.324375 -129.036224
585.324385 -127.947243
585.324394 -126.834618
585.324404 -125.757248
585.324413 -124.757935
585.324423 -123.867538
585.324433 -123.107933
585.324442 -122.494293
585.324452 -122.037323
585.324462 -121.745071
585.324471 -121.620201
585.324481 -121.615547
585.324490 -121.676125
585.324500 -121.925079
585.324510 -122.382950
585.324519 -123.073662
585.324529 -124.033768
585.324538 -125.321144
585.324548 -127.032883
585.324558 -129.347458
585.324567 -132.648315
585.324577 -138.029434
585.324587 -141.589859
585.324596 -135.238297
585.324606 -131.925720
585.324615 -129.826324
585.324625 -128.402649
585.324635 -127.417023
585.324644 -126.738609
585.324654 -126.285835
585.324663 -126.002296
585.324673 -125.846344
585.324683 -125.785881
585.324692 -125.777977
585.324702 -125.796440
585.324712 -125.859840
585.324721 -125.964401
585.324731 -126.104485
585.324740 -126.280052
585.324750 -126.495491
585.324760 -126.758766
585.324769 -127.079689
585.324779 -127.469666
585.324788 -127.940453
585.324798 -128.503952
585.324808 -129.171585
585.324817 -129.951935
585.324827 -130.844849
585.324837 -131.829269
585.324846 -132.838043
585.324856 -133.726654
585.324865 -134.275879
585.324875 -133.864914
585.324885 -133.161636
585.324894 -132.435089
585.324904 -131.837067
585.324913 -131.443726
585.324923 -131.286469
585.324933 -131.283981
585.324942 -131.358276
585.324952 -131.646317
585.324962 -132.117142
585.324971 -132.690109
585.324981 -133.234192
585.324990 -133.581604
585.325000 -133.343216
585.325010 -132.854721
585.325019 -132.289169
585.325029 -131.736771
585.325038 -131.232208
585.325048 -130.782150
585.325058 -130.392288
585.325067 -130.051453
585.325077 -129.751724
585.325087 -129.490112
585.325096 -129.267365
585.325106 -129.085251
585.325115 -128.945740
585.325125 -128.849503
585.325135 -128.796921
585.325144 -128.788437
585.325154 -128.791840
585.325163 -128.833359
585.325173 -128.922333
585.325183 -129.054718
585.325192 -129.218231
585.325202 -129.391357
585.325212 -129.545197
585.325221 -129.652649
585.325231 -129.692490
585.325240 -129.681152
585.325250 -129.685287
585.325260 -129.716385
585.325269 -129.835159
585.325279 -130.088928
585.325288 -130.486221
585.325298 -131.054382
585.325308 -131.780228
585.325317 -132.618469
585.325327 -133.488007
585.325337 -134.285339
585.325346 -134.926590
585.325356 -135.403137
585.325365 -135.790924
585.325375 -136.204010
585.325385 -136.740417
585.325394 -137.454010
585.325404 -138.342468
585.325413 -139.326218
585.325423 -140.199951
585.325433 -140.114044
585.325442 -138.756882
585.325452 -136.900055
585.325462 -134.930161
585.325471 -133.068085
585.325481 -131.412933
585.325490 -130.003357
585.325500 -128.851761
585.325510 -127.959991
585.325519 -127.325737
585.325529 -126.946419
585.325538 -126.819550
585.325548 -126.814331
585.325558 -126.943474
585.325567 -127.312813
585.325577 -127.914276
585.325587 -128.713058
585.325596 -129.629791
585.325606 -130.511948
585.325615 -131.140564
585.325625 -131.117310
585.325635 -130.665237
585.325644 -130.181931
585.325654 -129.789764
585.325663 -129.527405
585.325673 -129.388519
585.325683 -129.355804
585.325692 -129.365952
585.325702 -129.422485
585.325712 -129.521683
585.325721 -129.636063
585.325731 -129.750916
585.325740 -129.861542
585.325750 -129.965927
585.325760 -130.042786
585.325769 -130.075714
585.325779 -130.013367
585.325788 -129.905884
585.325798 -129.788239
585.325808 -129.711685
585.325817 -129.694031
585.325827 -129.729202
585.325837 -129.897278
585.325846 -130.235855
585.325856 -130.745499
585.325865 -131.369644
585.325875 -131.968109
585.325885 -132.241669
585.325894 -131.752228
585.325904 -131.065399
585.325913 -130.412323
585.325923 -129.944916
585.325933 -129.742050
585.325942 -129.727081
585.325952 -129.843765
585.325962 -130.273315
585.325971 -131.052460
585.325981 -132.209229
585.325990 -133.786499
585.326000 -135.852249
585.326010 -138.522812
585.326019 -142.002823
585.326029 -146.549667
585.326038 -148.124573
585.326048 -144.183624
585.326058 -141.082825
585.326067 -138.596268
585.326077 -136.536316
585.326087 -134.821487
585.326096 -133.411636
585.326106 -132.280167
585.326115 -131.404678
585.326125 -130.764755
585.326135 -130.341232
585.326144 -130.115936
585.326154 -130.066254
585.326163 -130.070984
585.326173 -130.182602
585.326183 -130.421722
585.326192 -130.754471
585.326202 -131.120544
585.326212 -131.425873
585.326221 -131.361145
585.326231 -130.829697
585.326240 -130.016403
585.326250 -129.048721
585.326260 -128.046555
585.326269 -127.088791
585.326279 -126.203537
585.326288 -125.410637
585.326298 -124.712471
585.326308 -124.097969
585.326317 -123.555626
585.326327 -123.077461
585.326337 -122.661644
585.326346 -122.312851
585.326356 -122.041107
585.326365 -121.859978
585.326375 -121.784500
585.326385 -121.778587
585.326394 -121.829613
585.326404 -122.008759
585.326413 -122.333572
585.326423 -122.809029
585.326433 -123.439362
585.326442 -124.229485
585.326452 -125.169685
585.326462 -126.233139
585.326471 -127.363808
585.326481 -128.463318
585.326490 -129.390457
585.326500 -130.000153
585.326510 -130.090042
585.326519 -129.720749
585.326529 -129.219086
585.326538 -128.658554
585.326548 -128.082901
585.326558 -127.518372
585.326567 -126.981926
585.326577 -126.484100
585.326587 -126.030235
585.326596 -125.620987
585.326606 -125.255005
585.326615 -124.931503
585.326625 -124.653534
585.326635 -124.429474
585.326644 -124.273422
585.326654 -124.203629
585.326663 -124.202110
585.326673 -124.241211
585.326683 -124.407616
585.326692 -124.724800
585.326702 -125.214828
585.326712 -125.896645
585.326721 -126.803200
585.326731 -127.969444
585.326740 -129.443039
585.326750 -131.295288
585.326760 -133.642227
585.326769 -136.693268
585.326779 -140.872101
585.326788 -146.992920
585.326798 -146.033447
585.326808 -142.856903
585.326817 -141.254059
585.326827 -140.651794
585.326837 -140.623169
585.326846 -140.837631
585.326856 -141.778687
585.326865 -143.507706
585.326875 -145.485352
585.326885 -142.192978
585.326894 -138.700333
585.326904 -135.899429
585.326913 -133.733231
585.326923 -132.076324
585.326933 -130.838120
585.326942 -129.959900
585.326952 -129.403442
585.326962 -129.143784
585.326971 -129.114273
585.326981 -129.164749
585.326990 -129.454300
585.327000 -130.000687
585.327010 -130.787140
585.327019 -131.781494
585.327029 -132.919113
585.327038 -134.081100
585.327048 -135.087326
585.327058 -135.750824
585.327067 -135.903610
585.327077 -135.628189
585.327087 -135.287033
585.327096 -134.928177
585.327106 -134.573425
585.327115 -134.234970
585.327125 -133.911026
585.327135 -133.601547
585.327144 -133.307922
585.327154 -133.029205
585.327163 -132.761230
585.327173 -132.497177
585.327183 -132.229980
585.327192 -131.953812
585.327202 -131.665939
585.327212 -131.366730
585.327221 -131.060150
585.327231 -130.753647
585.327240 -130.459518
585.327250 -130.194016
585.327260 -129.976959
585.327269 -129.829483
585.327279 -129.772858
585.327288 -129.772720
585.327298 -129.826584
585.327308 -130.008087
585.327317 -130.333054
585.327327 -130.817490
585.327337 -131.478607
585.327346 -132.339630
585.327356 -133.437851
585.327365 -134.828384
585.327375 -136.603668
585.327385 -138.931534
585.327394 -142.159149
585.327404 -147.205429
585.327413 -152.607483
585.327423 -146.020447
585.327433 -142.721832
585.327442 -140.763855
585.327452 -139.577225
585.327462 -138.911850
585.327471 -138.620575
585.327481 -138.577759
585.327490 -138.592468
585.327500 -138.701492
585.327510 -138.788208
585.327519 -138.444412
585.327529 -137.701950
585.327538 -136.610825
585.327548 -135.323380
585.327558 -134.005814
585.327567 -132.783661
585.327577 -131.735123
585.327587 -130.903503
585.327596 -130.311554
585.327606 -129.969742
585.327615 -129.879303
585.327625 -129.880554
585.327635 -130.050247
585.327644 -130.469589
585.327654 -131.135071
585.327663 -132.039474
585.327673 -133.175491
585.327683 -134.544083
585.327692 -136.169052
585.327702 -138.118530
585.327712 -140.491760
585.327721 -143.103134
585.327731 -141.396317
585.327740 -137.928879
585.327750 -134.982224
585.327760 -132.615280
585.327769 -130.720993
585.327779 -129.211502
585.327788 -128.026215
585.327798 -127.124352
585.327808 -126.477364
585.327817 -126.065163
585.327827 -125.872849
585.327837 -125.853836
585.327846 -125.889259
585.327856 -126.102737
585.327865 -126.501755
585.327875 -127.078232
585.327885 -127.817749
585.327894 -128.700546
585.327904 -129.699677
585.327913 -130.778381
585.327923 -131.889420
585.327933 -132.974503
585.327942 -133.964859
585.327952 -134.777191
585.327962 -135.359497
585.327971 -135.672791
585.327981 -135.540695
585.327990 -135.205490
585.328000 -134.778671
585.328010 -134.308060
585.328019 -133.818756
585.328029 -133.317810
585.328038 -132.800308
585.328048 -132.255859
585.328058 -131.674622
585.328067 -131.052200
585.328077 -130.392975
585.328087 -129.712204
585.328096 -129.033768
585.328106 -128.387161
585.328115 -127.802414
585.328125 -127.307121
585.328135 -126.923248
585.328144 -126.661247
585.328154 -126.537262
585.328163 -126.524940
585.328173 -126.555237
585.328183 -126.712440
585.328192 -126.998169
585.328202 -127.392227
585.328212 -127.861732
585.328221 -128.358109
585.328231 -128.816528
585.328240 -129.162262
585.328250 -129.277237
585.328260 -129.018372
585.328269 -128.597443
585.328279 -128.078217
585.328288 -127.522751
585.328298 -126.982544
585.328308 -126.497505
585.328317 -126.098167
585.328327 -125.808189
585.328337 -125.646645
585.328346 -125.617882
585.328356 -125.627838
585.328365 -125.763222
585.328375 -126.067558
585.328385 -126.551537
585.328394 -127.225319
585.328404 -128.100555
585.328413 -129.192017
585.328423 -130.521545
585.328433 -132.119522
585.328442 -133.995865
585.328452 -136.155273
585.328462 -138.323181
585.328471 -138.477371
585.328481 -136.371613
585.328490 -134.282410
585.328500 -132.545715
585.328510 -131.186340
585.328519 -130.168365
585.328529 -129.453934
585.328538 -129.011719
585.328548 -128.816513
585.328558 -128.801163
585.328567 -128.847000
585.328577 -129.082962
585.328587 -129.503128
585.328596 -130.083221
585.328606 -130.793213
585.328615 -131.595627
585.328625 -132.445984
585.328635 -133.297241
585.328644 -134.109039
585.328654 -134.859207
585.328663 -135.548889
585.328673 -136.197815
585.328683 -136.831253
585.328692 -137.463791
585.328702 -138.089401
585.328712 -138.677567
585.328721 -139.175735
585.328731 -139.517075
585.328740 -139.398285
585.328750 -138.809677
585.328760 -137.859085
585.328769 -136.626831
585.328779 -135.249115
585.328788 -133.866516
585.328798 -132.587006
585.328808 -131.482803
585.328817 -130.598602
585.328827 -129.964050
585.328837 -129.600464
585.328846 -129.515167
585.328856 -129.526672
585.328865 -129.777634
585.328875 -130.393982
585.328885 -131.438217
585.328894 -133.007935
585.328904 -135.250671
585.328913 -138.302200
585.328923 -141.286774
585.328933 -138.420044
585.328942 -135.986267
585.328952 -134.398727
585.328962 -133.530792
585.328971 -133.285004
585.328981 -133.287811
585.328990 -133.651566
585.329000 -134.687912
585.329010 -136.604324
585.329019 -139.887695
585.329029 -145.955566
585.329038 -140.212189
585.329048 -135.731598
585.329058 -132.786377
585.329067 -130.681381
585.329077 -129.118759
585.329087 -127.938377
585.329096 -127.048149
585.329106 -126.391182
585.329115 -125.931618
585.329125 -125.647598
585.329135 -125.528030
585.329144 -125.523170
585.329154 -125.570610
585.329163 -125.780388
585.329173 -126.169212
585.329183 -126.744446
585.329192 -127.534393
585.329202 -128.563660
585.329212 -129.841217
585.329221 -131.322739
585.329231 -132.811081
585.329240 -133.838333
585.329250 -133.132736
585.329260 -132.103577
585.329269 -131.231827
585.329279 -130.686630
585.329288 -130.523956
585.329298 -130.520645
585.329308 -130.778214
585.329317 -131.470657
585.329327 -132.641403
585.329337 -134.318024
585.329346 -136.397964
585.329356 -138.218002
585.329365 -136.875183
585.329375 -135.128922
585.329385 -133.763306
585.329394 -132.852982
585.329404 -132.321106
585.329413 -132.128906
585.329423 -132.122589
585.329433 -132.204361
585.329442 -132.479843
585.329452 -132.895355
585.329462 -133.405563
585.329471 -133.989502
585.329481 -134.658157
585.329490 -135.452194
585.329500 -136.432297
585.329510 -137.660538
585.329519 -139.101318
585.329529 -140.654587
585.329538 -141.708679
585.329548 -140.402374
585.329558 -138.699783
585.329567 -137.135406
585.329577 -135.853836
585.329587 -134.854156
585.329596 -134.124710
585.329606 -133.626831
585.329615 -133.327209
585.329625 -133.197769
585.329635 -133.175858
585.329644 -133.215195
585.329654 -133.359100
585.329663 -133.611359
585.329673 -133.956009
585.329683 -134.379913
585.329692 -134.875793
585.329702 -135.445938
585.329712 -136.108307
585.329721 -136.900101
585.329731 -137.882645
585.329740 -139.144638
585.329750 -140.810883
585.329760 -143.043350
585.329769 -145.909653
585.329779 -146.982544
585.329788 -143.726791
585.329798 -140.905579
585.329808 -138.738083
585.329817 -137.083817
585.329827 -135.823380
585.329837 -134.879898
585.329846 -134.208282
585.329856 -133.784561
585.329865 -133.601105
585.329875 -133.595139
585.329885 -133.662704
585.329894 -133.985138
585.329904 -134.595749
585.329913 -135.535385
585.329923 -136.857376
585.329933 -138.616257
585.329942 -140.782318
585.329952 -142.882751
585.329962 -142.071243
585.329971 -140.077286
585.329981 -138.372192
585.329990 -137.093353
585.330000 -136.192596
585.330010 -135.599808
585.330019 -135.250488
585.330029 -135.088486
585.330038 -135.047318
585.330048 -135.061691
585.330058 -135.120544
585.330067 -135.216476
585.330077 -135.303635
585.330087 -135.301605
585.330096 -135.168732
585.330106 -134.947250
585.330115 -134.657730
585.330125 -134.334961
585.330135 -134.021194
585.330144 -133.762436
585.330154 -133.603806
585.330163 -133.574615
585.330173 -133.586548
585.330183 -133.750198
585.330192 -134.136444
585.330202 -134.783661
585.330212 -135.729782
585.330221 -137.005997
585.330231 -138.613449
585.330240 -140.451782
585.330250 -142.174805
585.330260 -143.188721
585.330269 -142.947067
585.330279 -142.553162
585.330288 -141.994751
585.330298 -140.775879
585.330308 -138.640640
585.330317 -136.047638
585.330327 -133.515976
585.330337 -131.272980
585.330346 -129.366898
585.330356 -127.783752
585.330365 -126.494308
585.330375 -125.469482
585.330385 -124.684395
585.330394 -124.119118
585.330404 -123.758255
585.330413 -123.590981
585.330423 -123.576202
585.330433 -123.610565
585.330442 -123.814339
585.330452 -124.203514
585.330462 -124.783875
585.330471 -125.565483
585.330481 -126.562782
585.330490 -127.792664
585.330500 -129.269684
585.330510 -130.989929
585.330519 -132.888367
585.330529 -134.746368
585.330538 -136.118179
585.330548 -136.361893
585.330558 -135.890900
585.330567 -135.535095
585.330577 -135.424026
585.330587 -135.425278
585.330596 -135.580856
585.330606 -135.957748
585.330615 -136.498016
585.330625 -137.110886
585.330635 -137.665863
585.330644 -138.016281
585.330654 -137.714401
585.330663 -137.081223
585.330673 -136.247971
585.330683 -135.316345
585.330692 -134.361710
585.330702 -133.432770
585.330712 -132.566208
585.330721 -131.777405
585.330731 -131.073380
585.330740 -130.456665
585.330750 -129.927505
585.330760 -129.485306
585.330769 -129.129028
585.330779 -128.857208
585.330788 -128.667191
585.330798 -128.554657
585.330808 -128.512177
585.330817 -128.511230
585.330827 -128.530701
585.330837 -128.598618
585.330846 -128.701691
585.330856 -128.826035
585.330865 -128.959473
585.330875 -129.095123
585.330885 -129.233078
585.330894 -129.382935
585.330904 -129.563004
585.330913 -129.800659
585.330923 -130.130096
585.330933 -130.591721
585.330942 -131.230133
585.330952 -132.093948
585.330962 -133.250229
585.330971 -134.777191
585.330981 -136.764160
585.330990 -139.245178
585.331000 -141.788544
585.331010 -140.936905
585.331019 -138.732361
585.331029 -136.962814
585.331038 -135.719772
585.331048 -134.939117
585.331058 -134.559830
585.331067 -134.495331
585.331077 -134.538010
585.331087 -134.835571
585.331096 -135.392288
585.331106 -136.072479
585.331115 -136.564331
585.331125 -135.818863
585.331135 -134.616104
585.331144 -133.338379
585.331154 -132.224243
585.331163 -131.375641
585.331173 -130.826965
585.331183 -130.589035
585.331192 -130.578293
585.331202 -130.667786
585.331212 -131.071457
585.331221 -131.815491
585.331231 -132.918518
585.331240 -134.393661
585.331250 -136.252701
585.331260 -138.340958
585.331269 -139.933990
585.331279 -138.336060
585.331288 -136.363846
585.331298 -134.592194
585.331308 -133.125763
585.331317 -131.945480
585.331327 -131.012817
585.331337 -130.290344
585.331346 -129.740433
585.331356 -129.323395
585.331365 -128.995834
585.331375 -128.714371
585.331385 -128.441818
585.331394 -128.155472
585.331404 -127.851181
585.331413 -127.541328
585.331423 -127.246948
585.331433 -126.989960
585.331442 -126.787331
585.331452 -126.650116
585.331462 -126.584938
585.331471 -126.566925
585.331481 -126.589539
585.331490 -126.691940
585.331500 -126.879982
585.331510 -127.174904
585.331519 -127.595085
585.331529 -128.162918
585.331538 -128.905258
585.331548 -129.855362
585.331558 -131.056412
585.331567 -132.570648
585.331577 -134.521576
585.331587 -137.135666
585.331596 -140.895569
585.331606 -147.119919
585.331615 -142.514771
585.331625 -137.883911
585.331635 -134.716537
585.331644 -132.329514
585.331654 -130.431061
585.331663 -128.881454
585.331673 -127.608467
585.331683 -126.572510
585.331692 -125.750687
585.331702 -125.129654
585.331712 -124.701546
585.331721 -124.462189
585.331731 -124.404106
585.331740 -124.409531
585.331750 -124.543106
585.331760 -124.862099
585.331769 -125.365173
585.331779 -126.047684
585.331788 -126.897827
585.331798 -127.888985
585.331808 -128.967041
585.331817 -130.032333
585.331827 -130.929657
585.331837 -131.479538
585.331846 -131.245987
585.331856 -130.640350
585.331865 -129.903473
585.331875 -129.138336
585.331885 -128.400528
585.331894 -127.719337
585.331904 -127.122978
585.331913 -126.618561
585.331923 -126.206482
585.331933 -125.880150
585.331942 -125.626472
585.331952 -125.426636
585.331962 -125.259033
585.331971 -125.103188
585.331981 -124.945404
585.331990 -124.782089
585.332000 -124.620567
585.332010 -124.475945
585.332019 -124.366837
585.332029 -124.311394
585.332038 -124.301750
585.332048 -124.325203
585.332058 -124.421074
585.332067 -124.610687
585.332077 -124.906189
585.332087 -125.323143
585.332096 -125.882446
585.332106 -126.613617
585.332115 -127.558037
585.332125 -128.775574
585.332135 -130.356079
585.332144 -132.441833
585.332154 -135.265854
585.332163 -139.110779
585.332173 -140.644974
585.332183 -136.925598
585.332192 -134.227264
585.332202 -132.372040
585.332212 -131.104614
585.332221 -130.261932
585.332231 -129.763840
585.332240 -129.552383
585.332250 -129.536224
585.332260 -129.588394
585.332269 -129.841812
585.332279 -130.285629
585.332288 -130.888519
585.332298 -131.607468
585.332308 -132.379044
585.332317 -133.115677
585.332327 -133.715027
585.332337 -134.093872
585.332346 -134.190567
585.332356 -134.075104
585.332365 -133.999847
585.332375 -133.998352
585.332385 -134.060928
585.332394 -134.322281
585.332404 -134.859528
585.332413 -135.737198
585.332423 -137.031250
585.332433 -138.852844
585.332442 -141.403656
585.332452 -145.136429
585.332462 -151.531067
585.332471 -151.208115
585.332481 -145.617371
585.332490 -142.173981
585.332500 -139.572449
585.332510 -137.432037
585.332519 -135.627136
585.332529 -134.115997
585.332538 -132.882965
585.332548 -131.917206
585.332558 -131.208481
585.332567 -130.744980
585.332577 -130.512726
585.332587 -130.466705
585.332596 -130.489731
585.332606 -130.661636
585.332615 -130.974594
585.332625 -131.368668
585.332635 -131.754684
585.332644 -132.024323
585.332654 -132.038010
585.332663 -131.835541
585.332673 -131.628616
585.332683 -131.523468
585.332692 -131.511154
585.332702 -131.608505
585.332712 -131.959961
585.332721 -132.658508
585.332731 -133.801041
585.332740 -135.559265
585.332750 -138.250183
585.332760 -142.233810
585.332769 -140.115585
585.332779 -135.907349
585.332788 -132.913635
585.332798 -130.725723
585.332808 -129.084167
585.332817 -127.841011
585.332827 -126.903160
585.332837 -126.204491
585.332846 -125.690842
585.332856 -125.313408
585.332865 -125.025978
585.332875 -124.787849
585.332885 -124.569450
585.332894 -124.359154
585.332904 -124.165733
585.332913 -124.015694
585.332923 -123.946075
585.332933 -123.944847
585.332942 -123.997711
585.332952 -124.210579
585.332962 -124.623642
585.332971 -125.277214
585.332981 -126.213394
585.332990 -127.491043
585.333000 -129.203720
585.333010 -131.493484
585.333019 -134.602661
585.333029 -138.874313
585.333038 -141.482071
585.333048 -138.074051
585.333058 -135.880127
585.333067 -134.657913
585.333077 -134.109604
585.333087 -134.031555
585.333096 -134.086594
585.333106 -134.458847
585.333115 -135.032532
585.333125 -135.292984
585.333135 -134.350998
585.333144 -132.934540
585.333154 -131.434372
585.333163 -130.065582
585.333173 -128.899109
585.333183 -127.940300
585.333192 -127.170189
585.333202 -126.563026
585.333212 -126.093300
585.333221 -125.739243
585.333231 -125.485397
585.333240 -125.324455
585.333250 -125.256088
585.333260 -125.249916
585.333269 -125.296738
585.333279 -125.457794
585.333288 -125.764168
585.333298 -126.243271
585.333308 -126.926331
585.333317 -127.850090
585.333327 -129.059158
585.333337 -130.609909
585.333346 -132.570740
585.333356 -134.994049
585.333365 -137.725204
585.333375 -139.273758
585.333385 -137.359375
585.333394 -135.489517
585.333404 -134.032364
585.333413 -132.958191
585.333423 -132.178955
585.333433 -131.646393
585.333442 -131.306885
585.333452 -131.121948
585.333462 -131.064270
585.333471 -131.059341
585.333481 -131.116776
585.333490 -131.268906
585.333500 -131.515656
585.333510 -131.841400
585.333519 -132.230133
585.333529 -132.652451
585.333538 -133.032120
585.333548 -133.139603
585.333558 -132.635391
585.333567 -131.778687
585.333577 -130.715591
585.333587 -129.598694
585.333596 -128.535110
585.333606 -127.585846
585.333615 -126.781113
585.333625 -126.134407
585.333635 -125.650681
585.333644 -125.331306
585.333654 -125.175903
585.333663 -125.155441
585.333673 -125.184265
585.333683 -125.356499
585.333692 -125.694496
585.333702 -126.203262
585.333712 -126.893616
585.333721 -127.784241
585.333731 -128.905777
585.333740 -130.279495
585.333750 -131.954361
585.333760 -133.913132
585.333769 -135.847656
585.333779 -135.886719
585.333788 -134.078125
585.333798 -132.332962
585.333808 -130.964752
585.333817 -130.012619
585.333827 -129.458023
585.333837 -129.283676
585.333846 -129.281525
585.333856 -129.487762
585.333865 -130.084961
585.333875 -131.118103
585.333885 -132.674088
585.333894 -134.923431
585.333904 -138.214920
585.333913 -143.119415
585.333923 -141.124069
585.333933 -137.022964
585.333942 -134.239990
585.333952 -132.234360
585.333962 -130.730118
585.333971 -129.588028
585.333981 -128.735321
585.333990 -128.132568
585.334000 -127.758743
585.334010 -127.602402
585.334019 -127.591812
585.334029 -127.658669
585.334038 -127.926414
585.334048 -128.408630
585.334058 -129.113190
585.334067 -130.054108
585.334077 -131.254395
585.334087 -132.750061
585.334096 -134.579346
585.334106 -136.787247
585.334115 -139.321548
585.334125 -141.527161
585.334135 -139.653778
585.334144 -137.243698
585.334154 -135.135056
585.334163 -133.380295
585.334173 -131.967194
585.334183 -130.836899
585.334192 -129.945313
585.334202 -129.257202
585.334212 -128.742172
585.334221 -128.370590
585.334231 -128.112793
585.334240 -127.938705
585.334250 -127.820572
585.334260 -127.736488
585.334269 -127.675514
585.334279 -127.636780
585.334288 -127.621254
585.334298 -127.637863
585.334308 -127.728203
585.334317 -127.918304
585.334327 -128.255356
585.334337 -128.783081
585.334346 -129.546631
585.334356 -130.595734
585.334365 -131.971176
585.334375 -133.709457
585.334385 -135.793533
585.334394 -137.892517
585.334404 -138.347549
585.334413 -136.775848
585.334423 -135.204849
585.334433 -133.844391
585.334442 -132.728745
585.334452 -131.782974
585.334462 -130.934753
585.334471 -130.137970
585.334481 -129.374359
585.334490 -128.645737
585.334500 -127.964615
585.334510 -127.346077
585.334519 -126.803932
585.334529 -126.349342
585.334538 -125.991219
585.334548 -125.736458
585.334558 -125.589363
585.334567 -125.549309
585.334577 -125.549278
585.334587 -125.613495
585.334596 -125.747971
585.334606 -125.944275
585.334615 -126.168587
585.334625 -126.380348
585.334635 -126.543541
585.334644 -126.639259
585.334654 -126.668282
585.334663 -126.673698
585.334673 -126.692497
585.334683 -126.755722
585.334692 -126.897469
585.334702 -127.129295
585.334712 -127.454102
585.334721 -127.877098
585.334731 -128.391235
585.334740 -128.991699
585.334750 -129.681580
585.334760 -130.477020
585.334769 -131.410675
585.334779 -132.527100
585.334788 -133.889450
585.334798 -135.605942
585.334808 -137.800537
585.334817 -140.539932
585.334827 -143.070450
585.334837 -140.285126
585.334846 -137.416580
585.334856 -135.070892
585.334865 -133.179108
585.334875 -131.629761
585.334885 -130.344482
585.334894 -129.273392
585.334904 -128.384918
585.334913 -127.658157
585.334923 -127.072937
585.334933 -126.620712
585.334942 -126.295204
585.334952 -126.086601
585.334962 -125.984657
585.334971 -125.964813
585.334981 -125.976112
585.334990 -126.053650
585.335000 -126.196960
585.335010 -126.392105
585.335019 -126.622620
585.335029 -126.872849
585.335038 -127.128670
585.335048 -127.378181
585.335058 -127.596497
585.335067 -127.782059
585.335077 -127.919266
585.335087 -127.958549
585.335096 -127.815826
585.335106 -127.554695
585.335115 -127.196373
585.335125 -126.785561
585.335135 -126.380730
585.335144 -126.042580
585.335154 -125.826828
585.335163 -125.769928
585.335173 -125.782166
585.335183 -125.953133
585.335192 -126.383507
585.335202 -127.114235
585.335212 -128.221634
585.335221 -129.811752
585.335231 -132.058487
585.335240 -135.256973
585.335250 -139.588455
585.335260 -137.634903
585.335269 -134.225922
585.335279 -131.921906
585.335288 -130.380737
585.335298 -129.376175
585.335308 -128.778717
585.335317 -128.511505
585.335327 -128.483566
585.335337 -128.528458
585.335346 -128.802032
585.335356 -129.318283
585.335365 -130.070480
585.335375 -131.070389
585.335385 -132.336090
585.335394 -133.896790
585.335404 -135.795639
585.335413 -138.089294
585.335423 -140.844040
585.335433 -144.108276
585.335442 -147.800217
585.335452 -151.347061
585.335462 -152.065750
585.335471 -148.927170
585.335481 -145.450546
585.335490 -142.353149
585.335500 -139.786041
585.335510 -137.719009
585.335519 -136.098618
585.335529 -134.864044
585.335538 -133.961609
585.335548 -133.345963
585.335558 -132.976334
585.335567 -132.816422
585.335577 -132.792786
585.335587 -132.833862
585.335596 -133.002792
585.335606 -133.306076
585.335615 -133.740295
585.335625 -134.315994
585.335635 -135.056732
585.335644 -135.988998
585.335654 -137.117432
585.335663 -138.353806
585.335673 -139.362427
585.335683 -138.479218
585.335692 -136.781067
585.335702 -135.016495
585.335712 -133.459549
585.335721 -132.183487
585.335731 -131.192352
585.335740 -130.471786
585.335750 -130.005630
585.335760 -129.779419
585.335769 -129.747330
585.335779 -129.781464
585.335788 -130.000839
585.335798 -130.426910
585.335808 -131.047012
585.335817 -131.844421
585.335827 -132.793640
585.335837 -133.854965
585.335846 -134.966354
585.335856 -136.035721
585.335865 -136.941071
585.335875 -137.552536
585.335885 -137.646057
585.335894 -137.237732
585.335904 -136.702911
585.335913 -136.177002
585.335923 -135.757248
585.335933 -135.522659
585.335942 -135.488678
585.335952 -135.534576
585.335962 -135.827972
585.335971 -136.411011
585.335981 -137.238434
585.335990 -138.140686
585.336000 -138.637009
585.336010 -137.788971
585.336019 -136.603851
585.336029 -135.442307
585.336038 -134.460358
585.336048 -133.685638
585.336058 -133.091705
585.336067 -132.636841
585.336077 -132.283432
585.336087 -132.008057
585.336096 -131.805389
585.336106 -131.683075
585.336115 -131.645386
585.336125 -131.647263
585.336135 -131.721664
585.336144 -131.875885
585.336154 -132.055527
585.336163 -132.220688
585.336173 -132.241745
585.336183 -132.037720
585.336192 -131.742493
585.336202 -131.443329
585.336212 -131.228622
585.336221 -131.149414
585.336231 -131.148697
585.336240 -131.274307
585.336250 -131.628677
585.336260 -132.206650
585.336269 -132.940460
585.336279 -133.648300
585.336288 -133.740601
585.336298 -132.892593
585.336308 -131.793076
585.336317 -130.735123
585.336327 -129.871033
585.336337 -129.257431
585.336346 -128.907425
585.336356 -128.814362
585.336365 -128.817139
585.336375 -128.968185
585.336385 -129.353134
585.336394 -129.961914
585.336404 -130.776031
585.336413 -131.770050
585.336423 -132.904922
585.336433 -134.117844
585.336442 -135.308960
585.336452 -136.330399
585.336462 -137.003647
585.336471 -136.849365
585.336481 -136.090668
585.336490 -135.051788
585.336500 -133.858215
585.336510 -132.602051
585.336519 -131.347427
585.336529 -130.140366
585.336538 -129.013641
585.336548 -127.989693
585.336558 -127.084122
585.336567 -126.309273
585.336577 -125.670288
585.336587 -125.168442
585.336596 -124.801964
585.336606 -124.566101
585.336615 -124.453217
585.336625 -124.439095
585.336635 -124.451073
585.336644 -124.547020
585.336654 -124.725113
585.336663 -124.966644
585.336673 -125.252106
585.336683 -125.562325
585.336692 -125.881180
585.336702 -126.193626
585.336712 -126.493935
585.336721 -126.783669
585.336731 -127.067810
585.336740 -127.355057
585.336750 -127.656204
585.336760 -127.983429
585.336769 -128.348755
585.336779 -128.763428
585.336788 -129.236771
585.336798 -129.775772
585.336808 -130.383545
585.336817 -131.059784
585.336827 -131.799149
585.336837 -132.592499
585.336846 -133.426697
585.336856 -134.287125
585.336865 -135.160095
585.336875 -136.038361
585.336885 -136.923904
585.336894 -137.834610
585.336904 -138.795334
585.336913 -139.849991
585.336923 -141.048843
585.336933 -142.415680
585.336942 -143.898010
585.336952 -145.275513
585.336962 -146.159088
585.336971 -146.245728
585.336981 -146.233047
585.336990 -146.411285
585.337000 -147.382782
585.337010 -149.638031
585.337019 -150.543671
585.337029 -144.703918
585.337038 -140.431351
585.337048 -137.309586
585.337058 -134.944275
585.337067 -133.117401
585.337077 -131.699417
585.337087 -130.605225
585.337096 -129.774033
585.337106 -129.158752
585.337115 -128.720535
585.337125 -128.418396
585.337135 -128.221024
585.337144 -128.098953
585.337154 -128.019989
585.337163 -127.955200
585.337173 -127.884033
585.337183 -127.800941
585.337192 -127.717751
585.337202 -127.661911
585.337212 -127.646599
585.337221 -127.669106
585.337231 -127.775581
585.337240 -128.011627
585.337250 -128.399078
585.337260 -128.948410
585.337269 -129.657364
585.337279 -130.492401
585.337288 -131.418655
585.337298 -132.356354
585.337308 -133.179749
585.337317 -133.728897
585.337327 -133.559662
585.337337 -132.904434
585.337346 -132.052582
585.337356 -131.137466
585.337365 -130.246521
585.337375 -129.427673
585.337385 -128.703674
585.337394 -128.083221
585.337404 -127.569046
585.337413 -127.161957
585.337423 -126.862885
585.337433 -126.673447
585.337442 -126.594833
585.337452 -126.582520
585.337462 -126.624519
585.337471 -126.763840
585.337481 -126.996407
585.337490 -127.307495
585.337500 -127.675262
585.337510 -128.076645
585.337519 -128.495544
585.337529 -128.931061
585.337538 -129.403503
585.337548 -129.952164
585.337558 -130.617294
585.337567 -131.425919
585.337577 -132.402512
585.337587 -133.442368
585.337596 -134.162079
585.337606 -133.128845
585.337615 -131.556076
585.337625 -129.936920
585.337635 -128.503906
585.337644 -127.322769
585.337654 -126.394264
585.337663 -125.699242
585.337673 -125.213387
585.337683 -124.911842
585.337692 -124.769241
585.337702 -124.744514
585.337712 -124.759544
585.337721 -124.853813
585.337731 -125.019058
585.337740 -125.217079
585.337750 -125.405365
585.337760 -125.540871
585.337769 -125.533218
585.337779 -125.381096
585.337788 -125.161812
585.337798 -124.917160
585.337808 -124.690773
585.337817 -124.521637
585.337827 -124.441772
585.337837 -124.439636
585.337846 -124.477448
585.337856 -124.647964
585.337865 -124.972313
585.337875 -125.478409
585.337885 -126.193535
585.337894 -127.153496
585.337904 -128.407532
585.337913 -130.025024
585.337923 -132.097137
585.337933 -134.693207
585.337942 -137.511047
585.337952 -137.105942
585.337962 -134.685944
585.337971 -132.690552
585.337981 -131.218369
585.337990 -130.187210
585.338000 -129.523239
585.338010 -129.180588
585.338019 -129.119080
585.338029 -129.138046
585.338038 -129.391800
585.338048 -129.969635
585.338058 -130.925537
585.338067 -132.361465
585.338077 -134.477829
585.338087 -137.730515
585.338096 -143.520905
585.338106 -143.842331
585.338115 -138.079880
585.338125 -134.932510
585.338135 -132.958420
585.338144 -131.697144
585.338154 -130.949249
585.338163 -130.615204
585.338173 -130.582687
585.338183 -130.644089
585.338192 -131.014755
585.338202 -131.729752
585.338212 -132.811386
585.338221 -134.333511
585.338231 -136.436584
585.338240 -139.411346
585.338250 -143.862778
585.338260 -145.517181
585.338269 -140.646133
585.338279 -137.444504
585.338288 -135.220642
585.338298 -133.611679
585.338308 -132.442657
585.338317 -131.618164
585.338327 -131.100449
585.338337 -130.869415
585.338346 -130.855072
585.338356 -130.922302
585.338365 -131.268661
585.338375 -131.929657
585.338385 -132.938309
585.338394 -134.338837
585.338404 -136.179947
585.338413 -138.475784
585.338423 -141.045578
585.338433 -143.111191
585.338442 -142.763550
585.338452 -141.635590
585.338462 -140.352020
585.338471 -138.762314
585.338481 -136.788712
585.338490 -134.646957
585.338500 -132.597916
585.338510 -130.790283
585.338519 -129.277588
585.338529 -128.065903
585.338538 -127.143898
585.338548 -126.495483
585.338558 -126.105370
585.338567 -125.960541
585.338577 -125.955544
585.338587 -126.051704
585.338596 -126.372162
585.338606 -126.920090
585.338615 -127.699509
585.338625 -128.723541
585.338635 -130.019943
585.338644 -131.642181
585.338654 -133.691544
585.338663 -136.360886
585.338673 -139.994461
585.338683 -144.088654
585.338692 -139.506470
585.338702 -135.902008
585.338712 -133.246506
585.338721 -131.213821
585.338731 -129.624557
585.338740 -128.384109
585.338750 -127.440567
585.338760 -126.764427
585.338769 -126.337807
585.338779 -126.148354
585.338788 -126.127739
585.338798 -126.185516
585.338808 -126.435318
585.338817 -126.875923
585.338827 -127.469765
585.338837 -128.155121
585.338846 -128.840515
585.338856 -129.417862
585.338865 -129.801849
585.338875 -129.969833
585.338885 -130.004288
585.338894 -130.013748
585.338904 -130.083160
585.338913 -130.264297
585.338923 -130.588867
585.338933 -131.075211
585.338942 -131.680832
585.338952 -132.298798
585.338962 -132.742447
585.338971 -132.372055
585.338981 -131.585434
585.338990 -130.658005
585.339000 -129.769775
585.339010 -129.023285
585.339019 -128.466248
585.339029 -128.118088
585.339038 -127.985550
585.339048 -127.984230
585.339058 -128.071381
585.339067 -128.376923
585.339077 -128.905029
585.339087 -129.660248
585.339096 -130.649216
585.339106 -131.880692
585.339115 -133.361191
585.339125 -135.098679
585.339135 -137.097504
585.339144 -139.335327
585.339154 -141.707794
585.339163 -143.894135
585.339173 -145.261887
585.339183 -144.570801
585.339192 -143.461029
585.339202 -142.312958
585.339212 -141.174835
585.339221 -140.018478
585.339231 -138.820801
585.339240 -137.590469
585.339250 -136.367859
585.339260 -135.204865
585.339269 -134.151184
585.339279 -133.233505
585.339288 -132.492874
585.339298 -131.955582
585.339308 -131.641586
585.339317 -131.554672
585.339327 -131.569931
585.339337 -131.757111
585.339346 -132.209015
585.339356 -132.896332
585.339365 -133.693222
585.339375 -134.175018
585.339385 -133.211426
585.339394 -131.753479
585.339404 -130.247513
585.339413 -128.927872
585.339423 -127.872841
585.339433 -127.094093
585.339442 -126.581352
585.339452 -126.318306
585.339462 -126.262245
585.339471 -126.288193
585.339481 -126.474266
585.339490 -126.859230
585.339500 -127.424118
585.339510 -128.147217
585.339519 -129.002502
585.339529 -129.959808
585.339538 -130.985580
585.339548 -132.044952
585.339558 -133.098297
585.339567 -134.090042
585.339577 -134.920486
585.339587 -135.420120
585.339596 -134.855942
585.339606 -133.884979
585.339615 -132.747299
585.339625 -131.632858
585.339635 -130.649811
585.339644 -129.850159
585.339654 -129.255417
585.339663 -128.873886
585.339673 -128.707855
585.339683 -128.701355
585.339692 -128.759033
585.339702 -129.028824
585.339712 -129.520645
585.339721 -130.239594
585.339731 -131.192001
585.339740 -132.379700
585.339750 -133.785187
585.339760 -135.325562
585.339769 -136.755219
585.339779 -137.404663
585.339788 -136.389465
585.339798 -135.057739
585.339808 -133.746399
585.339817 -132.578827
585.339827 -131.578308
585.339837 -130.734421
585.339846 -130.027863
585.339856 -129.439133
585.339865 -128.951096
585.339875 -128.549789
585.339885 -128.224533
585.339894 -127.967667
585.339904 -127.773979
585.339913 -127.639992
585.339923 -127.562675
585.339933 -127.538200
585.339942 -127.538124
585.339952 -127.555733
585.339962 -127.611900
585.339971 -127.696518
585.339981 -127.796806
585.339990 -127.898590
585.340000 -127.987083
585.340010 -128.044495
585.340019 -128.023712
585.340029 -127.907394
585.340038 -127.698326
585.340048 -127.380844
585.340058 -126.947357
585.340067 -126.404007
585.340077 -125.773819
585.340087 -125.093994
585.340096 -124.408806
585.340106 -123.762108
585.340115 -123.192192
585.340125 -122.729530
585.340135 -122.397369
585.340144 -122.212975
585.340154 -122.178680
585.340163 -122.189491
585.340173 -122.336349
585.340183 -122.659187
585.340192 -123.174004
585.340202 -123.894203
585.340212 -124.839279
585.340221 -126.038971
585.340231 -127.541794
585.340240 -129.430466
585.340250 -131.859024
585.340260 -135.152832
585.340269 -140.197189
585.340279 -147.935837
585.340288 -140.195648
585.340298 -136.597076
585.340308 -134.430710
585.340317 -133.008026
585.340327 -132.041855
585.340337 -131.374100
585.340346 -130.898987
585.340356 -130.536743
585.340365 -130.226517
585.340375 -129.926224
585.340385 -129.614716
585.340394 -129.290970
585.340404 -128.969788
585.340413 -128.675674
585.340423 -128.437225
585.340433 -128.275040
585.340442 -128.225601
585.340452 -128.226059
585.340462 -128.317947
585.340471 -128.569153
585.340481 -128.994812
585.340490 -129.599884
585.340500 -130.372940
585.340510 -131.276321
585.340519 -132.232956
585.340529 -133.119659
585.340538 -133.788071
585.340548 -134.093140
585.340558 -133.741821
585.340567 -133.113373
585.340577 -132.298553
585.340587 -131.377991
585.340596 -130.427185
585.340606 -129.516129
585.340615 -128.699310
585.340625 -128.011505
585.340635 -127.470016
585.340644 -127.078308
585.340654 -126.829437
585.340663 -126.707970
585.340673 -126.678894
585.340683 -126.691048
585.340692 -126.749420
585.340702 -126.848602
585.340712 -126.953659
585.340721 -127.035576
585.340731 -127.068726
585.340740 -127.052757
585.340750 -127.027039
585.340760 -127.013855
585.340769 -127.023766
585.340779 -127.057457
585.340788 -127.126541
585.340798 -127.233383
585.340808 -127.369614
585.340817 -127.524452
585.340827 -127.689507
585.340837 -127.861099
585.340846 -128.041977
585.340856 -128.238495
585.340865 -128.458420
585.340875 -128.706863
585.340885 -128.973907
585.340894 -129.266968
585.340904 -129.582962
585.340913 -129.918427
585.340923 -130.274261
585.340933 -130.659119
585.340942 -131.088058
585.340952 -131.581192
585.340962 -132.158035
585.340971 -132.819458
585.340981 -133.578537
585.340990 -134.421997
585.341000 -135.305801
585.341010 -136.144836
585.341019 -136.815582
585.341029 -137.187515
585.341038 -136.877167
585.341048 -136.348999
585.341058 -135.729279
585.341067 -135.106049
585.341077 -134.531799
585.341087 -134.035507
585.341096 -133.631607
585.341106 -133.325912
585.341115 -133.116425
585.341125 -132.990341
585.341135 -132.915543
585.341144 -132.836945
585.341154 -132.662399
585.341163 -132.291763
585.341173 -131.660980
585.341183 -130.788879
585.341192 -129.770996
585.341202 -128.726089
585.341212 -127.753723
585.341221 -126.920517
585.341231 -126.266846
585.341240 -125.815826
585.341250 -125.581757
585.341260 -125.548164
585.341269 -125.573708
585.341279 -125.788391
585.341288 -126.243042
585.341298 -126.939743
585.341308 -127.870758
585.341317 -129.003113
585.341327 -130.248062
585.341337 -131.419235
585.341346 -132.239731
585.341356 -132.290054
585.341365 -131.860458
585.341375 -131.458710
585.341385 -131.219849
585.341394 -131.174316
585.341404 -131.204391
585.341413 -131.436356
585.341423 -131.928009
585.341433 -132.691925
585.341442 -133.749451
585.341452 -135.136551
585.341462 -136.916016
585.341471 -139.160049
585.341481 -141.985672
585.341490 -145.160294
585.341500 -144.045883
585.341510 -140.909683
585.341519 -138.291565
585.341529 -136.180893
585.341538 -134.501114
585.341548 -133.180710
585.341558 -132.176819
585.341567 -131.466873
585.341577 -131.037720
585.341587 -130.867493
585.341596 -130.864777
585.341606 -130.954681
585.341615 -131.273743
585.341625 -131.772034
585.341635 -132.347778
585.341644 -132.839355
585.341654 -132.930984
585.341663 -132.513168
585.341673 -131.979675
585.341683 -131.481140
585.341692 -131.104095
585.341702 -130.880676
585.341712 -130.798370
585.341721 -130.795853
585.341731 -130.849670
585.341740 -131.008423
585.341750 -131.243561
585.341760 -131.525482
585.341769 -131.827484
585.341779 -132.112823
585.341788 -132.371841
585.341798 -132.593033
585.341808 -132.776855
585.341817 -132.943558
585.341827 -133.136826
585.341837 -133.420563
585.341846 -133.874527
585.341856 -134.592468
585.341865 -135.691498
585.341875 -137.332245
585.341885 -139.752426
585.341894 -143.153473
585.341904 -143.107224
585.341913 -139.364319
585.341923 -136.616638
585.341933 -134.705032
585.341942 -133.407532
585.341952 -132.586807
585.341962 -132.160187
585.341971 -132.062622
585.341981 -132.071030
585.341990 -132.297073
585.342000 -132.822968
585.342010 -133.648224
585.342019 -134.790115
585.342029 -136.291473
585.342038 -138.236130
585.342048 -140.764420
585.342058 -143.982605
585.342067 -145.459152
585.342077 -141.826477
585.342087 -138.647507
585.342096 -136.082092
585.342106 -133.958099
585.342115 -132.151611
585.342125 -130.584625
585.342135 -129.225235
585.342144 -128.048828
585.342154 -127.040840
585.342163 -126.192001
585.342173 -125.495430
585.342183 -124.945313
585.342192 -124.536186
585.342202 -124.262955
585.342212 -124.120880
585.342221 -124.094940
585.342231 -124.106499
585.342240 -124.217941
585.342250 -124.456306
585.342260 -124.826904
585.342269 -125.341637
585.342279 -126.021133
585.342288 -126.899368
585.342298 -128.030945
585.342308 -129.504883
585.342317 -131.480301
585.342327 -134.286896
585.342337 -138.787567
585.342346 -145.814331
585.342356 -137.511978
585.342365 -133.417877
585.342375 -130.777069
585.342385 -128.910110
585.342394 -127.545784
585.342404 -126.548912
585.342413 -125.844131
585.342423 -125.385521
585.342433 -125.144264
585.342442 -125.088745
585.342452 -125.093506
585.342462 -125.222382
585.342471 -125.515007
585.342481 -125.949516
585.342490 -126.491631
585.342500 -127.088623
585.342510 -127.669434
585.342519 -128.158447
585.342529 -128.507950
585.342538 -128.728500
585.342548 -128.890518
585.342558 -129.094604
585.342567 -129.441437
585.342577 -130.017639
585.342587 -130.900177
585.342596 -132.167374
585.342606 -133.918076
585.342615 -136.294662
585.342625 -139.579849
585.342635 -144.417099
585.342644 -153.189102
585.342654 -151.442276
585.342663 -148.700760
585.342673 -147.780304
585.342683 -146.566391
585.342692 -143.987579
585.342702 -140.906525
585.342712 -138.151688
585.342721 -135.902924
585.342731 -134.117935
585.342740 -132.720108
585.342750 -131.641693
585.342760 -130.828491
585.342769 -130.238251
585.342779 -129.837128
585.342788 -129.597778
585.342798 -129.497223
585.342808 -129.485596
585.342817 -129.516235
585.342827 -129.638733
585.342837 -129.852707
585.342846 -130.151215
585.342856 -130.533188
585.342865 -131.002869
585.342875 -131.567688
585.342885 -132.234543
585.342894 -132.985641
585.342904 -133.819427
585.342913 -134.702881
585.342923 -135.581528
585.342933 -136.396057
585.342942 -137.114243
585.342952 -137.762787
585.342962 -138.425461
585.342971 -139.211060
585.342981 -140.193649
585.342990 -141.307846
585.343000 -141.805603
585.343010 -140.184814
585.343019 -138.063187
585.343029 -136.068893
585.343038 -134.405579
585.343048 -133.103561
585.343058 -132.133636
585.343067 -131.492432
585.343077 -131.162766
585.343087 -131.103806
585.343096 -131.131378
585.343106 -131.388535
585.343115 -131.923782
585.343125 -132.720978
585.343135 -133.744980
585.343144 -134.919708
585.343154 -136.094223
585.343163 -137.028641
585.343173 -137.375107
585.343183 -136.870499
585.343192 -136.173187
585.343202 -135.424973
585.343212 -134.695068
585.343221 -134.012848
585.343231 -133.393341
585.343240 -132.847275
585.343250 -132.385437
585.343260 -132.018829
585.343269 -131.759140
585.343279 -131.618790
585.343288 -131.586716
585.343298 -131.605499
585.343308 -131.745636
585.343317 -132.030823
585.343327 -132.463028
585.343337 -133.020615
585.343346 -133.651611
585.343356 -134.263809
585.343365 -134.735382
585.343375 -134.930176
585.343385 -134.711746
585.343394 -134.419083
585.343404 -134.132767
585.343413 -133.845963
585.343423 -133.565338
585.343433 -133.241653
585.343442 -132.823196
585.343452 -132.292221
585.343462 -131.677109
585.343471 -131.037827
585.343481 -130.440552
585.343490 -129.939514
585.343500 -129.571869
585.343510 -129.359253
585.343519 -129.307755
585.343529 -129.312317
585.343538 -129.424622
585.343548 -129.696899
585.343558 -130.121796
585.343567 -130.682022
585.343577 -131.354202
585.343587 -132.108963
585.343596 -132.914719
585.343606 -133.741043
585.343615 -134.562561
585.343625 -135.352539
585.343635 -136.042740
585.343644 -136.576385
585.343654 -136.816910
585.343663 -136.461472
585.343673 -135.908310
585.343683 -135.306793
585.343692 -134.778564
585.343702 -134.397568
585.343712 -134.184433
585.343721 -134.145172
585.343731 -134.160995
585.343740 -134.314575
585.343750 -134.611603
585.343760 -134.996826
585.343769 -135.390182
585.343779 -135.688828
585.343788 -135.645950
585.343798 -135.246231
585.343808 -134.661118
585.343817 -133.977448
585.343827 -133.271622
585.343837 -132.599731
585.343846 -131.998611
585.343856 -131.492706
585.343865 -131.098114
585.343875 -130.826538
585.343885 -130.686264
585.343894 -130.659302
585.343904 -130.682434
585.343913 -130.822586
585.343923 -131.104675
585.343933 -131.528992
585.343942 -132.092606
585.343952 -132.790222
585.343962 -133.615829
585.343971 -134.564377
585.343981 -135.636047
585.343990 -136.841934
585.344000 -138.212372
585.344010 -139.809784
585.344019 -141.748199
585.344029 -144.238281
585.344038 -147.717346
585.344048 -153.180679
585.344058 -153.721390
585.344067 -148.588547
585.344077 -145.445221
585.344087 -143.275391
585.344096 -141.627792
585.344106 -140.298843
585.344115 -139.199585
585.344125 -138.304489
585.344135 -137.617691
585.344144 -137.151443
585.344154 -136.906494
585.344163 -136.841537
585.344173 -136.847031
585.344183 -136.958496
585.344192 -137.176819
585.344202 -137.426010
585.344212 -137.649261
585.344221 -137.849228
585.344231 -138.099762
585.344240 -138.524734
585.344250 -139.232315
585.344260 -140.308624
585.344269 -141.709808
585.344279 -142.186264
585.344288 -139.982071
585.344298 -137.531250
585.344308 -135.449341
585.344317 -133.822723
585.344327 -132.612778
585.344337 -131.769394
585.344346 -131.251831
585.344356 -131.029922
585.344365 -131.016525
585.344375 -131.075989
585.344385 -131.378433
585.344394 -131.923492
585.344404 -132.696045
585.344413 -133.674377
585.344423 -134.822662
585.344433 -136.076019
585.344442 -137.323090
585.344452 -138.394684
585.344462 -139.100266
585.344471 -139.096344
585.344481 -138.566605
585.344490 -137.886826
585.344500 -137.169449
585.344510 -136.487457
585.344519 -135.887512
585.344529 -135.402542
585.344538 -135.058273
585.344548 -134.876114
585.344558 -134.847733
585.344567 -134.869553
585.344577 -135.065582
585.344587 -135.484161
585.344596 -136.144394
585.344606 -137.058762
585.344615 -138.218216
585.344625 -139.547424
585.344635 -140.808472
585.344644 -141.219391
585.344654 -140.081558
585.344663 -138.620941
585.344673 -137.188248
585.344683 -135.916092
585.344692 -134.835236
585.344702 -133.939529
585.344712 -133.210571
585.344721 -132.603622
585.344731 -132.114212
585.344740 -131.711838
585.344750 -131.364761
585.344760 -131.043579
585.344769 -130.724747
585.344779 -130.393692
585.344788 -130.044876
585.344798 -129.681458
585.344808 -129.311935
585.344817 -128.948898
585.344827 -128.606415
585.344837 -128.299606
585.344846 -128.043762
585.344856 -127.854073
585.344865 -127.744728
585.344875 -127.713524
585.344885 -127.729782
585.344894 -127.822105
585.344904 -128.034195
585.344913 -128.377426
585.344923 -128.857712
585.344933 -129.466034
585.344942 -130.210007
585.344952 -131.058533
585.344962 -131.935715
585.344971 -132.699600
585.344981 -133.149460
585.344990 -132.804413
585.345000 -132.201416
585.345010 -131.558304
585.345019 -130.992783
585.345029 -130.553833
585.345038 -130.241837
585.345048 -130.021698
585.345058 -129.832626
585.345067 -129.600952
585.345077 -129.264175
585.345087 -128.797760
585.345096 -128.226456
585.345106 -127.608749
585.345115 -127.010773
585.345125 -126.486443
585.345135 -126.072182
585.345144 -125.788368
585.345154 -125.644043
585.345163 -125.614807
585.345173 -125.637009
585.345183 -125.773285
585.345192 -126.034355
585.345202 -126.411285
585.345212 -126.887306
585.345221 -127.439903
585.345231 -128.040787
585.345240 -128.657379
585.345250 -129.259003
585.345260 -129.825867
585.345269 -130.359695
585.345279 -130.887711
585.345288 -131.459320
585.345298 -132.133636
585.345308 -132.966629
585.345317 -133.989090
585.345327 -135.162903
585.345337 -136.282028
585.345346 -136.544678
585.345356 -135.428070
585.345365 -134.075287
585.345375 -132.852112
585.345385 -131.902023
585.345394 -131.265091
585.345404 -130.949692
585.345413 -130.913132
585.345423 -130.949844
585.345433 -131.273254
585.345442 -131.947296
585.345452 -132.990814
585.345462 -134.395844
585.345471 -136.015564
585.345481 -137.243362
585.345490 -135.855072
585.345500 -134.065811
585.345510 -132.463821
585.345519 -131.201096
585.345529 -130.279968
585.345538 -129.668762
585.345548 -129.331161
585.345558 -129.224640
585.345567 -129.229004
585.345577 -129.317581
585.345587 -129.538177
585.345596 -129.815170
585.345606 -130.061646
585.345615 -130.195099
585.345625 -130.061020
585.345635 -129.850662
585.345644 -129.621246
585.345654 -129.395889
585.345663 -129.210175
585.345673 -129.078461
585.345683 -129.002228
585.345692 -128.973969
585.345702 -128.974960
585.345712 -129.035477
585.345721 -129.180603
585.345731 -129.429794
585.345740 -129.803467
585.345750 -130.309525
585.345760 -130.939590
585.345769 -131.661942
585.345779 -132.411469
585.345788 -133.086258
585.345798 -133.559280
585.345808 -133.544250
585.345817 -133.080261
585.345827 -132.441818
585.345837 -131.743759
585.345846 -131.077759
585.345856 -130.509262
585.345865 -130.081726
585.345875 -129.822998
585.345885 -129.748001
585.345894 -129.749298
585.345904 -129.869186
585.345913 -130.183746
585.345923 -130.688583
585.345933 -131.372726
585.345942 -132.218124
585.345952 -133.200272
585.345962 -134.294006
585.345971 -135.485886
585.345981 -136.795105
585.345990 -138.295288
585.346000 -140.129242
585.346010 -142.497238
585.346019 -145.452652
585.346029 -145.685791
585.346038 -142.588196
585.346048 -140.178024
585.346058 -138.568161
585.346067 -137.645370
585.346077 -137.340057
585.346087 -137.331085
585.346096 -137.647324
585.346106 -138.631790
585.346115 -140.480011
585.346125 -143.647888
585.346135 -149.251205
585.346144 -145.125595
585.346154 -140.724045
585.346163 -137.890457
585.346173 -135.896576
585.346183 -134.399841
585.346192 -133.219131
585.346202 -132.250565
585.346212 -131.424210
585.346221 -130.704498
585.346231 -130.082108
585.346240 -129.567947
585.346250 -129.184662
585.346260 -128.960587
585.346269 -128.909546
585.346279 -128.916504
585.346288 -129.080948
585.346298 -129.478607
585.346308 -130.118362
585.346317 -130.980255
585.346327 -131.976074
585.346337 -132.884094
585.346346 -133.093018
585.346356 -132.282532
585.346365 -131.282059
585.346375 -130.368256
585.346385 -129.668716
585.346394 -129.225601
585.346404 -129.045837
585.346413 -129.030365
585.346423 -129.122604
585.346433 -129.442200
585.346442 -129.983337
585.346452 -130.711990
585.346462 -131.571136
585.346471 -132.474182
585.346481 -133.312439
585.346490 -133.995605
585.346500 -134.506271
585.346510 -134.918030
585.346519 -135.350357
585.346529 -135.907181
585.346538 -136.609695
585.346548 -137.438812
585.346558 -138.290344
585.346567 -138.978790
585.346577 -139.386490
585.346587 -139.621292
585.346596 -139.986359
585.346606 -140.865921
585.346615 -142.679749
585.346625 -146.221024
585.346635 -143.866837
585.346644 -138.337112
585.346654 -134.494278
585.346663 -131.641006
585.346673 -129.429306
585.346683 -127.677910
585.346692 -126.281563
585.346702 -125.173386
585.346712 -124.307724
585.346721 -123.649055
585.346731 -123.174248
585.346740 -122.864334
585.346750 -122.702179
585.346760 -122.665428
585.346769 -122.672485
585.346779 -122.760330
585.346788 -122.950371
585.346798 -123.226517
585.346808 -123.571625
585.346817 -123.967125
585.346827 -124.393478
585.346837 -124.830406
585.346846 -125.257477
585.346856 -125.654289
585.346865 -126.001312
585.346875 -126.280228
585.346885 -126.475632
585.346894 -126.575371
585.346904 -126.502121
585.346913 -126.354469
585.346923 -126.169037
585.346933 -125.979675
585.346942 -125.820847
585.346952 -125.724709
585.346962 -125.698868
585.346971 -125.719711
585.346981 -125.830544
585.346990 -126.078987
585.347000 -126.485069
585.347010 -127.068695
585.347019 -127.850723
585.347029 -128.854233
585.347038 -130.105164
585.347048 -131.621231
585.347058 -133.433060
585.347067 -135.563095
585.347077 -138.000519
585.347087 -140.673065
585.347096 -143.453278
585.347106 -146.333389
585.347115 -149.506195
585.347125 -148.045868
585.347135 -142.928329
585.347144 -138.907013
585.347154 -135.794754
585.347163 -133.337112
585.347173 -131.375427
585.347183 -129.810852
585.347192 -128.580185
585.347202 -127.640411
585.347212 -126.967308
585.347221 -126.545685
585.347231 -126.369331
585.347240 -126.361382
585.347250 -126.440125
585.347260 -126.767311
585.347269 -127.368332
585.347279 -128.271072
585.347288 -129.515274
585.347298 -131.154282
585.347308 -133.247665
585.347317 -135.808380
585.347327 -138.558945
585.347337 -140.307175
585.347346 -139.396652
585.347356 -138.838120
585.347365 -138.789948
585.347375 -139.018539
585.347385 -140.116943
585.347394 -142.469589
585.347404 -147.148468
585.347413 -150.124649
585.347423 -143.339417
585.347433 -139.904510
585.347442 -137.841537
585.347452 -136.592300
585.347462 -135.913055
585.347471 -135.673096
585.347481 -135.669937
585.347490 -135.796402
585.347500 -136.225204
585.347510 -136.930038
585.347519 -137.892456
585.347529 -139.099503
585.347538 -140.542847
585.347548 -142.219330
585.347558 -144.112823
585.347567 -146.081558
585.347577 -146.687164
585.347587 -144.203659
585.347596 -141.438477
585.347606 -139.022232
585.347615 -137.057800
585.347625 -135.525024
585.347635 -134.385147
585.347644 -133.596405
585.347654 -133.110214
585.347663 -132.903748
585.347673 -132.879349
585.347683 -132.927048
585.347692 -133.114624
585.347702 -133.385025
585.347712 -133.655457
585.347721 -133.870178
585.347731 -134.030075
585.347740 -134.191757
585.347750 -134.436783
585.347760 -134.830795
585.347769 -135.383759
585.347779 -135.995621
585.347788 -136.164688
585.347798 -135.174759
585.347808 -133.699982
585.347817 -132.115402
585.347827 -130.637589
585.347837 -129.346832
585.347846 -128.261642
585.347856 -127.368843
585.347865 -126.679382
585.347875 -126.192696
585.347885 -125.913712
585.347894 -125.846863
585.347904 -125.852974
585.347913 -126.027443
585.347923 -126.456512
585.347933 -127.161957
585.347942 -128.156570
585.347952 -129.414871
585.347962 -130.789688
585.347971 -131.868454
585.347981 -131.237473
585.347990 -129.967865
585.348000 -128.730957
585.348010 -127.721962
585.348019 -126.977570
585.348029 -126.456421
585.348038 -126.136169
585.348048 -125.967506
585.348058 -125.892235
585.348067 -125.849693
585.348077 -125.787079
585.348087 -125.666931
585.348096 -125.480240
585.348106 -125.244957
585.348115 -124.997276
585.348125 -124.779404
585.348135 -124.630478
585.348144 -124.578590
585.348154 -124.582413
585.348163 -124.659561
585.348173 -124.878548
585.348183 -125.242264
585.348192 -125.745377
585.348202 -126.379860
585.348212 -127.101387
585.348221 -127.823326
585.348231 -128.410370
585.348240 -128.653549
585.348250 -128.283005
585.348260 -127.741058
585.348269 -127.166306
585.348279 -126.651382
585.348288 -126.243973
585.348298 -125.962921
585.348308 -125.811111
585.348317 -125.779671
585.348327 -125.784485
585.348337 -125.876015
585.348346 -126.078438
585.348356 -126.384857
585.348365 -126.788803
585.348375 -127.282494
585.348385 -127.854553
585.348394 -128.486267
585.348404 -129.146774
585.348413 -129.787689
585.348423 -130.341217
585.348433 -130.725540
585.348442 -130.718643
585.348452 -130.297424
585.348462 -129.658005
585.348471 -128.880005
585.348481 -128.042191
585.348490 -127.212173
585.348500 -126.442474
585.348510 -125.772301
585.348519 -125.229324
585.348529 -124.832672
585.348538 -124.594627
585.348548 -124.522316
585.348558 -124.522842
585.348567 -124.621353
585.348577 -124.891045
585.348587 -125.330536
585.348596 -125.936539
585.348606 -126.702805
585.348615 -127.620270
585.348625 -128.674576
585.348635 -129.845093
585.348644 -131.100937
585.348654 -132.398621
585.348663 -133.676880
585.348673 -134.855148
585.348683 -135.833481
585.348692 -136.508316
585.348702 -136.730331
585.348712 -136.371323
585.348721 -135.870255
585.348731 -135.366104
585.348740 -134.970123
585.348750 -134.763748
585.348760 -134.744308
585.348769 -134.810425
585.348779 -135.166656
585.348788 -135.888336
585.348798 -137.057175
585.348808 -138.804077
585.348817 -141.331223
585.348827 -144.915146
585.348837 -148.422424
585.348846 -145.073639
585.348856 -142.682098
585.348865 -141.296692
585.348875 -140.629868
585.348885 -140.436722
585.348894 -140.407303
585.348904 -140.311707
585.348913 -139.765091
585.348923 -138.804901
585.348933 -137.665619
585.348942 -136.579849
585.348952 -135.669800
585.348962 -134.968887
585.348971 -134.456833
585.348981 -134.133804
585.348990 -133.974442
585.349000 -133.941650
