616.131000 -125.181793
616.131010 -125.186073
616.131019 -125.269737
616.131029 -125.483269
616.131038 -125.842079
616.131048 -126.352577
616.131058 -127.016403
616.131067 -127.829353
616.131077 -128.778381
616.131087 -129.837311
616.131096 -130.959808
616.131106 -132.071045
616.131115 -133.063477
616.131125 -133.806992
616.131135 -134.181992
616.131144 -133.835480
616.131154 -133.263672
616.131163 -132.583466
616.131173 -131.880066
616.131183 -131.198929
616.131192 -130.581299
616.131202 -130.035080
616.131212 -129.550171
616.131221 -129.109177
616.131231 -128.689911
616.131240 -128.277695
616.131250 -127.867661
616.131260 -127.470978
616.131269 -127.108475
616.131279 -126.807472
616.131288 -126.592354
616.131298 -126.482437
616.131308 -126.470306
616.131317 -126.480209
616.131327 -126.582169
616.131337 -126.785225
616.131346 -127.066429
616.131356 -127.392967
616.131365 -127.728798
616.131375 -128.043930
616.131385 -128.328735
616.131394 -128.600922
616.131404 -128.908279
616.131413 -129.318817
616.131423 -129.917282
616.131433 -130.802704
616.131442 -132.100159
616.131452 -133.947021
616.131462 -136.576355
616.131471 -139.734344
616.131481 -136.769150
616.131490 -133.459152
616.131500 -130.984970
616.131510 -129.175339
616.131519 -127.865204
616.131529 -126.938560
616.131538 -126.336960
616.131548 -126.012489
616.131558 -125.930618
616.131567 -125.932838
616.131577 -126.078812
616.131587 -126.436226
616.131596 -127.002892
616.131606 -127.788330
616.131615 -128.816315
616.131625 -130.122391
616.131635 -131.764404
616.131644 -133.821106
616.131654 -136.242645
616.131663 -137.998001
616.131673 -135.756012
616.131683 -133.368271
616.131692 -131.415756
616.131702 -129.910217
616.131712 -128.779114
616.131721 -127.953255
616.131731 -127.377937
616.131740 -127.006210
616.131750 -126.796799
616.131760 -126.709366
616.131769 -126.693344
616.131779 -126.705498
616.131788 -126.748093
616.131798 -126.805420
616.131808 -126.852005
616.131817 -126.853699
616.131827 -126.786926
616.131837 -126.669334
616.131846 -126.506409
616.131856 -126.301262
616.131865 -126.062592
616.131875 -125.806068
616.131885 -125.553307
616.131894 -125.329491
616.131904 -125.160034
616.131913 -125.067963
616.131923 -125.056015
616.131933 -125.071335
616.131942 -125.175362
616.131952 -125.396324
616.131962 -125.732414
616.131971 -126.169373
616.131981 -126.671135
616.131990 -127.171280
616.132000 -127.566216
616.132010 -127.587212
616.132019 -127.127144
616.132029 -126.443970
616.132038 -125.657974
616.132048 -124.869576
616.132058 -124.143791
616.132067 -123.517487
616.132077 -123.009148
616.132087 -122.627563
616.132096 -122.375893
616.132106 -122.254883
616.132115 -122.242699
616.132125 -122.263245
616.132135 -122.398476
616.132144 -122.654053
616.132154 -123.026588
616.132163 -123.507553
616.132173 -124.085838
616.132183 -124.741913
616.132192 -125.458664
616.132202 -126.211395
616.132212 -126.970016
616.132221 -127.697639
616.132231 -128.356186
616.132240 -128.914276
616.132250 -129.363510
616.132260 -129.726456
616.132269 -130.056702
616.132279 -130.422272
616.132288 -130.892914
616.132298 -131.525314
616.132308 -132.360641
616.132317 -133.413284
616.132327 -134.655960
616.132337 -135.977325
616.132346 -137.133789
616.132356 -137.737167
616.132365 -137.148895
616.132375 -136.309219
616.132385 -135.412109
616.132394 -134.527786
616.132404 -133.664932
616.132413 -132.809830
616.132423 -131.952835
616.132433 -131.092468
616.132442 -130.240341
616.132452 -129.414932
616.132462 -128.639542
616.132471 -127.934441
616.132481 -127.315880
616.132490 -126.790863
616.132500 -126.359001
616.132510 -126.010567
616.132519 -125.730354
616.132529 -125.499229
616.132538 -125.300133
616.132548 -125.121315
616.132558 -124.961418
616.132567 -124.828773
616.132577 -124.740547
616.132587 -124.711960
616.132596 -124.717758
616.132606 -124.782539
616.132615 -124.953476
616.132625 -125.235939
616.132635 -125.643013
616.132644 -126.175774
616.132654 -126.820198
616.132663 -127.545547
616.132673 -128.300781
616.132683 -129.016220
616.132692 -129.615997
616.132702 -130.045395
616.132712 -130.291840
616.132721 -130.389435
616.132731 -130.394699
616.132740 -130.391357
616.132750 -130.401260
616.132760 -130.452454
616.132769 -130.578766
616.132779 -130.807205
616.132788 -131.156052
616.132798 -131.634384
616.132808 -132.259064
616.132817 -133.033264
616.132827 -133.943298
616.132837 -134.953339
616.132846 -135.997879
616.132856 -136.997299
616.132865 -137.892746
616.132875 -138.703293
616.132885 -139.534271
616.132894 -140.509979
616.132904 -141.640915
616.132913 -142.396225
616.132923 -140.417831
616.132933 -137.756943
616.132942 -135.268936
616.132952 -133.169754
616.132962 -131.457382
616.132971 -130.085190
616.132981 -129.008362
616.132990 -128.184433
616.133000 -127.583054
616.133010 -127.178909
616.133019 -126.946671
616.133029 -126.861908
616.133038 -126.855919
616.133048 -126.899956
616.133058 -127.033737
616.133067 -127.234047
616.133077 -127.469688
616.133087 -127.709709
616.133096 -127.926910
616.133106 -128.102737
616.133115 -128.231995
616.133125 -128.327347
616.133135 -128.408936
616.133144 -128.502670
616.133154 -128.629791
616.133163 -128.812927
616.133173 -129.067535
616.133183 -129.402405
616.133192 -129.817520
616.133202 -130.301071
616.133212 -130.833908
616.133221 -131.395813
616.133231 -131.949402
616.133240 -132.451309
616.133250 -132.856522
616.133260 -133.133469
616.133269 -133.271530
616.133279 -133.213394
616.133288 -133.085449
616.133298 -132.926376
616.133308 -132.734192
616.133317 -132.515656
616.133327 -132.250885
616.133337 -131.914276
616.133346 -131.488480
616.133356 -130.971710
616.133365 -130.383484
616.133375 -129.757156
616.133385 -129.133209
616.133394 -128.548752
616.133404 -128.035233
616.133413 -127.615227
616.133423 -127.304871
616.133433 -127.113655
616.133442 -127.045769
616.133452 -127.045563
616.133462 -127.102844
616.133471 -127.284859
616.133481 -127.586098
616.133490 -127.995773
616.133500 -128.497284
616.133510 -129.073471
616.133519 -129.695786
616.133529 -130.325226
616.133538 -130.908554
616.133548 -131.384232
616.133558 -131.691437
616.133567 -131.722992
616.133577 -131.489197
616.133587 -131.154053
616.133596 -130.761597
616.133606 -130.337799
616.133615 -129.894440
616.133625 -129.432907
616.133635 -128.952255
616.133644 -128.451920
616.133654 -127.934898
616.133663 -127.401611
616.133673 -126.861694
616.133683 -126.336708
616.133692 -125.844177
616.133702 -125.405540
616.133712 -125.043762
616.133721 -124.783112
616.133731 -124.646835
616.133740 -124.625641
616.133750 -124.657799
616.133760 -124.836815
616.133769 -125.203514
616.133779 -125.775085
616.133788 -126.564140
616.133798 -127.570160
616.133808 -128.759247
616.133817 -130.019592
616.133827 -131.100266
616.133837 -131.458984
616.133846 -130.745209
616.133856 -129.841599
616.133865 -128.971771
616.133875 -128.222153
616.133885 -127.607948
616.133894 -127.116707
616.133904 -126.729012
616.133913 -126.441216
616.133923 -126.252464
616.133933 -126.159103
616.133942 -126.150711
616.133952 -126.172882
616.133962 -126.298958
616.133971 -126.537544
616.133981 -126.880226
616.133990 -127.311218
616.134000 -127.808235
616.134010 -128.349670
616.134019 -128.920670
616.134029 -129.521194
616.134038 -130.165344
616.134048 -130.876465
616.134058 -131.673584
616.134067 -132.555756
616.134077 -133.482300
616.134087 -134.354996
616.134096 -135.026901
616.134106 -135.366074
616.134115 -135.139923
616.134125 -134.852066
616.134135 -134.627441
616.134144 -134.537506
616.134154 -134.537064
616.134163 -134.609146
616.134173 -134.841248
616.134183 -135.206360
616.134192 -135.653000
616.134202 -136.095840
616.134212 -136.426468
616.134221 -136.409988
616.134231 -136.076050
616.134240 -135.635498
616.134250 -135.141891
616.134260 -134.651917
616.134269 -134.125183
616.134279 -133.478775
616.134288 -132.641785
616.134298 -131.613403
616.134308 -130.469910
616.134317 -129.320648
616.134327 -128.258774
616.134337 -127.346092
616.134346 -126.614441
616.134356 -126.076988
616.134365 -125.733330
616.134375 -125.563347
616.134385 -125.541344
616.134394 -125.567047
616.134404 -125.724792
616.134413 -126.009796
616.134423 -126.388145
616.134433 -126.817856
616.134442 -127.252235
616.134452 -127.645607
616.134462 -127.964005
616.134471 -128.191498
616.134481 -128.333084
616.134490 -128.405899
616.134500 -128.417587
616.134510 -128.397919
616.134519 -128.352661
616.134529 -128.287491
616.134538 -128.204590
616.134548 -128.111038
616.134558 -128.019363
616.134567 -127.948082
616.134577 -127.912056
616.134587 -127.916161
616.134596 -127.949020
616.134606 -128.058899
616.134615 -128.260025
616.134625 -128.559204
616.134635 -128.958939
616.134644 -129.458542
616.134654 -130.057327
616.134663 -130.759003
616.134673 -131.575897
616.134683 -132.533829
616.134692 -133.675949
616.134702 -135.068024
616.134712 -136.807953
616.134721 -139.051819
616.134731 -142.081039
616.134740 -146.551147
616.134750 -154.911362
616.134760 -150.969147
616.134769 -147.217575
616.134779 -145.334854
616.134788 -144.143646
616.134798 -142.905533
616.134808 -141.144424
616.134817 -138.914856
616.134827 -136.569260
616.134837 -134.370209
616.134846 -132.421509
616.134856 -130.743484
616.134865 -129.324371
616.134875 -128.144882
616.134885 -127.183807
616.134894 -126.421684
616.134904 -125.854378
616.134913 -125.473328
616.134923 -125.274376
616.134933 -125.230553
616.134942 -125.255653
616.134952 -125.421577
616.134962 -125.774948
616.134971 -126.325188
616.134981 -127.084000
616.134990 -128.068146
616.135000 -129.299622
616.135010 -130.809631
616.135019 -132.640610
616.135029 -134.849380
616.135038 -137.484848
616.135048 -140.434769
616.135058 -142.762497
616.135067 -140.985352
616.135077 -139.130295
616.135087 -137.686722
616.135096 -136.669388
616.135106 -136.025101
616.135115 -135.703323
616.135125 -135.645477
616.135135 -135.652191
616.135144 -135.815277
616.135154 -136.147263
616.135163 -136.566254
616.135173 -136.969559
616.135183 -137.261963
616.135192 -137.347427
616.135202 -137.177399
616.135212 -136.889145
616.135221 -136.476166
616.135231 -135.938873
616.135240 -135.271988
616.135250 -134.502502
616.135260 -133.687408
616.135269 -132.887543
616.135279 -132.149506
616.135288 -131.487549
616.135298 -130.902985
616.135308 -130.387711
616.135317 -129.914642
616.135327 -129.456482
616.135337 -128.992828
616.135346 -128.517700
616.135356 -128.039505
616.135365 -127.578484
616.135375 -127.159073
616.135385 -126.805496
616.135394 -126.525291
616.135404 -126.345078
616.135413 -126.274162
616.135423 -126.265831
616.135433 -126.313103
616.135442 -126.462639
616.135452 -126.701363
616.135462 -127.000351
616.135471 -127.305275
616.135481 -127.528656
616.135490 -127.442444
616.135500 -127.019814
616.135510 -126.395714
616.135519 -125.661819
616.135529 -124.907249
616.135538 -124.197815
616.135548 -123.573296
616.135558 -123.054268
616.135567 -122.648178
616.135577 -122.354454
616.135587 -122.162247
616.135596 -122.075050
616.135606 -122.066963
616.135615 -122.087013
616.135625 -122.193504
616.135635 -122.391640
616.135644 -122.680984
616.135654 -123.062881
616.135663 -123.540794
616.135673 -124.119286
616.135683 -124.804657
616.135692 -125.603127
616.135702 -126.523643
616.135712 -127.580757
616.135721 -128.789948
616.135731 -130.169678
616.135740 -131.741669
616.135750 -133.526566
616.135760 -135.534302
616.135769 -137.729874
616.135779 -139.950211
616.135788 -141.776001
616.135798 -142.656647
616.135808 -142.285736
616.135817 -142.059006
616.135827 -142.047531
616.135837 -142.236191
616.135846 -142.955826
616.135856 -144.299133
616.135865 -146.041000
616.135875 -144.460693
616.135885 -141.262482
616.135894 -138.444138
616.135904 -136.158112
616.135913 -134.279709
616.135923 -132.732254
616.135933 -131.424774
616.135942 -130.289108
616.135952 -129.277985
616.135962 -128.361328
616.135971 -127.524979
616.135981 -126.765663
616.135990 -126.088257
616.136000 -125.501915
616.136010 -125.018539
616.136019 -124.651329
616.136029 -124.415489
616.136038 -124.327812
616.136048 -124.327660
616.136058 -124.407455
616.136067 -124.678574
616.136077 -125.172676
616.136087 -125.928574
616.136096 -126.999535
616.136106 -128.462784
616.136115 -130.438568
616.136125 -133.127060
616.136135 -136.863632
616.136144 -141.753113
616.136154 -139.832809
616.136163 -137.271927
616.136173 -135.912537
616.136183 -135.387421
616.136192 -135.340622
616.136202 -135.428360
616.136212 -135.415375
616.136221 -134.414383
616.136231 -132.896988
616.136240 -131.358215
616.136250 -130.084488
616.136260 -129.176544
616.136269 -128.658356
616.136279 -128.523972
616.136288 -128.534576
616.136298 -128.813004
616.136308 -129.512299
616.136317 -130.665543
616.136327 -132.305298
616.136337 -134.366043
616.136346 -136.285690
616.136356 -134.895325
616.136365 -132.734756
616.136375 -130.852783
616.136385 -129.347824
616.136394 -128.164200
616.136404 -127.234047
616.136413 -126.503387
616.136423 -125.933075
616.136433 -125.496696
616.136442 -125.177780
616.136452 -124.967384
616.136462 -124.862144
616.136471 -124.843941
616.136481 -124.862770
616.136490 -124.972549
616.136500 -125.196243
616.136510 -125.540123
616.136519 -126.011810
616.136529 -126.620872
616.136538 -127.379890
616.136548 -128.305557
616.136558 -129.405045
616.136567 -130.692291
616.136577 -132.160461
616.136587 -133.700592
616.136596 -134.962158
616.136606 -134.596588
616.136615 -133.214478
616.136625 -131.755127
616.136635 -130.477356
616.136644 -129.454544
616.136654 -128.695206
616.136663 -128.190567
616.136673 -127.931328
616.136683 -127.871719
616.136692 -127.909393
616.136702 -128.131653
616.136712 -128.593002
616.136721 -129.302734
616.136731 -130.269852
616.136740 -131.503754
616.136750 -133.012024
616.136760 -134.792068
616.136769 -136.812042
616.136779 -138.934280
616.136788 -140.712128
616.136798 -140.138748
616.136808 -138.202835
616.136817 -136.218353
616.136827 -134.487701
616.136837 -133.088547
616.136846 -132.032791
616.136856 -131.312653
616.136865 -130.917084
616.136875 -130.813766
616.136885 -130.831024
616.136894 -131.047592
616.136904 -131.541016
616.136913 -132.286224
616.136923 -133.237961
616.136933 -134.324036
616.136942 -135.426575
616.136952 -136.373734
616.136962 -136.985641
616.136971 -136.685883
616.136981 -135.841324
616.136990 -134.762772
616.137000 -133.630051
616.137010 -132.564194
616.137019 -131.629135
616.137029 -130.848877
616.137038 -130.224304
616.137048 -129.743774
616.137058 -129.390991
616.137067 -129.148926
616.137077 -129.003250
616.137087 -128.942123
616.137096 -128.930130
616.137106 -128.956436
616.137115 -129.036606
616.137125 -129.171143
616.137135 -129.343292
616.137144 -129.530670
616.137154 -129.703369
616.137163 -129.827530
616.137173 -129.801529
616.137183 -129.618698
616.137192 -129.338196
616.137202 -128.999603
616.137212 -128.657120
616.137221 -128.366257
616.137231 -128.178574
616.137240 -128.124985
616.137250 -128.137177
616.137260 -128.279266
616.137269 -128.636642
616.137279 -129.241623
616.137288 -130.130173
616.137298 -131.340958
616.137308 -132.937943
616.137317 -135.024704
616.137327 -137.752899
616.137337 -141.285156
616.137346 -145.001923
616.137356 -142.131287
616.137365 -139.472565
616.137375 -137.460526
616.137385 -135.878143
616.137394 -134.551956
616.137404 -133.382980
616.137413 -132.321518
616.137423 -131.350983
616.137433 -130.467972
616.137442 -129.674652
616.137452 -128.970779
616.137462 -128.354324
616.137471 -127.820114
616.137481 -127.362885
616.137490 -126.977432
616.137500 -126.660919
616.137510 -126.412216
616.137519 -126.233612
616.137529 -126.128845
616.137538 -126.099365
616.137548 -126.102654
616.137558 -126.162659
616.137567 -126.309723
616.137577 -126.542854
616.137587 -126.847107
616.137596 -127.208984
616.137606 -127.593430
616.137615 -127.947571
616.137625 -128.202042
616.137635 -128.157455
616.137644 -127.815125
616.137654 -127.307007
616.137663 -126.703308
616.137673 -126.071342
616.137683 -125.464165
616.137692 -124.910522
616.137702 -124.443207
616.137712 -124.079987
616.137721 -123.832298
616.137731 -123.710487
616.137740 -123.693489
616.137750 -123.724617
616.137760 -123.886208
616.137769 -124.208084
616.137779 -124.706032
616.137788 -125.398430
616.137798 -126.299324
616.137808 -127.440903
616.137817 -128.851913
616.137827 -130.563705
616.137837 -132.603226
616.137846 -134.982040
616.137856 -137.676392
616.137865 -140.647263
616.137875 -144.046677
616.137885 -149.024017
616.137894 -149.379944
616.137904 -141.751083
616.137913 -137.206650
616.137923 -133.973648
616.137933 -131.534058
616.137942 -129.655396
616.137952 -128.209488
616.137962 -127.108910
616.137971 -126.302200
616.137981 -125.745216
616.137990 -125.401695
616.138000 -125.240623
616.138010 -125.214706
616.138019 -125.234840
616.138029 -125.360405
616.138038 -125.596954
616.138048 -125.928658
616.138058 -126.345535
616.138067 -126.844261
616.138077 -127.425858
616.138087 -128.106140
616.138096 -128.908493
616.138106 -129.864822
616.138115 -131.019135
616.138125 -132.429749
616.138135 -134.178711
616.138144 -136.384216
616.138154 -139.226715
616.138163 -142.911667
616.138173 -146.451813
616.138183 -143.055801
616.138192 -140.056870
616.138202 -137.592087
616.138212 -135.410950
616.138221 -133.383286
616.138231 -131.485565
616.138240 -129.739166
616.138250 -128.173798
616.138260 -126.809715
616.138269 -125.657784
616.138279 -124.720833
616.138288 -123.998489
616.138298 -123.482704
616.138308 -123.176231
616.138317 -123.079109
616.138327 -123.077225
616.138337 -123.191734
616.138346 -123.514526
616.138356 -124.050194
616.138365 -124.802879
616.138375 -125.777122
616.138385 -126.977646
616.138394 -128.406418
616.138404 -130.059875
616.138413 -131.921249
616.138423 -133.950836
616.138433 -136.072159
616.138442 -138.166229
616.138452 -140.094070
616.138462 -141.751907
616.138471 -143.107819
616.138481 -144.144974
616.138490 -144.769226
616.138500 -144.174225
616.138510 -142.954117
616.138519 -141.416779
616.138529 -139.787582
616.138538 -138.203873
616.138548 -136.729736
616.138558 -135.382217
616.138567 -134.169815
616.138577 -133.087402
616.138587 -132.123581
616.138596 -131.266342
616.138606 -130.507492
616.138615 -129.840576
616.138625 -129.263077
616.138635 -128.773575
616.138644 -128.372833
616.138654 -128.061020
616.138663 -127.839302
616.138673 -127.707710
616.138683 -127.665665
616.138692 -127.667168
616.138702 -127.718712
616.138712 -127.865799
616.138721 -128.114700
616.138731 -128.478073
616.138740 -128.975006
616.138750 -129.634842
616.138760 -130.497833
616.138769 -131.621170
616.138779 -133.083908
616.138788 -134.974442
616.138798 -137.466736
616.138808 -140.720078
616.138817 -144.234436
616.138827 -142.264999
616.138837 -140.021484
616.138846 -138.638123
616.138856 -138.012451
616.138865 -137.951401
616.138875 -138.056595
616.138885 -138.773438
616.138894 -140.280777
616.138904 -142.886307
616.138913 -147.458847
616.138923 -147.654083
616.138933 -142.104858
616.138942 -138.586639
616.138952 -136.066132
616.138962 -134.152390
616.138971 -132.640976
616.138981 -131.426178
616.138990 -130.449402
616.139000 -129.679001
616.139010 -129.098282
616.139019 -128.700363
616.139029 -128.483826
616.139038 -128.440765
616.139048 -128.449524
616.139058 -128.604309
616.139067 -128.959946
616.139077 -129.529373
616.139087 -130.329163
616.139096 -131.381165
616.139106 -132.713074
616.139115 -134.340240
616.139125 -136.282211
616.139135 -138.472504
616.139144 -140.540741
616.139154 -140.887848
616.139163 -139.359116
616.139173 -137.801590
616.139183 -136.494965
616.139192 -135.496277
616.139202 -134.821976
616.139212 -134.464050
616.139221 -134.395020
616.139231 -134.427216
616.139240 -134.724258
616.139250 -135.343170
616.139260 -136.290268
616.139269 -137.440674
616.139279 -138.167068
616.139288 -136.668381
616.139298 -134.595062
616.139308 -132.575119
616.139317 -130.819260
616.139327 -129.355515
616.139337 -128.163300
616.139346 -127.214561
616.139356 -126.485016
616.139365 -125.954918
616.139375 -125.609833
616.139385 -125.438980
616.139394 -125.414017
616.139404 -125.435577
616.139413 -125.595528
616.139423 -125.917938
616.139433 -126.404602
616.139442 -127.060249
616.139452 -127.891197
616.139462 -128.904785
616.139471 -130.104599
616.139481 -131.482712
616.139490 -132.999725
616.139500 -134.555054
616.139510 -135.957611
616.139519 -136.982056
616.139529 -137.548080
616.139538 -137.835037
616.139548 -138.139297
616.139558 -138.715439
616.139567 -139.736313
616.139577 -141.272263
616.139587 -142.998322
616.139596 -141.448975
616.139606 -138.694916
616.139615 -136.278107
616.139625 -134.358765
616.139635 -132.876022
616.139644 -131.751724
616.139654 -130.924362
616.139663 -130.348007
616.139673 -129.990463
616.139683 -129.830658
616.139692 -129.812271
616.139702 -129.858795
616.139712 -130.076675
616.139721 -130.500214
616.139731 -131.163742
616.139740 -132.126221
616.139750 -133.484100
616.139760 -135.392975
616.139769 -138.084869
616.139779 -141.573105
616.139788 -139.762619
616.139798 -136.266983
616.139808 -133.702881
616.139817 -131.881271
616.139827 -130.618378
616.139837 -129.805115
616.139846 -129.380814
616.139856 -129.294418
616.139865 -129.312790
616.139875 -129.611191
616.139885 -130.305847
616.139894 -131.470413
616.139904 -133.254196
616.139913 -135.964874
616.139923 -140.213531
616.139933 -140.351395
616.139942 -135.472366
616.139952 -132.181229
616.139962 -129.828506
616.139971 -128.069748
616.139981 -126.729286
616.139990 -125.707520
616.140000 -124.950401
616.140010 -124.425781
616.140019 -124.113632
616.140029 -124.003571
616.140038 -124.003281
616.140048 -124.092339
616.140058 -124.380081
616.140067 -124.870514
616.140077 -125.576416
616.140087 -126.512695
616.140096 -127.698318
616.140106 -129.151886
616.140115 -130.871918
616.140125 -132.764969
616.140135 -134.453766
616.140144 -134.394150
616.140154 -132.862030
616.140163 -131.243118
616.140173 -129.804123
616.140183 -128.595032
616.140192 -127.603622
616.140202 -126.808098
616.140212 -126.189026
616.140221 -125.726143
616.140231 -125.410248
616.140240 -125.233559
616.140250 -125.183060
616.140260 -125.185516
616.140269 -125.253708
616.140279 -125.424088
616.140288 -125.681938
616.140298 -126.015350
616.140308 -126.417923
616.140317 -126.893646
616.140327 -127.457016
616.140337 -128.132446
616.140346 -128.945938
616.140356 -129.912125
616.140365 -131.002884
616.140375 -132.089279
616.140385 -132.869125
616.140394 -132.237732
616.140404 -131.041153
616.140413 -129.732910
616.140423 -128.514694
616.140433 -127.458946
616.140442 -126.579018
616.140452 -125.861244
616.140462 -125.299507
616.140471 -124.886299
616.140481 -124.610176
616.140490 -124.459435
616.140500 -124.410522
616.140510 -124.414597
616.140519 -124.475784
616.140529 -124.607979
616.140538 -124.787605
616.140548 -124.990288
616.140558 -125.194275
616.140567 -125.388222
616.140577 -125.575310
616.140587 -125.773209
616.140596 -126.009186
616.140606 -126.313446
616.140615 -126.713165
616.140625 -127.219505
616.140635 -127.843559
616.140644 -128.588043
616.140654 -129.432510
616.140663 -130.335922
616.140673 -131.236038
616.140683 -132.057266
616.140692 -132.732346
616.140702 -133.227005
616.140712 -133.547073
616.140721 -133.716736
616.140731 -133.592896
616.140740 -133.323151
616.140750 -132.934830
616.140760 -132.484344
616.140769 -132.055008
616.140779 -131.734833
616.140788 -131.603363
616.140798 -131.599716
616.140808 -131.729477
616.140817 -132.157013
616.140827 -132.958832
616.140837 -134.194168
616.140846 -135.873093
616.140856 -137.740692
616.140865 -137.749161
616.140875 -135.642685
616.140885 -133.592758
616.140894 -131.916183
616.140904 -130.600784
616.140913 -129.573425
616.140923 -128.760468
616.140933 -128.099518
616.140942 -127.540703
616.140952 -127.047806
616.140962 -126.597878
616.140971 -126.180603
616.140981 -125.795288
616.140990 -125.447945
616.141000 -125.147446
616.141010 -124.903358
616.141019 -124.723877
616.141029 -124.615662
616.141038 -124.577316
616.141048 -124.583221
616.141058 -124.630043
616.141067 -124.758484
616.141077 -124.971008
616.141087 -125.270248
616.141096 -125.659378
616.141106 -126.141335
616.141115 -126.718224
616.141125 -127.390266
616.141135 -128.151581
616.141144 -128.991470
616.141154 -129.911072
616.141163 -130.904175
616.141173 -131.969528
616.141183 -133.117294
616.141192 -134.373611
616.141202 -135.784378
616.141212 -137.413086
616.141221 -139.330170
616.141231 -141.559784
616.141240 -143.886032
616.141250 -145.129318
616.141260 -143.732498
616.141269 -142.303528
616.141279 -141.113647
616.141288 -140.096756
616.141298 -139.054520
616.141308 -137.766037
616.141317 -136.172318
616.141327 -134.393250
616.141337 -132.605576
616.141346 -130.936859
616.141356 -129.452881
616.141365 -128.177444
616.141375 -127.114296
616.141385 -126.257622
616.141394 -125.594955
616.141404 -125.131485
616.141413 -124.866920
616.141423 -124.798294
616.141433 -124.806870
616.141442 -124.965576
616.141452 -125.364006
616.141462 -126.037178
616.141471 -127.038834
616.141481 -128.453537
616.141490 -130.427094
616.141500 -133.243240
616.141510 -137.595322
616.141519 -146.073654
616.141529 -139.498535
616.141538 -135.745880
616.141548 -133.682480
616.141558 -132.512253
616.141567 -131.934708
616.141577 -131.773331
616.141587 -131.773376
616.141596 -131.894867
616.141606 -132.163086
616.141615 -132.420319
616.141625 -132.322662
616.141635 -131.885101
616.141644 -131.303009
616.141654 -130.704559
616.141663 -130.187103
616.141673 -129.809784
616.141683 -129.603271
616.141692 -129.553940
616.141702 -129.578629
616.141712 -129.732513
616.141721 -130.042847
616.141731 -130.460754
616.141740 -130.892212
616.141750 -131.176926
616.141760 -130.749237
616.141769 -129.945908
616.141779 -128.916962
616.141788 -127.817780
616.141798 -126.755928
616.141808 -125.791245
616.141817 -124.954491
616.141827 -124.261276
616.141837 -123.720871
616.141846 -123.339851
616.141856 -123.120476
616.141865 -123.067696
616.141875 -123.072327
616.141885 -123.204155
616.141894 -123.523956
616.141904 -124.041595
616.141913 -124.769470
616.141923 -125.723152
616.141933 -126.923111
616.141942 -128.395599
616.141952 -130.174408
616.141962 -132.296799
616.141971 -134.785034
616.141981 -137.555908
616.141990 -140.138275
616.142000 -141.005951
616.142010 -139.836807
616.142019 -138.616638
616.142029 -137.478683
616.142038 -136.389679
616.142048 -135.328522
616.142058 -134.314102
616.142067 -133.387802
616.142077 -132.586044
616.142087 -131.930695
616.142096 -131.424286
616.142106 -131.055054
616.142115 -130.799667
616.142125 -130.630035
616.142135 -130.520493
616.142144 -130.444290
616.142154 -130.410782
616.142163 -130.430695
616.142173 -130.503357
616.142183 -130.698578
616.142192 -131.077011
616.142202 -131.726379
616.142212 -132.752884
616.142221 -134.300964
616.142231 -136.544601
616.142240 -139.369370
616.142250 -137.659500
616.142260 -134.279266
616.142269 -131.646927
616.142279 -129.706131
616.142288 -128.307922
616.142298 -127.349159
616.142308 -126.765015
616.142317 -126.514778
616.142327 -126.496979
616.142337 -126.572647
616.142346 -126.918884
616.142356 -127.531715
616.142365 -128.372345
616.142375 -129.355362
616.142385 -130.306519
616.142394 -130.943680
616.142404 -130.572968
616.142413 -129.807785
616.142423 -128.993317
616.142433 -128.278473
616.142442 -127.725967
616.142452 -127.353020
616.142462 -127.159294
616.142471 -127.129707
616.142481 -127.150520
616.142490 -127.323990
616.142500 -127.678879
616.142510 -128.218369
616.142519 -128.948685
616.142529 -129.877457
616.142538 -131.018555
616.142548 -132.397186
616.142558 -134.047958
616.142567 -136.025726
616.142577 -138.428879
616.142587 -141.436249
616.142596 -145.370636
616.142606 -150.882370
616.142615 -151.590683
616.142625 -148.301971
616.142635 -146.609055
616.142644 -146.056473
616.142654 -146.030533
616.142663 -146.305817
616.142673 -145.922729
616.142683 -143.323196
616.142692 -140.238220
616.142702 -137.490982
616.142712 -135.222580
616.142721 -133.392807
616.142731 -131.937668
616.142740 -130.797409
616.142750 -129.932404
616.142760 -129.314697
616.142769 -128.918106
616.142779 -128.720413
616.142788 -128.683502
616.142798 -128.703018
616.142808 -128.847260
616.142817 -129.134018
616.142827 -129.541260
616.142837 -130.043320
616.142846 -130.608887
616.142856 -131.202744
616.142865 -131.785858
616.142875 -132.320511
616.142885 -132.771255
616.142894 -133.108643
616.142904 -133.305679
616.142913 -133.221420
616.142923 -132.974350
616.142933 -132.637726
616.142942 -132.261871
616.142952 -131.887695
616.142962 -131.554459
616.142971 -131.287796
616.142981 -131.089233
616.142990 -130.940552
616.143000 -130.810806
616.143010 -130.664063
616.143019 -130.475601
616.143029 -130.242432
616.143038 -129.988464
616.143048 -129.755188
616.143058 -129.589035
616.143067 -129.519913
616.143077 -129.529068
616.143087 -129.600922
616.143096 -129.810059
616.143106 -130.136887
616.143115 -130.527100
616.143125 -130.884933
616.143135 -131.024078
616.143144 -130.683517
616.143154 -130.144867
616.143163 -129.533615
616.143173 -128.958435
616.143183 -128.491776
616.143192 -128.173523
616.143202 -128.024384
616.143212 -128.014328
616.143221 -128.054153
616.143231 -128.268829
616.143240 -128.672836
616.143250 -129.268555
616.143260 -130.065796
616.143269 -131.079987
616.143279 -132.327530
616.143288 -133.824478
616.143298 -135.577423
616.143308 -137.549667
616.143317 -139.588608
616.143327 -141.313766
616.143337 -142.196411
616.143346 -141.645172
616.143356 -140.865479
616.143365 -139.942398
616.143375 -138.851822
616.143385 -137.607346
616.143394 -136.288956
616.143404 -134.990280
616.143413 -133.778824
616.143423 -132.683624
616.143433 -131.696091
616.143442 -130.815109
616.143452 -130.035416
616.143462 -129.348602
616.143471 -128.752274
616.143481 -128.251160
616.143490 -127.852570
616.143500 -127.564613
616.143510 -127.391365
616.143519 -127.328766
616.143529 -127.326546
616.143538 -127.361305
616.143548 -127.478493
616.143558 -127.651695
616.143567 -127.842209
616.143577 -128.004669
616.143587 -128.091934
616.143596 -128.003113
616.143606 -127.817207
616.143615 -127.575630
616.143625 -127.312523
616.143635 -127.057236
616.143644 -126.831818
616.143654 -126.649078
616.143663 -126.515236
616.143673 -126.430138
616.143683 -126.389801
616.143692 -126.373924
616.143702 -126.384720
616.143712 -126.417725
616.143721 -126.476173
616.143731 -126.555023
616.143740 -126.651947
616.143750 -126.768700
616.143760 -126.907982
616.143769 -127.074295
616.143779 -127.271950
616.143788 -127.505089
616.143798 -127.775520
616.143808 -128.083344
616.143817 -128.425201
616.143827 -128.797943
616.143837 -129.191177
616.143846 -129.594849
616.143856 -129.993454
616.143865 -130.366913
616.143875 -130.690109
616.143885 -130.939148
616.143894 -131.098022
616.143904 -131.183380
616.143913 -131.248367
616.143923 -131.368988
616.143933 -131.636719
616.143942 -132.174438
616.143952 -133.112228
616.143962 -134.617188
616.143971 -136.915771
616.143981 -139.751038
616.143990 -136.228439
616.144000 -132.675339
616.144010 -129.965256
616.144019 -127.925880
616.144029 -126.387474
616.144038 -125.236656
616.144048 -124.393425
616.144058 -123.805008
616.144067 -123.427650
616.144077 -123.222534
616.144087 -123.154221
616.144096 -123.153297
616.144106 -123.185966
616.144115 -123.287415
616.144125 -123.428429
616.144135 -123.582809
616.144144 -123.731544
616.144154 -123.864326
616.144163 -123.979828
616.144173 -124.080620
616.144183 -124.185181
616.144192 -124.310318
616.144202 -124.472946
616.144212 -124.689987
616.144221 -124.977463
616.144231 -125.351395
616.144240 -125.827049
616.144250 -126.419006
616.144260 -127.139275
616.144269 -127.996124
616.144279 -128.990738
616.144288 -130.113907
616.144298 -131.334625
616.144308 -132.616409
616.144317 -133.898926
616.144327 -135.104218
616.144337 -136.129684
616.144346 -136.900467
616.144356 -137.342361
616.144365 -137.082855
616.144375 -136.482742
616.144385 -135.755463
616.144394 -135.053955
616.144404 -134.491302
616.144413 -134.141678
616.144423 -134.026642
616.144433 -134.036972
616.144442 -134.223587
616.144452 -134.648041
616.144462 -135.220901
616.144471 -135.680511
616.144481 -134.928635
616.144490 -133.607559
616.144500 -132.099243
616.144510 -130.662170
616.144519 -129.403030
616.144529 -128.346848
616.144538 -127.486717
616.144548 -126.804123
616.144558 -126.276550
616.144567 -125.877235
616.144577 -125.574318
616.144587 -125.328621
616.144596 -125.095757
616.144606 -124.831924
616.144615 -124.506172
616.144625 -124.110222
616.144635 -123.662498
616.144644 -123.199677
616.144654 -122.765083
616.144663 -122.397377
616.144673 -122.126572
616.144683 -121.972458
616.144692 -121.935226
616.144702 -121.946869
616.144712 -122.054916
616.144721 -122.296974
616.144731 -122.669739
616.144740 -123.167557
616.144750 -123.782234
616.144760 -124.504333
616.144769 -125.322922
616.144779 -126.226761
616.144788 -127.203270
616.144798 -128.238235
616.144808 -129.311142
616.144817 -130.389114
616.144827 -131.415680
616.144837 -132.304413
616.144846 -132.947739
616.144856 -133.231445
616.144865 -132.940399
616.144875 -132.507584
616.144885 -132.045471
616.144894 -131.632324
616.144904 -131.311722
616.144913 -131.133240
616.144923 -131.096161
616.144933 -131.117065
616.144942 -131.272568
616.144952 -131.599304
616.144962 -132.081863
616.144971 -132.683182
616.144981 -133.333954
616.144990 -133.933624
616.145000 -134.372513
616.145010 -134.587250
616.145019 -134.521271
616.145029 -134.453186
616.145038 -134.446991
616.145048 -134.498901
616.145058 -134.705505
616.145067 -135.086136
616.145077 -135.592255
616.145087 -136.070969
616.145096 -135.793945
616.145106 -134.719162
616.145115 -133.290237
616.145125 -131.805313
616.145135 -130.433273
616.145144 -129.239532
616.145154 -128.236984
616.145163 -127.417206
616.145173 -126.763588
616.145183 -126.256699
616.145192 -125.886551
616.145202 -125.641846
616.145212 -125.515839
616.145221 -125.494568
616.145231 -125.507988
616.145240 -125.623344
616.145250 -125.873451
616.145260 -126.275002
616.145269 -126.851715
616.145279 -127.637474
616.145288 -128.673721
616.145298 -130.013580
616.145308 -131.727081
616.145317 -133.904907
616.145327 -136.647095
616.145337 -139.941147
616.145346 -143.032120
616.145356 -142.959152
616.145365 -142.094589
616.145375 -141.647049
616.145385 -141.316238
616.145394 -140.304260
616.145404 -138.342117
616.145413 -136.009338
616.145423 -133.839020
616.145433 -132.026215
616.145442 -130.599274
616.145452 -129.541138
616.145462 -128.830154
616.145471 -128.454254
616.145481 -128.384109
616.145490 -128.415100
616.145500 -128.732330
616.145510 -129.449936
616.145519 -130.653595
616.145529 -132.504913
616.145538 -135.331497
616.145548 -139.814377
616.145558 -140.403152
616.145567 -135.673264
616.145577 -132.698166
616.145587 -130.758560
616.145596 -129.502777
616.145606 -128.758560
616.145615 -128.435349
616.145625 -128.402100
616.145635 -128.482590
616.145644 -128.868423
616.145654 -129.561386
616.145663 -130.502502
616.145673 -131.549057
616.145683 -132.403229
616.145692 -132.187805
616.145702 -131.242020
616.145712 -130.204620
616.145721 -129.298843
616.145731 -128.612076
616.145740 -128.167709
616.145750 -127.955536
616.145760 -127.939606
616.145769 -127.986099
616.145779 -128.256210
616.145788 -128.768326
616.145798 -129.534775
616.145808 -130.579498
616.145817 -131.932663
616.145827 -133.634232
616.145837 -135.722900
616.145846 -138.045868
616.145856 -139.447037
616.145865 -137.679489
616.145875 -135.819595
616.145885 -134.339203
616.145894 -133.268524
616.145904 -132.537659
616.145913 -132.052277
616.145923 -131.700882
616.145933 -131.359070
616.145942 -130.916962
616.145952 -130.322067
616.145962 -129.602051
616.145971 -128.838257
616.145981 -128.119827
616.145990 -127.514275
616.146000 -127.062622
616.146010 -126.774506
616.146019 -126.661713
616.146029 -126.660416
616.146038 -126.726219
616.146048 -126.956276
616.146058 -127.334991
616.146067 -127.839706
616.146077 -128.442902
616.146087 -129.110870
616.146096 -129.803223
616.146106 -130.465546
616.146115 -130.990936
616.146125 -131.292282
616.146135 -130.927460
616.146144 -130.272980
616.146154 -129.475677
616.146163 -128.688339
616.146173 -128.028503
616.146183 -127.574699
616.146192 -127.381378
616.146202 -127.376686
616.146212 -127.493813
616.146221 -127.960655
616.146231 -128.852707
616.146240 -130.290070
616.146250 -132.504288
616.146260 -136.047089
616.146269 -142.906403
616.146279 -139.631775
616.146288 -134.596817
616.146298 -131.700775
616.146308 -129.807190
616.146317 -128.520187
616.146327 -127.648079
616.146337 -127.080139
616.146346 -126.743004
616.146356 -126.584595
616.146365 -126.552368
616.146375 -126.565544
616.146385 -126.659241
616.146394 -126.847458
616.146404 -127.124985
616.146413 -127.498009
616.146423 -127.984932
616.146433 -128.615067
616.146442 -129.429779
616.146452 -130.483780
616.146462 -131.852921
616.146471 -133.649338
616.146481 -136.063507
616.146490 -139.475677
616.146500 -144.846832
616.146510 -147.322830
616.146519 -142.189682
616.146529 -139.362976
616.146538 -137.636551
616.146548 -136.551117
616.146558 -135.860748
616.146567 -135.414642
616.146577 -135.106750
616.146587 -134.864685
616.146596 -134.644516
616.146606 -134.430298
616.146615 -134.224792
616.146625 -134.043564
616.146635 -133.904205
616.146644 -133.824875
616.146654 -133.811615
616.146663 -133.818436
616.146673 -133.892639
616.146683 -134.067947
616.146692 -134.354523
616.146702 -134.759262
616.146712 -135.284454
616.146721 -135.924210
616.146731 -136.661453
616.146740 -137.465561
616.146750 -138.295761
616.146760 -139.116699
616.146769 -139.920639
616.146779 -140.754349
616.146788 -141.727966
616.146798 -143.021179
616.146808 -144.898926
616.146817 -147.754745
616.146827 -152.086273
616.146837 -147.256454
616.146846 -142.914108
616.146856 -139.784286
616.146865 -137.399979
616.146875 -135.505432
616.146885 -133.956955
616.146894 -132.672241
616.146904 -131.593262
616.146913 -130.682785
616.146923 -129.915649
616.146933 -129.277252
616.146942 -128.759232
616.146952 -128.358887
616.146962 -128.074600
616.146971 -127.908386
616.146981 -127.861961
616.146990 -127.862923
616.147000 -127.937477
616.147010 -128.126526
616.147019 -128.417038
616.147029 -128.785599
616.147038 -129.195877
616.147048 -129.599716
616.147058 -129.946152
616.147067 -130.199188
616.147077 -130.357529
616.147087 -130.463745
616.147096 -130.595535
616.147106 -130.850815
616.147115 -131.331665
616.147125 -132.157166
616.147135 -133.510864
616.147144 -135.648972
616.147154 -138.874130
616.147163 -138.613998
616.147173 -134.224182
616.147183 -130.931000
616.147192 -128.494537
616.147202 -126.651955
616.147212 -125.244766
616.147221 -124.174210
616.147231 -123.374443
616.147240 -122.796928
616.147250 -122.403366
616.147260 -122.160568
616.147269 -122.035110
616.147279 -121.999306
616.147288 -121.999336
616.147298 -122.030815
616.147308 -122.107491
616.147317 -122.212936
616.147327 -122.338196
616.147337 -122.482117
616.147346 -122.650650
616.147356 -122.849632
616.147365 -123.089516
616.147375 -123.385162
616.147385 -123.743736
616.147394 -124.168961
616.147404 -124.660904
616.147413 -125.218269
616.147423 -125.840477
616.147433 -126.531441
616.147442 -127.302628
616.147452 -128.178131
616.147462 -129.197250
616.147471 -130.421799
616.147481 -131.945053
616.147490 -133.917953
616.147500 -136.608521
616.147510 -140.569580
616.147519 -146.693497
616.147529 -141.048248
616.147538 -137.449326
616.147548 -135.176376
616.147558 -133.695892
616.147567 -132.741531
616.147577 -132.178757
616.147587 -131.911011
616.147596 -131.843521
616.147606 -131.850861
616.147615 -131.912170
616.147625 -132.009491
616.147635 -132.056900
616.147644 -131.972488
616.147654 -131.851303
616.147663 -131.741760
616.147673 -131.686127
616.147683 -131.684921
616.147692 -131.706543
616.147702 -131.815277
616.147712 -132.030289
616.147721 -132.352005
616.147731 -132.779770
616.147740 -133.310562
616.147750 -133.939041
616.147760 -134.651031
616.147769 -135.416550
616.147779 -136.175751
616.147788 -136.835342
616.147798 -137.272797
616.147808 -137.281876
616.147817 -136.943237
616.147827 -136.542053
616.147837 -136.192841
616.147846 -135.974197
616.147856 -135.905640
616.147865 -135.930634
616.147875 -136.109909
616.147885 -136.506439
616.147894 -137.118774
616.147904 -137.900589
616.147913 -138.734268
616.147923 -139.400757
616.147933 -139.352173
616.147942 -138.695160
616.147952 -137.925964
616.147962 -137.229492
616.147971 -136.690948
616.147981 -136.334549
616.147990 -136.144745
616.148000 -136.097748
616.148010 -136.099304
616.148019 -136.169159
616.148029 -136.312073
616.148038 -136.481934
616.148048 -136.632217
616.148058 -136.695572
616.148067 -136.553513
616.148077 -136.289627
616.148087 -135.919418
616.148096 -135.475098
616.148106 -134.994797
616.148115 -134.518219
616.148125 -134.078583
616.148135 -133.701263
616.148144 -133.402435
616.148154 -133.190689
616.148163 -133.066498
616.148173 -133.025177
616.148183 -133.024979
616.148192 -133.047791
616.148202 -133.124527
616.148212 -133.240219
616.148221 -133.380035
616.148231 -133.535873
616.148240 -133.712051
616.148250 -133.928604
616.148260 -134.222092
616.148269 -134.643997
616.148279 -135.260544
616.148288 -136.156586
616.148298 -137.451752
616.148308 -139.339798
616.148317 -142.209091
616.148327 -147.137360
616.148337 -150.855087
616.148346 -143.857788
616.148356 -140.189758
616.148365 -137.800430
616.148375 -136.100891
616.148385 -134.828751
616.148394 -133.840439
616.148404 -133.052917
616.148413 -132.420380
616.148423 -131.924759
616.148433 -131.564056
616.148442 -131.345062
616.148452 -131.263489
616.148462 -131.272720
616.148471 -131.345139
616.148481 -131.544662
616.148490 -131.835083
616.148500 -132.156906
616.148510 -132.433441
616.148519 -132.566559
616.148529 -132.365967
616.148538 -132.017166
616.148548 -131.567444
616.148558 -131.059448
616.148567 -130.524109
616.148577 -129.982681
616.148587 -129.450439
616.148596 -128.939209
616.148606 -128.457855
616.148615 -128.012573
616.148625 -127.607201
616.148635 -127.243965
616.148644 -126.924583
616.148654 -126.649849
616.148663 -126.421394
616.148673 -126.246918
616.148683 -126.133369
616.148692 -126.089874
616.148702 -126.086418
616.148712 -126.126587
616.148721 -126.254730
616.148731 -126.484894
616.148740 -126.826294
616.148750 -127.283447
616.148760 -127.853218
616.148769 -128.518768
616.148779 -129.243896
616.148788 -129.966141
616.148798 -130.599686
616.148808 -131.052322
616.148817 -131.212723
616.148827 -130.946579
616.148837 -130.516251
616.148846 -129.958969
616.148856 -129.338303
616.148865 -128.700546
616.148875 -128.088074
616.148885 -127.541977
616.148894 -127.098206
616.148904 -126.786049
616.148913 -126.618469
616.148923 -126.589767
616.148933 -126.613167
616.148942 -126.780060
616.148952 -127.119377
616.148962 -127.624649
616.148971 -128.281799
616.148981 -129.066971
616.148990 -129.945160
616.149000 -130.869064
616.149010 -131.782059
616.149019 -132.625214
616.149029 -133.349091
616.149038 -133.925049
616.149048 -134.347672
616.149058 -134.630646
616.149067 -134.809814
616.149077 -134.916870
616.149087 -134.977921
616.149096 -135.010620
616.149106 -135.019485
616.149115 -135.011780
616.149125 -134.999405
616.149135 -134.996445
616.149144 -135.009018
616.149154 -135.036331
616.149163 -135.007751
616.149173 -134.744934
616.149183 -134.176315
616.149192 -133.293686
616.149202 -132.199661
616.149212 -131.036377
616.149221 -129.917557
616.149231 -128.908737
616.149240 -128.037582
616.149250 -127.308525
616.149260 -126.713264
616.149269 -126.234901
616.149279 -125.869804
616.149288 -125.608490
616.149298 -125.446587
616.149308 -125.384987
616.149317 -125.384552
616.149327 -125.430954
616.149337 -125.596947
616.149346 -125.901749
616.149356 -126.370331
616.149365 -127.036224
616.149375 -127.944321
616.149385 -129.158432
616.149394 -130.774933
616.149404 -132.956604
616.149413 -136.018753
616.149423 -140.720734
616.149433 -146.933060
616.149442 -140.706253
616.149452 -137.514481
616.149462 -135.700027
616.149471 -134.681763
616.149481 -134.195786
616.149490 -134.073898
616.149500 -134.084549
616.149510 -134.229950
616.149519 -134.524765
616.149529 -134.873398
616.149538 -135.204453
616.149548 -135.490341
616.149558 -135.743820
616.149567 -135.991440
616.149577 -136.199814
616.149587 -136.098831
616.149596 -135.473083
616.149606 -134.386581
616.149615 -133.001740
616.149625 -131.530197
616.149635 -130.124237
616.149644 -128.864365
616.149654 -127.784721
616.149663 -126.895180
616.149673 -126.188629
616.149683 -125.664848
616.149692 -125.313835
616.149702 -125.122086
616.149712 -125.070313
616.149721 -125.072678
616.149731 -125.142670
616.149740 -125.300682
616.149750 -125.504646
616.149760 -125.702629
616.149769 -125.838181
616.149779 -125.761848
616.149788 -125.544472
616.149798 -125.257034
616.149808 -124.957443
616.149817 -124.701187
616.149827 -124.534172
616.149837 -124.484299
616.149846 -124.490662
616.149856 -124.595993
616.149865 -124.868149
616.149875 -125.320839
616.149885 -125.964333
616.149894 -126.805511
616.149904 -127.845276
616.149913 -129.072296
616.149923 -130.448654
616.149933 -131.883759
616.149942 -133.204010
616.149952 -134.166962
616.149962 -134.527054
616.149971 -134.166153
616.149981 -133.700974
616.149990 -133.232773
616.150000 -132.779892
616.150010 -132.338928
616.150019 -131.914185
616.150029 -131.505386
616.150038 -131.129715
616.150048 -130.820480
616.150058 -130.619766
616.150067 -130.554550
616.150077 -130.568283
616.150087 -130.722748
616.150096 -131.109222
616.150106 -131.765121
616.150115 -132.703949
616.150125 -133.879059
616.150135 -135.073273
616.150144 -135.382843
616.150154 -134.096832
616.150163 -132.521011
616.150173 -131.046524
616.150183 -129.794373
616.150192 -128.748169
616.150202 -127.910652
616.150212 -127.241882
616.150221 -126.702232
616.150231 -126.254868
616.150240 -125.866074
616.150250 -125.507729
616.150260 -125.159012
616.150269 -124.808899
616.150279 -124.456879
616.150288 -124.111458
616.150298 -123.787239
616.150308 -123.501083
616.150317 -123.269119
616.150327 -123.104744
616.150337 -123.018135
616.150346 -123.000336
616.150356 -123.016144
616.150365 -123.102989
616.150375 -123.280533
616.150385 -123.549492
616.150394 -123.903801
616.150404 -124.342934
616.150413 -124.867386
616.150423 -125.471222
616.150433 -126.144089
616.150442 -126.868790
616.150452 -127.618919
616.150462 -128.356781
616.150471 -129.036636
616.150481 -129.613449
616.150490 -130.058777
616.150500 -130.373016
616.150510 -130.585159
616.150519 -130.748337
616.150529 -130.907944
616.150538 -131.095337
616.150548 -131.325806
616.150558 -131.589600
616.150567 -131.849930
616.150577 -132.050430
616.150587 -132.060455
616.150596 -131.786041
616.150606 -131.326645
616.150615 -130.729065
616.150625 -130.059082
616.150635 -129.385147
616.150644 -128.766388
616.150654 -128.253967
616.150663 -127.888794
616.150673 -127.701591
616.150683 -127.681526
616.150692 -127.717285
616.150702 -127.958054
616.150712 -128.444733
616.150721 -129.200546
616.150731 -130.251785
616.150740 -131.630219
616.150750 -133.368149
616.150760 -135.475876
616.150769 -137.833878
616.150779 -139.868011
616.150788 -139.297562
616.150798 -137.609558
616.150808 -135.994232
616.150817 -134.578186
616.150827 -133.394897
616.150837 -132.414673
616.150846 -131.621994
616.150856 -131.012253
616.150865 -130.588699
616.150875 -130.357574
616.150885 -130.305496
616.150894 -130.327637
616.150904 -130.508698
616.150913 -130.912659
616.150923 -131.553345
616.150933 -132.447495
616.150942 -133.611633
616.150952 -135.059097
616.150962 -136.785446
616.150971 -138.743607
616.150981 -140.802032
616.150990 -142.746048
616.151000 -144.432968
616.151010 -146.010834
616.151019 -147.556274
616.151029 -146.185471
616.151038 -142.599503
616.151048 -139.287735
616.151058 -136.595398
616.151067 -134.449097
616.151077 -132.765717
616.151087 -131.471481
616.151096 -130.508286
616.151106 -129.832169
616.151115 -129.408371
616.151125 -129.206100
616.151135 -129.175537
616.151144 -129.196167
616.151154 -129.346497
616.151163 -129.620346
616.151173 -129.974091
616.151183 -130.352539
616.151192 -130.698685
616.151202 -130.960724
616.151212 -131.073975
616.151221 -130.909302
616.151231 -130.636093
616.151240 -130.310913
616.151250 -129.999237
616.151260 -129.764648
616.151269 -129.665741
616.151279 -129.657242
616.151288 -129.756378
616.151298 -130.090073
616.151308 -130.727127
616.151317 -131.747391
616.151327 -133.269241
616.151337 -135.490143
616.151346 -138.748810
616.151356 -143.238693
616.151365 -140.403992
616.151375 -137.115448
616.151385 -135.031784
616.151394 -133.795624
616.151404 -133.202103
616.151413 -133.107697
616.151423 -133.146362
616.151433 -133.570679
616.151442 -134.481491
616.151452 -135.881149
616.151462 -137.709152
616.151471 -139.545517
616.151481 -138.767151
616.151490 -136.573334
616.151500 -134.493393
616.151510 -132.728409
616.151519 -131.256424
616.151529 -130.023987
616.151538 -128.987778
616.151548 -128.118317
616.151558 -127.397530
616.151567 -126.810989
616.151577 -126.361290
616.151587 -126.047562
616.151596 -125.871033
616.151606 -125.829353
616.151615 -125.833580
616.151625 -125.935974
616.151635 -126.168427
616.151644 -126.529808
616.151654 -127.003723
616.151663 -127.560089
616.151673 -128.150772
616.151683 -128.713409
616.151692 -129.185455
616.151702 -129.532303
616.151712 -129.767670
616.151721 -129.951752
616.151731 -130.165161
616.151740 -130.485809
616.151750 -130.975708
616.151760 -131.682480
616.151769 -132.641998
616.151779 -133.873947
616.151788 -135.393173
616.151798 -137.194992
616.151808 -139.178375
616.151817 -141.020981
616.151827 -142.115173
616.151837 -141.494568
616.151846 -140.813477
616.151856 -140.421417
616.151865 -140.377609
616.151875 -140.457916
616.151885 -141.077591
616.151894 -142.509277
616.151904 -145.288040
616.151913 -151.346100
616.151923 -146.975983
616.151933 -141.249557
616.151942 -137.707169
616.151952 -135.195480
616.151962 -133.312714
616.151971 -131.869446
616.151981 -130.758408
616.151990 -129.913528
616.152000 -129.290665
616.152010 -128.860046
616.152019 -128.600327
616.152029 -128.496582
616.152038 -128.494583
616.152048 -128.537521
616.152058 -128.713837
616.152067 -129.016312
616.152077 -129.435516
616.152087 -129.959259
616.152096 -130.572586
616.152106 -131.255005
616.152115 -131.981537
616.152125 -132.721207
616.152135 -133.440628
616.152144 -134.105835
616.152154 -134.689377
616.152163 -135.167984
616.152173 -135.553101
616.152183 -135.872055
616.152192 -136.174850
616.152202 -136.504349
616.152212 -136.917969
616.152221 -137.404694
616.152231 -137.735474
616.152240 -136.842468
616.152250 -135.251862
616.152260 -133.433701
616.152269 -131.738998
616.152279 -130.319168
616.152288 -129.218552
616.152298 -128.441132
616.152308 -127.978630
616.152317 -127.810730
616.152327 -127.808151
616.152337 -127.938286
616.152346 -128.354034
616.152356 -129.049911
616.152365 -130.013962
616.152375 -131.220093
616.152385 -132.607025
616.152394 -134.034866
616.152404 -135.238937
616.152413 -135.766937
616.152423 -135.079529
616.152433 -134.103424
616.152442 -133.042007
616.152452 -131.993164
616.152462 -130.999329
616.152471 -130.083466
616.152481 -129.263443
616.152490 -128.556335
616.152500 -127.978470
616.152510 -127.545410
616.152519 -127.271957
616.152529 -127.172607
616.152538 -127.167915
616.152548 -127.262993
616.152558 -127.558914
616.152567 -128.077530
616.152577 -128.832535
616.152587 -129.821075
616.152596 -130.981766
616.152606 -132.099655
616.152615 -132.333893
616.152625 -131.115387
616.152635 -129.587097
616.152644 -128.123093
616.152654 -126.866837
616.152663 -125.850571
616.152673 -125.069710
616.152683 -124.510658
616.152692 -124.160660
616.152702 -124.010056
616.152712 -124.001404
616.152721 -124.047966
616.152731 -124.278214
616.152740 -124.702507
616.152750 -125.324852
616.152760 -126.149658
616.152769 -127.175117
616.152779 -128.379562
616.152788 -129.689438
616.152798 -130.927689
616.152808 -131.789719
616.152817 -131.593735
616.152827 -130.869553
616.152837 -130.111237
616.152846 -129.469727
616.152856 -128.999588
616.152865 -128.707779
616.152875 -128.579773
616.152885 -128.562546
616.152894 -128.590546
616.152904 -128.707748
616.152913 -128.892899
616.152923 -129.103119
616.152933 -129.294739
616.152942 -129.429947
616.152952 -129.446289
616.152962 -129.323288
616.152971 -129.126862
616.152981 -128.860062
616.152990 -128.544479
616.153000 -128.197601
616.153010 -127.835899
616.153019 -127.480873
616.153029 -127.159409
616.153038 -126.901283
616.153048 -126.736984
616.153058 -126.685493
616.153067 -126.692551
616.153077 -126.800117
616.153087 -127.073036
616.153096 -127.529663
616.153106 -128.180191
616.153115 -129.022552
616.153125 -130.041580
616.153135 -131.206894
616.153144 -132.446228
616.153154 -133.638260
616.153163 -134.620209
616.153173 -135.241470
616.153183 -135.249847
616.153192 -134.749695
616.153202 -134.073517
616.153212 -133.308624
616.153221 -132.525986
616.153231 -131.781387
616.153240 -131.114502
616.153250 -130.549973
616.153260 -130.100555
616.153269 -129.771240
616.153279 -129.562180
616.153288 -129.472031
616.153298 -129.460815
616.153308 -129.499893
616.153317 -129.646042
616.153327 -129.911911
616.153337 -130.300385
616.153346 -130.811523
616.153356 -131.438446
616.153365 -132.155182
616.153375 -132.899429
616.153385 -133.547516
616.153394 -133.822861
616.153404 -133.243393
616.153413 -132.315933
616.153423 -131.238571
616.153433 -130.161789
616.153442 -129.171661
616.153452 -128.310333
616.153462 -127.596962
616.153471 -127.038948
616.153481 -126.638359
616.153490 -126.393097
616.153500 -126.297531
616.153510 -126.285576
616.153519 -126.339790
616.153529 -126.508438
616.153538 -126.776604
616.153548 -127.120163
616.153558 -127.514511
616.153567 -127.943810
616.153577 -128.409134
616.153587 -128.930862
616.153596 -129.543091
616.153606 -130.264145
616.153615 -131.075317
616.153625 -131.914581
616.153635 -132.558090
616.153644 -132.124466
616.153654 -131.103256
616.153663 -129.964630
616.153673 -128.944366
616.153683 -128.148239
616.153692 -127.611404
616.153702 -127.338600
616.153712 -127.297699
616.153721 -127.324287
616.153731 -127.557915
616.153740 -128.026215
616.153750 -128.710419
616.153760 -129.581863
616.153769 -130.591568
616.153779 -131.657516
616.153788 -132.649918
616.153798 -133.397385
616.153808 -133.607895
616.153817 -133.078705
616.153827 -132.299103
616.153837 -131.416641
616.153846 -130.544586
616.153856 -129.760025
616.153865 -129.116165
616.153875 -128.650757
616.153885 -128.395172
616.153894 -128.353668
616.153904 -128.379272
616.153913 -128.637589
616.153923 -129.207626
616.153933 -130.154419
616.153942 -131.566589
616.153952 -133.571426
616.153962 -136.291031
616.153971 -139.342499
616.153981 -137.761810
616.153990 -135.288773
616.154000 -133.582733
616.154010 -132.600800
616.154019 -132.246078
616.154029 -132.241791
616.154038 -132.463760
616.154048 -133.263687
616.154058 -134.713242
616.154067 -136.936813
616.154077 -140.043121
616.154087 -143.032272
616.154096 -140.441818
616.154106 -138.432999
616.154115 -137.398788
616.154125 -137.213928
616.154135 -137.262268
616.154144 -138.051559
616.154154 -140.005661
616.154163 -143.537415
616.154173 -141.208008
616.154183 -136.503479
616.154192 -133.189880
616.154202 -130.778610
616.154212 -128.979721
616.154221 -127.635765
616.154231 -126.655174
616.154240 -125.981392
616.154250 -125.577324
616.154260 -125.418007
616.154269 -125.410675
616.154279 -125.485207
616.154288 -125.764259
616.154298 -126.241768
616.154308 -126.904129
616.154317 -127.733994
616.154327 -128.708313
616.154337 -129.793518
616.154346 -130.943085
616.154356 -132.095840
616.154365 -133.185150
616.154375 -134.156418
616.154385 -134.991791
616.154394 -135.715668
616.154404 -136.378525
616.154413 -137.021729
616.154423 -137.648773
616.154433 -138.208054
616.154442 -138.586411
616.154452 -138.632736
616.154462 -138.338654
616.154471 -137.984589
616.154481 -137.662964
616.154490 -137.413330
616.154500 -137.226410
616.154510 -137.055374
616.154519 -136.836899
616.154529 -136.516876
616.154538 -136.076996
616.154548 -135.539566
616.154558 -134.952072
616.154567 -134.362427
616.154577 -133.802643
616.154587 -133.284256
616.154596 -132.799973
616.154606 -132.325607
616.154615 -131.836838
616.154625 -131.332138
616.154635 -130.811630
616.154644 -130.292007
616.154654 -129.801987
616.154663 -129.376038
616.154673 -129.046890
616.154683 -128.842285
616.154692 -128.778992
616.154702 -128.779358
616.154712 -128.869843
616.154721 -129.123032
616.154731 -129.536011
616.154740 -130.094101
616.154750 -130.763916
616.154760 -131.478821
616.154769 -132.119598
616.154779 -132.459518
616.154788 -131.903671
616.154798 -130.941452
616.154808 -129.760178
616.154817 -128.523331
616.154827 -127.333549
616.154837 -126.246704
616.154846 -125.290390
616.154856 -124.477470
616.154865 -123.812408
616.154875 -123.295059
616.154885 -122.921326
616.154894 -122.684303
616.154904 -122.573433
616.154913 -122.558075
616.154923 -122.574974
616.154933 -122.670822
616.154942 -122.838806
616.154952 -123.052597
616.154962 -123.283203
616.154971 -123.500549
616.154981 -123.677223
616.154990 -123.791847
616.155000 -123.799492
616.155010 -123.701981
616.155019 -123.558434
616.155029 -123.392570
616.155038 -123.229996
616.155048 -123.096588
616.155058 -123.016403
616.155067 -122.999313
616.155077 -123.011696
616.155087 -123.102142
616.155096 -123.305046
616.155106 -123.635025
616.155115 -124.103279
616.155125 -124.714737
616.155135 -125.463287
616.155144 -126.321754
616.155154 -127.227051
616.155163 -128.065796
616.155173 -128.686172
616.155183 -128.896591
616.155192 -128.597656
616.155202 -128.218719
616.155212 -127.872719
616.155221 -127.617195
616.155231 -127.455841
616.155240 -127.380875
616.155250 -127.361992
616.155260 -127.362503
616.155269 -127.342697
616.155279 -127.247749
616.155288 -127.058815
616.155298 -126.766617
616.155308 -126.377602
616.155317 -125.907990
616.155327 -125.381081
616.155337 -124.837700
616.155346 -124.312851
616.155356 -123.840744
616.155365 -123.452988
616.155375 -123.176758
616.155385 -123.035118
616.155394 -123.019470
616.155404 -123.047302
616.155413 -123.225784
616.155423 -123.586151
616.155433 -124.144630
616.155442 -124.915993
616.155452 -125.916229
616.155462 -127.160210
616.155471 -128.655426
616.155481 -130.378922
616.155490 -132.217926
616.155500 -133.856506
616.155510 -134.685684
616.155519 -133.975006
616.155529 -133.141174
616.155538 -132.457886
616.155548 -132.026215
616.155558 -131.877533
616.155567 -131.879410
616.155577 -132.033539
616.155587 -132.498703
616.155596 -133.275696
616.155606 -134.322189
616.155615 -135.472351
616.155625 -136.305786
616.155635 -135.386826
616.155644 -134.044830
616.155654 -132.706421
616.155663 -131.540665
616.155673 -130.574554
616.155683 -129.773193
616.155692 -129.132813
616.155702 -128.630463
616.155712 -128.255035
616.155721 -128.003967
616.155731 -127.881172
616.155740 -127.863907
616.155750 -127.892494
616.155760 -128.043594
616.155769 -128.337616
616.155779 -128.773819
616.155788 -129.351563
616.155798 -130.069763
616.155808 -130.920441
616.155817 -131.888992
616.155827 -132.960800
616.155837 -134.106522
616.155846 -135.274094
616.155856 -136.384109
616.155865 -137.338898
616.155875 -138.069382
616.155885 -138.591476
616.155894 -139.020721
616.155904 -139.524033
616.155913 -140.251221
616.155923 -141.303604
616.155933 -142.709885
616.155942 -144.058121
616.155952 -142.530182
616.155962 -140.322159
616.155971 -138.401062
616.155981 -136.970413
616.155990 -136.026611
616.156000 -135.528030
616.156010 -135.404099
616.156019 -135.421387
616.156029 -135.623779
616.156038 -135.971207
616.156048 -135.865189
616.156058 -134.942230
616.156067 -133.637100
616.156077 -132.263641
616.156087 -131.009796
616.156096 -129.945206
616.156106 -129.079605
616.156115 -128.392578
616.156125 -127.864159
616.156135 -127.477386
616.156144 -127.211395
616.156154 -127.048050
616.156163 -126.973221
616.156173 -126.957413
616.156183 -126.973518
616.156192 -127.041885
616.156202 -127.163864
616.156212 -127.328255
616.156221 -127.519249
616.156231 -127.717186
616.156240 -127.897446
616.156250 -128.031921
616.156260 -128.047791
616.156269 -127.883003
616.156279 -127.589500
616.156288 -127.174774
616.156298 -126.660667
616.156308 -126.078934
616.156317 -125.467255
616.156327 -124.863075
616.156337 -124.301216
616.156346 -123.810928
616.156356 -123.416107
616.156365 -123.134651
616.156375 -122.979591
616.156385 -122.945625
616.156394 -122.959213
616.156404 -123.077164
616.156413 -123.331802
616.156423 -123.715851
616.156433 -124.214592
616.156442 -124.804375
616.156452 -125.451263
616.156462 -126.111969
616.156471 -126.738251
616.156481 -127.286697
616.156490 -127.729042
616.156500 -128.059097
616.156510 -128.289581
616.156519 -128.433273
616.156529 -128.541626
616.156538 -128.652115
616.156548 -128.804520
616.156558 -129.041595
616.156567 -129.411316
616.156577 -129.968796
616.156587 -130.781982
616.156596 -131.943985
616.156606 -133.599014
616.156615 -136.004074
616.156625 -139.655228
616.156635 -143.157898
616.156644 -137.822266
616.156654 -134.124939
616.156663 -131.529648
616.156673 -129.627151
616.156683 -128.213043
616.156692 -127.178810
616.156702 -126.461372
616.156712 -126.021019
616.156721 -125.822151
616.156731 -125.795998
616.156740 -125.830208
616.156750 -126.021278
616.156760 -126.348465
616.156769 -126.748299
616.156779 -127.145218
616.156788 -127.469345
616.156798 -127.682442
616.156808 -127.816849
616.156817 -127.940674
616.156827 -128.131012
616.156837 -128.458832
616.156846 -128.988144
616.156856 -129.764557
616.156865 -130.825012
616.156875 -132.191544
616.156885 -133.870117
616.156894 -135.830261
616.156904 -137.828781
616.156913 -138.994583
616.156923 -137.676956
616.156933 -136.088242
616.156942 -134.665222
616.156952 -133.515533
616.156962 -132.644821
616.156971 -132.035706
616.156981 -131.669846
616.156990 -131.529343
616.157000 -131.527283
616.157010 -131.599213
616.157019 -131.863892
616.157029 -132.309265
616.157038 -132.920563
616.157048 -133.682358
616.157058 -134.574738
616.157067 -135.570343
616.157077 -136.624893
616.157087 -137.671432
616.157096 -138.615997
616.157106 -139.358932
616.157115 -139.837067
616.157125 -140.068970
616.157135 -140.144348
616.157144 -140.160019
616.157154 -140.193985
616.157163 -140.314117
616.157173 -140.513992
616.157183 -140.753784
616.157192 -140.977539
616.157202 -141.151062
616.157212 -141.284988
616.157221 -141.438828
616.157231 -141.683151
616.157240 -142.059036
616.157250 -142.527725
616.157260 -142.927307
616.157269 -142.596008
616.157279 -141.672333
616.157288 -140.543945
616.157298 -139.445877
616.157308 -138.491531
616.157317 -137.708939
616.157327 -137.080566
616.157337 -136.572433
616.157346 -136.145020
616.157356 -135.764374
616.157365 -135.405396
616.157375 -135.057922
616.157385 -134.726120
616.157394 -134.428909
616.157404 -134.195938
616.157413 -134.065765
616.157423 -134.050568
616.157433 -134.080124
616.157442 -134.273575
616.157452 -134.703400
616.157462 -135.422501
616.157471 -136.486343
616.157481 -137.938980
616.157490 -139.724655
616.157500 -141.370255
616.157510 -140.090912
616.157519 -137.922028
616.157529 -135.935181
616.157538 -134.292282
616.157548 -132.963379
616.157558 -131.888885
616.157567 -131.015030
616.157577 -130.301727
616.157587 -129.721497
616.157596 -129.259094
616.157606 -128.908035
616.157615 -128.667831
616.157625 -128.538589
616.157635 -128.509476
616.157644 -128.516006
616.157654 -128.574234
616.157663 -128.672577
616.157673 -128.750610
616.157683 -128.564850
616.157692 -128.150497
616.157702 -127.530731
616.157712 -126.781380
616.157721 -125.992523
616.157731 -125.239197
616.157740 -124.571541
616.157750 -124.015373
616.157760 -123.586090
616.157769 -123.297760
616.157779 -123.153389
616.157788 -123.131882
616.157798 -123.154541
616.157808 -123.302193
616.157817 -123.597954
616.157827 -124.044930
616.157837 -124.648674
616.157846 -125.417908
616.157856 -126.365906
616.157865 -127.511322
616.157875 -128.864304
616.157885 -130.453537
616.157894 -132.286957
616.157904 -134.287735
616.157913 -136.131226
616.157923 -136.733887
616.157933 -135.534332
616.157942 -134.188370
616.157952 -132.983276
616.157962 -131.966553
616.157971 -131.092026
616.157981 -130.321732
616.157990 -129.610107
616.158000 -128.917267
616.158010 -128.219910
616.158019 -127.511887
616.158029 -126.801872
616.158038 -126.107002
616.158048 -125.447395
616.158058 -124.840752
616.158067 -124.300919
616.158077 -123.836494
616.158087 -123.452087
616.158096 -123.148033
616.158106 -122.921768
616.158115 -122.773911
616.158125 -122.701202
616.158135 -122.689018
616.158144 -122.700264
616.158154 -122.767410
616.158163 -122.898605
616.158173 -123.089310
616.158183 -123.334091
616.158192 -123.626503
616.158202 -123.959084
616.158212 -124.323952
616.158221 -124.713852
616.158231 -125.123688
616.158240 -125.552444
616.158250 -126.004829
616.158260 -126.490623
616.158269 -127.026085
616.158279 -127.646263
616.158288 -128.392365
616.158298 -129.318344
616.158308 -130.493912
616.158317 -131.999542
616.158327 -133.881012
616.158337 -135.893066
616.158346 -135.312134
616.158356 -132.743317
616.158365 -130.353958
616.158375 -128.413055
616.158385 -126.899147
616.158394 -125.754524
616.158404 -124.932037
616.158413 -124.397942
616.158423 -124.129601
616.158433 -124.087418
616.158442 -124.112152
616.158452 -124.336365
616.158462 -124.790924
616.158471 -125.472679
616.158481 -126.378593
616.158490 -127.496819
616.158500 -128.799454
616.158510 -130.225616
616.158519 -131.656815
616.158529 -132.907455
616.158538 -133.780411
616.158548 -134.190262
616.158558 -134.138885
616.158567 -133.965561
616.158577 -133.799316
616.158587 -133.646210
616.158596 -133.484283
616.158606 -133.301880
616.158615 -133.079025
616.158625 -132.804062
616.158635 -132.474380
616.158644 -132.093109
616.158654 -131.670547
616.158663 -131.219391
616.158673 -130.749207
616.158683 -130.272354
616.158692 -129.799118
616.158702 -129.337646
616.158712 -128.896194
616.158721 -128.483063
616.158731 -128.108231
616.158740 -127.781227
616.158750 -127.509338
616.158760 -127.288216
616.158769 -127.123283
616.158779 -127.004539
616.158788 -126.915764
616.158798 -126.836731
616.158808 -126.749092
616.158817 -126.641182
616.158827 -126.511101
616.158837 -126.364975
616.158846 -126.213097
616.158856 -126.059769
616.158865 -125.907959
616.158875 -125.771698
616.158885 -125.657318
616.158894 -125.576340
616.158904 -125.544754
616.158913 -125.548325
616.158923 -125.600647
616.158933 -125.766228
616.158942 -126.080704
616.158952 -126.574081
616.158962 -127.272224
616.158971 -128.206406
616.158981 -129.374954
616.158990 -130.714417
616.159000 -132.022446
616.159010 -132.902924
616.159019 -132.458603
616.159029 -131.655960
616.159038 -130.941559
616.159048 -130.463104
616.159058 -130.266678
616.159067 -130.261810
616.159077 -130.342636
616.159087 -130.695267
616.159096 -131.313889
616.159106 -132.173737
616.159115 -133.229813
616.159125 -134.391891
616.159135 -135.499298
616.159144 -136.336029
616.159154 -136.751144
616.159163 -136.699844
616.159173 -136.647385
616.159183 -136.685806
616.159192 -136.928101
616.159202 -137.554520
616.159212 -138.689240
616.159221 -140.487976
616.159231 -143.073959
616.159240 -144.617737
616.159250 -141.051361
616.159260 -137.897079
616.159269 -135.461014
616.159279 -133.568954
616.159288 -132.068924
616.159298 -130.854828
616.159308 -129.850922
616.159317 -129.001480
616.159327 -128.264908
616.159337 -127.612137
616.159346 -127.025558
616.159356 -126.498970
616.159365 -126.034653
616.159375 -125.641182
616.159385 -125.329300
616.159394 -125.109764
616.159404 -124.986107
616.159413 -124.959145
616.159423 -124.968445
616.159433 -125.064148
616.159442 -125.277687
616.159452 -125.614571
616.159462 -126.083725
616.159471 -126.698654
616.159481 -127.478699
616.159490 -128.429596
616.159500 -129.576843
616.159510 -130.905823
616.159519 -132.299377
616.159529 -133.404953
616.159538 -132.834106
616.159548 -131.413193
616.159558 -129.904388
616.159567 -128.545135
616.159577 -127.398170
616.159587 -126.461288
616.159596 -125.712662
616.159606 -125.125961
616.159615 -124.676254
616.159625 -124.343163
616.159635 -124.104591
616.159644 -123.939560
616.159654 -123.828781
616.159663 -123.754723
616.159673 -123.702408
616.159683 -123.659683
616.159692 -123.617577
616.159702 -123.569283
616.159712 -123.509827
616.159721 -123.434784
616.159731 -123.340874
616.159740 -123.226883
616.159750 -123.096191
616.159760 -122.958534
616.159769 -122.830635
616.159779 -122.734818
616.159788 -122.694771
616.159798 -122.692680
616.159808 -122.738266
616.159817 -122.877968
616.159827 -123.121330
616.159837 -123.483582
616.159846 -123.961716
616.159856 -124.543976
616.159865 -125.212708
616.159875 -125.949509
616.159885 -126.744385
616.159894 -127.605652
616.159904 -128.567505
616.159913 -129.692123
616.159923 -131.069351
616.159933 -132.802994
616.159942 -134.983978
616.159952 -137.637970
616.159962 -139.644165
616.159971 -137.299118
616.159981 -134.971725
616.159990 -133.162964
616.160000 -131.815460
616.160010 -130.832413
616.160019 -130.139359
616.160029 -129.670212
616.160038 -129.374161
616.160048 -129.212585
616.160058 -129.154327
616.160067 -129.150345
616.160077 -129.175079
616.160087 -129.254135
616.160096 -129.373886
616.160106 -129.516800
616.160115 -129.663849
616.160125 -129.783691
616.160135 -129.842636
616.160144 -129.730743
616.160154 -129.498749
616.160163 -129.146393
616.160173 -128.691437
616.160183 -128.165497
616.160192 -127.605110
616.160202 -127.045074
616.160212 -126.513268
616.160221 -126.029480
616.160231 -125.605400
616.160240 -125.245956
616.160250 -124.950920
616.160260 -124.716652
616.160269 -124.537811
616.160279 -124.409485
616.160288 -124.328476
616.160298 -124.289345
616.160308 -124.284325
616.160317 -124.309685
616.160327 -124.388718
616.160337 -124.533043
616.160346 -124.757607
616.160356 -125.075104
616.160365 -125.498756
616.160375 -126.040894
616.160385 -126.712738
616.160394 -127.521301
616.160404 -128.466278
616.160413 -129.531158
616.160423 -130.670517
616.160433 -131.791824
616.160442 -132.750641
616.160452 -133.391068
616.160462 -133.574905
616.160471 -133.336227
616.160481 -133.059540
616.160490 -132.822235
616.160500 -132.652649
616.160510 -132.547623
616.160519 -132.487518
616.160529 -132.445236
616.160538 -132.386261
616.160548 -132.302200
616.160558 -132.185074
616.160567 -132.039246
616.160577 -131.882263
616.160587 -131.741608
616.160596 -131.653931
616.160606 -131.634445
616.160615 -131.661240
616.160625 -131.811584
616.160635 -132.159180
616.160644 -132.772018
616.160654 -133.742706
616.160663 -135.218033
616.160673 -137.472900
616.160683 -141.167572
616.160692 -148.639267
616.160702 -142.154099
616.160712 -137.416214
616.160721 -134.455460
616.160731 -132.380127
616.160740 -130.840851
616.160750 -129.656296
616.160760 -128.712494
616.160769 -127.928833
616.160779 -127.245972
616.160788 -126.623344
616.160798 -126.038750
616.160808 -125.487404
616.160817 -124.978142
616.160827 -124.528358
616.160837 -124.158607
616.160846 -123.889496
616.160856 -123.739609
616.160865 -123.707855
616.160875 -123.725609
616.160885 -123.862534
616.160894 -124.164658
616.160904 -124.646729
616.160913 -125.325005
616.160923 -126.217728
616.160933 -127.346016
616.160942 -128.731750
616.160952 -130.392899
616.160962 -132.322556
616.160971 -134.434021
616.160981 -136.440048
616.160990 -137.800598
616.161000 -137.903046
616.161010 -137.546448
616.161019 -137.398468
616.161029 -137.393997
616.161038 -137.519318
616.161048 -137.950226
616.161058 -138.642242
616.161067 -139.514557
616.161077 -140.466583
616.161087 -141.422562
616.161096 -142.417389
616.161106 -143.662262
616.161115 -145.572556
616.161125 -148.435638
616.161135 -145.663513
616.161144 -140.680054
616.161154 -136.894958
616.161163 -133.970352
616.161173 -131.664688
616.161183 -129.832947
616.161192 -128.382095
616.161202 -127.253807
616.161212 -126.409164
616.161221 -125.822205
616.161231 -125.475075
616.161240 -125.356621
616.161250 -125.352669
616.161260 -125.460564
616.161269 -125.784424
616.161279 -126.329651
616.161288 -127.101448
616.161298 -128.108200
616.161308 -129.361298
616.161317 -130.864029
616.161327 -132.628937
616.161337 -134.652618
616.161346 -136.898499
616.161356 -139.271973
616.161365 -141.615631
616.161375 -143.793594
616.161385 -145.771027
616.161394 -147.400223
616.161404 -145.398544
616.161413 -142.040115
616.161423 -138.900452
616.161433 -136.232544
616.161442 -133.997086
616.161452 -132.123749
616.161462 -130.555618
616.161471 -129.251846
616.161481 -128.184464
616.161490 -127.334373
616.161500 -126.688797
616.161510 -126.238731
616.161519 -125.976929
616.161529 -125.891350
616.161538 -125.887115
616.161548 -125.980637
616.161558 -126.212082
616.161567 -126.553566
616.161577 -126.950401
616.161587 -127.331230
616.161596 -127.614388
616.161606 -127.763016
616.161615 -127.750748
616.161625 -127.713356
616.161635 -127.724510
616.161644 -127.791687
616.161654 -127.990845
616.161663 -128.357574
616.161673 -128.919891
616.161683 -129.688248
616.161692 -130.663696
616.161702 -131.838104
616.161712 -133.189636
616.161721 -134.676819
616.161731 -136.229126
616.161740 -137.741623
616.161750 -139.082672
616.161760 -140.126877
616.161769 -140.796494
616.161779 -141.037262
616.161788 -140.735275
616.161798 -140.253967
616.161808 -139.634445
616.161817 -138.861710
616.161827 -137.872528
616.161837 -136.607956
616.161846 -135.077438
616.161856 -133.375290
616.161865 -131.627930
616.161875 -129.943115
616.161885 -128.390579
616.161894 -127.008728
616.161904 -125.815147
616.161913 -124.816483
616.161923 -124.013466
616.161933 -123.399017
616.161942 -122.977600
616.161952 -122.749023
616.161962 -122.700653
616.161971 -122.713531
616.161981 -122.872803
616.161990 -123.229752
616.162000 -123.788826
616.162010 -124.555275
616.162019 -125.532997
616.162029 -126.719994
616.162038 -128.095871
616.162048 -129.594284
616.162058 -131.048950
616.162067 -132.146332
616.162077 -132.177444
616.162087 -131.348373
616.162096 -130.375732
616.162106 -129.444305
616.162115 -128.630081
616.162125 -127.952896
616.162135 -127.417862
616.162144 -127.026436
616.162154 -126.768555
616.162163 -126.630905
616.162173 -126.588394
616.162183 -126.592110
616.162192 -126.646164
616.162202 -126.758125
616.162212 -126.905403
616.162221 -127.063698
616.162231 -127.208229
616.162240 -127.318336
616.162250 -127.379402
616.162260 -127.355141
616.162269 -127.254456
616.162279 -127.108604
616.162288 -126.932220
616.162298 -126.745445
616.162308 -126.572197
616.162317 -126.439056
616.162327 -126.369987
616.162337 -126.354126
616.162346 -126.394722
616.162356 -126.536095
616.162365 -126.805527
616.162375 -127.218910
616.162385 -127.784348
616.162394 -128.503555
616.162404 -129.370819
616.162413 -130.370117
616.162423 -131.473907
616.162433 -132.645004
616.162442 -133.849503
616.162452 -135.082581
616.162462 -136.402405
616.162471 -137.954300
616.162481 -139.878738
616.162490 -142.294266
616.162500 -141.616913
616.162510 -137.871353
616.162519 -134.670670
616.162529 -132.159622
616.162538 -130.205795
616.162548 -128.699829
616.162558 -127.568481
616.162567 -126.764107
616.162577 -126.255035
616.162587 -126.020340
616.162596 -126.000031
616.162606 -126.045967
616.162615 -126.322090
616.162625 -126.840363
616.162635 -127.592140
616.162644 -128.563644
616.162654 -129.730148
616.162663 -131.043793
616.162673 -132.416153
616.162683 -133.693985
616.162692 -134.653793
616.162702 -134.848206
616.162712 -134.124664
616.162721 -133.130737
616.162731 -132.072617
616.162740 -131.087143
616.162750 -130.252686
616.162760 -129.612610
616.162769 -129.189362
616.162779 -128.994843
616.162788 -128.982803
616.162798 -129.034775
616.162808 -129.310745
616.162817 -129.819809
616.162827 -130.553131
616.162837 -131.489166
616.162846 -132.584717
616.162856 -133.758499
616.162865 -134.876434
616.162875 -135.746414
616.162885 -135.943100
616.162894 -135.122009
616.162904 -133.846893
616.162913 -132.328445
616.162923 -130.750641
616.162933 -129.235977
616.162942 -127.853264
616.162952 -126.634560
616.162962 -125.591591
616.162971 -124.724831
616.162981 -124.028320
616.162990 -123.497932
616.163000 -123.127327
616.163010 -122.910973
616.163019 -122.843681
616.163029 -122.843811
616.163038 -122.922119
616.163048 -123.141502
616.163058 -123.498070
616.163067 -123.986679
616.163077 -124.600639
616.163087 -125.330513
616.163096 -126.163574
616.163106 -127.082695
616.163115 -128.067062
616.163125 -129.092850
616.163135 -130.136765
616.163144 -131.180374
616.163154 -132.216843
616.163163 -133.256088
616.163173 -134.330231
616.163183 -135.495331
616.163192 -136.835068
616.163202 -138.458038
616.163212 -140.470398
616.163221 -142.757858
616.163231 -142.596848
616.163240 -139.694077
616.163250 -137.014908
616.163260 -134.845718
616.163269 -133.132935
616.163279 -131.795212
616.163288 -130.767731
616.163298 -129.995804
616.163308 -129.441772
616.163317 -129.072861
616.163327 -128.855576
616.163337 -128.757919
616.163346 -128.732269
616.163356 -128.744843
616.163365 -128.800354
616.163375 -128.896164
616.163385 -129.021500
616.163394 -129.180679
616.163404 -129.388855
616.163413 -129.671600
616.163423 -130.061340
616.163433 -130.595566
616.163442 -131.315765
616.163452 -132.262955
616.163462 -133.493073
616.163471 -135.082016
616.163481 -137.119690
616.163490 -139.677567
616.163500 -142.498444
616.163510 -142.379593
616.163519 -139.897446
616.163529 -137.763901
616.163538 -136.099442
616.163548 -134.809250
616.163558 -133.797836
616.163567 -132.993790
616.163577 -132.346466
616.163587 -131.824127
616.163596 -131.412460
616.163606 -131.114609
616.163615 -130.948929
616.163625 -130.914429
616.163635 -130.948090
616.163644 -131.155853
616.163654 -131.629532
616.163663 -132.445160
616.163673 -133.715149
616.163683 -135.628448
616.163692 -138.568619
616.163702 -143.541870
616.163712 -145.910919
616.163721 -140.101944
616.163731 -136.948532
616.163740 -135.038940
616.163750 -133.895370
616.163760 -133.305588
616.163769 -133.157166
616.163779 -133.161285
616.163788 -133.402298
616.163798 -133.993332
616.163808 -134.911545
616.163817 -136.129379
616.163827 -137.569427
616.163837 -138.997452
616.163846 -139.608475
616.163856 -138.344803
616.163865 -136.715515
616.163875 -135.135040
616.163885 -133.745819
616.163894 -132.572998
616.163904 -131.604736
616.163913 -130.820343
616.163923 -130.197556
616.163933 -129.715714
616.163942 -129.355331
616.163952 -129.100159
616.163962 -128.936981
616.163971 -128.857880
616.163981 -128.842682
616.163990 -128.860245
616.164000 -128.948013
616.164010 -129.130676
616.164019 -129.423843
616.164029 -129.847229
616.164038 -130.421814
616.164048 -131.176437
616.164058 -132.155548
616.164067 -133.413391
616.164077 -135.033295
616.164087 -137.160004
616.164096 -140.056198
616.164106 -144.216278
616.164115 -147.094452
616.164125 -142.049759
616.164135 -138.578888
616.164144 -136.089752
616.164154 -134.239441
616.164163 -132.835068
616.164173 -131.780289
616.164183 -131.024857
616.164192 -130.544327
616.164202 -130.328522
616.164212 -130.293121
616.164221 -130.376648
616.164231 -130.696182
616.164240 -131.287201
616.164250 -132.136810
616.164260 -133.178162
616.164269 -134.219559
616.164279 -134.863708
616.164288 -134.202362
616.164298 -133.322296
616.164308 -132.571671
616.164317 -132.130890
616.164327 -132.026733
616.164337 -132.087677
616.164346 -132.507095
616.164356 -133.476227
616.164365 -135.159241
616.164375 -137.918976
616.164385 -142.817749
616.164394 -146.870392
616.164404 -139.921234
616.164413 -136.456299
616.164423 -134.360260
616.164433 -133.049286
616.164442 -132.275085
616.164452 -131.906693
616.164462 -131.827362
616.164471 -131.865417
616.164481 -132.113480
616.164490 -132.622787
616.164500 -133.403580
616.164510 -134.502563
616.164519 -136.027130
616.164529 -138.199356
616.164538 -141.507645
616.164548 -147.213913
616.164558 -144.211075
616.164567 -139.567917
616.164577 -136.763153
616.164587 -134.994904
616.164596 -133.957397
616.164606 -133.528473
616.164615 -133.509781
616.164625 -133.679901
616.164635 -134.458847
616.164644 -136.022324
616.164654 -138.764023
616.164663 -143.871262
616.164673 -143.764603
616.164683 -137.976837
616.164692 -134.590942
616.164702 -132.320740
616.164712 -130.724670
616.164721 -129.588638
616.164731 -128.795135
616.164740 -128.272858
616.164750 -127.975555
616.164760 -127.873169
616.164769 -127.872696
616.164779 -127.947021
616.164788 -128.187225
616.164798 -128.592010
616.164808 -129.168198
616.164817 -129.931427
616.164827 -130.909164
616.164837 -132.143860
616.164846 -133.683365
616.164856 -135.619110
616.164865 -138.053940
616.164875 -140.907074
616.164885 -141.860291
616.164894 -139.183426
616.164904 -136.738434
616.164913 -134.787140
616.164923 -133.236053
616.164933 -131.978561
616.164942 -130.932892
616.164952 -130.040985
616.164962 -129.263474
616.164971 -128.577209
616.164981 -127.971756
616.164990 -127.446785
616.165000 -127.007271
616.165010 -126.660530
616.165019 -126.412468
616.165029 -126.266357
616.165038 -126.210709
616.165048 -126.213600
616.165058 -126.270546
616.165067 -126.405190
616.165077 -126.607750
616.165087 -126.856979
616.165096 -127.126350
616.165106 -127.384285
616.165115 -127.590065
616.165125 -127.724701
616.165135 -127.722748
616.165144 -127.595406
616.165154 -127.413559
616.165163 -127.209068
616.165173 -127.014221
616.165183 -126.857277
616.165192 -126.758614
616.165202 -126.735649
616.165212 -126.741058
616.165221 -126.820251
616.165231 -127.010056
616.165240 -127.324448
616.165250 -127.780235
616.165260 -128.398270
616.165269 -129.207260
616.165279 -130.246902
616.165288 -131.569595
616.165298 -133.270493
616.165308 -135.495834
616.165317 -138.476517
616.165327 -142.318985
616.165337 -141.434158
616.165346 -137.858490
616.165356 -135.167984
616.165365 -133.144730
616.165375 -131.577301
616.165385 -130.335968
616.165394 -129.343597
616.165404 -128.553436
616.165413 -127.938431
616.165423 -127.483826
616.165433 -127.183929
616.165442 -127.038506
616.165452 -127.024223
616.165462 -127.052010
616.165471 -127.230545
616.165481 -127.580338
616.165490 -128.101730
616.165500 -128.800964
616.165510 -129.672058
616.165519 -130.694702
616.165529 -131.826874
616.165538 -132.997238
616.165548 -134.109848
616.165558 -135.068054
616.165567 -135.814682
616.165577 -136.346176
616.165587 -136.652100
616.165596 -136.591400
616.165606 -136.172653
616.165615 -135.508423
616.165625 -134.678558
616.165635 -133.776306
616.165644 -132.873154
616.165654 -132.007248
616.165663 -131.191956
616.165673 -130.425415
616.165683 -129.701080
616.165692 -129.012527
616.165702 -128.356079
616.165712 -127.736992
616.165721 -127.165634
616.165731 -126.653954
616.165740 -126.215126
616.165750 -125.862381
616.165760 -125.606224
616.165769 -125.454872
616.165779 -125.415504
616.165788 -125.417435
616.165798 -125.498466
616.165808 -125.699921
616.165817 -126.021149
616.165827 -126.458427
616.165837 -127.003418
616.165846 -127.641434
616.165856 -128.348022
616.165865 -129.086044
616.165875 -129.805069
616.165885 -130.448608
616.165894 -130.970856
616.165904 -131.358871
616.165913 -131.641632
616.165923 -131.877869
616.165933 -132.111771
616.165942 -132.365387
616.165952 -132.628860
616.165962 -132.691406
616.165971 -132.172882
616.165981 -131.256470
616.165990 -130.109344
616.166000 -128.922562
616.166010 -127.827026
616.166019 -126.891411
616.166029 -126.145363
616.166038 -125.600090
616.166048 -125.259438
616.166058 -125.126839
616.166067 -125.122749
616.166077 -125.208504
616.166087 -125.514961
616.166096 -126.056618
616.166106 -126.861259
616.166115 -127.963005
616.166125 -129.400574
616.166135 -131.205124
616.166144 -133.334457
616.166154 -135.454361
616.166163 -136.229187
616.166173 -135.011917
616.166183 -133.863113
616.166192 -133.074081
616.166202 -132.673996
616.166212 -132.596176
616.166221 -132.608841
616.166231 -132.832870
616.166240 -133.281860
616.166250 -133.866959
616.166260 -134.475937
616.166269 -134.981323
616.166279 -135.269653
616.166288 -135.036011
616.166298 -134.555573
616.166308 -133.877686
616.166317 -133.078384
616.166327 -132.205627
616.166337 -131.308289
616.166346 -130.432449
616.166356 -129.617844
616.166365 -128.894791
616.166375 -128.285233
616.166385 -127.803925
616.166394 -127.460541
616.166404 -127.260956
616.166413 -127.197845
616.166423 -127.207718
616.166433 -127.298874
616.166442 -127.524254
616.166452 -127.860298
616.166462 -128.261124
616.166471 -128.650604
616.166481 -128.925949
616.166490 -128.798080
616.166500 -128.398590
616.166510 -127.893272
616.166519 -127.389778
616.166529 -126.967239
616.166538 -126.672531
616.166548 -126.525833
616.166558 -126.504982
616.166567 -126.528481
616.166577 -126.665588
616.166587 -126.890045
616.166596 -127.173096
616.166606 -127.457985
616.166615 -127.684128
616.166625 -127.798058
616.166635 -127.707016
616.166644 -127.562927
616.166654 -127.431412
616.166663 -127.367538
616.166673 -127.366356
616.166683 -127.407639
616.166692 -127.595810
616.166702 -127.968643
616.166712 -128.560104
616.166721 -129.411835
616.166731 -130.579163
616.166740 -132.139084
616.166750 -134.186813
616.166760 -136.741653
616.166769 -139.092957
616.166779 -136.647705
616.166788 -134.061874
616.166798 -131.984329
616.166808 -130.391083
616.166817 -129.184723
616.166827 -128.284088
616.166837 -127.615868
616.166846 -127.135757
616.166856 -126.804466
616.166865 -126.578087
616.166875 -126.412636
616.166885 -126.266121
616.166894 -126.101730
616.166904 -125.893410
616.166913 -125.628807
616.166923 -125.309647
616.166933 -124.948471
616.166942 -124.564629
616.166952 -124.180313
616.166962 -123.818306
616.166971 -123.500580
616.166981 -123.247658
616.166990 -123.078186
616.167000 -123.007156
616.167010 -123.000107
616.167019 -123.053490
616.167029 -123.224243
616.167038 -123.530235
616.167048 -123.977783
616.167058 -124.569153
616.167067 -125.299469
616.167077 -126.151314
616.167087 -127.083839
616.167096 -128.018021
616.167106 -128.825958
616.167115 -129.353729
616.167125 -129.286209
616.167135 -128.848312
616.167144 -128.336609
616.167154 -127.861839
616.167163 -127.488174
616.167173 -127.236626
616.167183 -127.126755
616.167192 -127.124245
616.167202 -127.163795
616.167212 -127.340294
616.167221 -127.643478
616.167231 -128.053696
616.167240 -128.543716
616.167250 -129.076721
616.167260 -129.608276
616.167269 -130.090347
616.167279 -130.481369
616.167288 -130.755371
616.167298 -130.908508
616.167308 -130.918655
616.167317 -130.826996
616.167327 -130.700317
616.167337 -130.567413
616.167346 -130.458069
616.167356 -130.396545
616.167365 -130.382843
616.167375 -130.404175
616.167385 -130.502106
616.167394 -130.703613
616.167404 -131.020081
616.167413 -131.457230
616.167423 -132.017761
616.167433 -132.700531
616.167442 -133.493790
616.167452 -134.354065
616.167462 -135.213608
616.167471 -135.877640
616.167481 -135.338181
616.167490 -133.980713
616.167500 -132.321167
616.167510 -130.669662
616.167519 -129.177689
616.167529 -127.899170
616.167538 -126.844513
616.167548 -126.007133
616.167558 -125.374161
616.167567 -124.930687
616.167577 -124.661171
616.167587 -124.549950
616.167596 -124.547295
616.167606 -124.581306
616.167615 -124.739113
616.167625 -125.007401
616.167635 -125.370537
616.167644 -125.813660
616.167654 -126.323387
616.167663 -126.888496
616.167673 -127.500992
616.167683 -128.157089
616.167692 -128.858017
616.167702 -129.609253
616.167712 -130.418579
616.167721 -131.291122
616.167731 -132.222214
616.167740 -133.187790
616.167750 -134.137436
616.167760 -134.997269
616.167769 -135.694275
616.167779 -136.193954
616.167788 -136.522308
616.167798 -136.744553
616.167808 -136.925735
616.167817 -137.103470
616.167827 -137.291428
616.167837 -137.494080
616.167846 -137.728592
616.167856 -138.035278
616.167865 -138.473755
616.167875 -139.106598
616.167885 -139.913437
616.167894 -140.827576
616.167904 -141.110611
616.167913 -139.521713
616.167923 -137.323196
616.167933 -135.104858
616.167942 -133.091568
616.167952 -131.324829
616.167962 -129.792099
616.167971 -128.471252
616.167981 -127.344254
616.167990 -126.399391
616.168000 -125.632072
616.168010 -125.043488
616.168019 -124.640739
616.168029 -124.436386
616.168038 -124.408684
616.168048 -124.449905
616.168058 -124.708771
616.168067 -125.253571
616.168077 -126.146591
616.168087 -127.491600
616.168096 -129.480682
616.168106 -132.537888
616.168115 -137.956299
616.168125 -139.345078
616.168135 -132.979828
616.168144 -129.485504
616.168154 -127.179550
616.168163 -125.560356
616.168173 -124.411354
616.168183 -123.621605
616.168192 -123.129822
616.168202 -122.901306
616.168212 -122.879677
616.168221 -122.918800
616.168231 -123.175949
616.168240 -123.675980
616.168250 -124.430611
616.168260 -125.461349
616.168269 -126.801636
616.168279 -128.503326
616.168288 -130.648834
616.168298 -133.379730
616.168308 -136.962524
616.168317 -141.935059
616.168327 -146.634537
616.168337 -142.304565
616.168346 -139.537842
616.168356 -137.621567
616.168365 -136.134277
616.168375 -134.896240
616.168385 -133.845123
616.168394 -132.967728
616.168404 -132.251633
616.168413 -131.664993
616.168423 -131.191284
616.168433 -130.770645
616.168442 -130.332520
616.168452 -129.817200
616.168462 -129.202560
616.168471 -128.512619
616.168481 -127.804337
616.168490 -127.141037
616.168500 -126.575539
616.168510 -126.143654
616.168519 -125.866600
616.168529 -125.750679
616.168538 -125.746521
616.168548 -125.792633
616.168558 -125.999962
616.168567 -126.364342
616.168577 -126.870918
616.168587 -127.492714
616.168596 -128.183334
616.168606 -128.867233
616.168615 -129.439377
616.168625 -129.788895
616.168635 -129.660645
616.168644 -129.310867
616.168654 -128.920898
616.168663 -128.584106
616.168673 -128.360931
616.168683 -128.286987
616.168692 -128.287262
616.168702 -128.383728
616.168712 -128.663635
616.168721 -129.128586
616.168731 -129.802017
616.168740 -130.704605
616.168750 -131.865479
616.168760 -133.323273
616.168769 -135.111496
616.168779 -137.172501
616.168788 -139.022964
616.168798 -137.786026
616.168808 -135.523849
616.168817 -133.415726
616.168827 -131.629547
616.168837 -130.144852
616.168846 -128.913391
616.168856 -127.890839
616.168865 -127.036232
616.168875 -126.320221
616.168885 -125.721619
616.168894 -125.217705
616.168904 -124.789261
616.168913 -124.421608
616.168923 -124.105209
616.168933 -123.836479
616.168942 -123.617546
616.168952 -123.455574
616.168962 -123.361549
616.168971 -123.341034
616.168981 -123.349335
616.168990 -123.434570
616.169000 -123.634514
616.169010 -123.966835
616.169019 -124.451248
616.169029 -125.114922
616.169038 -125.985695
616.169048 -127.096642
616.169058 -128.485580
616.169067 -130.191559
616.169077 -132.234299
616.169087 -134.539429
616.169096 -136.729980
616.169106 -137.907867
616.169115 -137.241501
616.169125 -136.719055
616.169135 -136.570465
616.169144 -136.578308
616.169154 -136.912506
616.169163 -137.690460
616.169173 -138.670349
616.169183 -138.210297
616.169192 -136.114227
616.169202 -133.775970
616.169212 -131.655182
616.169221 -129.854370
616.169231 -128.366425
616.169240 -127.165031
616.169250 -126.226486
616.169260 -125.534363
616.169269 -125.078224
616.169279 -124.852928
616.169288 -124.824219
616.169298 -124.856857
616.169308 -125.084930
616.169317 -125.530289
616.169327 -126.193649
616.169337 -127.050568
616.169346 -128.039261
616.169356 -129.031998
616.169365 -129.822357
616.169375 -130.119675
616.169385 -129.733871
616.169394 -129.264008
616.169404 -128.868652
616.169413 -128.626312
616.169423 -128.546387
616.169433 -128.555557
616.169442 -128.675339
616.169452 -128.943375
616.169462 -129.337112
616.169471 -129.819962
616.169481 -130.352859
616.169490 -130.900024
616.169500 -131.436462
616.169510 -131.953125
616.169519 -132.459152
616.169529 -132.977448
616.169538 -133.538956
616.169548 -134.176392
616.169558 -134.918228
616.169567 -135.781418
616.169577 -136.755920
616.169587 -137.766220
616.169596 -138.613190
616.169606 -138.535202
616.169615 -137.457352
616.169625 -136.080948
616.169635 -134.693207
616.169644 -133.436630
616.169654 -132.365677
616.169663 -131.497604
616.169673 -130.836914
616.169683 -130.384674
616.169692 -130.141953
616.169702 -130.077637
616.169712 -130.104645
616.169721 -130.285477
616.169731 -130.659576
616.169740 -131.203125
616.169750 -131.849396
616.169760 -132.469574
616.169769 -132.853012
616.169779 -132.425613
616.169788 -131.685684
616.169798 -130.840027
616.169808 -130.030518
616.169817 -129.330627
616.169827 -128.769440
616.169837 -128.352402
616.169846 -128.075272
616.169856 -127.929710
616.169865 -127.899353
616.169875 -127.907303
616.169885 -127.999001
616.169894 -128.188065
616.169904 -128.467453
616.169913 -128.817169
616.169923 -129.204483
616.169933 -129.577820
616.169942 -129.865768
616.169952 -129.896988
616.169962 -129.588516
616.169971 -129.122635
616.169981 -128.583008
616.169990 -128.044693
616.170000 -127.556725
616.170010 -127.141579
616.170019 -126.799477
616.170029 -126.514923
616.170038 -126.261124
616.170048 -126.005486
616.170058 -125.714424
616.170067 -125.360344
616.170077 -124.927589
616.170087 -124.417809
616.170096 -123.849976
616.170106 -123.256523
616.170115 -122.675629
616.170125 -122.144653
616.170135 -121.695320
616.170144 -121.352005
616.170154 -121.131737
616.170163 -121.045380
616.170173 -121.044418
616.170183 -121.099113
616.170192 -121.295227
616.170202 -121.633682
616.170212 -122.112961
616.170221 -122.725525
616.170231 -123.472412
616.170240 -124.349174
616.170250 -125.348076
616.170260 -126.454269
616.170269 -127.637810
616.170279 -128.842545
616.170288 -129.973099
616.170298 -130.897537
616.170308 -131.487198
616.170317 -131.565491
616.170327 -131.231735
616.170337 -130.799255
616.170346 -130.338013
616.170356 -129.880585
616.170365 -129.424057
616.170375 -128.988052
616.170385 -128.579025
616.170394 -128.207550
616.170404 -127.890495
616.170413 -127.649376
616.170423 -127.506615
616.170433 -127.472061
616.170442 -127.483055
616.170452 -127.594505
616.170462 -127.848999
616.170471 -128.234894
616.170481 -128.726974
616.170490 -129.278015
616.170500 -129.793640
616.170510 -130.141876
616.170519 -129.915573
616.170529 -129.353958
616.170538 -128.640564
616.170548 -127.894661
616.170558 -127.181328
616.170567 -126.560966
616.170577 -126.057190
616.170587 -125.672417
616.170596 -125.398140
616.170606 -125.217674
616.170615 -125.107941
616.170625 -125.042450
616.170635 -124.995026
616.170644 -124.947037
616.170654 -124.889671
616.170663 -124.828400
616.170673 -124.778954
616.170683 -124.750397
616.170692 -124.762726
616.170702 -124.800552
616.170712 -124.907822
616.170721 -125.091423
616.170731 -125.347580
616.170740 -125.660042
616.170750 -126.000633
616.170760 -126.331772
616.170769 -126.616226
616.170779 -126.829102
616.170788 -126.969727
616.170798 -127.062050
616.170808 -127.144569
616.170817 -127.255806
616.170827 -127.409554
616.170837 -127.630783
616.170846 -127.933029
616.170856 -128.322144
616.170865 -128.814346
616.170875 -129.448425
616.170885 -130.295013
616.170894 -131.469254
616.170904 -133.159317
616.170913 -135.716965
616.170923 -140.004303
616.170933 -145.878723
616.170942 -138.288605
616.170952 -134.420456
616.170962 -132.022736
616.170971 -130.458633
616.170981 -129.467987
616.170990 -128.922729
616.171000 -128.743454
616.171010 -128.743057
616.171019 -128.878098
616.171029 -129.287598
616.171038 -129.940521
616.171048 -130.810852
616.171058 -131.878189
616.171067 -133.133972
616.171077 -134.588684
616.171087 -136.281281
616.171096 -138.279114
616.171106 -140.577835
616.171115 -143.080536
616.171125 -144.768570
616.171135 -143.107498
616.171144 -141.301468
616.171154 -139.729065
616.171163 -138.408783
616.171173 -137.248810
616.171183 -136.169601
616.171192 -135.137207
616.171202 -134.143082
616.171212 -133.169205
616.171221 -132.197479
616.171231 -131.222839
616.171240 -130.233353
616.171250 -129.239685
616.171260 -128.277893
616.171269 -127.398308
616.171279 -126.652191
616.171288 -126.082573
616.171298 -125.722282
616.171308 -125.590950
616.171317 -125.590126
616.171327 -125.697693
616.171337 -126.064140
616.171346 -126.695740
616.171356 -127.589661
616.171365 -128.723877
616.171375 -130.035629
616.171385 -131.380997
616.171394 -132.504364
616.171404 -133.109451
616.171413 -132.671463
616.171423 -132.060196
616.171433 -131.452316
616.171442 -130.933319
616.171452 -130.538971
616.171462 -130.283142
616.171471 -130.168121
616.171481 -130.160889
616.171490 -130.183411
616.171500 -130.287827
616.171510 -130.471069
616.171519 -130.688919
616.171529 -130.895248
616.171538 -131.058716
616.171548 -131.182098
616.171558 -131.293137
616.171567 -131.435806
616.171577 -131.647049
616.171587 -131.958054
616.171596 -132.378784
616.171606 -132.891678
616.171615 -133.449707
616.171625 -133.979843
616.171635 -134.396225
616.171644 -134.627457
616.171654 -134.459915
616.171663 -134.064194
616.171673 -133.507431
616.171683 -132.809418
616.171692 -131.993042
616.171702 -131.097870
616.171712 -130.178711
616.171721 -129.293884
616.171731 -128.495590
616.171740 -127.824631
616.171750 -127.310753
616.171760 -126.975075
616.171769 -126.833305
616.171779 -126.830597
616.171788 -126.898605
616.171798 -127.183403
616.171808 -127.702469
616.171817 -128.476151
616.171827 -129.534470
616.171837 -130.924545
616.171846 -132.723892
616.171856 -135.065720
616.171865 -138.186569
616.171875 -142.414780
616.171885 -144.411469
616.171894 -140.738708
616.171904 -138.184448
616.171913 -136.482941
616.171923 -135.356583
616.171933 -134.642349
616.171942 -134.239059
616.171952 -134.075134
616.171962 -134.049240
616.171971 -134.089569
616.171981 -134.220093
616.171990 -134.397171
616.172000 -134.545563
616.172010 -134.516739
616.172019 -134.306900
616.172029 -134.012772
616.172038 -133.698196
616.172048 -133.425079
616.172058 -133.245743
616.172067 -133.184921
616.172077 -133.201096
616.172087 -133.326141
616.172096 -133.653458
616.172106 -134.221405
616.172115 -135.079208
616.172125 -136.292740
616.172135 -137.940567
616.172144 -140.170227
616.172154 -142.974640
616.172163 -143.655106
616.172173 -140.532532
616.172183 -137.812851
616.172192 -135.701828
616.172202 -134.078613
616.172212 -132.833847
616.172221 -131.895721
616.172231 -131.218185
616.172240 -130.773087
616.172250 -130.543442
616.172260 -130.499405
616.172269 -130.520126
616.172279 -130.698364
616.172288 -131.075317
616.172298 -131.647827
616.172308 -132.405640
616.172317 -133.327072
616.172327 -134.379562
616.172337 -135.493790
616.172346 -136.556427
616.172356 -137.417740
616.172365 -137.946198
616.172375 -137.995285
616.172385 -137.755814
616.172394 -137.524002
616.172404 -137.424515
616.172413 -137.421677
616.172423 -137.563599
616.172433 -138.034180
616.172442 -138.952545
616.172452 -140.447647
616.172462 -142.729370
616.172471 -145.681686
616.172481 -143.129730
616.172490 -139.577728
616.172500 -136.878403
616.172510 -134.880661
616.172519 -133.409760
616.172529 -132.347931
616.172538 -131.615829
616.172548 -131.155151
616.172558 -130.919296
616.172567 -130.862778
616.172577 -130.867950
616.172587 -130.966385
616.172596 -131.184998
616.172606 -131.504471
616.172615 -131.916946
616.172625 -132.427185
616.172635 -133.042648
616.172644 -133.753174
616.172654 -134.552429
616.172663 -135.359711
616.172673 -135.999191
616.172683 -135.899200
616.172692 -135.099960
616.172702 -134.063324
616.172712 -132.985062
616.172721 -131.970779
616.172731 -131.058823
616.172740 -130.267303
616.172750 -129.615997
616.172760 -129.116058
616.172769 -128.784119
616.172779 -128.640869
616.172788 -128.636612
616.172798 -128.704224
616.172808 -129.008423
616.172817 -129.591522
616.172827 -130.502197
616.172837 -131.810242
616.172846 -133.624008
616.172856 -136.116180
616.172865 -139.499680
616.172875 -142.715988
616.172885 -139.244019
616.172894 -136.365387
616.172904 -134.283127
616.172913 -132.764008
616.172923 -131.645950
616.172933 -130.834183
616.172942 -130.278137
616.172952 -129.955460
616.172962 -129.859436
616.172971 -129.861069
616.172981 -130.018875
616.172990 -130.448959
616.173000 -131.205887
616.173010 -132.375824
616.173019 -134.107880
616.173029 -136.674026
616.173038 -140.491592
616.173048 -140.704117
616.173058 -136.249115
616.173067 -133.094269
616.173077 -130.841629
616.173087 -129.195633
616.173096 -128.001862
616.173106 -127.173988
616.173115 -126.655998
616.173125 -126.411835
616.173135 -126.384918
616.173144 -126.416649
616.173154 -126.646629
616.173163 -127.089302
616.173173 -127.726059
616.173183 -128.531097
616.173192 -129.466522
616.173202 -130.474960
616.173212 -131.477020
616.173221 -132.376923
616.173231 -133.086990
616.173240 -133.559692
616.173250 -133.802841
616.173260 -133.827820
616.173269 -133.720322
616.173279 -133.593964
616.173288 -133.484818
616.173298 -133.423584
616.173308 -133.422119
616.173317 -133.459045
616.173327 -133.639526
616.173337 -134.023514
616.173346 -134.683990
616.173356 -135.717987
616.173365 -137.255447
616.173375 -139.435410
616.173385 -142.038910
616.173394 -140.160477
616.173404 -136.927109
616.173413 -134.342499
616.173423 -132.392197
616.173433 -130.946152
616.173442 -129.906296
616.173452 -129.198059
616.173462 -128.777435
616.173471 -128.615295
616.173481 -128.604706
616.173490 -128.683197
616.173500 -128.953873
616.173510 -129.400146
616.173519 -129.991348
616.173529 -130.693008
616.173538 -131.464020
616.173548 -132.254654
616.173558 -132.999329
616.173567 -133.606613
616.173577 -133.943329
616.173587 -133.588989
616.173596 -132.875061
616.173606 -131.966873
616.173615 -130.995377
616.173625 -130.055374
616.173635 -129.204071
616.173644 -128.474274
616.173654 -127.885452
616.173663 -127.452179
616.173673 -127.188179
616.173683 -127.102524
616.173692 -127.104958
616.173702 -127.238327
616.173712 -127.600494
616.173721 -128.234512
616.173731 -129.196106
616.173740 -130.571777
616.173750 -132.510849
616.173760 -135.332687
616.173769 -139.854492
616.173779 -148.047562
616.173788 -139.754272
616.173798 -135.938278
616.173808 -133.674500
616.173817 -132.259674
616.173827 -131.410477
616.173837 -130.993423
616.173846 -130.906891
616.173856 -130.932434
616.173865 -131.168518
616.173875 -131.639359
616.173885 -132.257858
616.173894 -132.893768
616.173904 -133.373154
616.173913 -133.450165
616.173923 -133.102142
616.173933 -132.668427
616.173942 -132.254150
616.173952 -131.916733
616.173962 -131.678482
616.173971 -131.546326
616.173981 -131.494873
616.173990 -131.513672
616.174000 -131.611786
616.174010 -131.821854
616.174019 -132.163498
616.174029 -132.646683
616.174038 -133.278702
616.174048 -134.059235
616.174058 -134.967087
616.174067 -135.976013
616.174077 -137.027267
616.174087 -138.018265
616.174096 -138.805359
616.174106 -139.221649
616.174115 -138.812546
616.174125 -138.160965
616.174135 -137.443802
616.174144 -136.801544
616.174154 -136.322647
616.174163 -136.042786
616.174173 -135.934464
616.174183 -135.875916
616.174192 -135.634232
616.174202 -134.945908
616.174212 -133.750336
616.174221 -132.253281
616.174231 -130.725067
616.174240 -129.343445
616.174250 -128.191513
616.174260 -127.298599
616.174269 -126.670685
616.174279 -126.305466
616.174288 -126.198341
616.174298 -126.199356
616.174308 -126.350632
616.174317 -126.759285
616.174327 -127.429008
616.174337 -128.366562
616.174346 -129.581314
616.174356 -131.083862
616.174365 -132.883392
616.174375 -134.982635
616.174385 -137.371597
616.174394 -140.025314
616.174404 -142.918243
616.174413 -146.011673
616.174423 -148.793549
616.174433 -146.064270
616.174442 -142.879211
616.174452 -140.266495
616.174462 -138.238312
616.174471 -136.708023
616.174481 -135.609833
616.174490 -134.904343
616.174500 -134.580521
616.174510 -134.563675
616.174519 -134.654968
616.174529 -135.182129
616.174538 -136.278763
616.174548 -138.195938
616.174558 -141.561432
616.174567 -148.784088
616.174577 -142.175995
616.174587 -137.220688
616.174596 -134.129562
616.174606 -131.987656
616.174615 -130.455154
616.174625 -129.368301
616.174635 -128.633911
616.174644 -128.193802
616.174654 -128.007217
616.174663 -127.997498
616.174673 -128.043884
616.174683 -128.277023
616.174692 -128.679962
616.174702 -129.219589
616.174712 -129.850082
616.174721 -130.504028
616.174731 -131.091034
616.174740 -131.511871
616.174750 -131.644653
616.174760 -131.422302
616.174769 -131.126175
616.174779 -130.842911
616.174788 -130.631516
616.174798 -130.524368
616.174808 -130.514145
616.174817 -130.527710
616.174827 -130.636902
616.174837 -130.848068
616.174846 -131.142059
616.174856 -131.496902
616.174865 -131.892593
616.174875 -132.313263
616.174885 -132.750381
616.174894 -133.198105
616.174904 -133.647507
616.174913 -134.070541
616.174923 -134.456253
616.174933 -134.769028
616.174942 -134.973541
616.174952 -134.996674
616.174962 -134.849823
616.174971 -134.653091
616.174981 -134.457245
616.174990 -134.311584
616.175000 -134.262558
616.175010 -134.263657
616.175019 -134.364090
616.175029 -134.672455
616.175038 -135.270294
616.175048 -136.282700
616.175058 -137.923584
616.175067 -140.672379
616.175077 -145.978210
616.175087 -144.208237
616.175096 -138.075974
616.175106 -134.321548
616.175115 -131.649765
616.175125 -129.626404
616.175135 -128.052917
616.175144 -126.820702
616.175154 -125.863083
616.175163 -125.134888
616.175173 -124.606232
616.175183 -124.254387
616.175192 -124.062431
616.175202 -124.015213
616.175212 -124.017609
616.175221 -124.110794
616.175231 -124.335419
616.175240 -124.687958
616.175250 -125.167580
616.175260 -125.770454
616.175269 -126.497116
616.175279 -127.346741
616.175288 -128.303528
616.175298 -129.322571
616.175308 -130.305191
616.175317 -131.086975
616.175327 -131.451859
616.175337 -131.099762
616.175346 -130.647293
616.175356 -130.276794
616.175365 -130.105270
616.175375 -130.091583
616.175385 -130.204071
616.175394 -130.624039
616.175404 -131.416946
616.175413 -132.653336
616.175423 -134.444473
616.175433 -136.973541
616.175442 -140.466019
616.175452 -143.278641
616.175462 -139.800537
616.175471 -137.105438
616.175481 -135.261856
616.175490 -134.028946
616.175500 -133.246674
616.175510 -132.822235
616.175519 -132.702332
616.175529 -132.701233
616.175538 -132.878021
616.175548 -133.346161
616.175558 -134.139420
616.175567 -135.283676
616.175577 -136.853058
616.175587 -138.816635
616.175596 -140.664551
616.175606 -139.082016
616.175615 -136.756531
616.175625 -134.737656
616.175635 -133.131500
616.175644 -131.876022
616.175654 -130.892471
616.175663 -130.113953
616.175673 -129.490463
616.175683 -128.990112
616.175692 -128.599380
616.175702 -128.320328
616.175712 -128.166718
616.175721 -128.138504
616.175731 -128.158554
616.175740 -128.317947
616.175750 -128.654236
616.175760 -129.186569
616.175769 -129.925613
616.175779 -130.856064
616.175788 -131.920334
616.175798 -132.983643
616.175808 -133.817139
616.175817 -134.049301
616.175827 -133.600876
616.175837 -133.091019
616.175846 -132.688553
616.175856 -132.476471
616.175865 -132.449615
616.175875 -132.488159
616.175885 -132.727371
616.175894 -133.217300
616.175904 -133.979340
616.175913 -135.049149
616.175923 -136.463318
616.175933 -138.284256
616.175942 -140.479507
616.175952 -142.457993
616.175962 -140.762848
616.175971 -138.586899
616.175981 -136.826187
616.175990 -135.570953
616.176000 -134.779373
616.176010 -134.404419
616.176019 -134.362595
616.176029 -134.415924
616.176038 -134.801712
616.176048 -135.566940
616.176058 -136.742661
616.176067 -138.399094
616.176077 -140.679291
616.176087 -143.881577
616.176096 -148.581024
616.176106 -149.060654
616.176115 -144.598557
616.176125 -141.575562
616.176135 -139.373688
616.176144 -137.639938
616.176154 -136.209991
616.176163 -134.977783
616.176173 -133.876526
616.176183 -132.862289
616.176192 -131.908264
616.176202 -131.000427
616.176212 -130.135742
616.176221 -129.319534
616.176231 -128.563736
616.176240 -127.883339
616.176250 -127.294975
616.176260 -126.814529
616.176269 -126.456696
616.176279 -126.233444
616.176288 -126.154137
616.176298 -126.154015
616.176308 -126.224213
616.176317 -126.443878
616.176327 -126.806999
616.176337 -127.299873
616.176346 -127.899727
616.176356 -128.577255
616.176365 -129.301575
616.176375 -130.051331
616.176385 -130.825089
616.176394 -131.645248
616.176404 -132.546249
616.176413 -133.543686
616.176423 -134.571884
616.176433 -135.384445
616.176442 -134.795120
616.176452 -133.407562
616.176462 -131.838409
616.176471 -130.360474
616.176481 -129.071777
616.176490 -127.990662
616.176500 -127.106735
616.176510 -126.402237
616.176519 -125.858582
616.176529 -125.458801
616.176538 -125.187302
616.176548 -125.029793
616.176558 -124.972443
616.176567 -124.971764
616.176577 -125.001625
616.176587 -125.102669
616.176596 -125.260201
616.176606 -125.457565
616.176615 -125.677589
616.176625 -125.903343
616.176635 -126.120300
616.176644 -126.318520
616.176654 -126.495018
616.176663 -126.655037
616.176673 -126.811714
616.176683 -126.978264
616.176692 -127.181313
616.176702 -127.445366
616.176712 -127.792015
616.176721 -128.239044
616.176731 -128.800140
616.176740 -129.482788
616.176750 -130.287994
616.176760 -131.206375
616.176769 -132.213425
616.176779 -133.257355
616.176788 -134.215454
616.176798 -134.939423
616.176808 -134.935715
616.176817 -134.105118
616.176827 -132.943863
616.176837 -131.680679
616.176846 -130.477875
616.176856 -129.430328
616.176865 -128.588928
616.176875 -127.981644
616.176885 -127.625458
616.176894 -127.529884
616.176904 -127.533546
616.176913 -127.719208
616.176923 -128.197189
616.176933 -128.985275
616.176942 -130.100937
616.176952 -131.547882
616.176962 -133.273361
616.176971 -135.059128
616.176981 -136.391647
616.176990 -136.335251
616.177000 -135.765579
616.177010 -135.461945
616.177019 -135.454956
616.177029 -135.597931
616.177038 -136.246033
616.177048 -137.445084
616.177058 -139.141541
616.177067 -140.830780
616.177077 -139.294098
616.177087 -137.004807
616.177096 -135.030869
616.177106 -133.498703
616.177115 -132.355972
616.177125 -131.515350
616.177135 -130.934845
616.177144 -130.564545
616.177154 -130.364853
616.177163 -130.301666
616.177173 -130.302567
616.177183 -130.378876
616.177192 -130.572098
616.177202 -130.892456
616.177212 -131.348679
616.177221 -131.931732
616.177231 -132.656494
616.177240 -133.504456
616.177250 -134.433563
616.177260 -135.384705
616.177269 -136.311508
616.177279 -137.225937
616.177288 -138.225342
616.177298 -139.455307
616.177308 -140.909653
616.177317 -142.229340
616.177327 -140.186295
616.177337 -137.559143
616.177346 -135.245941
616.177356 -133.403885
616.177365 -131.977661
616.177375 -130.918945
616.177385 -130.172104
616.177394 -129.690262
616.177404 -129.438004
616.177413 -129.379364
616.177423 -129.389069
616.177433 -129.524002
616.177442 -129.827194
616.177452 -130.280518
616.177462 -130.863235
616.177471 -131.566498
616.177481 -132.370117
616.177490 -133.253738
616.177500 -134.202805
616.177510 -135.213028
616.177519 -136.290619
616.177529 -137.442688
616.177538 -138.653473
616.177548 -139.847778
616.177558 -140.834045
616.177567 -140.916397
616.177577 -139.752365
616.177587 -138.127945
616.177596 -136.377136
616.177606 -134.701019
616.177615 -133.198441
616.177625 -131.903931
616.177635 -130.839462
616.177644 -130.002060
616.177654 -129.382370
616.177663 -128.968170
616.177673 -128.746460
616.177683 -128.698074
616.177692 -128.702118
616.177702 -128.818314
616.177712 -129.084656
616.177721 -129.483002
616.177731 -129.983643
616.177740 -130.534775
616.177750 -131.048370
616.177760 -131.392532
616.177769 -131.222961
616.177779 -130.713272
616.177788 -130.083847
616.177798 -129.469467
616.177808 -128.967407
616.177817 -128.638519
616.177827 -128.520737
616.177837 -128.512573
616.177846 -128.641251
616.177856 -129.023514
616.177865 -129.695419
616.177875 -130.695770
616.177885 -132.085007
616.177894 -133.967026
616.177904 -136.542648
616.177913 -140.259354
616.177923 -146.516861
616.177933 -146.402634
616.177942 -141.186371
616.177952 -138.189377
616.177962 -136.176971
616.177971 -134.714752
616.177981 -133.601151
616.177990 -132.736816
616.178000 -132.071060
616.178010 -131.571075
616.178019 -131.215851
616.178029 -130.989700
616.178038 -130.878860
616.178048 -130.843018
616.178058 -130.867172
616.178067 -130.928696
616.178077 -131.018585
616.178087 -130.969238
616.178096 -130.647705
616.178106 -130.074936
616.178115 -129.310577
616.178125 -128.465546
616.178135 -127.648750
616.178144 -126.940155
616.178154 -126.387833
616.178163 -126.016953
616.178173 -125.837700
616.178183 -125.817734
616.178192 -125.851410
616.178202 -126.053070
616.178212 -126.432930
616.178221 -126.973312
616.178231 -127.661346
616.178240 -128.475677
616.178250 -129.386795
616.178260 -130.350647
616.178269 -131.324951
616.178279 -132.249374
616.178288 -133.052582
616.178298 -133.670029
616.178308 -134.079453
616.178317 -134.331894
616.178327 -134.546722
616.178337 -134.880753
616.178346 -135.508209
616.178356 -136.638275
616.178365 -138.565933
616.178375 -141.979858
616.178385 -146.566406
616.178394 -139.568436
616.178404 -135.303467
616.178413 -132.410583
616.178423 -130.323853
616.178433 -128.791565
616.178442 -127.683258
616.178452 -126.924408
616.178462 -126.470551
616.178471 -126.295380
616.178481 -126.288734
616.178490 -126.386002
616.178500 -126.738968
616.178510 -127.361198
616.178519 -128.271225
616.178529 -129.502701
616.178538 -131.111862
616.178548 -133.185318
616.178558 -135.885559
616.178567 -139.537994
616.178577 -144.866104
616.178587 -150.050232
616.178596 -145.679611
616.178606 -143.520523
616.178615 -142.388046
616.178625 -141.540939
616.178635 -140.444778
616.178644 -138.925522
616.178654 -137.176788
616.178663 -135.447357
616.178673 -133.864288
616.178683 -132.433365
616.178692 -131.136139
616.178702 -129.946213
616.178712 -128.832367
616.178721 -127.781227
616.178731 -126.797432
616.178740 -125.897148
616.178750 -125.100929
616.178760 -124.428368
616.178769 -123.895737
616.178779 -123.515564
616.178788 -123.294945
616.178798 -123.238258
616.178808 -123.241798
616.178817 -123.368759
616.178827 -123.684822
616.178837 -124.201752
616.178846 -124.934364
616.178856 -125.901047
616.178865 -127.121178
616.178875 -128.605423
616.178885 -130.320465
616.178894 -132.093048
616.178904 -133.449448
616.178913 -133.072052
616.178923 -131.986877
616.178933 -130.990677
616.178942 -130.264969
616.178952 -129.857422
616.178962 -129.764786
616.178971 -129.780380
616.178981 -130.048538
616.178990 -130.696243
616.179000 -131.796677
616.179010 -133.495926
616.179019 -136.099335
616.179029 -140.314224
616.179038 -142.852524
616.179048 -137.204376
616.179058 -133.722992
616.179067 -131.412079
616.179077 -129.835892
616.179087 -128.795319
616.179096 -128.191589
616.179106 -127.977455
616.179115 -127.976151
616.179125 -128.134552
616.179135 -128.666519
616.179144 -129.603836
616.179154 -131.010666
616.179163 -133.010696
616.179173 -135.858612
616.179183 -140.183212
616.179192 -148.396057
616.179202 -144.132660
616.179212 -140.325043
616.179221 -138.511993
616.179231 -137.808228
616.179240 -137.766464
616.179250 -137.963959
616.179260 -138.985275
616.179269 -141.158127
616.179279 -145.524689
616.179288 -146.948730
616.179298 -139.735306
616.179308 -135.509644
616.179317 -132.495346
616.179327 -130.154236
616.179337 -128.263397
616.179346 -126.706207
616.179356 -125.417213
616.179365 -124.358208
616.179375 -123.506844
616.179385 -122.850334
616.179394 -122.381874
616.179404 -122.098526
616.179413 -121.999680
616.179423 -121.999550
616.179433 -122.086342
616.179442 -122.359352
616.179452 -122.817192
616.179462 -123.459587
616.179471 -124.280754
616.179481 -125.267044
616.179490 -126.391548
616.179500 -127.607140
616.179510 -128.837845
616.179519 -129.975266
616.179529 -130.887344
616.179538 -131.452408
616.179548 -131.375458
616.179558 -130.854843
616.179567 -130.171585
616.179577 -129.449341
616.179587 -128.777771
616.179596 -128.216339
616.179606 -127.801537
616.179615 -127.553612
616.179625 -127.481964
616.179635 -127.483124
616.179644 -127.595032
616.179654 -127.891006
616.179663 -128.371582
616.179673 -129.037247
616.179683 -129.887604
616.179692 -130.918808
616.179702 -132.114120
616.179712 -133.420929
616.179721 -134.697784
616.179731 -135.646378
616.179740 -135.204498
616.179750 -133.927612
616.179760 -132.412186
616.179769 -130.887726
616.179779 -129.452332
616.179788 -128.142853
616.179798 -126.972382
616.179808 -125.947006
616.179817 -125.069504
616.179827 -124.341400
616.179837 -123.762032
616.179846 -123.328796
616.179856 -123.036240
616.179865 -122.876068
616.179875 -122.831383
616.179885 -122.836578
616.179894 -122.903229
616.179904 -123.058708
616.179913 -123.285706
616.179923 -123.569435
616.179933 -123.901672
616.179942 -124.283173
616.179952 -124.725166
616.179962 -125.247429
616.179971 -125.875046
616.179981 -126.625305
616.179990 -127.520699
616.180000 -128.584991
616.180010 -129.826019
616.180019 -131.241608
616.180029 -132.825485
616.180038 -134.580002
616.180048 -136.547852
616.180058 -138.857285
616.180067 -141.785995
616.180077 -145.660416
616.180087 -147.901642
616.180096 -143.684784
616.180106 -140.697723
616.180115 -138.662476
616.180125 -137.298935
616.180135 -136.400131
616.180144 -135.828568
616.180154 -135.477142
616.180163 -135.248459
616.180173 -135.029297
616.180183 -134.706955
616.180192 -134.191956
616.180202 -133.420334
616.180212 -132.403610
616.180221 -131.224884
616.180231 -129.995621
616.180240 -128.813065
616.180250 -127.743240
616.180260 -126.823647
616.180269 -126.070801
616.180279 -125.488297
616.180288 -125.070656
616.180298 -124.807022
616.180308 -124.682358
616.180317 -124.657585
616.180327 -124.679291
616.180337 -124.778969
616.180346 -124.963135
616.180356 -125.215660
616.180365 -125.524132
616.180375 -125.879707
616.180385 -126.276398
616.180394 -126.707993
616.180404 -127.165901
616.180413 -127.635635
616.180423 -128.096054
616.180433 -128.512436
616.180442 -128.852676
616.180452 -129.098587
616.180462 -129.233429
616.180471 -129.209641
616.180481 -129.095245
616.180490 -128.952637
616.180500 -128.801834
616.180510 -128.649551
616.180519 -128.489594
616.180529 -128.309402
616.180538 -128.098755
616.180548 -127.857468
616.180558 -127.597504
616.180567 -127.338768
616.180577 -127.101761
616.180587 -126.901489
616.180596 -126.744873
616.180606 -126.631271
616.180615 -126.555992
616.180625 -126.514717
616.180635 -126.495674
616.180644 -126.503555
616.180654 -126.543159
616.180663 -126.643402
616.180673 -126.832581
616.180683 -127.148911
616.180692 -127.634514
616.180702 -128.332047
616.180712 -129.272461
616.180721 -130.440567
616.180731 -131.682999
616.180740 -132.511581
616.180750 -131.520065
616.180760 -130.181839
616.180769 -128.968048
616.180779 -128.068451
616.180788 -127.536270
616.180798 -127.374741
616.180808 -127.376114
616.180817 -127.621971
616.180827 -128.272720
616.180837 -129.383087
616.180846 -131.035095
616.180856 -133.343063
616.180865 -136.301895
616.180875 -137.685852
616.180885 -134.918930
616.180894 -132.576660
616.180904 -130.893860
616.180913 -129.750488
616.180923 -129.036789
616.180933 -128.679611
616.180942 -128.597473
616.180952 -128.631516
616.180962 -128.872849
616.180971 -129.383484
616.180981 -130.163696
616.180990 -131.221954
616.181000 -132.578018
616.181010 -134.266113
616.181019 -136.336029
616.181029 -138.839890
616.181038 -141.717041
616.181048 -144.259750
616.181058 -142.847977
616.181067 -140.665649
616.181077 -138.674149
616.181087 -136.825180
616.181096 -135.038620
616.181106 -133.276672
616.181115 -131.542389
616.181125 -129.874008
616.181135 -128.317322
616.181144 -126.909813
616.181154 -125.676926
616.181163 -124.634056
616.181173 -123.790405
616.181183 -123.151894
616.181192 -122.723785
616.181202 -122.512032
616.181212 -122.489090
616.181221 -122.525093
616.181231 -122.774315
616.181240 -123.272461
616.181250 -124.041130
616.181260 -125.113266
616.181269 -126.531471
616.181279 -128.355545
616.181288 -130.666595
616.181298 -133.552780
616.181308 -136.972427
616.181317 -140.088043
616.181327 -140.086258
616.181337 -139.473526
616.181346 -139.437241
616.181356 -139.581833
616.181365 -140.336548
616.181375 -140.316711
616.181385 -137.952728
616.181394 -135.325180
616.181404 -133.083435
616.181413 -131.310944
616.181423 -129.956299
616.181433 -128.956284
616.181442 -128.256729
616.181452 -127.811470
616.181462 -127.575409
616.181471 -127.493820
616.181481 -127.476990
616.181490 -127.492210
616.181500 -127.402527
616.181510 -127.104324
616.181519 -126.593864
616.181529 -125.925964
616.181538 -125.196503
616.181548 -124.498245
616.181558 -123.899834
616.181567 -123.444069
616.181577 -123.155083
616.181587 -123.044846
616.181596 -123.043907
616.181606 -123.118492
616.181615 -123.371613
616.181625 -123.799049
616.181635 -124.396362
616.181644 -125.147278
616.181654 -126.025047
616.181663 -126.988998
616.181673 -127.980553
616.181683 -128.924973
616.181692 -129.740204
616.181702 -130.354965
616.181712 -130.723862
616.181721 -130.666214
616.181731 -130.288498
616.181740 -129.742126
616.181750 -129.087524
616.181760 -128.388657
616.181769 -127.705116
616.181779 -127.085655
616.181788 -126.568687
616.181798 -126.183662
616.181808 -125.954857
616.181817 -125.894699
616.181827 -125.903534
616.181837 -126.050545
616.181846 -126.415970
616.181856 -127.018761
616.181865 -127.868935
616.181875 -128.945679
616.181885 -130.138550
616.181894 -131.142380
616.181904 -130.847702
616.181913 -129.649338
616.181923 -128.348404
616.181933 -127.210899
616.181942 -126.332352
616.181952 -125.738708
616.181962 -125.436333
616.181971 -125.390961
616.181981 -125.432121
616.181990 -125.740364
616.182000 -126.387352
616.182010 -127.415001
616.182019 -128.883926
616.182029 -130.862854
616.182038 -133.345215
616.182048 -135.825226
616.182058 -135.340775
616.182067 -133.670303
616.182077 -132.502609
616.182087 -131.958878
616.182096 -131.903763
616.182106 -132.020386
616.182115 -132.677216
616.182125 -133.959015
616.182135 -135.941147
616.182144 -138.714417
616.182154 -142.052185
616.182163 -142.784760
616.182173 -140.969147
616.182183 -139.866516
616.182192 -139.513046
616.182202 -139.512299
616.182212 -139.758072
616.182221 -140.406494
616.182231 -141.184937
616.182240 -141.738907
616.182250 -141.453888
616.182260 -140.879776
616.182269 -140.243134
616.182279 -139.566177
616.182288 -138.800125
616.182298 -137.894485
616.182308 -136.837662
616.182317 -135.657455
616.182327 -134.403961
616.182337 -133.130188
616.182346 -131.884827
616.182356 -130.707748
616.182365 -129.630280
616.182375 -128.674606
616.182385 -127.856026
616.182394 -127.184242
616.182404 -126.666077
616.182413 -126.307510
616.182423 -126.116119
616.182433 -126.083427
616.182442 -126.102859
616.182452 -126.284554
616.182462 -126.685577
616.182471 -127.342575
616.182481 -128.306778
616.182490 -129.653580
616.182500 -131.514740
616.182510 -134.093384
616.182519 -137.637802
616.182529 -140.400391
616.182538 -136.994400
616.182548 -134.482132
616.182558 -132.922958
616.182567 -132.101654
616.182577 -131.879379
616.182587 -131.882782
616.182596 -132.221024
616.182606 -133.116928
616.182615 -134.614044
616.182625 -136.800034
616.182635 -139.775574
616.182644 -143.350647
616.182654 -145.579239
616.182663 -144.981750
616.182673 -144.980667
616.182683 -145.681061
616.182692 -148.029572
616.182702 -143.548889
616.182712 -138.713928
616.182721 -135.210205
616.182731 -132.614166
616.182740 -130.648621
616.182750 -129.148438
616.182760 -128.009171
616.182769 -127.160156
616.182779 -126.552361
616.182788 -126.151711
616.182798 -125.935776
616.182808 -125.884506
616.182817 -125.886131
616.182827 -125.984581
616.182837 -126.224846
616.182846 -126.580154
616.182856 -126.995255
616.182865 -127.373085
616.182875 -127.493248
616.182885 -127.087868
616.182894 -126.450577
616.182904 -125.719398
616.182913 -125.011314
616.182923 -124.397728
616.182933 -123.912819
616.182942 -123.568733
616.182952 -123.368668
616.182962 -123.304909
616.182971 -123.316086
616.182981 -123.421799
616.182990 -123.709419
616.183000 -124.222633
616.183010 -125.034866
616.183019 -126.270386
616.183029 -128.158783
616.183038 -131.190674
616.183048 -136.869049
616.183058 -134.583679
616.183067 -128.957230
616.183077 -125.553291
616.183087 -123.210953
616.183096 -121.531464
616.183106 -120.330734
616.183115 -119.506485
616.183125 -118.994652
616.183135 -118.748184
616.183144 -118.704147
616.183154 -118.725349
616.183163 -118.879478
616.183173 -119.149429
616.183183 -119.451607
616.183192 -119.680336
616.183202 -119.531853
616.183212 -119.097092
616.183221 -118.493111
616.183231 -117.803749
616.183240 -117.092567
616.183250 -116.392326
616.183260 -115.711472
616.183269 -115.045830
616.183279 -114.390457
616.183288 -113.747826
616.183298 -113.130791
616.183308 -112.560287
616.183317 -112.060295
616.183327 -111.652985
616.183337 -111.355698
616.183346 -111.168228
616.183356 -111.106834
616.183365 -111.103195
616.183375 -111.178223
616.183385 -111.384796
616.183394 -111.732567
616.183404 -112.234818
616.183413 -112.917778
616.183423 -113.827484
616.183433 -115.038864
616.183442 -116.665291
616.183452 -118.842178
616.183462 -121.458694
616.183471 -120.418434
616.183481 -117.074142
616.183490 -114.263618
616.183500 -112.060394
616.183510 -110.344452
616.183519 -109.018417
616.183529 -108.017044
616.183538 -107.297424
616.183548 -106.828918
616.183558 -106.592888
616.183567 -106.558578
616.183577 -106.584152
616.183587 -106.798950
616.183596 -107.239265
616.183606 -107.913254
616.183615 -108.832542
616.183625 -110.004044
616.183635 -111.447151
616.183644 -113.150604
616.183654 -115.020966
616.183663 -116.759773
616.183673 -117.803780
616.183683 -117.150871
616.183692 -116.334152
616.183702 -115.653519
616.183712 -115.184158
616.183721 -114.908707
616.183731 -114.805878
616.183740 -114.803970
616.183750 -114.839371
616.183760 -114.971603
616.183769 -115.169014
616.183779 -115.393631
616.183788 -115.620041
616.183798 -115.825203
616.183808 -115.986565
616.183817 -116.087357
616.183827 -116.123444
616.183837 -116.110657
616.183846 -116.102020
616.183856 -116.114799
616.183865 -116.173500
616.183875 -116.317802
616.183885 -116.578964
616.183894 -116.972527
616.183904 -117.527702
616.183913 -118.260956
616.183923 -119.184601
616.183933 -120.304504
616.183942 -121.613991
616.183952 -123.082100
616.183962 -124.634216
616.183971 -126.135567
616.183981 -127.412735
616.183990 -128.351654
616.184000 -128.999817
616.184010 -129.536240
616.184019 -130.153732
616.184029 -130.993134
616.184038 -132.141098
616.184048 -133.644638
616.184058 -135.507492
616.184067 -137.655960
616.184077 -139.887527
616.184087 -141.924561
616.184096 -143.662170
616.184106 -143.594177
616.184115 -140.141937
616.184125 -136.336395
616.184135 -133.075058
616.184144 -130.427505
616.184154 -128.314896
616.184163 -126.657768
616.184173 -125.407738
616.184183 -124.530571
616.184192 -124.008743
616.184202 -123.836754
616.184212 -123.836868
616.184221 -124.034256
616.184231 -124.636589
616.184240 -125.709175
616.184250 -127.358795
616.184260 -129.729034
616.184269 -132.758194
616.184279 -132.529053
616.184288 -129.496750
616.184298 -127.140526
616.184308 -125.475182
616.184317 -124.348320
616.184327 -123.644638
616.184337 -123.284607
616.184346 -123.194084
616.184356 -123.196831
616.184365 -123.340546
616.184375 -123.664505
616.184385 -124.108353
616.184394 -124.601982
616.184404 -125.074242
616.184413 -125.473961
616.184423 -125.791901
616.184433 -126.065971
616.184442 -126.362267
616.184452 -126.749115
616.184462 -127.272659
616.184471 -127.941292
616.184481 -128.763474
616.184490 -129.683365
616.184500 -130.589584
616.184510 -131.330154
616.184519 -131.773483
616.184529 -131.869400
616.184538 -131.778122
616.184548 -131.739380
616.184558 -131.768417
616.184567 -131.934250
616.184577 -132.328522
616.184587 -133.012024
616.184596 -134.062622
616.184606 -135.609528
616.184615 -137.900177
616.184625 -141.495117
616.184635 -147.868225
616.184644 -142.346375
616.184654 -138.038666
616.184663 -135.318008
616.184673 -133.499237
616.184683 -132.309601
616.184692 -131.629883
616.184702 -131.411865
616.184712 -131.412109
616.184721 -131.668549
616.184731 -132.458267
616.184740 -133.919724
616.184750 -136.349579
616.184760 -140.415909
616.184769 -142.442307
616.184779 -137.089691
616.184788 -133.772049
616.184798 -131.616516
616.184808 -130.207397
616.184817 -129.339035
616.184827 -128.909668
616.184837 -128.829666
616.184846 -128.859009
616.184856 -129.145737
616.184865 -129.737915
616.184875 -130.605438
616.184885 -131.712936
616.184894 -133.016251
616.184904 -134.463989
616.184913 -136.000946
616.184923 -137.494385
616.184933 -138.717453
616.184942 -138.369522
616.184952 -136.669067
616.184962 -134.761017
616.184971 -133.039597
616.184981 -131.628067
616.184990 -130.539261
616.185000 -129.750671
616.185010 -129.229263
616.185019 -128.938553
616.185029 -128.839371
616.185038 -128.837173
616.185048 -128.889465
616.185058 -129.041504
616.185067 -129.243393
616.185077 -129.437332
616.185087 -129.552475
616.185096 -129.373001
616.185106 -128.993622
616.185115 -128.437531
616.185125 -127.756317
616.185135 -127.015800
616.185144 -126.276878
616.185154 -125.586044
616.185163 -124.973396
616.185173 -124.455040
616.185183 -124.036652
616.185192 -123.716789
616.185202 -123.489151
616.185212 -123.344215
616.185221 -123.269806
616.185231 -123.250145
616.185240 -123.251457
616.185250 -123.272346
616.185260 -123.314011
616.185269 -123.358704
616.185279 -123.393539
616.185288 -123.414536
616.185298 -123.429626
616.185308 -123.457939
616.185317 -123.525833
616.185327 -123.661507
616.185337 -123.890366
616.185346 -124.232285
616.185356 -124.700584
616.185365 -125.301254
616.185375 -126.039833
616.185385 -126.910347
616.185394 -127.905769
616.185404 -129.009933
616.185413 -130.192276
616.185423 -131.401672
616.185433 -132.573151
616.185442 -133.664230
616.185452 -134.721725
616.185462 -135.941269
616.185471 -137.713669
616.185481 -140.840668
616.185490 -147.750748
616.185500 -139.042892
616.185510 -133.883987
616.185519 -130.449081
616.185529 -127.951302
616.185538 -126.080147
616.185548 -124.681839
616.185558 -123.670517
616.185567 -122.992378
616.185577 -122.618721
616.185587 -122.526642
616.185596 -122.531776
616.185606 -122.724388
616.185615 -123.197952
616.185625 -123.965027
616.185635 -125.051926
616.185644 -126.505791
616.185654 -128.406509
616.185663 -130.885788
616.185673 -134.116455
616.185683 -137.859070
616.185692 -136.374588
616.185702 -133.577087
616.185712 -131.545135
616.185721 -130.131058
616.185731 -129.174362
616.185740 -128.568283
616.185750 -128.233154
616.185760 -128.101227
616.185769 -128.093704
616.185779 -128.126053
616.185788 -128.241287
616.185798 -128.372452
616.185808 -128.417755
616.185817 -128.272354
616.185827 -128.041016
616.185837 -127.774628
616.185846 -127.521721
616.185856 -127.316673
616.185865 -127.160515
616.185875 -127.070419
616.185885 -127.033592
616.185894 -127.025467
616.185904 -127.044136
616.185913 -127.085793
616.185923 -127.145920
616.185933 -127.219551
616.185942 -127.306908
616.185952 -127.410080
616.185962 -127.533165
616.185971 -127.679672
616.185981 -127.850082
616.185990 -128.042770
616.186000 -128.254883
616.186010 -128.483002
616.186019 -128.722412
616.186029 -128.963455
616.186038 -129.186188
616.186048 -129.344986
616.186058 -129.263351
616.186067 -128.878372
616.186077 -128.240112
616.186087 -127.402679
616.186096 -126.455315
616.186106 -125.487457
616.186115 -124.568100
616.186125 -123.743156
616.186135 -123.040276
616.186144 -122.475578
616.186154 -122.058289
616.186163 -121.794388
616.186173 -121.688515
616.186183 -121.686501
616.186192 -121.740410
616.186202 -121.959358
616.186212 -122.354088
616.186221 -122.933044
616.186231 -123.704163
616.186240 -124.670425
616.186250 -125.817703
616.186260 -127.087990
616.186269 -128.331863
616.186279 -129.275620
616.186288 -129.388290
616.186298 -128.809647
616.186308 -128.205765
616.186317 -127.765892
616.186327 -127.582115
616.186337 -127.579987
616.186346 -127.702438
616.186356 -128.162659
616.186365 -128.990753
616.186375 -130.264862
616.186385 -132.090424
616.186394 -134.582901
616.186404 -137.531448
616.186413 -136.570328
616.186423 -133.659760
616.186433 -131.349792
616.186442 -129.639099
616.186452 -128.395523
616.186462 -127.518013
616.186471 -126.938484
616.186481 -126.609695
616.186490 -126.495918
616.186500 -126.484329
616.186510 -126.564743
616.186519 -126.786522
616.186529 -127.116425
616.186538 -127.504387
616.186548 -127.890045
616.186558 -128.213867
616.186567 -128.430328
616.186577 -128.539993
616.186587 -128.570587
616.186596 -128.586090
616.186606 -128.622131
616.186615 -128.713623
616.186625 -128.877533
616.186635 -129.138580
616.186644 -129.502838
616.186654 -129.966019
616.186663 -130.522034
616.186673 -131.167160
616.186683 -131.906342
616.186692 -132.759430
616.186702 -133.768784
616.186712 -135.007294
616.186721 -136.594894
616.186731 -138.735947
616.186740 -141.834656
616.186750 -146.901489
616.186760 -148.487015
616.186769 -142.970688
616.186779 -139.858322
616.186788 -137.935516
616.186798 -136.768982
616.186808 -136.164551
616.186817 -136.007599
616.186827 -136.018311
616.186837 -136.248291
616.186846 -136.739807
616.186856 -137.272263
616.186865 -137.051437
616.186875 -136.039291
616.186885 -134.802185
616.186894 -133.646164
616.186904 -132.724457
616.186913 -132.094635
616.186923 -131.773773
616.186933 -131.713654
616.186942 -131.763565
616.186952 -132.058441
616.186962 -132.641434
616.186971 -133.475113
616.186981 -134.485336
616.186990 -135.558441
616.187000 -136.589417
616.187010 -137.600128
616.187019 -138.843307
616.187029 -140.856171
616.187038 -144.540878
616.187048 -142.831223
616.187058 -136.896927
616.187067 -132.886673
616.187077 -129.960556
616.187087 -127.746284
616.187096 -126.040764
616.187106 -124.726776
616.187115 -123.728394
616.187125 -122.991760
616.187135 -122.476311
616.187144 -122.149773
616.187154 -121.986115
616.187163 -121.953033
616.187173 -121.963882
616.187183 -122.065544
616.187192 -122.276466
616.187202 -122.581688
616.187212 -122.970078
616.187221 -123.441826
616.187231 -123.995682
616.187240 -124.635735
616.187250 -125.372398
616.187260 -126.223320
616.187269 -127.211342
616.187279 -128.358292
616.187288 -129.665115
616.187298 -131.061554
616.187308 -132.301361
616.187317 -132.515182
616.187327 -131.383408
616.187337 -130.026794
616.187346 -128.762070
616.187356 -127.701843
616.187365 -126.866600
616.187375 -126.244926
616.187385 -125.816673
616.187394 -125.557266
616.187404 -125.448067
616.187413 -125.443100
616.187423 -125.470688
616.187433 -125.603470
616.187442 -125.823959
616.187452 -126.107841
616.187462 -126.429047
616.187471 -126.759621
616.187481 -127.066986
616.187490 -127.324890
616.187500 -127.509605
616.187510 -127.590630
616.187519 -127.474846
616.187529 -127.265144
616.187538 -126.983597
616.187548 -126.661118
616.187558 -126.333580
616.187567 -126.037460
616.187577 -125.806206
616.187587 -125.667816
616.187596 -125.621727
616.187606 -125.637726
616.187615 -125.746712
616.187625 -125.979057
616.187635 -126.328468
616.187644 -126.761414
616.187654 -127.217590
616.187663 -127.610283
616.187673 -127.834663
616.187683 -127.723160
616.187692 -127.460625
616.187702 -127.195396
616.187712 -127.016068
616.187721 -126.960526
616.187731 -126.984093
616.187740 -127.152016
616.187750 -127.544731
616.187760 -128.196899
616.187769 -129.147705
616.187779 -130.453781
616.187788 -132.204651
616.187798 -134.541489
616.187808 -137.638596
616.187817 -141.147430
616.187827 -138.779846
616.187837 -135.890762
616.187846 -133.785049
616.187856 -132.308655
616.187865 -131.315994
616.187875 -130.712128
616.187885 -130.459106
616.187894 -130.450134
616.187904 -130.538681
616.187913 -130.954163
616.187923 -131.732880
616.187933 -132.934219
616.187942 -134.672073
616.187952 -137.150986
616.187962 -140.846390
616.187971 -146.732895
616.187981 -142.940018
616.187990 -138.989563
616.188000 -136.440979
616.188010 -134.669388
616.188019 -133.374695
616.188029 -132.380142
616.188038 -131.574417
616.188048 -130.884430
616.188058 -130.265030
616.188067 -129.695618
616.188077 -129.174652
616.188087 -128.714645
616.188096 -128.334793
616.188106 -128.056122
616.188115 -127.896385
616.188125 -127.851486
616.188135 -127.868355
616.188144 -127.976738
616.188154 -128.215973
616.188163 -128.566254
616.188173 -128.989792
616.188183 -129.426819
616.188192 -129.800049
616.188202 -130.031235
616.188212 -129.922516
616.188221 -129.630341
616.188231 -129.259659
616.188240 -128.868332
616.188250 -128.496735
616.188260 -128.154510
616.188269 -127.865738
616.188279 -127.633987
616.188288 -127.454689
616.188298 -127.319328
616.188308 -127.218109
616.188317 -127.141243
616.188327 -127.081276
616.188337 -127.032967
616.188346 -126.992912
616.188356 -126.956650
616.188365 -126.916664
616.188375 -126.854813
616.188385 -126.762077
616.188394 -126.635498
616.188404 -126.475266
616.188413 -126.293152
616.188423 -126.110603
616.188433 -125.954407
616.188442 -125.841812
616.188452 -125.803284
616.188462 -125.800835
616.188471 -125.857582
616.188481 -126.014664
616.188490 -126.280106
616.188500 -126.654213
616.188510 -127.133339
616.188519 -127.709808
616.188529 -128.373230
616.188538 -129.111725
616.188548 -129.916031
616.188558 -130.784561
616.188567 -131.730972
616.188577 -132.791489
616.188587 -134.032578
616.188596 -135.556808
616.188606 -137.496506
616.188615 -139.899612
616.188625 -141.090561
616.188635 -137.951828
616.188644 -134.907120
616.188654 -132.444519
616.188663 -130.503632
616.188673 -128.988968
616.188683 -127.825302
616.188692 -126.972626
616.188702 -126.406700
616.188712 -126.109261
616.188721 -126.047180
616.188731 -126.068718
616.188740 -126.276260
616.188750 -126.718002
616.188760 -127.362602
616.188769 -128.132996
616.188779 -128.863220
616.188788 -129.129913
616.188798 -128.406998
616.188808 -127.358871
616.188817 -126.250069
616.188827 -125.237534
616.188837 -124.388664
616.188846 -123.723854
616.188856 -123.243797
616.188865 -122.941956
616.188875 -122.810066
616.188885 -122.804131
616.188894 -122.840019
616.188904 -123.024117
616.188913 -123.354996
616.188923 -123.825592
616.188933 -124.428200
616.188942 -125.154427
616.188952 -125.994431
616.188962 -126.937386
616.188971 -127.970947
616.188981 -129.081955
616.188990 -130.254166
616.189000 -131.464462
616.189010 -132.671066
616.189019 -133.797577
616.189029 -134.719650
616.189038 -135.290817
616.189048 -135.177429
616.189058 -134.700653
616.189067 -134.156555
616.189077 -133.655197
616.189087 -133.253693
616.189096 -132.970566
616.189106 -132.796738
616.189115 -132.700775
616.189125 -132.630280
616.189135 -132.520081
616.189144 -132.309418
616.189154 -131.970200
616.189163 -131.524323
616.189173 -131.036774
616.189183 -130.590088
616.189192 -130.262207
616.189202 -130.116959
616.189212 -130.114792
616.189221 -130.207474
616.189231 -130.574326
616.189240 -131.266937
616.189250 -132.359085
616.189260 -133.947479
616.189269 -136.181992
616.189279 -139.243286
616.189288 -142.709641
616.189298 -139.822479
616.189308 -136.912354
616.189317 -134.788620
616.189327 -133.260117
616.189337 -132.160019
616.189346 -131.380325
616.189356 -130.850586
616.189365 -130.522934
616.189375 -130.361908
616.189385 -130.313110
616.189394 -130.329895
616.189404 -130.416290
616.189413 -130.568649
616.189423 -130.739639
616.189433 -130.873459
616.189442 -130.850082
616.189452 -130.625885
616.189462 -130.285324
616.189471 -129.875595
616.189481 -129.445679
616.189490 -129.032730
616.189500 -128.656204
616.189510 -128.319595
616.189519 -128.013397
616.189529 -127.721634
616.189538 -127.427231
616.189548 -127.119629
616.189558 -126.798828
616.189567 -126.477600
616.189577 -126.178665
616.189587 -125.930511
616.189596 -125.762192
616.189606 -125.699974
616.189615 -125.696213
616.189625 -125.765404
616.189635 -125.973450
616.189644 -126.332581
616.189654 -126.843651
616.189663 -127.498055
616.189673 -128.276077
616.189683 -129.143570
616.189692 -130.051392
616.189702 -130.936447
616.189712 -131.728226
616.189721 -132.348770
616.189731 -132.763031
616.189740 -132.951416
616.189750 -132.796371
616.189760 -132.560211
616.189769 -132.313370
616.189779 -132.113846
616.189788 -132.000580
616.189798 -131.965439
616.189808 -131.991562
616.189817 -132.085815
616.189827 -132.267227
616.189837 -132.511230
616.189846 -132.793732
616.189856 -133.102249
616.189865 -133.445068
616.189875 -133.852921
616.189885 -134.375824
616.189894 -135.076996
616.189904 -136.032364
616.189913 -137.337662
616.189923 -139.133148
616.189933 -141.662460
616.189942 -145.440552
616.189952 -151.522903
616.189962 -146.720779
616.189971 -142.725311
616.189981 -140.101807
616.189990 -138.229324
616.190000 -136.827759
616.190010 -135.756180
616.190019 -134.942398
616.190029 -134.352783
616.190038 -133.978348
616.190048 -133.826996
616.190058 -133.824997
616.190067 -133.919739
616.190077 -134.289825
616.190087 -134.987778
616.190096 -136.092651
616.190106 -137.740143
616.190115 -140.169601
616.190125 -143.920212
616.190135 -149.481796
616.190144 -143.338058
616.190154 -139.365524
616.190163 -136.589783
616.190173 -134.482468
616.190183 -132.789032
616.190192 -131.371796
616.190202 -130.157547
616.190212 -129.110855
616.190221 -128.217926
616.190231 -127.478050
616.190240 -126.896965
616.190250 -126.483803
616.190260 -126.248825
616.190269 -126.195389
616.190279 -126.203468
616.190288 -126.359932
616.190298 -126.728584
616.190308 -127.327034
616.190317 -128.177063
616.190327 -129.303284
616.190337 -130.732605
616.190346 -132.482513
616.190356 -134.507629
616.190365 -136.528259
616.190375 -137.432251
616.190385 -136.051437
616.190394 -134.478439
616.190404 -133.074814
616.190413 -131.902084
616.190423 -130.949722
616.190433 -130.213913
616.190442 -129.682053
616.190452 -129.351288
616.190462 -129.225754
616.190471 -129.224808
616.190481 -129.315033
616.190490 -129.631958
616.190500 -130.194580
616.190510 -131.028030
616.190519 -132.158417
616.190529 -133.634277
616.190538 -135.511887
616.190548 -137.787674
616.190558 -140.067749
616.190567 -139.320709
616.190577 -136.960297
616.190587 -134.826538
616.190596 -133.088913
616.190606 -131.708160
616.190615 -130.626678
616.190625 -129.798050
616.190635 -129.187653
616.190644 -128.768082
616.190654 -128.515900
616.190663 -128.409622
616.190673 -128.396439
616.190683 -128.428970
616.190692 -128.554550
616.190702 -128.769592
616.190712 -129.061935
616.190721 -129.426422
616.190731 -129.866379
616.190740 -130.394150
616.190750 -131.029724
616.190760 -131.798096
616.190769 -132.724503
616.190779 -133.824219
616.190788 -135.076874
616.190798 -136.359940
616.190808 -137.330200
616.190817 -136.488708
616.190827 -134.876633
616.190837 -133.104034
616.190846 -131.417374
616.190856 -129.896942
616.190865 -128.554459
616.190875 -127.389931
616.190885 -126.403313
616.190894 -125.589149
616.190904 -124.945190
616.190913 -124.471725
616.190923 -124.171867
616.190933 -124.051445
616.190942 -124.049744
616.190952 -124.119881
616.190962 -124.389679
616.190971 -124.878738
616.190981 -125.611450
616.190990 -126.621811
616.191000 -127.955833
616.191010 -129.672974
616.191019 -131.825363
616.191029 -134.326447
616.191038 -136.412720
616.191048 -134.597321
616.191058 -132.565491
616.191067 -130.895111
616.191077 -129.616058
616.191087 -128.661789
616.191096 -127.963417
616.191106 -127.461288
616.191115 -127.127396
616.191125 -126.928574
616.191135 -126.836990
616.191144 -126.805008
616.191154 -126.819756
616.191163 -126.871948
616.191173 -126.962029
616.191183 -127.074333
616.191192 -127.199669
616.191202 -127.337662
616.191212 -127.496452
616.191221 -127.688644
616.191231 -127.937027
616.191240 -128.264206
616.191250 -128.692474
616.191260 -129.243225
616.191269 -129.937225
616.191279 -130.796234
616.191288 -131.845016
616.191298 -133.115555
616.191308 -134.652786
616.191317 -136.528442
616.191327 -138.872269
616.191337 -141.953598
616.191346 -146.405197
616.191356 -149.393585
616.191365 -143.489166
616.191375 -139.521835
616.191385 -136.577560
616.191394 -134.247147
616.191404 -132.350998
616.191413 -130.798370
616.191423 -129.537567
616.191433 -128.534775
616.191442 -127.766144
616.191452 -127.212708
616.191462 -126.859421
616.191471 -126.693176
616.191481 -126.674736
616.191490 -126.702911
616.191500 -126.877518
616.191510 -127.203041
616.191519 -127.672768
616.191529 -128.273926
616.191538 -128.989243
616.191548 -129.790497
616.191558 -130.629288
616.191567 -131.424240
616.191577 -132.055603
616.191587 -132.338028
616.191596 -131.932312
616.191606 -131.288849
616.191615 -130.544006
616.191625 -129.801102
616.191635 -129.122543
616.191644 -128.540207
616.191654 -128.058136
616.191663 -127.686996
616.191673 -127.427994
616.191683 -127.276337
616.191692 -127.220596
616.191702 -127.219109
616.191712 -127.270737
616.191721 -127.409462
616.191731 -127.629532
616.191740 -127.923706
616.191750 -128.277649
616.191760 -128.670197
616.191769 -129.070908
616.191779 -129.441391
616.191788 -129.739136
616.191798 -129.921310
616.191808 -129.898972
616.191817 -129.700912
616.191827 -129.418472
616.191837 -129.088989
616.191846 -128.748535
616.191856 -128.427200
616.191865 -128.147018
616.191875 -127.919655
616.191885 -127.746101
616.191894 -127.616112
616.191904 -127.510437
616.191913 -127.405022
616.191923 -127.278778
616.191933 -127.121017
616.191942 -126.937073
616.191952 -126.747124
616.191962 -126.580482
616.191971 -126.467651
616.191981 -126.417038
616.191990 -126.426727
616.192000 -126.499329
616.192010 -126.669838
616.192019 -126.944115
616.192029 -127.309418
616.192038 -127.741707
616.192048 -128.199448
616.192058 -128.647110
616.192067 -129.041626
616.192077 -129.344666
616.192087 -129.531326
616.192096 -129.517685
616.192106 -129.353348
616.192115 -129.112274
616.192125 -128.819290
616.192135 -128.502090
616.192144 -128.191498
616.192154 -127.919594
616.192163 -127.718544
616.192173 -127.618660
616.192183 -127.596756
616.192192 -127.647034
616.192202 -127.835159
616.192212 -128.204987
616.192221 -128.786987
616.192231 -129.615311
616.192240 -130.733749
616.192250 -132.188156
616.192260 -134.066101
616.192269 -136.487335
616.192279 -139.537033
616.192288 -142.702072
616.192298 -141.134003
616.192308 -138.717621
616.192317 -136.859756
616.192327 -135.473373
616.192337 -134.407211
616.192346 -133.539795
616.192356 -132.784241
616.192365 -132.084671
616.192375 -131.414764
616.192385 -130.770981
616.192394 -130.164993
616.192404 -129.613785
616.192413 -129.134094
616.192423 -128.739120
616.192433 -128.438019
616.192442 -128.236923
616.192452 -128.140045
616.192462 -128.129349
616.192471 -128.150391
616.192481 -128.270569
616.192490 -128.491394
616.192500 -128.820282
616.192510 -129.254715
616.192519 -129.783569
616.192529 -130.384048
616.192538 -131.016296
616.192548 -131.620270
616.192558 -132.121613
616.192567 -132.446182
616.192577 -132.545242
616.192587 -132.434906
616.192596 -132.301132
616.192606 -132.222076
616.192615 -132.209015
616.192625 -132.258331
616.192635 -132.423798
616.192644 -132.727295
616.192654 -133.147018
616.192663 -133.639359
616.192673 -134.141861
616.192683 -134.540146
616.192692 -134.504852
616.192702 -133.950562
616.192712 -133.119843
616.192721 -132.139847
616.192731 -131.121750
616.192740 -130.143372
616.192750 -129.253067
616.192760 -128.480438
616.192769 -127.843010
616.192779 -127.351433
616.192788 -127.011749
616.192798 -126.827194
616.192808 -126.788490
616.192817 -126.799774
616.192827 -126.931564
616.192837 -127.225914
616.192846 -127.690727
616.192856 -128.341141
616.192865 -129.203949
616.192875 -130.323166
616.192885 -131.755600
616.192894 -133.602295
616.192904 -136.001770
616.192913 -138.987885
616.192923 -140.826675
616.192933 -138.137695
616.192942 -135.787964
616.192952 -134.102081
616.192962 -132.972153
616.192971 -132.269669
616.192981 -131.893799
616.192990 -131.761673
616.193000 -131.745880
616.193010 -131.769943
616.193019 -131.738495
616.193029 -131.508682
616.193038 -131.113586
616.193048 -130.623642
616.193058 -130.133743
616.193067 -129.727066
616.193077 -129.462479
616.193087 -129.369370
616.193096 -129.368576
616.193106 -129.482315
616.193115 -129.822815
616.193125 -130.409073
616.193135 -131.262482
616.193144 -132.412567
616.193154 -133.902802
616.193163 -135.799942
616.193173 -138.205048
616.193183 -141.243927
616.193192 -144.795868
616.193202 -145.254639
616.193212 -142.551620
616.193221 -140.343338
616.193231 -138.634674
616.193240 -137.273407
616.193250 -136.145493
616.193260 -135.181473
616.193269 -134.343506
616.193279 -133.615997
616.193288 -132.997574
616.193298 -132.495956
616.193308 -132.123550
616.193317 -131.895126
616.193327 -131.821869
616.193337 -131.821442
616.193346 -131.930145
616.193356 -132.222595
616.193365 -132.716034
616.193375 -133.420319
616.193385 -134.314621
616.193394 -135.377686
616.193404 -136.502472
616.193413 -137.433167
616.193423 -137.287292
616.193433 -136.181976
616.193442 -134.851089
616.193452 -133.555679
616.193462 -132.404953
616.193471 -131.420181
616.193481 -130.609314
616.193490 -129.966827
616.193500 -129.481506
616.193510 -129.146576
616.193519 -128.959579
616.193529 -128.913269
616.193538 -128.923691
616.193548 -129.046448
616.193558 -129.338760
616.193567 -129.807663
616.193577 -130.463913
616.193587 -131.315430
616.193596 -132.347488
616.193606 -133.506866
616.193615 -134.672501
616.193625 -135.645737
616.193635 -136.221649
616.193644 -136.127609
616.193654 -135.750488
616.193663 -135.267044
616.193673 -134.736237
616.193683 -134.145233
616.193692 -133.488297
616.193702 -132.792267
616.193712 -132.104248
616.193721 -131.471039
616.193731 -130.921951
616.193740 -130.464966
616.193750 -130.086792
616.193760 -129.758469
616.193769 -129.430756
616.193779 -129.074310
616.193788 -128.657806
616.193798 -128.167007
616.193808 -127.609451
616.193817 -127.011269
616.193827 -126.409966
616.193837 -125.845474
616.193846 -125.355003
616.193856 -124.967285
616.193865 -124.709496
616.193875 -124.602135
616.193885 -124.599098
616.193894 -124.660919
616.193904 -124.898811
616.193913 -125.327690
616.193923 -125.960007
616.193933 -126.805054
616.193942 -127.880714
616.193952 -129.204178
616.193962 -130.792847
616.193971 -132.660278
616.193981 -134.803085
616.193990 -137.175827
616.194000 -139.652756
616.194010 -142.032776
616.194019 -144.182312
616.194029 -146.120193
616.194038 -147.374817
616.194048 -144.801788
616.194058 -141.705627
616.194067 -139.069550
616.194077 -137.018188
616.194087 -135.499054
616.194096 -134.453415
616.194106 -133.846863
616.194115 -133.669708
616.194125 -133.672241
616.194135 -133.956451
616.194144 -134.771545
616.194154 -136.279022
616.194163 -138.849213
616.194173 -143.550842
616.194183 -145.337265
616.194192 -138.767670
616.194202 -135.045013
616.194212 -132.534042
616.194221 -130.738434
616.194231 -129.427399
616.194240 -128.475311
616.194250 -127.803589
616.194260 -127.358139
616.194269 -127.097664
616.194279 -126.989685
616.194288 -126.974289
616.194298 -127.007416
616.194308 -127.129463
616.194317 -127.338692
616.194327 -127.622337
616.194337 -127.969337
616.194346 -128.368561
616.194356 -128.805206
616.194365 -129.258255
616.194375 -129.698669
616.194385 -130.091080
616.194394 -130.397125
616.194404 -130.583481
616.194413 -130.598236
616.194423 -130.473022
616.194433 -130.315872
616.194442 -130.178986
616.194452 -130.114563
616.194462 -130.113770
616.194471 -130.164017
616.194481 -130.359421
616.194490 -130.723419
616.194500 -131.269852
616.194510 -132.002502
616.194519 -132.914597
616.194529 -133.987885
616.194538 -135.197006
616.194548 -136.519775
616.194558 -137.957443
616.194567 -139.544357
616.194577 -141.217804
616.194587 -142.780304
616.194596 -141.828873
616.194606 -139.360657
616.194615 -136.920624
616.194625 -134.826416
616.194635 -133.097321
616.194644 -131.688980
616.194654 -130.554291
616.194663 -129.653717
616.194673 -128.956039
616.194683 -128.436081
616.194692 -128.072189
616.194702 -127.842651
616.194712 -127.722588
616.194721 -127.668770
616.194731 -127.651291
616.194740 -127.642265
616.194750 -127.581444
616.194760 -127.413017
616.194769 -127.148071
616.194779 -126.814247
616.194788 -126.461884
616.194798 -126.148514
616.194808 -125.927658
616.194817 -125.844040
616.194827 -125.843117
616.194837 -125.929230
616.194846 -126.209656
616.194856 -126.717789
616.194865 -127.474449
616.194875 -128.495438
616.194885 -129.783615
616.194894 -131.307510
616.194904 -132.953598
616.194913 -134.460403
616.194923 -135.456253
616.194933 -135.637741
616.194942 -135.432465
616.194952 -135.368530
616.194962 -135.387177
616.194971 -135.592026
616.194981 -136.042191
616.194990 -136.759903
616.195000 -137.726318
616.195010 -138.929474
616.195019 -140.369095
616.195029 -142.034393
616.195038 -143.757462
616.195048 -144.060867
616.195058 -141.876404
616.195067 -139.462402
616.195077 -137.338852
616.195087 -135.593216
616.195096 -134.198624
616.195106 -133.109604
616.195115 -132.280716
616.195125 -131.669556
616.195135 -131.234299
616.195144 -130.933228
616.195154 -130.724197
616.195163 -130.567429
616.195173 -130.428986
616.195183 -130.286591
616.195192 -130.132355
616.195202 -129.973419
616.195212 -129.827530
616.195221 -129.718246
616.195231 -129.669037
616.195240 -129.666962
616.195250 -129.699265
616.195260 -129.817291
616.195269 -130.042770
616.195279 -130.379486
616.195288 -130.822540
616.195298 -131.355652
616.195308 -131.944458
616.195317 -132.530792
616.195327 -133.028549
616.195337 -133.336487
616.195346 -133.114471
616.195356 -132.611267
616.195365 -131.946854
616.195375 -131.200378
616.195385 -130.427429
616.195394 -129.654648
616.195404 -128.896469
616.195413 -128.176254
616.195423 -127.502693
616.195433 -126.885635
616.195442 -126.335640
616.195452 -125.863800
616.195462 -125.480370
616.195471 -125.194611
616.195481 -125.014603
616.195490 -124.940247
616.195500 -124.937965
616.195510 -125.003647
616.195519 -125.198807
616.195529 -125.546768
616.195538 -126.077972
616.195548 -126.834625
616.195558 -127.880951
616.195567 -129.317352
616.195577 -131.315079
616.195587 -134.163940
616.195596 -138.547745
616.195606 -141.808884
616.195615 -136.554840
616.195625 -133.394989
616.195635 -131.405426
616.195644 -130.138153
616.195654 -129.385162
616.195663 -129.017242
616.195673 -128.937500
616.195683 -128.942062
616.195692 -129.079147
616.195702 -129.346207
616.195712 -129.653793
616.195721 -129.907730
616.195731 -129.938187
616.195740 -129.641479
616.195750 -129.160828
616.195760 -128.564529
616.195769 -127.930550
616.195779 -127.330086
616.195788 -126.820213
616.195798 -126.441643
616.195808 -126.221031
616.195817 -126.168678
616.195827 -126.173607
616.195837 -126.304611
616.195846 -126.605530
616.195856 -127.065903
616.195865 -127.657280
616.195875 -128.330276
616.195885 -129.005569
616.195894 -129.570908
616.195904 -129.895340
616.195913 -129.588821
616.195923 -129.040268
616.195933 -128.382233
616.195942 -127.721054
616.195952 -127.130531
616.195962 -126.656219
616.195971 -126.324699
616.195981 -126.150650
616.195990 -126.124809
616.196000 -126.142082
616.196010 -126.300858
616.196019 -126.628899
616.196029 -127.125046
616.196038 -127.786316
616.196048 -128.608383
616.196058 -129.584091
616.196067 -130.701294
616.196077 -131.935944
616.196087 -133.240341
616.196096 -134.520081
616.196106 -135.610611
616.196115 -136.291687
616.196125 -135.970215
616.196135 -135.183868
616.196144 -134.240448
616.196154 -133.270813
616.196163 -132.342834
616.196173 -131.488327
616.196183 -130.717239
616.196192 -130.041489
616.196202 -129.469940
616.196212 -129.005981
616.196221 -128.650085
616.196231 -128.392212
616.196240 -128.217560
616.196250 -128.103409
616.196260 -128.006256
616.196269 -127.867294
616.196279 -127.625092
616.196288 -127.240036
616.196298 -126.716835
616.196308 -126.105156
616.196317 -125.478699
616.196327 -124.909859
616.196337 -124.456398
616.196346 -124.158592
616.196356 -124.042900
616.196365 -124.042038
616.196375 -124.125877
616.196385 -124.416779
616.196394 -124.919708
616.196404 -125.634293
616.196413 -126.553955
616.196423 -127.663635
616.196433 -128.934662
616.196442 -130.318314
616.196452 -131.738098
616.196462 -133.086990
616.196471 -134.237381
616.196481 -135.074982
616.196490 -135.540985
616.196500 -135.476654
616.196510 -135.141022
616.196519 -134.726685
616.196529 -134.292023
616.196538 -133.869812
616.196548 -133.476913
616.196558 -133.128799
616.196567 -132.848114
616.196577 -132.670120
616.196587 -132.612274
616.196596 -132.636078
616.196606 -132.808853
616.196615 -133.229141
616.196625 -133.946091
616.196635 -134.987671
616.196644 -136.388702
616.196654 -138.089874
616.196663 -139.825455
616.196673 -141.031021
616.196683 -141.020981
616.196692 -140.816040
616.196702 -140.814850
616.196712 -140.931351
616.196721 -141.375580
616.196731 -141.215958
616.196740 -139.678879
616.196750 -137.769333
616.196760 -136.035004
616.196769 -134.664795
616.196779 -133.680206
616.196788 -133.054977
616.196798 -132.752182
616.196808 -132.697845
616.196817 -132.734695
616.196827 -132.963333
616.196837 -133.393585
616.196846 -133.970108
616.196856 -134.622894
616.196865 -135.266266
616.196875 -135.805603
616.196885 -136.150940
616.196894 -135.943054
616.196904 -135.345276
616.196913 -134.452286
616.196923 -133.345245
616.196933 -132.127594
616.196942 -130.894241
616.196952 -129.715164
616.196962 -128.633667
616.196971 -127.671989
616.196981 -126.838539
616.196990 -126.133041
616.197000 -125.549866
616.197010 -125.080841
616.197019 -124.713974
616.197029 -124.441338
616.197038 -124.256645
616.197048 -124.153633
616.197058 -124.125580
616.197067 -124.128029
616.197077 -124.182571
616.197087 -124.317345
616.197096 -124.539780
616.197106 -124.859612
616.197115 -125.288895
616.197125 -125.841652
616.197135 -126.531815
616.197144 -127.370071
616.197154 -128.355865
616.197163 -129.461731
616.197173 -130.604218
616.197183 -131.612488
616.197192 -132.243240
616.197202 -132.089981
616.197212 -131.628098
616.197221 -131.211929
616.197231 -130.964493
616.197240 -130.886444
616.197250 -130.924728
616.197260 -131.126526
616.197269 -131.502457
616.197279 -131.988388
616.197288 -132.467773
616.197298 -132.787704
616.197308 -132.744171
616.197317 -132.455872
616.197327 -132.154343
616.197337 -131.939178
616.197346 -131.856689
616.197356 -131.861588
616.197365 -131.972214
616.197375 -132.251465
616.197385 -132.694016
616.197394 -133.269577
616.197404 -133.926102
616.197413 -134.584946
616.197423 -135.138367
616.197433 -135.440399
616.197442 -135.019653
616.197452 -134.223038
616.197462 -133.144424
616.197471 -131.905365
616.197481 -130.617798
616.197490 -129.366333
616.197500 -128.206665
616.197510 -127.171684
616.197519 -126.278824
616.197529 -125.535240
616.197538 -124.942436
616.197548 -124.498734
616.197558 -124.201042
616.197567 -124.046028
616.197577 -124.016434
616.197587 -124.031082
616.197596 -124.154518
616.197606 -124.415871
616.197615 -124.816513
616.197625 -125.359749
616.197635 -126.046783
616.197644 -126.885841
616.197654 -127.887123
616.197663 -129.058548
616.197673 -130.400772
616.197683 -131.886520
616.197692 -133.409744
616.197702 -134.692810
616.197712 -134.901993
616.197721 -133.830078
616.197731 -132.520905
616.197740 -131.251099
616.197750 -130.125885
616.197760 -129.170624
616.197769 -128.383102
616.197779 -127.754303
616.197788 -127.276054
616.197798 -126.943253
616.197808 -126.754929
616.197817 -126.703835
616.197827 -126.713089
616.197837 -126.822411
616.197846 -127.087746
616.197856 -127.513870
616.197865 -128.102219
616.197875 -128.849228
616.197885 -129.741806
616.197894 -130.753281
616.197904 -131.836288
616.197913 -132.917862
616.197923 -133.898651
616.197933 -134.667328
616.197942 -135.131699
616.197952 -135.086700
616.197962 -134.707748
616.197971 -134.226944
616.197981 -133.737350
616.197990 -133.305573
616.198000 -132.975174
616.198010 -132.771225
616.198019 -132.701691
616.198029 -132.701324
616.198038 -132.765060
616.198048 -132.952286
616.198058 -133.251846
616.198067 -133.652847
616.198077 -134.149811
616.198087 -134.748001
616.198096 -135.466751
616.198106 -136.355637
616.198115 -137.498215
616.198125 -139.034592
616.198135 -141.202377
616.198144 -144.405472
616.198154 -148.206116
616.198163 -143.376129
616.198173 -139.749710
616.198183 -137.269470
616.198192 -135.594391
616.198202 -134.551468
616.198212 -134.060715
616.198221 -134.015533
616.198231 -134.128494
616.198240 -134.826981
616.198250 -136.337463
616.198260 -139.078033
616.198269 -143.830536
616.198279 -139.080078
616.198288 -134.535645
616.198298 -131.437851
616.198308 -129.200180
616.198317 -127.546158
616.198327 -126.334015
616.198337 -125.485718
616.198346 -124.956963
616.198356 -124.724220
616.198365 -124.709160
616.198375 -124.777809
616.198385 -125.118423
616.198394 -125.755692
616.198404 -126.708740
616.198413 -128.006104
616.198423 -129.685898
616.198433 -131.791245
616.198442 -134.348236
616.198452 -137.275986
616.198462 -140.133698
616.198471 -141.954391
616.198481 -141.610718
616.198490 -140.248413
616.198500 -138.282578
616.198510 -136.024231
616.198519 -133.858170
616.198529 -131.989578
616.198538 -130.479889
616.198548 -129.328476
616.198558 -128.516830
616.198567 -128.025482
616.198577 -127.839867
616.198587 -127.837883
616.198596 -127.952263
616.198606 -128.360916
616.198615 -129.069489
616.198625 -130.083313
616.198635 -131.394867
616.198644 -132.944672
616.198654 -134.523148
616.198663 -135.658371
616.198673 -135.214554
616.198683 -134.308640
616.198692 -133.540054
616.198702 -133.077423
616.198712 -132.961365
616.198721 -132.981812
616.198731 -133.291199
616.198740 -134.058731
616.198750 -135.387100
616.198760 -137.485199
616.198769 -140.827759
616.198779 -146.618973
616.198788 -143.061981
616.198798 -138.612778
616.198808 -135.828552
616.198817 -133.945465
616.198827 -132.629211
616.198837 -131.723358
616.198846 -131.131348
616.198856 -130.789169
616.198865 -130.651886
616.198875 -130.636673
616.198885 -130.686371
616.198894 -130.865768
616.198904 -131.167206
616.198913 -131.568481
616.198923 -132.047058
616.198933 -132.576782
616.198942 -133.126770
616.198952 -133.657349
616.198962 -134.095718
616.198971 -134.382980
616.198981 -134.198135
616.198990 -133.644638
616.199000 -132.844604
616.199010 -131.911118
616.199019 -130.956833
616.199029 -130.064560
616.199038 -129.283371
616.199048 -128.635208
616.199058 -128.123230
616.199067 -127.737289
616.199077 -127.458809
616.199087 -127.263512
616.199096 -127.125427
616.199106 -127.020241
616.199115 -126.929733
616.199125 -126.843582
616.199135 -126.760376
616.199144 -126.684891
616.199154 -126.615555
616.199163 -126.566177
616.199173 -126.540932
616.199183 -126.539520
616.199192 -126.563690
616.199202 -126.625336
616.199212 -126.728127
616.199221 -126.870346
616.199231 -127.048401
616.199240 -127.257431
616.199250 -127.492661
616.199260 -127.751976
616.199269 -128.040970
616.199279 -128.373032
616.199288 -128.771042
616.199298 -129.265518
616.199308 -129.892502
616.199317 -130.691422
616.199327 -131.705093
616.199337 -132.981430
616.199346 -134.577271
616.199356 -136.553436
616.199365 -138.924881
616.199375 -141.373764
616.199385 -141.358124
616.199394 -139.204315
616.199404 -137.257538
616.199413 -135.752319
616.199423 -134.672806
616.199433 -133.969086
616.199442 -133.618759
616.199452 -133.568253
616.199462 -133.606506
616.199471 -133.928543
616.199481 -134.595764
616.199490 -135.637283
616.199500 -137.111115
616.199510 -139.121948
616.199519 -141.850876
616.199529 -145.476166
616.199538 -146.568497
616.199548 -142.737686
616.199558 -139.661163
616.199567 -137.241440
616.199577 -135.268021
616.199587 -133.636398
616.199596 -132.283524
616.199606 -131.183319
616.199615 -130.328293
616.199625 -129.721100
616.199635 -129.369705
616.199644 -129.279419
616.199654 -129.287750
616.199663 -129.494247
616.199673 -130.016220
616.199683 -130.887207
616.199692 -132.156189
616.199702 -133.901367
616.199712 -136.187820
616.199721 -138.881195
616.199731 -140.297836
616.199740 -138.266418
616.199750 -136.391327
616.199760 -134.997665
616.199769 -133.984665
616.199779 -133.263870
616.199788 -132.719543
616.199798 -132.253983
616.199808 -131.801132
616.199817 -131.335846
616.199827 -130.870209
616.199837 -130.440155
616.199846 -130.087753
616.199856 -129.850281
616.199865 -129.755875
616.199875 -129.753479
616.199885 -129.824432
616.199894 -130.065720
616.199904 -130.490967
616.199913 -131.108612
616.199923 -131.922089
616.199933 -132.933838
616.199942 -134.144745
616.199952 -135.555634
616.199962 -137.166138
616.199971 -138.971222
616.199981 -140.937149
616.199990 -142.925095
616.200000 -144.524429
616.200010 -144.401520
616.200019 -143.089874
616.200029 -141.652802
616.200038 -140.250702
616.200048 -138.864807
616.200058 -137.449402
616.200067 -136.001846
616.200077 -134.570679
616.200087 -133.226135
616.200096 -132.029022
616.200106 -131.019089
616.200115 -130.213760
616.200125 -129.613541
616.200135 -129.196503
616.200144 -128.936752
616.200154 -128.810547
616.200163 -128.764984
616.200173 -128.762344
616.200183 -128.789154
616.200192 -128.831085
616.200202 -128.881699
616.200212 -128.950363
616.200221 -129.064102
616.200231 -129.254379
616.200240 -129.556580
616.200250 -130.002747
616.200260 -130.611542
616.200269 -131.386490
616.200279 -132.309143
616.200288 -133.328690
616.200298 -134.352295
616.200308 -135.250916
616.200317 -135.905151
616.200327 -136.266190
616.200337 -136.418442
616.200346 -136.485703
616.200356 -136.568665
616.200365 -136.711685
616.200375 -136.913010
616.200385 -137.078659
616.200394 -136.892258
616.200404 -136.280991
616.200413 -135.312531
616.200423 -134.126373
616.200433 -132.881760
616.200442 -131.695480
616.200452 -130.633179
616.200462 -129.725616
616.200471 -128.982834
616.200481 -128.404190
616.200490 -127.982956
616.200500 -127.708992
616.200510 -127.569420
616.200519 -127.538681
616.200529 -127.549133
616.200538 -127.630341
616.200548 -127.792450
616.200558 -128.012787
616.200567 -128.267471
616.200577 -128.532990
616.200587 -128.788651
616.200596 -129.017975
616.200606 -129.209869
616.200615 -129.358002
616.200625 -129.459534
616.200635 -129.513687
616.200644 -129.485336
616.200654 -129.410233
616.200663 -129.303909
616.200673 -129.176590
616.200683 -129.040726
616.200692 -128.911133
616.200702 -128.804825
616.200712 -128.741959
616.200721 -128.731918
616.200731 -128.746460
616.200740 -128.846573
616.200750 -129.074951
616.200760 -129.458237
616.200769 -130.044418
616.200779 -130.876556
616.200788 -131.989960
616.200798 -133.380539
616.200808 -134.902634
616.200817 -136.068146
616.200827 -135.198303
616.200837 -133.885498
616.200846 -132.773300
616.200856 -132.058411
616.200865 -131.798767
616.200875 -131.791656
616.200885 -132.026093
616.200894 -132.787796
616.200904 -134.168442
616.200913 -136.358765
616.200923 -139.765488
616.200933 -145.135574
616.200942 -143.216858
616.200952 -139.647873
616.200962 -137.662384
616.200971 -136.670319
616.200981 -136.394394
616.200990 -136.395325
616.201000 -136.702072
616.201010 -137.503311
616.201019 -138.748047
616.201029 -140.321320
616.201038 -141.895142
616.201048 -142.325562
616.201058 -140.980011
616.201067 -139.420578
616.201077 -137.948013
616.201087 -136.648346
616.201096 -135.512756
616.201106 -134.491470
616.201115 -133.540680
616.201125 -132.631332
616.201135 -131.754547
616.201144 -130.919693
616.201154 -130.147247
616.201163 -129.460617
616.201173 -128.879272
616.201183 -128.415939
616.201192 -128.065201
616.201202 -127.831375
616.201212 -127.710808
616.201221 -127.673035
616.201231 -127.683876
616.201240 -127.749222
616.201250 -127.876022
616.201260 -128.042160
616.201269 -128.224304
616.201279 -128.399307
616.201288 -128.544937
616.201298 -128.642227
616.201308 -128.656433
616.201317 -128.553329
616.201327 -128.383423
616.201337 -128.154907
616.201346 -127.878937
616.201356 -127.561058
616.201365 -127.228523
616.201375 -126.909607
616.201385 -126.635208
616.201394 -126.440498
616.201404 -126.363449
616.201413 -126.363335
616.201423 -126.443382
616.201433 -126.720512
616.201442 -127.237694
616.201452 -128.044235
616.201462 -129.201355
616.201471 -130.792725
616.201481 -132.940552
616.201490 -135.823410
616.201500 -139.584366
616.201510 -142.576569
616.201519 -139.981003
616.201529 -138.033875
616.201538 -136.711304
616.201548 -135.793152
616.201558 -134.993652
616.201567 -134.144211
616.201577 -133.229507
616.201587 -132.344803
616.201596 -131.609329
616.201606 -131.114151
616.201615 -130.916763
616.201625 -130.914185
616.201635 -131.028229
616.201644 -131.478302
616.201654 -132.264282
616.201663 -133.325974
616.201673 -134.481033
616.201683 -135.345184
616.201692 -134.924866
616.201702 -134.054443
616.201712 -133.241150
616.201721 -132.630783
616.201731 -132.225449
616.201740 -131.945007
616.201750 -131.657242
616.201760 -131.219025
616.201769 -130.543808
616.201779 -129.650772
616.201788 -128.639069
616.201798 -127.620628
616.201808 -126.678581
616.201817 -125.861420
616.201827 -125.193581
616.201837 -124.685455
616.201846 -124.341316
616.201856 -124.162773
616.201865 -124.134163
616.201875 -124.151329
616.201885 -124.308723
616.201894 -124.637383
616.201904 -125.140755
616.201913 -125.823540
616.201923 -126.691238
616.201933 -127.749527
616.201942 -128.998703
616.201952 -130.442276
616.201962 -132.061325
616.201971 -133.776932
616.201981 -135.359619
616.201990 -136.326080
616.202000 -135.433243
616.202010 -134.185608
616.202019 -132.951126
616.202029 -131.885788
616.202038 -131.041382
616.202048 -130.433762
616.202058 -130.069550
616.202067 -129.955902
616.202077 -129.956451
616.202087 -130.107132
616.202096 -130.540817
616.202106 -131.286789
616.202115 -132.388687
616.202125 -133.907166
616.202135 -135.913742
616.202144 -138.404572
616.202154 -140.829254
616.202163 -139.422653
616.202173 -137.119247
616.202183 -135.200775
616.202192 -133.710434
616.202202 -132.565994
616.202212 -131.691956
616.202221 -131.031937
616.202231 -130.544067
616.202240 -130.193741
616.202250 -129.937393
616.202260 -129.760345
616.202269 -129.635971
616.202279 -129.542755
616.202288 -129.466965
616.202298 -129.403900
616.202308 -129.356918
616.202317 -129.333817
616.202327 -129.332031
616.202337 -129.342880
616.202346 -129.389725
616.202356 -129.472534
616.202365 -129.591888
616.202375 -129.746643
616.202385 -129.930023
616.202394 -130.133728
616.202404 -130.346573
616.202413 -130.554596
616.202423 -130.739777
616.202433 -130.881714
616.202442 -130.954285
616.202452 -130.857849
616.202462 -130.668869
616.202471 -130.392838
616.202481 -130.058105
616.202490 -129.691574
616.202500 -129.321686
616.202510 -128.976364
616.202519 -128.681580
616.202529 -128.459564
616.202538 -128.327881
616.202548 -128.284470
616.202558 -128.297760
616.202567 -128.372452
616.202577 -128.545013
616.202587 -128.796860
616.202596 -129.098343
616.202606 -129.412277
616.202615 -129.704163
616.202625 -129.954422
616.202635 -130.169174
616.202644 -130.378250
616.202654 -130.625244
616.202663 -130.951904
616.202673 -131.370193
616.202683 -131.891312
616.202692 -132.505066
616.202702 -133.158264
616.202712 -133.772491
616.202721 -134.271439
616.202731 -134.622299
616.202740 -134.876083
616.202750 -135.143356
616.202760 -135.547455
616.202769 -136.227417
616.202779 -137.332550
616.202788 -139.063385
616.202798 -141.731781
616.202808 -145.997635
616.202817 -145.517838
616.202827 -140.885696
616.202837 -137.861084
616.202846 -135.834473
616.202856 -134.492371
616.202865 -133.682556
616.202875 -133.342712
616.202885 -133.327682
616.202894 -133.461548
616.202904 -134.075516
616.202913 -135.278854
616.202923 -137.297485
616.202933 -140.629608
616.202942 -145.588837
616.202952 -139.492813
616.202962 -135.409042
616.202971 -132.598846
616.202981 -130.551346
616.202990 -129.020966
616.203000 -127.886780
616.203010 -127.075027
616.203019 -126.539040
616.203029 -126.254982
616.203038 -126.194580
616.203048 -126.207512
616.203058 -126.387527
616.203067 -126.788795
616.203077 -127.404808
616.203087 -128.222763
616.203096 -129.212204
616.203106 -130.306198
616.203115 -131.376633
616.203125 -132.232468
616.203135 -132.695923
616.203144 -132.513916
616.203154 -132.221634
616.203163 -132.018494
616.203173 -131.963470
616.203183 -131.997086
616.203192 -132.212219
616.203202 -132.704376
616.203212 -133.520676
616.203221 -134.732666
616.203231 -136.468628
616.203240 -138.974579
616.203250 -142.832855
616.203260 -149.966446
616.203269 -144.270798
616.203279 -139.918289
616.203288 -137.203979
616.203298 -135.343567
616.203308 -134.024765
616.203317 -133.093262
616.203327 -132.463699
616.203337 -132.086670
616.203346 -131.935684
616.203356 -131.919037
616.203365 -132.001205
616.203375 -132.287628
616.203385 -132.812271
616.203394 -133.602921
616.203404 -134.685318
616.203413 -136.039536
616.203423 -137.450195
616.203433 -137.543671
616.203442 -135.732285
616.203452 -133.702362
616.203462 -131.892410
616.203471 -130.398422
616.203481 -129.208817
616.203490 -128.289307
616.203500 -127.603523
616.203510 -127.116936
616.203519 -126.795517
616.203529 -126.604866
616.203538 -126.507988
616.203548 -126.453430
616.203558 -126.446373
616.203567 -126.468506
616.203577 -126.510109
616.203587 -126.578979
616.203596 -126.698242
616.203606 -126.892677
616.203615 -127.190407
616.203625 -127.626892
616.203635 -128.228653
616.203644 -129.015305
616.203654 -129.987686
616.203663 -131.119781
616.203673 -132.376022
616.203683 -133.640182
616.203692 -134.722153
616.203702 -135.427872
616.203712 -135.711456
616.203721 -135.680847
616.203731 -135.689911
616.203740 -135.769928
616.203750 -136.051620
616.203760 -136.563644
616.203769 -137.298904
616.203779 -138.229477
616.203788 -139.325974
616.203798 -140.586990
616.203808 -142.059311
616.203817 -143.711533
616.203827 -145.270172
616.203837 -143.006577
616.203846 -140.010757
616.203856 -137.372772
616.203865 -135.262726
616.203875 -133.640137
616.203885 -132.445923
616.203894 -131.633942
616.203904 -131.173676
616.203913 -131.045578
616.203923 -131.047958
616.203933 -131.247498
616.203942 -131.754181
616.203952 -132.562363
616.203962 -133.595352
616.203971 -134.600571
616.203981 -134.380722
616.203990 -132.883621
616.204000 -131.146027
616.204010 -129.531235
616.204019 -128.156479
616.204029 -127.036209
616.204038 -126.148987
616.204048 -125.466362
616.204058 -124.969055
616.204067 -124.629677
616.204077 -124.421165
616.204087 -124.317177
616.204096 -124.280525
616.204106 -124.286728
616.204115 -124.326309
616.204125 -124.412613
616.204135 -124.539177
616.204144 -124.714073
616.204154 -124.947639
616.204163 -125.240486
616.204173 -125.590820
616.204183 -125.993256
616.204192 -126.410248
616.204202 -126.780022
616.204212 -127.029472
616.204221 -126.997536
616.204231 -126.759880
616.204240 -126.468521
616.204250 -126.197548
616.204260 -126.000595
616.204269 -125.907936
616.204279 -125.903641
616.204288 -125.931175
616.204298 -126.060417
616.204308 -126.278625
616.204317 -126.569916
616.204327 -126.903145
616.204337 -127.244278
616.204346 -127.563896
616.204356 -127.845367
616.204365 -128.091629
616.204375 -128.324997
616.204385 -128.581650
616.204394 -128.902313
616.204404 -129.325027
616.204413 -129.879883
616.204423 -130.585358
616.204433 -131.443405
616.204442 -132.431763
616.204452 -133.490341
616.204462 -134.510712
616.204471 -135.348602
616.204481 -135.877518
616.204490 -136.048691
616.204500 -135.879837
616.204510 -135.521042
616.204519 -134.928680
616.204529 -134.033401
616.204538 -132.856720
616.204548 -131.517227
616.204558 -130.160095
616.204567 -128.896790
616.204577 -127.792648
616.204587 -126.878204
616.204596 -126.162743
616.204606 -125.639946
616.204615 -125.291908
616.204625 -125.111374
616.204635 -125.066765
616.204644 -125.074707
616.204654 -125.152153
616.204663 -125.307861
616.204673 -125.502609
616.204683 -125.698547
616.204692 -125.866219
616.204702 -125.990898
616.204712 -126.073586
616.204721 -126.126900
616.204731 -126.166321
616.204740 -126.202240
616.204750 -126.234039
616.204760 -126.194176
616.204769 -126.076782
616.204779 -125.857651
616.204788 -125.522163
616.204798 -125.076347
616.204808 -124.546310
616.204817 -123.970673
616.204827 -123.390839
616.204837 -122.843918
616.204846 -122.359459
616.204856 -121.959190
616.204865 -121.658211
616.204875 -121.463821
616.204885 -121.385933
616.204894 -121.384857
616.204904 -121.429787
616.204913 -121.598831
616.204923 -121.896339
616.204933 -122.326523
616.204942 -122.894989
616.204952 -123.610222
616.204962 -124.484520
616.204971 -125.536385
616.204981 -126.793037
616.204990 -128.295181
616.205000 -130.101624
616.205010 -132.291458
616.205019 -134.928345
616.205029 -137.809601
616.205038 -138.597092
616.205048 -136.433823
616.205058 -134.512024
616.205067 -133.063583
616.205077 -132.028198
616.205087 -131.321655
616.205096 -130.872833
616.205106 -130.622910
616.205115 -130.520691
616.205125 -130.499481
616.205135 -130.521271
616.205144 -130.585159
616.205154 -130.681046
616.205163 -130.786896
616.205173 -130.890106
616.205183 -130.984375
616.205192 -131.065857
616.205202 -131.127853
616.205212 -131.122391
616.205221 -131.024124
616.205231 -130.842026
616.205240 -130.568054
616.205250 -130.207260
616.205260 -129.778778
616.205269 -129.312012
616.205279 -128.841782
616.205288 -128.402298
616.205298 -128.023926
616.205308 -127.730515
616.205317 -127.530022
616.205327 -127.434113
616.205337 -127.421883
616.205346 -127.442368
616.205356 -127.539276
616.205365 -127.696571
616.205375 -127.874069
616.205385 -128.026978
616.205394 -128.118469
616.205404 -128.091873
616.205413 -128.029297
616.205423 -127.990662
616.205433 -127.996338
616.205442 -128.038986
616.205452 -128.191025
616.205462 -128.472626
616.205471 -128.888138
616.205481 -129.424637
616.205490 -130.048065
616.205500 -130.699661
616.205510 -131.296082
616.205519 -131.742996
616.205529 -131.928940
616.205538 -131.667114
616.205548 -131.243378
616.205558 -130.734512
616.205567 -130.211838
616.205577 -129.733017
616.205587 -129.339035
616.205596 -129.051163
616.205606 -128.867249
616.205615 -128.757309
616.205625 -128.661224
616.205635 -128.497147
616.205644 -128.189880
616.205654 -127.710548
616.205663 -127.096069
616.205673 -126.428391
616.205683 -125.796013
616.205692 -125.269188
616.205702 -124.894363
616.205712 -124.699203
616.205721 -124.666130
616.205731 -124.699081
616.205740 -124.902054
616.205750 -125.311920
616.205760 -125.930916
616.205769 -126.759911
616.205779 -127.791008
616.205788 -129.012939
616.205798 -130.409729
616.205808 -131.919830
616.205817 -133.396362
616.205827 -134.554581
616.205837 -134.735855
616.205846 -133.871521
616.205856 -132.772095
616.205865 -131.635254
616.205875 -130.540451
616.205885 -129.509460
616.205894 -128.545624
616.205904 -127.651299
616.205913 -126.833900
616.205923 -126.105690
616.205933 -125.481483
616.205942 -124.976234
616.205952 -124.603142
616.205962 -124.372673
616.205971 -124.292313
616.205981 -124.290047
616.205990 -124.366211
616.206000 -124.594261
616.206010 -124.971573
616.206019 -125.487061
616.206029 -126.121147
616.206038 -126.843292
616.206048 -127.609596
616.206058 -128.363113
616.206067 -129.037506
616.206077 -129.565918
616.206087 -129.891693
616.206096 -129.916916
616.206106 -129.688766
616.206115 -129.390182
616.206125 -129.098633
616.206135 -128.885422
616.206144 -128.812073
616.206154 -128.812805
616.206163 -128.936554
616.206173 -129.311707
616.206183 -130.004135
616.206192 -131.108719
616.206202 -132.786072
616.206212 -135.351715
616.206221 -139.643921
616.206231 -145.110962
616.206240 -137.627441
616.206250 -133.652130
616.206260 -131.074020
616.206269 -129.277771
616.206279 -128.017365
616.206288 -127.164703
616.206298 -126.643196
616.206308 -126.411438
616.206317 -126.388565
616.206327 -126.439171
616.206337 -126.699623
616.206346 -127.161888
616.206356 -127.782288
616.206365 -128.492630
616.206375 -129.192749
616.206385 -129.758163
616.206394 -130.068420
616.206404 -129.921860
616.206413 -129.586731
616.206423 -129.201553
616.206433 -128.825348
616.206442 -128.488846
616.206452 -128.203873
616.206462 -127.972343
616.206471 -127.792038
616.206481 -127.659813
616.206490 -127.573311
616.206500 -127.532234
616.206510 -127.519539
616.206519 -127.535667
616.206529 -127.592171
616.206538 -127.696823
616.206548 -127.842827
616.206558 -128.017441
616.206567 -128.206909
616.206577 -128.376755
616.206587 -128.482101
616.206596 -128.353195
616.206606 -128.107925
616.206615 -127.790924
616.206625 -127.462479
616.206635 -127.181389
616.206644 -126.994804
616.206654 -126.934525
616.206663 -126.936485
616.206673 -127.029167
616.206683 -127.287300
616.206692 -127.720810
616.206702 -128.337448
616.206712 -129.144302
616.206721 -130.149445
616.206731 -131.362701
616.206740 -132.797104
616.206750 -134.468674
616.206760 -136.393372
616.206769 -138.560791
616.206779 -140.809814
616.206788 -142.167648
616.206798 -140.143585
616.206808 -137.653580
616.206817 -135.324127
616.206827 -133.291016
616.206837 -131.555084
616.206846 -130.107590
616.206856 -128.933304
616.206865 -128.018494
616.206875 -127.354439
616.206885 -126.936890
616.206894 -126.766678
616.206904 -126.760208
616.206913 -126.851051
616.206923 -127.204956
616.206933 -127.855782
616.206942 -128.850983
616.206952 -130.273483
616.206962 -132.276093
616.206971 -135.171982
616.206981 -139.712463
616.206990 -143.303314
616.207000 -137.507568
616.207010 -134.084808
616.207019 -131.829346
616.207029 -130.246552
616.207038 -129.103363
616.207048 -128.279221
616.207058 -127.688225
616.207067 -127.266899
616.207077 -126.963921
616.207087 -126.736443
616.207096 -126.549988
616.207106 -126.379967
616.207115 -126.212975
616.207125 -126.046478
616.207135 -125.886024
616.207144 -125.741295
616.207154 -125.622383
616.207163 -125.536407
616.207173 -125.486153
616.207183 -125.468750
616.207192 -125.469437
616.207202 -125.480278
616.207212 -125.509132
616.207221 -125.544083
616.207231 -125.578064
616.207240 -125.608803
616.207250 -125.635956
616.207260 -125.661957
616.207269 -125.692780
616.207279 -125.740005
616.207288 -125.811829
616.207298 -125.913338
616.207308 -126.044868
616.207317 -126.202156
616.207327 -126.376495
616.207337 -126.557716
616.207346 -126.737183
616.207356 -126.912277
616.207365 -127.089218
616.207375 -127.284233
616.207385 -127.521927
616.207394 -127.832092
616.207404 -128.245392
616.207413 -128.783539
616.207423 -129.460785
616.207433 -130.295425
616.207442 -131.266815
616.207452 -132.300644
616.207462 -133.235336
616.207471 -133.821686
616.207481 -133.508224
616.207490 -132.860901
616.207500 -132.188141
616.207510 -131.621414
616.207519 -131.217117
616.207529 -130.989014
616.207538 -130.928436
616.207548 -130.929749
616.207558 -131.020233
616.207567 -131.229889
616.207577 -131.541733
616.207587 -131.928238
616.207596 -132.361618
616.207606 -132.794098
616.207615 -133.190750
616.207625 -133.483185
616.207635 -133.378159
616.207644 -132.863007
616.207654 -132.098953
616.207663 -131.210922
616.207673 -130.317703
616.207683 -129.500320
616.207692 -128.801941
616.207702 -128.239365
616.207712 -127.813599
616.207721 -127.517700
616.207731 -127.341301
616.207740 -127.274170
616.207750 -127.271507
616.207760 -127.307945
616.207769 -127.437431
616.207779 -127.661613
616.207788 -127.983902
616.207798 -128.410873
616.207808 -128.943878
616.207817 -129.585419
616.207827 -130.326355
616.207837 -131.124954
616.207846 -131.886353
616.207856 -132.446991
616.207865 -132.283325
616.207875 -131.527130
616.207885 -130.524551
616.207894 -129.440659
616.207904 -128.379425
616.207913 -127.396095
616.207923 -126.515656
616.207933 -125.755226
616.207942 -125.125351
616.207952 -124.629646
616.207962 -124.269608
616.207971 -124.042198
616.207981 -123.946480
616.207990 -123.943771
616.208000 -123.978981
616.208010 -124.133698
616.208019 -124.403290
616.208029 -124.779572
616.208038 -125.254257
616.208048 -125.819855
616.208058 -126.470848
616.208067 -127.205269
616.208077 -128.025620
616.208087 -128.940048
616.208096 -129.961472
616.208106 -131.104233
616.208115 -132.373459
616.208125 -133.741425
616.208135 -135.096100
616.208144 -136.179520
616.208154 -136.354706
616.208163 -135.570496
616.208173 -134.641525
616.208183 -133.777740
616.208192 -133.051926
616.208202 -132.442780
616.208212 -131.942902
616.208221 -131.522766
616.208231 -131.159073
616.208240 -130.848450
616.208250 -130.608398
616.208260 -130.471588
616.208269 -130.442688
616.208279 -130.478165
616.208288 -130.669235
616.208298 -131.084564
616.208308 -131.747513
616.208317 -132.707962
616.208327 -134.001175
616.208337 -135.640930
616.208346 -137.550430
616.208356 -139.356979
616.208365 -139.566177
616.208375 -138.128830
616.208385 -136.610001
616.208394 -135.241837
616.208404 -134.023270
616.208413 -132.897537
616.208423 -131.811401
616.208433 -130.746384
616.208442 -129.690338
616.208452 -128.653976
616.208462 -127.657867
616.208471 -126.723465
616.208481 -125.871384
616.208490 -125.120560
616.208500 -124.487457
616.208510 -123.986122
616.208519 -123.628357
616.208529 -123.423691
616.208538 -123.370522
616.208548 -123.379463
616.208558 -123.501045
616.208567 -123.790771
616.208577 -124.247993
616.208587 -124.866737
616.208596 -125.632507
616.208606 -126.515961
616.208615 -127.464371
616.208625 -128.392258
616.208635 -129.184402
616.208644 -129.726379
616.208654 -129.937225
616.208663 -129.756668
616.208673 -129.542084
616.208683 -129.390472
616.208692 -129.354736
616.208702 -129.360764
616.208712 -129.505005
616.208721 -129.866684
616.208731 -130.471848
616.208740 -131.330338
616.208750 -132.407791
616.208760 -133.550674
616.208769 -134.362869
616.208779 -133.445770
616.208788 -132.065399
616.208798 -130.661118
616.208808 -129.423752
616.208817 -128.400772
616.208827 -127.586067
616.208837 -126.949829
616.208846 -126.487549
616.208856 -126.191040
616.208865 -126.060677
616.208875 -126.057541
616.208885 -126.108376
616.208894 -126.357346
616.208904 -126.844017
616.208913 -127.619232
616.208923 -128.745758
616.208933 -130.342819
616.208942 -132.574554
616.208952 -135.628250
616.208962 -139.021484
616.208971 -136.051910
616.208981 -133.339676
616.208990 -131.489853
616.209000 -130.331650
616.209010 -129.718948
616.209019 -129.551498
616.209029 -129.549408
616.209038 -129.777786
616.209048 -130.312653
616.209058 -131.064560
616.209067 -131.877319
616.209077 -132.537079
616.209087 -132.846741
616.209096 -132.733826
616.209106 -132.642288
616.209115 -132.647858
616.209125 -132.786270
616.209135 -133.169601
616.209144 -133.802277
616.209154 -134.628464
616.209163 -135.464264
616.209173 -136.026245
616.209183 -135.737427
616.209192 -135.223480
616.209202 -134.810638
616.209212 -134.652298
616.209221 -134.652298
616.209231 -134.833649
616.209240 -135.417633
616.209250 -136.483627
616.209260 -138.167389
616.209269 -140.732559
616.209279 -144.729324
616.209288 -148.308365
616.209298 -143.247772
616.209308 -140.049057
616.209317 -137.996918
616.209327 -136.659363
616.209337 -135.826950
616.209346 -135.351639
616.209356 -135.116730
616.209365 -135.009506
616.209375 -134.930389
616.209385 -134.812653
616.209394 -134.595703
616.209404 -134.301575
616.209413 -133.977509
616.209423 -133.678055
616.209433 -133.447159
616.209442 -133.313431
616.209452 -133.265457
616.209462 -133.286087
616.209471 -133.398102
616.209481 -133.636551
616.209490 -134.021194
616.209500 -134.566238
616.209510 -135.282776
616.209519 -136.157227
616.209529 -137.100510
616.209538 -137.848633
616.209548 -137.182434
616.209558 -135.769012
616.209567 -134.199585
616.209577 -132.762039
616.209587 -131.567200
616.209596 -130.642365
616.209606 -129.983047
616.209615 -129.571594
616.209625 -129.380814
616.209635 -129.333740
616.209644 -129.362534
616.209654 -129.474487
616.209663 -129.613464
616.209673 -129.610031
616.209683 -129.330521
616.209692 -128.905396
616.209702 -128.428802
616.209712 -127.996628
616.209721 -127.682007
616.209731 -127.531990
616.209740 -127.514282
616.209750 -127.575104
616.209760 -127.827698
616.209769 -128.299423
616.209779 -128.983185
616.209788 -129.862732
616.209798 -130.898163
616.209808 -131.962616
616.209817 -132.798309
616.209827 -132.651459
616.209837 -131.759430
616.209846 -130.731583
616.209856 -129.790268
616.209865 -129.037247
616.209875 -128.509933
616.209885 -128.216309
616.209894 -128.152252
616.209904 -128.162735
616.209913 -128.358444
616.209923 -128.813660
616.209933 -129.548798
616.209942 -130.599686
616.209952 -132.026123
616.209962 -133.930206
616.209971 -136.491821
616.209981 -140.037994
616.209990 -144.917786
616.210000 -143.847031
616.210010 -140.668976
616.210019 -138.768234
616.210029 -137.725754
616.210038 -137.336029
616.210048 -137.310333
616.210058 -137.407684
616.210067 -137.681152
616.210077 -136.971039
616.210087 -135.455902
616.210096 -133.607864
616.210106 -131.813095
616.210115 -130.234467
616.210125 -128.909317
616.210135 -127.827065
616.210144 -126.963577
616.210154 -126.292389
616.210163 -125.786690
616.210173 -125.418213
616.210183 -125.176308
616.210192 -125.045349
616.210202 -125.005798
616.210212 -125.010796
616.210221 -125.079018
616.210231 -125.240364
616.210240 -125.507660
616.210250 -125.897514
616.210260 -126.433701
616.210269 -127.148018
616.210279 -128.081406
616.210288 -129.288925
616.210298 -130.835770
616.210308 -132.843918
616.210317 -135.500076
616.210327 -139.051910
616.210337 -142.793976
616.210346 -139.250854
616.210356 -136.338776
616.210365 -134.247589
616.210375 -132.716766
616.210385 -131.550781
616.210394 -130.650665
616.210404 -129.944077
616.210413 -129.383774
616.210423 -128.942291
616.210433 -128.606644
616.210442 -128.375305
616.210452 -128.254364
616.210462 -128.217346
616.210471 -128.248718
616.210481 -128.390747
616.210490 -128.672699
616.210500 -129.107742
616.210510 -129.692261
616.210519 -130.404053
616.210529 -131.191315
616.210538 -131.963196
616.210548 -132.598694
616.210558 -132.974243
616.210567 -133.031204
616.210577 -132.893143
616.210587 -132.724243
616.210596 -132.570816
616.210606 -132.408768
616.210615 -132.185989
616.210625 -131.854218
616.210635 -131.398590
616.210644 -130.846481
616.210654 -130.250000
616.210663 -129.660812
616.210673 -129.113770
616.210683 -128.624115
616.210692 -128.180008
616.210702 -127.782288
616.210712 -127.427246
616.210721 -127.110275
616.210731 -126.835213
616.210740 -126.614006
616.210750 -126.464798
616.210760 -126.408226
616.210769 -126.408180
616.210779 -126.465172
616.210788 -126.653748
616.210798 -126.989479
616.210808 -127.481499
616.210817 -128.138931
616.210827 -128.967941
616.210837 -129.965546
616.210846 -131.119415
616.210856 -132.403351
616.210865 -133.771729
616.210875 -135.143784
616.210885 -136.409943
616.210894 -137.442719
616.210904 -138.111099
616.210913 -138.238632
616.210923 -137.946014
616.210933 -137.683807
616.210942 -137.606659
616.210952 -137.631882
616.210962 -137.936874
616.210971 -138.735641
616.210981 -140.190948
616.210990 -142.514191
616.211000 -145.756851
616.211010 -145.541367
616.211019 -142.650192
616.211029 -140.860962
616.211038 -140.173126
616.211048 -140.163345
616.211058 -140.557816
616.211067 -142.096588
616.211077 -143.896729
616.211087 -139.711487
616.211096 -135.914719
616.211106 -133.088867
616.211115 -131.023575
616.211125 -129.544113
616.211135 -128.542465
616.211144 -127.952911
616.211154 -127.737312
616.211163 -127.734497
616.211173 -127.888779
616.211183 -128.413132
616.211192 -129.340683
616.211202 -130.736389
616.211212 -132.727783
616.211221 -135.579376
616.211231 -139.949966
616.211240 -148.328537
616.211250 -142.872711
616.211260 -139.208908
616.211269 -137.384827
616.211279 -136.600311
616.211288 -136.501068
616.211298 -136.589157
616.211308 -137.278656
616.211317 -138.719711
616.211327 -141.145004
616.211337 -145.219330
616.211346 -153.766052
616.211356 -147.520645
616.211365 -143.693069
616.211375 -141.796066
616.211385 -140.945877
616.211394 -140.740326
616.211404 -140.755127
616.211413 -140.807953
616.211423 -140.098618
616.211433 -138.780304
616.211442 -137.288467
616.211452 -135.975677
616.211462 -134.996399
616.211471 -134.398575
616.211481 -134.192841
616.211490 -134.192734
616.211500 -134.385391
616.211510 -134.989151
616.211519 -136.037613
616.211529 -137.599899
616.211538 -139.818771
616.211548 -143.015198
616.211558 -147.914490
616.211567 -150.903442
616.211577 -145.430206
616.211587 -142.087875
616.211596 -139.864944
616.211606 -138.299835
616.211615 -137.197464
616.211625 -136.463104
616.211635 -136.042862
616.211644 -135.897751
616.211654 -135.896790
616.211663 -135.986526
616.211673 -136.253235
616.211683 -136.619049
616.211692 -136.986481
616.211702 -137.268478
616.211712 -137.440048
616.211721 -137.565308
616.211731 -137.775940
616.211740 -138.217163
616.211750 -138.922424
616.211760 -139.843414
616.211769 -139.254898
616.211779 -136.700958
616.211788 -133.866684
616.211798 -131.321686
616.211808 -129.163193
616.211817 -127.362198
616.211827 -125.872055
616.211837 -124.652321
616.211846 -123.671463
616.211856 -122.905357
616.211865 -122.335403
616.211875 -121.946907
616.211885 -121.727158
616.211894 -121.663216
616.211904 -121.661575
616.211913 -121.747025
616.211923 -121.960373
616.211933 -122.287560
616.211942 -122.707520
616.211952 -123.194344
616.211962 -123.717575
616.211971 -124.243187
616.211981 -124.736801
616.211990 -125.164886
616.212000 -125.506027
616.212010 -125.758125
616.212019 -125.932655
616.212029 -126.057030
616.212038 -126.170166
616.212048 -126.315796
616.212058 -126.537468
616.212067 -126.870033
616.212077 -127.352020
616.212087 -128.016678
616.212096 -128.895096
616.212106 -130.019821
616.212115 -131.428253
616.212125 -133.160583
616.212135 -135.236176
616.212144 -137.532181
616.212154 -139.384644
616.212163 -137.870239
616.212173 -135.805679
616.212183 -133.903137
616.212192 -132.255585
616.212202 -130.828644
616.212212 -129.576477
616.212221 -128.461670
616.212231 -127.476273
616.212240 -126.611198
616.212250 -125.864685
616.212260 -125.238937
616.212269 -124.738144
616.212279 -124.367218
616.212288 -124.131248
616.212298 -124.035065
616.212308 -124.033478
616.212317 -124.083824
616.212327 -124.282455
616.212337 -124.636963
616.212346 -125.154625
616.212356 -125.845383
616.212365 -126.719887
616.212375 -127.787430
616.212385 -129.067856
616.212394 -130.558426
616.212404 -132.180191
616.212413 -133.624359
616.212423 -133.484528
616.212433 -131.894302
616.212442 -130.138840
616.212452 -128.545059
616.212462 -127.202171
616.212471 -126.118301
616.212481 -125.281563
616.212490 -124.678139
616.212500 -124.296738
616.212510 -124.129051
616.212519 -124.118523
616.212529 -124.169647
616.212538 -124.414482
616.212548 -124.860741
616.212558 -125.506187
616.212567 -126.348045
616.212577 -127.381294
616.212587 -128.597076
616.212596 -129.979324
616.212606 -131.501709
616.212615 -133.122086
616.212625 -134.770157
616.212635 -136.328751
616.212644 -137.652115
616.212654 -138.530930
616.212663 -138.454483
616.212673 -137.752258
616.212683 -136.952255
616.212692 -136.239761
616.212702 -135.713348
616.212712 -135.413727
616.212721 -135.344955
616.212731 -135.356689
616.212740 -135.560440
616.212750 -136.035156
616.212760 -136.802673
616.212769 -137.901993
616.212779 -139.390564
616.212788 -141.285370
616.212798 -143.222595
616.212808 -141.448654
616.212817 -138.489563
616.212827 -135.842697
616.212837 -133.667267
616.212846 -131.920288
616.212856 -130.548462
616.212865 -129.513626
616.212875 -128.789886
616.212885 -128.360184
616.212894 -128.225113
616.212904 -128.225388
616.212913 -128.385498
616.212923 -128.843414
616.212933 -129.603989
616.212942 -130.667847
616.212952 -132.015732
616.212962 -133.572205
616.212971 -135.134140
616.212981 -136.323837
616.212990 -136.595856
616.213000 -136.113586
616.213010 -135.623459
616.213019 -135.171783
616.213029 -134.696167
616.213038 -134.096542
616.213048 -133.278442
616.213058 -132.251465
616.213067 -131.117126
616.213077 -129.999405
616.213087 -128.993561
616.213096 -128.155884
616.213106 -127.513664
616.213115 -127.075859
616.213125 -126.840858
616.213135 -126.777092
616.213144 -126.794960
616.213154 -126.938110
616.213163 -127.230347
616.213173 -127.639473
616.213183 -128.109634
616.213192 -128.564667
616.213202 -128.911697
616.213212 -129.062607
616.213221 -128.917206
616.213231 -128.685547
616.213240 -128.475967
616.213250 -128.362183
616.213260 -128.337509
616.213269 -128.398483
616.213279 -128.626663
616.213288 -129.077988
616.213298 -129.785751
616.213308 -130.789474
616.213317 -132.145447
616.213327 -133.944336
616.213337 -136.346863
616.213346 -139.662628
616.213356 -144.371796
616.213365 -143.518906
616.213375 -139.338562
616.213385 -136.388229
616.213394 -134.173920
616.213404 -132.419891
616.213413 -131.004272
616.213423 -129.859451
616.213433 -128.956436
616.213442 -128.289520
616.213452 -127.859550
616.213462 -127.669502
616.213471 -127.643623
616.213481 -127.715767
616.213490 -127.979729
616.213500 -128.392593
616.213510 -128.801056
616.213519 -128.690308
616.213529 -127.904892
616.213538 -126.845291
616.213548 -125.762001
616.213558 -124.814339
616.213567 -124.074890
616.213577 -123.566727
616.213587 -123.289413
616.213596 -123.215324
616.213606 -123.227623
616.213615 -123.371849
616.213625 -123.684547
616.213635 -124.131142
616.213644 -124.659279
616.213654 -125.201050
616.213663 -125.677864
616.213673 -126.018265
616.213683 -126.170761
616.213692 -126.026390
616.213702 -125.801285
616.213712 -125.534126
616.213721 -125.264679
616.213731 -125.025703
616.213740 -124.834198
616.213750 -124.703629
616.213760 -124.646011
616.213769 -124.641808
616.213779 -124.672508
616.213788 -124.792610
616.213798 -125.013130
616.213808 -125.336800
616.213817 -125.760460
616.213827 -126.272659
616.213837 -126.850693
616.213846 -127.457558
616.213856 -128.040543
616.213865 -128.537506
616.213875 -128.894119
616.213885 -129.090073
616.213894 -129.146301
616.213904 -129.161835
616.213913 -129.203339
616.213923 -129.371658
616.213933 -129.751099
616.213942 -130.423096
616.213952 -131.479126
616.213962 -133.044281
616.213971 -135.320938
616.213981 -138.680023
616.213990 -143.603348
616.214000 -141.547058
616.214010 -138.047470
616.214019 -135.906509
616.214029 -134.651154
616.214038 -134.022263
616.214048 -133.877411
616.214058 -133.886688
616.214067 -134.183044
616.214077 -134.871368
616.214087 -135.927505
616.214096 -137.316711
616.214106 -138.933685
616.214115 -140.470703
616.214125 -141.118286
616.214135 -140.184219
616.214144 -139.127319
616.214154 -138.262299
616.214163 -137.687363
616.214173 -137.403687
616.214183 -137.359650
616.214192 -137.398026
616.214202 -137.668137
616.214212 -138.183548
616.214221 -138.891449
616.214231 -139.687103
616.214240 -140.371826
616.214250 -140.327469
616.214260 -139.431381
616.214269 -138.230484
616.214279 -136.962250
616.214288 -135.754517
616.214298 -134.650055
616.214308 -133.647766
616.214317 -132.728867
616.214327 -131.873886
616.214337 -131.071838
616.214346 -130.324692
616.214356 -129.644470
616.214365 -129.047668
616.214375 -128.548141
616.214385 -128.152557
616.214394 -127.857986
616.214404 -127.641083
616.214413 -127.492805
616.214423 -127.399940
616.214433 -127.350655
616.214442 -127.329391
616.214452 -127.340508
616.214462 -127.396935
616.214471 -127.534218
616.214481 -127.792793
616.214490 -128.206696
616.214500 -128.818069
616.214510 -129.683975
616.214519 -130.863556
616.214529 -132.430374
616.214538 -134.463913
616.214548 -136.937180
616.214558 -138.952347
616.214567 -136.624146
616.214577 -134.120132
616.214587 -132.049026
616.214596 -130.409500
616.214606 -129.121216
616.214615 -128.117813
616.214625 -127.353844
616.214635 -126.800003
616.214644 -126.438431
616.214654 -126.259636
616.214663 -126.235016
616.214673 -126.260681
616.214683 -126.443680
616.214692 -126.811691
616.214702 -127.370773
616.214712 -128.136963
616.214721 -129.116653
616.214731 -130.296738
616.214740 -131.608917
616.214750 -132.857193
616.214760 -133.660477
616.214769 -133.001907
616.214779 -132.000412
616.214788 -131.022476
616.214798 -130.227707
616.214808 -129.673737
616.214817 -129.378586
616.214827 -129.327454
616.214837 -129.347458
616.214846 -129.596985
616.214856 -130.152054
616.214865 -131.050095
616.214875 -132.348312
616.214885 -134.151917
616.214894 -136.589386
616.214904 -139.574280
616.214913 -139.447235
616.214923 -136.417084
616.214933 -133.939346
616.214942 -132.079086
616.214952 -130.702515
616.214962 -129.702621
616.214971 -129.006714
616.214981 -128.563766
616.214990 -128.335358
616.215000 -128.282608
616.215010 -128.288300
616.215019 -128.390793
616.215029 -128.605972
616.215038 -128.890945
616.215048 -129.192947
616.215058 -129.450668
616.215067 -129.582016
616.215077 -129.365204
616.215087 -128.946335
616.215096 -128.354431
616.215106 -127.639015
616.215115 -126.857040
616.215125 -126.061974
616.215135 -125.295273
616.215144 -124.595894
616.215154 -123.987938
616.215163 -123.486671
616.215173 -123.100487
616.215183 -122.831940
616.215192 -122.679115
616.215202 -122.635544
616.215212 -122.635941
616.215221 -122.693283
616.215231 -122.838364
616.215240 -123.056252
616.215250 -123.330109
616.215260 -123.642807
616.215269 -123.978073
616.215279 -124.323013
616.215288 -124.669701
616.215298 -125.016884
616.215308 -125.370491
616.215317 -125.743492
616.215327 -126.154396
616.215337 -126.626564
616.215346 -127.185570
616.215356 -127.862144
616.215365 -128.695938
616.215375 -129.734772
616.215385 -131.046402
616.215394 -132.732437
616.215404 -134.965454
616.215413 -138.088226
616.215423 -142.681534
616.215433 -141.707703
616.215442 -137.287613
616.215452 -134.269531
616.215462 -132.103256
616.215471 -130.487823
616.215481 -129.283554
616.215490 -128.400803
616.215500 -127.784073
616.215510 -127.395706
616.215519 -127.207855
616.215529 -127.174850
616.215538 -127.198677
616.215548 -127.350075
616.215558 -127.646866
616.215567 -128.076340
616.215577 -128.613632
616.215587 -129.251328
616.215596 -129.965317
616.215606 -130.710648
616.215615 -131.414902
616.215625 -131.984222
616.215635 -132.339432
616.215644 -132.437088
616.215654 -132.372147
616.215663 -132.340729
616.215673 -132.375626
616.215683 -132.516830
616.215692 -132.819702
616.215702 -133.251434
616.215712 -133.711548
616.215721 -134.031601
616.215731 -133.679901
616.215740 -133.064957
616.215750 -132.378326
616.215760 -131.769989
616.215769 -131.328995
616.215779 -131.099243
616.215788 -131.065781
616.215798 -131.100891
616.215808 -131.341919
616.215817 -131.824921
616.215827 -132.547394
616.215837 -133.499268
616.215846 -134.649246
616.215856 -135.918961
616.215865 -137.154739
616.215875 -138.010239
616.215885 -136.840302
616.215894 -134.850967
616.215904 -132.589417
616.215913 -130.394516
616.215923 -128.409744
616.215933 -126.683342
616.215942 -125.225357
616.215952 -124.031097
616.215962 -123.091240
616.215971 -122.395462
616.215981 -121.934341
616.215990 -121.699883
616.216000 -121.661568
616.216010 -121.686249
616.216019 -121.889275
616.216029 -122.306519
616.216038 -122.934677
616.216048 -123.769768
616.216058 -124.812637
616.216067 -126.053017
616.216077 -127.461937
616.216087 -128.971573
616.216096 -130.448471
616.216106 -131.691467
616.216115 -132.514450
616.216125 -132.891190
616.216135 -132.955292
616.216144 -132.950394
616.216154 -132.967407
616.216163 -133.044830
616.216173 -133.200348
616.216183 -133.423584
616.216192 -133.687790
616.216202 -133.970566
616.216212 -134.258453
616.216221 -134.542984
616.216231 -134.813538
616.216240 -135.049377
616.216250 -135.215683
616.216260 -135.151886
616.216269 -134.844345
616.216279 -134.344284
616.216288 -133.685944
616.216298 -132.920944
616.216308 -132.097961
616.216317 -131.279175
616.216327 -130.500961
616.216337 -129.786896
616.216346 -129.150986
616.216356 -128.600204
616.216365 -128.137650
616.216375 -127.762726
616.216385 -127.472496
616.216394 -127.260750
616.216404 -127.118271
616.216413 -127.032768
616.216423 -126.986977
616.216433 -126.966232
616.216442 -126.968040
616.216452 -126.987289
616.216462 -127.014442
616.216471 -127.064880
616.216481 -127.150230
616.216490 -127.286804
616.216500 -127.493073
616.216510 -127.789787
616.216519 -128.201050
616.216529 -128.754715
616.216538 -129.505203
616.216548 -130.522751
616.216558 -131.908737
616.216567 -133.847549
616.216577 -136.634949
616.216587 -140.489456
616.216596 -138.340698
616.216606 -134.473068
616.216615 -131.713150
616.216625 -129.747070
616.216635 -128.352509
616.216644 -127.403496
616.216654 -126.827065
616.216663 -126.580620
616.216673 -126.569046
616.216683 -126.640068
616.216692 -126.991638
616.216702 -127.624863
616.216712 -128.519852
616.216721 -129.616089
616.216731 -130.748840
616.216740 -131.574692
616.216750 -131.015152
616.216760 -129.924896
616.216769 -128.787094
616.216779 -127.793709
616.216788 -127.011421
616.216798 -126.452728
616.216808 -126.112701
616.216817 -125.982773
616.216827 -125.981201
616.216837 -126.054596
616.216846 -126.318367
616.216856 -126.779663
616.216865 -127.435974
616.216875 -128.279099
616.216885 -129.283722
616.216894 -130.386322
616.216904 -131.456116
616.216913 -132.286667
616.216923 -132.583282
616.216933 -132.166382
616.216942 -131.634796
616.216952 -131.135925
616.216962 -130.740753
616.216971 -130.467560
616.216981 -130.345703
616.216990 -130.340225
616.217000 -130.381042
616.217010 -130.582306
616.217019 -130.964249
616.217029 -131.548141
616.217038 -132.362457
616.217048 -133.444260
616.217058 -134.835602
616.217067 -136.631134
616.217077 -138.981949
616.217087 -142.197540
616.217096 -146.972137
616.217106 -148.683624
616.217115 -143.540466
616.217125 -140.165421
616.217135 -137.721329
616.217144 -135.825607
616.217154 -134.290726
616.217163 -133.049622
616.217173 -132.065292
616.217183 -131.328125
616.217192 -130.845703
616.217202 -130.638062
616.217212 -130.633972
616.217221 -130.736923
616.217231 -131.182251
616.217240 -132.018707
616.217250 -133.324615
616.217260 -135.153839
616.217269 -137.377548
616.217279 -138.689178
616.217288 -136.895676
616.217298 -135.236374
616.217308 -134.198608
616.217317 -133.856445
616.217327 -133.856750
616.217337 -134.229279
616.217346 -135.462921
616.217356 -137.837067
616.217365 -141.646790
616.217375 -138.602844
616.217385 -134.556564
616.217394 -131.788284
616.217404 -129.887741
616.217413 -128.607361
616.217423 -127.804573
616.217433 -127.400215
616.217442 -127.323990
616.217452 -127.353798
616.217462 -127.638458
616.217471 -128.240234
616.217481 -129.152863
616.217490 -130.366776
616.217500 -131.843430
616.217510 -133.451752
616.217519 -134.862045
616.217529 -135.392120
616.217538 -134.695938
616.217548 -133.959900
616.217558 -133.438217
616.217567 -133.230057
616.217577 -133.221863
616.217587 -133.378555
616.217596 -133.923615
616.217606 -134.933609
616.217615 -136.547104
616.217625 -139.089859
616.217635 -143.449722
616.217644 -149.704636
616.217654 -141.382553
616.217663 -137.240356
616.217673 -134.553024
616.217683 -132.653214
616.217692 -131.266602
616.217702 -130.265778
616.217712 -129.575516
616.217721 -129.148087
616.217731 -128.949768
616.217740 -128.908859
616.217750 -128.947586
616.217760 -129.123596
616.217769 -129.424820
616.217779 -129.799942
616.217788 -130.173370
616.217798 -130.451706
616.217808 -130.542038
616.217817 -130.395126
616.217827 -130.176010
616.217837 -129.988266
616.217846 -129.874817
616.217856 -129.850708
616.217865 -129.910782
616.217875 -130.071976
616.217885 -130.306015
616.217894 -130.512680
616.217904 -130.356995
616.217913 -129.817047
616.217923 -129.069016
616.217933 -128.268799
616.217942 -127.549484
616.217952 -126.998825
616.217962 -126.669388
616.217971 -126.587883
616.217981 -126.595451
616.217990 -126.796219
616.218000 -127.307762
616.218010 -128.181396
616.218019 -129.485306
616.218029 -131.324966
616.218038 -133.839203
616.218048 -136.984543
616.218058 -137.364197
616.218067 -134.471283
616.218077 -132.194656
616.218087 -130.606003
616.218096 -129.575424
616.218106 -129.011703
616.218115 -128.865021
616.218125 -128.871216
616.218135 -129.151489
616.218144 -129.890778
616.218154 -131.177948
616.218163 -133.196701
616.218173 -136.364365
616.218183 -141.323395
616.218192 -137.689178
616.218202 -133.660049
616.218212 -131.016083
616.218221 -129.223663
616.218231 -128.020203
616.218240 -127.271339
616.218250 -126.904984
616.218260 -126.842941
616.218269 -126.884644
616.218279 -127.196587
616.218288 -127.844978
616.218298 -128.850830
616.218308 -130.250519
616.218317 -132.085815
616.218327 -134.348724
616.218337 -136.750092
616.218346 -137.901581
616.218356 -136.664841
616.218365 -135.628891
616.218375 -135.126541
616.218385 -135.061951
616.218394 -135.129486
616.218404 -135.568710
616.218413 -136.007629
616.218423 -134.742630
616.218433 -132.761642
616.218442 -130.763260
616.218452 -129.064316
616.218462 -127.737610
616.218471 -126.777206
616.218481 -126.160858
616.218490 -125.868248
616.218500 -125.835892
616.218510 -125.885475
616.218519 -126.204704
616.218529 -126.823341
616.218538 -127.741791
616.218548 -128.956604
616.218558 -130.440750
616.218567 -132.092957
616.218577 -133.634903
616.218587 -134.525742
616.218596 -133.760406
616.218606 -132.754364
616.218615 -131.793610
616.218625 -130.967422
616.218635 -130.267258
616.218644 -129.672012
616.218654 -129.160614
616.218663 -128.707687
616.218673 -128.297607
616.218683 -127.925560
616.218692 -127.595200
616.218702 -127.316368
616.218712 -127.100327
616.218721 -126.957138
616.218731 -126.892601
616.218740 -126.888321
616.218750 -126.904480
616.218760 -126.985336
616.218769 -127.133461
616.218779 -127.339096
616.218788 -127.593262
616.218798 -127.891281
616.218808 -128.234222
616.218817 -128.630142
616.218827 -129.092743
616.218837 -129.641052
616.218846 -130.298584
616.218856 -131.094986
616.218865 -132.069534
616.218875 -133.275864
616.218885 -134.789719
616.218894 -136.718033
616.218904 -139.192123
616.218913 -142.219452
616.218923 -144.095978
616.218933 -141.660706
616.218942 -139.578873
616.218952 -138.178986
616.218962 -137.376404
616.218971 -137.075760
616.218981 -137.070969
616.218990 -137.208099
616.219000 -137.722046
616.219010 -138.569565
616.219019 -139.691208
616.219029 -140.972427
616.219038 -142.198029
616.219048 -143.003876
616.219058 -141.996613
616.219067 -140.355881
616.219077 -138.537048
616.219087 -136.814285
616.219096 -135.306076
616.219106 -134.052109
616.219115 -133.058823
616.219125 -132.318436
616.219135 -131.818359
616.219144 -131.543900
616.219154 -131.473129
616.219163 -131.478409
616.219173 -131.611420
616.219183 -131.918823
616.219192 -132.377686
616.219202 -132.950134
616.219212 -133.573074
616.219221 -134.144150
616.219231 -134.511002
616.219240 -134.161514
616.219250 -133.417892
616.219260 -132.460587
616.219269 -131.434311
616.219279 -130.445129
616.219288 -129.561386
616.219298 -128.827820
616.219308 -128.276886
616.219317 -127.935562
616.219327 -127.833046
616.219337 -127.834953
616.219346 -128.013443
616.219356 -128.520264
616.219365 -129.431061
616.219375 -130.874420
616.219385 -133.096100
616.219394 -136.687881
616.219404 -143.815186
616.219413 -139.115372
616.219423 -134.278534
616.219433 -131.418381
616.219442 -129.534622
616.219452 -128.266357
616.219462 -127.442116
616.219471 -126.965408
616.219481 -126.774338
616.219490 -126.755989
616.219500 -126.822235
616.219510 -127.064552
616.219519 -127.448311
616.219529 -127.902168
616.219538 -128.331360
616.219548 -128.617355
616.219558 -128.582092
616.219567 -128.283600
616.219577 -127.918816
616.219587 -127.579201
616.219596 -127.333061
616.219606 -127.224106
616.219615 -127.212997
616.219625 -127.292480
616.219635 -127.556503
616.219644 -128.042801
616.219654 -128.774368
616.219663 -129.732727
616.219673 -130.915649
616.219683 -132.181305
616.219692 -133.135574
616.219702 -132.213379
616.219712 -130.701981
616.219721 -129.144760
616.219731 -127.744362
616.219740 -126.543106
616.219750 -125.526215
616.219760 -124.656517
616.219769 -123.916260
616.219779 -123.281021
616.219788 -122.733635
616.219798 -122.264175
616.219808 -121.869759
616.219817 -121.553116
616.219827 -121.321732
616.219837 -121.186394
616.219846 -121.154633
616.219856 -121.160522
616.219865 -121.259331
616.219875 -121.499382
616.219885 -121.898666
616.219894 -122.476860
616.219904 -123.254929
616.219913 -124.254662
616.219923 -125.494591
616.219933 -126.978531
616.219942 -128.660675
616.219952 -130.362381
616.219962 -131.663849
616.219971 -131.571198
616.219981 -130.668335
616.219990 -129.759750
616.220000 -129.006805
616.220010 -128.439774
616.220019 -128.039658
616.220029 -127.767220
616.220038 -127.585464
616.220048 -127.464882
616.220058 -127.374237
616.220067 -127.289734
616.220077 -127.197708
616.220087 -127.096268
616.220096 -126.995064
616.220106 -126.912849
616.220115 -126.873695
616.220125 -126.873184
616.220135 -126.903435
616.220144 -127.025948
616.220154 -127.262032
616.220163 -127.628387
616.220173 -128.137436
616.220183 -128.797379
616.220192 -129.610916
616.220202 -130.573837
616.220212 -131.670731
616.220221 -132.869400
616.220231 -134.113800
616.220240 -135.320679
616.220250 -136.388687
616.220260 -137.221832
616.220269 -137.748428
616.220279 -137.591354
616.220288 -136.887711
616.220298 -135.836319
616.220308 -134.583740
616.220317 -133.286636
616.220327 -132.062988
616.220337 -130.982407
616.220346 -130.078918
616.220356 -129.364258
616.220365 -128.837311
616.220375 -128.488998
616.220385 -128.305389
616.220394 -128.259415
616.220404 -128.267319
616.220413 -128.359833
616.220423 -128.556046
616.220433 -128.836456
616.220442 -129.182587
616.220452 -129.581451
616.220462 -130.028488
616.220471 -130.528641
616.220481 -131.096481
616.220490 -131.752472
616.220500 -132.517746
616.220510 -133.402039
616.220519 -134.384171
616.220529 -135.376282
616.220538 -136.187088
616.220548 -136.322952
616.220558 -135.611511
616.220567 -134.672562
616.220577 -133.703079
616.220587 -132.797485
616.220596 -131.973999
616.220606 -131.266525
616.220615 -130.680740
616.220625 -130.228149
616.220635 -129.926895
616.220644 -129.798798
616.220654 -129.796494
616.220663 -129.858475
616.220673 -130.128677
616.220683 -130.637756
616.220692 -131.409668
616.220702 -132.473022
616.220712 -133.861954
616.220721 -135.596115
616.220731 -137.558563
616.220740 -138.572754
616.220750 -136.292542
616.220760 -133.664841
616.220769 -131.317673
616.220779 -129.341309
616.220788 -127.707573
616.220798 -126.376678
616.220808 -125.316170
616.220817 -124.501038
616.220827 -123.912109
616.220837 -123.534088
616.220846 -123.353012
616.220856 -123.329887
616.220865 -123.354088
616.220875 -123.533798
616.220885 -123.882668
616.220894 -124.390327
616.220904 -125.043541
616.220913 -125.821800
616.220923 -126.690788
616.220933 -127.591705
616.220942 -128.431168
616.220952 -129.084549
616.220962 -129.435776
616.220971 -129.177841
616.220981 -128.764862
616.220990 -128.332214
616.221000 -127.970985
616.221010 -127.737320
616.221019 -127.660339
616.221029 -127.662704
616.221038 -127.763657
616.221048 -128.045822
616.221058 -128.507248
616.221067 -129.137360
616.221077 -129.915390
616.221087 -130.808014
616.221096 -131.769638
616.221106 -132.749466
616.221115 -133.708511
616.221125 -134.644043
616.221135 -135.608246
616.221144 -136.713364
616.221154 -138.135529
616.221163 -140.136749
616.221173 -143.248337
616.221183 -148.937134
616.221192 -146.210449
616.221202 -141.009857
616.221212 -137.857117
616.221221 -135.756424
616.221231 -134.342911
616.221240 -133.449173
616.221250 -132.990433
616.221260 -132.897476
616.221269 -132.913818
616.221279 -133.202423
616.221288 -133.847717
616.221298 -134.832108
616.221308 -136.083023
616.221317 -137.357101
616.221327 -137.816360
616.221337 -136.684799
616.221346 -135.336731
616.221356 -134.154739
616.221365 -133.269485
616.221375 -132.708221
616.221385 -132.470322
616.221394 -132.464935
616.221404 -132.555222
616.221413 -132.970566
616.221423 -133.737900
616.221433 -134.893387
616.221442 -136.475677
616.221452 -138.444321
616.221462 -140.325821
616.221471 -139.006042
616.221481 -136.658325
616.221490 -134.537674
616.221500 -132.792450
616.221510 -131.385132
616.221519 -130.259979
616.221529 -129.372818
616.221538 -128.693848
616.221548 -128.204025
616.221558 -127.892189
616.221567 -127.752167
616.221577 -127.745171
616.221587 -127.780762
616.221596 -127.967293
616.221606 -128.302002
616.221615 -128.773544
616.221625 -129.346359
616.221635 -129.955429
616.221644 -130.498077
616.221654 -130.835892
616.221663 -130.605804
616.221673 -130.076401
616.221683 -129.419769
616.221692 -128.740967
616.221702 -128.108932
616.221712 -127.560905
616.221721 -127.114670
616.221731 -126.776688
616.221740 -126.548515
616.221750 -126.429405
616.221760 -126.400391
616.221769 -126.417244
616.221779 -126.516586
616.221788 -126.724327
616.221798 -127.044441
616.221808 -127.479843
616.221817 -128.026794
616.221827 -128.673492
616.221837 -129.407562
616.221846 -130.185211
616.221856 -130.927948
616.221865 -131.520523
616.221875 -131.832748
616.221885 -131.526367
616.221894 -131.029373
616.221904 -130.453888
616.221913 -129.880249
616.221923 -129.353638
616.221933 -128.893463
616.221942 -128.502502
616.221952 -128.187943
616.221962 -127.944839
616.221971 -127.766853
616.221981 -127.646492
616.221990 -127.575729
616.222000 -127.546005
616.222010 -127.542007
616.222019 -127.548950
616.222029 -127.575012
616.222038 -127.611717
616.222048 -127.655724
616.222058 -127.697891
616.222067 -127.723869
616.222077 -127.688690
616.222087 -127.592857
616.222096 -127.437660
616.222106 -127.232368
616.222115 -126.999443
616.222125 -126.769699
616.222135 -126.575668
616.222144 -126.445633
616.222154 -126.392487
616.222163 -126.400513
616.222173 -126.453621
616.222183 -126.610764
616.222192 -126.873055
616.222202 -127.238708
616.222212 -127.705139
616.222221 -128.269943
616.222231 -128.931213
616.222240 -129.685364
616.222250 -130.523071
616.222260 -131.421143
616.222269 -132.329910
616.222279 -133.155365
616.222288 -133.750351
616.222298 -133.638641
616.222308 -132.884155
616.222317 -131.844894
616.222327 -130.692245
616.222337 -129.548401
616.222346 -128.484161
616.222356 -127.535576
616.222365 -126.717476
616.222375 -126.032646
616.222385 -125.476303
616.222394 -125.038803
616.222404 -124.706978
616.222413 -124.465240
616.222423 -124.296432
616.222433 -124.182808
616.222442 -124.107513
616.222452 -124.055946
616.222462 -124.017311
616.222471 -123.986137
616.222481 -123.962593
616.222490 -123.950607
616.222500 -123.952637
616.222510 -123.967461
616.222519 -124.022095
616.222529 -124.134567
616.222538 -124.325203
616.222548 -124.616379
616.222558 -125.033066
616.222567 -125.604317
616.222577 -126.365303
616.222587 -127.360657
616.222596 -128.646973
616.222606 -130.287811
616.222615 -132.304260
616.222625 -134.425827
616.222635 -134.304916
616.222644 -132.080688
616.222654 -129.993774
616.222663 -128.328659
616.222673 -127.078011
616.222683 -126.191078
616.222692 -125.623550
616.222702 -125.342216
616.222712 -125.293709
616.222721 -125.323051
616.222731 -125.547157
616.222740 -125.997696
616.222750 -126.657684
616.222760 -127.506187
616.222769 -128.514832
616.222779 -129.644272
616.222788 -130.843155
616.222798 -132.052811
616.222808 -133.219147
616.222817 -134.301468
616.222827 -135.259323
616.222837 -136.003754
616.222846 -136.092453
616.222856 -135.214630
616.222865 -133.957809
616.222875 -132.612335
616.222885 -131.365387
616.222894 -130.303177
616.222904 -129.453842
616.222913 -128.817276
616.222923 -128.361969
616.222933 -128.084778
616.222942 -127.956703
616.222952 -127.917152
616.222962 -127.933197
616.222971 -127.991631
616.222981 -128.076614
616.222990 -128.151672
616.223000 -128.190475
616.223010 -128.200073
616.223019 -128.215027
616.223029 -128.250412
616.223038 -128.341263
616.223048 -128.511963
616.223058 -128.789490
616.223067 -129.185272
616.223077 -129.700867
616.223087 -130.324722
616.223096 -131.045364
616.223106 -131.850479
616.223115 -132.721863
616.223125 -133.643509
616.223135 -134.604797
616.223144 -135.589859
616.223154 -136.584930
616.223163 -137.571121
616.223173 -138.490738
616.223183 -139.246841
616.223192 -139.729477
616.223202 -139.746796
616.223212 -139.444473
616.223221 -139.099274
616.223231 -138.800125
616.223240 -138.590012
616.223250 -138.478271
616.223260 -138.437622
616.223269 -138.424057
616.223279 -138.372391
616.223288 -138.153687
616.223298 -137.681900
616.223308 -136.911972
616.223317 -135.874298
616.223327 -134.652435
616.223337 -133.337036
616.223346 -131.993973
616.223356 -130.668671
616.223365 -129.401474
616.223375 -128.211121
616.223385 -127.111473
616.223394 -126.114609
616.223404 -125.231209
616.223413 -124.470978
616.223423 -123.841949
616.223433 -123.350540
616.223442 -123.001236
616.223452 -122.795624
616.223462 -122.731895
616.223471 -122.732155
616.223481 -122.817131
616.223490 -123.051010
616.223500 -123.436111
616.223510 -123.977646
616.223519 -124.685738
616.223529 -125.579071
616.223538 -126.689003
616.223548 -128.067444
616.223558 -129.780563
616.223567 -131.958664
616.223577 -134.772827
616.223587 -138.179672
616.223596 -138.011154
616.223606 -134.975586
616.223615 -132.628052
616.223625 -130.946747
616.223635 -129.780884
616.223644 -129.013962
616.223654 -128.596298
616.223663 -128.485687
616.223673 -128.485992
616.223683 -128.667572
616.223692 -129.121124
616.223702 -129.841965
616.223712 -130.820892
616.223721 -132.032013
616.223731 -133.400116
616.223740 -134.743027
616.223750 -135.735352
616.223760 -135.743942
616.223769 -135.096619
616.223779 -134.422379
616.223788 -133.876373
616.223798 -133.510284
616.223808 -133.327896
616.223817 -133.289993
616.223827 -133.313446
616.223837 -133.444946
616.223846 -133.698059
616.223856 -134.051331
616.223865 -134.486023
616.223875 -134.991043
616.223885 -135.557343
616.223894 -136.181259
616.223904 -136.862579
616.223913 -137.553467
616.223923 -138.093094
616.223933 -137.425873
616.223942 -135.968506
616.223952 -134.178787
616.223962 -132.398026
616.223971 -130.795944
616.223981 -129.432129
616.223990 -128.319305
616.224000 -127.451370
616.224010 -126.816895
616.224019 -126.402481
616.224029 -126.194778
616.224038 -126.162613
616.224048 -126.179916
616.224058 -126.337601
616.224067 -126.651505
616.224077 -127.102463
616.224087 -127.663406
616.224096 -128.301163
616.224106 -128.978806
616.224115 -129.662247
616.224125 -130.331940
616.224135 -130.993454
616.224144 -131.681610
616.224154 -132.453949
616.224163 -133.379227
616.224173 -134.518890
616.224183 -135.907425
616.224192 -137.571350
616.224202 -139.401260
616.224212 -141.020859
616.224221 -141.420029
616.224231 -140.379532
616.224240 -139.099472
616.224250 -137.696945
616.224260 -136.230331
616.224269 -134.710663
616.224279 -133.194473
616.224288 -131.756577
616.224298 -130.461884
616.224308 -129.356857
616.224317 -128.473129
616.224327 -127.835625
616.224337 -127.467636
616.224346 -127.381104
616.224356 -127.397324
616.224365 -127.661530
616.224375 -128.310013
616.224385 -129.408279
616.224394 -131.017029
616.224404 -133.042587
616.224413 -133.949570
616.224423 -131.587158
616.224433 -129.211548
616.224442 -127.317528
616.224452 -125.906387
616.224462 -124.905930
616.224471 -124.250740
616.224481 -123.890373
616.224490 -123.785202
616.224500 -123.785545
616.224510 -123.904243
616.224519 -124.216492
616.224529 -124.691902
616.224538 -125.293839
616.224548 -125.972305
616.224558 -126.655037
616.224567 -127.242119
616.224577 -127.618370
616.224587 -127.501762
616.224596 -127.094505
616.224606 -126.611588
616.224615 -126.168182
616.224625 -125.849075
616.224635 -125.712074
616.224644 -125.705238
616.224654 -125.799774
616.224663 -126.147583
616.224673 -126.793587
616.224683 -127.786507
616.224692 -129.197678
616.224702 -131.142303
616.224712 -133.829880
616.224721 -137.701614
616.224731 -143.892914
616.224740 -144.387115
616.224750 -140.612900
616.224760 -138.968994
616.224769 -138.588974
616.224779 -138.602249
616.224788 -139.249786
616.224798 -140.978546
616.224808 -144.164703
616.224817 -149.496475
616.224827 -144.554138
616.224837 -140.784409
616.224846 -138.382660
616.224856 -136.784622
616.224865 -135.696030
616.224875 -134.951035
616.224885 -134.436142
616.224894 -134.061935
616.224904 -133.759415
616.224913 -133.481110
616.224923 -133.203827
616.224933 -132.931412
616.224942 -132.689209
616.224952 -132.518372
616.224962 -132.458817
616.224971 -132.463013
616.224981 -132.579529
616.224990 -132.903488
616.225000 -133.465988
616.225010 -134.285675
616.225019 -135.345261
616.225029 -136.495163
616.225038 -137.202057
616.225048 -136.035675
616.225058 -134.361832
616.225067 -132.672302
616.225077 -131.173874
616.225087 -129.912277
616.225096 -128.906952
616.225106 -128.161942
616.225115 -127.676277
616.225125 -127.455040
616.225135 -127.435738
616.225144 -127.510033
616.225154 -127.859993
616.225163 -128.532089
616.225173 -129.563095
616.225183 -130.991409
616.225192 -132.812180
616.225202 -134.776733
616.225212 -135.177124
616.225221 -133.259811
616.225231 -131.305862
616.225240 -129.676147
616.225250 -128.390717
616.225260 -127.399246
616.225269 -126.648148
616.225279 -126.093338
616.225288 -125.700325
616.225298 -125.442818
616.225308 -125.300949
616.225317 -125.258507
616.225327 -125.258217
616.225337 -125.290504
616.225346 -125.391289
616.225356 -125.543114
616.225365 -125.725166
616.225375 -125.915306
616.225385 -126.095253
616.225394 -126.256203
616.225404 -126.403137
616.225413 -126.553459
616.225423 -126.731567
616.225433 -126.960976
616.225442 -127.257515
616.225452 -127.624146
616.225462 -128.048096
616.225471 -128.499023
616.225481 -128.929565
616.225490 -129.280624
616.225500 -129.493332
616.225510 -129.373749
616.225519 -129.062057
616.225529 -128.644409
616.225538 -128.180176
616.225548 -127.721931
616.225558 -127.308876
616.225567 -126.959785
616.225577 -126.691216
616.225587 -126.506027
616.225596 -126.397697
616.225606 -126.356056
616.225615 -126.346817
616.225625 -126.367859
616.225635 -126.433083
616.225644 -126.544296
616.225654 -126.712875
616.225663 -126.957001
616.225673 -127.302475
616.225683 -127.777573
616.225692 -128.400528
616.225702 -129.202744
616.225712 -130.181107
616.225721 -131.272583
616.225731 -132.291061
616.225740 -132.775482
616.225750 -132.001587
616.225760 -130.929520
616.225769 -129.861908
616.225779 -128.944031
616.225788 -128.220123
616.225798 -127.678909
616.225808 -127.320869
616.225817 -127.117210
616.225827 -127.029991
616.225837 -126.993217
616.225846 -126.983063
616.225856 -126.930420
616.225865 -126.744972
616.225875 -126.412689
616.225885 -125.941902
616.225894 -125.374786
616.225904 -124.768677
616.225913 -124.179359
616.225923 -123.651512
616.225933 -123.217552
616.225942 -122.895844
616.225952 -122.700745
616.225962 -122.644096
616.225971 -122.644981
616.225981 -122.732582
616.225990 -122.963921
616.226000 -123.336761
616.226010 -123.846046
616.226019 -124.483559
616.226029 -125.236908
616.226038 -126.088295
616.226048 -127.012741
616.226058 -127.975800
616.226067 -128.932236
616.226077 -129.824890
616.226087 -130.589691
616.226096 -131.165176
616.226106 -131.512314
616.226115 -131.571014
616.226125 -131.407303
616.226135 -131.228149
616.226144 -131.112137
616.226154 -131.090439
616.226163 -131.121765
616.226173 -131.302414
616.226183 -131.684982
616.226192 -132.286530
616.226202 -133.109970
616.226212 -134.138641
616.226221 -135.330154
616.226231 -136.610596
616.226240 -137.883179
616.226250 -139.047241
616.226260 -139.958206
616.226269 -140.201263
616.226279 -139.098190
616.226288 -137.380676
616.226298 -135.489212
616.226308 -133.716293
616.226317 -132.185242
616.226327 -130.929764
616.226337 -129.949265
616.226346 -129.230820
616.226356 -128.759567
616.226365 -128.519882
616.226375 -128.459305
616.226385 -128.490707
616.226394 -128.669708
616.226404 -129.016068
616.226413 -129.499420
616.226423 -130.067459
616.226433 -130.646118
616.226442 -131.143814
616.226452 -131.466019
616.226462 -131.393341
616.226471 -131.008102
616.226481 -130.450302
616.226490 -129.773636
616.226500 -129.022064
616.226510 -128.254715
616.226519 -127.519569
616.226529 -126.856598
616.226538 -126.298653
616.226548 -125.871719
616.226558 -125.594765
616.226567 -125.479813
616.226577 -125.476349
616.226587 -125.535866
616.226596 -125.771736
616.226606 -126.190742
616.226615 -126.793777
616.226625 -127.578339
616.226635 -128.538895
616.226644 -129.666580
616.226654 -130.951233
616.226663 -132.383636
616.226673 -133.956802
616.226683 -135.623383
616.226692 -137.304703
616.226702 -138.746231
616.226712 -139.018646
616.226721 -137.835312
616.226731 -136.448654
616.226740 -135.168655
616.226750 -134.085449
616.226760 -133.189316
616.226769 -132.442184
616.226779 -131.804260
616.226788 -131.229050
616.226798 -130.680450
616.226808 -130.136261
616.226817 -129.591797
616.226827 -129.057877
616.226837 -128.558273
616.226846 -128.124466
616.226856 -127.792747
616.226865 -127.600952
616.226875 -127.569267
616.226885 -127.589546
616.226894 -127.801018
616.226904 -128.290237
616.226913 -129.129333
616.226923 -130.429916
616.226933 -132.391983
616.226942 -135.450653
616.226952 -140.912323
616.226962 -141.843735
616.226971 -135.692200
616.226981 -132.271164
616.226990 -130.015167
616.227000 -128.425812
616.227010 -127.276482
616.227019 -126.440559
616.227029 -125.836189
616.227038 -125.404732
616.227048 -125.101761
616.227058 -124.893051
616.227067 -124.753899
616.227077 -124.668739
616.227087 -124.629745
616.227096 -124.623352
616.227106 -124.644684
616.227115 -124.717995
616.227125 -124.865593
616.227135 -125.103775
616.227144 -125.447853
616.227154 -125.909218
616.227163 -126.481819
616.227173 -127.149742
616.227183 -127.878815
616.227192 -128.586273
616.227202 -129.144363
616.227212 -129.318619
616.227221 -128.903778
616.227231 -128.292419
616.227240 -127.608185
616.227250 -126.932495
616.227260 -126.291542
616.227269 -125.707954
616.227279 -125.179832
616.227288 -124.695824
616.227298 -124.244804
616.227308 -123.818604
616.227317 -123.412857
616.227327 -123.026497
616.227337 -122.660591
616.227346 -122.312408
616.227356 -121.996964
616.227365 -121.723953
616.227375 -121.505608
616.227385 -121.356613
616.227394 -121.292885
616.227404 -121.287575
616.227413 -121.330894
616.227423 -121.485725
616.227433 -121.770897
616.227442 -122.197433
616.227452 -122.773979
616.227462 -123.506493
616.227471 -124.398964
616.227481 -125.453316
616.227490 -126.666786
616.227500 -128.038971
616.227510 -129.571716
616.227519 -131.261063
616.227529 -133.088150
616.227538 -134.981979
616.227548 -136.724976
616.227558 -137.834076
616.227567 -136.810196
616.227577 -135.332809
616.227587 -133.812042
616.227596 -132.415710
616.227606 -131.196472
616.227615 -130.163086
616.227625 -129.322708
616.227635 -128.684937
616.227644 -128.257156
616.227654 -128.051926
616.227663 -128.032608
616.227673 -128.089371
616.227683 -128.399536
616.227692 -129.028946
616.227702 -130.053329
616.227712 -131.605804
616.227721 -133.951050
616.227731 -137.742050
616.227740 -145.590195
616.227750 -139.253159
616.227760 -134.583832
616.227769 -131.770721
616.227779 -129.895981
616.227788 -128.626495
616.227798 -127.806633
616.227808 -127.355141
616.227817 -127.226944
616.227827 -127.228188
616.227837 -127.405006
616.227846 -127.877998
616.227856 -128.649368
616.227865 -129.720276
616.227875 -131.063858
616.227885 -132.546402
616.227894 -133.769485
616.227904 -133.269669
616.227913 -131.897125
616.227923 -130.514648
616.227933 -129.355347
616.227942 -128.479050
616.227952 -127.890343
616.227962 -127.583275
616.227971 -127.530975
616.227981 -127.556778
616.227990 -127.815262
616.228000 -128.370972
616.228010 -129.263351
616.228019 -130.531982
616.228029 -132.201187
616.228038 -134.161255
616.228048 -135.786789
616.228058 -134.243118
616.228067 -132.316788
616.228077 -130.677551
616.228087 -129.437164
616.228096 -128.568283
616.228106 -128.015289
616.228115 -127.731873
616.228125 -127.671402
616.228135 -127.685814
616.228144 -127.832451
616.228154 -128.118210
616.228163 -128.476028
616.228173 -128.824158
616.228183 -129.079117
616.228192 -129.111588
616.228202 -128.905807
616.228212 -128.618912
616.228221 -128.305954
616.228231 -128.007202
616.228240 -127.746208
616.228250 -127.532806
616.228260 -127.365601
616.228269 -127.217049
616.228279 -127.072327
616.228288 -126.903831
616.228298 -126.671761
616.228308 -126.341713
616.228317 -125.897903
616.228327 -125.352127
616.228337 -124.739380
616.228346 -124.106071
616.228356 -123.496414
616.228365 -122.945694
616.228375 -122.478279
616.228385 -122.109215
616.228394 -121.846596
616.228404 -121.694000
616.228413 -121.640388
616.228423 -121.645615
616.228433 -121.720024
616.228442 -121.896095
616.228452 -122.178703
616.228462 -122.566826
616.228471 -123.061111
616.228481 -123.664337
616.228490 -124.382950
616.228500 -125.227997
616.228510 -126.217018
616.228519 -127.375511
616.228529 -128.739197
616.228538 -130.356750
616.228548 -132.291672
616.228558 -134.615540
616.228567 -137.344833
616.228577 -140.115662
616.228587 -140.478134
616.228596 -138.655563
616.228606 -137.052567
616.228615 -135.822418
616.228625 -134.895294
616.228635 -134.168427
616.228644 -133.565933
616.228654 -133.037018
616.228663 -132.542480
616.228673 -132.064194
616.228683 -131.602768
616.228692 -131.170197
616.228702 -130.784119
616.228712 -130.460464
616.228721 -130.210052
616.228731 -130.036011
616.228740 -129.933517
616.228750 -129.887131
616.228760 -129.873932
616.228769 -129.893387
616.228779 -129.928909
616.228788 -129.995407
616.228798 -130.106537
616.228808 -130.294113
616.228817 -130.606354
616.228827 -131.105576
616.228837 -131.867477
616.228846 -132.985199
616.228856 -134.570938
616.228865 -136.709457
616.228875 -139.073364
616.228885 -137.395569
616.228894 -134.467834
616.228904 -132.027878
616.228913 -130.127670
616.228923 -128.667038
616.228933 -127.559143
616.228942 -126.743164
616.228952 -126.172142
616.228962 -125.824226
616.228971 -125.685890
616.228981 -125.679382
616.228990 -125.750755
616.229000 -126.020180
616.229010 -126.505287
616.229019 -127.228424
616.229029 -128.228180
616.229038 -129.568329
616.229048 -131.358704
616.229058 -133.805511
616.229067 -137.330048
616.229077 -143.093414
616.229087 -142.626953
616.229096 -137.779984
616.229106 -134.922470
616.229115 -133.076035
616.229125 -131.854172
616.229135 -131.070404
616.229144 -130.626022
616.229154 -130.464401
616.229163 -130.457657
616.229173 -130.553101
616.229183 -130.871033
616.229192 -131.383972
616.229202 -132.069672
616.229212 -132.869186
616.229221 -133.651337
616.229231 -134.197754
616.229240 -133.817947
616.229250 -132.986481
616.229260 -132.011978
616.229269 -131.052780
616.229279 -130.178513
616.229288 -129.399109
616.229298 -128.693268
616.229308 -128.052383
616.229317 -127.455925
616.229327 -126.892426
616.229337 -126.362740
616.229346 -125.878242
616.229356 -125.456902
616.229365 -125.117760
616.229375 -124.867935
616.229385 -124.723236
616.229394 -124.683594
616.229404 -124.689102
616.229413 -124.760498
616.229423 -124.924812
616.229433 -125.164780
616.229442 -125.462448
616.229452 -125.805176
616.229462 -126.192062
616.229471 -126.638428
616.229481 -127.177162
616.229490 -127.857582
616.229500 -128.744659
616.229510 -129.921677
616.229519 -131.464905
616.229529 -133.489319
616.229538 -135.944458
616.229548 -136.582962
616.229558 -133.714294
616.229567 -131.029800
616.229577 -128.867828
616.229587 -127.161263
616.229596 -125.816475
616.229606 -124.760468
616.229615 -123.952095
616.229625 -123.354904
616.229635 -122.940720
616.229644 -122.686272
616.229654 -122.570419
616.229663 -122.554832
616.229673 -122.573105
616.229683 -122.674370
616.229692 -122.855095
616.229702 -123.098129
616.229712 -123.390137
616.229721 -123.722900
616.229731 -124.094849
616.229740 -124.510452
616.229750 -124.974976
616.229760 -125.513695
616.229769 -126.151169
616.229779 -126.918488
616.229788 -127.855690
616.229798 -129.016113
616.229808 -130.475723
616.229817 -132.352478
616.229827 -134.855774
616.229837 -138.436508
616.229846 -144.435562
616.229856 -145.754578
616.229865 -140.080856
616.229875 -137.007935
616.229885 -135.019669
616.229894 -133.618484
616.229904 -132.577286
616.229913 -131.776123
616.229923 -131.152664
616.229933 -130.680313
616.229942 -130.354736
616.229952 -130.184204
616.229962 -130.155136
616.229971 -130.182022
616.229981 -130.355499
616.229990 -130.708572
616.230000 -131.252701
616.230010 -131.972656
616.230019 -132.821777
616.230029 -133.697983
616.230038 -134.427811
616.230048 -134.745834
616.230058 -134.327972
616.230067 -133.752396
616.230077 -133.184967
616.230087 -132.711182
616.230096 -132.313965
616.230106 -131.989746
616.230115 -131.665741
616.230125 -131.253830
616.230135 -130.690903
616.230144 -129.975082
616.230154 -129.168381
616.230163 -128.361938
616.230173 -127.640060
616.230183 -127.063652
616.230192 -126.669815
616.230202 -126.477074
616.230212 -126.442398
616.230221 -126.490349
616.230231 -126.702866
616.230240 -127.096519
616.230250 -127.640808
616.230260 -128.291061
616.230269 -128.988800
616.230279 -129.664291
616.230288 -130.242813
616.230298 -130.631241
616.230308 -130.670319
616.230317 -130.316833
616.230327 -129.794907
616.230337 -129.208817
616.230346 -128.661880
616.230356 -128.235748
616.230365 -127.987823
616.230375 -127.935280
616.230385 -127.956192
616.230394 -128.166794
616.230404 -128.638107
616.230413 -129.385803
616.230423 -130.422470
616.230433 -131.754578
616.230442 -133.368698
616.230452 -135.198776
616.230462 -137.056900
616.230471 -138.572815
616.230481 -139.290588
616.230490 -138.687759
616.230500 -137.700638
616.230510 -136.498138
616.230519 -135.153168
616.230529 -133.760742
616.230538 -132.420700
616.230548 -131.206085
616.230558 -130.157288
616.230567 -129.288376
616.230577 -128.595230
616.230587 -128.057770
616.230596 -127.669304
616.230606 -127.411514
616.230615 -127.269569
616.230625 -127.229294
616.230635 -127.235092
616.230644 -127.310715
616.230654 -127.510933
616.230663 -127.864586
616.230673 -128.413406
616.230683 -129.198853
616.230692 -130.297531
616.230702 -131.799026
616.230712 -133.792252
616.230721 -136.252350
616.230731 -138.458267
616.230740 -136.500687
616.230750 -134.406174
616.230760 -132.804611
616.230769 -131.692627
616.230779 -130.968201
616.230788 -130.522995
616.230798 -130.251846
616.230808 -130.053406
616.230817 -129.843307
616.230827 -129.572128
616.230837 -129.236771
616.230846 -128.870651
616.230856 -128.522995
616.230865 -128.239838
616.230875 -128.056641
616.230885 -127.995255
616.230894 -127.995506
616.230904 -128.085648
616.230913 -128.336014
616.230923 -128.772446
616.230933 -129.418137
616.230942 -130.325424
616.230952 -131.561417
616.230962 -133.231522
616.230971 -135.507339
616.230981 -138.659546
616.230990 -142.764572
616.231000 -141.125702
