616.131000 -125.424850
616.131010 -125.158463
616.131019 -125.120659
616.131029 -125.146835
616.131038 -125.388695
616.131048 -125.886597
616.131058 -126.639977
616.131067 -127.633553
616.131077 -128.798355
616.131087 -129.938385
616.131096 -130.570572
616.131106 -129.716965
616.131115 -128.522812
616.131125 -127.337364
616.131135 -126.314964
616.131144 -125.498367
616.131154 -124.883331
616.131163 -124.450897
616.131173 -124.174225
616.131183 -124.022224
616.131192 -123.973244
616.131202 -123.970558
616.131212 -123.998703
616.131221 -124.068115
616.131231 -124.153481
616.131240 -124.229126
616.131250 -124.275925
616.131260 -124.278595
616.131269 -124.252495
616.131279 -124.233627
616.131288 -124.233238
616.131298 -124.266548
616.131308 -124.361618
616.131317 -124.547691
616.131327 -124.844055
616.131337 -125.264313
616.131346 -125.818558
616.131356 -126.512291
616.131365 -127.349403
616.131375 -128.331467
616.131385 -129.461273
616.131394 -130.742065
616.131404 -132.180023
616.131413 -133.777359
616.131423 -135.516739
616.131433 -137.307739
616.131442 -138.885376
616.131452 -139.715942
616.131462 -139.015549
616.131471 -138.213379
616.131481 -137.652298
616.131490 -137.491776
616.131500 -137.500153
616.131510 -137.875824
616.131519 -138.912323
616.131529 -140.807205
616.131538 -143.622925
616.131548 -142.176666
616.131558 -138.350418
616.131567 -135.451981
616.131577 -133.350510
616.131587 -131.846817
616.131596 -130.789673
616.131606 -130.100922
616.131615 -129.714630
616.131625 -129.570618
616.131635 -129.565399
616.131644 -129.608521
616.131654 -129.766739
616.131663 -129.983047
616.131673 -130.208511
616.131683 -130.417648
616.131692 -130.619522
616.131702 -130.849152
616.131712 -131.158279
616.131721 -131.598557
616.131731 -132.218933
616.131740 -133.062546
616.131750 -134.173187
616.131760 -135.566010
616.131769 -137.300629
616.131779 -139.353439
616.131788 -141.421234
616.131798 -141.669022
616.131808 -139.800827
616.131817 -137.920151
616.131827 -136.344498
616.131837 -135.107727
616.131846 -134.183716
616.131856 -133.549683
616.131865 -133.189209
616.131875 -133.076248
616.131885 -133.076416
616.131894 -133.197174
616.131904 -133.506500
616.131913 -133.891891
616.131923 -134.010910
616.131933 -133.359024
616.131942 -132.321732
616.131952 -131.154221
616.131962 -130.052048
616.131971 -129.116272
616.131981 -128.381790
616.131990 -127.852814
616.132000 -127.516808
616.132010 -127.355232
616.132019 -127.331825
616.132029 -127.343620
616.132038 -127.454903
616.132048 -127.656624
616.132058 -127.914108
616.132067 -128.189102
616.132077 -128.444885
616.132087 -128.648422
616.132096 -128.778366
616.132106 -128.804337
616.132115 -128.732346
616.132125 -128.642563
616.132135 -128.566879
616.132144 -128.535980
616.132154 -128.535980
616.132163 -128.574265
616.132173 -128.701538
616.132183 -128.932251
616.132192 -129.279678
616.132202 -129.756744
616.132212 -130.382141
616.132221 -131.182831
616.132231 -132.202194
616.132240 -133.506409
616.132250 -135.202377
616.132260 -137.446106
616.132269 -140.525970
616.132279 -144.885239
616.132288 -145.942337
616.132298 -142.225433
616.132308 -139.886215
616.132317 -138.551254
616.132327 -137.942062
616.132337 -137.873672
616.132346 -137.951385
616.132356 -138.516464
616.132365 -139.568741
616.132375 -140.868515
616.132385 -140.962952
616.132394 -139.057495
616.132404 -136.952988
616.132413 -135.105560
616.132423 -133.587158
616.132433 -132.364243
616.132442 -131.383423
616.132452 -130.596756
616.132462 -129.962631
616.132471 -129.448517
616.132481 -129.028595
616.132490 -128.685226
616.132500 -128.406631
616.132510 -128.187653
616.132519 -128.025879
616.132529 -127.921776
616.132538 -127.874847
616.132548 -127.871925
616.132558 -127.883232
616.132567 -127.941574
616.132577 -128.041840
616.132587 -128.173828
616.132596 -128.328506
616.132606 -128.500137
616.132615 -128.691116
616.132625 -128.913696
616.132635 -129.192307
616.132644 -129.563370
616.132654 -130.071808
616.132663 -130.779694
616.132673 -131.771576
616.132683 -133.157227
616.132692 -135.087952
616.132702 -137.741501
616.132712 -140.892853
616.132721 -139.047806
616.132731 -136.069321
616.132740 -133.881836
616.132750 -132.382736
616.132760 -131.423920
616.132769 -130.901169
616.132779 -130.745117
616.132788 -130.745270
616.132798 -130.903137
616.132808 -131.327454
616.132817 -131.964447
616.132827 -132.746384
616.132837 -133.578445
616.132846 -134.341888
616.132856 -134.908997
616.132865 -135.165619
616.132875 -134.887146
616.132885 -134.424164
616.132894 -133.865173
616.132904 -133.281509
616.132913 -132.714264
616.132923 -132.186523
616.132933 -131.706314
616.132942 -131.270493
616.132952 -130.870071
616.132962 -130.494873
616.132971 -130.140472
616.132981 -129.811264
616.132990 -129.522751
616.133000 -129.297485
616.133010 -129.161987
616.133019 -129.133377
616.133029 -129.140045
616.133038 -129.250244
616.133048 -129.499847
616.133058 -129.883972
616.133067 -130.378204
616.133077 -130.936951
616.133087 -131.490005
616.133096 -131.956619
616.133106 -132.269897
616.133115 -132.411423
616.133125 -132.356384
616.133135 -132.300674
616.133144 -132.292831
616.133154 -132.305054
616.133163 -132.405685
616.133173 -132.624588
616.133183 -132.977524
616.133192 -133.480270
616.133202 -134.157059
616.133212 -135.042328
616.133221 -136.216248
616.133231 -137.805954
616.133240 -140.060638
616.133250 -143.559280
616.133260 -150.363403
616.133269 -145.967850
616.133279 -140.704926
616.133288 -137.448883
616.133298 -135.147308
616.133308 -133.432510
616.133317 -132.132492
616.133327 -131.155426
616.133337 -130.450607
616.133346 -129.989792
616.133356 -129.759338
616.133365 -129.728516
616.133375 -129.751450
616.133385 -129.958939
616.133394 -130.384598
616.133404 -131.017624
616.133413 -131.825653
616.133423 -132.741272
616.133433 -133.646011
616.133442 -134.392685
616.133452 -134.876282
616.133462 -135.118805
616.133471 -135.246704
616.133481 -135.378845
616.133490 -135.549988
616.133500 -135.754913
616.133510 -135.683167
616.133519 -135.176254
616.133529 -134.431168
616.133538 -133.616638
616.133548 -132.865219
616.133558 -132.236862
616.133567 -131.735641
616.133577 -131.328568
616.133587 -130.968475
616.133596 -130.610550
616.133606 -130.233566
616.133615 -129.846024
616.133625 -129.484375
616.133635 -129.197617
616.133644 -129.037430
616.133654 -129.019287
616.133663 -129.050003
616.133673 -129.277573
616.133683 -129.759476
616.133692 -130.536758
616.133702 -131.650818
616.133712 -133.128464
616.133721 -134.908127
616.133731 -136.600647
616.133740 -136.299835
616.133750 -134.649094
616.133760 -133.094513
616.133769 -131.887512
616.133779 -131.049866
616.133788 -130.552094
616.133798 -130.358658
616.133808 -130.349854
616.133817 -130.424606
616.133827 -130.735825
616.133837 -131.261307
616.133846 -131.962540
616.133856 -132.785812
616.133865 -133.659592
616.133875 -134.500427
616.133885 -135.239059
616.133894 -135.851715
616.133904 -136.369553
616.133913 -136.848785
616.133923 -137.283997
616.133933 -137.667801
616.133942 -137.875793
616.133952 -137.530380
616.133962 -136.958786
616.133971 -136.318588
616.133981 -135.749100
616.133990 -135.329391
616.134000 -135.087646
616.134010 -135.009323
616.134019 -135.008850
616.134029 -135.044586
616.134038 -135.096741
616.134048 -134.911789
616.134058 -134.513107
616.134067 -133.935211
616.134077 -133.259995
616.134087 -132.574982
616.134096 -131.945755
616.134106 -131.415131
616.134115 -131.006516
616.134125 -130.734375
616.134135 -130.606720
616.134144 -130.598312
616.134154 -130.631561
616.134163 -130.815735
616.134173 -131.169296
616.134183 -131.703873
616.134192 -132.437149
616.134202 -133.391754
616.134212 -134.602097
616.134221 -136.115494
616.134231 -137.973969
616.134240 -140.251160
616.134250 -142.864319
616.134260 -144.674591
616.134269 -142.528641
616.134279 -140.279327
616.134288 -138.445023
616.134298 -137.038406
616.134308 -135.994202
616.134317 -135.276535
616.134327 -134.848633
616.134337 -134.676315
616.134346 -134.667694
616.134356 -134.731735
616.134365 -134.978729
616.134375 -135.342163
616.134385 -135.689804
616.134394 -135.571930
616.134404 -134.890854
616.134413 -133.924469
616.134423 -132.866669
616.134433 -131.861633
616.134442 -130.987366
616.134452 -130.276917
616.134462 -129.739380
616.134471 -129.369308
616.134481 -129.165253
616.134490 -129.113205
616.134500 -129.114990
616.134510 -129.200714
616.134519 -129.400925
616.134529 -129.689713
616.134538 -130.028687
616.134548 -130.365311
616.134558 -130.632553
616.134567 -130.672028
616.134577 -130.350037
616.134587 -129.806625
616.134596 -129.097305
616.134606 -128.292435
616.134615 -127.458893
616.134625 -126.648819
616.134635 -125.900620
616.134644 -125.240105
616.134654 -124.684914
616.134663 -124.245979
616.134673 -123.930298
616.134683 -123.740814
616.134692 -123.678261
616.134702 -123.675484
616.134712 -123.740280
616.134721 -123.921906
616.134731 -124.214737
616.134740 -124.607971
616.134750 -125.087013
616.134760 -125.635406
616.134769 -126.234566
616.134779 -126.867279
616.134788 -127.518059
616.134798 -128.176163
616.134808 -128.832718
616.134817 -129.474518
616.134827 -130.070023
616.134837 -130.599274
616.134846 -131.011246
616.134856 -131.246979
616.134865 -131.071106
616.134875 -130.714371
616.134885 -130.273407
616.134894 -129.824585
616.134904 -129.427780
616.134913 -129.123413
616.134923 -128.931503
616.134933 -128.881027
616.134942 -128.884048
616.134952 -128.999817
616.134962 -129.297119
616.134971 -129.799286
616.134981 -130.532852
616.134990 -131.526886
616.135000 -132.794678
616.135010 -134.280014
616.135019 -135.696030
616.135029 -135.704376
616.135038 -134.199936
616.135048 -132.580658
616.135058 -131.190781
616.135067 -130.117310
616.135077 -129.362854
616.135087 -128.913300
616.135096 -128.756500
616.135106 -128.756180
616.135115 -128.880630
616.135125 -129.284851
616.135135 -129.977112
616.135144 -130.936768
616.135154 -132.057541
616.135163 -132.996933
616.135173 -132.047516
616.135183 -130.275345
616.135192 -128.400848
616.135202 -126.706963
616.135212 -125.270706
616.135221 -124.097931
616.135231 -123.176132
616.135240 -122.491653
616.135250 -122.033066
616.135260 -121.791832
616.135269 -121.748154
616.135279 -121.760994
616.135288 -121.933548
616.135298 -122.299950
616.135308 -122.846100
616.135317 -123.549156
616.135327 -124.372871
616.135337 -125.257996
616.135346 -126.119713
616.135356 -126.858154
616.135365 -127.359840
616.135375 -127.371674
616.135385 -126.924019
616.135394 -126.311256
616.135404 -125.658707
616.135413 -125.068237
616.135423 -124.611679
616.135433 -124.333786
616.135442 -124.257736
616.135452 -124.260422
616.135462 -124.402672
616.135471 -124.758842
616.135481 -125.312485
616.135490 -126.027138
616.135500 -126.836258
616.135510 -127.637878
616.135519 -128.306107
616.135529 -128.737000
616.135538 -128.865524
616.135548 -128.716553
616.135558 -128.535141
616.135567 -128.365326
616.135577 -128.207367
616.135587 -128.079056
616.135596 -127.973877
616.135606 -127.886398
616.135615 -127.813866
616.135625 -127.757629
616.135635 -127.719345
616.135644 -127.700691
616.135654 -127.698479
616.135663 -127.700806
616.135673 -127.713768
616.135683 -127.744041
616.135692 -127.792877
616.135702 -127.863182
616.135712 -127.954521
616.135721 -128.069824
616.135731 -128.212357
616.135740 -128.374878
616.135750 -128.542953
616.135760 -128.696167
616.135769 -128.817703
616.135779 -128.902374
616.135788 -128.964584
616.135798 -129.034042
616.135808 -129.148193
616.135817 -129.337692
616.135827 -129.616486
616.135837 -129.969223
616.135846 -130.343872
616.135856 -130.648132
616.135865 -130.645706
616.135875 -130.277817
616.135885 -129.760773
616.135894 -129.209778
616.135904 -128.719116
616.135913 -128.348694
616.135923 -128.118713
616.135933 -128.043991
616.135942 -128.044113
616.135952 -128.125336
616.135962 -128.340515
616.135971 -128.655869
616.135981 -129.025757
616.135990 -129.400391
616.136000 -129.734711
616.136010 -130.001907
616.136019 -130.195343
616.136029 -130.322540
616.136038 -130.359039
616.136048 -130.251144
616.136058 -130.042923
616.136067 -129.732819
616.136077 -129.344086
616.136087 -128.921753
616.136096 -128.520508
616.136106 -128.193298
616.136115 -127.986237
616.136125 -127.933434
616.136135 -127.938530
616.136144 -128.086288
616.136154 -128.465668
616.136163 -129.109741
616.136173 -130.076691
616.136183 -131.433090
616.136192 -133.249313
616.136202 -135.514648
616.136212 -137.691666
616.136221 -136.266388
616.136231 -134.043198
616.136240 -132.221481
616.136250 -130.880615
616.136260 -129.957031
616.136269 -129.370575
616.136279 -129.080231
616.136288 -129.028305
616.136298 -129.040390
616.136308 -129.211548
616.136317 -129.554962
616.136327 -130.032547
616.136337 -130.603790
616.136346 -131.229126
616.136356 -131.871765
616.136365 -132.506363
616.136375 -133.122131
616.136385 -133.728882
616.136394 -134.352051
616.136404 -135.025528
616.136413 -135.762512
616.136423 -136.501602
616.136433 -136.828751
616.136442 -135.722137
616.136452 -133.977432
616.136462 -132.079620
616.136471 -130.319275
616.136481 -128.806732
616.136490 -127.568161
616.136500 -126.600624
616.136510 -125.892036
616.136519 -125.429420
616.136529 -125.200226
616.136538 -125.169571
616.136548 -125.193573
616.136558 -125.398170
616.136567 -125.801971
616.136577 -126.389557
616.136587 -127.139580
616.136596 -128.019089
616.136606 -128.978073
616.136615 -129.943176
616.136625 -130.821854
616.136635 -131.521530
616.136644 -131.990677
616.136654 -132.246887
616.136663 -132.371506
616.136673 -132.466873
616.136683 -132.618912
616.136692 -132.932388
616.136702 -133.468994
616.136712 -134.256256
616.136721 -135.239426
616.136731 -136.159592
616.136740 -135.757156
616.136750 -134.368759
616.136760 -132.912338
616.136769 -131.731918
616.136779 -130.950821
616.136788 -130.609268
616.136798 -130.578308
616.136808 -130.723846
616.136817 -131.295792
616.136827 -132.269638
616.136837 -133.387848
616.136846 -133.308548
616.136856 -131.770630
616.136865 -130.156418
616.136875 -128.864166
616.136885 -127.992958
616.136894 -127.545441
616.136904 -127.463196
616.136913 -127.482788
616.136923 -127.784554
616.136933 -128.408997
616.136942 -129.252365
616.136952 -130.097183
616.136962 -130.441620
616.136971 -129.719498
616.136981 -128.752014
616.136990 -127.811409
616.137000 -127.024338
616.137010 -126.426353
616.137019 -126.011765
616.137029 -125.759598
616.137038 -125.646614
616.137048 -125.635971
616.137058 -125.655663
616.137067 -125.765114
616.137077 -125.949432
616.137087 -126.188225
616.137096 -126.459999
616.137106 -126.740219
616.137115 -127.006844
616.137125 -127.243713
616.137135 -127.446136
616.137144 -127.619980
616.137154 -127.771263
616.137163 -127.905823
616.137173 -128.033096
616.137183 -128.137238
616.137192 -128.147446
616.137202 -127.995644
616.137212 -127.738503
616.137221 -127.414375
616.137231 -127.079498
616.137240 -126.792595
616.137250 -126.603104
616.137260 -126.547958
616.137269 -126.549965
616.137279 -126.662643
616.137288 -126.965614
616.137298 -127.482178
616.137308 -128.239395
616.137317 -129.271011
616.137327 -130.623657
616.137337 -132.358444
616.137346 -134.542557
616.137356 -137.150162
616.137365 -139.586105
616.137375 -138.350235
616.137385 -136.251038
616.137394 -134.513916
616.137404 -133.189850
616.137413 -132.205582
616.137423 -131.491089
616.137433 -130.993881
616.137442 -130.678833
616.137452 -130.522858
616.137462 -130.494781
616.137471 -130.513657
616.137481 -130.645554
616.137490 -130.919403
616.137500 -131.339752
616.137510 -131.915298
616.137519 -132.656113
616.137529 -133.573715
616.137538 -134.676468
616.137548 -135.968063
616.137558 -137.436707
616.137567 -139.045593
616.137577 -140.707123
616.137587 -142.258163
616.137596 -143.432678
616.137606 -143.451904
616.137615 -142.176453
616.137625 -140.424118
616.137635 -138.531662
616.137644 -136.698486
616.137654 -135.016891
616.137663 -133.508743
616.137673 -132.182159
616.137683 -131.026642
616.137692 -130.025772
616.137702 -129.164459
616.137712 -128.429886
616.137721 -127.814117
616.137731 -127.313400
616.137740 -126.928665
616.137750 -126.664597
616.137760 -126.528526
616.137769 -126.511024
616.137779 -126.528915
616.137788 -126.674057
616.137798 -126.970520
616.137808 -127.421936
616.137817 -128.027283
616.137827 -128.778931
616.137837 -129.660431
616.137846 -130.643311
616.137856 -131.682663
616.137865 -132.691238
616.137875 -133.567612
616.137885 -134.169373
616.137894 -134.012756
616.137904 -133.262863
616.137913 -132.274796
616.137923 -131.226456
616.137933 -130.233963
616.137942 -129.357269
616.137952 -128.617355
616.137962 -128.014374
616.137971 -127.535934
616.137981 -127.164551
616.137990 -126.879959
616.138000 -126.660179
616.138010 -126.486328
616.138019 -126.346703
616.138029 -126.230743
616.138038 -126.130753
616.138048 -126.042610
616.138058 -125.964142
616.138067 -125.895691
616.138077 -125.838959
616.138087 -125.797958
616.138096 -125.778481
616.138106 -125.777870
616.138115 -125.789055
616.138125 -125.840172
616.138135 -125.944221
616.138144 -126.113922
616.138154 -126.360710
616.138163 -126.691727
616.138173 -127.105927
616.138183 -127.588364
616.138192 -128.102097
616.138202 -128.581924
616.138212 -128.936646
616.138221 -128.948700
616.138231 -128.584381
616.138240 -128.062469
616.138250 -127.473579
616.138260 -126.884026
616.138269 -126.314331
616.138279 -125.783424
616.138288 -125.290451
616.138298 -124.819145
616.138308 -124.353249
616.138317 -123.883194
616.138327 -123.409409
616.138337 -122.942535
616.138346 -122.500404
616.138356 -122.103813
616.138365 -121.773079
616.138375 -121.525406
616.138385 -121.374405
616.138394 -121.329239
616.138404 -121.329811
616.138413 -121.398445
616.138423 -121.584152
616.138433 -121.889214
616.138442 -122.311050
616.138452 -122.854729
616.138462 -123.521004
616.138471 -124.310707
616.138481 -125.224556
616.138490 -126.263222
616.138500 -127.426033
616.138510 -128.709229
616.138519 -130.101669
616.138529 -131.577988
616.138538 -133.090149
616.138548 -134.561920
616.138558 -135.873001
616.138567 -136.871384
616.138577 -137.413849
616.138587 -136.957489
616.138596 -136.129135
616.138606 -135.110336
616.138615 -134.042816
616.138625 -133.028244
616.138635 -132.132797
616.138644 -131.394775
616.138654 -130.835693
616.138663 -130.465042
616.138673 -130.285736
616.138683 -130.267212
616.138692 -130.294952
616.138702 -130.484497
616.138712 -130.830948
616.138721 -131.312820
616.138731 -131.885040
616.138740 -132.474991
616.138750 -132.974426
616.138760 -133.196320
616.138769 -132.785706
616.138779 -132.095078
616.138788 -131.249863
616.138798 -130.362305
616.138808 -129.510208
616.138817 -128.737656
616.138827 -128.067078
616.138837 -127.506584
616.138846 -127.057533
616.138856 -126.716515
616.138865 -126.479034
616.138875 -126.339355
616.138885 -126.290367
616.138894 -126.290176
616.138904 -126.328140
616.138913 -126.451233
616.138923 -126.658821
616.138933 -126.952003
616.138942 -127.335526
616.138952 -127.817558
616.138962 -128.410995
616.138971 -129.133896
616.138981 -130.010818
616.138990 -131.075180
616.139000 -132.373993
616.139010 -133.975021
616.139019 -135.980225
616.139029 -138.529633
616.139038 -141.679565
616.139048 -143.472137
616.139058 -140.518753
616.139067 -137.943314
616.139077 -136.016220
616.139087 -134.593796
616.139096 -133.562241
616.139106 -132.839203
616.139115 -132.347992
616.139125 -132.020264
616.139135 -131.789200
616.139144 -131.595734
616.139154 -131.397552
616.139163 -131.181610
616.139173 -130.964706
616.139183 -130.785187
616.139192 -130.687576
616.139202 -130.673065
616.139212 -130.712296
616.139221 -130.889816
616.139231 -131.240326
616.139240 -131.775848
616.139250 -132.500336
616.139260 -133.413712
616.139269 -134.509811
616.139279 -135.761795
616.139288 -137.125061
616.139298 -138.509445
616.139308 -139.761307
616.139317 -140.676880
616.139327 -140.945419
616.139337 -140.352295
616.139346 -139.425354
616.139356 -138.319199
616.139365 -137.131592
616.139375 -135.939072
616.139385 -134.800018
616.139394 -133.752472
616.139404 -132.818039
616.139413 -132.004807
616.139423 -131.310318
616.139433 -130.744690
616.139442 -130.311676
616.139452 -130.018982
616.139462 -129.879898
616.139471 -129.868652
616.139481 -129.913269
616.139490 -130.142807
616.139500 -130.590912
616.139510 -131.292694
616.139519 -132.289505
616.139529 -133.623413
616.139538 -135.324417
616.139548 -137.346664
616.139558 -139.349304
616.139567 -139.854782
616.139577 -138.460724
616.139587 -137.082352
616.139596 -136.002625
616.139606 -135.246063
616.139615 -134.778580
616.139625 -134.563126
616.139635 -134.542542
616.139644 -134.577393
616.139654 -134.815094
616.139663 -135.290833
616.139673 -136.041306
616.139683 -137.131241
616.139692 -138.649521
616.139702 -140.652863
616.139712 -142.753387
616.139721 -140.488098
616.139731 -137.345764
616.139740 -134.623810
616.139750 -132.383621
616.139760 -130.526596
616.139769 -128.999786
616.139779 -127.754280
616.139788 -126.759674
616.139798 -125.999229
616.139808 -125.466309
616.139817 -125.160713
616.139827 -125.083420
616.139837 -125.087997
616.139846 -125.258705
616.139856 -125.681091
616.139865 -126.378540
616.139875 -127.381378
616.139885 -128.723877
616.139894 -130.436111
616.139904 -132.499466
616.139913 -134.673172
616.139923 -136.042953
616.139933 -134.828537
616.139942 -133.497818
616.139952 -132.447845
616.139962 -131.734924
616.139971 -131.320984
616.139981 -131.150345
616.139990 -131.138519
616.140000 -131.165863
616.140010 -131.310013
616.140019 -131.524475
616.140029 -131.748734
616.140038 -131.920166
616.140048 -131.871521
616.140058 -131.578522
616.140067 -131.113937
616.140077 -130.528336
616.140087 -129.888474
616.140096 -129.258316
616.140106 -128.682892
616.140115 -128.188812
616.140125 -127.802696
616.140135 -127.530678
616.140144 -127.372894
616.140154 -127.325981
616.140163 -127.323509
616.140173 -127.388268
616.140183 -127.557968
616.140192 -127.838547
616.140202 -128.237854
616.140212 -128.768845
616.140221 -129.449310
616.140231 -130.299088
616.140240 -131.315628
616.140250 -132.518631
616.140260 -133.859406
616.140269 -135.151642
616.140279 -135.855133
616.140288 -134.843277
616.140298 -133.430939
616.140308 -132.009109
616.140317 -130.737671
616.140327 -129.655746
616.140337 -128.757080
616.140346 -128.024323
616.140356 -127.438896
616.140365 -126.986320
616.140375 -126.655937
616.140385 -126.442184
616.140394 -126.343887
616.140404 -126.337646
616.140413 -126.364761
616.140423 -126.512482
616.140433 -126.799576
616.140442 -127.243103
616.140452 -127.865822
616.140462 -128.696335
616.140471 -129.770493
616.140481 -131.129623
616.140490 -132.811386
616.140500 -134.805252
616.140510 -136.895142
616.140519 -138.281876
616.140529 -137.106812
616.140538 -135.785538
616.140548 -134.754333
616.140558 -134.102097
616.140567 -133.821991
616.140577 -133.807327
616.140587 -133.893158
616.140596 -134.304932
616.140606 -135.062927
616.140615 -136.197647
616.140625 -137.772858
616.140635 -139.908752
616.140644 -142.813766
616.140654 -146.761917
616.140663 -149.652496
616.140673 -146.283463
616.140683 -143.814346
616.140692 -142.045532
616.140702 -140.553070
616.140712 -139.036835
616.140721 -137.387695
616.140731 -135.675766
616.140740 -134.033310
616.140750 -132.563187
616.140760 -131.319214
616.140769 -130.318939
616.140779 -129.561218
616.140788 -129.035065
616.140798 -128.726700
616.140808 -128.620621
616.140817 -128.620346
616.140827 -128.702118
616.140837 -128.954163
616.140846 -129.357086
616.140856 -129.881149
616.140865 -130.478165
616.140875 -131.065781
616.140885 -131.520569
616.140894 -131.489044
616.140904 -130.908127
616.140913 -130.062469
616.140923 -129.088120
616.140933 -128.092316
616.140942 -127.142860
616.140952 -126.278427
616.140962 -125.520729
616.140971 -124.881523
616.140981 -124.366837
616.140990 -123.975807
616.141000 -123.707733
616.141010 -123.557953
616.141019 -123.516159
616.141029 -123.516586
616.141038 -123.570473
616.141048 -123.702713
616.141058 -123.894135
616.141067 -124.124092
616.141077 -124.372742
616.141087 -124.623009
616.141096 -124.863373
616.141106 -125.089836
616.141115 -125.306717
616.141125 -125.526558
616.141135 -125.768944
616.141144 -126.058357
616.141154 -126.422119
616.141163 -126.887909
616.141173 -127.480812
616.141183 -128.218613
616.141192 -129.102966
616.141202 -130.102722
616.141212 -131.127151
616.141221 -132.007126
616.141231 -132.541061
616.141240 -132.439835
616.141250 -132.162201
616.141260 -132.007629
616.141269 -131.985596
616.141279 -132.095856
616.141288 -132.482025
616.141298 -133.169083
616.141308 -134.075943
616.141317 -134.955521
616.141327 -134.880737
616.141337 -133.738235
616.141346 -132.379654
616.141356 -131.102020
616.141365 -130.004517
616.141375 -129.084854
616.141385 -128.304626
616.141394 -127.645355
616.141404 -127.076469
616.141413 -126.579941
616.141423 -126.152466
616.141433 -125.802254
616.141442 -125.545677
616.141452 -125.402763
616.141462 -125.380371
616.141471 -125.395035
616.141481 -125.543938
616.141490 -125.871849
616.141500 -126.404602
616.141510 -127.176170
616.141519 -128.236633
616.141529 -129.669052
616.141538 -131.625565
616.141548 -134.425781
616.141558 -138.841599
616.141567 -143.704224
616.141577 -136.663818
616.141587 -132.690414
616.141596 -130.007919
616.141606 -128.077209
616.141615 -126.661743
616.141625 -125.649277
616.141635 -124.979591
616.141644 -124.624870
616.141654 -124.558311
616.141663 -124.579956
616.141673 -124.850037
616.141683 -125.451164
616.141692 -126.408180
616.141702 -127.738960
616.141712 -129.388626
616.141721 -131.005753
616.141731 -130.603683
616.141740 -128.707184
616.141750 -126.817497
616.141760 -125.212494
616.141769 -123.913605
616.141779 -122.881813
616.141788 -122.073883
616.141798 -121.453880
616.141808 -120.995316
616.141817 -120.680244
616.141827 -120.498856
616.141837 -120.447090
616.141846 -120.447937
616.141856 -120.530327
616.141865 -120.752396
616.141875 -121.123627
616.141885 -121.649124
616.141894 -122.335922
616.141904 -123.196457
616.141913 -124.230293
616.141923 -125.425316
616.141933 -126.749603
616.141942 -128.142792
616.141952 -129.512543
616.141962 -130.753250
616.141971 -131.792099
616.141981 -132.637253
616.141990 -133.373993
616.142000 -134.119781
616.142010 -134.982864
616.142019 -136.058258
616.142029 -137.445831
616.142038 -139.292831
616.142048 -141.875916
616.142058 -145.838547
616.142067 -151.476822
616.142077 -144.585556
616.142087 -140.386169
616.142096 -137.459106
616.142106 -135.218033
616.142115 -133.399948
616.142125 -131.862396
616.142135 -130.523270
616.142144 -129.336594
616.142154 -128.270676
616.142163 -127.302666
616.142173 -126.423904
616.142183 -125.628571
616.142192 -124.912712
616.142202 -124.273094
616.142212 -123.707413
616.142221 -123.213745
616.142231 -122.791069
616.142240 -122.438858
616.142250 -122.156952
616.142260 -121.944786
616.142269 -121.800980
616.142279 -121.722488
616.142288 -121.698776
616.142298 -121.698883
616.142308 -121.728340
616.142317 -121.806564
616.142327 -121.928444
616.142337 -122.091309
616.142346 -122.296440
616.142356 -122.549431
616.142365 -122.860184
616.142375 -123.241272
616.142385 -123.706131
616.142394 -124.266083
616.142404 -124.927368
616.142413 -125.686218
616.142423 -126.523529
616.142433 -127.397263
616.142442 -128.239838
616.142452 -128.965668
616.142462 -129.502075
616.142471 -129.826462
616.142481 -129.980301
616.142490 -130.040131
616.142500 -130.077576
616.142510 -130.132996
616.142519 -130.197571
616.142529 -130.266342
616.142538 -130.314972
616.142548 -130.281601
616.142558 -130.217834
616.142567 -130.163284
616.142577 -130.134369
616.142587 -130.132889
616.142596 -130.177856
616.142606 -130.306122
616.142615 -130.519623
616.142625 -130.809326
616.142635 -131.166046
616.142644 -131.588409
616.142654 -132.092255
616.142663 -132.713440
616.142673 -133.509232
616.142683 -134.555893
616.142692 -135.951797
616.142702 -137.819672
616.142712 -140.262573
616.142721 -142.935898
616.142731 -140.884216
616.142740 -137.680817
616.142750 -134.947113
616.142760 -132.669785
616.142769 -130.742035
616.142779 -129.093887
616.142788 -127.688385
616.142798 -126.508713
616.142808 -125.547234
616.142817 -124.801208
616.142827 -124.268723
616.142837 -123.948929
616.142846 -123.840485
616.142856 -123.840469
616.142865 -123.942879
616.142875 -124.253799
616.142885 -124.770828
616.142894 -125.488815
616.142904 -126.398117
616.142913 -127.479012
616.142923 -128.706009
616.142933 -130.030396
616.142942 -131.373947
616.142952 -132.625305
616.142962 -133.644714
616.142971 -134.294678
616.142981 -134.222305
616.142990 -133.580002
616.143000 -132.679993
616.143010 -131.636246
616.143019 -130.536652
616.143029 -129.439301
616.143038 -128.381927
616.143048 -127.387993
616.143058 -126.473312
616.143067 -125.647881
616.143077 -124.915855
616.143087 -124.271454
616.143096 -123.718910
616.143106 -123.251328
616.143115 -122.858490
616.143125 -122.529556
616.143135 -122.254662
616.143144 -122.028023
616.143154 -121.849022
616.143163 -121.723572
616.143173 -121.662407
616.143183 -121.649406
616.143192 -121.680305
616.143202 -121.792595
616.143212 -122.013588
616.143221 -122.353394
616.143231 -122.815300
616.143240 -123.390656
616.143250 -124.053253
616.143260 -124.752480
616.143269 -125.413528
616.143279 -125.953407
616.143288 -126.319397
616.143298 -126.524620
616.143308 -126.647720
616.143317 -126.796280
616.143327 -127.071281
616.143337 -127.553726
616.143346 -128.306961
616.143356 -129.385315
616.143365 -130.837631
616.143375 -132.698105
616.143385 -134.922485
616.143394 -137.177963
616.143404 -138.507721
616.143413 -137.767242
616.143423 -137.245667
616.143433 -137.180740
616.143442 -137.316559
616.143452 -138.147888
616.143462 -139.967621
616.143471 -143.292847
616.143481 -144.885971
616.143490 -139.661438
616.143500 -136.143677
616.143510 -133.753815
616.143519 -132.113724
616.143529 -131.033234
616.143538 -130.410065
616.143548 -130.187744
616.143558 -130.186111
616.143567 -130.334671
616.143577 -130.831955
616.143587 -131.666367
616.143596 -132.821533
616.143606 -134.256577
616.143615 -135.890198
616.143625 -137.561325
616.143635 -138.987091
616.143644 -139.770767
616.143654 -138.899246
616.143663 -137.504089
616.143673 -135.912155
616.143683 -134.360336
616.143692 -132.978760
616.143702 -131.826157
616.143712 -130.920517
616.143721 -130.261322
616.143731 -129.839905
616.143740 -129.645767
616.143750 -129.629410
616.143760 -129.662079
616.143769 -129.869278
616.143779 -130.247070
616.143788 -130.742630
616.143798 -131.247696
616.143808 -131.494293
616.143817 -130.898788
616.143827 -129.902695
616.143837 -128.739807
616.143846 -127.604942
616.143856 -126.608452
616.143865 -125.800873
616.143875 -125.200729
616.143885 -124.812912
616.143894 -124.636490
616.143904 -124.623169
616.143913 -124.670250
616.143923 -124.908539
616.143933 -125.354820
616.143942 -126.017227
616.143952 -126.906441
616.143962 -128.041718
616.143971 -129.453583
616.143981 -131.190125
616.143990 -133.319122
616.144000 -135.909775
616.144010 -138.868408
616.144019 -141.154999
616.144029 -139.439896
616.144038 -137.845047
616.144048 -136.845566
616.144058 -136.483673
616.144067 -136.482285
616.144077 -136.776245
616.144087 -137.764648
616.144096 -139.665817
616.144106 -142.752457
616.144115 -143.451157
616.144125 -139.155899
616.144135 -135.979599
616.144144 -133.727203
616.144154 -132.123245
616.144163 -131.000137
616.144173 -130.256989
616.144183 -129.826981
616.144192 -129.662048
616.144202 -129.645660
616.144212 -129.719513
616.144221 -129.952133
616.144231 -130.296387
616.144240 -130.664566
616.144250 -130.945892
616.144260 -130.891357
616.144269 -130.547577
616.144279 -130.102524
616.144288 -129.660339
616.144298 -129.300262
616.144308 -129.071976
616.144317 -128.994537
616.144327 -128.994461
616.144337 -129.075958
616.144346 -129.323456
616.144356 -129.722641
616.144365 -130.245499
616.144375 -130.847672
616.144385 -131.466858
616.144394 -132.029175
616.144404 -132.467148
616.144413 -132.744614
616.144423 -132.870789
616.144433 -132.855453
616.144442 -132.815735
616.144452 -132.790253
616.144462 -132.787399
616.144471 -132.811523
616.144481 -132.895844
616.144490 -133.049484
616.144500 -133.272308
616.144510 -133.558731
616.144519 -133.895050
616.144529 -134.261856
616.144538 -134.635483
616.144548 -134.992813
616.144558 -135.309830
616.144567 -135.536545
616.144577 -135.576630
616.144587 -135.292816
616.144596 -134.777267
616.144606 -134.075089
616.144615 -133.271393
616.144625 -132.455948
616.144635 -131.697403
616.144644 -131.037949
616.144654 -130.497696
616.144663 -130.083130
616.144673 -129.791901
616.144683 -129.619125
616.144692 -129.559006
616.144702 -129.558868
616.144712 -129.608826
616.144721 -129.767273
616.144731 -130.036728
616.144740 -130.420746
616.144750 -130.923569
616.144760 -131.544617
616.144769 -132.272858
616.144779 -133.069611
616.144788 -133.845200
616.144798 -134.433823
616.144808 -134.306198
616.144817 -133.560928
616.144827 -132.610184
616.144837 -131.651154
616.144846 -130.801346
616.144856 -130.114197
616.144865 -129.606354
616.144875 -129.274506
616.144885 -129.103760
616.144894 -129.068497
616.144904 -129.072845
616.144913 -129.164352
616.144923 -129.353882
616.144933 -129.617157
616.144942 -129.932114
616.144952 -130.272278
616.144962 -130.628159
616.144971 -130.988785
616.144981 -131.346069
616.144990 -131.694794
616.145000 -132.031403
616.145010 -132.353073
616.145019 -132.654282
616.145029 -132.923080
616.145038 -133.136124
616.145048 -133.245682
616.145058 -133.062836
616.145067 -132.698044
616.145077 -132.177307
616.145087 -131.555847
616.145096 -130.903107
616.145106 -130.284439
616.145115 -129.754883
616.145125 -129.355713
616.145135 -129.100845
616.145144 -129.016327
616.145154 -129.014816
616.145163 -129.104034
616.145173 -129.332886
616.145183 -129.623413
616.145192 -129.761368
616.145202 -129.290298
616.145212 -128.458405
616.145221 -127.440598
616.145231 -126.415321
616.145240 -125.498726
616.145250 -124.747780
616.145260 -124.183884
616.145269 -123.809669
616.145279 -123.619370
616.145288 -123.583725
616.145298 -123.603676
616.145308 -123.752213
616.145317 -124.054436
616.145327 -124.501175
616.145337 -125.084740
616.145346 -125.799530
616.145356 -126.641487
616.145365 -127.601242
616.145375 -128.677246
616.145385 -129.862808
616.145394 -131.138794
616.145404 -132.471909
616.145413 -133.811859
616.145423 -135.097717
616.145433 -136.255432
616.145442 -137.122238
616.145452 -137.079178
616.145462 -135.771347
616.145471 -133.925644
616.145481 -131.970444
616.145490 -130.156937
616.145500 -128.584473
616.145510 -127.277481
616.145519 -126.230515
616.145529 -125.426216
616.145538 -124.842735
616.145548 -124.455078
616.145558 -124.236046
616.145567 -124.155403
616.145577 -124.143372
616.145587 -124.180969
616.145596 -124.279053
616.145606 -124.417969
616.145615 -124.570831
616.145625 -124.719284
616.145635 -124.853958
616.145644 -124.974480
616.145654 -125.086342
616.145663 -125.199181
616.145673 -125.324753
616.145683 -125.477135
616.145692 -125.672256
616.145702 -125.927986
616.145712 -126.262367
616.145721 -126.691971
616.145731 -127.227409
616.145740 -127.868927
616.145750 -128.597076
616.145760 -129.363052
616.145769 -130.079224
616.145779 -130.629608
616.145788 -130.905411
616.145798 -130.673325
616.145808 -130.324814
616.145817 -129.951904
616.145827 -129.608276
616.145837 -129.307434
616.145846 -129.050552
616.145856 -128.846085
616.145865 -128.694534
616.145875 -128.604767
616.145885 -128.587616
616.145894 -128.594482
616.145904 -128.686035
616.145913 -128.903137
616.145923 -129.262878
616.145933 -129.780975
616.145942 -130.475372
616.145952 -131.354065
616.145962 -132.421082
616.145971 -133.676056
616.145981 -135.071320
616.145990 -136.506851
616.146000 -137.655823
616.146010 -136.789276
616.146019 -134.930817
616.146029 -132.957657
616.146038 -131.179321
616.146048 -129.683075
616.146058 -128.469925
616.146067 -127.527557
616.146077 -126.835587
616.146087 -126.368355
616.146096 -126.101257
616.146106 -126.009804
616.146115 -126.008667
616.146125 -126.070572
616.146135 -126.259430
616.146144 -126.553322
616.146154 -126.918747
616.146163 -127.334442
616.146173 -127.769516
616.146183 -128.181335
616.146192 -128.515335
616.146202 -128.710098
616.146212 -128.517822
616.146221 -128.145584
616.146231 -127.661972
616.146240 -127.137421
616.146250 -126.630379
616.146260 -126.180763
616.146269 -125.810287
616.146279 -125.526527
616.146288 -125.325790
616.146298 -125.196754
616.146308 -125.121857
616.146317 -125.080627
616.146327 -125.051880
616.146337 -125.018105
616.146346 -124.968102
616.146356 -124.900139
616.146365 -124.821457
616.146375 -124.747902
616.146385 -124.700348
616.146394 -124.693886
616.146404 -124.703125
616.146413 -124.781067
616.146423 -124.959312
616.146433 -125.262596
616.146442 -125.715958
616.146452 -126.345291
616.146462 -127.179123
616.146471 -128.249847
616.146481 -129.597549
616.146490 -131.273148
616.146500 -133.346863
616.146510 -135.916946
616.146519 -139.103867
616.146529 -142.826782
616.146538 -143.649734
616.146548 -140.576645
616.146558 -137.854156
616.146567 -135.575058
616.146577 -133.666443
616.146587 -132.091461
616.146596 -130.837036
616.146606 -129.898834
616.146615 -129.275467
616.146625 -128.968124
616.146635 -128.934357
616.146644 -128.981491
616.146654 -129.323090
616.146663 -129.998917
616.146673 -131.001663
616.146683 -132.265381
616.146692 -133.561417
616.146702 -134.187271
616.146712 -133.152756
616.146721 -131.852905
616.146731 -130.663010
616.146740 -129.707245
616.146750 -128.997421
616.146760 -128.509033
616.146769 -128.209534
616.146779 -128.066635
616.146788 -128.041229
616.146798 -128.049866
616.146808 -128.149734
616.146817 -128.357849
616.146827 -128.678055
616.146837 -129.125961
616.146846 -129.730774
616.146856 -130.530960
616.146865 -131.587982
616.146875 -132.994751
616.146885 -134.890900
616.146894 -137.510208
616.146904 -141.200378
616.146913 -143.600815
616.146923 -139.426193
616.146933 -136.347214
616.146942 -134.176453
616.146952 -132.615677
616.146962 -131.491348
616.146971 -130.703171
616.146981 -130.191696
616.146990 -129.922043
616.147000 -129.866882
616.147010 -129.876114
616.147019 -130.048828
616.147029 -130.444397
616.147038 -131.076096
616.147048 -131.977264
616.147058 -133.188293
616.147067 -134.750275
616.147077 -136.637238
616.147087 -138.492264
616.147096 -137.940903
616.147106 -135.833847
616.147115 -133.834824
616.147125 -132.196533
616.147135 -130.922089
616.147144 -129.971680
616.147154 -129.308014
616.147163 -128.905472
616.147173 -128.749054
616.147183 -128.746170
616.147192 -128.834900
616.147202 -129.168457
616.147212 -129.768768
616.147221 -130.668579
616.147231 -131.929016
616.147240 -133.656082
616.147250 -136.030823
616.147260 -139.330460
616.147269 -143.196442
616.147279 -139.229324
616.147288 -135.941788
616.147298 -133.565094
616.147308 -131.806320
616.147317 -130.493729
616.147327 -129.522720
616.147337 -128.820419
616.147346 -128.336914
616.147356 -128.033203
616.147365 -127.875435
616.147375 -127.829468
616.147385 -127.823265
616.147394 -127.862091
616.147404 -127.934135
616.147413 -128.006332
616.147423 -127.977905
616.147433 -127.768585
616.147442 -127.388741
616.147452 -126.821983
616.147462 -126.084282
616.147471 -125.223785
616.147481 -124.307999
616.147490 -123.404938
616.147500 -122.571716
616.147510 -121.850159
616.147519 -121.268700
616.147529 -120.845352
616.147538 -120.591301
616.147548 -120.512665
616.147558 -120.513039
616.147567 -120.614815
616.147577 -120.898582
616.147587 -121.366104
616.147596 -122.019089
616.147606 -122.859543
616.147615 -123.889244
616.147625 -125.107498
616.147635 -126.503326
616.147644 -128.036041
616.147654 -129.592438
616.147663 -130.928055
616.147673 -131.696854
616.147683 -131.202255
616.147692 -130.495087
616.147702 -129.845490
616.147712 -129.366425
616.147721 -129.097595
616.147731 -129.037979
616.147740 -129.044922
616.147750 -129.199448
616.147760 -129.539474
616.147769 -130.027206
616.147779 -130.595917
616.147788 -131.136765
616.147798 -131.497620
616.147808 -131.183151
616.147817 -130.529068
616.147827 -129.717697
616.147837 -128.885330
616.147846 -128.121841
616.147856 -127.476944
616.147865 -126.973969
616.147875 -126.617706
616.147885 -126.407433
616.147894 -126.343063
616.147904 -126.343224
616.147913 -126.416016
616.147923 -126.614426
616.147933 -126.925621
616.147942 -127.337479
616.147952 -127.839149
616.147962 -128.424072
616.147971 -129.090530
616.147981 -129.842117
616.147990 -130.684311
616.148000 -131.620834
616.148010 -132.644897
616.148019 -133.731125
616.148029 -134.825439
616.148038 -135.841492
616.148048 -136.667465
616.148058 -137.195328
616.148067 -137.174118
616.148077 -136.721085
616.148087 -136.130234
616.148096 -135.531097
616.148106 -135.027222
616.148115 -134.684738
616.148125 -134.531906
616.148135 -134.512756
616.148144 -134.560318
616.148154 -134.719986
616.148163 -134.918747
616.148173 -134.974899
616.148183 -134.709198
616.148192 -134.299774
616.148202 -133.838242
616.148212 -133.394119
616.148221 -132.975677
616.148231 -132.585297
616.148240 -132.203552
616.148250 -131.799652
616.148260 -131.357147
616.148269 -130.877991
616.148279 -130.379349
616.148288 -129.882629
616.148298 -129.406693
616.148308 -128.964081
616.148317 -128.562668
616.148327 -128.207718
616.148337 -127.903839
616.148346 -127.663193
616.148356 -127.496880
616.148365 -127.416771
616.148375 -127.412148
616.148385 -127.440086
616.148394 -127.584946
616.148404 -127.871300
616.148413 -128.320923
616.148423 -128.959930
616.148433 -129.819916
616.148442 -130.934143
616.148452 -132.357208
616.148462 -134.155930
616.148471 -136.397980
616.148481 -139.054474
616.148490 -141.572861
616.148500 -141.238022
616.148510 -139.773132
616.148519 -138.801804
616.148529 -138.478668
616.148538 -138.478958
616.148548 -138.858353
616.148558 -140.065491
616.148567 -142.457016
616.148577 -147.182541
616.148587 -149.189270
616.148596 -142.313644
616.148606 -138.647934
616.148615 -136.312622
616.148625 -134.774445
616.148635 -133.811554
616.148644 -133.319443
616.148654 -133.228729
616.148663 -133.251801
616.148673 -133.601883
616.148683 -134.385529
616.148692 -135.670197
616.148702 -137.559723
616.148712 -140.126358
616.148721 -142.656036
616.148731 -139.835037
616.148740 -137.054520
616.148750 -134.929932
616.148760 -133.377609
616.148769 -132.277893
616.148779 -131.543930
616.148788 -131.116974
616.148798 -130.954620
616.148808 -130.950836
616.148817 -131.024551
616.148827 -131.297302
616.148837 -131.744629
616.148846 -132.335403
616.148856 -133.035950
616.148865 -133.808899
616.148875 -134.617142
616.148885 -135.425110
616.148894 -136.203354
616.148904 -136.924515
616.148913 -137.563202
616.148923 -138.091873
616.148933 -138.488602
616.148942 -138.744339
616.148952 -138.868759
616.148962 -138.774994
616.148971 -138.499481
616.148981 -138.018402
616.148990 -137.287537
616.149000 -136.309433
616.149010 -135.153152
616.149019 -133.926300
616.149029 -132.729294
616.149038 -131.636398
616.149048 -130.694016
616.149058 -129.929749
616.149067 -129.359421
616.149077 -128.994019
616.149087 -128.842697
616.149096 -128.837708
616.149106 -128.916855
616.149115 -129.231262
616.149125 -129.808929
616.149135 -130.684753
616.149144 -131.915527
616.149154 -133.594315
616.149163 -135.884262
616.149173 -139.072540
616.149183 -143.439362
616.149192 -142.311966
616.149202 -138.703690
616.149212 -136.234665
616.149221 -134.532379
616.149231 -133.371872
616.149240 -132.622925
616.149250 -132.198807
616.149260 -132.039017
616.149269 -132.034134
616.149279 -132.092148
616.149288 -132.303375
616.149298 -132.608871
616.149308 -132.936462
616.149317 -133.217834
616.149327 -133.409012
616.149337 -133.506775
616.149346 -133.541626
616.149356 -133.555038
616.149365 -133.550140
616.149375 -133.486893
616.149385 -133.315674
616.149394 -132.979202
616.149404 -132.457794
616.149413 -131.781555
616.149423 -131.012558
616.149433 -130.217041
616.149442 -129.446793
616.149452 -128.735641
616.149462 -128.101868
616.149471 -127.551735
616.149481 -127.085785
616.149490 -126.709785
616.149500 -126.422348
616.149510 -126.222244
616.149519 -126.109116
616.149529 -126.081619
616.149538 -126.083672
616.149548 -126.147896
616.149558 -126.303680
616.149567 -126.545509
616.149577 -126.871529
616.149587 -127.275200
616.149596 -127.735153
616.149606 -128.212570
616.149615 -128.651352
616.149625 -128.986771
616.149635 -129.170013
616.149644 -129.114807
616.149654 -129.001175
616.149663 -128.938950
616.149673 -128.923676
616.149683 -128.992889
616.149692 -129.201035
616.149702 -129.567276
616.149712 -130.046265
616.149721 -130.516998
616.149731 -130.599213
616.149740 -129.939713
616.149750 -128.949127
616.149760 -127.846848
616.149769 -126.788986
616.149779 -125.852036
616.149788 -125.062393
616.149798 -124.421883
616.149808 -123.922821
616.149817 -123.554794
616.149827 -123.308105
616.149837 -123.174126
616.149846 -123.141235
616.149856 -123.145874
616.149865 -123.216484
616.149875 -123.378006
616.149885 -123.619888
616.149894 -123.927658
616.149904 -124.280899
616.149913 -124.653511
616.149923 -125.014519
616.149933 -125.333611
616.149942 -125.587105
616.149952 -125.765495
616.149962 -125.875252
616.149971 -125.936516
616.149981 -125.976295
616.149990 -126.023224
616.150000 -126.103584
616.150010 -126.237045
616.150019 -126.461945
616.150029 -126.809555
616.150038 -127.316360
616.150048 -128.026184
616.150058 -128.974503
616.150067 -130.224731
616.150077 -131.811676
616.150087 -133.653214
616.150096 -135.236115
616.150106 -134.017349
616.150115 -132.078583
616.150125 -130.326782
616.150135 -128.920395
616.150144 -127.843056
616.150154 -127.042938
616.150163 -126.466949
616.150173 -126.064568
616.150183 -125.788467
616.150192 -125.593369
616.150202 -125.438164
616.150212 -125.288177
616.150221 -125.119843
616.150231 -124.922592
616.150240 -124.699997
616.150250 -124.466949
616.150260 -124.246544
616.150269 -124.065636
616.150279 -123.952003
616.150288 -123.924774
616.150298 -123.929977
616.150308 -124.031418
616.150317 -124.282059
616.150327 -124.708389
616.150337 -125.338730
616.150346 -126.206093
616.150356 -127.352272
616.150365 -128.835190
616.150375 -130.741776
616.150385 -133.212769
616.150394 -136.481628
616.150404 -140.791306
616.150413 -142.159866
616.150423 -138.876785
616.150433 -136.586670
616.150442 -135.047348
616.150452 -134.000427
616.150462 -133.288376
616.150471 -132.817749
616.150481 -132.535507
616.150490 -132.414917
616.150500 -132.408508
616.150510 -132.445389
616.150519 -132.621872
616.150529 -132.930481
616.150538 -133.329758
616.150548 -133.721024
616.150558 -133.750534
616.150567 -133.083145
616.150577 -132.028030
616.150587 -130.791809
616.150596 -129.547928
616.150606 -128.395950
616.150615 -127.380524
616.150625 -126.518387
616.150635 -125.814278
616.150644 -125.269798
616.150654 -124.886757
616.150663 -124.668015
616.150673 -124.613525
616.150683 -124.616959
616.150692 -124.736206
616.150702 -125.024391
616.150712 -125.473167
616.150721 -126.061073
616.150731 -126.745476
616.150740 -127.454704
616.150750 -128.089798
616.150760 -128.549789
616.150769 -128.780182
616.150779 -128.718216
616.150788 -128.613388
616.150798 -128.569061
616.150808 -128.569122
616.150817 -128.630569
616.150827 -128.813843
616.150837 -129.104431
616.150846 -129.475586
616.150856 -129.890015
616.150865 -130.279953
616.150875 -130.564178
616.150885 -130.552124
616.150894 -130.231750
616.150904 -129.764664
616.150913 -129.224625
616.150923 -128.677643
616.150933 -128.167816
616.150942 -127.727112
616.150952 -127.386398
616.150962 -127.159172
616.150971 -127.052803
616.150981 -127.045578
616.150990 -127.071083
616.151000 -127.213371
616.151010 -127.475822
616.151019 -127.849930
616.151029 -128.323273
616.151038 -128.877838
616.151048 -129.492340
616.151058 -130.143311
616.151067 -130.811081
616.151077 -131.484894
616.151087 -132.168381
616.151096 -132.878738
616.151106 -133.640686
616.151115 -134.468338
616.151125 -135.333191
616.151135 -136.100159
616.151144 -136.042801
616.151154 -134.789001
616.151163 -133.052795
616.151173 -131.213394
616.151183 -129.480774
616.151192 -127.938484
616.151202 -126.613373
616.151212 -125.509506
616.151221 -124.623619
616.151231 -123.948685
616.151240 -123.476631
616.151250 -123.203323
616.151260 -123.120773
616.151269 -123.121140
616.151279 -123.222046
616.151288 -123.492134
616.151298 -123.919273
616.151308 -124.485901
616.151317 -125.163307
616.151327 -125.906670
616.151337 -126.647705
616.151346 -127.296249
616.151356 -127.758965
616.151365 -127.981522
616.151375 -127.840782
616.151385 -127.660789
616.151394 -127.529045
616.151404 -127.498344
616.151413 -127.504944
616.151423 -127.622421
616.151433 -127.895180
616.151442 -128.321793
616.151452 -128.886703
616.151462 -129.560745
616.151471 -130.301239
616.151481 -131.055542
616.151490 -131.770264
616.151500 -132.403748
616.151510 -132.933960
616.151519 -133.354446
616.151529 -133.638031
616.151538 -133.805893
616.151548 -133.824860
616.151558 -133.752655
616.151567 -133.718262
616.151577 -133.724380
616.151587 -133.828812
616.151596 -134.127029
616.151606 -134.660782
616.151615 -135.405243
616.151625 -136.119949
616.151635 -135.306519
616.151644 -133.584030
616.151654 -131.704620
616.151663 -130.018280
616.151673 -128.632721
616.151683 -127.557899
616.151692 -126.776566
616.151702 -126.266090
616.151712 -126.002777
616.151721 -125.956413
616.151731 -125.972046
616.151740 -126.162643
616.151750 -126.563477
616.151760 -127.166786
616.151769 -127.966980
616.151779 -128.960266
616.151788 -130.142548
616.151798 -131.506226
616.151808 -133.031036
616.151817 -134.666336
616.151827 -136.294647
616.151837 -137.687820
616.151846 -138.525558
616.151856 -137.995377
616.151865 -137.013443
616.151875 -135.900818
616.151885 -134.797867
616.151894 -133.804413
616.151904 -132.976181
616.151913 -132.346100
616.151923 -131.938171
616.151933 -131.772400
616.151942 -131.769547
616.151952 -131.867935
616.151962 -132.244339
616.151971 -132.925278
616.151981 -133.940903
616.151990 -135.331375
616.152000 -137.148865
616.152010 -139.451080
616.152019 -142.270020
616.152029 -145.498520
616.152038 -148.321991
616.152048 -147.157394
616.152058 -144.401184
616.152067 -141.479034
616.152077 -138.682999
616.152087 -136.154190
616.152096 -133.944901
616.152106 -132.056168
616.152115 -130.467407
616.152125 -129.153030
616.152135 -128.089020
616.152144 -127.255333
616.152154 -126.636841
616.152163 -126.223030
616.152173 -126.008324
616.152183 -125.974396
616.152192 -125.991798
616.152202 -126.177383
616.152212 -126.573753
616.152221 -127.195572
616.152231 -128.063400
616.152240 -129.186142
616.152250 -130.599655
616.152260 -132.304382
616.152269 -134.195969
616.152279 -135.860016
616.152288 -135.774033
616.152298 -134.429871
616.152308 -133.115753
616.152317 -132.071777
616.152327 -131.343231
616.152337 -130.924042
616.152346 -130.799072
616.152356 -130.799759
616.152365 -130.960251
616.152375 -131.394730
616.152385 -132.086319
616.152394 -132.992584
616.152404 -134.016266
616.152413 -134.972321
616.152423 -135.620422
616.152433 -135.696960
616.152442 -135.489670
616.152452 -135.410995
616.152462 -135.422363
616.152471 -135.624939
616.152481 -136.160294
616.152490 -137.028656
616.152500 -138.218414
616.152510 -139.628815
616.152519 -140.979141
616.152529 -141.666275
616.152538 -140.809586
616.152548 -139.624954
616.152558 -138.353699
616.152567 -137.104706
616.152577 -135.926926
616.152587 -134.834671
616.152596 -133.838257
616.152606 -132.943710
616.152615 -132.149139
616.152625 -131.434036
616.152635 -130.794769
616.152644 -130.216293
616.152654 -129.682266
616.152663 -129.178925
616.152673 -128.694366
616.152683 -128.218933
616.152692 -127.742973
616.152702 -127.257568
616.152712 -126.753929
616.152721 -126.227020
616.152731 -125.676903
616.152740 -125.111290
616.152750 -124.544113
616.152760 -123.993484
616.152769 -123.477928
616.152779 -123.013771
616.152788 -122.612801
616.152798 -122.277748
616.152808 -122.009918
616.152817 -121.813988
616.152827 -121.685577
616.152837 -121.619324
616.152846 -121.600540
616.152856 -121.607819
616.152865 -121.653175
616.152875 -121.748222
616.152885 -121.896980
616.152894 -122.104393
616.152904 -122.377563
616.152913 -122.723930
616.152923 -123.149437
616.152933 -123.655991
616.152942 -124.239624
616.152952 -124.887970
616.152962 -125.580360
616.152971 -126.289146
616.152981 -126.985580
616.152990 -127.647942
616.153000 -128.268890
616.153010 -128.855988
616.153019 -129.422836
616.153029 -129.973618
616.153038 -130.487411
616.153048 -130.910797
616.153058 -131.169586
616.153067 -131.036850
616.153077 -130.728699
616.153087 -130.391357
616.153096 -130.121521
616.153106 -129.984695
616.153115 -129.967987
616.153125 -129.991440
616.153135 -130.163971
616.153144 -130.473938
616.153154 -130.848389
616.153163 -131.174255
616.153173 -131.227005
616.153183 -130.912598
616.153192 -130.499023
616.153202 -130.120651
616.153212 -129.886169
616.153221 -129.847641
616.153231 -129.874084
616.153240 -130.147858
616.153250 -130.775085
616.153260 -131.854233
616.153269 -133.560593
616.153279 -136.272797
616.153288 -141.090454
616.153298 -144.285904
616.153308 -137.101547
616.153317 -133.275696
616.153327 -130.760971
616.153337 -128.996384
616.153346 -127.751503
616.153356 -126.914482
616.153365 -126.428856
616.153375 -126.269302
616.153385 -126.269325
616.153394 -126.432816
616.153404 -126.933739
616.153413 -127.803413
616.153423 -129.106552
616.153433 -130.956497
616.153442 -133.549362
616.153452 -137.214981
616.153462 -141.908676
616.153471 -138.883026
616.153481 -136.133545
616.153490 -134.506271
616.153500 -133.651840
616.153510 -133.384491
616.153519 -133.384201
616.153529 -133.578903
616.153538 -134.101395
616.153548 -134.747864
616.153558 -135.036362
616.153567 -134.225723
616.153577 -133.021179
616.153587 -131.733490
616.153596 -130.532410
616.153606 -129.475403
616.153615 -128.566910
616.153625 -127.793358
616.153635 -127.138069
616.153644 -126.587662
616.153654 -126.133698
616.153663 -125.772896
616.153673 -125.504440
616.153683 -125.328842
616.153692 -125.256142
616.153702 -125.252045
616.153712 -125.292091
616.153721 -125.441284
616.153731 -125.707321
616.153740 -126.091858
616.153750 -126.595078
616.153760 -127.215210
616.153769 -127.948982
616.153779 -128.791382
616.153788 -129.735275
616.153798 -130.768845
616.153808 -131.873001
616.153817 -133.014923
616.153827 -134.143524
616.153837 -135.185394
616.153846 -136.050537
616.153856 -136.642914
616.153865 -136.733856
616.153875 -136.229874
616.153885 -135.481644
616.153894 -134.642227
616.153904 -133.856628
616.153913 -133.241547
616.153923 -132.883453
616.153933 -132.817322
616.153942 -132.856262
616.153952 -133.237015
616.153962 -134.133316
616.153971 -135.728867
616.153981 -138.398788
616.153990 -142.977951
616.154000 -141.603241
616.154010 -136.565231
616.154019 -133.271332
616.154029 -130.919952
616.154038 -129.166473
616.154048 -127.837784
616.154058 -126.832657
616.154067 -126.090508
616.154077 -125.573463
616.154087 -125.255196
616.154096 -125.114876
616.154106 -125.102615
616.154115 -125.123306
616.154125 -125.257050
616.154135 -125.484207
616.154144 -125.757637
616.154154 -126.017380
616.154163 -126.198433
616.154173 -126.133354
616.154183 -125.873047
616.154192 -125.507019
616.154202 -125.088707
616.154212 -124.667816
616.154221 -124.281738
616.154231 -123.955521
616.154240 -123.703339
616.154250 -123.532364
616.154260 -123.444992
616.154269 -123.422813
616.154279 -123.442009
616.154288 -123.524124
616.154298 -123.694168
616.154308 -123.957977
616.154317 -124.325462
616.154327 -124.810394
616.154337 -125.430817
616.154346 -126.208923
616.154356 -127.172028
616.154365 -128.354675
616.154375 -129.802536
616.154385 -131.579987
616.154394 -133.782166
616.154404 -136.550125
616.154413 -140.031586
616.154423 -143.770889
616.154433 -142.247040
616.154442 -139.972366
616.154452 -138.462936
616.154462 -137.608887
616.154471 -137.293839
616.154481 -137.287079
616.154490 -137.451248
616.154500 -138.077988
616.154510 -139.180389
616.154519 -140.758469
616.154529 -142.693100
616.154538 -144.435471
616.154548 -143.987305
616.154558 -142.730865
616.154567 -141.804688
616.154577 -141.371429
616.154587 -141.342010
616.154596 -141.438278
616.154606 -141.980530
616.154615 -142.970322
616.154625 -144.347229
616.154635 -145.892761
616.154644 -146.330032
616.154654 -144.330750
616.154663 -141.951431
616.154673 -139.733429
616.154683 -137.775879
616.154692 -136.111450
616.154702 -134.701965
616.154712 -133.510956
616.154721 -132.506210
616.154731 -131.661667
616.154740 -130.955338
616.154750 -130.368027
616.154760 -129.876007
616.154769 -129.452530
616.154779 -129.084991
616.154788 -128.749771
616.154798 -128.425827
616.154808 -128.100327
616.154817 -127.772308
616.154827 -127.453171
616.154837 -127.161819
616.154846 -126.919373
616.154856 -126.743057
616.154865 -126.644066
616.154875 -126.623161
616.154885 -126.626511
616.154894 -126.689400
616.154904 -126.828522
616.154913 -127.040413
616.154923 -127.324577
616.154933 -127.686180
616.154942 -128.135925
616.154952 -128.690079
616.154962 -129.367233
616.154971 -130.186981
616.154981 -131.164856
616.154990 -132.296509
616.155000 -133.584656
616.155010 -134.996078
616.155019 -136.454803
616.155029 -137.834641
616.155038 -138.969894
616.155048 -139.717743
616.155058 -139.948288
616.155067 -139.591843
616.155077 -139.079727
616.155087 -138.526154
616.155096 -137.994827
616.155106 -137.525131
616.155115 -137.108093
616.155125 -136.691315
616.155135 -136.200912
616.155144 -135.573196
616.155154 -134.793365
616.155163 -133.900757
616.155173 -132.965103
616.155183 -132.052277
616.155192 -131.209290
616.155202 -130.453262
616.155212 -129.801880
616.155221 -129.266769
616.155231 -128.850357
616.155240 -128.555237
616.155250 -128.385849
616.155260 -128.344254
616.155269 -128.347336
616.155279 -128.444214
616.155288 -128.674988
616.155298 -129.025375
616.155308 -129.453125
616.155317 -129.867065
616.155327 -129.997864
616.155337 -129.422424
616.155346 -128.453049
616.155356 -127.271103
616.155365 -126.048447
616.155375 -124.893318
616.155385 -123.859932
616.155394 -122.970161
616.155404 -122.229988
616.155413 -121.637733
616.155423 -121.189049
616.155433 -120.878365
616.155442 -120.700050
616.155452 -120.647942
616.155462 -120.648361
616.155471 -120.717384
616.155481 -120.899597
616.155490 -121.185654
616.155500 -121.562660
616.155510 -122.013161
616.155519 -122.514610
616.155529 -123.040878
616.155538 -123.566605
616.155548 -124.074463
616.155558 -124.562767
616.155567 -125.049835
616.155577 -125.572823
616.155587 -126.182617
616.155596 -126.939705
616.155606 -127.914063
616.155615 -129.193863
616.155625 -130.897629
616.155635 -133.253174
616.155644 -136.740646
616.155654 -142.811600
616.155663 -141.987396
616.155673 -136.751373
616.155683 -133.775513
616.155692 -131.860397
616.155702 -130.594528
616.155712 -129.791000
616.155721 -129.350677
616.155731 -129.216705
616.155740 -129.216812
616.155750 -129.356155
616.155760 -129.749802
616.155769 -130.391510
616.155779 -131.289017
616.155788 -132.468719
616.155798 -133.988342
616.155808 -135.961700
616.155817 -138.612305
616.155827 -142.360535
616.155837 -146.311874
616.155846 -141.525787
616.155856 -138.085159
616.155865 -135.709366
616.155875 -134.031311
616.155885 -132.854599
616.155894 -132.068375
616.155904 -131.602890
616.155913 -131.407135
616.155923 -131.389343
616.155933 -131.437805
616.155942 -131.650482
616.155952 -131.994049
616.155962 -132.406998
616.155971 -132.817001
616.155981 -133.148560
616.155990 -133.342514
616.156000 -133.277161
616.156010 -133.105988
616.156019 -132.941833
616.156029 -132.861771
616.156038 -132.859604
616.156048 -132.935944
616.156058 -133.227600
616.156067 -133.800461
616.156077 -134.728333
616.156087 -136.126373
616.156096 -138.177933
616.156106 -141.249939
616.156115 -146.207474
616.156125 -147.510727
616.156135 -142.544357
616.156144 -139.644424
616.156154 -137.818588
616.156163 -136.640427
616.156173 -135.882935
616.156183 -135.395554
616.156192 -135.059036
616.156202 -134.781387
616.156212 -134.505463
616.156221 -134.222855
616.156231 -133.968246
616.156240 -133.803360
616.156250 -133.775604
616.156260 -133.796509
616.156269 -134.012512
616.156279 -134.511032
616.156288 -135.352020
616.156298 -136.599686
616.156308 -138.309525
616.156317 -140.432709
616.156327 -142.397186
616.156337 -141.018219
616.156346 -138.938446
616.156356 -137.188416
616.156365 -135.855103
616.156375 -134.872864
616.156385 -134.159744
616.156394 -133.640518
616.156404 -133.249985
616.156413 -132.935837
616.156423 -132.662399
616.156433 -132.413528
616.156442 -132.190887
616.156452 -132.008194
616.156462 -131.881989
616.156471 -131.825760
616.156481 -131.823471
616.156490 -131.845276
616.156500 -131.939346
616.156510 -132.102066
616.156519 -132.331177
616.156529 -132.634644
616.156538 -133.041946
616.156548 -133.609238
616.156558 -134.429825
616.156567 -135.647751
616.156577 -137.500061
616.156587 -140.393890
616.156596 -144.546722
616.156606 -139.246918
616.156615 -135.125076
616.156625 -132.153961
616.156635 -129.927185
616.156644 -128.219727
616.156654 -126.905663
616.156663 -125.902687
616.156673 -125.166588
616.156683 -124.663376
616.156692 -124.367424
616.156702 -124.258820
616.156712 -124.254761
616.156721 -124.321831
616.156731 -124.542336
616.156740 -124.907539
616.156750 -125.404549
616.156760 -126.019722
616.156769 -126.736763
616.156779 -127.535843
616.156788 -128.390991
616.156798 -129.268585
616.156808 -130.124573
616.156817 -130.905884
616.156827 -131.553574
616.156837 -132.015472
616.156846 -132.259567
616.156856 -132.127380
616.156865 -131.829895
616.156875 -131.445267
616.156885 -131.016602
616.156894 -130.575439
616.156904 -130.141891
616.156913 -129.727005
616.156923 -129.335968
616.156933 -128.970795
616.156942 -128.632889
616.156952 -128.325439
616.156962 -128.054062
616.156971 -127.827782
616.156981 -127.657562
616.156990 -127.556290
616.157000 -127.528664
616.157010 -127.536850
616.157019 -127.611664
616.157029 -127.790710
616.157038 -128.070084
616.157048 -128.451004
616.157058 -128.922623
616.157067 -129.442215
616.157077 -129.926163
616.157087 -130.241592
616.157096 -129.846924
616.157106 -129.111145
616.157115 -128.178574
616.157125 -127.194572
616.157135 -126.258362
616.157144 -125.423698
616.157154 -124.714432
616.157163 -124.137749
616.157173 -123.692574
616.157183 -123.374352
616.157192 -123.177254
616.157202 -123.095749
616.157212 -123.092819
616.157221 -123.125336
616.157231 -123.261330
616.157240 -123.496239
616.157250 -123.835609
616.157260 -124.281235
616.157269 -124.837776
616.157279 -125.514366
616.157288 -126.326546
616.157298 -127.299522
616.157308 -128.472733
616.157317 -129.908157
616.157327 -131.705750
616.157337 -134.039871
616.157346 -137.211136
616.157356 -141.863953
616.157365 -143.707733
616.157375 -138.955826
616.157385 -135.894241
616.157394 -133.791809
616.157404 -132.295349
616.157413 -131.203384
616.157423 -130.403809
616.157433 -129.827225
616.157442 -129.426849
616.157452 -129.166733
616.157462 -129.014725
616.157471 -128.935867
616.157481 -128.889252
616.157490 -128.827164
616.157500 -128.702271
616.157510 -128.479935
616.157519 -128.153427
616.157529 -127.748482
616.157538 -127.315559
616.157548 -126.914024
616.157558 -126.600014
616.157567 -126.420349
616.157577 -126.388611
616.157587 -126.413628
616.157596 -126.613045
616.157606 -127.051285
616.157615 -127.767174
616.157625 -128.814178
616.157635 -130.274002
616.157644 -132.279358
616.157654 -135.037064
616.157663 -138.655014
616.157673 -138.500992
616.157683 -135.075363
616.157692 -132.545090
616.157702 -130.777023
616.157712 -129.576401
616.157721 -128.821320
616.157731 -128.434113
616.157740 -128.347076
616.157750 -128.356064
616.157760 -128.524734
616.157769 -128.851303
616.157779 -129.202072
616.157788 -129.335968
616.157798 -128.981827
616.157808 -128.474640
616.157817 -127.983376
616.157827 -127.643158
616.157837 -127.540764
616.157846 -127.544044
616.157856 -127.750259
616.157865 -128.307739
616.157875 -129.309296
616.157885 -130.891602
616.157894 -133.316116
616.157904 -137.161728
616.157913 -142.159866
616.157923 -136.215820
616.157933 -132.537659
616.157942 -130.135391
616.157952 -128.497177
616.157962 -127.383621
616.157971 -126.667526
616.157981 -126.272583
616.157990 -126.148880
616.158000 -126.148880
616.158010 -126.260162
616.158019 -126.575737
616.158029 -127.066536
616.158038 -127.701698
616.158048 -128.444611
616.158058 -129.250961
616.158067 -130.067200
616.158077 -130.832489
616.158087 -131.484146
616.158096 -131.967926
616.158106 -132.247314
616.158115 -132.228271
616.158125 -132.010315
616.158135 -131.727768
616.158144 -131.434662
616.158154 -131.175064
616.158163 -130.981293
616.158173 -130.875198
616.158183 -130.857666
616.158192 -130.869934
616.158202 -130.972153
616.158212 -131.183243
616.158221 -131.500854
616.158231 -131.919479
616.158240 -132.430817
616.158250 -133.023544
616.158260 -133.672440
616.158269 -134.342773
616.158279 -134.976669
616.158288 -135.454407
616.158298 -135.197006
616.158308 -134.260849
616.158317 -132.958817
616.158327 -131.529144
616.158337 -130.147171
616.158346 -128.910736
616.158356 -127.866547
616.158365 -127.035614
616.158375 -126.426811
616.158385 -126.045288
616.158394 -125.895828
616.158404 -125.893776
616.158413 -125.986107
616.158423 -126.326973
616.158433 -126.935974
616.158442 -127.839050
616.158452 -129.073074
616.158462 -130.683517
616.158471 -132.701630
616.158481 -135.018021
616.158490 -136.955246
616.158500 -135.688019
616.158510 -133.939163
616.158519 -132.520935
616.158529 -131.529968
616.158538 -130.944626
616.158548 -130.733505
616.158558 -130.731323
616.158567 -130.878403
616.158577 -131.400040
616.158587 -132.324310
616.158596 -133.679214
616.158606 -135.406601
616.158615 -137.029770
616.158625 -135.596054
616.158635 -133.334396
616.158644 -131.306183
616.158654 -129.679047
616.158663 -128.428696
616.158673 -127.503609
616.158683 -126.850395
616.158692 -126.430862
616.158702 -126.220787
616.158712 -126.183449
616.158721 -126.192978
616.158731 -126.323997
616.158740 -126.594894
616.158750 -126.993362
616.158760 -127.516991
616.158769 -128.176010
616.158779 -128.997177
616.158788 -130.026520
616.158798 -131.336365
616.158808 -133.037827
616.158817 -135.310898
616.158827 -138.442368
616.158837 -142.540741
616.158846 -140.239624
616.158856 -136.692764
616.158865 -134.162674
616.158875 -132.350800
616.158885 -131.049484
616.158894 -130.141556
616.158904 -129.559769
616.158913 -129.266083
616.158923 -129.218536
616.158933 -129.238861
616.158942 -129.466873
616.158952 -129.939133
616.158962 -130.649429
616.158971 -131.590088
616.158981 -132.736618
616.158990 -134.032486
616.159000 -135.361359
616.159010 -136.517014
616.159019 -137.236816
616.159029 -136.954208
616.159038 -136.252228
616.159048 -135.456314
616.159058 -134.693298
616.159067 -134.034164
616.159077 -133.519028
616.159087 -133.175507
616.159096 -133.025299
616.159106 -133.019592
616.159115 -133.088745
616.159125 -133.377396
616.159135 -133.911591
616.159144 -134.699600
616.159154 -135.726639
616.159163 -136.917389
616.159173 -138.068665
616.159183 -138.794174
616.159192 -138.070099
616.159202 -136.971313
616.159212 -135.754562
616.159221 -134.522018
616.159231 -133.345749
616.159240 -132.244995
616.159250 -131.248093
616.159260 -130.393356
616.159269 -129.719742
616.159279 -129.263123
616.159288 -129.054993
616.159298 -129.035904
616.159308 -129.126541
616.159317 -129.511826
616.159327 -130.257080
616.159337 -131.432404
616.159346 -133.156540
616.159356 -135.644424
616.159365 -139.296188
616.159375 -144.199646
616.159385 -139.634842
616.159394 -136.396545
616.159404 -134.294586
616.159413 -132.934280
616.159423 -132.098129
616.159433 -131.630539
616.159442 -131.442688
616.159452 -131.421005
616.159462 -131.428497
616.159471 -131.403717
616.159481 -131.169418
616.159490 -130.757568
616.159500 -130.250488
616.159510 -129.752777
616.159519 -129.341370
616.159529 -129.022964
616.159538 -128.823166
616.159548 -128.704315
616.159558 -128.609711
616.159567 -128.481110
616.159577 -128.282394
616.159587 -128.014526
616.159596 -127.712509
616.159606 -127.426575
616.159615 -127.204453
616.159625 -127.080811
616.159635 -127.047966
616.159644 -127.077309
616.159654 -127.204163
616.159663 -127.464844
616.159673 -127.858665
616.159683 -128.383331
616.159692 -129.035095
616.159702 -129.808563
616.159712 -130.694641
616.159721 -131.677521
616.159731 -132.730072
616.159740 -133.806885
616.159750 -134.837296
616.159760 -135.717377
616.159769 -136.314468
616.159779 -136.211960
616.159788 -135.518295
616.159798 -134.573486
616.159808 -133.546524
616.159817 -132.570755
616.159827 -131.734375
616.159837 -131.093658
616.159846 -130.685150
616.159856 -130.537537
616.159865 -130.537399
616.159875 -130.670685
616.159885 -131.117508
616.159894 -131.929138
616.159904 -133.170013
616.159913 -134.940048
616.159923 -137.388458
616.159933 -140.660721
616.159942 -144.115677
616.159952 -141.672058
616.159962 -139.431686
616.159971 -137.976547
616.159981 -137.089386
616.159990 -136.516281
616.160000 -135.996231
616.160010 -135.309326
616.160019 -134.374207
616.160029 -133.276566
616.160038 -132.171021
616.160048 -131.182297
616.160058 -130.379257
616.160067 -129.787109
616.160077 -129.404419
616.160087 -129.201385
616.160096 -129.144135
616.160106 -129.142670
616.160115 -129.196075
616.160125 -129.294632
616.160135 -129.360855
616.160144 -129.232590
616.160154 -128.992355
616.160163 -128.680954
616.160173 -128.353439
616.160183 -128.059967
616.160192 -127.836708
616.160202 -127.704521
616.160212 -127.663170
616.160221 -127.668159
616.160231 -127.737946
616.160240 -127.896057
616.160250 -128.136429
616.160260 -128.449387
616.160269 -128.827423
616.160279 -129.267517
616.160288 -129.771484
616.160298 -130.346069
616.160308 -130.991241
616.160317 -131.717926
616.160327 -132.551834
616.160337 -133.519043
616.160346 -134.668228
616.160356 -136.086136
616.160365 -137.913986
616.160375 -140.290176
616.160385 -142.222748
616.160394 -138.746628
616.160404 -135.330414
616.160413 -132.615799
616.160423 -130.513092
616.160433 -128.903198
616.160442 -127.705055
616.160452 -126.866432
616.160462 -126.354301
616.160471 -126.148109
616.160481 -126.142441
616.160490 -126.236809
616.160500 -126.614990
616.160510 -127.283066
616.160519 -128.246155
616.160529 -129.513962
616.160538 -131.101227
616.160548 -133.031418
616.160558 -135.348618
616.160567 -138.157211
616.160577 -141.747360
616.160587 -146.966385
616.160596 -148.999039
616.160606 -142.643143
616.160615 -138.623672
616.160625 -135.719360
616.160635 -133.479248
616.160644 -131.707047
616.160654 -130.303696
616.160663 -129.218903
616.160673 -128.419464
616.160683 -127.885841
616.160692 -127.608528
616.160702 -127.561378
616.160712 -127.585732
616.160721 -127.822044
616.160731 -128.327698
616.160740 -129.111099
616.160750 -130.193024
616.160760 -131.594070
616.160769 -133.309036
616.160779 -135.248566
616.160788 -137.094254
616.160798 -138.229233
616.160808 -137.751450
616.160817 -137.211655
616.160827 -136.986755
616.160837 -136.986008
616.160846 -137.184769
616.160856 -137.845184
616.160865 -139.013504
616.160875 -140.776642
616.160885 -143.284470
616.160894 -146.817764
616.160904 -151.970078
616.160913 -157.548935
616.160923 -153.876083
616.160933 -152.120911
616.160942 -151.438263
616.160952 -150.954163
616.160962 -149.979858
616.160971 -148.332275
616.160981 -146.255646
616.160990 -143.988312
616.161000 -141.648651
616.161010 -139.325562
616.161019 -137.104843
616.161029 -135.053146
616.161038 -133.208191
616.161048 -131.581207
616.161058 -130.166809
616.161067 -128.950287
616.161077 -127.912140
616.161087 -127.026947
616.161096 -126.291267
616.161106 -125.694267
616.161115 -125.230469
616.161125 -124.899361
616.161135 -124.704926
616.161144 -124.652092
616.161154 -124.653992
616.161163 -124.755745
616.161173 -125.019432
616.161183 -125.454987
616.161192 -126.071548
616.161202 -126.876907
616.161212 -127.874123
616.161221 -129.055389
616.161231 -130.384933
616.161240 -131.768921
616.161250 -133.017517
616.161260 -133.870941
616.161269 -134.044876
616.161279 -133.761139
616.161288 -133.556946
616.161298 -133.528290
616.161308 -133.560669
616.161317 -133.816681
616.161327 -134.300323
616.161337 -134.896332
616.161346 -135.351212
616.161356 -134.704559
616.161365 -133.590332
616.161375 -132.318680
616.161385 -131.102051
616.161394 -130.033371
616.161404 -129.137772
616.161413 -128.413712
616.161423 -127.851387
616.161433 -127.435898
616.161442 -127.173416
616.161452 -127.066353
616.161462 -127.060883
616.161471 -127.123848
616.161481 -127.360619
616.161490 -127.797653
616.161500 -128.461960
616.161510 -129.387115
616.161519 -130.613205
616.161529 -132.185471
616.161538 -134.142639
616.161548 -136.473541
616.161558 -138.975418
616.161567 -141.020279
616.161577 -141.928513
616.161587 -142.093262
616.161596 -142.466110
616.161606 -143.634201
616.161615 -145.863708
616.161625 -146.928696
616.161635 -142.852661
616.161644 -139.644516
616.161654 -137.418533
616.161663 -135.942062
616.161673 -135.058395
616.161683 -134.679703
616.161692 -134.657578
616.161702 -134.762604
616.161712 -135.299393
616.161721 -136.316055
616.161731 -137.894211
616.161740 -140.215546
616.161750 -143.719070
616.161760 -149.809128
616.161769 -150.510101
616.161779 -144.984253
616.161788 -142.003159
616.161798 -140.130981
616.161808 -138.912994
616.161817 -138.169052
616.161827 -137.838181
616.161837 -137.814743
616.161846 -137.936005
616.161856 -138.553040
616.161865 -139.893616
616.161875 -142.420517
616.161885 -147.531769
616.161894 -143.773483
616.161904 -138.108154
616.161913 -134.444168
616.161923 -131.799347
616.161933 -129.797470
616.161942 -128.264145
616.161952 -127.101135
616.161962 -126.245895
616.161971 -125.656769
616.161981 -125.304153
616.161990 -125.166687
616.162000 -125.158928
616.162010 -125.229118
616.162019 -125.480629
616.162029 -125.914909
616.162038 -126.530342
616.162048 -127.329536
616.162058 -128.319977
616.162067 -129.512909
616.162077 -130.923111
616.162087 -132.565094
616.162096 -134.446365
616.162106 -136.550034
616.162115 -138.806732
616.162125 -141.071030
616.162135 -143.183441
616.162144 -145.154083
616.162154 -147.002579
616.162163 -146.197556
616.162173 -142.531006
616.162183 -139.098938
616.162192 -136.324890
616.162202 -134.158005
616.162212 -132.510025
616.162221 -131.317474
616.162231 -130.542770
616.162240 -130.171432
616.162250 -130.137833
616.162260 -130.212036
616.162269 -130.701401
616.162279 -131.721497
616.162288 -133.444748
616.162298 -136.270355
616.162308 -141.432373
616.162317 -142.914139
616.162327 -136.386810
616.162337 -132.775970
616.162346 -130.362198
616.162356 -128.628159
616.162365 -127.347206
616.162375 -126.399513
616.162385 -125.714272
616.162394 -125.246742
616.162404 -124.967743
616.162413 -124.857506
616.162423 -124.854454
616.162433 -124.902771
616.162442 -125.093277
616.162452 -125.421310
616.162462 -125.879929
616.162471 -126.462883
616.162481 -127.163933
616.162490 -127.977676
616.162500 -128.899902
616.162510 -129.928970
616.162519 -131.065247
616.162529 -132.311264
616.162538 -133.667053
616.162548 -135.119644
616.162558 -136.647568
616.162567 -138.212646
616.162577 -139.741547
616.162587 -141.115585
616.162596 -142.152969
616.162606 -142.362244
616.162615 -141.298782
616.162625 -139.730377
616.162635 -137.993729
616.162644 -136.303680
616.162654 -134.758423
616.162663 -133.388580
616.162673 -132.196533
616.162683 -131.174149
616.162692 -130.312134
616.162702 -129.605362
616.162712 -129.051590
616.162721 -128.656143
616.162731 -128.431442
616.162740 -128.386414
616.162750 -128.398636
616.162760 -128.590393
616.162769 -129.055099
616.162779 -129.868454
616.162788 -131.155594
616.162798 -133.151520
616.162808 -136.392410
616.162817 -142.718216
616.162827 -139.876724
616.162837 -134.418793
616.162846 -131.242554
616.162856 -129.144165
616.162865 -127.723137
616.162875 -126.800049
616.162885 -126.281746
616.162894 -126.117043
616.162904 -126.117058
616.162913 -126.278664
616.162923 -126.751884
616.162933 -127.528847
616.162942 -128.595444
616.162952 -129.900406
616.162962 -131.281693
616.162971 -132.356155
616.162981 -131.936935
616.162990 -130.776474
616.163000 -129.565445
616.163010 -128.505066
616.163019 -127.653259
616.163029 -127.013702
616.163038 -126.574593
616.163048 -126.323082
616.163058 -126.260139
616.163067 -126.263763
616.163077 -126.400612
616.163087 -126.745888
616.163096 -127.323326
616.163106 -128.171188
616.163115 -129.350281
616.163125 -130.961288
616.163135 -133.178085
616.163144 -136.367966
616.163154 -141.517319
616.163163 -144.300842
616.163173 -138.543030
616.163183 -135.375229
616.163192 -133.384567
616.163202 -132.083496
616.163212 -131.250000
616.163221 -130.764648
616.163231 -130.555115
616.163240 -130.539230
616.163250 -130.576767
616.163260 -130.802490
616.163269 -131.221359
616.163279 -131.837433
616.163288 -132.671616
616.163298 -133.760880
616.163308 -135.128036
616.163317 -136.780060
616.163327 -138.533249
616.163337 -138.812836
616.163346 -136.717834
616.163356 -134.443298
616.163365 -132.442688
616.163375 -130.781509
616.163385 -129.427811
616.163394 -128.365860
616.163404 -127.568123
616.163413 -127.016914
616.163423 -126.700951
616.163433 -126.611107
616.163442 -126.612305
616.163452 -126.741310
616.163462 -127.068130
616.163471 -127.550255
616.163481 -128.102798
616.163490 -128.582016
616.163500 -128.671082
616.163510 -128.207840
616.163519 -127.584747
616.163529 -126.974739
616.163538 -126.495644
616.163548 -126.212029
616.163558 -126.146584
616.163567 -126.154327
616.163577 -126.327034
616.163587 -126.731522
616.163596 -127.369774
616.163606 -128.223984
616.163615 -129.256653
616.163625 -130.397354
616.163635 -131.530319
616.163644 -132.510025
616.163654 -133.227432
616.163663 -133.694168
616.163673 -134.045563
616.163683 -134.464081
616.163692 -135.121185
616.163702 -136.181458
616.163712 -137.836456
616.163721 -140.457336
616.163731 -144.901657
616.163740 -145.257629
616.163750 -139.759979
616.163760 -136.296280
616.163769 -133.911926
616.163779 -132.207642
616.163788 -130.993393
616.163798 -130.155914
616.163808 -129.631134
616.163817 -129.367523
616.163827 -129.307373
616.163837 -129.312836
616.163846 -129.408875
616.163856 -129.591995
616.163865 -129.802872
616.163875 -130.006012
616.163885 -130.204483
616.163894 -130.439606
616.163904 -130.767120
616.163913 -131.193024
616.163923 -131.741806
616.163933 -132.305557
616.163942 -132.455658
616.163952 -131.678314
616.163962 -130.541901
616.163971 -129.343613
616.163981 -128.268585
616.163990 -127.394447
616.164000 -126.742516
616.164010 -126.310753
616.164019 -126.090981
616.164029 -126.057526
616.164038 -126.075974
616.164048 -126.263550
616.164058 -126.658585
616.164067 -127.276688
616.164077 -128.147156
616.164087 -129.320343
616.164096 -130.880264
616.164106 -132.974045
616.164115 -135.877747
616.164125 -140.135880
616.164135 -143.425125
616.164144 -138.656006
616.164154 -135.581039
616.164163 -133.573914
616.164173 -132.223694
616.164183 -131.342529
616.164192 -130.810394
616.164202 -130.545700
616.164212 -130.483383
616.164221 -130.487946
616.164231 -130.588699
616.164240 -130.808228
616.164250 -131.117508
616.164260 -131.500244
616.164269 -131.955383
616.164279 -132.497345
616.164288 -133.154663
616.164298 -133.966965
616.164308 -134.981567
616.164317 -136.245163
616.164327 -137.780258
616.164337 -139.494522
616.164346 -140.942169
616.164356 -139.999954
616.164365 -138.135223
616.164375 -136.283188
616.164385 -134.637741
616.164394 -133.205002
616.164404 -131.949158
616.164413 -130.836914
616.164423 -129.846527
616.164433 -128.968445
616.164442 -128.201691
616.164452 -127.550644
616.164462 -127.021599
616.164471 -126.620026
616.164481 -126.348167
616.164490 -126.202377
616.164500 -126.163773
616.164510 -126.168724
616.164519 -126.231125
616.164529 -126.348648
616.164538 -126.479103
616.164548 -126.575279
616.164558 -126.531860
616.164567 -126.379204
616.164577 -126.162148
616.164587 -125.905853
616.164596 -125.630066
616.164606 -125.338226
616.164615 -125.043343
616.164625 -124.752998
616.164635 -124.472244
616.164644 -124.209511
616.164654 -123.976585
616.164663 -123.787270
616.164673 -123.655952
616.164683 -123.590736
616.164692 -123.585861
616.164702 -123.610542
616.164712 -123.728874
616.164721 -123.958427
616.164731 -124.312294
616.164740 -124.804588
616.164750 -125.450729
616.164760 -126.267975
616.164769 -127.274963
616.164779 -128.490387
616.164788 -129.925797
616.164798 -131.564987
616.164808 -133.304596
616.164817 -134.839432
616.164827 -135.411118
616.164837 -134.525406
616.164846 -133.509201
616.164856 -132.651550
616.164865 -132.060654
616.164875 -131.774323
616.164885 -131.747986
616.164894 -131.812515
616.164904 -132.176224
616.164913 -132.895218
616.164923 -133.920303
616.164933 -134.966080
616.164942 -134.029312
616.164952 -131.848984
616.164962 -129.567139
616.164971 -127.540924
616.164981 -125.835426
616.164990 -124.433342
616.165000 -123.301758
616.165010 -122.410263
616.165019 -121.746002
616.165029 -121.294495
616.165038 -121.047211
616.165048 -120.991554
616.165058 -121.000343
616.165067 -121.154236
616.165077 -121.511345
616.165087 -122.076035
616.165096 -122.850533
616.165106 -123.828026
616.165115 -124.975815
616.165125 -126.202850
616.165135 -127.313698
616.165144 -128.016235
616.165154 -127.646797
616.165163 -126.936867
616.165173 -126.207909
616.165183 -125.583878
616.165192 -125.110306
616.165202 -124.796501
616.165212 -124.638420
616.165221 -124.607445
616.165231 -124.629768
616.165240 -124.765396
616.165250 -125.042137
616.165260 -125.457420
616.165269 -125.993416
616.165279 -126.644058
616.165288 -127.385307
616.165298 -128.167191
616.165308 -128.914154
616.165317 -129.536316
616.165327 -129.962570
616.165337 -130.179169
616.165346 -130.218994
616.165356 -130.197403
616.165365 -130.183060
616.165375 -130.187592
616.165385 -130.231873
616.165394 -130.321335
616.165404 -130.438477
616.165413 -130.569550
616.165423 -130.715164
616.165433 -130.891418
616.165442 -131.126617
616.165452 -131.452164
616.165462 -131.897552
616.165471 -132.486435
616.165481 -133.240326
616.165490 -134.183075
616.165500 -135.352844
616.165510 -136.818420
616.165519 -138.711487
616.165529 -141.271759
616.165538 -144.929825
616.165548 -149.001740
616.165558 -143.645859
616.165567 -139.831299
616.165577 -137.097351
616.165587 -135.016769
616.165596 -133.366669
616.165606 -132.023483
616.165615 -130.913010
616.165625 -129.990341
616.165635 -129.227966
616.165644 -128.609970
616.165654 -128.126831
616.165663 -127.772964
616.165673 -127.544022
616.165683 -127.435837
616.165692 -127.425552
616.165702 -127.443390
616.165712 -127.560646
616.165721 -127.780350
616.165731 -128.089890
616.165740 -128.481613
616.165750 -128.952042
616.165760 -129.497131
616.165769 -130.117264
616.165779 -130.821136
616.165788 -131.628433
616.165798 -132.572784
616.165808 -133.699326
616.165817 -135.050415
616.165827 -136.606491
616.165837 -138.100433
616.165846 -137.830719
616.165856 -135.952255
616.165865 -133.980667
616.165875 -132.263123
616.165885 -130.854233
616.165894 -129.726151
616.165904 -128.834641
616.165913 -128.136551
616.165923 -127.588020
616.165933 -127.158630
616.165942 -126.824440
616.165952 -126.563950
616.165962 -126.363564
616.165971 -126.216881
616.165981 -126.125122
616.165990 -126.095177
616.166000 -126.095367
616.166010 -126.140022
616.166019 -126.274414
616.166029 -126.516861
616.166038 -126.887405
616.166048 -127.406502
616.166058 -128.098999
616.166067 -128.994705
616.166077 -130.127777
616.166087 -131.539078
616.166096 -133.276047
616.166106 -135.374649
616.166115 -137.778366
616.166125 -140.047104
616.166135 -140.403336
616.166144 -139.156799
616.166154 -138.172028
616.166163 -137.706909
616.166173 -137.677353
616.166183 -137.855759
616.166192 -138.741730
616.166202 -140.643173
616.166212 -144.335938
616.166221 -146.315521
616.166231 -139.693512
616.166240 -135.577438
616.166250 -132.659271
616.166260 -130.436493
616.166269 -128.680878
616.166279 -127.258255
616.166288 -126.086426
616.166298 -125.112854
616.166308 -124.303360
616.166317 -123.636780
616.166327 -123.100426
616.166337 -122.687363
616.166346 -122.393723
616.166356 -122.216766
616.166365 -122.153336
616.166375 -122.153038
616.166385 -122.192970
616.166394 -122.332306
616.166404 -122.563370
616.166413 -122.871956
616.166423 -123.239159
616.166433 -123.641434
616.166442 -124.051308
616.166452 -124.440430
616.166462 -124.783150
616.166471 -125.060715
616.166481 -125.262001
616.166490 -125.381599
616.166500 -125.316895
616.166510 -125.136436
616.166519 -124.855766
616.166529 -124.489105
616.166538 -124.066811
616.166548 -123.630936
616.166558 -123.225845
616.166567 -122.890648
616.166577 -122.654388
616.166587 -122.535576
616.166596 -122.513588
616.166606 -122.542397
616.166615 -122.674294
616.166625 -122.923187
616.166635 -123.275780
616.166644 -123.715851
616.166654 -124.228050
616.166663 -124.801971
616.166673 -125.436218
616.166683 -126.140411
616.166692 -126.934975
616.166702 -127.848885
616.166712 -128.917114
616.166721 -130.170975
616.166731 -131.659882
616.166740 -133.445770
616.166750 -135.601105
616.166760 -138.221939
616.166769 -141.418320
616.166779 -145.186783
616.166788 -148.721786
616.166798 -149.154678
616.166808 -147.848419
616.166817 -145.792007
616.166827 -142.792664
616.166837 -139.516205
616.166846 -136.508408
616.166856 -133.924652
616.166865 -131.754059
616.166875 -129.942963
616.166885 -128.442352
616.166894 -127.211441
616.166904 -126.212379
616.166913 -125.413704
616.166923 -124.790123
616.166933 -124.320778
616.166942 -123.989731
616.166952 -123.785095
616.166962 -123.699394
616.166971 -123.696007
616.166981 -123.729065
616.166990 -123.874489
616.167000 -124.139534
616.167010 -124.528877
616.167019 -125.052521
616.167029 -125.727173
616.167038 -126.569481
616.167048 -127.595894
616.167058 -128.815063
616.167067 -130.203613
616.167077 -131.645798
616.167087 -132.827133
616.167096 -132.716766
616.167106 -131.581482
616.167115 -130.324402
616.167125 -129.198944
616.167135 -128.291107
616.167144 -127.615150
616.167154 -127.152473
616.167163 -126.875397
616.167173 -126.765373
616.167183 -126.759506
616.167192 -126.782616
616.167202 -126.876999
616.167212 -126.992104
616.167221 -127.075478
616.167231 -127.051155
616.167240 -126.975464
616.167250 -126.916405
616.167260 -126.908524
616.167269 -126.922195
616.167279 -127.029701
616.167288 -127.259605
616.167298 -127.616409
616.167308 -128.088501
616.167317 -128.649612
616.167327 -129.261475
616.167337 -129.882507
616.167346 -130.480133
616.167356 -131.046066
616.167365 -131.601959
616.167375 -132.193665
616.167385 -132.873535
616.167394 -133.678238
616.167404 -134.595657
616.167413 -135.506744
616.167423 -136.054581
616.167433 -135.220612
616.167442 -133.936905
616.167452 -132.576797
616.167462 -131.347702
616.167471 -130.327423
616.167481 -129.532700
616.167490 -128.956894
616.167500 -128.584900
616.167510 -128.398193
616.167519 -128.365891
616.167529 -128.374954
616.167538 -128.489929
616.167548 -128.711319
616.167558 -128.999008
616.167567 -129.301041
616.167577 -129.569336
616.167587 -129.750183
616.167596 -129.692215
616.167606 -129.432098
616.167615 -129.045975
616.167625 -128.576141
616.167635 -128.070526
616.167644 -127.574570
616.167654 -127.127533
616.167663 -126.760559
616.167673 -126.497253
616.167683 -126.353271
616.167692 -126.323692
616.167702 -126.337166
616.167712 -126.449638
616.167721 -126.683090
616.167731 -127.020142
616.167740 -127.432930
616.167750 -127.882301
616.167760 -128.321045
616.167769 -128.700363
616.167779 -128.981430
616.167788 -129.143829
616.167798 -129.135010
616.167808 -129.002228
616.167817 -128.811066
616.167827 -128.576447
616.167837 -128.309143
616.167846 -128.018112
616.167856 -127.712860
616.167865 -127.403748
616.167875 -127.102501
616.167885 -126.820770
616.167894 -126.569748
616.167904 -126.358902
616.167913 -126.186752
616.167923 -126.069038
616.167933 -126.010811
616.167942 -126.005455
616.167952 -126.016449
616.167962 -126.090446
616.167971 -126.238403
616.167981 -126.467651
616.167990 -126.787178
616.168000 -127.207382
616.168010 -127.739548
616.168019 -128.394348
616.168029 -129.181244
616.168038 -130.106506
616.168048 -131.163910
616.168058 -132.343262
616.168067 -133.626038
616.168077 -134.962631
616.168087 -136.263214
616.168096 -137.390320
616.168106 -138.180267
616.168115 -138.420059
616.168125 -138.002930
616.168135 -137.417664
616.168144 -136.787018
616.168154 -136.196487
616.168163 -135.709122
616.168173 -135.375839
616.168183 -135.243835
616.168192 -135.233444
616.168202 -135.359818
616.168212 -135.769714
616.168221 -136.515182
616.168231 -137.613434
616.168240 -138.985153
616.168250 -140.271500
616.168260 -139.997055
616.168269 -138.704559
616.168279 -137.536621
616.168288 -136.776978
616.168298 -136.499069
616.168308 -136.497879
616.168317 -136.676727
616.168327 -137.256149
616.168337 -138.041504
616.168346 -137.903946
616.168356 -136.288483
616.168365 -134.315475
616.168375 -132.441574
616.168385 -130.806229
616.168394 -129.403336
616.168404 -128.222443
616.168413 -127.241776
616.168423 -126.442604
616.168433 -125.815941
616.168442 -125.360199
616.168452 -125.078629
616.168462 -124.976929
616.168471 -124.976669
616.168481 -125.062050
616.168490 -125.333267
616.168500 -125.805878
616.168510 -126.487328
616.168519 -127.384872
616.168529 -128.504089
616.168538 -129.844086
616.168548 -131.384369
616.168558 -133.051834
616.168567 -134.654968
616.168577 -135.827591
616.168587 -135.710068
616.168596 -134.729431
616.168606 -133.540482
616.168615 -132.262390
616.168625 -130.956451
616.168635 -129.664627
616.168644 -128.416107
616.168654 -127.244835
616.168663 -126.182991
616.168673 -125.255051
616.168683 -124.476906
616.168692 -123.856171
616.168702 -123.394447
616.168712 -123.088326
616.168721 -122.931175
616.168731 -122.892288
616.168740 -122.913803
616.168750 -123.025436
616.168760 -123.253937
616.168769 -123.587021
616.168779 -124.012650
616.168788 -124.519440
616.168798 -125.097000
616.168808 -125.736237
616.168817 -126.429871
616.168827 -127.173584
616.168837 -127.968193
616.168846 -128.822128
616.168856 -129.754227
616.168865 -130.795151
616.168875 -131.988342
616.168885 -133.388046
616.168894 -135.057251
616.168904 -137.003754
616.168913 -139.203781
616.168923 -141.251709
616.168933 -140.986740
616.168942 -139.102036
616.168952 -137.214493
616.168962 -135.520798
616.168971 -134.024155
616.168981 -132.706528
616.168990 -131.542969
616.169000 -130.523300
616.169010 -129.646027
616.169019 -128.908127
616.169029 -128.311081
616.169038 -127.860847
616.169048 -127.557762
616.169058 -127.402519
616.169067 -127.381004
616.169077 -127.397934
616.169087 -127.549438
616.169096 -127.865990
616.169106 -128.360382
616.169115 -129.048111
616.169125 -129.939362
616.169135 -131.037338
616.169144 -132.345520
616.169154 -133.821045
616.169163 -135.348709
616.169173 -136.719086
616.169183 -137.705383
616.169192 -138.262817
616.169202 -138.601990
616.169212 -139.019287
616.169221 -139.758347
616.169231 -141.019852
616.169240 -143.047409
616.169250 -146.386597
616.169260 -152.733643
616.169269 -150.632614
616.169279 -145.518906
616.169288 -142.698151
616.169298 -141.004303
616.169308 -140.044998
616.169317 -139.651382
616.169327 -139.631027
616.169337 -139.746368
616.169346 -140.296082
616.169356 -141.293655
616.169365 -142.741119
616.169375 -144.602768
616.169385 -146.602646
616.169394 -146.879898
616.169404 -144.740692
616.169413 -142.508026
616.169423 -140.574692
616.169433 -138.992981
616.169442 -137.741409
616.169452 -136.789597
616.169462 -136.105179
616.169471 -135.652740
616.169481 -135.389359
616.169490 -135.264557
616.169500 -135.220398
616.169510 -135.199051
616.169519 -135.153519
616.169529 -135.058716
616.169538 -134.913513
616.169548 -134.735275
616.169558 -134.546173
616.169567 -134.366714
616.169577 -134.210251
616.169587 -134.086334
616.169596 -134.003510
616.169606 -133.975296
616.169615 -133.975510
616.169625 -134.023178
616.169635 -134.176056
616.169644 -134.470551
616.169654 -134.937775
616.169663 -135.590546
616.169673 -136.427307
616.169683 -137.312866
616.169692 -137.553741
616.169702 -136.265976
616.169712 -134.493744
616.169721 -132.703171
616.169731 -131.100433
616.169740 -129.739838
616.169750 -128.620377
616.169760 -127.724632
616.169769 -127.032448
616.169779 -126.523880
616.169788 -126.180092
616.169798 -125.982323
616.169808 -125.912109
616.169817 -125.907005
616.169827 -125.950989
616.169837 -126.080803
616.169846 -126.284676
616.169856 -126.547577
616.169865 -126.855820
616.169875 -127.196541
616.169885 -127.556313
616.169894 -127.914993
616.169904 -128.266479
616.169913 -128.603043
616.169923 -128.920944
616.169933 -129.218079
616.169942 -129.490067
616.169952 -129.742126
616.169962 -129.963318
616.169971 -130.133972
616.169981 -130.234253
616.169990 -130.223068
616.170000 -130.164230
616.170010 -130.121109
616.170019 -130.108932
616.170029 -130.107925
616.170038 -130.112762
616.170048 -130.036316
616.170058 -129.812561
616.170067 -129.406052
616.170077 -128.842316
616.170087 -128.193039
616.170096 -127.540146
616.170106 -126.949287
616.170115 -126.463203
616.170125 -126.093704
616.170135 -125.864624
616.170144 -125.779984
616.170154 -125.775520
616.170163 -125.838135
616.170173 -126.032799
616.170183 -126.353638
616.170192 -126.783928
616.170202 -127.299057
616.170212 -127.864807
616.170221 -128.438965
616.170231 -128.976257
616.170240 -129.438126
616.170250 -129.802261
616.170260 -130.068039
616.170269 -130.253265
616.170279 -130.386169
616.170288 -130.497177
616.170298 -130.612503
616.170308 -130.749619
616.170317 -130.911346
616.170327 -131.081604
616.170337 -131.223083
616.170346 -131.232727
616.170356 -131.059387
616.170365 -130.811707
616.170375 -130.566711
616.170385 -130.404648
616.170394 -130.358032
616.170404 -130.390060
616.170413 -130.560806
616.170423 -130.921249
616.170433 -131.427612
616.170442 -131.963318
616.170452 -132.306442
616.170462 -131.835953
616.170471 -131.059677
616.170481 -130.194580
616.170490 -129.398453
616.170500 -128.749420
616.170510 -128.271790
616.170519 -127.962204
616.170529 -127.803757
616.170538 -127.763260
616.170548 -127.774544
616.170558 -127.852058
616.170567 -128.015274
616.170577 -128.247604
616.170587 -128.537552
616.170596 -128.877869
616.170606 -129.264893
616.170615 -129.696701
616.170625 -130.172485
616.170635 -130.690918
616.170644 -131.250732
616.170654 -131.848633
616.170663 -132.479874
616.170673 -133.137024
616.170683 -133.812424
616.170692 -134.498108
616.170702 -135.177338
616.170712 -135.813736
616.170721 -136.358307
616.170731 -136.616180
616.170740 -136.038513
616.170750 -135.025436
616.170760 -133.791016
616.170769 -132.540176
616.170779 -131.400848
616.170788 -130.434433
616.170798 -129.664627
616.170808 -129.096817
616.170817 -128.730820
616.170827 -128.567062
616.170837 -128.558304
616.170846 -128.612396
616.170856 -128.883087
616.170865 -129.411621
616.170875 -130.255188
616.170885 -131.515091
616.170894 -133.380966
616.170904 -136.253021
616.170913 -141.370193
616.170923 -142.749451
616.170933 -136.042297
616.170942 -132.223038
616.170952 -129.570557
616.170962 -127.570000
616.170971 -125.997627
616.170981 -124.737869
616.170990 -123.725479
616.171000 -122.922455
616.171010 -122.306717
616.171019 -121.865776
616.171029 -121.592987
616.171038 -121.484909
616.171048 -121.475304
616.171058 -121.539818
616.171067 -121.754936
616.171077 -122.125038
616.171087 -122.638336
616.171096 -123.270081
616.171106 -123.971603
616.171115 -124.658112
616.171125 -125.205109
616.171135 -125.412964
616.171144 -125.046867
616.171154 -124.504234
616.171163 -123.913422
616.171173 -123.364937
616.171183 -122.908798
616.171192 -122.566154
616.171202 -122.341476
616.171212 -122.230362
616.171221 -122.210701
616.171231 -122.224976
616.171240 -122.317085
616.171250 -122.500946
616.171260 -122.775101
616.171269 -123.144264
616.171279 -123.620010
616.171288 -124.221840
616.171298 -124.977264
616.171308 -125.916092
616.171317 -127.084160
616.171327 -128.535767
616.171337 -130.325272
616.171346 -132.475922
616.171356 -134.838242
616.171365 -136.708893
616.171375 -135.836014
616.171385 -134.486130
616.171394 -133.429977
616.171404 -132.746689
616.171413 -132.371140
616.171423 -132.262680
616.171433 -132.261185
616.171442 -132.357101
616.171452 -132.592850
616.171462 -132.923965
616.171471 -133.328278
616.171481 -133.818710
616.171490 -134.448288
616.171500 -135.313095
616.171510 -136.562500
616.171519 -138.442551
616.171529 -141.437881
616.171538 -146.774658
616.171548 -144.166122
616.171558 -139.150574
616.171567 -136.051987
616.171577 -133.990677
616.171587 -132.625229
616.171596 -131.802856
616.171606 -131.454590
616.171615 -131.437973
616.171625 -131.558411
616.171635 -132.141235
616.171644 -133.279617
616.171654 -135.137039
616.171663 -138.038040
616.171673 -142.358170
616.171683 -139.434464
616.171692 -135.387054
616.171702 -132.556091
616.171712 -130.493881
616.171721 -128.935394
616.171731 -127.745270
616.171740 -126.842552
616.171750 -126.174927
616.171760 -125.710915
616.171769 -125.431732
616.171779 -125.327591
616.171788 -125.326591
616.171798 -125.394478
616.171808 -125.627769
616.171817 -126.026527
616.171827 -126.593979
616.171837 -127.325890
616.171846 -128.209579
616.171856 -129.216995
616.171865 -130.295959
616.171875 -131.364487
616.171885 -132.320435
616.171894 -133.080551
616.171904 -133.630096
616.171913 -134.035370
616.171923 -134.397552
616.171933 -134.767822
616.171942 -135.133545
616.171952 -135.311386
616.171962 -134.670105
616.171971 -133.499481
616.171981 -132.046478
616.171990 -130.560287
616.172000 -129.187469
616.172010 -127.992126
616.172019 -126.994720
616.172029 -126.197250
616.172038 -125.594971
616.172048 -125.181702
616.172058 -124.951881
616.172067 -124.897339
616.172077 -124.901543
616.172087 -125.028427
616.172096 -125.328400
616.172106 -125.807068
616.172115 -126.468903
616.172125 -127.321167
616.172135 -128.374252
616.172144 -129.641724
616.172154 -131.139801
616.172163 -132.884415
616.172173 -134.884888
616.172183 -137.127655
616.172192 -139.544373
616.172202 -141.950653
616.172212 -143.874588
616.172221 -143.525986
616.172231 -141.149628
616.172240 -138.398209
616.172250 -135.790588
616.172260 -133.492538
616.172269 -131.529831
616.172279 -129.885391
616.172288 -128.531708
616.172298 -127.441338
616.172308 -126.589783
616.172317 -125.955132
616.172327 -125.517776
616.172337 -125.259277
616.172346 -125.161270
616.172356 -125.158669
616.172365 -125.201958
616.172375 -125.363625
616.172385 -125.623917
616.172394 -125.957809
616.172404 -126.338280
616.172413 -126.737389
616.172423 -127.129280
616.172433 -127.493233
616.172442 -127.817360
616.172452 -128.099854
616.172462 -128.344269
616.172471 -128.550415
616.172481 -128.732834
616.172490 -128.884247
616.172500 -128.975922
616.172510 -128.834030
616.172519 -128.525818
616.172529 -128.067444
616.172538 -127.509750
616.172548 -126.919579
616.172558 -126.358437
616.172567 -125.870964
616.172577 -125.483551
616.172587 -125.207100
616.172596 -125.041649
616.172606 -124.979332
616.172615 -124.975479
616.172625 -125.008080
616.172635 -125.113258
616.172644 -125.280609
616.172654 -125.497711
616.172663 -125.755928
616.172673 -126.051201
616.172683 -126.385185
616.172692 -126.765213
616.172702 -127.205002
616.172712 -127.724144
616.172721 -128.348709
616.172731 -129.111542
616.172740 -130.054840
616.172750 -131.234161
616.172760 -132.730057
616.172769 -134.670273
616.172779 -137.288742
616.172788 -141.096664
616.172798 -147.535583
616.172808 -144.864182
616.172817 -140.493423
616.172827 -137.953156
616.172837 -136.383606
616.172846 -135.455734
616.172856 -135.021118
616.172865 -134.963654
616.172875 -135.009216
616.172885 -135.388580
616.172894 -136.187592
616.172904 -137.482330
616.172913 -139.460403
616.172923 -142.554688
616.172933 -147.932404
616.172942 -143.735291
616.172952 -138.501038
616.172962 -134.882919
616.172971 -132.120392
616.172981 -129.911331
616.172990 -128.104614
616.173000 -126.620003
616.173010 -125.410599
616.173019 -124.446297
616.173029 -123.706245
616.173038 -123.174294
616.173048 -122.836739
616.173058 -122.680054
616.173067 -122.665237
616.173077 -122.689987
616.173087 -122.849304
616.173096 -123.136757
616.173106 -123.525749
616.173115 -123.983498
616.173125 -124.471130
616.173135 -124.945808
616.173144 -125.365128
616.173154 -125.694374
616.173163 -125.913330
616.173173 -126.021858
616.173183 -126.002312
616.173192 -125.953499
616.173202 -125.937141
616.173212 -125.939331
616.173221 -126.003242
616.173231 -126.184937
616.173240 -126.520836
616.173250 -127.047356
616.173260 -127.804802
616.173269 -128.845322
616.173279 -130.244766
616.173288 -132.129456
616.173298 -134.739059
616.173308 -138.631500
616.173317 -145.668304
616.173327 -142.329865
616.173337 -137.770325
616.173346 -135.148132
616.173356 -133.478912
616.173365 -132.398407
616.173375 -131.726639
616.173385 -131.357391
616.173394 -131.217438
616.173404 -131.211594
616.173413 -131.252472
616.173423 -131.419876
616.173433 -131.689529
616.173442 -132.043732
616.173452 -132.477783
616.173462 -132.995712
616.173471 -133.604675
616.173481 -134.284073
616.173490 -135.009079
616.173500 -135.717972
616.173510 -136.284317
616.173519 -136.449402
616.173529 -136.009155
616.173538 -135.380173
616.173548 -134.704514
616.173558 -134.066910
616.173567 -133.494537
616.173577 -132.970825
616.173587 -132.455200
616.173596 -131.900742
616.173606 -131.276428
616.173615 -130.580856
616.173625 -129.843155
616.173635 -129.108536
616.173644 -128.424133
616.173654 -127.827339
616.173663 -127.344360
616.173673 -126.990501
616.173683 -126.772156
616.173692 -126.684280
616.173702 -126.683151
616.173712 -126.736740
616.173721 -126.927597
616.173731 -127.255272
616.173740 -127.718895
616.173750 -128.319305
616.173760 -129.057587
616.173769 -129.933197
616.173779 -130.935211
616.173788 -132.025024
616.173798 -133.101898
616.173808 -133.965714
616.173817 -134.132370
616.173827 -133.451920
616.173837 -132.602234
616.173846 -131.816833
616.173856 -131.228745
616.173865 -130.909424
616.173875 -130.864975
616.173885 -130.905075
616.173894 -131.260788
616.173904 -132.036423
616.173913 -133.329239
616.173923 -135.308533
616.173933 -138.288925
616.173942 -143.036163
616.173952 -144.996429
616.173962 -140.342987
616.173971 -137.720184
616.173981 -136.235550
616.173990 -135.537506
616.174000 -135.405289
616.174010 -135.425537
616.174019 -135.777191
616.174029 -136.480408
616.174038 -137.390854
616.174048 -138.308594
616.174058 -139.035019
616.174067 -139.523148
616.174077 -139.951630
616.174087 -140.629166
616.174096 -141.910904
616.174106 -144.320389
616.174115 -149.243362
616.174125 -149.055405
616.174135 -142.477859
616.174144 -138.713455
616.174154 -136.154984
616.174163 -134.303406
616.174173 -132.930878
616.174183 -131.912170
616.174192 -131.168839
616.174202 -130.649109
616.174212 -130.317642
616.174221 -130.151215
616.174231 -130.124191
616.174240 -130.135513
616.174250 -130.259384
616.174260 -130.514145
616.174269 -130.903763
616.174279 -131.423996
616.174288 -132.065216
616.174298 -132.807861
616.174308 -133.619751
616.174317 -134.454651
616.174327 -135.259659
616.174337 -135.988647
616.174346 -136.619232
616.174356 -137.154449
616.174365 -137.603302
616.174375 -137.938614
616.174385 -137.929947
616.174394 -137.437881
616.174404 -136.616882
616.174413 -135.581680
616.174423 -134.468140
616.174433 -133.380890
616.174442 -132.380829
616.174452 -131.491531
616.174462 -130.729630
616.174471 -130.090469
616.174481 -129.561279
616.174490 -129.120865
616.174500 -128.748001
616.174510 -128.421677
616.174519 -128.118774
616.174529 -127.819687
616.174538 -127.510635
616.174548 -127.186974
616.174558 -126.853127
616.174567 -126.522018
616.174577 -126.211754
616.174587 -125.943359
616.174596 -125.737534
616.174606 -125.613945
616.174615 -125.585693
616.174625 -125.590088
616.174635 -125.682213
616.174644 -125.905266
616.174654 -126.274933
616.174663 -126.808754
616.174673 -127.528427
616.174683 -128.462204
616.174692 -129.649063
616.174702 -131.144379
616.174712 -133.030838
616.174721 -135.437149
616.174731 -138.570480
616.174740 -142.707672
616.174750 -147.274765
616.174760 -144.762512
616.174769 -142.983704
616.174779 -142.164185
616.174788 -141.899414
616.174798 -141.676483
616.174808 -140.859009
616.174817 -139.288162
616.174827 -137.408981
616.174837 -135.658707
616.174846 -134.231400
616.174856 -133.184067
616.174865 -132.513229
616.174875 -132.247025
616.174885 -132.243195
616.174894 -132.411896
616.174904 -133.059998
616.174913 -134.286407
616.174923 -136.225784
616.174933 -138.852966
616.174942 -138.467209
616.174952 -135.121017
616.174962 -132.411865
616.174971 -130.417938
616.174981 -128.996002
616.174990 -128.034897
616.175000 -127.461662
616.175010 -127.228462
616.175019 -127.219200
616.175029 -127.302902
616.175038 -127.660240
616.175048 -128.279480
616.175058 -129.138977
616.175067 -130.211502
616.175077 -131.459152
616.175087 -132.827057
616.175096 -134.241501
616.175106 -135.616302
616.175115 -136.878403
616.175125 -138.001755
616.175135 -139.027115
616.175144 -140.032410
616.175154 -141.057419
616.175163 -141.961700
616.175173 -141.491333
616.175183 -139.817780
616.175192 -137.905991
616.175202 -136.159882
616.175212 -134.711807
616.175221 -133.575806
616.175231 -132.709198
616.175240 -132.088806
616.175250 -131.671143
616.175260 -131.402191
616.175269 -131.221573
616.175279 -131.067261
616.175288 -130.883820
616.175298 -130.634628
616.175308 -130.308289
616.175317 -129.917267
616.175327 -129.486450
616.175337 -129.043060
616.175346 -128.608826
616.175356 -128.199188
616.175365 -127.823944
616.175375 -127.491043
616.175385 -127.208145
616.175394 -126.984894
616.175404 -126.833237
616.175413 -126.767685
616.175423 -126.761711
616.175433 -126.804634
616.175442 -126.961655
616.175452 -127.251892
616.175462 -127.683754
616.175471 -128.275894
616.175481 -129.023712
616.175490 -129.889542
616.175500 -130.770065
616.175510 -131.463120
616.175519 -131.389633
616.175529 -130.635788
616.175538 -129.713531
616.175548 -128.827927
616.175558 -128.085785
616.175567 -127.529243
616.175577 -127.169014
616.175587 -127.001732
616.175596 -126.988152
616.175606 -127.019402
616.175615 -127.212051
616.175625 -127.569710
616.175635 -128.082932
616.175644 -128.737671
616.175654 -129.520737
616.175663 -130.423477
616.175673 -131.425339
616.175683 -132.493149
616.175692 -133.574875
616.175702 -134.595932
616.175712 -135.469894
616.175721 -136.127396
616.175731 -136.555801
616.175740 -136.808777
616.175750 -136.981812
616.175760 -137.170090
616.175769 -137.447632
616.175779 -137.854965
616.175788 -138.393478
616.175798 -139.004883
616.175808 -139.547058
616.175817 -139.598877
616.175827 -138.954315
616.175837 -138.061447
616.175846 -137.117447
616.175856 -136.233719
616.175865 -135.445709
616.175875 -134.733307
616.175885 -134.080612
616.175894 -133.471909
616.175904 -132.891541
616.175913 -132.335083
616.175923 -131.806213
616.175933 -131.311859
616.175942 -130.858292
616.175952 -130.449921
616.175962 -130.088715
616.175971 -129.775711
616.175981 -129.511017
616.175990 -129.295425
616.176000 -129.131073
616.176010 -129.023834
616.176019 -128.984406
616.176029 -128.984421
616.176038 -129.030396
616.176048 -129.184830
616.176058 -129.476379
616.176067 -129.936646
616.176077 -130.598770
616.176087 -131.494995
616.176096 -132.654144
616.176106 -134.094040
616.176115 -135.803146
616.176125 -137.695282
616.176135 -139.534836
616.176144 -140.914764
616.176154 -141.478485
616.176163 -141.060577
616.176173 -140.388016
616.176183 -139.450928
616.176192 -138.249756
616.176202 -136.818222
616.176212 -135.227844
616.176221 -133.561325
616.176231 -131.905106
616.176240 -130.315720
616.176250 -128.837006
616.176260 -127.502037
616.176269 -126.332764
616.176279 -125.341629
616.176288 -124.533081
616.176298 -123.905510
616.176308 -123.452812
616.176317 -123.164162
616.176327 -123.030159
616.176337 -123.016678
616.176346 -123.037483
616.176356 -123.165825
616.176365 -123.396133
616.176375 -123.704109
616.176385 -124.059601
616.176394 -124.426041
616.176404 -124.762306
616.176413 -125.028397
616.176423 -125.194977
616.176433 -125.219078
616.176442 -125.126183
616.176452 -125.016403
616.176462 -124.928467
616.176471 -124.891441
616.176481 -124.891220
616.176490 -124.921806
616.176500 -125.021896
616.176510 -125.179985
616.176519 -125.370407
616.176529 -125.556854
616.176538 -125.700264
616.176548 -125.763428
616.176558 -125.694664
616.176567 -125.601746
616.176577 -125.526054
616.176587 -125.495888
616.176596 -125.494682
616.176606 -125.529831
616.176615 -125.650887
616.176625 -125.861313
616.176635 -126.159615
616.176644 -126.546600
616.176654 -127.031067
616.176663 -127.633698
616.176673 -128.389786
616.176683 -129.349792
616.176692 -130.582947
616.176702 -132.185074
616.176712 -134.301498
616.176721 -137.180969
616.176731 -141.315292
616.176740 -147.418076
616.176750 -143.825058
616.176760 -140.818832
616.176769 -139.184280
616.176779 -138.351761
616.176788 -138.049301
616.176798 -138.004974
616.176808 -137.901901
616.176817 -137.425842
616.176827 -136.458893
616.176837 -135.156952
616.176846 -133.759689
616.176856 -132.430344
616.176865 -131.239410
616.176875 -130.203690
616.176885 -129.315063
616.176894 -128.557175
616.176904 -127.912773
616.176913 -127.367676
616.176923 -126.912331
616.176933 -126.543175
616.176942 -126.261772
616.176952 -126.074333
616.176962 -125.990318
616.176971 -125.984406
616.176981 -126.013794
616.176990 -126.166061
616.177000 -126.462677
616.177010 -126.919662
616.177019 -127.554115
616.177029 -128.382355
616.177038 -129.417557
616.177048 -130.661591
616.177058 -132.089539
616.177067 -133.617996
616.177077 -135.069611
616.177087 -136.193466
616.177096 -136.831467
616.177106 -137.071518
616.177115 -137.172150
616.177125 -137.309052
616.177135 -137.469940
616.177144 -137.284149
616.177154 -136.622955
616.177163 -135.668793
616.177173 -134.638809
616.177183 -133.703033
616.177192 -132.949707
616.177202 -132.410446
616.177212 -132.080948
616.177221 -131.957184
616.177231 -131.956314
616.177240 -132.041489
616.177250 -132.330978
616.177260 -132.834045
616.177269 -133.571152
616.177279 -134.554703
616.177288 -135.794632
616.177298 -137.229492
616.177308 -138.511871
616.177317 -137.845840
616.177327 -136.097595
616.177337 -134.340530
616.177346 -132.851654
616.177356 -131.679276
616.177365 -130.801758
616.177375 -130.182373
616.177385 -129.782532
616.177394 -129.564453
616.177404 -129.490341
616.177413 -129.489075
616.177423 -129.522751
616.177433 -129.623520
616.177442 -129.757065
616.177452 -129.891434
616.177462 -129.999435
616.177471 -130.066467
616.177481 -130.079788
616.177490 -130.049484
616.177500 -130.023438
616.177510 -130.020920
616.177519 -130.030685
616.177529 -130.103867
616.177538 -130.277252
616.177548 -130.585083
616.177558 -131.060059
616.177567 -131.730545
616.177577 -132.601974
616.177587 -133.686249
616.177596 -134.939697
616.177606 -136.223083
616.177615 -137.245895
616.177625 -137.307755
616.177635 -136.485519
616.177644 -135.505783
616.177654 -134.546860
616.177663 -133.697632
616.177673 -133.007614
616.177683 -132.493088
616.177692 -132.168839
616.177702 -132.050674
616.177712 -132.050339
616.177721 -132.152206
616.177731 -132.479477
616.177740 -133.022369
616.177750 -133.739670
616.177760 -134.533340
616.177769 -135.229691
616.177779 -135.581406
616.177788 -135.197525
616.177798 -134.651840
616.177808 -134.099548
616.177817 -133.611801
616.177827 -133.192490
616.177837 -132.805328
616.177846 -132.398666
616.177856 -131.924789
616.177865 -131.355286
616.177875 -130.685654
616.177885 -129.931641
616.177894 -129.120422
616.177904 -128.283890
616.177913 -127.453979
616.177923 -126.660774
616.177933 -125.930977
616.177942 -125.287529
616.177952 -124.749321
616.177962 -124.332069
616.177971 -124.048920
616.177981 -123.912117
616.177990 -123.902176
616.178000 -123.934166
616.178010 -124.128944
616.178019 -124.513054
616.178029 -125.108047
616.178038 -125.936775
616.178048 -127.035622
616.178058 -128.458252
616.178067 -130.271423
616.178077 -132.545776
616.178087 -135.250626
616.178096 -137.733459
616.178106 -136.488190
616.178115 -134.536194
616.178125 -132.993195
616.178135 -131.892960
616.178144 -131.160431
616.178154 -130.723770
616.178163 -130.527390
616.178173 -130.501175
616.178183 -130.528107
616.178192 -130.688721
616.178202 -130.958694
616.178212 -131.290527
616.178221 -131.621490
616.178231 -131.860611
616.178240 -131.702148
616.178250 -131.238556
616.178260 -130.589294
616.178269 -129.854034
616.178279 -129.121933
616.178288 -128.455795
616.178298 -127.892715
616.178308 -127.451187
616.178317 -127.136360
616.178327 -126.944077
616.178337 -126.862022
616.178346 -126.856575
616.178356 -126.870987
616.178365 -126.945114
616.178375 -127.054665
616.178385 -127.169701
616.178394 -127.266220
616.178404 -127.330803
616.178413 -127.363312
616.178423 -127.373383
616.178433 -127.374413
616.178442 -127.376358
616.178452 -127.366997
616.178462 -127.333794
616.178471 -127.262512
616.178481 -127.136978
616.178490 -126.949196
616.178500 -126.702606
616.178510 -126.410126
616.178519 -126.089745
616.178529 -125.759315
616.178538 -125.432602
616.178548 -125.117432
616.178558 -124.815895
616.178567 -124.525314
616.178577 -124.234138
616.178587 -123.941643
616.178596 -123.645073
616.178606 -123.344521
616.178615 -123.046112
616.178625 -122.762291
616.178635 -122.511955
616.178644 -122.318741
616.178654 -122.209663
616.178663 -122.195572
616.178673 -122.213318
616.178683 -122.359093
616.178692 -122.677002
616.178702 -123.199890
616.178712 -123.966187
616.178721 -125.026268
616.178731 -126.443100
616.178740 -128.333908
616.178750 -130.897476
616.178760 -134.491196
616.178769 -139.358978
616.178779 -136.200928
616.178788 -132.769409
616.178798 -130.447510
616.178808 -128.824524
616.178817 -127.664673
616.178827 -126.832161
616.178837 -126.242088
616.178846 -125.835876
616.178856 -125.569771
616.178865 -125.407852
616.178875 -125.319649
616.178885 -125.278831
616.178894 -125.260941
616.178904 -125.255714
616.178913 -125.257980
616.178923 -125.269051
616.178933 -125.291718
616.178942 -125.331825
616.178952 -125.402420
616.178962 -125.505280
616.178971 -125.636841
616.178981 -125.798401
616.178990 -125.973991
616.179000 -126.142578
616.179010 -126.283333
616.179019 -126.382820
616.179029 -126.439766
616.179038 -126.466232
616.179048 -126.483124
616.179058 -126.514000
616.179067 -126.578194
616.179077 -126.680527
616.179087 -126.816345
616.179096 -126.984131
616.179106 -127.160339
616.179115 -127.314087
616.179125 -127.412720
616.179135 -127.394394
616.179144 -127.300629
616.179154 -127.201645
616.179163 -127.148361
616.179173 -127.136368
616.179183 -127.192650
616.179192 -127.384415
616.179202 -127.773972
616.179212 -128.418900
616.179221 -129.395370
616.179231 -130.821472
616.179240 -132.911530
616.179250 -136.141922
616.179260 -142.041931
616.179269 -141.516159
616.179279 -135.694519
616.179288 -132.419128
616.179298 -130.265198
616.179308 -128.781509
616.179317 -127.766434
616.179327 -127.111969
616.179337 -126.753250
616.179346 -126.647408
616.179356 -126.647675
616.179365 -126.765785
616.179375 -127.084335
616.179385 -127.584557
616.179394 -128.248245
616.179404 -129.044876
616.179413 -129.946518
616.179423 -130.911789
616.179433 -131.876266
616.179442 -132.761612
616.179452 -133.498322
616.179462 -134.061295
616.179471 -134.487518
616.179481 -134.855988
616.179490 -135.248840
616.179500 -135.698502
616.179510 -136.237885
616.179519 -136.844116
616.179529 -137.454895
616.179538 -137.992554
616.179548 -138.399902
616.179558 -138.674881
616.179567 -138.873749
616.179577 -139.086426
616.179587 -139.406570
616.179596 -139.915833
616.179606 -140.662872
616.179615 -141.593735
616.179625 -142.053284
616.179635 -140.327423
616.179644 -137.922363
616.179654 -135.574188
616.179663 -133.540222
616.179673 -131.857452
616.179683 -130.504425
616.179692 -129.449356
616.179702 -128.662537
616.179712 -128.118179
616.179721 -127.793610
616.179731 -127.668213
616.179740 -127.660851
616.179750 -127.722862
616.179760 -127.938705
616.179769 -128.298141
616.179779 -128.785294
616.179788 -129.387482
616.179798 -130.097244
616.179808 -130.912720
616.179817 -131.836090
616.179827 -132.863052
616.179837 -133.957428
616.179846 -134.993103
616.179856 -135.671234
616.179865 -134.848190
616.179875 -133.522842
616.179885 -132.065704
616.179894 -130.684830
616.179904 -129.455307
616.179913 -128.381531
616.179923 -127.447426
616.179933 -126.646881
616.179942 -125.963257
616.179952 -125.386574
616.179962 -124.914810
616.179971 -124.552185
616.179981 -124.307518
616.179990 -124.191383
616.180000 -124.183731
616.180010 -124.214783
616.180019 -124.379539
616.180029 -124.694801
616.180038 -125.165344
616.180048 -125.786339
616.180058 -126.541779
616.180067 -127.397446
616.180077 -128.289627
616.180087 -129.116531
616.180096 -129.747040
616.180106 -130.057556
616.180115 -129.791306
616.180125 -129.400223
616.180135 -129.004089
616.180144 -128.690048
616.180154 -128.517532
616.180163 -128.489761
616.180173 -128.532745
616.180183 -128.780029
616.180192 -129.313538
616.180202 -130.209549
616.180212 -131.585739
616.180221 -133.625854
616.180231 -136.537598
616.180240 -138.228882
616.180250 -134.322922
616.180260 -131.108353
616.180269 -128.730499
616.180279 -126.976601
616.180288 -125.699097
616.180298 -124.808899
616.180308 -124.245934
616.180317 -123.983437
616.180327 -123.959305
616.180337 -124.004059
616.180346 -124.297226
616.180356 -124.857651
616.180365 -125.681175
616.180375 -126.757309
616.180385 -128.052795
616.180394 -129.479111
616.180404 -130.842834
616.180413 -131.837997
616.180423 -132.025024
616.180433 -131.541428
616.180442 -131.002792
616.180452 -130.521881
616.180462 -130.122864
616.180471 -129.783173
616.180481 -129.487442
616.180490 -129.218323
616.180500 -128.962921
616.180510 -128.712555
616.180519 -128.465271
616.180529 -128.229630
616.180538 -128.009018
616.180548 -127.809082
616.180558 -127.638481
616.180567 -127.511108
616.180577 -127.444756
616.180587 -127.440056
616.180596 -127.459549
616.180606 -127.574188
616.180615 -127.803879
616.180625 -128.157440
616.180635 -128.636047
616.180644 -129.230667
616.180654 -129.921509
616.180663 -130.675720
616.180673 -131.448273
616.180683 -132.172531
616.180692 -132.792862
616.180702 -133.251450
616.180712 -133.504303
616.180721 -133.350800
616.180731 -132.998962
616.180740 -132.533142
616.180750 -132.006760
616.180760 -131.462540
616.180769 -130.927353
616.180779 -130.414169
616.180788 -129.923523
616.180798 -129.446732
616.180808 -128.968338
616.180817 -128.470245
616.180827 -127.936325
616.180837 -127.357567
616.180846 -126.735817
616.180856 -126.084122
616.180865 -125.423584
616.180875 -124.778847
616.180885 -124.173264
616.180894 -123.626747
616.180904 -123.154022
616.180913 -122.764862
616.180923 -122.464729
616.180933 -122.255325
616.180942 -122.135422
616.180952 -122.100800
616.180962 -122.101120
616.180971 -122.147240
616.180981 -122.267738
616.180990 -122.454903
616.181000 -122.700951
616.181010 -122.998383
616.181019 -123.340576
616.181029 -123.722130
616.181038 -124.138779
616.181048 -124.587151
616.181058 -125.064178
616.181067 -125.566765
616.181077 -126.091217
616.181087 -126.633286
616.181096 -127.187592
616.181106 -127.747192
616.181115 -128.294678
616.181125 -128.821457
616.181135 -129.313828
616.181144 -129.756638
616.181154 -130.141251
616.181163 -130.472916
616.181173 -130.774811
616.181183 -131.085495
616.181192 -131.450333
616.181202 -131.899231
616.181212 -132.461609
616.181221 -133.144943
616.181231 -133.903870
616.181240 -134.623993
616.181250 -135.117126
616.181260 -134.799988
616.181269 -134.061081
616.181279 -133.158112
616.181288 -132.219696
616.181298 -131.305191
616.181308 -130.419540
616.181317 -129.571121
616.181327 -128.763062
616.181337 -127.999474
616.181346 -127.291916
616.181356 -126.658379
616.181365 -126.118889
616.181375 -125.694107
616.181385 -125.403343
616.181394 -125.264641
616.181404 -125.254845
616.181413 -125.293495
616.181423 -125.504196
616.181433 -125.915291
616.181442 -126.542015
616.181452 -127.397530
616.181462 -128.488403
616.181471 -129.801590
616.181481 -131.277344
616.181490 -132.759171
616.181500 -133.965881
616.181510 -134.618637
616.181519 -134.561020
616.181529 -134.449448
616.181538 -134.448868
616.181548 -134.572586
616.181558 -135.019714
616.181567 -135.835220
616.181577 -137.084915
616.181587 -138.819077
616.181596 -141.070709
616.181606 -143.669876
616.181615 -145.022598
616.181625 -142.894913
616.181635 -140.679733
616.181644 -138.725800
616.181654 -136.986877
616.181663 -135.384781
616.181673 -133.874344
616.181683 -132.444122
616.181692 -131.104950
616.181702 -129.878998
616.181712 -128.792404
616.181721 -127.870705
616.181731 -127.137970
616.181740 -126.615761
616.181750 -126.324272
616.181760 -126.260895
616.181769 -126.282578
616.181779 -126.508934
616.181788 -127.017799
616.181798 -127.812820
616.181808 -128.861450
616.181817 -130.032715
616.181827 -130.992371
616.181837 -130.567505
616.181846 -129.340302
616.181856 -127.998886
616.181865 -126.764099
616.181875 -125.696457
616.181885 -124.792458
616.181894 -124.031334
616.181904 -123.392815
616.181913 -122.864113
616.181923 -122.443985
616.181933 -122.134827
616.181942 -121.945274
616.181952 -121.887772
616.181962 -121.888550
616.181971 -121.981712
616.181981 -122.243919
616.181990 -122.697212
616.182000 -123.366539
616.182010 -124.280609
616.182019 -125.473686
616.182029 -126.988808
616.182038 -128.882507
616.182048 -131.234665
616.182058 -134.167252
616.182067 -137.890900
616.182077 -142.850281
616.182087 -150.381165
616.182096 -152.257904
616.182106 -146.809708
616.182115 -143.044495
616.182125 -139.977631
616.182135 -137.445206
616.182144 -135.376846
616.182154 -133.702499
616.182163 -132.355438
616.182173 -131.278122
616.182183 -130.424118
616.182192 -129.757797
616.182202 -129.253067
616.182212 -128.891891
616.182221 -128.662491
616.182231 -128.557098
616.182240 -128.549255
616.182250 -128.570145
616.182260 -128.695480
616.182269 -128.923279
616.182279 -129.234924
616.182288 -129.576370
616.182298 -129.881546
616.182308 -129.911942
616.182317 -129.388290
616.182327 -128.487610
616.182337 -127.345886
616.182346 -126.131439
616.182356 -124.976913
616.182365 -123.966232
616.182375 -123.147682
616.182385 -122.544518
616.182394 -122.178177
616.182404 -122.063713
616.182413 -122.064255
616.182423 -122.215874
616.182433 -122.646126
616.182442 -123.368874
616.182452 -124.392395
616.182462 -125.698517
616.182471 -127.182022
616.182481 -128.520401
616.182490 -128.643951
616.182500 -127.468704
616.182510 -126.152649
616.182519 -124.974503
616.182529 -124.014542
616.182538 -123.279358
616.182548 -122.755272
616.182558 -122.425491
616.182567 -122.272659
616.182577 -122.256950
616.182587 -122.278084
616.182596 -122.418243
616.182606 -122.663811
616.182615 -122.979584
616.182625 -123.328720
616.182635 -123.679398
616.182644 -124.013481
616.182654 -124.330437
616.182663 -124.644630
616.182673 -124.976845
616.182683 -125.345016
616.182692 -125.757141
616.182702 -126.208214
616.182712 -126.679604
616.182721 -127.140755
616.182731 -127.553467
616.182740 -127.881020
616.182750 -128.100906
616.182760 -128.216904
616.182769 -128.261917
616.182779 -128.290085
616.182788 -128.362396
616.182798 -128.532333
616.182808 -128.843445
616.182817 -129.341461
616.182827 -130.055771
616.182837 -131.011169
616.182846 -132.229828
616.182856 -133.731934
616.182865 -135.531052
616.182875 -137.615631
616.182885 -139.880234
616.182894 -141.931427
616.182904 -142.140701
616.182913 -140.340668
616.182923 -138.290024
616.182933 -136.334473
616.182942 -134.582581
616.182952 -133.066681
616.182962 -131.796021
616.182971 -130.770020
616.182981 -129.983200
616.182990 -129.425232
616.183000 -129.090942
616.183010 -128.964813
616.183019 -128.962143
616.183029 -129.014481
616.183038 -129.168839
616.183048 -129.185760
616.183058 -128.660400
616.183067 -127.692665
616.183077 -126.442879
616.183087 -125.117920
616.183096 -123.865166
616.183106 -122.760628
616.183115 -121.834152
616.183125 -121.091179
616.183135 -120.516388
616.183144 -120.104614
616.183154 -119.844475
616.183163 -119.719902
616.183173 -119.695442
616.183183 -119.714798
616.183192 -119.813248
616.183202 -119.999969
616.183212 -120.260071
616.183221 -120.577538
616.183231 -120.932220
616.183240 -121.296028
616.183250 -121.629539
616.183260 -121.883522
616.183269 -121.973923
616.183279 -121.780678
616.183288 -121.463509
616.183298 -121.073555
616.183308 -120.659157
616.183317 -120.253548
616.183327 -119.872368
616.183337 -119.516045
616.183346 -119.166969
616.183356 -118.817993
616.183365 -118.463371
616.183375 -118.098839
616.183385 -117.729141
616.183394 -117.367905
616.183404 -117.035500
616.183413 -116.755745
616.183423 -116.553078
616.183433 -116.450249
616.183442 -116.442520
616.183452 -116.467239
616.183462 -116.619888
616.183471 -116.919220
616.183481 -117.369644
616.183490 -117.965508
616.183500 -118.684448
616.183510 -119.477409
616.183519 -120.257286
616.183529 -120.899628
616.183538 -121.277847
616.183548 -121.123550
616.183558 -120.777451
616.183567 -120.436951
616.183577 -120.215912
616.183587 -120.177147
616.183596 -120.199066
616.183606 -120.436684
616.183615 -121.005997
616.183625 -121.941803
616.183635 -123.172592
616.183644 -124.086815
616.183654 -122.326714
616.183663 -119.978226
616.183673 -117.799179
616.183683 -115.987839
616.183692 -114.546638
616.183702 -113.438309
616.183712 -112.625397
616.183721 -112.077499
616.183731 -111.771309
616.183740 -111.687744
616.183750 -111.689323
616.183760 -111.819107
616.183769 -112.151489
616.183779 -112.681236
616.183788 -113.405998
616.183798 -114.324646
616.183808 -115.417633
616.183817 -116.677971
616.183827 -118.055405
616.183837 -119.431908
616.183846 -120.591217
616.183856 -121.274536
616.183865 -121.049400
616.183875 -120.543541
616.183885 -120.029945
616.183894 -119.544800
616.183904 -119.118011
616.183913 -118.705093
616.183923 -118.254173
616.183933 -117.730667
616.183942 -117.133652
616.183952 -116.495110
616.183962 -115.865486
616.183971 -115.296448
616.183981 -114.830666
616.183990 -114.498634
616.184000 -114.319954
616.184010 -114.289398
616.184019 -114.305695
616.184029 -114.455986
616.184038 -114.767593
616.184048 -115.240936
616.184058 -115.865173
616.184067 -116.624252
616.184077 -117.496643
616.184087 -118.455925
616.184096 -119.473160
616.184106 -120.521355
616.184115 -121.581589
616.184125 -122.648758
616.184135 -123.734406
616.184144 -124.866631
616.184154 -126.088112
616.184163 -127.456459
616.184173 -129.045517
616.184183 -130.897903
616.184192 -132.973679
616.184202 -134.555984
616.184212 -132.297852
616.184221 -129.581223
616.184231 -127.162514
616.184240 -125.138939
616.184250 -123.467186
616.184260 -122.092018
616.184269 -120.972656
616.184279 -120.076752
616.184288 -119.375931
616.184298 -118.851585
616.184308 -118.488899
616.184317 -118.276169
616.184327 -118.204384
616.184337 -118.203857
616.184346 -118.266922
616.184356 -118.458061
616.184365 -118.772820
616.184375 -119.205368
616.184385 -119.747162
616.184394 -120.384529
616.184404 -121.096268
616.184413 -121.851936
616.184423 -122.613670
616.184433 -123.343025
616.184442 -124.014023
616.184452 -124.624832
616.184462 -125.201073
616.184471 -125.784286
616.184481 -126.412338
616.184490 -127.064140
616.184500 -127.727028
616.184510 -128.303650
616.184519 -128.652390
616.184529 -128.396362
616.184538 -127.971786
616.184548 -127.569458
616.184558 -127.315437
616.184567 -127.259605
616.184577 -127.267632
616.184587 -127.464554
616.184596 -127.914658
616.184606 -128.566391
616.184615 -129.286133
616.184625 -129.830307
616.184635 -129.510269
616.184644 -128.782043
616.184654 -128.021835
616.184663 -127.415298
616.184673 -127.049400
616.184683 -126.951103
616.184692 -126.954506
616.184702 -127.133156
616.184712 -127.568169
616.184721 -128.228180
616.184731 -129.089020
616.184740 -130.100189
616.184750 -131.200455
616.184760 -132.331238
616.184769 -133.462921
616.184779 -134.619904
616.184788 -135.888931
616.184798 -137.373444
616.184808 -139.273834
616.184817 -141.779419
616.184827 -144.729294
616.184837 -143.359543
616.184846 -140.271286
616.184856 -137.846497
616.184865 -136.053085
616.184875 -134.746048
616.184885 -133.814484
616.184894 -133.173233
616.184904 -132.751205
616.184913 -132.470764
616.184923 -132.249954
616.184933 -132.018097
616.184942 -131.699661
616.184952 -131.246948
616.184962 -130.662781
616.184971 -130.000656
616.184981 -129.343811
616.184990 -128.778152
616.185000 -128.378250
616.185010 -128.203934
616.185019 -128.200378
616.185029 -128.305359
616.185038 -128.725052
616.185048 -129.499573
616.185058 -130.642334
616.185067 -132.076828
616.185077 -133.446091
616.185087 -133.156342
616.185096 -131.671188
616.185106 -130.220871
616.185115 -129.078979
616.185125 -128.289124
616.185135 -127.824463
616.185144 -127.638741
616.185154 -127.629501
616.185163 -127.675568
616.185173 -127.864685
616.185183 -128.118988
616.185192 -128.341263
616.185202 -128.404099
616.185212 -128.237061
616.185221 -128.017365
616.185231 -127.822037
616.185240 -127.711449
616.185250 -127.700142
616.185260 -127.721649
616.185269 -127.852333
616.185279 -128.111633
616.185288 -128.482468
616.185298 -128.928635
616.185308 -129.398224
616.185317 -129.826355
616.185327 -130.146286
616.185337 -130.290268
616.185346 -130.115677
616.185356 -129.826248
616.185365 -129.470871
616.185375 -129.091492
616.185385 -128.718216
616.185394 -128.371323
616.185404 -128.062927
616.185413 -127.800690
616.185423 -127.589203
616.185433 -127.432732
616.185442 -127.335869
616.185452 -127.305595
616.185462 -127.305923
616.185471 -127.353378
616.185481 -127.493248
616.185490 -127.745331
616.185500 -128.135452
616.185510 -128.695374
616.185519 -129.465073
616.185529 -130.494171
616.185538 -131.844025
616.185548 -133.578796
616.185558 -135.704788
616.185567 -137.875229
616.185577 -137.517166
616.185587 -135.390305
616.185596 -133.459427
616.185606 -131.934158
616.185615 -130.783463
616.185625 -129.945663
616.185635 -129.364838
616.185644 -129.010788
616.185654 -128.869202
616.185663 -128.865677
616.185673 -128.935410
616.185683 -129.217850
616.185692 -129.738724
616.185702 -130.533096
616.185712 -131.653549
616.185721 -133.194977
616.185731 -135.307816
616.185740 -138.286087
616.185750 -142.856842
616.185760 -152.028793
616.185769 -145.024796
616.185779 -141.312347
616.185788 -139.154968
616.185798 -137.618546
616.185808 -136.225555
616.185817 -134.720139
616.185827 -133.062363
616.185837 -131.359726
616.185846 -129.744354
616.185856 -128.307526
616.185865 -127.096634
616.185875 -126.130623
616.185885 -125.414612
616.185894 -124.946968
616.185904 -124.723526
616.185913 -124.692612
616.185923 -124.738205
616.185933 -124.982018
616.185942 -125.440727
616.185952 -126.092209
616.185962 -126.901550
616.185971 -127.818932
616.185981 -128.780716
616.185990 -129.720291
616.186000 -130.579102
616.186010 -131.293167
616.186019 -131.769455
616.186029 -131.678467
616.186038 -131.015091
616.186048 -130.090607
616.186058 -129.107193
616.186067 -128.224792
616.186077 -127.540718
616.186087 -127.108215
616.186096 -126.959129
616.186106 -126.959145
616.186115 -127.120491
616.186125 -127.624748
616.186135 -128.523148
616.186144 -129.903595
616.186154 -131.923126
616.186163 -134.867157
616.186173 -139.033478
616.186183 -137.463959
616.186192 -133.559418
616.186202 -130.789597
616.186212 -128.772125
616.186221 -127.252678
616.186231 -126.085556
616.186240 -125.184288
616.186250 -124.495277
616.186260 -123.985252
616.186269 -123.634041
616.186279 -123.430641
616.186288 -123.367867
616.186298 -123.368095
616.186308 -123.447937
616.186317 -123.674202
616.186327 -124.052979
616.186337 -124.592201
616.186346 -125.301239
616.186356 -126.188965
616.186365 -127.260063
616.186375 -128.504669
616.186385 -129.874344
616.186394 -131.234818
616.186404 -132.317123
616.186413 -132.569595
616.186423 -131.895966
616.186433 -131.102600
616.186442 -130.395462
616.186452 -129.864258
616.186462 -129.536972
616.186471 -129.415390
616.186481 -129.413879
616.186490 -129.489365
616.186500 -129.734665
616.186510 -130.130585
616.186519 -130.644012
616.186529 -131.225601
616.186538 -131.809189
616.186548 -132.314194
616.186558 -132.656418
616.186567 -132.633759
616.186577 -132.266846
616.186587 -131.725693
616.186596 -131.076797
616.186606 -130.381683
616.186615 -129.690033
616.186625 -129.039276
616.186635 -128.457275
616.186644 -127.964821
616.186654 -127.578667
616.186663 -127.313393
616.186673 -127.182495
616.186683 -127.170464
616.186692 -127.200470
616.186702 -127.385681
616.186712 -127.757950
616.186721 -128.340897
616.186731 -129.163651
616.186740 -130.262314
616.186750 -131.682861
616.186760 -133.481079
616.186769 -135.725952
616.186779 -138.495789
616.186788 -141.821335
616.186798 -145.480377
616.186808 -148.430862
616.186817 -145.934021
616.186827 -141.968491
616.186837 -138.136292
616.186846 -134.815826
616.186856 -132.026062
616.186865 -129.697617
616.186875 -127.770325
616.186885 -126.189880
616.186894 -124.915428
616.186904 -123.917656
616.186913 -123.176376
616.186923 -122.678230
616.186933 -122.412064
616.186942 -122.361824
616.186952 -122.374924
616.186962 -122.567329
616.186971 -122.990105
616.186981 -123.645721
616.186990 -124.535660
616.187000 -125.657021
616.187010 -126.993896
616.187019 -128.501099
616.187029 -130.074783
616.187038 -131.525116
616.187048 -132.608612
616.187058 -133.183594
616.187067 -133.289368
616.187077 -133.216797
616.187087 -133.183548
616.187096 -133.196228
616.187106 -133.262680
616.187115 -133.358734
616.187125 -133.434570
616.187135 -133.380173
616.187144 -133.223099
616.187154 -133.028397
616.187163 -132.854309
616.187173 -132.757095
616.187183 -132.747559
616.187192 -132.771347
616.187202 -132.899414
616.187212 -133.143539
616.187221 -133.441513
616.187231 -133.673584
616.187240 -133.348633
616.187250 -132.692017
616.187260 -131.850311
616.187269 -130.986649
616.187279 -130.219803
616.187288 -129.617126
616.187298 -129.209366
616.187308 -129.006531
616.187317 -128.981262
616.187327 -129.005447
616.187337 -129.192886
616.187346 -129.542572
616.187356 -130.009323
616.187365 -130.516586
616.187375 -130.948227
616.187385 -131.037811
616.187394 -130.567780
616.187404 -129.848969
616.187413 -129.026031
616.187423 -128.225067
616.187433 -127.533348
616.187442 -127.006889
616.187452 -126.682846
616.187462 -126.587425
616.187471 -126.589264
616.187481 -126.751427
616.187490 -127.193832
616.187500 -127.940575
616.187510 -129.006149
616.187519 -130.360123
616.187529 -131.822220
616.187538 -132.855286
616.187548 -131.784454
616.187558 -130.354828
616.187567 -129.040970
616.187577 -127.997673
616.187587 -127.243752
616.187596 -126.758270
616.187606 -126.513374
616.187615 -126.470528
616.187625 -126.482758
616.187635 -126.642899
616.187644 -126.972061
616.187654 -127.449287
616.187663 -128.052292
616.187673 -128.755325
616.187683 -129.526169
616.187692 -130.323761
616.187702 -131.087372
616.187712 -131.758881
616.187721 -132.284042
616.187731 -132.625992
616.187740 -132.789001
616.187750 -132.793579
616.187760 -132.781769
616.187769 -132.789215
616.187779 -132.894989
616.187788 -133.176407
616.187798 -133.689590
616.187808 -134.483902
616.187817 -135.594208
616.187827 -136.988846
616.187837 -138.388123
616.187846 -137.995987
616.187856 -136.043793
616.187865 -134.018234
616.187875 -132.276291
616.187885 -130.881729
616.187894 -129.819656
616.187904 -129.064331
616.187913 -128.595367
616.187923 -128.400635
616.187933 -128.393997
616.187942 -128.476181
616.187952 -128.823166
616.187962 -129.444550
616.187971 -130.333298
616.187981 -131.439041
616.187990 -132.589813
616.188000 -133.343170
616.188010 -132.423080
616.188019 -131.093552
616.188029 -129.770569
616.188038 -128.637054
616.188048 -127.742340
616.188058 -127.084763
616.188067 -126.636543
616.188077 -126.391693
616.188087 -126.330620
616.188096 -126.333237
616.188106 -126.446968
616.188115 -126.722221
616.188125 -127.153122
616.188135 -127.738640
616.188144 -128.483566
616.188154 -129.398254
616.188163 -130.497574
616.188173 -131.794083
616.188183 -133.273819
616.188192 -134.825134
616.188202 -136.085190
616.188212 -135.531326
616.188221 -133.956741
616.188231 -132.263718
616.188240 -130.705246
616.188250 -129.343842
616.188260 -128.176834
616.188269 -127.184402
616.188279 -126.345535
616.188288 -125.641052
616.188298 -125.054901
616.188308 -124.573433
616.188317 -124.185822
616.188327 -123.883766
616.188337 -123.662254
616.188346 -123.519501
616.188356 -123.457550
616.188365 -123.451302
616.188375 -123.482018
616.188385 -123.601341
616.188394 -123.825844
616.188404 -124.166519
616.188413 -124.632538
616.188423 -125.228256
616.188433 -125.948235
616.188442 -126.769272
616.188452 -127.639168
616.188462 -128.465820
616.188471 -129.121384
616.188481 -129.483337
616.188490 -129.242218
616.188500 -128.814789
616.188510 -128.336243
616.188519 -127.877579
616.188529 -127.492088
616.188538 -127.218437
616.188548 -127.072029
616.188558 -127.049034
616.188567 -127.061684
616.188577 -127.191261
616.188587 -127.461220
616.188596 -127.869156
616.188606 -128.411133
616.188615 -129.082626
616.188625 -129.880508
616.188635 -130.803436
616.188644 -131.851852
616.188654 -133.022736
616.188663 -134.300217
616.188673 -135.635468
616.188683 -136.917450
616.188692 -137.946686
616.188702 -138.307632
616.188712 -137.510956
616.188721 -136.281204
616.188731 -134.837357
616.188740 -133.340744
616.188750 -131.891754
616.188760 -130.544952
616.188769 -129.323944
616.188779 -128.233322
616.188788 -127.267860
616.188798 -126.419403
616.188808 -125.681320
616.188817 -125.051018
616.188827 -124.530106
616.188837 -124.123451
616.188846 -123.837166
616.188856 -123.676895
616.188865 -123.641647
616.188875 -123.646347
616.188885 -123.746704
616.188894 -123.975952
616.188904 -124.329803
616.188913 -124.800865
616.188923 -125.378380
616.188933 -126.060936
616.188942 -126.843712
616.188952 -127.723701
616.188962 -128.698898
616.188971 -129.762512
616.188981 -130.889404
616.188990 -132.007523
616.189000 -132.958298
616.189010 -133.412735
616.189019 -132.756409
616.189029 -131.772385
616.189038 -130.703659
616.189048 -129.692245
616.189058 -128.797913
616.189067 -128.037827
616.189077 -127.411049
616.189087 -126.911049
616.189096 -126.531601
616.189106 -126.268715
616.189115 -126.120743
616.189125 -126.078339
616.189135 -126.086037
616.189144 -126.166771
616.189154 -126.352188
616.189163 -126.625237
616.189173 -126.947182
616.189183 -127.249947
616.189192 -127.404282
616.189202 -127.102921
616.189212 -126.565651
616.189221 -125.891335
616.189231 -125.190331
616.189240 -124.546249
616.189250 -124.008987
616.189260 -123.601471
616.189269 -123.328979
616.189279 -123.185638
616.189288 -123.148224
616.189298 -123.159233
616.189308 -123.235435
616.189317 -123.397438
616.189327 -123.631058
616.189337 -123.925079
616.189346 -124.271942
616.189356 -124.667419
616.189365 -125.108002
616.189375 -125.587830
616.189385 -126.094284
616.189394 -126.605377
616.189404 -127.090141
616.189413 -127.515465
616.189423 -127.858871
616.189433 -128.121140
616.189442 -128.331055
616.189452 -128.536865
616.189462 -128.793182
616.189471 -129.147934
616.189481 -129.636856
616.189490 -130.279495
616.189500 -131.077240
616.189510 -132.006943
616.189519 -133.014893
616.189529 -134.014374
616.189538 -134.905777
616.189548 -135.625534
616.189558 -136.195236
616.189567 -136.716034
616.189577 -137.319153
616.189587 -138.118805
616.189596 -139.198181
616.189606 -140.575928
616.189615 -142.242722
616.189625 -144.031036
616.189635 -145.433472
616.189644 -144.733292
616.189654 -143.122208
616.189663 -141.368973
616.189673 -139.654602
616.189683 -138.067291
616.189692 -136.629745
616.189702 -135.348099
616.189712 -134.218536
616.189721 -133.228668
616.189731 -132.367645
616.189740 -131.620285
616.189750 -130.970062
616.189760 -130.398071
616.189769 -129.892273
616.189779 -129.444931
616.189788 -129.050781
616.189798 -128.709595
616.189808 -128.425629
616.189817 -128.207367
616.189827 -128.065933
616.189837 -128.013733
616.189846 -128.010498
616.189856 -128.062363
616.189865 -128.220917
616.189875 -128.495255
616.189885 -128.887939
616.189894 -129.398132
616.189904 -130.023193
616.189913 -130.758377
616.189923 -131.584564
616.189933 -132.476212
616.189942 -133.383606
616.189952 -134.178223
616.189962 -134.524597
616.189971 -133.817841
616.189981 -132.737045
616.189990 -131.555740
616.190000 -130.455322
616.190010 -129.522903
616.190019 -128.789978
616.190029 -128.259933
616.190038 -127.921104
616.190048 -127.751495
616.190058 -127.715683
616.190067 -127.717918
616.190077 -127.774925
616.190087 -127.864082
616.190096 -127.887520
616.190106 -127.734413
616.190115 -127.468239
616.190125 -127.127167
616.190135 -126.761307
616.190144 -126.416443
616.190154 -126.125099
616.190163 -125.906097
616.190173 -125.766388
616.190183 -125.705002
616.190192 -125.701172
616.190202 -125.715614
616.190212 -125.789200
616.190221 -125.915558
616.190231 -126.085670
616.190240 -126.292450
616.190250 -126.532768
616.190260 -126.807976
616.190269 -127.125496
616.190279 -127.498634
616.190288 -127.946350
616.190298 -128.491531
616.190308 -129.157761
616.190317 -129.961823
616.190327 -130.898087
616.190337 -131.904221
616.190346 -132.805511
616.190356 -133.110504
616.190365 -132.320648
616.190375 -131.252518
616.190385 -130.194519
616.190394 -129.295380
616.190404 -128.609940
616.190413 -128.148148
616.190423 -127.902054
616.190433 -127.849838
616.190442 -127.856331
616.190452 -127.993256
616.190462 -128.292953
616.190471 -128.735535
616.190481 -129.299652
616.190490 -129.962784
616.190500 -130.693817
616.190510 -131.460403
616.190519 -132.233643
616.190529 -132.970535
616.190538 -133.622116
616.190548 -134.137405
616.190558 -134.472916
616.190567 -134.517029
616.190577 -134.235916
616.190587 -133.789261
616.190596 -133.218628
616.190606 -132.571014
616.190615 -131.894867
616.190625 -131.238007
616.190635 -130.645142
616.190644 -130.157410
616.190654 -129.812164
616.190663 -129.644058
616.190673 -129.625031
616.190683 -129.687454
616.190692 -129.977509
616.190702 -130.553864
616.190712 -131.463470
616.190721 -132.760193
616.190731 -134.487335
616.190740 -136.582001
616.190750 -138.519043
616.190760 -137.724213
616.190769 -135.988937
616.190779 -134.555801
616.190788 -133.570053
616.190798 -133.007736
616.190808 -132.822037
616.190817 -132.817673
616.190827 -132.972260
616.190837 -133.423294
616.190846 -134.140610
616.190856 -135.076263
616.190865 -136.144775
616.190875 -137.185898
616.190885 -137.948120
616.190894 -137.788605
616.190904 -136.956924
616.190913 -135.906372
616.190923 -134.800247
616.190933 -133.733658
616.190942 -132.764023
616.190952 -131.933197
616.190962 -131.274979
616.190971 -130.816742
616.190981 -130.580048
616.190990 -130.545776
616.191000 -130.579910
616.191010 -130.811951
616.191019 -131.262436
616.191029 -131.909180
616.191038 -132.673294
616.191048 -133.414658
616.191058 -133.949341
616.191067 -134.018173
616.191077 -133.723648
616.191087 -133.423203
616.191096 -133.221283
616.191106 -133.158691
616.191115 -133.159134
616.191125 -133.236206
616.191135 -133.426910
616.191144 -133.697845
616.191154 -134.019272
616.191163 -134.377151
616.191173 -134.778290
616.191183 -135.246613
616.191192 -135.801331
616.191202 -136.502808
616.191212 -137.393265
616.191221 -138.512726
616.191231 -139.907074
616.191240 -141.631790
616.191250 -143.732483
616.191260 -146.022125
616.191269 -145.573532
616.191279 -142.562378
616.191288 -139.735550
616.191298 -137.383377
616.191308 -135.470749
616.191317 -133.929398
616.191327 -132.702438
616.191337 -131.743866
616.191346 -131.016739
616.191356 -130.483276
616.191365 -130.118378
616.191375 -129.908401
616.191385 -129.839737
616.191394 -129.839752
616.191404 -129.907990
616.191413 -130.118164
616.191423 -130.486984
616.191433 -131.041885
616.191442 -131.819214
616.191452 -132.854019
616.191462 -134.146027
616.191471 -135.542389
616.191481 -136.111450
616.191490 -134.471268
616.191500 -132.433670
616.191510 -130.532059
616.191519 -128.907852
616.191529 -127.559448
616.191538 -126.450806
616.191548 -125.540405
616.191558 -124.783096
616.191567 -124.157463
616.191577 -123.635536
616.191587 -123.194748
616.191596 -122.818054
616.191606 -122.493980
616.191615 -122.216133
616.191625 -121.982185
616.191635 -121.792358
616.191644 -121.648109
616.191654 -121.550598
616.191663 -121.499916
616.191673 -121.486435
616.191683 -121.494606
616.191692 -121.532028
616.191702 -121.608543
616.191712 -121.720978
616.191721 -121.867386
616.191731 -122.048180
616.191740 -122.266861
616.191750 -122.530296
616.191760 -122.848640
616.191769 -123.234840
616.191779 -123.701439
616.191788 -124.265053
616.191798 -124.947182
616.191808 -125.767632
616.191817 -126.747742
616.191827 -127.909866
616.191837 -129.276321
616.191846 -130.863281
616.191856 -132.663757
616.191865 -134.597626
616.191875 -136.411880
616.191885 -137.624725
616.191894 -137.443756
616.191904 -136.821640
616.191913 -136.337402
616.191923 -136.106812
616.191933 -136.079132
616.191942 -136.108124
616.191952 -136.303146
616.191962 -136.563721
616.191971 -136.343658
616.191981 -135.518936
616.191990 -134.336716
616.192000 -133.030884
616.192010 -131.768982
616.192019 -130.629517
616.192029 -129.635803
616.192038 -128.780823
616.192048 -128.049576
616.192058 -127.435478
616.192067 -126.925323
616.192077 -126.510117
616.192087 -126.184677
616.192096 -125.947472
616.192106 -125.798813
616.192115 -125.740562
616.192125 -125.739685
616.192135 -125.774376
616.192144 -125.901138
616.192154 -126.120163
616.192163 -126.429306
616.192173 -126.824219
616.192183 -127.299011
616.192192 -127.846115
616.192202 -128.457092
616.192212 -129.121918
616.192221 -129.828842
616.192231 -130.561310
616.192240 -131.294739
616.192250 -131.991409
616.192260 -132.599014
616.192269 -133.056122
616.192279 -133.308243
616.192288 -133.132095
616.192298 -132.758255
616.192308 -132.259186
616.192317 -131.680420
616.192327 -131.055954
616.192337 -130.410751
616.192346 -129.764709
616.192356 -129.136307
616.192365 -128.540726
616.192375 -127.995277
616.192385 -127.519188
616.192394 -127.124199
616.192404 -126.816879
616.192413 -126.596100
616.192423 -126.450447
616.192433 -126.355774
616.192442 -126.274521
616.192452 -126.159935
616.192462 -125.967598
616.192471 -125.672722
616.192481 -125.282799
616.192490 -124.836853
616.192500 -124.390915
616.192510 -124.001877
616.192519 -123.717369
616.192529 -123.573174
616.192538 -123.552765
616.192548 -123.594429
616.192558 -123.798134
616.192567 -124.194740
616.192577 -124.789413
616.192587 -125.580086
616.192596 -126.553345
616.192606 -127.674545
616.192615 -128.873596
616.192625 -130.029846
616.192635 -130.982681
616.192644 -131.596558
616.192654 -131.850250
616.192663 -131.755035
616.192673 -131.652054
616.192683 -131.603989
616.192692 -131.599365
616.192702 -131.626617
616.192712 -131.712723
616.192721 -131.844849
616.192731 -132.002518
616.192740 -132.165009
616.192750 -132.311630
616.192760 -132.417892
616.192769 -132.379166
616.192779 -132.162994
616.192788 -131.788361
616.192798 -131.268936
616.192808 -130.646332
616.192817 -129.975464
616.192827 -129.308548
616.192837 -128.685760
616.192846 -128.133148
616.192856 -127.664330
616.192865 -127.284210
616.192875 -126.991837
616.192885 -126.783531
616.192894 -126.652931
616.192904 -126.596291
616.192913 -126.593979
616.192923 -126.615654
616.192933 -126.712563
616.192942 -126.891235
616.192952 -127.158363
616.192962 -127.521858
616.192971 -127.989311
616.192981 -128.564575
616.192990 -129.244980
616.193000 -130.026535
616.193010 -130.888382
616.193019 -131.788864
616.193029 -132.659332
616.193038 -133.405914
616.193048 -133.935196
616.193058 -134.200897
616.193067 -134.155304
616.193077 -134.067444
616.193087 -134.053757
616.193096 -134.069595
616.193106 -134.212769
616.193115 -134.531601
616.193125 -134.957047
616.193135 -135.113953
616.193144 -134.208939
616.193154 -132.717789
616.193163 -131.031540
616.193173 -129.434570
616.193183 -128.054626
616.193192 -126.932312
616.193202 -126.072937
616.193212 -125.469749
616.193221 -125.113037
616.193231 -124.993507
616.193240 -124.993492
616.193250 -125.103615
616.193260 -125.436440
616.193269 -125.986923
616.193279 -126.750694
616.193288 -127.710869
616.193298 -128.852646
616.193308 -130.143799
616.193317 -131.507019
616.193327 -132.808533
616.193337 -133.889908
616.193346 -134.683701
616.193356 -135.320099
616.193365 -136.088989
616.193375 -137.355789
616.193385 -139.627945
616.193394 -144.071793
616.193404 -145.824585
616.193413 -138.993347
616.193423 -135.271317
616.193433 -132.912125
616.193442 -131.395828
616.193452 -130.506073
616.193462 -130.136124
616.193471 -130.119537
616.193481 -130.248550
616.193490 -130.841125
616.193500 -131.948608
616.193510 -133.644485
616.193519 -136.003555
616.193529 -138.748856
616.193538 -137.803802
616.193548 -135.019440
616.193558 -132.745529
616.193567 -131.013626
616.193577 -129.701401
616.193587 -128.707840
616.193596 -127.961929
616.193606 -127.413376
616.193615 -127.027344
616.193625 -126.781204
616.193635 -126.656242
616.193644 -126.631226
616.193654 -126.636993
616.193663 -126.709984
616.193673 -126.861305
616.193683 -127.076134
616.193692 -127.337082
616.193702 -127.624382
616.193712 -127.915298
616.193721 -128.186020
616.193731 -128.412720
616.193740 -128.575256
616.193750 -128.657669
616.193760 -128.580353
616.193769 -128.430908
616.193779 -128.227112
616.193788 -127.986801
616.193798 -127.727615
616.193808 -127.465828
616.193817 -127.215477
616.193827 -126.988007
616.193837 -126.791267
616.193846 -126.629585
616.193856 -126.502441
616.193865 -126.404877
616.193875 -126.327240
616.193885 -126.257637
616.193894 -126.184464
616.193904 -126.100662
616.193913 -126.006813
616.193923 -125.912300
616.193933 -125.833954
616.193942 -125.792183
616.193952 -125.785881
616.193962 -125.808083
616.193971 -125.900551
616.193981 -126.080231
616.193990 -126.366386
616.194000 -126.780235
616.194010 -127.342430
616.194019 -128.079437
616.194029 -129.026215
616.194038 -130.227722
616.194048 -131.731293
616.194058 -133.583572
616.194067 -135.811371
616.194077 -138.236954
616.194087 -140.088150
616.194096 -139.105896
616.194106 -137.701492
616.194115 -136.353638
616.194125 -135.104050
616.194135 -133.815933
616.194144 -132.424911
616.194154 -130.966583
616.194163 -129.525711
616.194173 -128.180405
616.194183 -126.979538
616.194192 -125.945313
616.194202 -125.082314
616.194212 -124.385323
616.194221 -123.844261
616.194231 -123.446587
616.194240 -123.178505
616.194250 -123.025726
616.194260 -122.973396
616.194269 -122.973091
616.194279 -123.006645
616.194288 -123.110298
616.194298 -123.269577
616.194308 -123.470474
616.194317 -123.699997
616.194327 -123.946442
616.194337 -124.199608
616.194346 -124.450821
616.194356 -124.692825
616.194365 -124.919823
616.194375 -125.126518
616.194385 -125.307014
616.194394 -125.453178
616.194404 -125.553482
616.194413 -125.562477
616.194423 -125.454140
616.194433 -125.277763
616.194442 -125.057076
616.194452 -124.827034
616.194462 -124.626534
616.194471 -124.492683
616.194481 -124.451195
616.194490 -124.451523
616.194500 -124.524178
616.194510 -124.733650
616.194519 -125.087906
616.194529 -125.585930
616.194538 -126.213821
616.194548 -126.938118
616.194558 -127.696198
616.194567 -128.391098
616.194577 -128.906235
616.194587 -129.127151
616.194596 -128.909958
616.194606 -128.618011
616.194615 -128.352097
616.194625 -128.179016
616.194635 -128.128632
616.194644 -128.136368
616.194654 -128.242584
616.194663 -128.504654
616.194673 -128.924591
616.194683 -129.502777
616.194692 -130.234467
616.194702 -131.134933
616.194712 -132.228806
616.194721 -133.564240
616.194731 -135.235474
616.194740 -137.429581
616.194750 -140.550369
616.194760 -145.650879
616.194769 -145.765549
616.194779 -140.194992
616.194788 -136.795105
616.194798 -134.475082
616.194808 -132.830429
616.194817 -131.676178
616.194827 -130.913681
616.194837 -130.484375
616.194846 -130.349380
616.194856 -130.349365
616.194865 -130.480637
616.194875 -130.852417
616.194885 -131.438080
616.194894 -132.203278
616.194904 -133.098755
616.194913 -134.053955
616.194923 -134.980072
616.194933 -135.792404
616.194942 -136.455215
616.194952 -137.014572
616.194962 -137.587830
616.194971 -138.313568
616.194981 -139.293945
616.194990 -140.621368
616.195000 -142.070160
616.195010 -141.212875
616.195019 -138.710770
616.195029 -136.275116
616.195038 -134.240189
616.195048 -132.619476
616.195058 -131.367783
616.195067 -130.441391
616.195077 -129.808578
616.195087 -129.448837
616.195096 -129.349182
616.195106 -129.351196
616.195115 -129.512787
616.195125 -129.936676
616.195135 -130.632004
616.195144 -131.611221
616.195154 -132.881531
616.195163 -134.417511
616.195173 -136.078247
616.195183 -137.438065
616.195192 -136.977386
616.195202 -135.554153
616.195212 -134.082611
616.195221 -132.779404
616.195231 -131.684799
616.195240 -130.803970
616.195250 -130.136841
616.195260 -129.676147
616.195269 -129.421753
616.195279 -129.369141
616.195288 -129.379456
616.195298 -129.562027
616.195308 -129.989120
616.195317 -130.692215
616.195327 -131.720352
616.195337 -133.154358
616.195346 -135.133865
616.195356 -137.922363
616.195365 -142.032990
616.195375 -145.467865
616.195385 -140.682724
616.195394 -137.544128
616.195404 -135.480225
616.195413 -134.098709
616.195423 -133.196152
616.195433 -132.655960
616.195442 -132.398407
616.195452 -132.358109
616.195462 -132.377701
616.195471 -132.551208
616.195481 -132.882645
616.195490 -133.343384
616.195500 -133.914536
616.195510 -134.592300
616.195519 -135.381607
616.195529 -136.278641
616.195538 -137.275787
616.195548 -138.205444
616.195558 -137.865570
616.195567 -136.108582
616.195577 -133.974503
616.195587 -131.915726
616.195596 -130.093689
616.195606 -128.538651
616.195615 -127.239952
616.195625 -126.176804
616.195635 -125.328011
616.195644 -124.674255
616.195654 -124.198372
616.195663 -123.884895
616.195673 -123.720230
616.195683 -123.687172
616.195692 -123.692841
616.195702 -123.793961
616.195712 -124.018654
616.195721 -124.368050
616.195731 -124.851303
616.195740 -125.488075
616.195750 -126.311729
616.195760 -127.368935
616.195769 -128.732559
616.195779 -130.524643
616.195788 -132.926865
616.195798 -136.185059
616.195808 -140.023041
616.195817 -137.270264
616.195827 -134.463989
616.195837 -132.628372
616.195846 -131.566086
616.195856 -131.143967
616.195865 -131.124619
616.195875 -131.315598
616.195885 -132.107483
616.195894 -133.641495
616.195904 -136.215256
616.195913 -140.543625
616.195923 -142.276352
616.195933 -137.060745
616.195942 -133.892212
616.195952 -131.843842
616.195962 -130.490585
616.195971 -129.620148
616.195981 -129.108078
616.195990 -128.870651
616.196000 -128.830704
616.196010 -128.844696
616.196019 -128.977112
616.196029 -129.211899
616.196038 -129.495255
616.196048 -129.778656
616.196058 -130.002563
616.196067 -130.068558
616.196077 -129.878738
616.196087 -129.585281
616.196096 -129.255875
616.196106 -128.957443
616.196115 -128.741318
616.196125 -128.637466
616.196135 -128.630722
616.196144 -128.656586
616.196154 -128.790863
616.196163 -129.018204
616.196173 -129.303925
616.196183 -129.606735
616.196192 -129.885712
616.196202 -130.110428
616.196212 -130.268097
616.196221 -130.365967
616.196231 -130.426239
616.196240 -130.479004
616.196250 -130.555389
616.196260 -130.678604
616.196269 -130.884262
616.196279 -131.196304
616.196288 -131.636673
616.196298 -132.225906
616.196308 -132.984375
616.196317 -133.933243
616.196327 -135.096008
616.196337 -136.500381
616.196346 -138.180908
616.196356 -140.175705
616.196365 -142.503998
616.196375 -145.036575
616.196385 -147.065948
616.196394 -145.691849
616.196404 -143.792664
616.196413 -142.149246
616.196423 -140.853912
616.196433 -139.907806
616.196442 -139.298584
616.196452 -139.009506
616.196462 -138.983978
616.196471 -139.037369
616.196481 -139.384933
616.196490 -140.060013
616.196500 -141.063965
616.196510 -142.361649
616.196519 -143.792542
616.196529 -144.908997
616.196538 -144.043060
616.196548 -142.504913
616.196558 -140.913376
616.196567 -139.440247
616.196577 -138.100540
616.196587 -136.864380
616.196596 -135.698441
616.196606 -134.580307
616.196615 -133.499878
616.196625 -132.458252
616.196635 -131.464523
616.196644 -130.532761
616.196654 -129.678375
616.196663 -128.916656
616.196673 -128.260483
616.196683 -127.719826
616.196692 -127.300911
616.196702 -127.005730
616.196712 -126.831963
616.196721 -126.779152
616.196731 -126.779327
616.196740 -126.841736
616.196750 -127.009499
616.196760 -127.270218
616.196769 -127.607780
616.196779 -128.001984
616.196788 -128.427597
616.196798 -128.854431
616.196808 -129.247726
616.196817 -129.569916
616.196827 -129.783661
616.196837 -129.769989
616.196846 -129.520706
616.196856 -129.127975
616.196865 -128.627975
616.196875 -128.062576
616.196885 -127.463547
616.196894 -126.875328
616.196904 -126.322403
616.196913 -125.820969
616.196923 -125.382454
616.196933 -125.016785
616.196942 -124.734550
616.196952 -124.548309
616.196962 -124.472153
616.196971 -124.471100
616.196981 -124.521271
616.196990 -124.709808
616.197000 -125.050316
616.197010 -125.551781
616.197019 -126.217682
616.197029 -127.042351
616.197038 -128.005981
616.197048 -129.066864
616.197058 -130.155609
616.197067 -131.177597
616.197077 -132.039413
616.197087 -132.691925
616.197096 -133.157883
616.197106 -133.507797
616.197115 -133.808838
616.197125 -134.084518
616.197135 -134.271683
616.197144 -134.230698
616.197154 -133.926285
616.197163 -133.488220
616.197173 -133.020798
616.197183 -132.632080
616.197192 -132.412933
616.197202 -132.386627
616.197212 -132.437714
616.197221 -132.776321
616.197231 -133.512604
616.197240 -134.773697
616.197250 -136.798538
616.197260 -140.146835
616.197269 -146.736130
616.197279 -142.429031
616.197288 -137.341415
616.197298 -134.214035
616.197308 -132.029800
616.197317 -130.415619
616.197327 -129.180420
616.197337 -128.210556
616.197346 -127.429672
616.197356 -126.784081
616.197365 -126.235977
616.197375 -125.761421
616.197385 -125.347900
616.197394 -124.992737
616.197404 -124.700180
616.197413 -124.478851
616.197423 -124.330597
616.197433 -124.273918
616.197442 -124.273720
616.197452 -124.321732
616.197462 -124.483368
616.197471 -124.766472
616.197481 -125.174446
616.197490 -125.703926
616.197500 -126.339333
616.197510 -127.045998
616.197519 -127.762535
616.197529 -128.402252
616.197538 -128.874390
616.197548 -129.128433
616.197558 -129.139236
616.197567 -129.086975
616.197577 -129.084290
616.197587 -129.120331
616.197596 -129.303467
616.197606 -129.681229
616.197615 -130.290894
616.197625 -131.173447
616.197635 -132.389435
616.197644 -134.042572
616.197654 -136.325455
616.197663 -139.551880
616.197673 -144.118149
616.197683 -140.302795
616.197692 -136.194412
616.197702 -133.236084
616.197712 -130.988342
616.197721 -129.244125
616.197731 -127.876083
616.197740 -126.813332
616.197750 -126.014236
616.197760 -125.453026
616.197769 -125.112129
616.197779 -124.977806
616.197788 -124.974510
616.197798 -125.049210
616.197808 -125.323463
616.197817 -125.800850
616.197827 -126.484398
616.197837 -127.379562
616.197846 -128.492722
616.197856 -129.826569
616.197865 -131.367935
616.197875 -133.054794
616.197885 -134.712692
616.197894 -135.994278
616.197904 -136.315994
616.197913 -135.716339
616.197923 -135.073288
616.197933 -134.559738
616.197942 -134.237915
616.197952 -134.124115
616.197962 -134.123749
616.197971 -134.231384
616.197981 -134.598587
616.197990 -135.277924
616.198000 -136.363113
616.198010 -138.021149
616.198019 -140.560471
616.198029 -144.476410
616.198038 -143.732941
616.198048 -139.138763
616.198058 -135.947189
616.198067 -133.676361
616.198077 -132.029678
616.198087 -130.846909
616.198096 -130.033188
616.198106 -129.525192
616.198115 -129.272659
616.198125 -129.221817
616.198135 -129.226990
616.198144 -129.331635
616.198154 -129.514328
616.198163 -129.686920
616.198173 -129.662643
616.198183 -129.388458
616.198192 -128.979919
616.198202 -128.511841
616.198212 -128.059082
616.198221 -127.681633
616.198231 -127.422127
616.198240 -127.309509
616.198250 -127.306328
616.198260 -127.361946
616.198269 -127.586868
616.198279 -127.977379
616.198288 -128.504196
616.198298 -129.100784
616.198308 -129.651901
616.198317 -130.006516
616.198327 -129.757828
616.198337 -129.252014
616.198346 -128.665634
616.198356 -128.102768
616.198365 -127.618385
616.198375 -127.230713
616.198385 -126.936691
616.198394 -126.722305
616.198404 -126.563896
616.198413 -126.460281
616.198423 -126.406105
616.198433 -126.394341
616.198442 -126.405647
616.198452 -126.473412
616.198462 -126.633316
616.198471 -126.916977
616.198481 -127.362267
616.198490 -128.009048
616.198500 -128.895508
616.198510 -130.079742
616.198519 -131.599533
616.198529 -133.416489
616.198538 -135.191757
616.198548 -135.101517
616.198558 -133.377762
616.198567 -131.686340
616.198577 -130.311569
616.198587 -129.279678
616.198596 -128.556808
616.198606 -128.103394
616.198615 -127.886276
616.198625 -127.857834
616.198635 -127.879761
616.198644 -128.065094
616.198654 -128.429108
616.198663 -128.965546
616.198673 -129.674728
616.198683 -130.565582
616.198692 -131.657928
616.198702 -132.988663
616.198712 -134.620331
616.198721 -136.660934
616.198731 -139.294556
616.198740 -142.785812
616.198750 -146.239365
616.198760 -142.377411
616.198769 -139.201889
616.198779 -136.887924
616.198788 -135.186462
616.198798 -133.935944
616.198808 -133.039581
616.198817 -132.436493
616.198827 -132.081955
616.198837 -131.938858
616.198846 -131.931900
616.198856 -131.971619
616.198865 -132.145416
616.198875 -132.429428
616.198885 -132.805801
616.198894 -133.279343
616.198904 -133.886566
616.198913 -134.697769
616.198923 -135.821167
616.198933 -137.414429
616.198942 -139.723175
616.198952 -143.136566
616.198962 -146.983810
616.198971 -142.541794
616.198981 -139.238785
616.198990 -136.944458
616.199000 -135.242538
616.199010 -133.906219
616.199019 -132.778397
616.199029 -131.753937
616.199038 -130.780640
616.199048 -129.848785
616.199058 -128.973236
616.199067 -128.175674
616.199077 -127.472572
616.199087 -126.864388
616.199096 -126.349289
616.199106 -125.924530
616.199115 -125.575691
616.199125 -125.286339
616.199135 -125.041168
616.199144 -124.827820
616.199154 -124.638817
616.199163 -124.472000
616.199173 -124.330750
616.199183 -124.223038
616.199192 -124.160934
616.199202 -124.151497
616.199212 -124.159508
616.199221 -124.236801
616.199231 -124.413376
616.199240 -124.713814
616.199250 -125.167671
616.199260 -125.812691
616.199269 -126.699997
616.199279 -127.904366
616.199288 -129.546555
616.199298 -131.848373
616.199308 -135.299728
616.199317 -141.355316
616.199327 -139.155289
616.199337 -134.076691
616.199346 -130.988892
616.199356 -128.861938
616.199365 -127.314278
616.199375 -126.163345
616.199385 -125.311905
616.199394 -124.701073
616.199404 -124.293320
616.199413 -124.066032
616.199423 -124.007095
616.199433 -124.009338
616.199442 -124.120369
616.199452 -124.401054
616.199462 -124.856140
616.199471 -125.486099
616.199481 -126.274551
616.199490 -127.161743
616.199500 -128.002151
616.199510 -128.539063
616.199519 -127.976166
616.199529 -127.098335
616.199538 -126.180283
616.199548 -125.393326
616.199558 -124.817436
616.199567 -124.483772
616.199577 -124.398849
616.199587 -124.403412
616.199596 -124.581329
616.199606 -125.022232
616.199615 -125.734138
616.199625 -126.728363
616.199635 -128.013962
616.199644 -129.579361
616.199654 -131.332565
616.199663 -132.967789
616.199673 -133.701263
616.199683 -132.807404
616.199692 -131.803482
616.199702 -130.996094
616.199712 -130.478775
616.199721 -130.266403
616.199731 -130.260040
616.199740 -130.353958
616.199750 -130.734360
616.199760 -131.402542
616.199769 -132.350433
616.199779 -133.548401
616.199788 -134.899582
616.199798 -136.151703
616.199808 -136.682037
616.199817 -135.796768
616.199827 -134.640259
616.199837 -133.499359
616.199846 -132.476242
616.199856 -131.581772
616.199865 -130.795120
616.199875 -130.090256
616.199885 -129.445679
616.199894 -128.855560
616.199904 -128.320038
616.199913 -127.848106
616.199923 -127.457939
616.199933 -127.175537
616.199942 -127.030182
616.199952 -127.018982
616.199962 -127.055092
616.199971 -127.287407
616.199981 -127.770233
616.199990 -128.556076
616.200000 -129.712967
616.200010 -131.331467
616.200019 -133.521927
616.200029 -136.315948
616.200038 -139.011246
616.200048 -137.204559
616.200058 -135.229904
616.200067 -133.925201
616.200077 -133.255966
616.200087 -133.097977
616.200096 -133.108200
616.200106 -133.413940
616.200115 -134.028671
616.200125 -134.676895
616.200135 -134.367966
616.200144 -133.199417
616.200154 -131.820999
616.200163 -130.522614
616.200173 -129.415070
616.200183 -128.517792
616.200192 -127.810181
616.200202 -127.266495
616.200212 -126.873016
616.200221 -126.608208
616.200231 -126.454391
616.200240 -126.396858
616.200250 -126.395706
616.200260 -126.423332
616.200269 -126.522263
616.200279 -126.682755
616.200288 -126.894020
616.200298 -127.145836
616.200308 -127.429008
616.200317 -127.736160
616.200327 -128.060745
616.200337 -128.394928
616.200346 -128.725143
616.200356 -129.021362
616.200365 -129.233978
616.200375 -129.249634
616.200385 -128.969803
616.200394 -128.492889
616.200404 -127.860512
616.200413 -127.133881
616.200423 -126.373756
616.200433 -125.629501
616.200442 -124.936348
616.200452 -124.318298
616.200462 -123.791054
616.200471 -123.365211
616.200481 -123.047905
616.200490 -122.844269
616.200500 -122.757584
616.200510 -122.750488
616.200519 -122.789795
616.200529 -122.940315
616.200538 -123.206238
616.200548 -123.580734
616.200558 -124.052406
616.200567 -124.603500
616.200577 -125.209694
616.200587 -125.840706
616.200596 -126.465034
616.200606 -127.057503
616.200615 -127.609810
616.200625 -128.138382
616.200635 -128.686951
616.200644 -129.323975
616.200654 -130.141846
616.200663 -131.265625
616.200673 -132.886353
616.200683 -135.362381
616.200692 -139.607056
616.200702 -144.786514
616.200712 -136.816376
616.200721 -132.632797
616.200731 -129.881256
616.200740 -127.937943
616.200750 -126.551910
616.200760 -125.601631
616.200769 -125.023590
616.200779 -124.785660
616.200788 -124.772064
616.200798 -124.877121
616.200808 -125.303375
616.200817 -126.089043
616.200827 -127.284683
616.200837 -128.983627
616.200846 -131.356842
616.200856 -134.704224
616.200865 -139.108963
616.200875 -136.149109
616.200885 -132.695526
616.200894 -130.260315
616.200904 -128.497711
616.200913 -127.192909
616.200923 -126.225296
616.200933 -125.525269
616.200942 -125.051888
616.200952 -124.780846
616.200962 -124.696373
616.200971 -124.696404
616.200981 -124.787582
616.200990 -125.057854
616.201000 -125.508148
616.201010 -126.141960
616.201019 -126.965782
616.201029 -127.988876
616.201038 -129.224197
616.201048 -130.688858
616.201058 -132.406601
616.201067 -134.409225
616.201077 -136.738556
616.201087 -139.396988
616.201096 -142.304062
616.201106 -144.851196
616.201115 -143.848694
616.201125 -141.590652
616.201135 -139.436264
616.201144 -137.563232
616.201154 -135.989105
616.201163 -134.707428
616.201173 -133.723679
616.201183 -133.055313
616.201192 -132.731964
616.201202 -132.710007
616.201212 -132.801773
616.201221 -133.341904
616.201231 -134.487610
616.201240 -136.497620
616.201250 -139.923920
616.201260 -143.965881
616.201269 -138.032776
616.201279 -134.189255
616.201288 -131.607452
616.201298 -129.798065
616.201308 -128.522980
616.201317 -127.651070
616.201327 -127.098839
616.201337 -126.818878
616.201346 -126.766502
616.201356 -126.777718
616.201365 -126.955093
616.201375 -127.342331
616.201385 -127.943901
616.201394 -128.779007
616.201404 -129.886597
616.201413 -131.334641
616.201423 -133.241074
616.201433 -135.823334
616.201442 -139.530060
616.201452 -145.253021
616.201462 -142.427567
616.201471 -138.472641
616.201481 -135.961914
616.201490 -134.233139
616.201500 -132.979889
616.201510 -132.031067
616.201519 -131.273605
616.201529 -130.634216
616.201538 -130.066666
616.201548 -129.545197
616.201558 -129.050079
616.201567 -128.589417
616.201577 -128.175980
616.201587 -127.828506
616.201596 -127.572449
616.201606 -127.439217
616.201615 -127.424774
616.201625 -127.464241
616.201635 -127.685463
616.201644 -128.133392
616.201654 -128.853058
616.201663 -129.894241
616.201673 -131.299850
616.201683 -133.078430
616.201692 -135.076279
616.201702 -136.647537
616.201712 -135.492477
616.201721 -133.919830
616.201731 -132.562057
616.201740 -131.513260
616.201750 -130.733917
616.201760 -130.159256
616.201769 -129.728485
616.201779 -129.392197
616.201788 -129.117233
616.201798 -128.886551
616.201808 -128.697739
616.201817 -128.558029
616.201827 -128.479782
616.201837 -128.467270
616.201846 -128.474930
616.201856 -128.552673
616.201865 -128.716690
616.201875 -128.965698
616.201885 -129.292923
616.201894 -129.689392
616.201904 -130.146576
616.201913 -130.661667
616.201923 -131.239548
616.201933 -131.890579
616.201942 -132.600937
616.201952 -133.315842
616.201962 -133.924347
616.201971 -133.816315
616.201981 -132.841690
616.201990 -131.518539
616.202000 -130.133560
616.202010 -128.855927
616.202019 -127.757065
616.202029 -126.857742
616.202038 -126.154968
616.202048 -125.639557
616.202058 -125.310883
616.202067 -125.163185
616.202077 -125.154182
616.202087 -125.194504
616.202096 -125.405754
616.202106 -125.801277
616.202115 -126.387360
616.202125 -127.170471
616.202135 -128.152679
616.202144 -129.325027
616.202154 -130.655106
616.202163 -132.072144
616.202173 -133.461395
616.202183 -134.698975
616.202192 -135.734222
616.202202 -136.647003
616.202212 -137.594757
616.202221 -138.693237
616.202231 -139.881577
616.202240 -140.703979
616.202250 -139.645874
616.202260 -138.165573
616.202269 -136.709122
616.202279 -135.376328
616.202288 -134.162796
616.202298 -133.041122
616.202308 -131.983994
616.202317 -131.002228
616.202327 -130.131287
616.202337 -129.413361
616.202346 -128.884415
616.202356 -128.570282
616.202365 -128.483917
616.202375 -128.486435
616.202385 -128.639313
616.202394 -129.013733
616.202404 -129.586700
616.202413 -130.311935
616.202423 -131.090515
616.202433 -131.770020
616.202442 -132.183304
616.202452 -132.003220
616.202462 -131.605743
616.202471 -131.166702
616.202481 -130.769348
616.202490 -130.468948
616.202500 -130.272964
616.202510 -130.175385
616.202519 -130.140549
616.202529 -130.151413
616.202538 -130.220093
616.202548 -130.325912
616.202558 -130.458572
616.202567 -130.603439
616.202577 -130.761444
616.202587 -130.957138
616.202596 -131.240051
616.202606 -131.678223
616.202615 -132.347351
616.202625 -133.286835
616.202635 -134.494125
616.202644 -135.803787
616.202654 -136.044418
616.202663 -134.461334
616.202673 -132.698837
616.202683 -131.211258
616.202692 -130.113480
616.202702 -129.408768
616.202712 -129.076279
616.202721 -129.043167
616.202731 -129.095383
616.202740 -129.448364
616.202750 -130.117691
616.202760 -131.078308
616.202769 -132.283844
616.202779 -133.647125
616.202788 -135.029572
616.202798 -136.274658
616.202808 -137.304855
616.202817 -138.192001
616.202827 -139.088394
616.202837 -140.080521
616.202846 -141.059006
616.202856 -141.625626
616.202865 -141.031647
616.202875 -140.290421
616.202885 -139.582489
616.202894 -138.814163
616.202904 -137.795044
616.202913 -136.347656
616.202923 -134.566635
616.202933 -132.702255
616.202942 -130.955399
616.202952 -129.423019
616.202962 -128.133789
616.202971 -127.084007
616.202981 -126.257767
616.202990 -125.635956
616.203000 -125.200462
616.203010 -124.935646
616.203019 -124.828766
616.203029 -124.825424
616.203038 -124.865654
616.203048 -125.041893
616.203058 -125.355728
616.203067 -125.808014
616.203077 -126.405098
616.203087 -127.163292
616.203096 -128.115356
616.203106 -129.323166
616.203115 -130.900909
616.203125 -133.071320
616.203135 -136.333511
616.203144 -142.157959
616.203154 -140.545837
616.203163 -134.910629
616.203173 -131.577118
616.203183 -129.337280
616.203192 -127.790642
616.203202 -126.764725
616.203212 -126.177643
616.203221 -125.994286
616.203231 -125.994621
616.203240 -126.211967
616.203250 -126.851288
616.203260 -127.963531
616.203269 -129.632339
616.203279 -131.947464
616.203288 -134.736786
616.203298 -134.921204
616.203308 -132.459763
616.203317 -130.511032
616.203327 -129.219727
616.203337 -128.497864
616.203346 -128.265900
616.203356 -128.265839
616.203365 -128.451233
616.203375 -129.034073
616.203385 -129.980606
616.203394 -131.225845
616.203404 -132.627975
616.203413 -133.924377
616.203423 -134.813187
616.203433 -135.225647
616.203442 -135.422012
616.203452 -135.727066
616.203462 -136.312973
616.203471 -137.099365
616.203481 -137.023666
616.203490 -135.345520
616.203500 -133.302032
616.203510 -131.405960
616.203519 -129.807541
616.203529 -128.509903
616.203538 -127.478203
616.203548 -126.673462
616.203558 -126.062073
616.203567 -125.616501
616.203577 -125.315109
616.203587 -125.131897
616.203596 -125.059059
616.203606 -125.053368
616.203615 -125.087662
616.203625 -125.208115
616.203635 -125.413269
616.203644 -125.699165
616.203654 -126.066971
616.203663 -126.525177
616.203673 -127.092293
616.203683 -127.799454
616.203692 -128.694550
616.203702 -129.847870
616.203712 -131.364548
616.203721 -133.409210
616.203731 -136.245132
616.203740 -140.118286
616.203750 -139.884933
616.203760 -136.242310
616.203769 -133.696716
616.203779 -132.003372
616.203788 -130.941208
616.203798 -130.386124
616.203808 -130.262512
616.203817 -130.273651
616.203827 -130.575027
616.203837 -131.285690
616.203846 -132.415909
616.203856 -133.984451
616.203865 -136.028320
616.203875 -138.482697
616.203885 -140.858200
616.203894 -140.888260
616.203904 -139.254471
616.203913 -137.721268
616.203923 -136.371231
616.203933 -135.200104
616.203942 -134.138977
616.203952 -133.153000
616.203962 -132.234436
616.203971 -131.386673
616.203981 -130.612732
616.203990 -129.903809
616.204000 -129.250977
616.204010 -128.647903
616.204019 -128.079971
616.204029 -127.535072
616.204038 -127.005447
616.204048 -126.489044
616.204058 -125.989014
616.204067 -125.512604
616.204077 -125.069366
616.204087 -124.670265
616.204096 -124.326416
616.204106 -124.047646
616.204115 -123.842636
616.204125 -123.727646
616.204135 -123.704269
616.204144 -123.714668
616.204154 -123.815796
616.204163 -124.042427
616.204173 -124.405159
616.204183 -124.912216
616.204192 -125.567955
616.204202 -126.370895
616.204212 -127.311363
616.204221 -128.371582
616.204231 -129.529877
616.204240 -130.774765
616.204250 -132.128967
616.204260 -133.679825
616.204269 -135.608322
616.204279 -138.214478
616.204288 -141.728607
616.204298 -139.987656
616.204308 -135.944580
616.204317 -132.935440
616.204327 -130.704773
616.204337 -129.028015
616.204346 -127.767464
616.204356 -126.836121
616.204365 -126.168686
616.204375 -125.728989
616.204385 -125.487068
616.204394 -125.417786
616.204404 -125.418190
616.204413 -125.503799
616.204423 -125.730301
616.204433 -126.090347
616.204442 -126.584145
616.204452 -127.221024
616.204462 -128.022537
616.204471 -129.025757
616.204481 -130.277405
616.204490 -131.850311
616.204500 -133.841843
616.204510 -136.235855
616.204519 -137.970505
616.204529 -135.484970
616.204538 -132.840317
616.204548 -130.633438
616.204558 -128.856888
616.204567 -127.423737
616.204577 -126.260155
616.204587 -125.312263
616.204596 -124.542824
616.204606 -123.927444
616.204615 -123.451897
616.204625 -123.110031
616.204635 -122.901924
616.204644 -122.831978
616.204654 -122.832001
616.204663 -122.907982
616.204673 -123.138382
616.204683 -123.532692
616.204692 -124.097343
616.204702 -124.844063
616.204712 -125.786949
616.204721 -126.941803
616.204731 -128.332718
616.204740 -129.977921
616.204750 -131.921616
616.204760 -134.150208
616.204769 -136.312302
616.204779 -135.714767
616.204788 -133.338043
616.204798 -131.076385
616.204808 -129.166214
616.204817 -127.596024
616.204827 -126.318825
616.204837 -125.294357
616.204846 -124.494263
616.204856 -123.900589
616.204865 -123.504349
616.204875 -123.303581
616.204885 -123.275101
616.204894 -123.303116
616.204904 -123.513809
616.204913 -123.953445
616.204923 -124.648872
616.204933 -125.637512
616.204942 -126.981026
616.204952 -128.782501
616.204962 -131.224442
616.204971 -134.690475
616.204981 -140.201584
616.204990 -142.898621
616.205000 -137.668198
616.205010 -134.945648
616.205019 -133.417130
616.205029 -132.631287
616.205038 -132.395233
616.205048 -132.395325
616.205058 -132.624588
616.205067 -133.292328
616.205077 -134.419296
616.205087 -136.065201
616.205096 -138.378967
616.205106 -141.524796
616.205115 -144.429840
616.205125 -141.044403
616.205135 -138.122620
616.205144 -135.974182
616.205154 -134.392487
616.205163 -133.234528
616.205173 -132.408951
616.205183 -131.849319
616.205192 -131.509796
616.205202 -131.354141
616.205212 -131.335052
616.205221 -131.349762
616.205231 -131.461227
616.205240 -131.646423
616.205250 -131.852707
616.205260 -132.017792
616.205269 -131.978943
616.205279 -131.703278
616.205288 -131.267487
616.205298 -130.718262
616.205308 -130.113647
616.205317 -129.508026
616.205327 -128.945251
616.205337 -128.449966
616.205346 -128.050369
616.205356 -127.762161
616.205365 -127.591675
616.205375 -127.538422
616.205385 -127.534882
616.205394 -127.595520
616.205404 -127.746368
616.205413 -127.964607
616.205423 -128.211502
616.205433 -128.438324
616.205442 -128.593903
616.205452 -128.559647
616.205462 -128.373184
616.205471 -128.116745
616.205481 -127.832230
616.205490 -127.553322
616.205500 -127.301140
616.205510 -127.085655
616.205519 -126.911469
616.205529 -126.783295
616.205538 -126.710701
616.205548 -126.684959
616.205558 -126.707909
616.205567 -126.803444
616.205577 -127.017227
616.205587 -127.378281
616.205596 -127.912262
616.205606 -128.641113
616.205615 -129.579926
616.205625 -130.730179
616.205635 -132.066437
616.205644 -133.511490
616.205654 -134.911819
616.205663 -136.058243
616.205673 -136.815903
616.205683 -137.253143
616.205692 -137.573868
616.205702 -137.907944
616.205712 -138.228683
616.205721 -137.997269
616.205731 -137.005142
616.205740 -135.625366
616.205750 -134.185440
616.205760 -132.888626
616.205769 -131.817123
616.205779 -130.991074
616.205788 -130.404190
616.205798 -130.039780
616.205808 -129.874969
616.205817 -129.858688
616.205827 -129.880630
616.205837 -130.017975
616.205846 -130.236130
616.205856 -130.472824
616.205865 -130.661987
616.205875 -130.712189
616.205885 -130.559006
616.205894 -130.324417
616.205904 -130.049393
616.205913 -129.768082
616.205923 -129.494476
616.205933 -129.258118
616.205942 -129.068008
616.205952 -128.928787
616.205962 -128.841019
616.205971 -128.801529
616.205981 -128.795044
616.205990 -128.802139
616.206000 -128.829865
616.206010 -128.866882
616.206019 -128.883606
616.206029 -128.841660
616.206038 -128.761124
616.206048 -128.652542
616.206058 -128.537216
616.206067 -128.444336
616.206077 -128.406738
616.206087 -128.406738
616.206096 -128.457031
616.206106 -128.623596
616.206115 -128.929337
616.206125 -129.389908
616.206135 -130.012344
616.206144 -130.793945
616.206154 -131.721054
616.206163 -132.767578
616.206173 -133.888123
616.206183 -134.955017
616.206192 -135.787598
616.206202 -135.432739
616.206212 -134.044724
616.206221 -132.313568
616.206231 -130.598785
616.206240 -129.079437
616.206250 -127.822990
616.206260 -126.843063
616.206269 -126.144600
616.206279 -125.728027
616.206288 -125.590828
616.206298 -125.590881
616.206308 -125.735435
616.206317 -126.168701
616.206327 -126.904945
616.206337 -127.964027
616.206346 -129.360504
616.206356 -131.056961
616.206365 -132.802917
616.206375 -133.365662
616.206385 -131.779129
616.206394 -129.994186
616.206404 -128.413773
616.206413 -127.116615
616.206423 -126.088188
616.206433 -125.292595
616.206442 -124.705093
616.206452 -124.315666
616.206462 -124.111740
616.206471 -124.067947
616.206481 -124.084778
616.206490 -124.227272
616.206500 -124.528862
616.206510 -124.972626
616.206519 -125.529762
616.206529 -126.155510
616.206538 -126.789101
616.206548 -127.366173
616.206558 -127.842751
616.206567 -128.221207
616.206577 -128.554016
616.206587 -128.922989
616.206596 -129.410873
616.206606 -130.080704
616.206615 -130.925674
616.206625 -131.887360
616.206635 -132.750031
616.206644 -132.499741
616.206654 -131.209763
616.206663 -129.666473
616.206673 -128.184036
616.206683 -126.887276
616.206692 -125.808182
616.206702 -124.944771
616.206712 -124.287025
616.206721 -123.825447
616.206731 -123.545525
616.206740 -123.437767
616.206750 -123.435768
616.206760 -123.491280
616.206769 -123.692932
616.206779 -124.027588
616.206788 -124.476822
616.206798 -125.018921
616.206808 -125.628952
616.206817 -126.280136
616.206827 -126.945358
616.206837 -127.599411
616.206846 -128.219864
616.206856 -128.788116
616.206865 -129.289597
616.206875 -129.717102
616.206885 -130.075531
616.206894 -130.388962
616.206904 -130.704895
616.206913 -131.094971
616.206923 -131.654587
616.206933 -132.507706
616.206942 -133.824478
616.206952 -135.854523
616.206962 -138.862808
616.206971 -138.575485
616.206981 -134.191269
616.206990 -130.800339
616.207000 -128.247864
616.207010 -126.291206
616.207019 -124.779358
616.207029 -123.618835
616.207038 -122.748077
616.207048 -122.123451
616.207058 -121.711548
616.207067 -121.484802
616.207077 -121.418495
616.207087 -121.418655
616.207096 -121.489777
616.207106 -121.674210
616.207115 -121.947479
616.207125 -122.284447
616.207135 -122.659950
616.207144 -123.050888
616.207154 -123.438622
616.207163 -123.811966
616.207173 -124.169296
616.207183 -124.519432
616.207192 -124.880600
616.207202 -125.278358
616.207212 -125.742508
616.207221 -126.304756
616.207231 -126.996819
616.207240 -127.849457
616.207250 -128.891907
616.207260 -130.151367
616.207269 -131.651871
616.207279 -133.411514
616.207288 -135.429428
616.207298 -137.651672
616.207308 -139.922577
616.207317 -141.792664
616.207327 -141.555756
616.207337 -139.722610
616.207346 -137.678955
616.207356 -135.750214
616.207365 -134.037949
616.207375 -132.573395
616.207385 -131.343216
616.207394 -130.324982
616.207404 -129.494324
616.207413 -128.827652
616.207423 -128.304047
616.207433 -127.905991
616.207442 -127.619980
616.207452 -127.435829
616.207462 -127.354172
616.207471 -127.348686
616.207481 -127.378914
616.207490 -127.520073
616.207500 -127.794479
616.207510 -128.226807
616.207519 -128.851166
616.207529 -129.714661
616.207538 -130.884460
616.207548 -132.461761
616.207558 -134.613846
616.207567 -137.646530
616.207577 -142.136292
616.207587 -144.491837
616.207596 -140.234314
616.207606 -137.712051
616.207615 -136.355026
616.207625 -135.863708
616.207635 -135.856247
616.207644 -136.152039
616.207654 -137.305969
616.207663 -139.633301
616.207673 -144.068878
616.207683 -145.631210
616.207692 -139.587128
616.207702 -136.164322
616.207712 -133.998047
616.207721 -132.609238
616.207731 -131.781830
616.207740 -131.402542
616.207750 -131.359695
616.207760 -131.407562
616.207769 -131.760757
616.207779 -132.445236
616.207788 -133.459930
616.207798 -134.818695
616.207808 -136.545227
616.207817 -138.648727
616.207827 -141.008041
616.207837 -143.014542
616.207846 -142.315002
616.207856 -140.757080
616.207865 -139.438202
616.207875 -138.482941
616.207885 -137.865448
616.207894 -137.510284
616.207904 -137.352051
616.207913 -137.303436
616.207923 -137.251480
616.207933 -137.081253
616.207942 -136.714798
616.207952 -136.142792
616.207962 -135.420456
616.207971 -134.630096
616.207981 -133.848785
616.207990 -133.126495
616.208000 -132.522293
616.208010 -132.073441
616.208019 -131.810364
616.208029 -131.751343
616.208038 -131.760437
616.208048 -131.949295
616.208058 -132.386063
616.208067 -133.093231
616.208077 -134.070419
616.208087 -135.278931
616.208096 -136.601700
616.208106 -137.810181
616.208115 -138.638840
616.208125 -139.028671
616.208135 -139.226974
616.208144 -139.574799
616.208154 -140.244095
616.208163 -141.342804
616.208173 -142.439880
616.208183 -140.497864
616.208192 -137.889771
616.208202 -135.523163
616.208212 -133.584976
616.208221 -132.046692
616.208231 -130.850296
616.208240 -129.947937
616.208250 -129.306839
616.208260 -128.907806
616.208269 -128.743210
616.208279 -128.738403
616.208288 -128.815552
616.208298 -129.135330
616.208308 -129.721893
616.208317 -130.597107
616.208327 -131.792114
616.208337 -133.355255
616.208346 -135.311523
616.208356 -137.580719
616.208365 -139.702682
616.208375 -140.113617
616.208385 -139.088989
616.208394 -138.340286
616.208404 -138.108047
616.208413 -138.110809
616.208423 -138.439407
616.208433 -139.437500
616.208442 -141.201599
616.208452 -143.631439
616.208462 -142.562973
616.208471 -139.073334
616.208481 -136.177979
616.208490 -133.923553
616.208500 -132.161728
616.208510 -130.776123
616.208519 -129.687622
616.208529 -128.843063
616.208538 -128.205444
616.208548 -127.749115
616.208558 -127.455818
616.208567 -127.312767
616.208577 -127.294563
616.208587 -127.310905
616.208596 -127.443680
616.208606 -127.705910
616.208615 -128.093597
616.208625 -128.603287
616.208635 -129.232910
616.208644 -129.982422
616.208654 -130.857056
616.208663 -131.870438
616.208673 -133.048492
616.208683 -134.431030
616.208692 -136.035645
616.208702 -137.849075
616.208712 -139.646072
616.208721 -139.920883
616.208731 -138.104630
616.208740 -136.148087
616.208750 -134.436127
616.208760 -133.027740
616.208769 -131.891907
616.208779 -130.985748
616.208788 -130.275940
616.208798 -129.727753
616.208808 -129.312088
616.208817 -129.005127
616.208827 -128.786911
616.208837 -128.641861
616.208846 -128.557770
616.208856 -128.525177
616.208865 -128.524063
616.208875 -128.535843
616.208885 -128.580933
616.208894 -128.648743
616.208904 -128.724899
616.208913 -128.792526
616.208923 -128.837082
616.208933 -128.839157
616.208942 -128.819366
616.208952 -128.815048
616.208962 -128.819946
616.208971 -128.873672
616.208981 -129.012054
616.208990 -129.261353
616.209000 -129.639496
616.209010 -130.139450
616.209019 -130.780365
616.209029 -131.556259
616.209038 -132.454529
616.209048 -133.458237
616.209058 -134.547638
616.209067 -135.696579
616.209077 -136.854935
616.209087 -137.909622
616.209096 -138.655945
616.209106 -138.556076
616.209115 -137.942535
616.209125 -137.347290
616.209135 -136.995880
616.209144 -136.935684
616.209154 -137.027679
616.209163 -137.536377
616.209173 -138.573059
616.209183 -140.003601
616.209192 -139.847672
616.209202 -137.234375
616.209212 -134.597702
616.209221 -132.411697
616.209231 -130.694321
616.209240 -129.384216
616.209250 -128.423508
616.209260 -127.767746
616.209269 -127.383812
616.209279 -127.245399
616.209288 -127.242645
616.209298 -127.329002
616.209308 -127.608879
616.209317 -128.053452
616.209327 -128.621628
616.209337 -129.260864
616.209346 -129.910629
616.209356 -130.511459
616.209365 -131.016586
616.209375 -131.394226
616.209385 -131.607132
616.209394 -131.590118
616.209404 -131.382431
616.209413 -131.094101
616.209423 -130.789139
616.209433 -130.533844
616.209442 -130.381577
616.209452 -130.354294
616.209462 -130.365311
616.209471 -130.495239
616.209481 -130.757706
616.209490 -131.116104
616.209500 -131.514084
616.209510 -131.887970
616.209519 -132.189529
616.209529 -132.410049
616.209538 -132.583618
616.209548 -132.768494
616.209558 -133.014206
616.209567 -133.323257
616.209577 -133.629776
616.209587 -133.844681
616.209596 -133.515335
616.209606 -132.913742
616.209615 -132.197128
616.209625 -131.528473
616.209635 -131.018997
616.209644 -130.707428
616.209654 -130.605240
616.209663 -130.605240
616.209673 -130.681519
616.209683 -130.830658
616.209692 -130.600891
616.209702 -129.907516
616.209712 -128.879791
616.209721 -127.709755
616.209731 -126.562172
616.209740 -125.530617
616.209750 -124.653648
616.209760 -123.939064
616.209769 -123.380211
616.209779 -122.958580
616.209788 -122.668648
616.209798 -122.499252
616.209808 -122.442680
616.209817 -122.442665
616.209827 -122.496506
616.209837 -122.663765
616.209846 -122.954010
616.209856 -123.383568
616.209865 -123.976021
616.209875 -124.760368
616.209885 -125.782806
616.209894 -127.109474
616.209904 -128.841309
616.209913 -131.156387
616.209923 -134.426010
616.209933 -139.679276
616.209942 -143.783463
616.209952 -137.302338
616.209962 -133.909943
616.209971 -131.743500
616.209981 -130.247711
616.209990 -129.184082
616.210000 -128.431015
616.210010 -127.922470
616.210019 -127.623802
616.210029 -127.520370
616.210038 -127.520226
616.210048 -127.612076
616.210058 -127.909584
616.210067 -128.435120
616.210077 -129.216599
616.210087 -130.313049
616.210096 -131.810699
616.210106 -133.846054
616.210115 -136.633026
616.210125 -140.320328
616.210135 -140.633469
616.210144 -137.226852
616.210154 -134.741043
616.210163 -133.043915
616.210173 -131.932922
616.210183 -131.267578
616.210192 -130.986328
616.210202 -130.970047
616.210212 -131.040039
616.210221 -131.378555
616.210231 -131.927078
616.210240 -132.546829
616.210250 -133.004715
616.210260 -132.545837
616.210269 -131.694473
616.210279 -130.737610
616.210288 -129.856628
616.210298 -129.139130
616.210308 -128.614304
616.210317 -128.284149
616.210327 -128.138779
616.210337 -128.129776
616.210346 -128.164902
616.210356 -128.347809
616.210365 -128.673141
616.210375 -129.126709
616.210385 -129.693954
616.210394 -130.358932
616.210404 -131.101837
616.210413 -131.892761
616.210423 -132.675537
616.210433 -133.333206
616.210442 -133.380295
616.210452 -132.425034
616.210462 -130.984909
616.210471 -129.363174
616.210481 -127.779312
616.210490 -126.344597
616.210500 -125.103523
616.210510 -124.067574
616.210519 -123.233490
616.210529 -122.591331
616.210538 -122.128242
616.210548 -121.829628
616.210558 -121.677231
616.210567 -121.649765
616.210577 -121.656776
616.210587 -121.751312
616.210596 -121.942528
616.210606 -122.211433
616.210615 -122.537537
616.210625 -122.898277
616.210635 -123.267906
616.210644 -123.617531
616.210654 -123.915894
616.210663 -124.133789
616.210673 -124.246826
616.210683 -124.181198
616.210692 -124.043259
616.210702 -123.890656
616.210712 -123.769051
616.210721 -123.720451
616.210731 -123.716850
616.210740 -123.780983
616.210750 -123.979561
616.210760 -124.339790
616.210769 -124.869461
616.210779 -125.590858
616.210788 -126.519066
616.210798 -127.661697
616.210808 -129.020050
616.210817 -130.583282
616.210827 -132.317032
616.210837 -134.145172
616.210846 -135.931549
616.210856 -137.496933
616.210865 -138.711349
616.210875 -139.606033
616.210885 -140.350372
616.210894 -141.111008
616.210904 -141.902481
616.210913 -142.141373
616.210923 -140.790604
616.210933 -138.907654
616.210942 -137.058243
616.210952 -135.499023
616.210962 -134.302505
616.210971 -133.477264
616.210981 -133.014496
616.210990 -132.897415
616.211000 -132.902756
616.211010 -133.128128
616.211019 -133.665970
616.211029 -134.463699
616.211038 -135.409988
616.211048 -136.307007
616.211058 -136.916290
616.211067 -137.089691
616.211077 -137.042130
616.211087 -137.043671
616.211096 -137.171417
616.211106 -137.482483
616.211115 -137.346924
616.211125 -135.980133
616.211135 -133.959808
616.211144 -131.838837
616.211154 -129.910141
616.211163 -128.260574
616.211173 -126.895401
616.211183 -125.796829
616.211192 -124.944138
616.211202 -124.319847
616.211212 -123.911171
616.211221 -123.710609
616.211231 -123.687637
616.211240 -123.716484
616.211250 -123.933167
616.211260 -124.372604
616.211269 -125.057526
616.211279 -126.026184
616.211288 -127.342514
616.211298 -129.109970
616.211308 -131.521637
616.211317 -134.996750
616.211327 -140.442123
616.211337 -138.980362
616.211346 -134.664963
616.211356 -131.987213
616.211365 -130.218857
616.211375 -129.033279
616.211385 -128.265137
616.211394 -127.819031
616.211404 -127.633522
616.211413 -127.618286
616.211423 -127.664322
616.211433 -127.874420
616.211442 -128.227844
616.211452 -128.684631
616.211462 -129.195679
616.211471 -129.699585
616.211481 -130.123413
616.211490 -130.392807
616.211500 -130.278992
616.211510 -129.902863
616.211519 -129.381424
616.211529 -128.785370
616.211538 -128.180801
616.211548 -127.615395
616.211558 -127.133026
616.211567 -126.764236
616.211577 -126.526527
616.211587 -126.429070
616.211596 -126.426727
616.211606 -126.474899
616.211615 -126.660339
616.211625 -126.976524
616.211635 -127.409561
616.211644 -127.942314
616.211654 -128.556686
616.211663 -129.239182
616.211673 -129.986938
616.211683 -130.814499
616.211692 -131.758667
616.211702 -132.882629
616.211712 -134.280533
616.211721 -136.090500
616.211731 -138.515503
616.211740 -141.777985
616.211750 -143.956146
616.211760 -140.262863
616.211769 -137.242325
616.211779 -135.010345
616.211788 -133.342438
616.211798 -132.082886
616.211808 -131.136261
616.211817 -130.446411
616.211827 -129.982834
616.211837 -129.733215
616.211846 -129.685471
616.211856 -129.698181
616.211865 -129.882004
616.211875 -130.286835
616.211885 -130.927856
616.211894 -131.783981
616.211904 -132.768250
616.211913 -133.665649
616.211923 -133.937637
616.211933 -133.220108
616.211942 -132.330780
616.211952 -131.530426
616.211962 -130.933838
616.211971 -130.567734
616.211981 -130.415390
616.211990 -130.401260
616.212000 -130.437027
616.212010 -130.574356
616.212019 -130.750931
616.212029 -130.833023
616.212038 -130.553955
616.212048 -130.014511
616.212058 -129.269684
616.212067 -128.421127
616.212077 -127.572586
616.212087 -126.804825
616.212096 -126.170990
616.212106 -125.702347
616.212115 -125.415367
616.212125 -125.317749
616.212135 -125.317734
616.212144 -125.412193
616.212154 -125.698029
616.212163 -126.174095
616.212173 -126.839500
616.212183 -127.695053
616.212192 -128.745285
616.212202 -130.000992
616.212212 -131.484375
616.212221 -133.237167
616.212231 -135.334091
616.212240 -137.895065
616.212250 -141.031067
616.212260 -144.167221
616.212269 -141.326675
616.212279 -138.436829
616.212288 -136.182922
616.212298 -134.462646
616.212308 -133.153412
616.212317 -132.167984
616.212327 -131.442703
616.212337 -130.924988
616.212346 -130.565277
616.212356 -130.311752
616.212365 -130.110855
616.212375 -129.910599
616.212385 -129.670227
616.212394 -129.368576
616.212404 -129.008591
616.212413 -128.612732
616.212423 -128.213593
616.212433 -127.844841
616.212442 -127.536057
616.212452 -127.311256
616.212462 -127.189812
616.212471 -127.167976
616.212481 -127.188667
616.212490 -127.323761
616.212500 -127.611427
616.212510 -128.069901
616.212519 -128.711716
616.212529 -129.561783
616.212538 -130.644928
616.212548 -131.977310
616.212558 -133.555557
616.212567 -135.325775
616.212577 -137.137085
616.212587 -138.739487
616.212596 -139.973557
616.212606 -141.047684
616.212615 -142.529175
616.212625 -145.262207
616.212635 -150.652161
616.212644 -142.942108
616.212654 -138.122345
616.212663 -134.858856
616.212673 -132.499542
616.212683 -130.768494
616.212692 -129.513153
616.212702 -128.644424
616.212712 -128.104599
616.212721 -127.853821
616.212731 -127.826881
616.212740 -127.860382
616.212750 -128.099304
616.212760 -128.549820
616.212769 -129.190994
616.212779 -130.001205
616.212788 -130.958817
616.212798 -132.041809
616.212808 -133.229858
616.212817 -134.504684
616.212827 -135.844482
616.212837 -137.235886
616.212846 -138.659546
616.212856 -140.071823
616.212865 -141.387100
616.212875 -142.461136
616.212885 -143.114136
616.212894 -142.774872
616.212904 -141.909866
616.212913 -140.781036
616.212923 -139.531509
616.212933 -138.299789
616.212942 -137.176193
616.212952 -136.225220
616.212962 -135.489548
616.212971 -134.992996
616.212981 -134.756577
616.212990 -134.740067
616.213000 -134.796967
616.213010 -135.127625
616.213019 -135.766617
616.213029 -136.742279
616.213038 -138.104660
616.213048 -139.931717
616.213058 -142.341034
616.213067 -145.472427
616.213077 -147.841125
616.213087 -144.358994
616.213096 -141.236298
616.213106 -138.783829
616.213115 -136.833496
616.213125 -135.259079
616.213135 -133.988922
616.213144 -132.977188
616.213154 -132.200394
616.213163 -131.649109
616.213173 -131.323685
616.213183 -131.227188
616.213192 -131.228531
616.213202 -131.380051
616.213212 -131.798248
616.213221 -132.508698
616.213231 -133.541840
616.213240 -134.922318
616.213250 -136.630585
616.213260 -138.469742
616.213269 -139.801559
616.213279 -138.672134
616.213288 -137.296280
616.213298 -136.150314
616.213308 -135.358017
616.213317 -134.921570
616.213327 -134.816406
616.213337 -134.825317
616.213346 -135.077774
616.213356 -135.680115
616.213365 -136.628098
616.213375 -137.855316
616.213385 -139.061981
616.213394 -138.544159
616.213404 -136.682037
616.213413 -134.702011
616.213423 -132.945969
616.213433 -131.482697
616.213442 -130.298126
616.213452 -129.361252
616.213462 -128.642792
616.213471 -128.115143
616.213481 -127.761406
616.213490 -127.569817
616.213500 -127.525856
616.213510 -127.529541
616.213519 -127.633400
616.213529 -127.876938
616.213538 -128.259583
616.213548 -128.784744
616.213558 -129.461502
616.213567 -130.306335
616.213577 -131.347275
616.213587 -132.623062
616.213596 -134.204071
616.213606 -136.212448
616.213615 -138.853928
616.213625 -142.479080
616.213635 -147.088974
616.213644 -143.178116
616.213654 -139.869781
616.213663 -137.590485
616.213673 -135.997513
616.213683 -134.897263
616.213692 -134.189651
616.213702 -133.829117
616.213712 -133.774124
616.213721 -133.806961
616.213731 -134.145477
616.213740 -134.901215
616.213750 -136.184601
616.213760 -138.210068
616.213769 -141.450546
616.213779 -147.201263
616.213788 -144.927109
616.213798 -140.252884
616.213808 -137.536850
616.213817 -135.877411
616.213827 -134.929657
616.213837 -134.535324
616.213846 -134.505783
616.213856 -134.602097
616.213865 -135.104568
616.213875 -136.020859
616.213885 -137.323105
616.213894 -138.921249
616.213904 -140.544830
616.213913 -141.640106
616.213923 -141.180008
616.213933 -140.513901
616.213942 -140.128738
616.213952 -140.073471
616.213962 -140.184433
616.213971 -140.777512
616.213981 -142.017471
616.213990 -144.002975
616.214000 -145.885513
616.214010 -142.470718
616.214019 -139.058945
616.214029 -136.364807
616.214038 -134.298553
616.214048 -132.735168
616.214058 -131.590500
616.214067 -130.813568
616.214077 -130.375092
616.214087 -130.257751
616.214096 -130.261169
616.214106 -130.468658
616.214115 -131.000229
616.214125 -131.859528
616.214135 -133.033585
616.214144 -134.447006
616.214154 -135.856903
616.214163 -136.676636
616.214173 -135.797241
616.214183 -134.653671
616.214192 -133.580063
616.214202 -132.678741
616.214212 -131.945801
616.214221 -131.343674
616.214231 -130.828949
616.214240 -130.363739
616.214250 -129.919586
616.214260 -129.477997
616.214269 -129.028229
616.214279 -128.581223
616.214288 -128.148071
616.214298 -127.743904
616.214308 -127.385712
616.214317 -127.089508
616.214327 -126.869179
616.214337 -126.735367
616.214346 -126.695206
616.214356 -126.695656
616.214365 -126.754364
616.214375 -126.912880
616.214385 -127.169662
616.214394 -127.520622
616.214404 -127.958290
616.214413 -128.472153
616.214423 -129.048615
616.214433 -129.671967
616.214442 -130.326218
616.214452 -130.997925
616.214462 -131.678024
616.214471 -132.363922
616.214481 -133.057404
616.214490 -133.764359
616.214500 -134.486542
616.214510 -135.246353
616.214519 -136.061951
616.214529 -136.937759
616.214538 -137.879272
616.214548 -138.837372
616.214558 -139.630905
616.214567 -139.440643
616.214577 -138.336517
616.214587 -137.015594
616.214596 -135.788528
616.214606 -134.799820
616.214615 -134.085190
616.214625 -133.639908
616.214635 -133.444427
616.214644 -133.407944
616.214654 -133.426453
616.214663 -133.432495
616.214673 -133.110123
616.214683 -132.443649
616.214692 -131.510849
616.214702 -130.467957
616.214712 -129.453293
616.214721 -128.552353
616.214731 -127.806755
616.214740 -127.221260
616.214750 -126.805832
616.214760 -126.558006
616.214769 -126.465538
616.214779 -126.463997
616.214788 -126.511032
616.214798 -126.671211
616.214808 -126.916763
616.214817 -127.213959
616.214827 -127.528305
616.214837 -127.831627
616.214846 -128.108948
616.214856 -128.361633
616.214865 -128.604721
616.214875 -128.859970
616.214885 -129.148087
616.214894 -129.484177
616.214904 -129.876358
616.214913 -130.327438
616.214923 -130.838028
616.214933 -131.410034
616.214942 -132.042252
616.214952 -132.734558
616.214962 -133.497162
616.214971 -134.307709
616.214981 -135.092590
616.214990 -135.700531
616.215000 -135.681168
616.215010 -135.044922
616.215019 -134.251617
616.215029 -133.503342
616.215038 -132.918839
616.215048 -132.549896
616.215058 -132.404602
616.215067 -132.396545
616.215077 -132.459595
616.215087 -132.645828
616.215096 -132.864044
616.215106 -132.861298
616.215115 -132.389740
616.215125 -131.578445
616.215135 -130.524490
616.215144 -129.345932
616.215154 -128.144730
616.215163 -127.013306
616.215173 -126.004112
616.215183 -125.153351
616.215192 -124.486549
616.215202 -124.023193
616.215212 -123.779701
616.215221 -123.737595
616.215231 -123.772484
616.215240 -124.020378
616.215250 -124.547989
616.215260 -125.390869
616.215269 -126.602516
616.215279 -128.264725
616.215288 -130.496307
616.215298 -133.395767
616.215308 -136.429001
616.215317 -134.168839
616.215327 -131.527130
616.215337 -129.528183
616.215346 -128.080338
616.215356 -127.054153
616.215365 -126.357635
616.215375 -125.928833
616.215385 -125.725288
616.215394 -125.693016
616.215404 -125.716446
616.215413 -125.879112
616.215423 -126.193764
616.215433 -126.638588
616.215442 -127.191376
616.215452 -127.836334
616.215462 -128.544998
616.215471 -129.278595
616.215481 -129.986816
616.215490 -130.609390
616.215500 -131.087173
616.215510 -131.379272
616.215519 -131.416061
616.215529 -131.237640
616.215538 -130.992676
616.215548 -130.717850
616.215558 -130.433105
616.215567 -130.130844
616.215577 -129.814743
616.215587 -129.478867
616.215596 -129.113846
616.215606 -128.716522
616.215615 -128.294113
616.215625 -127.863388
616.215635 -127.447777
616.215644 -127.072769
616.215654 -126.762466
616.215663 -126.536896
616.215673 -126.411858
616.215683 -126.382637
616.215692 -126.399261
616.215702 -126.507881
616.215712 -126.743561
616.215721 -127.109077
616.215731 -127.602295
616.215740 -128.193817
616.215750 -128.869827
616.215760 -129.579147
616.215769 -130.242264
616.215779 -130.763977
616.215788 -131.073318
616.215798 -131.120560
616.215808 -131.043396
616.215817 -131.027466
616.215827 -131.042496
616.215837 -131.202545
616.215846 -131.591583
616.215856 -132.275421
616.215865 -133.336563
616.215875 -134.914215
616.215885 -137.280655
616.215894 -141.102570
616.215904 -149.054932
616.215913 -142.224609
616.215923 -137.585358
616.215933 -134.746155
616.215942 -132.819016
616.215952 -131.480545
616.215962 -130.572739
616.215971 -130.006897
616.215981 -129.727341
616.215990 -129.680099
616.216000 -129.694855
616.216010 -129.877884
616.216019 -130.245926
616.216029 -130.765381
616.216038 -131.393311
616.216048 -132.072128
616.216058 -132.725082
616.216067 -133.257675
616.216077 -133.569778
616.216087 -133.265533
616.216096 -132.652573
616.216106 -131.827438
616.216115 -130.895248
616.216125 -129.954407
616.216135 -129.082886
616.216144 -128.335541
616.216154 -127.747612
616.216163 -127.338760
616.216173 -127.116707
616.216183 -127.071365
616.216192 -127.078926
616.216202 -127.213043
616.216212 -127.495979
616.216221 -127.894951
616.216231 -128.370743
616.216240 -128.886383
616.216250 -129.420319
616.216260 -129.978073
616.216269 -130.595932
616.216279 -131.333618
616.216288 -132.263733
616.216298 -133.463654
616.216308 -135.013824
616.216317 -136.991333
616.216327 -139.432739
616.216337 -142.142029
616.216346 -144.195831
616.216356 -143.628967
616.216365 -143.049698
616.216375 -143.006866
616.216385 -143.175369
616.216394 -144.144470
616.216404 -145.890915
616.216413 -145.529373
616.216423 -142.097198
616.216433 -139.041809
616.216442 -136.639343
616.216452 -134.770493
616.216462 -133.309418
616.216471 -132.160507
616.216481 -131.251068
616.216490 -130.522552
616.216500 -129.920776
616.216510 -129.404800
616.216519 -128.938019
616.216529 -128.488419
616.216538 -128.032104
616.216548 -127.556190
616.216558 -127.059547
616.216567 -126.553085
616.216577 -126.056290
616.216587 -125.594086
616.216596 -125.192780
616.216606 -124.877754
616.216615 -124.671768
616.216625 -124.595169
616.216635 -124.595047
616.216644 -124.666031
616.216654 -124.900391
616.216663 -125.313477
616.216673 -125.920166
616.216683 -126.734375
616.216692 -127.768120
616.216702 -129.025864
616.216712 -130.492142
616.216721 -132.101105
616.216731 -133.684753
616.216740 -134.939285
616.216750 -135.554230
616.216760 -135.195892
616.216769 -134.750244
616.216779 -134.339661
616.216788 -134.019669
616.216798 -133.744858
616.216808 -133.447449
616.216817 -133.069977
616.216827 -132.594879
616.216837 -132.053696
616.216846 -131.513885
616.216856 -131.054810
616.216865 -130.751968
616.216875 -130.667862
616.216885 -130.673279
616.216894 -130.885178
616.216904 -131.463974
616.216913 -132.518021
616.216923 -134.233231
616.216933 -136.981201
616.216942 -141.778580
616.216952 -144.341721
616.216962 -137.976883
616.216971 -134.503143
616.216981 -132.292450
616.216990 -130.822433
616.217000 -129.855606
616.217010 -129.255554
616.217019 -128.926682
616.217029 -128.789581
616.217038 -128.753708
616.217048 -128.760773
616.217058 -128.801468
616.217067 -128.841034
616.217077 -128.863647
616.217087 -128.882156
616.217096 -128.930557
616.217106 -129.029770
616.217115 -129.233109
616.217125 -129.578934
616.217135 -130.099533
616.217144 -130.825241
616.217154 -131.788055
616.217163 -133.027344
616.217173 -134.596054
616.217183 -136.556778
616.217192 -138.968338
616.217202 -141.850052
616.217212 -144.672348
616.217221 -144.506134
616.217231 -143.048401
616.217240 -142.159897
616.217250 -141.952621
616.217260 -141.978867
616.217269 -142.600845
616.217279 -144.064346
616.217288 -145.518509
616.217298 -141.993713
616.217308 -138.302963
616.217317 -135.282059
616.217327 -132.850388
616.217337 -130.864899
616.217346 -129.219299
616.217356 -127.839355
616.217365 -126.672676
616.217375 -125.682114
616.217385 -124.841431
616.217394 -124.133308
616.217404 -123.547485
616.217413 -123.079918
616.217423 -122.731728
616.217433 -122.504364
616.217442 -122.408012
616.217452 -122.405602
616.217462 -122.456131
616.217471 -122.661835
616.217481 -123.039551
616.217490 -123.603111
616.217500 -124.362541
616.217510 -125.314934
616.217519 -126.424629
616.217529 -127.582214
616.217538 -128.553894
616.217548 -128.809616
616.217558 -128.105713
616.217567 -127.224152
616.217577 -126.388512
616.217587 -125.700218
616.217596 -125.189552
616.217606 -124.855370
616.217615 -124.683884
616.217625 -124.650780
616.217635 -124.656525
616.217644 -124.741859
616.217654 -124.922089
616.217663 -125.170372
616.217673 -125.452942
616.217683 -125.733017
616.217692 -125.975227
616.217702 -126.154121
616.217712 -126.261879
616.217721 -126.309006
616.217731 -126.333931
616.217740 -126.373039
616.217750 -126.460396
616.217760 -126.630615
616.217769 -126.907318
616.217779 -127.307365
616.217788 -127.834671
616.217798 -128.505890
616.217808 -129.333282
616.217817 -130.334961
616.217827 -131.543930
616.217837 -133.020401
616.217846 -134.876663
616.217856 -137.327789
616.217865 -140.818970
616.217875 -146.144867
616.217885 -142.321869
616.217894 -138.108643
616.217904 -135.293793
616.217913 -133.316376
616.217923 -131.918427
616.217933 -130.972412
616.217942 -130.411606
616.217952 -130.197266
616.217962 -130.193207
616.217971 -130.309448
616.217981 -130.742508
616.217990 -131.489243
616.218000 -132.536728
616.218010 -133.848007
616.218019 -135.330872
616.218029 -136.793579
616.218038 -137.952759
616.218048 -138.591553
616.218058 -138.665161
616.218067 -138.427155
616.218077 -138.154068
616.218087 -137.823700
616.218096 -137.412170
616.218106 -136.928009
616.218115 -136.402084
616.218125 -135.852768
616.218135 -135.269455
616.218144 -134.618164
616.218154 -133.870163
616.218163 -133.031052
616.218173 -132.146774
616.218183 -131.285400
616.218192 -130.512238
616.218202 -129.876999
616.218212 -129.410309
616.218221 -129.126221
616.218231 -129.014114
616.218240 -129.008011
616.218250 -129.059555
616.218260 -129.241089
616.218269 -129.506119
616.218279 -129.778244
616.218288 -129.964661
616.218298 -129.790268
616.218308 -129.411636
616.218317 -128.909286
616.218327 -128.352982
616.218337 -127.795624
616.218346 -127.267891
616.218356 -126.783134
616.218365 -126.344246
616.218375 -125.949966
616.218385 -125.596085
616.218394 -125.285210
616.218404 -125.023888
616.218413 -124.818214
616.218423 -124.675652
616.218433 -124.603455
616.218442 -124.595795
616.218452 -124.607742
616.218462 -124.691902
616.218471 -124.856461
616.218481 -125.096565
616.218490 -125.407852
616.218500 -125.783722
616.218510 -126.215889
616.218519 -126.697617
616.218529 -127.225693
616.218538 -127.803429
616.218548 -128.442795
616.218558 -129.166962
616.218567 -130.011627
616.218577 -131.028183
616.218587 -132.289459
616.218596 -133.905212
616.218606 -136.057938
616.218615 -139.105621
616.218625 -143.901993
616.218635 -145.831818
616.218644 -140.233856
616.218654 -136.803131
616.218663 -134.420822
616.218673 -132.671341
616.218683 -131.340897
616.218692 -130.315430
616.218702 -129.527390
616.218712 -128.933411
616.218721 -128.503845
616.218731 -128.216873
616.218740 -128.055511
616.218750 -128.005875
616.218760 -128.005920
616.218769 -128.056625
616.218779 -128.197586
616.218788 -128.420181
616.218798 -128.716812
616.218808 -129.079163
616.218817 -129.494827
616.218827 -129.936523
616.218837 -130.379059
616.218846 -130.768250
616.218856 -131.023911
616.218865 -130.768875
616.218875 -130.164734
616.218885 -129.297836
616.218894 -128.270462
616.218904 -127.183975
616.218913 -126.115501
616.218923 -125.114807
616.218933 -124.211395
616.218942 -123.431870
616.218952 -122.787590
616.218962 -122.284920
616.218971 -121.927277
616.218981 -121.714394
616.218990 -121.638771
616.219000 -121.638626
616.219010 -121.700035
616.219019 -121.887917
616.219029 -122.186317
616.219038 -122.571320
616.219048 -123.010521
616.219058 -123.464592
616.219067 -123.893623
616.219077 -124.266861
616.219087 -124.573448
616.219096 -124.826157
616.219106 -125.056595
616.219115 -125.304016
616.219125 -125.605606
616.219135 -125.990349
616.219144 -126.477776
616.219154 -127.078537
616.219163 -127.787674
616.219173 -128.612671
616.219183 -129.550476
616.219192 -130.595306
616.219202 -131.738831
616.219212 -132.967773
616.219221 -134.252060
616.219231 -135.525330
616.219240 -136.649673
616.219250 -137.399734
616.219260 -137.012894
616.219269 -135.994507
616.219279 -134.741760
616.219288 -133.450516
616.219298 -132.239548
616.219308 -131.176315
616.219317 -130.307144
616.219327 -129.670197
616.219337 -129.293808
616.219346 -129.200531
616.219356 -129.208389
616.219365 -129.446167
616.219375 -130.059586
616.219385 -131.124466
616.219394 -132.760803
616.219404 -135.167068
616.219413 -138.609512
616.219423 -141.531601
616.219433 -137.943161
616.219442 -135.282852
616.219452 -133.585876
616.219462 -132.600922
616.219471 -132.171082
616.219481 -132.135666
616.219490 -132.210236
616.219500 -132.674973
616.219510 -133.555145
616.219519 -134.872940
616.219529 -136.695999
616.219538 -139.183426
616.219548 -142.699326
616.219558 -148.220428
616.219567 -149.241333
616.219577 -144.170319
616.219587 -141.124313
616.219596 -139.029877
616.219606 -137.499237
616.219615 -136.346039
616.219625 -135.474884
616.219635 -134.834290
616.219644 -134.395599
616.219654 -134.142899
616.219663 -134.067505
616.219673 -134.068008
616.219683 -134.168579
616.219692 -134.444839
616.219702 -134.881287
616.219712 -135.472183
616.219721 -136.165939
616.219731 -136.818115
616.219740 -136.819382
616.219750 -135.795425
616.219760 -134.365967
616.219769 -132.864090
616.219779 -131.482697
616.219788 -130.299942
616.219798 -129.336319
616.219808 -128.579086
616.219817 -128.025589
616.219827 -127.662575
616.219837 -127.473381
616.219846 -127.434654
616.219856 -127.439957
616.219865 -127.542488
616.219875 -127.756897
616.219885 -128.053421
616.219894 -128.393784
616.219904 -128.730164
616.219913 -129.007492
616.219923 -129.173340
616.219933 -129.062439
616.219942 -128.810471
616.219952 -128.485703
616.219962 -128.140640
616.219971 -127.819435
616.219981 -127.553886
616.219990 -127.363312
616.220000 -127.257622
616.220010 -127.235725
616.220019 -127.239540
616.220029 -127.308296
616.220038 -127.461479
616.220048 -127.699020
616.220058 -128.025436
616.220067 -128.453690
616.220077 -129.007294
616.220087 -129.724457
616.220096 -130.662811
616.220106 -131.911377
616.220115 -133.616074
616.220125 -136.052109
616.220135 -139.872681
616.220144 -147.526199
616.220154 -141.689423
616.220163 -136.967270
616.220173 -134.136566
616.220183 -132.260391
616.220192 -130.999802
616.220202 -130.196472
616.220212 -129.770416
616.220221 -129.670151
616.220231 -129.676727
616.220240 -129.893173
616.220250 -130.412048
616.220260 -131.239807
616.220269 -132.395721
616.220279 -133.912476
616.220288 -135.825531
616.220298 -138.120270
616.220308 -140.493927
616.220317 -141.220047
616.220327 -139.532761
616.220337 -137.866348
616.220346 -136.496063
616.220356 -135.380386
616.220365 -134.441788
616.220375 -133.606934
616.220385 -132.804230
616.220394 -131.989487
616.220404 -131.150070
616.220413 -130.299545
616.220423 -129.465210
616.220433 -128.675400
616.220442 -127.950020
616.220452 -127.282516
616.220462 -126.682976
616.220471 -126.138458
616.220481 -125.628853
616.220490 -125.133476
616.220500 -124.637428
616.220510 -124.136169
616.220519 -123.636856
616.220529 -123.155701
616.220538 -122.713020
616.220548 -122.328720
616.220558 -122.019104
616.220567 -121.795975
616.220577 -121.662384
616.220587 -121.621284
616.220596 -121.621719
616.220606 -121.680176
616.220615 -121.836182
616.220625 -122.086105
616.220635 -122.423470
616.220644 -122.837608
616.220654 -123.311722
616.220663 -123.821480
616.220673 -124.334885
616.220683 -124.815727
616.220692 -125.232002
616.220702 -125.566734
616.220712 -125.825531
616.220721 -126.035889
616.220731 -126.237862
616.220740 -126.472694
616.220750 -126.775215
616.220760 -127.169884
616.220769 -127.671143
616.220779 -128.283707
616.220788 -129.002106
616.220798 -129.804260
616.220808 -130.636353
616.220817 -131.383026
616.220827 -131.803238
616.220837 -131.176422
616.220846 -130.123550
616.220856 -128.898560
616.220865 -127.696510
616.220875 -126.624443
616.220885 -125.730042
616.220894 -125.030457
616.220904 -124.527725
616.220913 -124.216278
616.220923 -124.078751
616.220933 -124.068901
616.220942 -124.106438
616.220952 -124.277740
616.220962 -124.563370
616.220971 -124.925529
616.220981 -125.318199
616.220990 -125.692230
616.221000 -126.004082
616.221010 -126.226936
616.221019 -126.356186
616.221029 -126.402481
616.221038 -126.355782
616.221048 -126.289879
616.221058 -126.215988
616.221067 -126.134315
616.221077 -126.041389
616.221087 -125.934319
616.221096 -125.812637
616.221106 -125.680038
616.221115 -125.543098
616.221125 -125.410675
616.221135 -125.287041
616.221144 -125.180611
616.221154 -125.107704
616.221163 -125.078873
616.221173 -125.073784
616.221183 -125.106461
616.221192 -125.204720
616.221202 -125.390549
616.221212 -125.683105
616.221221 -126.103683
616.221231 -126.674881
616.221240 -127.420334
616.221250 -128.362579
616.221260 -129.518860
616.221269 -130.887650
616.221279 -132.416092
616.221288 -133.932144
616.221298 -135.086823
616.221308 -135.257126
616.221317 -134.698059
616.221327 -134.197784
616.221337 -133.936951
616.221346 -133.889343
616.221356 -133.981140
616.221365 -134.336838
616.221375 -134.957581
616.221385 -135.704239
616.221394 -136.278351
616.221404 -135.581741
616.221413 -134.453064
616.221423 -133.277618
616.221433 -132.278610
616.221442 -131.545425
616.221452 -131.102768
616.221462 -130.950470
616.221471 -130.948502
616.221481 -131.079254
616.221490 -131.473236
616.221500 -132.093201
616.221510 -132.897003
616.221519 -133.812866
616.221529 -134.710709
616.221538 -135.420517
616.221548 -135.799667
616.221558 -135.606186
616.221567 -135.278854
616.221577 -134.930603
616.221587 -134.604843
616.221596 -134.312653
616.221606 -134.018127
616.221615 -133.673218
616.221625 -133.236084
616.221635 -132.689026
616.221644 -132.045212
616.221654 -131.342712
616.221663 -130.629028
616.221673 -129.948608
616.221683 -129.335083
616.221692 -128.811295
616.221702 -128.389709
616.221712 -128.075668
616.221721 -127.868835
616.221731 -127.761299
616.221740 -127.742447
616.221750 -127.749046
616.221760 -127.829056
616.221769 -127.996231
616.221779 -128.248489
616.221788 -128.588272
616.221798 -129.022812
616.221808 -129.558319
616.221817 -130.203690
616.221827 -130.971664
616.221837 -131.853180
616.221846 -132.798523
616.221856 -133.686798
616.221865 -134.312210
616.221875 -134.126617
616.221885 -133.464005
616.221894 -132.714447
616.221904 -132.037964
616.221913 -131.511047
616.221923 -131.156464
616.221933 -130.968048
616.221942 -130.920166
616.221952 -130.923431
616.221962 -130.990341
616.221971 -131.129684
616.221981 -131.299377
616.221990 -131.458755
616.222000 -131.575134
616.222010 -131.620316
616.222019 -131.567764
616.222029 -131.490311
616.222038 -131.414246
616.222048 -131.356003
616.222058 -131.314270
616.222067 -131.283325
616.222077 -131.254852
616.222087 -131.213821
616.222096 -131.154144
616.222106 -131.101334
616.222115 -131.079254
616.222125 -131.108322
616.222135 -131.225510
616.222144 -131.477524
616.222154 -131.888977
616.222163 -132.432922
616.222173 -133.000336
616.222183 -133.262497
616.222192 -132.582489
616.222202 -131.510925
616.222212 -130.328232
616.222221 -129.229248
616.222231 -128.307373
616.222240 -127.594955
616.222250 -127.097466
616.222260 -126.809303
616.222269 -126.721535
616.222279 -126.721771
616.222288 -126.821823
616.222298 -127.107437
616.222308 -127.569923
616.222317 -128.191895
616.222327 -128.950409
616.222337 -129.805267
616.222346 -130.671799
616.222356 -131.401108
616.222365 -131.690994
616.222375 -131.121918
616.222385 -130.261749
616.222394 -129.305756
616.222404 -128.385727
616.222413 -127.560081
616.222423 -126.863312
616.222433 -126.311272
616.222442 -125.902756
616.222452 -125.633141
616.222462 -125.497231
616.222471 -125.477386
616.222481 -125.489449
616.222490 -125.603798
616.222500 -125.832497
616.222510 -126.164505
616.222519 -126.582565
616.222529 -127.059448
616.222538 -127.554352
616.222548 -128.011887
616.222558 -128.368164
616.222567 -128.567261
616.222577 -128.432312
616.222587 -128.161789
616.222596 -127.831337
616.222606 -127.493950
616.222615 -127.188271
616.222625 -126.939072
616.222635 -126.760719
616.222644 -126.660980
616.222654 -126.640045
616.222663 -126.643776
616.222673 -126.711159
616.222683 -126.863586
616.222692 -127.100227
616.222702 -127.417709
616.222712 -127.808411
616.222721 -128.257584
616.222731 -128.740417
616.222740 -129.219711
616.222750 -129.647430
616.222760 -129.974365
616.222769 -130.166016
616.222779 -130.172150
616.222788 -130.079956
616.222798 -130.010605
616.222808 -130.004272
616.222817 -130.026505
616.222827 -130.181320
616.222837 -130.522919
616.222846 -131.093674
616.222856 -131.942261
616.222865 -133.142593
616.222875 -134.784622
616.222885 -136.994644
616.222894 -139.912842
616.222904 -143.342026
616.222913 -143.552444
616.222923 -141.534851
616.222933 -140.394592
616.222942 -140.176056
616.222952 -140.258179
616.222962 -141.252304
616.222971 -143.864059
616.222981 -149.358444
616.222990 -141.537323
616.223000 -136.767014
616.223010 -133.511887
616.223019 -131.116562
616.223029 -129.294250
616.223038 -127.895729
616.223048 -126.834335
616.223058 -126.055893
616.223067 -125.525391
616.223077 -125.220116
616.223087 -125.123924
616.223096 -125.124062
616.223106 -125.232216
616.223115 -125.543434
616.223125 -126.062317
616.223135 -126.799446
616.223144 -127.772629
616.223154 -129.009094
616.223163 -130.550293
616.223173 -132.460358
616.223183 -134.845825
616.223192 -137.858231
616.223202 -141.761581
616.223212 -146.222733
616.223221 -142.718216
616.223231 -139.532318
616.223240 -137.052948
616.223250 -135.082352
616.223260 -133.455719
616.223269 -132.094330
616.223279 -130.958588
616.223288 -130.024231
616.223298 -129.271515
616.223308 -128.675415
616.223317 -128.217514
616.223327 -127.881187
616.223337 -127.643555
616.223346 -127.480095
616.223356 -127.365746
616.223365 -127.275024
616.223375 -127.184319
616.223385 -127.073517
616.223394 -126.928925
616.223404 -126.745064
616.223413 -126.525749
616.223423 -126.282944
616.223433 -126.034348
616.223442 -125.800407
616.223452 -125.601631
616.223462 -125.457016
616.223471 -125.383156
616.223481 -125.366966
616.223490 -125.394730
616.223500 -125.504448
616.223510 -125.723969
616.223519 -126.064461
616.223529 -126.536392
616.223538 -127.147881
616.223548 -127.900375
616.223558 -128.778046
616.223567 -129.727051
616.223577 -130.622269
616.223587 -131.250687
616.223596 -130.983994
616.223606 -130.210846
616.223615 -129.310196
616.223625 -128.451630
616.223635 -127.720139
616.223644 -127.148262
616.223654 -126.743416
616.223663 -126.503052
616.223673 -126.422455
616.223683 -126.422432
616.223692 -126.498924
616.223702 -126.733612
616.223712 -127.134552
616.223721 -127.718987
616.223731 -128.516953
616.223740 -129.577576
616.223750 -130.981430
616.223760 -132.868103
616.223769 -135.509140
616.223779 -139.560120
616.223788 -147.533661
616.223798 -141.640244
616.223808 -137.227173
616.223817 -134.620880
616.223827 -132.921722
616.223837 -131.787247
616.223846 -131.041473
616.223856 -130.572052
616.223865 -130.292679
616.223875 -130.128586
616.223885 -130.011185
616.223894 -129.879807
616.223904 -129.687088
616.223913 -129.405441
616.223923 -129.031479
616.223933 -128.584366
616.223942 -128.100433
616.223952 -127.624634
616.223962 -127.202705
616.223971 -126.876289
616.223981 -126.680359
616.223990 -126.634926
616.224000 -126.642960
616.224010 -126.785454
616.224019 -127.121658
616.224029 -127.656166
616.224038 -128.377792
616.224048 -129.245560
616.224058 -130.166290
616.224067 -130.976532
616.224077 -131.474930
616.224087 -131.255783
616.224096 -130.795959
616.224106 -130.340775
616.224115 -129.997116
616.224125 -129.814926
616.224135 -129.778458
616.224144 -129.812424
616.224154 -129.993011
616.224163 -130.355133
616.224173 -130.897202
616.224183 -131.618637
616.224192 -132.516541
616.224202 -133.576614
616.224212 -134.745224
616.224221 -135.871368
616.224231 -136.607544
616.224240 -135.685455
616.224250 -134.198822
616.224260 -132.546997
616.224269 -130.958237
616.224279 -129.529449
616.224288 -128.297012
616.224298 -127.274933
616.224308 -126.468857
616.224317 -125.881660
616.224327 -125.514946
616.224337 -125.369881
616.224346 -125.366074
616.224356 -125.447159
616.224365 -125.745941
616.224375 -126.263191
616.224385 -126.991989
616.224394 -127.917442
616.224404 -129.011002
616.224413 -130.220291
616.224423 -131.457535
616.224433 -132.591431
616.224442 -133.465714
616.224452 -133.958893
616.224462 -133.848282
616.224471 -133.476227
616.224481 -133.062302
616.224490 -132.693359
616.224500 -132.421341
616.224510 -132.271484
616.224519 -132.242569
616.224529 -132.248199
616.224538 -132.339172
616.224548 -132.517471
616.224558 -132.745117
616.224567 -132.976105
616.224577 -133.164459
616.224587 -133.272110
616.224596 -133.188583
616.224606 -133.022827
616.224615 -132.817337
616.224625 -132.608719
616.224635 -132.425079
616.224644 -132.278152
616.224654 -132.158859
616.224663 -132.037628
616.224673 -131.870987
616.224683 -131.619568
616.224692 -131.269684
616.224702 -130.845673
616.224712 -130.403870
616.224721 -130.012314
616.224731 -129.734970
616.224740 -129.623367
616.224750 -129.613968
616.224760 -129.717804
616.224769 -130.048370
616.224779 -130.639297
616.224788 -131.506622
616.224798 -132.649750
616.224808 -134.021484
616.224817 -135.463654
616.224827 -136.625946
616.224837 -136.789276
616.224846 -136.120880
616.224856 -135.463669
616.224865 -135.006424
616.224875 -134.807526
616.224885 -134.784058
616.224894 -134.867462
616.224904 -135.160873
616.224913 -135.643677
616.224923 -136.248795
616.224933 -136.877014
616.224942 -137.399750
616.224952 -137.686523
616.224962 -137.441299
616.224971 -137.053848
616.224981 -136.644531
616.224990 -136.298935
616.225000 -136.062943
616.225010 -135.943207
616.225019 -135.864975
616.225029 -135.751144
616.225038 -135.453171
616.225048 -134.828232
616.225058 -133.850952
616.225067 -132.642517
616.225077 -131.379211
616.225087 -130.203735
616.225096 -129.203323
616.225106 -128.424927
616.225115 -127.893501
616.225125 -127.624702
616.225135 -127.592995
616.225144 -127.632256
616.225154 -127.930794
616.225163 -128.536316
616.225173 -129.461563
616.225183 -130.695724
616.225192 -132.143387
616.225202 -133.492584
616.225212 -133.791580
616.225221 -132.807480
616.225231 -131.786789
616.225240 -131.026291
616.225250 -130.620148
616.225260 -130.532394
616.225269 -130.549393
616.225279 -130.822952
616.225288 -131.371628
616.225298 -132.037994
616.225308 -132.459381
616.225317 -131.759430
616.225327 -130.699112
616.225337 -129.621323
616.225346 -128.727859
616.225356 -128.100113
616.225365 -127.736839
616.225375 -127.636917
616.225385 -127.638580
616.225394 -127.772766
616.225404 -128.056839
616.225413 -128.344925
616.225423 -128.123550
616.225433 -127.408142
616.225442 -126.438194
616.225452 -125.411179
616.225462 -124.466896
616.225471 -123.677620
616.225481 -123.072746
616.225490 -122.659706
616.225500 -122.436317
616.225510 -122.389595
616.225519 -122.396721
616.225529 -122.534370
616.225538 -122.838959
616.225548 -123.306046
616.225558 -123.934486
616.225567 -124.722313
616.225577 -125.670860
616.225587 -126.787277
616.225596 -128.088348
616.225606 -129.608200
616.225615 -131.412064
616.225625 -133.622726
616.225635 -136.438019
616.225644 -140.253433
616.225654 -144.432541
616.225663 -139.942780
616.225673 -136.630188
616.225683 -134.352325
616.225692 -132.758881
616.225702 -131.685333
616.225712 -131.032425
616.225721 -130.745773
616.225731 -130.721405
616.225740 -130.797913
616.225750 -131.176041
616.225760 -131.876389
616.225769 -132.894836
616.225779 -134.206253
616.225788 -135.709167
616.225798 -137.115158
616.225808 -137.702606
616.225817 -136.828186
616.225827 -135.796677
616.225837 -134.903412
616.225846 -134.243042
616.225856 -133.822113
616.225865 -133.611755
616.225875 -133.559097
616.225885 -133.555862
616.225894 -133.600174
616.225904 -133.563293
616.225913 -133.314560
616.225923 -132.878159
616.225933 -132.306000
616.225942 -131.674026
616.225952 -131.041748
616.225962 -130.431335
616.225971 -129.876953
616.225981 -129.377731
616.225990 -128.930023
616.226000 -128.536942
616.226010 -128.210892
616.226019 -127.972862
616.226029 -127.846550
616.226038 -127.832428
616.226048 -127.853828
616.226058 -128.008011
616.226067 -128.303009
616.226077 -128.712585
616.226087 -129.205276
616.226096 -129.712540
616.226106 -130.152161
616.226115 -130.457642
616.226125 -130.609848
616.226135 -130.581665
616.226144 -130.458298
616.226154 -130.276199
616.226163 -129.987564
616.226173 -129.544510
616.226183 -128.939301
616.226192 -128.219574
616.226202 -127.464890
616.226212 -126.753593
616.226221 -126.142715
616.226231 -125.665199
616.226240 -125.333984
616.226250 -125.147766
616.226260 -125.085129
616.226269 -125.084961
616.226279 -125.134834
616.226288 -125.279640
616.226298 -125.500343
616.226308 -125.784843
616.226317 -126.133781
616.226327 -126.563751
616.226337 -127.108147
616.226346 -127.816048
616.226356 -128.752579
616.226365 -130.002197
616.226375 -131.675751
616.226385 -133.905518
616.226394 -136.697327
616.226404 -138.024033
616.226413 -135.261795
616.226423 -132.840546
616.226433 -131.071762
616.226442 -129.861481
616.226452 -129.092651
616.226462 -128.703659
616.226471 -128.626709
616.226481 -128.637650
616.226490 -128.837097
616.226500 -129.231918
616.226510 -129.724915
616.226519 -130.185837
616.226529 -130.473557
616.226538 -130.254898
616.226548 -129.836456
616.226558 -129.340057
616.226567 -128.838852
616.226577 -128.369644
616.226587 -127.944641
616.226596 -127.585815
616.226606 -127.297905
616.226615 -127.085350
616.226625 -126.952980
616.226635 -126.903938
616.226644 -126.897423
616.226654 -126.938507
616.226663 -127.052406
616.226673 -127.236809
616.226683 -127.478729
616.226692 -127.763367
616.226702 -128.075974
616.226712 -128.405502
616.226721 -128.745056
616.226731 -129.090668
616.226740 -129.436798
616.226750 -129.770721
616.226760 -130.066742
616.226769 -130.286697
616.226779 -130.325882
616.226788 -130.093597
616.226798 -129.704605
616.226808 -129.198578
616.226817 -128.624847
616.226827 -128.029709
616.226837 -127.450653
616.226846 -126.914543
616.226856 -126.438995
616.226865 -126.033150
616.226875 -125.701645
616.226885 -125.445908
616.226894 -125.262894
616.226904 -125.147438
616.226913 -125.093452
616.226923 -125.087364
616.226933 -125.094055
616.226942 -125.141876
616.226952 -125.228577
616.226962 -125.345177
616.226971 -125.481201
616.226981 -125.625488
616.226990 -125.766335
616.227000 -125.893303
616.227010 -125.997932
616.227019 -126.075668
616.227029 -126.125542
616.227038 -126.146179
616.227048 -126.138313
616.227058 -126.132652
616.227067 -126.136467
616.227077 -126.161903
616.227087 -126.232559
616.227096 -126.373589
616.227106 -126.610786
616.227115 -126.970871
616.227125 -127.480904
616.227135 -128.169434
616.227144 -129.068222
616.227154 -130.210495
616.227163 -131.652863
616.227173 -133.477783
616.227183 -135.822983
616.227192 -138.958145
616.227202 -143.501617
616.227212 -150.897263
616.227221 -144.998962
616.227231 -141.703751
616.227240 -139.831406
616.227250 -138.817398
616.227260 -138.441299
616.227269 -138.430695
616.227279 -138.605133
616.227288 -139.314575
616.227298 -140.592941
616.227308 -142.382294
616.227317 -143.966476
616.227327 -141.828827
616.227337 -139.377960
616.227346 -137.352448
616.227356 -135.814255
616.227365 -134.692017
616.227375 -133.908875
616.227385 -133.398392
616.227394 -133.103821
616.227404 -132.969910
616.227413 -132.943329
616.227423 -132.945160
616.227433 -132.985489
616.227442 -133.047379
616.227452 -133.095032
616.227462 -133.071304
616.227471 -132.997360
616.227481 -132.899063
616.227490 -132.794617
616.227500 -132.698288
616.227510 -132.617142
616.227519 -132.547791
616.227529 -132.478195
616.227538 -132.389999
616.227548 -132.265091
616.227558 -132.092377
616.227567 -131.874832
616.227577 -131.632202
616.227587 -131.399399
616.227596 -131.215256
616.227606 -131.123260
616.227615 -131.116577
616.227625 -131.169388
616.227635 -131.379013
616.227644 -131.749161
616.227654 -132.224747
616.227663 -132.666763
616.227673 -132.604446
616.227683 -131.934326
616.227692 -131.056824
616.227702 -130.198303
616.227712 -129.499664
616.227721 -129.020752
616.227731 -128.743790
616.227740 -128.658203
616.227750 -128.658005
616.227760 -128.701233
616.227769 -128.731140
616.227779 -128.484650
616.227788 -128.003235
616.227798 -127.354668
616.227808 -126.650604
616.227817 -125.993019
616.227827 -125.451958
616.227837 -125.069099
616.227846 -124.867821
616.227856 -124.839760
616.227865 -124.862251
616.227875 -125.061966
616.227885 -125.475876
616.227894 -126.113617
616.227904 -126.986839
616.227913 -128.108398
616.227923 -129.490952
616.227933 -131.141068
616.227942 -133.043762
616.227952 -135.122391
616.227962 -137.162735
616.227971 -138.765503
616.227981 -139.583374
616.227990 -139.672791
616.228000 -139.669022
616.228010 -139.742996
616.228019 -140.165771
616.228029 -141.155548
616.228038 -142.951111
616.228048 -145.783951
616.228058 -144.470993
616.228067 -139.929840
616.228077 -136.418396
616.228087 -133.732178
616.228096 -131.630081
616.228106 -129.963074
616.228115 -128.638763
616.228125 -127.596245
616.228135 -126.793190
616.228144 -126.198509
616.228154 -125.788322
616.228163 -125.543182
616.228173 -125.446426
616.228183 -125.437813
616.228192 -125.482704
616.228202 -125.636559
616.228212 -125.891365
616.228221 -126.229172
616.228231 -126.629356
616.228240 -127.069588
616.228250 -127.525925
616.228260 -127.975098
616.228269 -128.396088
616.228279 -128.772949
616.228288 -129.095581
616.228298 -129.360947
616.228308 -129.570862
616.228317 -129.729767
616.228327 -129.839005
616.228337 -129.878525
616.228346 -129.773056
616.228356 -129.558228
616.228365 -129.230820
616.228375 -128.810211
616.228385 -128.337036
616.228394 -127.861908
616.228404 -127.434822
616.228413 -127.098717
616.228423 -126.889084
616.228433 -126.829933
616.228442 -126.832031
616.228452 -126.959267
616.228462 -127.307457
616.228471 -127.918526
616.228481 -128.851166
616.228490 -130.195969
616.228500 -132.107025
616.228510 -134.888199
616.228519 -139.290848
616.228529 -147.435455
616.228538 -139.762253
616.228548 -136.141937
616.228558 -134.111679
616.228567 -133.007645
616.228577 -132.580841
616.228587 -132.566772
616.228596 -132.755920
616.228606 -133.544403
616.228615 -135.059952
616.228625 -137.574753
616.228635 -141.520935
616.228644 -140.152191
616.228654 -135.715302
616.228663 -132.598114
616.228673 -130.328506
616.228683 -128.606369
616.228692 -127.280289
616.228702 -126.259140
616.228712 -125.482132
616.228721 -124.909348
616.228731 -124.513817
616.228740 -124.276436
616.228750 -124.183304
616.228760 -124.180969
616.228769 -124.223831
616.228779 -124.388718
616.228788 -124.668953
616.228798 -125.054001
616.228808 -125.528297
616.228817 -126.066086
616.228827 -126.623230
616.228837 -127.130020
616.228846 -127.493431
616.228856 -127.485207
616.228865 -127.120064
616.228875 -126.631836
616.228885 -126.132851
616.228894 -125.712715
616.228904 -125.431526
616.228913 -125.326996
616.228923 -125.326843
616.228933 -125.423042
616.228942 -125.735168
616.228952 -126.269890
616.228962 -127.034157
616.228971 -128.034302
616.228981 -129.256424
616.228990 -130.649384
616.229000 -132.082504
616.229010 -133.298981
616.229019 -133.947617
616.229029 -133.402283
616.229038 -132.611694
616.229048 -131.738632
616.229058 -130.876373
616.229067 -130.077087
616.229077 -129.366348
616.229087 -128.775269
616.229096 -128.340225
616.229106 -128.099731
616.229115 -128.064499
616.229125 -128.093201
616.229135 -128.362350
616.229144 -128.955185
616.229154 -129.934067
616.229163 -131.382553
616.229173 -133.396729
616.229183 -135.936447
616.229192 -137.144135
616.229202 -134.442337
616.229212 -131.908493
616.229221 -129.913818
616.229231 -128.379715
616.229240 -127.199371
616.229250 -126.283554
616.229260 -125.589584
616.229269 -125.076981
616.229279 -124.717896
616.229288 -124.492516
616.229298 -124.386551
616.229308 -124.369453
616.229317 -124.388702
616.229327 -124.489265
616.229337 -124.678741
616.229346 -124.948204
616.229356 -125.289124
616.229365 -125.694778
616.229375 -126.160995
616.229385 -126.687614
616.229394 -127.277962
616.229404 -127.931740
616.229413 -128.647888
616.229423 -129.431641
616.229433 -130.264389
616.229442 -131.101624
616.229452 -131.863541
616.229462 -132.442459
616.229471 -132.719223
616.229481 -132.436996
616.229490 -131.997452
616.229500 -131.504883
616.229510 -131.035614
616.229519 -130.638260
616.229529 -130.342499
616.229538 -130.167816
616.229548 -130.124832
616.229558 -130.128479
616.229567 -130.236771
616.229577 -130.501984
616.229587 -130.923431
616.229596 -131.501266
616.229606 -132.224930
616.229615 -133.050369
616.229625 -133.884796
616.229635 -134.569214
616.229644 -134.767029
616.229654 -134.195099
616.229663 -133.360184
616.229673 -132.437637
616.229683 -131.547714
616.229692 -130.747421
616.229702 -130.083939
616.229712 -129.577515
616.229721 -129.230713
616.229731 -129.033783
616.229740 -128.962555
616.229750 -128.959885
616.229760 -128.975464
616.229769 -129.001312
616.229779 -128.877365
616.229788 -128.606674
616.229798 -128.201263
616.229808 -127.710419
616.229817 -127.197563
616.229827 -126.720985
616.229837 -126.325523
616.229846 -126.043213
616.229856 -125.896294
616.229865 -125.878967
616.229875 -125.901352
616.229885 -126.070030
616.229894 -126.411575
616.229904 -126.937454
616.229913 -127.655968
616.229923 -128.571762
616.229933 -129.677475
616.229942 -130.929947
616.229952 -132.196823
616.229962 -133.181885
616.229971 -132.953522
616.229981 -131.893555
616.229990 -130.696075
616.230000 -129.591080
616.230010 -128.669876
616.230019 -127.957603
616.230029 -127.455421
616.230038 -127.157051
616.230048 -127.055107
616.230058 -127.054955
616.230067 -127.144165
616.230077 -127.425255
616.230087 -127.900406
616.230096 -128.576477
616.230106 -129.466064
616.230115 -130.589142
616.230125 -131.976059
616.230135 -133.665054
616.230144 -135.709595
616.230154 -138.175278
616.230163 -141.022614
616.230173 -143.617050
616.230183 -142.718658
616.230192 -140.928955
616.230202 -139.569580
616.230212 -138.722916
616.230221 -138.358856
616.230231 -138.337982
616.230240 -138.449707
616.230250 -138.981430
616.230260 -139.945297
616.230269 -141.321152
616.230279 -143.046066
616.230288 -144.974731
616.230298 -146.848770
616.230308 -148.116577
616.230317 -146.240601
616.230327 -143.356964
616.230337 -140.497147
616.230346 -138.061035
616.230356 -136.120255
616.230365 -134.642105
616.230375 -133.594345
616.230385 -132.935745
616.230394 -132.623123
616.230404 -132.571960
616.230413 -132.607178
616.230423 -132.822495
616.230433 -133.176895
616.230442 -133.554047
616.230452 -133.841110
616.230462 -133.982788
616.230471 -134.016266
616.230481 -134.061539
616.230490 -134.204987
616.230500 -134.478989
616.230510 -134.920303
616.230519 -135.421509
616.230529 -135.596802
616.230538 -134.883408
616.230548 -133.807495
616.230558 -132.655563
616.230567 -131.615799
616.230577 -130.769928
616.230587 -130.141571
616.230596 -129.728271
616.230606 -129.519440
616.230615 -129.487045
616.230625 -129.503067
616.230635 -129.670151
616.230644 -130.013962
616.230654 -130.531830
616.230663 -131.241898
616.230673 -132.166565
616.230683 -133.341827
616.230692 -134.821457
616.230702 -136.676865
616.230712 -138.980820
616.230721 -141.688248
616.230731 -144.128952
616.230740 -143.303909
616.230750 -141.816315
616.230760 -140.844284
616.230769 -140.463943
616.230779 -140.447876
616.230788 -140.644211
616.230798 -141.348816
616.230808 -142.487503
616.230817 -143.918732
616.230827 -145.142868
616.230837 -143.935944
616.230846 -141.966568
616.230856 -139.983322
616.230865 -138.189117
616.230875 -136.685089
616.230885 -135.482162
616.230894 -134.593048
616.230904 -134.039673
616.230913 -133.858170
616.230923 -133.858887
616.230933 -134.113281
616.230942 -134.912109
616.230952 -136.472687
616.230962 -139.304977
616.230971 -145.112091
616.230981 -141.592621
616.230990 -135.904419
616.231000 -132.392395
