200.199000 -129.767609
200.199481 -123.073280
200.199962 -123.066147
200.200442 -121.673325
200.200923 -117.545670
200.201404 -117.555573
200.201885 -121.891579
200.202365 -126.625954
200.202846 -128.601059
200.203327 -139.691833
200.203808 -139.499359
200.204288 -138.176102
200.204769 -125.987831
200.205250 -123.397949
200.205731 -122.842690
200.206212 -120.159645
200.206692 -120.397583
200.207173 -122.486679
200.207654 -121.213646
200.208135 -121.272247
200.208615 -124.234955
200.209096 -126.954620
200.209577 -121.037857
200.210058 -120.881233
200.210538 -120.887344
200.211019 -121.703445
200.211500 -124.520943
200.211981 -120.723579
200.212462 -116.361786
200.212942 -115.058716
200.213423 -114.907188
200.213904 -115.409981
200.214385 -119.765793
200.214865 -116.917091
200.215346 -116.042931
200.215827 -116.155060
200.216308 -116.576004
200.216788 -120.405548
200.217269 -125.947281
200.217750 -120.479591
200.218231 -119.183357
200.218712 -120.210274
200.219192 -122.028099
200.219673 -121.941788
200.220154 -119.949379
200.220635 -113.391121
200.221115 -111.561890
200.221596 -111.609810
200.222077 -113.065117
200.222558 -115.117065
200.223038 -115.422577
200.223519 -116.172859
200.224000 -119.678879
200.224481 -114.685028
200.224962 -112.545715
200.225442 -112.883621
200.225923 -119.865326
200.226404 -114.537621
200.226885 -111.596825
200.227365 -111.551102
200.227846 -113.632446
200.228327 -123.411781
200.228808 -119.939072
200.229288 -119.944412
200.229769 -124.826523
200.230250 -132.287338
200.230731 -126.764832
200.231212 -125.205528
200.231692 -120.173927
200.232173 -116.962860
200.232654 -113.239288
200.233135 -113.173363
200.233615 -117.205650
200.234096 -122.442398
200.234577 -122.643753
200.235058 -123.750328
200.235538 -123.699860
200.236019 -121.977554
200.236500 -117.155754
200.236981 -117.065659
200.237462 -117.112450
200.237942 -118.020325
200.238423 -120.498123
200.238904 -118.317207
200.239385 -118.200989
200.239865 -121.265167
200.240346 -126.726540
200.240827 -116.149750
200.241308 -112.765488
200.241788 -113.152451
200.242269 -118.067802
200.242750 -116.534309
200.243231 -117.497932
200.243712 -125.934540
200.244192 -119.178879
200.244673 -117.359505
200.245154 -117.381729
200.245635 -116.948105
200.246115 -115.553612
200.246596 -115.551506
200.247077 -119.980347
200.247558 -124.132462
200.248038 -123.745895
200.248519 -122.284264
200.249000 -120.296448
200.249481 -117.488228
200.249962 -116.592323
200.250442 -120.823380
200.250923 -116.410103
200.251404 -116.386703
200.251885 -117.043900
200.252365 -118.863388
200.252846 -118.186478
200.253327 -112.672394
200.253808 -112.134071
200.254288 -112.623291
200.254769 -116.766235
200.255250 -120.846954
200.255731 -120.283104
200.256212 -117.928963
200.256692 -116.914474
200.257173 -115.354164
200.257654 -114.630333
200.258135 -117.907532
200.258615 -122.322502
200.259096 -122.096809
200.259577 -124.556259
200.260058 -123.870377
200.260538 -124.537010
200.261019 -120.837463
200.261500 -118.721436
200.261981 -118.491356
200.262462 -118.615570
200.262942 -117.913979
200.263423 -118.849586
200.263904 -127.633728
200.264385 -127.305336
200.264865 -129.562347
200.265346 -119.218742
200.265827 -115.099838
200.266308 -115.096611
200.266788 -115.604767
200.267269 -115.162018
200.267750 -117.257942
200.268231 -112.998032
200.268712 -112.935333
200.269192 -115.251671
200.269673 -121.588524
200.270154 -122.996902
200.270635 -118.510178
200.271115 -115.503639
200.271596 -115.357994
200.272077 -116.641464
200.272558 -120.454742
200.273038 -122.140305
200.273519 -125.640961
200.274000 -118.524971
200.274481 -114.958351
200.274962 -115.249023
200.275442 -124.479111
200.275923 -117.333717
200.276404 -114.395645
200.276885 -114.388107
200.277365 -115.464272
200.277846 -119.962753
200.278327 -121.994995
200.278808 -120.097145
200.279288 -118.947487
200.279769 -117.822540
200.280250 -118.794182
200.280731 -122.668976
200.281212 -122.454735
200.281692 -121.087090
200.282173 -119.349243
200.282654 -119.286049
200.283135 -119.643730
200.283615 -116.922958
200.284096 -116.077560
200.284577 -116.486382
200.285058 -118.660286
200.285538 -120.806023
200.286019 -120.681412
200.286500 -122.040779
200.286981 -124.738304
200.287462 -129.359879
200.287942 -134.170654
200.288423 -118.387825
200.288904 -113.452782
200.289385 -113.252304
200.289865 -114.034416
200.290346 -117.057617
200.290827 -125.550964
200.291308 -120.299698
200.291788 -119.250526
200.292269 -120.216759
200.292750 -122.604401
200.293231 -122.047142
200.293712 -120.395882
200.294192 -115.174232
200.294673 -113.101143
200.295154 -113.052940
200.295635 -114.574715
200.296115 -117.146225
200.296596 -115.475395
200.297077 -115.625694
200.297558 -115.439919
200.298038 -115.337364
200.298519 -118.343910
200.299000 -124.962425
200.299481 -121.161392
200.299962 -117.621452
200.300442 -114.490204
200.300923 -114.395706
200.301404 -116.101608
200.301885 -118.303612
200.302365 -118.449837
200.302846 -121.858559
200.303327 -121.761604
200.303808 -113.681824
200.304288 -112.747116
200.304769 -113.498978
200.305250 -117.485451
200.305731 -118.179405
200.306212 -125.659210
200.306692 -124.484985
200.307173 -125.773399
200.307654 -125.067215
200.308135 -120.504608
200.308615 -113.894653
200.309096 -112.656914
200.309577 -113.087135
200.310058 -118.778618
200.310538 -131.151352
200.311019 -125.151260
200.311500 -125.691147
200.311981 -118.326340
200.312462 -117.890427
200.312942 -119.395790
200.313423 -116.011650
200.313904 -114.201103
200.314385 -115.486305
200.314865 -124.632538
200.315346 -116.532967
200.315827 -116.148499
200.316308 -116.768036
200.316788 -117.721268
200.317269 -117.374619
200.317750 -117.153435
200.318231 -117.825394
200.318712 -121.318268
200.319192 -124.442162
200.319673 -120.127548
200.320154 -120.142639
200.320635 -117.496216
200.321115 -117.379211
200.321596 -114.816589
200.322077 -114.310509
200.322558 -114.524361
200.323038 -115.290253
200.323519 -118.237999
200.324000 -115.069122
200.324481 -114.863594
200.324962 -117.027672
200.325442 -126.048302
200.325923 -129.619431
200.326404 -119.582596
200.326885 -117.246307
200.327365 -116.974838
200.327846 -117.985031
200.328327 -115.300743
200.328808 -115.323273
200.329288 -119.573120
200.329769 -114.593292
200.330250 -114.772568
200.330731 -123.469444
200.331212 -115.844971
200.331692 -113.833336
200.332173 -114.599625
200.332654 -122.063835
200.333135 -122.416603
200.333615 -118.236465
200.334096 -116.455925
200.334577 -116.430206
200.335058 -119.182053
200.335538 -120.727722
200.336019 -121.737816
200.336500 -127.202087
200.336981 -116.234901
200.337462 -114.261169
200.337942 -114.724312
200.338423 -118.212059
200.338904 -119.568932
200.339385 -120.002457
200.339865 -120.998505
200.340346 -117.048233
200.340827 -117.134819
200.341308 -122.319717
200.341788 -120.164200
200.342269 -120.842735
200.342750 -127.278770
200.343231 -124.547272
200.343712 -117.797775
200.344192 -117.621277
200.344673 -120.351402
200.345154 -122.140854
200.345635 -117.779617
200.346115 -117.542931
200.346596 -118.176575
200.347077 -118.396111
200.347558 -116.878265
200.348038 -117.649239
200.348519 -126.910797
200.349000 -121.582535
200.349481 -122.389511
200.349962 -119.752235
200.350442 -119.335655
200.350923 -123.229950
200.351404 -115.050629
200.351885 -114.041573
200.352365 -114.984627
200.352846 -115.146927
200.353327 -115.154984
200.353808 -119.862411
200.354288 -114.946938
200.354769 -113.718315
200.355250 -113.917229
200.355731 -116.783127
200.356212 -118.520943
200.356692 -117.897430
200.357173 -115.892250
200.357654 -115.326462
200.358135 -115.834045
200.358615 -117.808098
200.359096 -116.064110
200.359577 -116.159309
200.360058 -119.097954
200.360538 -122.360924
200.361019 -114.573189
200.361500 -114.230103
200.361981 -117.753563
200.362462 -114.453796
200.362942 -113.089180
200.363423 -113.484238
200.363904 -119.590607
200.364385 -122.515739
200.364865 -120.589058
200.365346 -116.978043
200.365827 -116.400620
200.366308 -116.828896
200.366788 -122.637360
200.367269 -116.145012
200.367750 -113.430267
200.368231 -111.799721
200.368712 -111.891716
200.369192 -114.681435
200.369673 -116.315010
200.370154 -117.854370
200.370635 -120.290207
200.371115 -121.197716
200.371596 -120.746872
200.372077 -121.754372
200.372558 -123.754349
200.373038 -119.858727
200.373519 -116.960411
200.374000 -116.630020
200.374481 -118.053978
200.374962 -118.934456
200.375442 -115.787903
200.375923 -115.713409
200.376404 -115.510773
200.376885 -112.064087
200.377365 -112.101318
200.377846 -116.701057
200.378327 -124.022377
200.378808 -121.394798
200.379288 -118.767220
200.379769 -117.555000
200.380250 -115.368111
200.380731 -115.538589
200.381212 -119.281929
200.381692 -125.049301
200.382173 -127.399551
200.382654 -121.706055
200.383135 -121.732986
200.383615 -123.336121
200.384096 -117.620148
200.384577 -114.647346
200.385058 -114.645798
200.385538 -116.659920
200.386019 -117.025146
200.386500 -115.960678
200.386981 -117.212547
200.387462 -121.164696
200.387942 -120.647522
200.388423 -124.156303
200.388904 -120.914825
200.389385 -116.687653
200.389865 -116.555359
200.390346 -117.586380
200.390827 -117.994911
200.391308 -121.866608
200.391788 -123.373268
200.392269 -118.637085
200.392750 -118.358185
200.393231 -117.683594
200.393712 -116.589874
200.394192 -116.451324
200.394673 -118.414116
200.395154 -122.503265
200.395635 -123.374702
200.396115 -116.392265
200.396596 -115.304970
200.397077 -116.044006
200.397558 -123.994034
200.398038 -120.212692
200.398519 -120.200584
200.399000 -122.513969
200.399481 -120.030373
200.399962 -118.685638
200.400442 -119.402740
200.400923 -118.383072
200.401404 -118.525307
200.401885 -116.465286
200.402365 -115.606033
200.402846 -116.050247
200.403327 -116.380333
200.403808 -116.573639
200.404288 -120.253906
200.404769 -120.611366
200.405250 -116.019264
200.405731 -115.769638
200.406212 -116.835899
200.406692 -117.995323
200.407173 -116.408028
200.407654 -116.809235
200.408135 -117.110641
200.408615 -117.015343
200.409096 -122.471817
200.409577 -118.219139
200.410058 -113.427711
200.410538 -113.340416
200.411019 -114.956367
200.411500 -115.307899
200.411981 -115.112190
200.412462 -116.258530
200.412942 -122.049088
200.413423 -121.877182
200.413904 -116.042671
200.414385 -115.728401
200.414865 -118.661804
200.415346 -115.657188
200.415827 -114.263298
200.416308 -114.399010
200.416788 -118.767090
200.417269 -119.004196
200.417750 -119.765991
200.418231 -121.703926
200.418712 -121.384392
200.419192 -120.386429
200.419673 -120.303719
200.420154 -124.022812
200.420635 -120.508690
200.421115 -113.829842
200.421596 -112.859032
200.422077 -113.273895
200.422558 -115.658073
200.423038 -118.142036
200.423519 -121.225937
200.424000 -118.393860
200.424481 -117.106461
200.424962 -117.863602
200.425442 -120.896385
200.425923 -115.812088
200.426404 -114.935135
200.426885 -115.483292
200.427365 -118.185646
200.427846 -118.341919
200.428327 -119.155716
200.428808 -118.973618
200.429288 -120.472649
200.429769 -123.160675
200.430250 -124.350594
200.430731 -125.105415
200.431212 -119.746994
200.431692 -119.478729
200.432173 -119.995041
200.432654 -120.945892
200.433135 -118.243729
200.433615 -119.626442
200.434096 -125.857697
200.434577 -125.040680
200.435058 -123.995857
200.435538 -119.368195
200.436019 -119.492775
200.436500 -124.571823
200.436981 -127.034058
200.437462 -128.040283
200.437942 -115.932747
200.438423 -115.148933
200.438904 -116.799744
200.439385 -120.521538
200.439865 -113.013779
200.440346 -111.379440
200.440827 -111.418945
200.441308 -112.258011
200.441788 -112.459579
200.442269 -118.279724
200.442750 -117.461845
200.443231 -117.618423
200.443712 -115.553413
200.444192 -113.796791
200.444673 -113.489563
200.445154 -115.318077
200.445635 -118.843590
200.446115 -114.448288
200.446596 -114.309227
200.447077 -116.767838
200.447558 -126.575417
200.448038 -125.795204
200.448519 -115.480011
200.449000 -114.041397
200.449481 -115.529030
200.449962 -120.599899
200.450442 -119.615509
200.450923 -121.283722
200.451404 -127.056938
200.451885 -120.559258
200.452365 -118.013245
200.452846 -117.767136
200.453327 -118.977318
200.453808 -129.102356
200.454288 -118.844925
200.454769 -113.673088
200.455250 -113.506516
200.455731 -115.197556
200.456212 -120.536514
200.456692 -126.581734
200.457173 -123.393425
200.457654 -123.407516
200.458135 -128.116196
200.458615 -128.106537
200.459096 -131.742661
200.459577 -126.883797
200.460058 -127.768997
200.460538 -120.943634
200.461019 -118.105232
200.461500 -118.029854
200.461981 -120.597229
200.462462 -116.700462
200.462942 -116.635818
200.463423 -117.771629
200.463904 -115.730957
200.464385 -115.741096
200.464865 -117.327019
200.465346 -118.403084
200.465827 -122.842682
200.466308 -123.377426
200.466788 -118.948860
200.467269 -118.807259
200.467750 -120.471642
200.468231 -116.742538
200.468712 -116.817268
200.469192 -121.336739
200.469673 -119.891243
200.470154 -119.972748
200.470635 -126.353333
200.471115 -120.111710
200.471596 -119.459808
200.472077 -119.429573
200.472558 -120.089043
200.473038 -125.137283
200.473519 -123.877647
200.474000 -124.244682
200.474481 -124.371544
200.474962 -117.403175
200.475442 -117.206947
200.475923 -120.844955
200.476404 -121.459793
200.476885 -121.140724
200.477365 -120.281624
200.477846 -120.575676
200.478327 -125.191795
200.478808 -119.915260
200.479288 -119.978233
200.479769 -115.294693
200.480250 -115.043129
200.480731 -116.422478
200.481212 -121.676857
200.481692 -120.792053
200.482173 -120.734879
200.482654 -120.295036
200.483135 -119.301956
200.483615 -123.030838
200.484096 -123.385941
200.484577 -124.234154
200.485058 -124.179260
200.485538 -124.158752
200.486019 -123.078842
200.486500 -120.729424
200.486981 -119.741692
200.487462 -115.137260
200.487942 -115.063766
200.488423 -117.318916
200.488904 -113.949829
200.489385 -112.279236
200.489865 -112.571426
200.490346 -120.112244
200.490827 -118.261398
200.491308 -117.901596
200.491788 -115.590401
200.492269 -115.311981
200.492750 -118.134796
200.493231 -121.570137
200.493712 -121.504272
200.494192 -118.976044
200.494673 -118.276070
200.495154 -118.145340
200.495635 -116.499214
200.496115 -111.796768
200.496596 -110.474350
200.497077 -109.606224
200.497558 -109.560829
200.498038 -110.397285
200.498519 -112.893578
200.499000 -114.883156
200.499481 -116.761009
200.499962 -117.904701
200.500442 -116.275833
200.500923 -115.572693
200.501404 -115.988983
200.501885 -118.111275
200.502365 -118.548363
200.502846 -118.245094
200.503327 -118.645531
200.503808 -121.207504
200.504288 -117.044113
200.504769 -117.153305
200.505250 -122.688942
200.505731 -120.599556
200.506212 -119.292412
200.506692 -119.883942
200.507173 -119.614090
200.507654 -114.824730
200.508135 -114.499397
200.508615 -115.125511
200.509096 -115.554436
200.509577 -116.789070
200.510058 -122.091660
200.510538 -121.162117
200.511019 -118.348175
200.511500 -117.205795
200.511981 -116.279678
200.512462 -116.299614
200.512942 -118.109703
200.513423 -125.747757
200.513904 -123.172325
200.514385 -117.125313
200.514865 -115.785118
200.515346 -115.428772
200.515827 -117.830490
200.516308 -118.057175
200.516788 -117.684441
200.517269 -118.794960
200.517750 -126.480873
200.518231 -118.782173
200.518712 -115.361488
200.519192 -115.462479
200.519673 -118.249092
200.520154 -112.861176
200.520635 -112.417358
200.521115 -113.168846
200.521596 -118.707375
200.522077 -120.980553
200.522558 -119.615349
200.523038 -120.877136
200.523519 -121.198540
200.524000 -122.138756
200.524481 -122.664703
200.524962 -120.429626
200.525442 -119.289848
200.525923 -117.516098
200.526404 -117.925102
200.526885 -116.107300
200.527365 -113.553543
200.527846 -113.527214
200.528327 -116.499832
200.528808 -126.543556
200.529288 -123.205666
200.529769 -120.445854
200.530250 -120.462578
200.530731 -118.662750
200.531212 -115.995987
200.531692 -115.250977
200.532173 -115.858566
200.532654 -116.176041
200.533135 -113.511475
200.533615 -113.512260
200.534096 -115.285141
200.534577 -113.962975
200.535058 -112.789619
200.535538 -112.699829
200.536019 -113.976059
200.536500 -114.392426
200.536981 -114.342255
200.537462 -115.338463
200.537942 -117.860229
200.538423 -117.526779
200.538904 -119.969727
200.539385 -123.888237
200.539865 -123.592003
200.540346 -120.996880
200.540827 -118.752129
200.541308 -120.030121
200.541788 -121.724556
200.542269 -131.469650
200.542750 -122.899254
200.543231 -121.154610
200.543712 -122.811440
200.544192 -122.420357
200.544673 -122.081070
200.545154 -117.867172
200.545635 -115.763786
200.546115 -115.442741
200.546596 -115.521767
200.547077 -120.809341
200.547558 -125.316162
200.548038 -125.160301
200.548519 -121.856598
200.549000 -121.720726
200.549481 -121.814667
200.549962 -115.604836
200.550442 -114.147179
200.550923 -114.525383
200.551404 -119.337959
200.551885 -117.437462
200.552365 -116.710472
200.552846 -116.430420
200.553327 -112.856583
200.553808 -112.545998
200.554288 -113.951553
200.554769 -121.507980
200.555250 -118.602486
200.555731 -116.824539
200.556212 -116.729637
200.556692 -116.726074
200.557173 -116.208481
200.557654 -119.686028
200.558135 -114.118370
200.558615 -113.878181
200.559096 -112.105095
200.559577 -111.054176
200.560058 -111.830185
200.560538 -121.857872
200.561019 -126.213058
200.561500 -127.252945
200.561981 -128.080292
200.562462 -123.775230
200.562942 -124.090271
200.563423 -128.263992
200.563904 -123.855858
200.564385 -122.756531
200.564865 -122.907356
200.565346 -123.058922
200.565827 -121.253197
200.566308 -115.909027
200.566788 -115.348915
200.567269 -116.993782
200.567750 -127.738762
200.568231 -124.599792
200.568712 -122.276627
200.569192 -120.538101
200.569673 -120.564178
200.570154 -123.692154
200.570635 -120.139755
200.571115 -118.542122
200.571596 -116.871895
200.572077 -117.792648
200.572558 -120.235054
200.573038 -119.964981
200.573519 -120.137032
200.574000 -119.912628
200.574481 -120.386795
200.574962 -122.086601
200.575442 -125.061363
200.575923 -121.631248
200.576404 -119.081802
200.576885 -119.111832
200.577365 -119.885765
200.577846 -122.180756
200.578327 -126.148308
200.578808 -118.823280
200.579288 -117.182854
200.579769 -117.879845
200.580250 -118.715057
200.580731 -117.166275
200.581212 -115.918015
200.581692 -112.472313
200.582173 -112.139572
200.582654 -113.567482
200.583135 -113.004837
200.583615 -112.236504
200.584096 -113.429031
200.584577 -120.540535
200.585058 -128.740585
200.585538 -132.186768
200.586019 -117.245621
200.586500 -113.871666
200.586981 -113.938263
200.587462 -117.721176
200.587942 -123.970207
200.588423 -118.896126
200.588904 -118.097176
200.589385 -118.141502
200.589865 -119.875565
200.590346 -117.572548
200.590827 -117.571960
200.591308 -117.119438
200.591788 -116.648399
200.592269 -118.441650
200.592750 -115.777206
200.593231 -115.944611
200.593712 -117.990936
200.594192 -119.377892
200.594673 -119.594398
200.595154 -121.379494
200.595635 -120.039795
200.596115 -121.626732
200.596596 -116.863007
200.597077 -117.106628
200.597558 -119.163406
200.598038 -119.148819
200.598519 -126.418228
200.599000 -122.887962
200.599481 -114.943047
200.599962 -114.519249
200.600442 -117.899643
200.600923 -125.764252
200.601404 -126.048546
200.601885 -124.738220
200.602365 -120.129997
200.602846 -119.033760
200.603327 -119.777336
200.603808 -121.083084
200.604288 -114.916420
200.604769 -113.971100
200.605250 -114.499359
200.605731 -116.634254
200.606212 -116.807587
200.606692 -120.504723
200.607173 -126.471107
200.607654 -118.036743
200.608135 -117.628044
200.608615 -118.672310
200.609096 -114.003395
200.609577 -113.418388
200.610058 -114.516975
200.610538 -121.364838
200.611019 -121.926743
200.611500 -122.699715
200.611981 -117.033974
200.612462 -116.936096
200.612942 -121.491615
200.613423 -119.461754
200.613904 -119.800728
200.614385 -118.248878
200.614865 -116.558838
200.615346 -117.018555
200.615827 -120.947517
200.616308 -122.418312
200.616788 -122.486969
200.617269 -120.377983
200.617750 -118.328346
200.618231 -119.133926
200.618712 -122.949318
200.619192 -122.411591
200.619673 -124.642792
200.620154 -126.140572
200.620635 -122.507927
200.621115 -118.723785
200.621596 -115.571068
200.622077 -115.591026
200.622558 -120.424316
200.623038 -122.436218
200.623519 -118.300423
200.624000 -114.885429
200.624481 -113.952187
200.624962 -114.251938
200.625442 -117.220322
200.625923 -117.081238
200.626404 -118.372490
200.626885 -122.745430
200.627365 -122.430069
200.627846 -122.310654
200.628327 -124.524567
200.628808 -121.916389
200.629288 -121.773872
200.629769 -122.079063
200.630250 -117.660057
200.630731 -117.528496
200.631212 -117.317032
200.631692 -117.157333
200.632173 -118.406212
200.632654 -119.661179
200.633135 -115.299667
200.633615 -115.368851
200.634096 -121.045982
200.634577 -121.950409
200.635058 -123.779495
200.635538 -116.742386
200.636019 -113.266243
200.636500 -111.240143
200.636981 -111.240440
200.637462 -114.885498
200.637942 -124.610794
200.638423 -124.598053
200.638904 -127.702881
200.639385 -127.778954
200.639865 -123.525879
200.640346 -121.326065
200.640827 -116.620415
200.641308 -116.445076
200.641788 -116.455170
200.642269 -116.816162
200.642750 -118.827080
200.643231 -117.756195
200.643712 -113.094597
200.644192 -110.657181
200.644673 -110.598251
200.645154 -113.565842
200.645635 -117.770752
200.646115 -117.612312
200.646596 -117.456146
200.647077 -120.876587
200.647558 -122.712601
200.648038 -122.454735
200.648519 -122.019440
200.649000 -118.159584
200.649481 -117.604980
200.649962 -118.115631
200.650442 -121.450050
200.650923 -127.189034
200.651404 -120.506439
200.651885 -120.304871
200.652365 -122.266800
200.652846 -121.956978
200.653327 -120.291855
200.653808 -115.875626
200.654288 -115.758659
200.654769 -120.165169
200.655250 -118.774597
200.655731 -120.243141
200.656212 -116.753967
200.656692 -113.281364
200.657173 -113.019821
200.657654 -115.943108
200.658135 -120.094765
200.658615 -122.424606
200.659096 -114.758568
200.659577 -113.866623
200.660058 -113.910011
200.660538 -116.239761
200.661019 -119.793121
200.661500 -114.744606
200.661981 -114.749985
200.662462 -122.241928
200.662942 -121.234848
200.663423 -117.273399
200.663904 -117.112045
200.664385 -120.800575
200.664865 -122.547218
200.665346 -122.831863
200.665827 -123.047630
200.666308 -126.362816
200.666788 -119.038193
200.667269 -117.508911
200.667750 -118.185623
200.668231 -119.362801
200.668712 -119.384254
200.669192 -124.742264
200.669673 -118.392151
200.670154 -118.404640
200.670635 -119.693466
200.671115 -118.103592
200.671596 -116.855904
200.672077 -116.669151
200.672558 -117.097260
200.673038 -116.291870
200.673519 -115.981461
200.674000 -117.998833
200.674481 -124.199577
200.674962 -116.555511
200.675442 -113.154358
200.675923 -113.078148
200.676404 -116.412933
200.676885 -119.391441
200.677365 -115.427399
200.677846 -114.282349
200.678327 -114.749397
200.678808 -119.923782
200.679288 -118.534355
200.679769 -120.815941
200.680250 -116.896088
200.680731 -116.895554
200.681212 -120.341713
200.681692 -125.305244
200.682173 -120.909996
200.682654 -115.744804
200.683135 -115.737091
200.683615 -117.446785
200.684096 -116.915413
200.684577 -118.389755
200.685058 -124.158371
200.685538 -125.423737
200.686019 -125.160034
200.686500 -128.179382
200.686981 -124.140930
200.687462 -123.152588
200.687942 -123.039604
200.688423 -127.547234
200.688904 -127.471474
200.689385 -125.116501
200.689865 -124.850403
200.690346 -120.034088
200.690827 -119.438934
200.691308 -120.933914
200.691788 -118.308601
200.692269 -115.408829
200.692750 -115.334808
200.693231 -117.996094
200.693712 -118.372299
200.694192 -118.372971
200.694673 -117.975662
200.695154 -116.722015
200.695635 -116.860283
200.696115 -119.665138
200.696596 -119.500198
200.697077 -120.847397
200.697558 -119.903893
200.698038 -115.611702
200.698519 -114.135933
200.699000 -113.879463
200.699481 -114.865906
200.699962 -121.495964
200.700442 -116.575584
200.700923 -116.589256
200.701404 -123.280899
200.701885 -122.331223
200.702365 -118.114891
200.702846 -116.426163
200.703327 -117.012619
200.703808 -122.799339
200.704288 -121.710403
200.704769 -121.744682
200.705250 -121.793228
200.705731 -123.382057
200.706212 -118.089363
200.706692 -117.462334
200.707173 -116.181740
200.707654 -116.295052
200.708135 -118.284561
200.708615 -118.128777
200.709096 -121.323952
200.709577 -122.614510
200.710058 -115.001427
200.710538 -114.282494
200.711019 -116.271927
200.711500 -124.061890
200.711981 -114.042755
200.712462 -113.115120
200.712942 -114.219063
200.713423 -120.201462
200.713904 -115.305580
200.714385 -115.114578
200.714865 -116.293007
200.715346 -119.504150
200.715827 -119.162109
200.716308 -115.778656
200.716788 -115.749222
200.717269 -116.838844
200.717750 -115.829948
200.718231 -114.314178
200.718712 -113.815849
200.719192 -115.258415
200.719673 -118.661697
200.720154 -119.136261
200.720635 -118.011414
200.721115 -116.697571
200.721596 -116.429588
200.722077 -115.079132
200.722558 -114.169838
200.723038 -114.350090
200.723519 -116.507996
200.724000 -120.635574
200.724481 -119.543968
200.724962 -118.230728
200.725442 -118.290756
200.725923 -117.137688
200.726404 -115.987534
200.726885 -115.734848
200.727365 -119.121475
200.727846 -114.549164
200.728327 -114.089958
200.728808 -115.941803
200.729288 -128.567017
200.729769 -123.836990
200.730250 -122.016106
200.730731 -121.412575
200.731212 -120.184669
200.731692 -119.181587
200.732173 -116.659569
200.732654 -115.826630
200.733135 -115.842575
200.733615 -117.607262
200.734096 -121.649948
200.734577 -119.551414
200.735058 -119.465622
200.735538 -122.744598
200.736019 -119.829247
200.736500 -121.342201
200.736981 -122.190491
200.737462 -123.065880
200.737942 -115.595879
200.738423 -113.862236
200.738904 -114.370804
200.739385 -117.274582
200.739865 -116.177055
200.740346 -113.234489
200.740827 -111.560692
200.741308 -111.593475
200.741788 -115.494370
200.742269 -119.963432
200.742750 -121.724342
200.743231 -124.733620
200.743712 -116.466469
200.744192 -114.924026
200.744673 -115.605797
200.745154 -120.429893
200.745635 -120.357109
200.746115 -129.111572
200.746596 -118.494377
200.747077 -117.702393
200.747558 -117.164421
200.748038 -116.377159
200.748519 -116.970818
200.749000 -117.658539
200.749481 -118.408546
200.749962 -119.571320
200.750442 -117.978134
200.750923 -117.947128
200.751404 -120.875534
200.751885 -123.310585
200.752365 -121.001900
200.752846 -115.964081
200.753327 -115.256798
200.753808 -117.310379
200.754288 -119.253769
200.754769 -115.666855
200.755250 -115.694672
200.755731 -117.418327
200.756212 -117.344963
200.756692 -118.044174
200.757173 -120.044594
200.757654 -114.905632
200.758135 -114.839043
200.758615 -120.154968
200.759096 -119.527565
200.759577 -115.195282
200.760058 -115.066666
200.760538 -116.920425
200.761019 -128.115097
200.761500 -123.640526
200.761981 -116.908669
200.762462 -116.235176
200.762942 -117.417435
200.763423 -124.173622
200.763904 -124.661850
200.764385 -124.668274
200.764865 -118.180679
200.765346 -117.423668
200.765827 -118.977760
200.766308 -118.485504
200.766788 -118.206268
200.767269 -118.498520
200.767750 -119.180840
200.768231 -120.439178
200.768712 -115.863831
200.769192 -115.056107
200.769673 -115.056740
200.770154 -117.278427
200.770635 -116.890991
200.771115 -114.010468
200.771596 -113.985573
200.772077 -117.391541
200.772558 -122.897202
200.773038 -116.140068
200.773519 -114.784325
200.774000 -117.165756
200.774481 -116.862106
200.774962 -116.505829
200.775442 -118.132683
200.775923 -116.700172
200.776404 -116.468033
200.776885 -118.595612
200.777365 -121.668869
200.777846 -120.321243
200.778327 -119.845612
200.778808 -119.801620
200.779288 -123.010529
200.779769 -119.797729
200.780250 -119.147194
200.780731 -121.017052
200.781212 -115.908562
200.781692 -114.279015
200.782173 -114.573280
200.782654 -119.334061
200.783135 -119.594597
200.783615 -119.077492
200.784096 -120.230362
200.784577 -118.147209
200.785058 -116.849037
200.785538 -117.624374
200.786019 -122.688248
200.786500 -119.140663
200.786981 -117.491234
200.787462 -114.465805
200.787942 -114.022331
200.788423 -114.764091
200.788904 -118.123222
200.789385 -122.674149
200.789865 -115.423279
200.790346 -114.719841
200.790827 -114.908691
200.791308 -115.075684
200.791788 -115.655518
200.792269 -119.973198
200.792750 -120.411057
200.793231 -123.582314
200.793712 -119.599220
200.794192 -119.633522
200.794673 -124.107574
200.795154 -120.705795
200.795635 -119.140755
200.796115 -116.227173
200.796596 -116.065086
200.797077 -120.405891
200.797558 -120.852310
200.798038 -121.624535
200.798519 -119.415466
200.799000 -118.597984
200.799481 -118.485710
200.799962 -124.741394
200.800442 -115.976196
200.800923 -110.897011
200.801404 -108.794472
200.801885 -108.739296
200.802365 -110.104248
200.802846 -115.769760
200.803327 -118.023125
200.803808 -117.970116
200.804288 -116.511765
200.804769 -113.805069
200.805250 -113.710030
200.805731 -114.311356
200.806212 -118.786148
200.806692 -119.296837
200.807173 -119.306984
200.807654 -118.468307
200.808135 -114.585190
200.808615 -114.320045
200.809096 -115.746681
200.809577 -118.349350
200.810058 -118.418144
200.810538 -115.636162
200.811019 -115.457581
200.811500 -121.267647
200.811981 -123.573250
200.812462 -123.045158
200.812942 -122.337814
200.813423 -123.017365
200.813904 -115.190620
200.814385 -114.661217
200.814865 -115.902252
200.815346 -115.868233
200.815827 -116.597214
200.816308 -125.426628
200.816788 -123.912315
200.817269 -121.316704
200.817750 -121.281555
200.818231 -121.380981
200.818712 -122.480217
200.819192 -126.166519
200.819673 -116.264832
200.820154 -115.884575
200.820635 -118.678772
200.821115 -116.048904
200.821596 -115.906586
200.822077 -120.481834
200.822558 -122.045204
200.823038 -121.705353
200.823519 -122.733208
200.824000 -117.034561
200.824481 -115.460876
200.824962 -116.130028
200.825442 -122.033928
200.825923 -117.790878
200.826404 -114.612358
200.826885 -114.600800
200.827365 -113.385475
200.827846 -113.312218
200.828327 -115.628685
200.828808 -121.650116
200.829288 -116.685951
200.829769 -115.748901
200.830250 -115.191002
200.830731 -114.755531
200.831212 -116.863869
200.831692 -120.177528
200.832173 -116.678391
200.832654 -116.449265
200.833135 -114.251030
200.833615 -113.045723
200.834096 -113.166138
200.834577 -114.962662
200.835058 -118.142693
200.835538 -123.970680
200.836019 -122.642593
200.836500 -122.338272
200.836981 -120.832603
200.837462 -120.240471
200.837942 -123.894341
200.838423 -127.648849
200.838904 -124.466812
200.839385 -118.976799
200.839865 -115.481888
200.840346 -115.283577
200.840827 -117.572777
200.841308 -117.292274
200.841788 -113.343155
200.842269 -112.767166
200.842750 -113.252594
200.843231 -115.807701
200.843712 -115.244370
200.844192 -114.274261
200.844673 -114.223076
200.845154 -115.935394
200.845635 -121.205429
200.846115 -129.638458
200.846596 -129.409286
200.847077 -120.796509
200.847558 -117.738037
200.848038 -117.704216
200.848519 -118.755783
200.849000 -117.219261
200.849481 -118.057549
200.849962 -117.018326
200.850442 -116.201988
200.850923 -116.210060
200.851404 -117.537117
200.851885 -120.345055
200.852365 -119.187943
200.852846 -121.049278
200.853327 -118.473953
200.853808 -118.108688
200.854288 -118.445068
200.854769 -117.743027
200.855250 -117.588142
200.855731 -118.438744
200.856212 -123.118073
200.856692 -118.558052
200.857173 -118.478851
200.857654 -122.769333
200.858135 -118.134171
200.858615 -115.934975
200.859096 -115.186874
200.859577 -116.898804
200.860058 -118.162651
200.860538 -118.111572
200.861019 -119.102959
200.861500 -115.397385
200.861981 -115.198784
200.862462 -118.202957
200.862942 -118.444832
200.863423 -118.485550
200.863904 -117.887337
200.864385 -113.934357
200.864865 -113.796455
200.865346 -114.360252
200.865827 -116.314148
200.866308 -115.521538
200.866788 -115.125458
200.867269 -115.528976
200.867750 -121.644165
200.868231 -122.309120
200.868712 -122.438393
200.869192 -121.976097
200.869673 -117.064262
200.870154 -117.724388
200.870635 -121.564636
200.871115 -121.690285
200.871596 -116.749893
200.872077 -116.765755
200.872558 -123.181976
200.873038 -128.669617
200.873519 -124.393173
200.874000 -124.159279
200.874481 -131.840225
200.874962 -119.641144
200.875442 -117.467163
200.875923 -118.932594
200.876404 -124.600960
200.876885 -119.951324
200.877365 -119.727852
200.877846 -123.445313
200.878327 -116.614838
200.878808 -116.143059
200.879288 -117.642120
200.879769 -121.082909
200.880250 -121.013069
200.880731 -120.754799
200.881212 -122.436119
200.881692 -125.903358
200.882173 -121.593628
200.882654 -120.958061
200.883135 -122.026367
200.883615 -125.830460
200.884096 -134.164673
200.884577 -119.793495
200.885058 -117.891182
200.885538 -118.730705
200.886019 -119.789185
200.886500 -119.980782
200.886981 -118.555595
200.887462 -115.607140
200.887942 -115.570114
200.888423 -116.188400
200.888904 -116.759048
200.889385 -117.586594
200.889865 -126.120399
200.890346 -120.783546
200.890827 -117.412018
200.891308 -117.685173
200.891788 -128.669815
200.892269 -118.492271
200.892750 -114.884048
200.893231 -114.735390
200.893712 -116.191833
200.894192 -122.011917
200.894673 -119.699097
200.895154 -118.017021
200.895635 -117.877678
200.896115 -119.528557
200.896596 -120.005524
200.897077 -120.404610
200.897558 -126.687431
200.898038 -119.102478
200.898519 -118.558388
200.899000 -122.309647
200.899481 -119.677902
200.899962 -119.955574
200.900442 -117.394547
200.900923 -117.009178
200.901404 -120.531563
200.901885 -116.539452
200.902365 -115.471985
200.902846 -117.609657
200.903327 -131.786026
200.903808 -118.029274
200.904288 -116.900002
200.904769 -117.563263
200.905250 -120.337555
200.905731 -119.833496
200.906212 -121.960899
200.906692 -118.099739
200.907173 -118.202019
200.907654 -120.790131
200.908135 -119.394753
200.908615 -117.605774
200.909096 -117.516586
200.909577 -118.691917
200.910058 -120.628571
200.910538 -114.583641
200.911019 -114.444969
200.911500 -117.776657
200.911981 -121.730461
200.912462 -118.210823
200.912942 -118.176178
200.913423 -119.995735
200.913904 -125.227135
200.914385 -119.785629
200.914865 -117.280884
200.915346 -117.200783
200.915827 -121.497978
200.916308 -122.124367
200.916788 -118.685898
200.917269 -118.508232
200.917750 -115.639145
200.918231 -113.325760
200.918712 -113.456383
200.919192 -118.601189
200.919673 -118.595024
200.920154 -121.501022
200.920635 -121.185585
200.921115 -119.532593
200.921596 -116.827515
200.922077 -116.875809
200.922558 -122.921371
200.923038 -120.572701
200.923519 -114.058830
200.924000 -113.918457
200.924481 -116.413628
200.924962 -116.047958
200.925442 -119.319962
200.925923 -127.512970
200.926404 -125.039284
200.926885 -124.737198
200.927365 -121.868324
200.927846 -115.121468
200.928327 -114.758087
200.928808 -115.654076
200.929288 -117.365509
200.929769 -122.202362
200.930250 -117.738007
200.930731 -117.691757
200.931212 -122.248505
200.931692 -117.446129
200.932173 -112.438622
200.932654 -112.277275
200.933135 -113.818604
200.933615 -122.266060
200.934096 -120.584419
200.934577 -119.457115
200.935058 -117.463409
200.935538 -117.478676
200.936019 -118.189476
200.936500 -117.992378
200.936981 -115.230385
200.937462 -115.114037
200.937942 -117.156906
200.938423 -116.887230
200.938904 -115.704666
200.939385 -114.779266
200.939865 -114.669838
200.940346 -117.701904
200.940827 -115.810898
200.941308 -115.034462
200.941788 -115.731049
200.942269 -119.125214
200.942750 -118.985352
200.943231 -122.025261
200.943712 -121.830002
200.944192 -116.954826
200.944673 -114.090721
200.945154 -112.758469
200.945635 -111.767242
200.946115 -112.698692
200.946596 -117.844765
200.947077 -116.212250
200.947558 -116.977005
200.948038 -123.046852
200.948519 -124.979256
200.949000 -120.527901
200.949481 -120.607819
200.949962 -125.738136
200.950442 -125.679321
200.950923 -123.725075
200.951404 -116.688637
200.951885 -116.628883
200.952365 -119.648697
200.952846 -121.246284
200.953327 -123.714874
200.953808 -122.694771
200.954288 -122.289940
200.954769 -119.631142
200.955250 -119.530006
200.955731 -121.131294
200.956212 -122.760513
200.956692 -127.904037
200.957173 -119.168747
200.957654 -116.867577
200.958135 -116.914352
200.958615 -122.223000
200.959096 -124.253105
200.959577 -125.363205
200.960058 -128.121628
200.960538 -121.961693
200.961019 -120.613853
200.961500 -122.708488
200.961981 -122.969147
200.962462 -120.142227
200.962942 -120.922737
200.963423 -125.467247
200.963904 -118.883743
200.964385 -116.326706
200.964865 -116.324577
200.965346 -119.038086
200.965827 -129.879425
200.966308 -120.674690
200.966788 -116.556328
200.967269 -116.314163
200.967750 -117.134407
200.968231 -119.169792
200.968712 -122.529861
200.969192 -126.062187
200.969673 -125.726387
200.970154 -125.650124
200.970635 -117.002411
200.971115 -116.046402
200.971596 -116.863541
200.972077 -121.366798
200.972558 -127.912018
200.973038 -123.578087
200.973519 -123.408112
200.974000 -124.762932
200.974481 -135.642349
200.974962 -122.609482
200.975442 -120.854225
200.975923 -121.465065
200.976404 -120.477081
200.976885 -116.433311
200.977365 -114.539749
200.977846 -114.531219
200.978327 -117.387169
200.978808 -117.101418
200.979288 -116.358711
200.979769 -116.848137
200.980250 -116.875778
200.980731 -119.465759
200.981212 -119.494019
200.981692 -114.429916
200.982173 -112.430672
200.982654 -112.375084
200.983135 -113.178993
200.983615 -117.402725
200.984096 -123.478981
200.984577 -124.202995
200.985058 -120.247772
200.985538 -116.024086
200.986019 -115.665581
200.986500 -118.498726
200.986981 -121.411278
200.987462 -120.710892
200.987942 -120.962372
200.988423 -118.160728
200.988904 -118.121849
200.989385 -119.076965
200.989865 -112.663063
200.990346 -112.014580
200.990827 -112.873215
200.991308 -115.834572
200.991788 -124.226944
200.992269 -121.852158
200.992750 -121.047127
200.993231 -118.088989
200.993712 -118.097488
200.994192 -117.190117
200.994673 -113.733528
200.995154 -113.734039
200.995635 -117.010468
200.996115 -119.729370
200.996596 -121.616631
200.997077 -122.465714
200.997558 -118.961426
200.998038 -117.681404
200.998519 -118.838516
200.999000 -117.586014
200.999481 -115.589859
200.999962 -115.568207
201.000442 -118.229492
201.000923 -120.255280
201.001404 -121.485092
201.001885 -121.783226
201.002365 -120.432083
201.002846 -120.024666
201.003327 -121.275894
201.003808 -121.243332
201.004288 -118.289757
201.004769 -119.269791
201.005250 -120.471855
201.005731 -116.355881
201.006212 -116.022186
201.006692 -117.060966
201.007173 -114.907349
201.007654 -113.966461
201.008135 -114.314095
201.008615 -116.049446
201.009096 -118.911362
201.009577 -120.578781
201.010058 -120.584396
201.010538 -119.654007
201.011019 -118.470764
201.011500 -118.809799
201.011981 -116.971039
201.012462 -116.839981
201.012942 -120.168419
201.013423 -118.724785
201.013904 -118.098190
201.014385 -118.246040
201.014865 -119.458946
201.015346 -121.920578
201.015827 -119.510590
201.016308 -118.673340
201.016788 -118.614586
201.017269 -121.294975
201.017750 -123.375916
201.018231 -121.758354
201.018712 -120.141701
201.019192 -121.561829
201.019673 -119.771225
201.020154 -117.250427
201.020635 -114.959755
201.021115 -114.817642
201.021596 -118.147003
201.022077 -117.907173
201.022558 -117.221260
201.023038 -118.750748
201.023519 -118.961472
201.024000 -118.798805
201.024481 -126.489975
201.024962 -120.515236
201.025442 -117.553253
201.025923 -117.070335
201.026404 -117.269051
201.026885 -121.032051
201.027365 -118.836807
201.027846 -118.390739
201.028327 -121.058151
201.028808 -121.065178
201.029288 -121.340942
201.029769 -117.484108
201.030250 -113.277222
201.030731 -113.180611
201.031212 -115.574593
201.031692 -117.182777
201.032173 -117.185959
201.032654 -119.322884
201.033135 -121.962646
201.033615 -126.812370
201.034096 -119.126648
201.034577 -115.796745
201.035058 -115.225555
201.035538 -115.291100
201.036019 -116.700104
201.036500 -117.054962
201.036981 -116.963562
201.037462 -117.400024
201.037942 -119.397499
201.038423 -123.758507
201.038904 -121.982101
201.039385 -117.668488
201.039865 -117.659904
201.040346 -117.728424
201.040827 -114.228409
201.041308 -113.935799
201.041788 -114.596680
201.042269 -116.935196
201.042750 -117.065239
201.043231 -119.210602
201.043712 -126.982323
201.044192 -129.048386
201.044673 -124.600182
201.045154 -120.870590
201.045635 -117.393837
201.046115 -116.664330
201.046596 -118.664650
201.047077 -122.400742
201.047558 -122.169724
201.048038 -121.152885
201.048519 -117.678116
201.049000 -117.758705
201.049481 -116.045677
201.049962 -114.275978
201.050442 -114.511520
201.050923 -119.226669
201.051404 -123.398811
201.051885 -121.706390
201.052365 -121.829865
201.052846 -130.268066
201.053327 -120.081505
201.053808 -115.201721
201.054288 -115.183174
201.054769 -116.762146
201.055250 -116.344711
201.055731 -116.997826
201.056212 -121.143021
201.056692 -116.980484
201.057173 -114.998611
201.057654 -113.595490
201.058135 -113.934753
201.058615 -124.669884
201.059096 -124.731598
201.059577 -119.163910
201.060058 -118.593330
201.060538 -120.112778
201.061019 -121.299522
201.061500 -121.897507
201.061981 -116.908623
201.062462 -116.919136
201.062942 -120.034523
201.063423 -121.976120
201.063904 -116.722488
201.064385 -116.629967
201.064865 -117.407471
201.065346 -119.447746
201.065827 -115.130081
201.066308 -115.109764
201.066788 -121.420326
201.067269 -122.994720
201.067750 -117.292786
201.068231 -115.306343
201.068712 -115.796432
201.069192 -123.072601
201.069673 -122.378365
201.070154 -116.577339
201.070635 -115.359085
201.071115 -115.711380
201.071596 -118.739281
201.072077 -121.553848
201.072558 -113.795418
201.073038 -113.327065
201.073519 -114.680435
201.074000 -119.116791
201.074481 -115.436111
201.074962 -114.932678
201.075442 -117.846001
201.075923 -120.761909
201.076404 -120.989647
201.076885 -119.803391
201.077365 -119.821083
201.077846 -121.923660
201.078327 -125.665352
201.078808 -122.759956
201.079288 -125.514404
201.079769 -126.211014
201.080250 -126.518364
201.080731 -125.973839
201.081212 -120.060661
201.081692 -114.847977
201.082173 -114.422661
201.082654 -116.054977
201.083135 -113.432007
201.083615 -112.829643
201.084096 -113.741135
201.084577 -114.547386
201.085058 -114.547783
201.085538 -117.540428
201.086019 -116.173470
201.086500 -114.054123
201.086981 -113.849083
201.087462 -117.270218
201.087942 -117.039497
201.088423 -117.675369
201.088904 -123.017525
201.089385 -122.818504
201.089865 -125.750389
201.090346 -124.870438
201.090827 -119.455536
201.091308 -119.052582
201.091788 -119.924644
201.092269 -126.409691
201.092750 -122.453339
201.093231 -122.489174
201.093712 -122.065720
201.094192 -122.050385
201.094673 -121.251129
201.095154 -120.936394
201.095635 -118.758057
201.096115 -114.092720
201.096596 -114.103889
201.097077 -119.928680
201.097558 -119.808311
201.098038 -118.482101
201.098519 -118.537704
201.099000 -121.510750
201.099481 -120.519569
201.099962 -116.077759
201.100442 -115.621429
201.100923 -117.812363
201.101404 -120.056290
201.101885 -120.094688
201.102365 -125.097862
201.102846 -124.842117
201.103327 -133.035614
201.103808 -119.157867
201.104288 -115.972069
201.104769 -115.913979
201.105250 -118.333595
201.105731 -124.955666
201.106212 -129.410065
201.106692 -121.373062
201.107173 -120.265839
201.107654 -116.774467
201.108135 -115.727844
201.108615 -113.009041
201.109096 -112.387970
201.109577 -112.741631
201.110058 -114.645309
201.110538 -117.113808
201.111019 -117.129189
201.111500 -118.319916
201.111981 -113.804115
201.112462 -113.230682
201.112942 -114.571518
201.113423 -113.505966
201.113904 -111.513115
201.114385 -111.170158
201.114865 -111.446655
201.115346 -116.100281
201.115827 -122.617821
201.116308 -117.589386
201.116788 -117.558739
201.117269 -121.850655
201.117750 -122.683975
201.118231 -116.693008
201.118712 -116.234688
201.119192 -117.320549
201.119673 -123.200638
201.120154 -119.933044
201.120635 -119.347961
201.121115 -118.492790
201.121596 -118.018738
201.122077 -119.070206
201.122558 -110.774307
201.123038 -109.883896
201.123519 -110.593948
201.124000 -115.790924
201.124481 -117.634750
201.124962 -117.463547
201.125442 -119.497650
201.125923 -124.004417
201.126404 -120.175209
201.126885 -120.174660
201.127365 -120.033882
201.127846 -113.781708
201.128327 -112.653854
201.128808 -112.635391
201.129288 -114.461472
201.129769 -117.236671
201.130250 -114.633377
201.130731 -114.223145
201.131212 -114.585541
201.131692 -119.350075
201.132173 -115.965302
201.132654 -114.371124
201.133135 -115.486839
201.133615 -123.450066
201.134096 -123.040512
201.134577 -124.560738
201.135058 -120.232536
201.135538 -119.835732
201.136019 -118.516693
201.136500 -118.209015
201.136981 -118.640396
201.137462 -117.638779
201.137942 -120.552925
201.138423 -116.129448
201.138904 -116.843864
201.139385 -113.537788
201.139865 -112.590919
201.140346 -112.920143
201.140827 -116.712517
201.141308 -118.430649
201.141788 -119.656265
201.142269 -115.930649
201.142750 -115.033775
201.143231 -114.371223
201.143712 -114.816292
201.144192 -116.885414
201.144673 -116.361160
201.145154 -119.608818
201.145635 -119.645309
201.146115 -122.627975
201.146596 -121.939842
201.147077 -119.737015
201.147558 -120.423157
201.148038 -118.963875
201.148519 -115.055237
201.149000 -115.065575
201.149481 -116.687981
201.149962 -114.238892
201.150442 -114.238190
201.150923 -117.398766
201.151404 -120.388222
201.151885 -119.594353
201.152365 -118.961540
201.152846 -116.534004
201.153327 -116.667046
201.153808 -120.002930
201.154288 -126.619011
201.154769 -122.056267
201.155250 -122.057259
201.155731 -119.861267
201.156212 -120.100487
201.156692 -117.756432
201.157173 -114.184685
201.157654 -113.935669
201.158135 -115.883224
201.158615 -115.507095
201.159096 -112.204300
201.159577 -112.174828
201.160058 -111.923790
201.160538 -111.689041
201.161019 -113.261665
201.161500 -121.498283
201.161981 -122.289818
201.162462 -120.947098
201.162942 -119.203041
201.163423 -119.028069
201.163904 -121.931274
201.164385 -127.821022
201.164865 -123.587585
201.165346 -120.370026
201.165827 -120.112366
201.166308 -120.797333
201.166788 -128.136795
201.167269 -115.626785
201.167750 -113.884567
201.168231 -114.867226
201.168712 -122.174400
201.169192 -119.854988
201.169673 -116.770592
201.170154 -116.815849
201.170635 -122.631287
201.171115 -115.668976
201.171596 -113.185760
201.172077 -113.389801
201.172558 -119.520432
201.173038 -118.298775
201.173519 -118.684410
201.174000 -118.129883
201.174481 -114.165665
201.174962 -113.571724
201.175442 -113.534897
201.175923 -115.068352
201.176404 -119.576828
201.176885 -118.158585
201.177365 -119.712517
201.177846 -116.765610
201.178327 -116.788727
201.178808 -115.393127
201.179288 -109.814117
201.179769 -109.090141
201.180250 -109.732986
201.180731 -113.757217
201.181212 -117.700928
201.181692 -118.388702
201.182173 -115.609108
201.182654 -115.613594
201.183135 -116.195190
201.183615 -113.644867
201.184096 -111.936516
201.184577 -111.322876
201.185058 -111.382576
201.185538 -115.133255
201.186019 -116.914917
201.186500 -117.266365
201.186981 -116.699585
201.187462 -116.830879
201.187942 -114.744911
201.188423 -113.428436
201.188904 -113.796875
201.189385 -116.561890
201.189865 -117.208656
201.190346 -120.239342
201.190827 -126.204353
201.191308 -129.642136
201.191788 -127.685966
201.192269 -127.559074
201.192750 -121.673256
201.193231 -121.244308
201.193712 -119.990807
201.194192 -118.962685
201.194673 -113.942673
201.195154 -112.415108
201.195635 -112.466263
201.196115 -115.279343
201.196596 -119.298668
201.197077 -121.067780
201.197558 -115.473587
201.198038 -113.252602
201.198519 -113.137161
201.199000 -115.463158
201.199481 -124.568367
201.199962 -116.395874
201.200442 -114.498383
201.200923 -114.555527
201.201404 -117.057426
201.201885 -119.470238
201.202365 -117.153336
201.202846 -115.819061
201.203327 -117.637978
201.203808 -119.874481
201.204288 -118.518036
201.204769 -118.629234
201.205250 -120.102325
201.205731 -123.820808
201.206212 -128.545502
201.206692 -122.445847
201.207173 -116.809906
201.207654 -116.935272
201.208135 -122.602882
201.208615 -122.560593
201.209096 -113.092972
201.209577 -112.647919
201.210058 -114.572456
201.210538 -118.435875
201.211019 -114.123367
201.211500 -112.787529
201.211981 -112.836586
201.212462 -118.251244
201.212942 -130.434570
201.213423 -124.738136
201.213904 -124.727859
201.214385 -119.573349
201.214865 -116.932762
201.215346 -115.669647
201.215827 -115.382065
201.216308 -116.429382
201.216788 -113.905510
201.217269 -110.051529
201.217750 -110.026466
201.218231 -115.329124
201.218712 -115.971161
201.219192 -116.558586
201.219673 -113.164337
201.220154 -111.960274
201.220635 -112.220856
201.221115 -113.304016
201.221596 -114.857819
201.222077 -119.230186
201.222558 -123.391281
201.223038 -124.633705
201.223519 -127.474838
201.224000 -126.237236
201.224481 -117.365913
201.224962 -117.175949
201.225442 -119.667267
201.225923 -125.024017
201.226404 -125.680283
201.226885 -123.818459
201.227365 -118.733894
201.227846 -118.606140
201.228327 -116.656403
201.228808 -115.649925
201.229288 -115.874199
201.229769 -118.009964
201.230250 -117.954483
201.230731 -119.798515
201.231212 -119.618523
201.231692 -121.328552
201.232173 -125.945694
201.232654 -122.884254
201.233135 -117.178185
201.233615 -115.815422
201.234096 -117.910896
201.234577 -115.420708
201.235058 -115.484894
201.235538 -117.804092
201.236019 -118.508400
201.236500 -116.745239
201.236981 -117.577187
201.237462 -114.355522
201.237942 -114.219398
201.238423 -117.697617
201.238904 -124.457695
201.239385 -122.755814
201.239865 -122.950912
201.240346 -122.608231
201.240827 -122.389839
201.241308 -123.193367
201.241788 -119.256531
201.242269 -116.095650
201.242750 -115.366486
201.243231 -116.048286
201.243712 -119.563591
201.244192 -120.233391
201.244673 -118.598564
201.245154 -118.456688
201.245635 -118.830269
201.246115 -120.336952
201.246596 -123.641525
201.247077 -123.651398
201.247558 -119.326508
201.248038 -119.352051
201.248519 -121.466873
201.249000 -121.330154
201.249481 -124.129219
201.249962 -122.405937
201.250442 -121.366951
201.250923 -118.879135
201.251404 -115.797340
201.251885 -115.320908
201.252365 -115.473877
201.252846 -117.483841
201.253327 -120.334518
201.253808 -120.600967
201.254288 -116.069595
201.254769 -114.867409
201.255250 -114.972855
201.255731 -115.174149
201.256212 -115.180771
201.256692 -115.219185
201.257173 -117.245552
201.257654 -120.347046
201.258135 -119.645485
201.258615 -116.599586
201.259096 -114.936539
201.259577 -116.639549
201.260058 -128.430908
201.260538 -116.605049
201.261019 -115.746590
201.261500 -118.238312
201.261981 -117.300644
201.262462 -117.362740
201.262942 -117.306763
201.263423 -115.657646
201.263904 -116.476021
201.264385 -120.797928
201.264865 -117.499863
201.265346 -117.324112
201.265827 -119.511803
201.266308 -122.788994
201.266788 -117.374237
201.267269 -115.996246
201.267750 -116.413292
201.268231 -115.693115
201.268712 -115.539055
201.269192 -114.021729
201.269673 -111.984985
201.270154 -111.909058
201.270635 -112.803719
201.271115 -119.013435
201.271596 -120.290192
201.272077 -117.206772
201.272558 -115.366722
201.273038 -115.354713
201.273519 -114.297005
201.274000 -113.254135
201.274481 -112.965378
201.274962 -112.584351
201.275442 -112.605789
201.275923 -114.488281
201.276404 -119.965790
201.276885 -118.629707
201.277365 -117.287704
201.277846 -117.334236
201.278327 -117.750298
201.278808 -118.965668
201.279288 -120.086258
201.279769 -121.566078
201.280250 -118.369324
201.280731 -116.447937
201.281212 -115.454720
201.281692 -115.373505
201.282173 -118.076866
201.282654 -116.929619
201.283135 -116.812706
201.283615 -120.483490
201.284096 -117.517632
201.284577 -117.486458
201.285058 -117.096657
201.285538 -116.385124
201.286019 -116.392708
201.286500 -118.371559
201.286981 -122.576439
201.287462 -130.223343
201.287942 -126.050095
201.288423 -126.186432
201.288904 -119.929008
201.289385 -113.027359
201.289865 -111.935989
201.290346 -111.690994
201.290827 -112.019989
201.291308 -117.384651
201.291788 -116.067635
201.292269 -115.926491
201.292750 -117.454933
201.293231 -120.155830
201.293712 -115.835075
201.294192 -113.795303
201.294673 -113.873764
201.295154 -117.192085
201.295635 -117.190453
201.296115 -115.447403
201.296596 -115.220268
201.297077 -116.407921
201.297558 -122.408661
201.298038 -120.851395
201.298519 -121.080589
201.299000 -119.302231
201.299481 -119.054031
201.299962 -120.588730
201.300442 -127.549149
201.300923 -121.610275
201.301404 -118.444656
201.301885 -116.925316
201.302365 -115.489296
201.302846 -115.485085
201.303327 -117.342369
201.303808 -121.437302
201.304288 -124.967827
201.304769 -120.349426
201.305250 -120.694069
201.305731 -120.093613
201.306212 -120.305664
201.306692 -120.510658
201.307173 -122.899368
201.307654 -116.371811
201.308135 -114.354645
201.308615 -114.286591
201.309096 -115.925110
201.309577 -116.374916
201.310058 -117.249817
201.310538 -117.212585
201.311019 -118.639671
201.311500 -114.212486
201.311981 -114.173126
201.312462 -117.972687
201.312942 -118.528091
201.313423 -114.949608
201.313904 -113.032021
201.314385 -113.135078
201.314865 -116.817390
201.315346 -120.350906
201.315827 -117.668152
201.316308 -113.883095
201.316788 -113.879509
201.317269 -118.887932
201.317750 -120.130112
201.318231 -120.706757
201.318712 -115.379395
201.319192 -114.536636
201.319673 -115.062019
201.320154 -121.700279
201.320635 -119.681847
201.321115 -119.877617
201.321596 -120.298599
201.322077 -125.756142
201.322558 -124.151726
201.323038 -117.547890
201.323519 -117.027672
201.324000 -115.312454
201.324481 -113.987961
201.324962 -114.154106
201.325442 -116.862724
201.325923 -116.887535
201.326404 -121.184959
201.326885 -119.389763
201.327365 -119.728333
201.327846 -119.233856
201.328327 -121.030075
201.328808 -118.543427
201.329288 -117.924706
201.329769 -118.769791
201.330250 -122.805496
201.330731 -122.795601
201.331212 -125.361000
201.331692 -120.035492
201.332173 -117.114662
201.332654 -116.693245
201.333135 -116.945274
201.333615 -121.591377
201.334096 -124.281982
201.334577 -121.102890
201.335058 -119.802094
201.335538 -120.333939
201.336019 -122.562546
201.336500 -118.279488
201.336981 -118.295227
201.337462 -120.684349
201.337942 -121.758392
201.338423 -123.237236
201.338904 -125.685173
201.339385 -121.376083
201.339865 -119.238678
201.340346 -119.085419
201.340827 -119.208267
201.341308 -120.841972
201.341788 -122.121529
201.342269 -120.289604
201.342750 -120.787758
201.343231 -119.227013
201.343712 -118.550858
201.344192 -120.631798
201.344673 -120.148293
201.345154 -119.223969
201.345635 -117.391396
201.346115 -112.818428
201.346596 -111.862419
201.347077 -113.292816
201.347558 -115.464088
201.348038 -115.284218
201.348519 -118.780968
201.349000 -116.592407
201.349481 -115.345955
201.349962 -116.064034
201.350442 -117.957108
201.350923 -116.385376
201.351404 -118.102707
201.351885 -113.058784
201.352365 -112.756859
201.352846 -114.297951
201.353327 -119.323120
201.353808 -119.416275
201.354288 -122.158165
201.354769 -123.427475
201.355250 -122.984940
201.355731 -127.027069
201.356212 -118.847076
201.356692 -114.877525
201.357173 -114.876877
201.357654 -116.862801
201.358135 -119.990402
201.358615 -118.108482
201.359096 -115.687645
201.359577 -115.591812
201.360058 -116.445152
201.360538 -115.169151
201.361019 -115.127869
201.361500 -117.099953
201.361981 -116.100945
201.362462 -114.652557
201.362942 -111.921677
201.363423 -111.735390
201.363904 -113.937035
201.364385 -116.403511
201.364865 -117.717438
201.365346 -120.332031
201.365827 -120.369629
201.366308 -117.852898
201.366788 -117.275925
201.367269 -118.616356
201.367750 -119.326073
201.368231 -118.788803
201.368712 -117.404373
201.369192 -113.542213
201.369673 -113.114845
201.370154 -113.555031
201.370635 -116.517723
201.371115 -114.269501
201.371596 -114.565628
201.372077 -121.068642
201.372558 -118.420227
201.373038 -118.124268
201.373519 -118.253922
201.374000 -120.521774
201.374481 -131.239822
201.374962 -120.774948
201.375442 -113.403053
201.375923 -113.287895
201.376404 -116.787933
201.376885 -119.410240
201.377365 -115.679100
201.377846 -115.682678
201.378327 -120.070366
201.378808 -122.531677
201.379288 -121.778915
201.379769 -123.440544
201.380250 -114.764488
201.380731 -111.149574
201.381212 -110.575569
201.381692 -111.261612
201.382173 -116.630951
201.382654 -126.821190
201.383135 -118.496834
201.383615 -118.446037
201.384096 -119.239006
201.384577 -116.969566
201.385058 -117.383598
201.385538 -119.437210
201.386019 -120.053802
201.386500 -124.564507
201.386981 -126.957893
201.387462 -118.851730
201.387942 -116.505333
201.388423 -116.905029
201.388904 -117.502556
201.389385 -117.612350
201.389865 -118.228394
201.390346 -127.238853
201.390827 -120.576538
201.391308 -114.466698
201.391788 -114.350166
201.392269 -118.464622
201.392750 -123.993164
201.393231 -121.686813
201.393712 -114.875046
201.394192 -112.947838
201.394673 -112.946198
201.395154 -116.350601
201.395635 -125.806435
201.396115 -124.220581
201.396596 -124.550453
201.397077 -116.491005
201.397558 -114.375725
201.398038 -114.575356
201.398519 -114.357574
201.399000 -113.458397
201.399481 -113.834229
201.399962 -117.138039
201.400442 -117.818146
201.400923 -115.307556
201.401404 -116.383919
201.401885 -121.243942
201.402365 -121.364922
201.402846 -120.058693
201.403327 -114.964256
201.403808 -114.946602
201.404288 -118.631439
201.404769 -118.145256
201.405250 -118.564453
201.405731 -122.618927
201.406212 -116.634903
201.406692 -116.059319
201.407173 -117.475166
201.407654 -122.398041
201.408135 -114.925072
201.408615 -114.121735
201.409096 -114.656250
201.409577 -115.027077
201.410058 -112.578354
201.410538 -112.619507
201.411019 -119.407211
201.411500 -114.915123
201.411981 -113.574249
201.412462 -113.581825
201.412942 -114.284668
201.413423 -114.129128
201.413904 -118.960266
201.414385 -116.357857
201.414865 -116.432014
201.415346 -120.599297
201.415827 -119.375900
201.416308 -119.994194
201.416788 -121.192444
201.417269 -121.192970
201.417750 -125.054947
201.418231 -121.684128
201.418712 -119.762337
201.419192 -118.992722
201.419673 -120.032684
201.420154 -115.908394
201.420635 -115.595276
201.421115 -116.480919
201.421596 -123.505867
201.422077 -120.732086
201.422558 -121.655701
201.423038 -122.371307
201.423519 -119.709068
201.424000 -114.631027
201.424481 -112.659088
201.424962 -112.791008
201.425442 -117.655563
201.425923 -127.146378
201.426404 -126.738564
201.426885 -117.556282
201.427365 -117.105476
201.427846 -118.323563
201.428327 -120.681244
201.428808 -121.058159
201.429288 -122.682861
201.429769 -120.725441
201.430250 -120.554741
201.430731 -121.710159
201.431212 -120.492630
201.431692 -116.467079
201.432173 -116.094841
201.432654 -117.073738
201.433135 -117.995224
201.433615 -116.913414
201.434096 -114.302200
201.434577 -114.018677
201.435058 -115.160583
201.435538 -117.687271
201.436019 -116.945900
201.436500 -116.218651
201.436981 -116.020111
201.437462 -114.941322
201.437942 -114.846275
201.438423 -117.087090
201.438904 -117.121902
201.439385 -115.949020
201.439865 -116.493790
201.440346 -119.987823
201.440827 -120.990837
201.441308 -116.653328
201.441788 -116.338768
201.442269 -117.792152
201.442750 -115.541809
201.443231 -113.626060
201.443712 -113.930870
201.444192 -116.779526
201.444673 -115.513290
201.445154 -115.181030
201.445635 -115.164711
201.446115 -118.024284
201.446596 -123.720428
201.447077 -114.844360
201.447558 -111.984795
201.448038 -112.077271
201.448519 -117.473747
201.449000 -121.146889
201.449481 -121.093262
201.449962 -118.419327
201.450442 -113.763107
201.450923 -113.460052
201.451404 -114.939117
201.451885 -119.030975
201.452365 -121.634247
201.452846 -122.153267
201.453327 -120.616142
201.453808 -117.386765
201.454288 -115.122810
201.454769 -115.127953
201.455250 -117.452232
201.455731 -126.358192
201.456212 -123.880013
201.456692 -122.466972
201.457173 -121.353683
201.457654 -120.912354
201.458135 -119.361404
201.458615 -120.148598
201.459096 -124.572205
201.459577 -118.857841
201.460058 -115.748795
201.460538 -115.717865
201.461019 -117.220200
201.461500 -119.364128
201.461981 -119.594536
201.462462 -120.055466
201.462942 -117.930954
201.463423 -117.607704
201.463904 -119.017143
201.464385 -122.059624
201.464865 -121.847939
201.465346 -118.847328
201.465827 -118.277023
201.466308 -118.842094
201.466788 -123.410683
201.467269 -117.624847
201.467750 -117.601105
201.468231 -116.092484
201.468712 -116.122871
201.469192 -122.187614
201.469673 -123.117996
201.470154 -121.294525
201.470635 -119.678795
201.471115 -115.891937
201.471596 -115.383820
201.472077 -116.108261
201.472558 -119.516022
201.473038 -115.538734
201.473519 -115.866447
201.474000 -119.812904
201.474481 -116.243881
201.474962 -114.000710
201.475442 -113.559845
201.475923 -114.445030
201.476404 -121.590546
201.476885 -124.817535
201.477365 -126.792572
201.477846 -127.801643
201.478327 -122.972511
201.478808 -122.856308
201.479288 -123.261086
201.479769 -124.015732
201.480250 -127.031395
201.480731 -124.030342
201.481212 -115.769615
201.481692 -112.964081
201.482173 -111.778641
201.482654 -111.629921
201.483135 -112.321663
201.483615 -114.183754
201.484096 -114.849731
201.484577 -114.583527
201.485058 -116.827011
201.485538 -115.653831
201.486019 -115.636711
201.486500 -120.990135
201.486981 -118.413689
201.487462 -117.602470
201.487942 -118.423866
201.488423 -117.916641
201.488904 -116.892548
201.489385 -115.110786
201.489865 -114.755577
201.490346 -115.733406
201.490827 -116.524368
201.491308 -111.894928
201.491788 -111.861023
201.492269 -115.687950
201.492750 -126.566917
201.493231 -117.051117
201.493712 -116.265160
201.494192 -116.073051
201.494673 -115.064682
201.495154 -116.777405
201.495635 -119.330673
201.496115 -115.779167
201.496596 -115.194244
201.497077 -116.454681
201.497558 -117.487061
201.498038 -114.784843
201.498519 -115.422913
201.499000 -120.711578
201.499481 -120.833855
201.499962 -117.887535
201.500442 -114.515083
201.500923 -112.951965
201.501404 -112.740959
201.501885 -113.025909
201.502365 -115.502846
201.502846 -119.911499
201.503327 -124.428253
201.503808 -122.498993
201.504288 -120.336708
201.504769 -120.299103
201.505250 -118.901283
201.505731 -116.685692
201.506212 -115.360229
201.506692 -115.492798
201.507173 -116.970650
201.507654 -113.988335
201.508135 -114.073257
201.508615 -117.118774
201.509096 -113.508995
201.509577 -113.971649
201.510058 -119.210655
201.510538 -119.201180
201.511019 -116.689583
201.511500 -115.448257
201.511981 -116.024803
201.512462 -123.475212
201.512942 -115.375702
201.513423 -110.613228
201.513904 -110.500710
201.514385 -112.157341
201.514865 -115.434952
201.515346 -118.779007
201.515827 -124.793716
201.516308 -124.759506
201.516788 -125.300301
201.517269 -114.531471
201.517750 -113.260765
201.518231 -113.722626
201.518712 -117.832001
201.519192 -122.025688
201.519673 -116.438484
201.520154 -115.688118
201.520635 -116.524063
201.521115 -122.062630
201.521596 -115.339226
201.522077 -114.769852
201.522558 -115.328583
201.523038 -116.355026
201.523519 -118.903671
201.524000 -119.360008
201.524481 -118.230858
201.524962 -118.811844
201.525442 -121.088821
201.525923 -118.921906
201.526404 -116.241554
201.526885 -114.856705
201.527365 -112.077171
201.527846 -111.395615
201.528327 -112.050354
201.528808 -118.466736
201.529288 -119.330185
201.529769 -116.461243
201.530250 -112.826050
201.530731 -112.019836
201.531212 -112.444687
201.531692 -115.619125
201.532173 -115.615601
201.532654 -116.107300
201.533135 -115.644241
201.533615 -115.581924
201.534096 -119.544189
201.534577 -119.891037
201.535058 -119.559723
201.535538 -121.884209
201.536019 -126.060715
201.536500 -121.872917
201.536981 -121.184464
201.537462 -119.348808
201.537942 -120.379967
201.538423 -122.658142
201.538904 -124.130440
201.539385 -121.209267
201.539865 -119.658638
201.540346 -119.628708
201.540827 -118.148865
201.541308 -118.499367
201.541788 -114.959587
201.542269 -112.857544
201.542750 -112.826393
201.543231 -114.574005
201.543712 -117.408775
201.544192 -115.307632
201.544673 -116.954506
201.545154 -123.629128
201.545635 -123.391182
201.546115 -119.016602
201.546596 -116.607155
201.547077 -114.531998
201.547558 -113.050705
201.548038 -112.747238
201.548519 -113.289139
201.549000 -116.309143
201.549481 -116.081757
201.549962 -120.930885
201.550442 -118.951706
201.550923 -115.536476
201.551404 -115.587029
201.551885 -121.509148
201.552365 -121.165848
201.552846 -118.851959
201.553327 -113.425468
201.553808 -113.266846
201.554288 -114.579880
201.554769 -119.749458
201.555250 -121.238579
201.555731 -121.110901
201.556212 -118.968109
201.556692 -118.809822
201.557173 -122.330910
201.557654 -119.157776
201.558135 -111.732048
201.558615 -111.588570
201.559096 -113.323692
201.559577 -116.656982
201.560058 -115.595337
201.560538 -116.596825
201.561019 -116.015976
201.561500 -115.209343
201.561981 -117.747490
201.562462 -115.602013
201.562942 -115.927895
201.563423 -118.383080
201.563904 -116.601692
201.564385 -116.067726
201.564865 -117.038864
201.565346 -119.728775
201.565827 -112.547638
201.566308 -110.695885
201.566788 -110.740845
201.567269 -114.945023
201.567750 -119.514366
201.568231 -120.180695
201.568712 -119.916832
201.569192 -120.239197
201.569673 -121.317902
201.570154 -121.735214
201.570635 -121.966919
201.571115 -122.218185
201.571596 -116.425377
201.572077 -115.032745
201.572558 -114.179726
201.573038 -113.131126
201.573519 -113.191086
201.574000 -117.062439
201.574481 -119.825172
201.574962 -115.179169
201.575442 -112.361664
201.575923 -112.233467
201.576404 -116.179573
201.576885 -113.315239
201.577365 -112.529846
201.577846 -113.187881
201.578327 -114.493294
201.578808 -117.667770
201.579288 -119.422501
201.579769 -121.437424
201.580250 -121.880623
201.580731 -119.221642
201.581212 -117.240395
201.581692 -114.916260
201.582173 -114.688782
201.582654 -115.632637
201.583135 -115.065971
201.583615 -115.268059
201.584096 -117.440453
201.584577 -112.708855
201.585058 -112.642288
201.585538 -115.157372
201.586019 -127.136688
201.586500 -117.681465
201.586981 -117.547089
201.587462 -115.838699
201.587942 -115.692238
201.588423 -114.329819
201.588904 -113.045700
201.589385 -113.319992
201.589865 -121.506516
201.590346 -117.955406
201.590827 -116.369484
201.591308 -114.400810
201.591788 -114.424377
201.592269 -120.306900
201.592750 -116.519341
201.593231 -114.458626
201.593712 -114.404945
201.594192 -116.568016
201.594673 -118.981636
201.595154 -115.491783
201.595635 -115.452248
201.596115 -117.536087
201.596596 -115.931328
201.597077 -115.830490
201.597558 -116.666862
201.598038 -118.405655
201.598519 -117.561493
201.599000 -118.384232
201.599481 -114.526878
201.599962 -113.028069
201.600442 -113.240067
201.600923 -117.573410
201.601404 -113.652679
201.601885 -112.430527
201.602365 -112.473656
201.602846 -113.676346
201.603327 -116.463402
201.603808 -111.606804
201.604288 -111.270821
201.604769 -113.995171
201.605250 -116.238632
201.605731 -115.986382
201.606212 -118.046715
201.606692 -120.662170
201.607173 -116.200432
201.607654 -116.171539
201.608135 -120.422386
201.608615 -126.255257
201.609096 -119.927132
201.609577 -115.179108
201.610058 -114.386559
201.610538 -115.667908
201.611019 -118.119156
201.611500 -118.034859
201.611981 -122.504944
201.612462 -115.703751
201.612942 -114.356102
201.613423 -114.497025
201.613904 -118.031876
201.614385 -118.398239
201.614865 -115.153473
201.615346 -115.011673
201.615827 -116.790123
201.616308 -123.210655
201.616788 -119.061195
201.617269 -117.272270
201.617750 -117.579826
201.618231 -117.336105
201.618712 -117.390327
201.619192 -118.918282
201.619673 -119.696365
201.620154 -122.248695
201.620635 -126.993744
201.621115 -123.099838
201.621596 -118.748085
201.622077 -119.039978
201.622558 -121.858368
201.623038 -126.608894
201.623519 -120.483826
201.624000 -115.358437
201.624481 -115.388847
201.624962 -120.017815
201.625442 -120.656052
201.625923 -117.492653
201.626404 -113.644501
201.626885 -112.068283
201.627365 -112.138069
201.627846 -117.989975
201.628327 -119.806030
201.628808 -119.806526
201.629288 -123.513222
201.629769 -116.790138
201.630250 -115.200386
201.630731 -115.424423
201.631212 -119.519936
201.631692 -121.359192
201.632173 -117.069862
201.632654 -115.002884
201.633135 -112.220573
201.633615 -110.767319
201.634096 -110.762550
201.634577 -112.251381
201.635058 -118.087219
201.635538 -120.226837
201.636019 -120.012695
201.636500 -118.979820
201.636981 -118.816383
201.637462 -116.347656
201.637942 -113.131950
201.638423 -113.415894
201.638904 -121.088051
201.639385 -120.208694
201.639865 -116.111618
201.640346 -116.014877
201.640827 -118.318451
201.641308 -119.121780
201.641788 -119.118813
201.642269 -115.728294
201.642750 -111.333298
201.643231 -110.941063
201.643712 -111.540817
201.644192 -117.466408
201.644673 -115.291473
201.645154 -113.027466
201.645635 -113.381424
201.646115 -110.535950
201.646596 -109.589645
201.647077 -110.002975
201.647558 -114.200882
201.648038 -114.602097
201.648519 -113.906326
201.649000 -113.925194
201.649481 -115.373306
201.649962 -120.230621
201.650442 -123.434731
201.650923 -122.800735
201.651404 -119.922897
201.651885 -113.100014
201.652365 -112.293724
201.652846 -113.168777
201.653327 -115.450974
201.653808 -116.727974
201.654288 -119.897491
201.654769 -120.580437
201.655250 -122.651093
201.655731 -120.425537
201.656212 -119.472328
201.656692 -120.624138
201.657173 -130.331818
201.657654 -121.066551
201.658135 -113.039215
201.658615 -111.271500
201.659096 -111.324226
201.659577 -114.080902
201.660058 -119.305717
201.660538 -118.932213
201.661019 -118.121742
201.661500 -116.079460
201.661981 -117.082481
201.662462 -118.462143
201.662942 -119.448509
201.663423 -123.095200
201.663904 -123.766907
201.664385 -120.141434
201.664865 -120.602158
201.665346 -116.653572
201.665827 -114.986618
201.666308 -114.320801
201.666788 -114.352852
201.667269 -118.439957
201.667750 -117.020920
201.668231 -116.045570
201.668712 -117.323807
201.669192 -112.111526
201.669673 -110.802147
201.670154 -111.338593
201.670635 -112.890739
201.671115 -111.074768
201.671596 -110.987434
201.672077 -111.825027
201.672558 -115.578781
201.673038 -122.524300
201.673519 -119.691727
201.674000 -116.665283
201.674481 -116.643616
201.674962 -119.145157
201.675442 -119.532234
201.675923 -115.780479
201.676404 -114.927773
201.676885 -115.407867
201.677365 -121.072914
201.677846 -112.797821
201.678327 -111.595413
201.678808 -112.302109
201.679288 -116.744545
201.679769 -121.923264
201.680250 -124.662331
201.680731 -121.337486
201.681212 -114.958328
201.681692 -112.843712
201.682173 -112.045509
201.682654 -112.893776
201.683135 -118.481483
201.683615 -118.319305
201.684096 -120.451210
201.684577 -115.111046
201.685058 -114.602631
201.685538 -116.105072
201.686019 -116.390640
201.686500 -113.677055
201.686981 -113.267899
201.687462 -114.315193
201.687942 -116.534744
201.688423 -112.997414
201.688904 -111.064896
201.689385 -110.827393
201.689865 -111.499817
201.690346 -115.307663
201.690827 -117.861076
201.691308 -120.402008
201.691788 -120.966629
201.692269 -115.551086
201.692750 -111.238983
201.693231 -111.238495
201.693712 -115.497528
201.694192 -118.518364
201.694673 -111.866104
201.695154 -111.501480
201.695635 -112.581490
201.696115 -119.835228
201.696596 -119.179802
201.697077 -119.557030
201.697558 -123.788879
201.698038 -114.929909
201.698519 -113.184563
201.699000 -113.554390
201.699481 -123.331200
201.699962 -115.157745
201.700442 -111.627556
201.700923 -111.710785
201.701404 -117.119392
201.701885 -117.368835
201.702365 -117.396454
201.702846 -117.257652
201.703327 -117.243729
201.703808 -116.451393
201.704288 -114.187675
201.704769 -113.892128
201.705250 -116.551529
201.705731 -124.449936
201.706212 -121.968155
201.706692 -121.287949
201.707173 -121.228081
201.707654 -124.142845
201.708135 -114.511154
201.708615 -112.941254
201.709096 -112.874077
201.709577 -113.165283
201.710058 -119.055916
201.710538 -119.825562
201.711019 -118.765724
201.711500 -114.450455
201.711981 -113.301704
201.712462 -114.520500
201.712942 -119.454819
201.713423 -116.974724
201.713904 -117.696404
201.714385 -125.163795
201.714865 -125.085976
201.715346 -122.285202
201.715827 -122.090431
201.716308 -119.038582
201.716788 -118.320267
201.717269 -122.267517
201.717750 -121.430138
201.718231 -118.498489
201.718712 -116.993835
201.719192 -117.409348
201.719673 -118.483429
201.720154 -115.621918
201.720635 -115.416100
201.721115 -116.660309
201.721596 -119.777412
201.722077 -120.171257
201.722558 -118.433929
201.723038 -118.555519
201.723519 -120.342766
201.724000 -115.968994
201.724481 -114.501297
201.724962 -114.509483
201.725442 -116.531784
201.725923 -114.400185
201.726404 -113.494194
201.726885 -113.829025
201.727365 -118.640572
201.727846 -115.947693
201.728327 -114.288689
201.728808 -114.504410
201.729288 -120.935234
201.729769 -113.503769
201.730250 -111.455978
201.730731 -111.460304
201.731212 -114.428642
201.731692 -122.228409
201.732173 -118.994713
201.732654 -113.461258
201.733135 -113.352905
201.733615 -115.426575
201.734096 -120.670494
201.734577 -117.502258
201.735058 -115.683136
201.735538 -115.652763
201.736019 -118.441544
201.736500 -122.369606
201.736981 -122.576790
201.737462 -113.605766
201.737942 -110.565590
201.738423 -110.538872
201.738904 -111.487869
201.739385 -113.030571
201.739865 -114.462540
201.740346 -114.625351
201.740827 -116.121262
201.741308 -119.122429
201.741788 -120.692856
201.742269 -116.937164
201.742750 -113.143372
201.743231 -113.040077
201.743712 -114.950691
201.744192 -123.103806
201.744673 -123.331337
201.745154 -117.510696
201.745635 -111.520142
201.746115 -110.218788
201.746596 -111.243347
201.747077 -118.912193
201.747558 -119.387817
201.748038 -119.402092
201.748519 -122.220665
201.749000 -120.829964
201.749481 -122.317062
201.749962 -116.928696
201.750442 -115.472633
201.750923 -115.957840
201.751404 -119.738297
201.751885 -124.502586
201.752365 -119.470184
201.752846 -115.563934
201.753327 -113.394218
201.753808 -113.018883
201.754288 -113.861221
201.754769 -118.856071
201.755250 -114.546692
201.755731 -111.911743
201.756212 -110.169777
201.756692 -110.103439
201.757173 -112.701874
201.757654 -115.950577
201.758135 -115.952286
201.758615 -117.691811
201.759096 -117.270386
201.759577 -109.151299
201.760058 -108.269592
201.760538 -109.084732
201.761019 -115.750381
201.761500 -118.007019
201.761981 -114.465752
201.762462 -114.397156
201.762942 -115.981483
201.763423 -121.018509
201.763904 -120.410637
201.764385 -122.801743
201.764865 -121.516747
201.765346 -117.323067
201.765827 -117.272156
201.766308 -116.744102
201.766788 -114.409447
201.767269 -113.762642
201.767750 -113.766655
201.768231 -114.925598
201.768712 -115.450623
201.769192 -120.182808
201.769673 -118.248306
201.770154 -114.939690
201.770635 -113.134148
201.771115 -111.917633
201.771596 -112.046783
201.772077 -115.908852
201.772558 -116.546524
201.773038 -116.470543
201.773519 -116.484184
201.774000 -110.705215
201.774481 -109.432487
201.774962 -110.020439
201.775442 -118.538010
201.775923 -115.245872
201.776404 -115.470726
201.776885 -115.834557
201.777365 -115.378952
201.777846 -118.832016
201.778327 -127.437988
201.778808 -117.100647
201.779288 -115.253975
201.779769 -115.240768
201.780250 -114.970306
201.780731 -110.166534
201.781212 -109.715439
201.781692 -110.748894
201.782173 -116.414978
201.782654 -125.425507
201.783135 -120.464546
201.783615 -120.347549
201.784096 -121.884766
201.784577 -119.708817
201.785058 -120.049667
201.785538 -120.691444
201.786019 -121.246681
201.786500 -115.481979
201.786981 -115.353783
201.787462 -116.497299
201.787942 -118.347008
201.788423 -114.135361
201.788904 -111.684181
201.789385 -112.031761
201.789865 -116.253288
201.790346 -116.022842
201.790827 -117.837669
201.791308 -112.588753
201.791788 -111.489548
201.792269 -112.242928
201.792750 -113.589470
201.793231 -112.730133
201.793712 -113.675262
201.794192 -117.183144
201.794673 -123.669769
201.795154 -117.242455
201.795635 -115.771767
201.796115 -115.653427
201.796596 -117.691574
201.797077 -120.586105
201.797558 -121.783852
201.798038 -119.382561
201.798519 -118.524040
201.799000 -118.785629
201.799481 -122.214149
201.799962 -119.953918
201.800442 -119.867249
201.800923 -122.702087
201.801404 -121.627357
201.801885 -122.445473
201.802365 -121.318665
201.802846 -123.691658
201.803327 -120.007782
201.803808 -112.559235
201.804288 -111.395638
201.804769 -111.764816
201.805250 -114.053307
201.805731 -113.503853
201.806212 -113.175255
201.806692 -113.676811
201.807173 -111.161484
201.807654 -110.599098
201.808135 -111.727402
201.808615 -118.222656
201.809096 -118.049454
201.809577 -115.976067
201.810058 -112.933121
201.810538 -111.940056
201.811019 -109.666664
201.811500 -109.577774
201.811981 -111.986839
201.812462 -120.746696
201.812942 -113.879326
201.813423 -112.928421
201.813904 -114.751999
201.814385 -124.260536
201.814865 -126.190971
201.815346 -117.427917
201.815827 -114.767784
201.816308 -114.861450
201.816788 -122.302292
201.817269 -122.307419
201.817750 -122.231346
201.818231 -120.850113
201.818712 -118.830147
201.819192 -118.193764
201.819673 -116.016998
201.820154 -115.719810
201.820635 -118.315407
201.821115 -113.605118
201.821596 -112.785522
201.822077 -112.925888
201.822558 -113.712738
201.823038 -119.444717
201.823519 -120.370430
201.824000 -120.141258
201.824481 -122.829514
201.824962 -116.981842
201.825442 -109.667099
201.825923 -106.903503
201.826404 -107.048111
201.826885 -112.029472
201.827365 -116.329140
201.827846 -114.951393
201.828327 -114.783226
201.828808 -117.544449
201.829288 -119.536980
201.829769 -119.456894
201.830250 -123.637360
201.830731 -119.265984
201.831212 -117.445145
201.831692 -116.287392
201.832173 -116.259850
201.832654 -118.025291
201.833135 -113.726318
201.833615 -113.694809
201.834096 -115.574097
201.834577 -118.587357
201.835058 -115.094566
201.835538 -111.953323
201.836019 -111.839737
201.836500 -113.288963
201.836981 -113.612160
201.837462 -117.515465
201.837942 -119.194435
201.838423 -114.518097
201.838904 -113.734642
201.839385 -113.900948
201.839865 -116.366554
201.840346 -122.689003
201.840827 -118.106941
201.841308 -118.220642
201.841788 -125.134415
201.842269 -126.044632
201.842750 -117.187134
201.843231 -113.616844
201.843712 -113.602951
201.844192 -118.577728
201.844673 -121.426727
201.845154 -119.917122
201.845635 -120.526970
201.846115 -118.588875
201.846596 -118.432678
201.847077 -120.463005
201.847558 -114.881210
201.848038 -112.806023
201.848519 -113.013153
201.849000 -119.438065
201.849481 -117.489586
201.849962 -117.158310
201.850442 -112.267235
201.850923 -111.539352
201.851404 -112.672707
201.851885 -120.632111
201.852365 -120.714951
201.852846 -116.638603
201.853327 -115.076958
201.853808 -115.893417
201.854288 -115.005814
201.854769 -115.912903
201.855250 -117.647667
201.855731 -118.249130
201.856212 -121.959938
201.856692 -123.534660
201.857173 -119.534973
201.857654 -115.702652
201.858135 -115.225128
201.858615 -114.317268
201.859096 -114.476845
201.859577 -114.179771
201.860058 -114.000465
201.860538 -116.861938
201.861019 -118.980385
201.861500 -116.089394
201.861981 -117.861534
201.862462 -116.003372
201.862942 -116.195396
201.863423 -121.575851
201.863904 -121.307228
201.864385 -116.176796
201.864865 -114.369644
201.865346 -114.146011
201.865827 -114.772636
201.866308 -114.787712
201.866788 -113.799126
201.867269 -113.398308
201.867750 -111.952927
201.868231 -111.962379
201.868712 -116.462547
201.869192 -118.024361
201.869673 -118.081596
201.870154 -125.441910
201.870635 -115.180000
201.871115 -113.131325
201.871596 -113.350899
201.872077 -117.041405
201.872558 -119.859711
201.873038 -117.353363
201.873519 -117.773933
201.874000 -120.553406
201.874481 -118.001289
201.874962 -117.155327
201.875442 -117.108925
201.875923 -114.074486
201.876404 -113.795715
201.876885 -117.979301
201.877365 -116.915207
201.877846 -114.516106
201.878327 -114.898453
201.878808 -120.985718
201.879288 -121.628113
201.879769 -118.467155
201.880250 -114.840073
201.880731 -114.704178
201.881212 -115.255295
201.881692 -117.641701
201.882173 -123.836365
201.882654 -119.706665
201.883135 -116.372223
201.883615 -115.679306
201.884096 -115.979225
201.884577 -116.749916
201.885058 -119.590149
201.885538 -122.419174
201.886019 -113.096161
201.886500 -110.839813
201.886981 -110.819244
201.887462 -113.227005
201.887942 -116.629997
201.888423 -123.441391
201.888904 -124.000465
201.889385 -117.427078
201.889865 -115.507698
201.890346 -116.007645
201.890827 -117.302773
201.891308 -113.560738
201.891788 -112.866325
201.892269 -113.212669
201.892750 -116.194160
201.893231 -115.037140
201.893712 -110.906845
201.894192 -110.442322
201.894673 -110.993408
201.895154 -115.832115
201.895635 -126.208809
201.896115 -125.657242
201.896596 -116.813499
201.897077 -112.510529
201.897558 -110.837776
201.898038 -110.700951
201.898519 -112.186386
201.899000 -114.342972
201.899481 -117.223053
201.899962 -118.842407
201.900442 -118.960793
201.900923 -121.734169
201.901404 -116.095818
201.901885 -113.509415
201.902365 -114.442352
201.902846 -118.725021
201.903327 -119.877998
201.903808 -119.342415
201.904288 -119.301697
201.904769 -124.200539
201.905250 -121.625122
201.905731 -117.372932
201.906212 -114.136696
201.906692 -110.975212
201.907173 -110.092735
201.907654 -110.455803
201.908135 -115.538094
201.908615 -117.167236
201.909096 -116.094856
201.909577 -114.107864
201.910058 -114.108315
201.910538 -119.455544
201.911019 -116.022316
201.911500 -115.782967
201.911981 -116.755692
201.912462 -119.808212
201.912942 -122.978760
201.913423 -124.393509
201.913904 -115.739128
201.914385 -112.575523
201.914865 -112.998161
201.915346 -113.605934
201.915827 -112.954285
201.916308 -113.029800
201.916788 -113.280243
201.917269 -114.700096
201.917750 -116.023079
201.918231 -115.051147
201.918712 -116.063629
201.919192 -118.162689
201.919673 -118.639488
201.920154 -121.057793
201.920635 -116.073730
201.921115 -115.692093
201.921596 -116.861732
201.922077 -116.028275
201.922558 -115.896194
201.923038 -116.733063
201.923519 -119.095627
201.924000 -114.486694
201.924481 -111.238716
201.924962 -109.025627
201.925442 -109.020828
201.925923 -112.046913
201.926404 -115.405403
201.926885 -114.526436
201.927365 -115.642014
201.927846 -118.336456
201.928327 -120.075340
201.928808 -118.076439
201.929288 -119.337875
201.929769 -127.646095
201.930250 -127.152542
201.930731 -125.127510
201.931212 -125.053085
201.931692 -116.971519
201.932173 -116.222153
201.932654 -116.624344
201.933135 -117.724068
201.933615 -117.723953
201.934096 -115.958832
201.934577 -112.023781
201.935058 -109.379089
201.935538 -108.891685
201.936019 -109.476257
201.936500 -112.390488
201.936981 -115.993294
201.937462 -122.434204
201.937942 -129.363449
201.938423 -119.041771
201.938904 -118.701530
201.939385 -113.023705
201.939865 -111.450890
201.940346 -112.003349
201.940827 -117.796921
201.941308 -125.358376
201.941788 -122.139618
201.942269 -121.843094
201.942750 -122.125404
201.943231 -117.120811
201.943712 -112.468315
201.944192 -109.777000
201.944673 -109.779091
201.945154 -113.149284
201.945635 -117.212135
201.946115 -114.853645
201.946596 -114.743698
201.947077 -115.692070
201.947558 -118.689941
201.948038 -123.769470
201.948519 -128.335510
201.949000 -114.642212
201.949481 -112.641693
201.949962 -113.552597
201.950442 -114.300270
201.950923 -114.691978
201.951404 -121.193771
201.951885 -119.704254
201.952365 -115.425400
201.952846 -112.820778
201.953327 -113.161011
201.953808 -113.794884
201.954288 -112.556252
201.954769 -113.391991
201.955250 -112.045219
201.955731 -112.087494
201.956212 -115.907455
201.956692 -120.262100
201.957173 -113.729309
201.957654 -113.462753
201.958135 -115.319641
201.958615 -110.772682
201.959096 -110.477226
201.959577 -112.823807
201.960058 -117.225937
201.960538 -108.285866
201.961019 -107.594856
201.961500 -109.132401
201.961981 -120.149574
201.962462 -119.172966
201.962942 -119.888596
201.963423 -117.823952
201.963904 -111.288177
201.964385 -110.249352
201.964865 -111.151054
201.965346 -113.073547
201.965827 -111.748314
201.966308 -111.749992
201.966788 -113.243355
201.967269 -121.807426
201.967750 -115.172523
201.968231 -113.907669
201.968712 -114.618546
201.969192 -111.633942
201.969673 -110.454567
201.970154 -110.250374
201.970635 -110.532661
201.971115 -113.816475
201.971596 -115.106758
201.972077 -112.346024
201.972558 -112.352104
201.973038 -114.725121
201.973519 -117.116165
201.974000 -117.183144
201.974481 -120.887535
201.974962 -115.616440
201.975442 -114.319603
201.975923 -112.072327
201.976404 -112.004028
201.976885 -113.943764
201.977365 -116.906120
201.977846 -123.473831
201.978327 -114.375259
201.978808 -111.086166
201.979288 -110.835854
201.979769 -110.259758
201.980250 -110.142685
201.980731 -110.082146
201.981212 -109.303581
201.981692 -109.353180
201.982173 -112.448341
201.982654 -114.852158
201.983135 -116.913124
201.983615 -118.434402
201.984096 -120.374504
201.984577 -114.207779
201.985058 -111.971703
201.985538 -112.260185
201.986019 -118.941765
201.986500 -122.607727
201.986981 -124.113037
201.987462 -118.604080
201.987942 -117.449600
201.988423 -118.106659
201.988904 -123.295044
201.989385 -116.204895
201.989865 -113.884789
201.990346 -113.500061
201.990827 -111.357414
201.991308 -110.373100
201.991788 -110.416779
201.992269 -112.726807
201.992750 -114.027565
201.993231 -115.579590
201.993712 -116.503471
201.994192 -115.678497
201.994673 -119.432755
201.995154 -114.264244
201.995635 -113.353149
201.996115 -112.946846
201.996596 -112.807289
201.997077 -113.986153
201.997558 -119.914169
201.998038 -122.680840
201.998519 -114.096657
201.999000 -113.068436
201.999481 -113.432915
201.999962 -111.300636
202.000442 -109.659386
202.000923 -109.876228
202.001404 -112.070602
202.001885 -112.365707
202.002365 -113.072174
202.002846 -114.458038
202.003327 -113.850983
202.003808 -113.241196
202.004288 -114.255753
202.004769 -114.201485
202.005250 -114.150978
202.005731 -117.628326
202.006212 -117.314583
202.006692 -114.371750
202.007173 -113.011894
202.007654 -112.613548
202.008135 -112.943848
202.008615 -114.489456
202.009096 -114.056580
202.009577 -111.825180
202.010058 -111.267258
202.010538 -111.458900
202.011019 -113.427277
202.011500 -112.711311
202.011981 -112.494011
202.012462 -112.427803
202.012942 -112.834084
202.013423 -114.548508
202.013904 -113.094513
202.014385 -113.273003
202.014865 -118.428513
202.015346 -117.739182
202.015827 -117.814842
202.016308 -122.261574
202.016788 -120.777695
202.017269 -115.391563
202.017750 -115.252663
202.018231 -117.502289
202.018712 -119.818832
202.019192 -115.238007
202.019673 -115.211121
202.020154 -112.403168
202.020635 -110.642181
202.021115 -110.787651
202.021596 -114.666237
202.022077 -117.435783
202.022558 -116.538521
202.023038 -115.112808
202.023519 -115.703384
202.024000 -116.622917
202.024481 -119.378799
202.024962 -121.589821
202.025442 -122.267967
202.025923 -122.460876
202.026404 -116.208694
202.026885 -113.804550
202.027365 -112.953239
202.027846 -112.918037
202.028327 -114.292587
202.028808 -118.286507
202.029288 -115.808273
202.029769 -114.195618
202.030250 -114.080345
202.030731 -116.416290
202.031212 -118.664246
202.031692 -111.606636
202.032173 -109.570000
202.032654 -109.585114
202.033135 -111.986275
202.033615 -118.110054
202.034096 -113.996452
202.034577 -114.286705
202.035058 -122.323616
202.035538 -121.235626
202.036019 -117.797401
202.036500 -118.467819
202.036981 -116.271751
202.037462 -116.422211
202.037942 -121.598053
202.038423 -120.651253
202.038904 -117.831390
202.039385 -115.060272
202.039865 -114.931999
202.040346 -112.618858
202.040827 -112.570457
202.041308 -117.716881
202.041788 -115.082924
202.042269 -113.264442
202.042750 -113.766014
202.043231 -120.089966
202.043712 -121.182007
202.044192 -123.058578
202.044673 -118.890991
202.045154 -116.081535
202.045635 -114.263535
202.046115 -114.181709
202.046596 -114.925949
202.047077 -115.696495
202.047558 -111.683670
202.048038 -110.748161
202.048519 -111.000130
202.049000 -113.603439
202.049481 -116.284622
202.049962 -115.443642
202.050442 -118.713341
202.050923 -116.296127
202.051404 -112.378052
202.051885 -109.494461
202.052365 -109.066765
202.052846 -109.172714
202.053327 -110.686897
202.053808 -115.357552
202.054288 -111.710732
202.054769 -111.089661
202.055250 -111.671402
202.055731 -115.217705
202.056212 -114.052963
202.056692 -113.790413
202.057173 -111.402916
202.057654 -109.928963
202.058135 -109.949104
202.058615 -112.914490
202.059096 -114.503304
202.059577 -113.649361
202.060058 -115.036026
202.060538 -121.700836
202.061019 -116.713135
202.061500 -115.389107
202.061981 -114.132011
202.062462 -113.872559
202.062942 -115.132774
202.063423 -116.710068
202.063904 -116.541267
202.064385 -121.045723
202.064865 -116.895691
202.065346 -117.015755
202.065827 -123.210602
202.066308 -125.929817
202.066788 -120.214081
202.067269 -117.544640
202.067750 -116.501938
202.068231 -116.803276
202.068712 -116.136360
202.069192 -114.712120
202.069673 -115.076775
202.070154 -115.046722
202.070635 -112.398918
202.071115 -112.342888
202.071596 -112.414040
202.072077 -113.136757
202.072558 -115.416328
202.073038 -115.332031
202.073519 -119.906281
202.074000 -126.542030
202.074481 -122.584045
202.074962 -121.570900
202.075442 -116.468887
202.075923 -114.423088
202.076404 -114.941521
202.076885 -114.994881
202.077365 -111.001122
202.077846 -111.016701
202.078327 -113.742661
202.078808 -113.829872
202.079288 -116.844940
202.079769 -120.647156
202.080250 -124.313164
202.080731 -115.910248
202.081212 -114.973038
202.081692 -115.747581
202.082173 -116.501373
202.082654 -114.634575
202.083135 -113.077255
202.083615 -112.869041
202.084096 -114.956856
202.084577 -118.878517
202.085058 -112.952034
202.085538 -113.214195
202.086019 -112.256287
202.086500 -111.997551
202.086981 -112.361473
202.087462 -112.873390
202.087942 -115.804657
202.088423 -115.295067
202.088904 -112.940361
202.089385 -110.353729
202.089865 -110.688675
202.090346 -116.106163
202.090827 -119.650284
202.091308 -114.842422
202.091788 -114.691734
202.092269 -115.568008
202.092750 -113.262672
202.093231 -113.203224
202.093712 -115.991493
202.094192 -114.970360
202.094673 -114.980911
202.095154 -116.369583
202.095635 -120.922356
202.096115 -117.216850
202.096596 -117.042473
202.097077 -119.095062
202.097558 -122.789200
202.098038 -116.167114
202.098519 -116.168259
202.099000 -113.946793
202.099481 -110.011124
202.099962 -109.921509
202.100442 -112.158867
202.100923 -116.985558
202.101404 -116.921120
202.101885 -112.649017
202.102365 -110.625015
202.102846 -111.415550
202.103327 -115.869598
202.103808 -115.970901
202.104288 -116.313774
202.104769 -115.906158
202.105250 -115.124199
202.105731 -118.037064
202.106212 -117.996796
202.106692 -117.115555
202.107173 -116.944351
202.107654 -113.724411
202.108135 -113.068558
202.108615 -113.537781
202.109096 -119.273041
202.109577 -114.739769
202.110058 -112.179451
202.110538 -110.056900
202.111019 -109.334549
202.111500 -109.836479
202.111981 -118.230667
202.112462 -117.428635
202.112942 -115.206383
202.113423 -115.175468
202.113904 -118.588997
202.114385 -113.691025
202.114865 -112.466942
202.115346 -112.738533
202.115827 -115.971321
202.116308 -115.414314
202.116788 -113.307198
202.117269 -113.544800
202.117750 -118.725800
202.118231 -117.245033
202.118712 -116.713066
202.119192 -114.009872
202.119673 -113.929344
202.120154 -115.771194
202.120635 -113.222130
202.121115 -112.919380
202.121596 -111.155434
202.122077 -110.715950
202.122558 -111.397873
202.123038 -115.956619
202.123519 -118.579659
202.124000 -113.794144
202.124481 -113.184814
202.124962 -112.758064
202.125442 -112.376358
202.125923 -114.041809
202.126404 -118.306801
202.126885 -118.426605
202.127365 -116.064354
202.127846 -116.288849
202.128327 -119.923996
202.128808 -113.642609
202.129288 -112.679512
202.129769 -113.096970
202.130250 -115.327065
202.130731 -113.305244
202.131212 -113.590752
202.131692 -112.374763
202.132173 -111.228035
202.132654 -111.234787
202.133135 -112.515549
202.133615 -116.937416
202.134096 -123.821625
202.134577 -119.501877
202.135058 -118.268570
202.135538 -121.714226
202.136019 -121.395721
202.136500 -113.579010
202.136981 -112.946289
202.137462 -114.361465
202.137942 -110.334114
202.138423 -110.033012
202.138904 -113.809601
202.139385 -115.677582
202.139865 -115.780373
202.140346 -119.385216
202.140827 -116.169136
202.141308 -115.899994
202.141788 -117.300903
202.142269 -119.305840
202.142750 -116.757187
202.143231 -116.815475
202.143712 -121.857559
202.144192 -122.398666
202.144673 -115.140831
202.145154 -114.357513
202.145635 -115.855606
202.146115 -117.879646
202.146596 -112.305824
202.147077 -112.063927
202.147558 -114.030022
202.148038 -122.219955
202.148519 -113.922768
202.149000 -110.852028
202.149481 -110.929253
202.149962 -113.884392
202.150442 -119.018715
202.150923 -118.557541
202.151404 -120.090714
202.151885 -117.799843
202.152365 -117.387505
202.152846 -120.248871
202.153327 -113.159164
202.153808 -110.825005
202.154288 -110.041290
202.154769 -110.105362
202.155250 -112.873039
202.155731 -117.168594
202.156212 -117.389206
202.156692 -113.104843
202.157173 -112.729454
202.157654 -115.405190
202.158135 -113.739624
202.158615 -114.208305
202.159096 -109.641960
202.159577 -108.930603
202.160058 -110.028419
202.160538 -111.841484
202.161019 -109.856308
202.161500 -110.286201
202.161981 -112.825089
202.162462 -114.423981
202.162942 -114.016014
202.163423 -114.380058
202.163904 -117.271332
202.164385 -118.484367
202.164865 -114.861420
202.165346 -114.860748
202.165827 -118.845718
202.166308 -112.197403
202.166788 -109.118523
202.167269 -109.139877
202.167750 -112.188004
202.168231 -117.090569
202.168712 -120.060684
202.169192 -117.265686
202.169673 -117.385414
202.170154 -116.981827
202.170635 -113.186699
202.171115 -112.997658
202.171596 -114.470375
202.172077 -111.943413
202.172558 -106.290047
202.173038 -106.140793
202.173519 -108.904663
202.174000 -112.925224
202.174481 -112.231606
202.174962 -108.642159
202.175442 -106.698563
202.175923 -106.630653
202.176404 -108.207214
202.176885 -112.155426
202.177365 -122.656685
202.177846 -118.284294
202.178327 -113.094193
202.178808 -113.045036
202.179288 -113.371674
202.179769 -113.336235
202.180250 -115.828133
202.180731 -119.347649
202.181212 -115.291550
202.181692 -113.419373
202.182173 -112.181786
202.182654 -112.192894
202.183135 -110.654068
202.183615 -108.388962
202.184096 -108.195580
202.184577 -108.576065
202.185058 -111.715889
202.185538 -114.611031
202.186019 -114.567162
202.186500 -115.137535
202.186981 -117.692436
202.187462 -117.595634
202.187942 -107.730995
202.188423 -107.458252
202.188904 -110.606148
202.189385 -124.883682
202.189865 -125.238449
202.190346 -120.507698
202.190827 -119.689674
202.191308 -118.358322
202.191788 -118.230827
202.192269 -123.403824
202.192750 -123.582329
202.193231 -116.455254
202.193712 -112.015312
202.194192 -112.301361
202.194673 -117.009003
202.195154 -116.554298
202.195635 -117.374931
202.196115 -119.248314
202.196596 -114.622559
202.197077 -110.774406
202.197558 -110.782005
202.198038 -115.234787
202.198519 -120.349487
202.199000 -116.539772
202.199481 -110.578194
202.199962 -110.291672
202.200442 -112.190475
202.200923 -118.070724
202.201404 -114.128990
202.201885 -114.128395
202.202365 -116.413177
202.202846 -113.336594
202.203327 -113.372330
202.203808 -113.753609
202.204288 -111.618073
202.204769 -109.630959
202.205250 -109.627945
202.205731 -112.113190
202.206212 -121.352760
202.206692 -116.793739
202.207173 -114.678436
202.207654 -114.311218
202.208135 -115.019379
202.208615 -114.876862
202.209096 -110.419327
202.209577 -107.427673
202.210058 -106.891792
202.210538 -107.479607
202.211019 -113.561882
202.211500 -108.926323
202.211981 -108.906746
202.212462 -111.600502
202.212942 -114.897964
202.213423 -111.046318
202.213904 -107.344635
202.214385 -106.242287
202.214865 -106.813271
202.215346 -114.701920
202.215827 -116.468163
202.216308 -116.682777
202.216788 -117.747948
202.217269 -119.892525
202.217750 -120.136200
202.218231 -114.599548
202.218712 -114.582397
202.219192 -120.558777
202.219673 -119.674301
202.220154 -117.403481
202.220635 -116.094093
202.221115 -115.955009
202.221596 -116.782478
202.222077 -119.906845
202.222558 -117.775421
202.223038 -114.970726
202.223519 -110.821762
202.224000 -109.703697
202.224481 -110.195190
202.224962 -118.436592
202.225442 -113.668434
202.225923 -107.521378
202.226404 -107.521149
202.226885 -112.296898
202.227365 -118.995743
202.227846 -115.465256
202.228327 -115.122971
202.228808 -116.178734
202.229288 -117.041847
202.229769 -119.423935
202.230250 -113.813393
202.230731 -108.917473
202.231212 -108.158012
202.231692 -108.792122
202.232173 -111.902069
202.232654 -112.728821
202.233135 -114.028206
202.233615 -117.167519
202.234096 -117.538467
202.234577 -116.187347
202.235058 -114.082184
202.235538 -108.842422
202.236019 -107.654671
202.236500 -108.217636
202.236981 -111.393944
202.237462 -112.908241
202.237942 -116.073181
202.238423 -113.385483
202.238904 -113.993904
202.239385 -109.459343
202.239865 -109.809143
202.240346 -115.029160
202.240827 -112.337273
202.241308 -107.316986
202.241788 -107.310593
202.242269 -109.226540
202.242750 -112.438736
202.243231 -113.684654
202.243712 -110.674171
202.244192 -109.016098
202.244673 -109.049225
202.245154 -112.133774
202.245635 -117.968117
202.246115 -116.300934
202.246596 -116.815514
202.247077 -110.732712
202.247558 -109.254547
202.248038 -109.589264
202.248519 -114.053497
202.249000 -109.491615
202.249481 -109.015724
202.249962 -108.927750
202.250442 -110.120354
202.250923 -115.968651
202.251404 -119.046326
202.251885 -113.447197
202.252365 -113.474152
202.252846 -114.925247
202.253327 -112.411636
202.253808 -112.705284
202.254288 -115.688652
202.254769 -115.812805
202.255250 -115.876534
202.255731 -116.782898
202.256212 -121.806244
202.256692 -112.482994
202.257173 -110.500610
202.257654 -109.637718
202.258135 -108.278114
202.258615 -108.902618
202.259096 -114.629143
202.259577 -115.934937
202.260058 -121.157112
202.260538 -116.748329
202.261019 -113.585052
202.261500 -113.664169
202.261981 -119.172371
202.262462 -119.410568
202.262942 -121.074890
202.263423 -119.630493
202.263904 -112.047241
202.264385 -110.682182
202.264865 -112.052017
202.265346 -111.880486
202.265827 -111.837669
202.266308 -110.678772
202.266788 -106.210106
202.267269 -105.086868
202.267750 -105.171822
202.268231 -109.879280
202.268712 -122.990326
202.269192 -120.487129
202.269673 -120.098618
202.270154 -120.889534
202.270635 -117.364853
202.271115 -117.324097
202.271596 -114.199097
202.272077 -112.011055
202.272558 -110.484634
202.273038 -110.482956
202.273519 -110.158905
202.274000 -109.384247
202.274481 -109.082077
202.274962 -109.651352
202.275442 -114.199333
202.275923 -117.548500
202.276404 -117.353790
202.276885 -113.024681
202.277365 -109.731293
202.277846 -106.734703
202.278327 -102.213211
202.278808 -100.577103
202.279288 -100.714729
202.279769 -105.265518
202.280250 -115.230843
202.280731 -113.579231
202.281212 -113.236824
202.281692 -113.629021
202.282173 -118.409073
202.282654 -116.710083
202.283135 -110.855125
202.283615 -109.397285
202.284096 -109.372086
202.284577 -110.971893
202.285058 -115.284187
202.285538 -118.571236
202.286019 -118.384338
202.286500 -113.737526
202.286981 -111.784889
202.287462 -111.790756
202.287942 -112.124573
202.288423 -112.221794
202.288904 -117.020905
202.289385 -115.420784
202.289865 -113.716393
202.290346 -113.217270
202.290827 -108.825523
202.291308 -108.224892
202.291788 -109.783615
202.292269 -111.197617
202.292750 -111.117554
202.293231 -114.802582
202.293712 -117.291420
202.294192 -116.223381
202.294673 -108.709557
202.295154 -105.997147
202.295635 -105.987183
202.296115 -107.349449
202.296596 -112.595947
202.297077 -111.962585
202.297558 -113.443459
202.298038 -113.230095
202.298519 -113.171799
202.299000 -114.964531
202.299481 -109.262123
202.299962 -108.554565
202.300442 -108.575455
202.300923 -109.910454
202.301404 -107.281395
202.301885 -107.219185
202.302365 -110.960571
202.302846 -114.283394
202.303327 -110.974747
202.303808 -111.096428
202.304288 -114.250496
202.304769 -108.558784
202.305250 -108.409164
202.305731 -112.016716
202.306212 -114.770027
202.306692 -114.939064
202.307173 -116.791222
202.307654 -113.047447
202.308135 -108.565720
202.308615 -107.961754
202.309096 -108.659576
202.309577 -109.622574
202.310058 -112.542099
202.310538 -117.325806
202.311019 -116.875374
202.311500 -114.296577
202.311981 -112.947525
202.312462 -114.535316
202.312942 -114.537727
202.313423 -114.149757
202.313904 -118.785492
202.314385 -116.532486
202.314865 -115.798492
202.315346 -115.820656
202.315827 -113.646988
202.316308 -113.623863
202.316788 -109.173912
202.317269 -107.031410
202.317750 -107.003014
202.318231 -107.904366
202.318712 -109.636009
202.319192 -112.361198
202.319673 -119.373795
202.320154 -116.509048
202.320635 -117.060410
202.321115 -114.521904
202.321596 -114.627975
202.322077 -111.727730
202.322558 -111.646606
202.323038 -111.610596
202.323519 -111.678596
202.324000 -113.724663
202.324481 -110.523689
202.324962 -107.429176
202.325442 -107.495697
202.325923 -110.220741
202.326404 -120.613411
202.326885 -109.993568
202.327365 -106.932243
202.327846 -107.539787
202.328327 -113.337364
202.328808 -112.503281
202.329288 -112.039307
202.329769 -113.194221
202.330250 -114.401772
202.330731 -108.568184
202.331212 -107.110420
202.331692 -107.299820
202.332173 -111.087006
202.332654 -120.600777
202.333135 -115.090126
202.333615 -114.461632
202.334096 -110.860809
202.334577 -110.603043
202.335058 -112.708595
202.335538 -116.616867
202.336019 -113.202049
202.336500 -110.422386
202.336981 -110.458435
202.337462 -114.503044
202.337942 -112.507492
202.338423 -112.615311
202.338904 -112.975609
202.339385 -112.461418
202.339865 -115.069069
202.340346 -113.509361
202.340827 -111.788361
202.341308 -110.715111
202.341788 -110.687889
202.342269 -113.344353
202.342750 -114.035477
202.343231 -112.750885
202.343712 -115.039490
202.344192 -127.687408
202.344673 -127.358208
202.345154 -121.493149
202.345635 -119.396553
202.346115 -113.618179
202.346596 -108.950272
202.347077 -108.457069
202.347558 -109.286621
202.348038 -111.504555
202.348519 -112.078140
202.349000 -116.538986
202.349481 -117.378128
202.349962 -112.508621
202.350442 -112.035118
202.350923 -107.446793
202.351404 -107.241806
202.351885 -108.858749
202.352365 -108.941933
202.352846 -108.609993
202.353327 -106.911957
202.353808 -103.407791
202.354288 -102.795410
202.354769 -103.080734
202.355250 -106.060417
202.355731 -110.659691
202.356212 -112.656013
202.356692 -114.472092
202.357173 -114.446106
202.357654 -116.655357
202.358135 -113.955345
202.358615 -110.875504
202.359096 -111.412636
202.359577 -116.756462
202.360058 -117.872917
202.360538 -113.758713
202.361019 -113.427757
202.361500 -114.172928
202.361981 -115.111549
202.362462 -114.685013
202.362942 -114.738411
202.363423 -114.553009
202.363904 -113.227577
202.364385 -111.366760
202.364865 -111.121330
202.365346 -109.369286
202.365827 -109.508537
202.366308 -113.362869
202.366788 -113.024597
202.367269 -112.308578
202.367750 -113.144485
202.368231 -114.582451
202.368712 -114.391335
202.369192 -110.443039
202.369673 -107.052216
202.370154 -107.054832
202.370635 -110.449570
202.371115 -111.641754
202.371596 -111.641502
202.372077 -109.520500
202.372558 -108.809059
202.373038 -109.771431
202.373519 -108.344070
202.374000 -108.926048
202.374481 -112.826965
202.374962 -107.241341
202.375442 -105.594246
202.375923 -104.912354
202.376404 -104.868309
202.376885 -105.612968
202.377365 -108.562531
202.377846 -110.316513
202.378327 -107.320343
202.378808 -105.559738
202.379288 -105.813828
202.379769 -107.093323
202.380250 -107.922356
202.380731 -110.034676
202.381212 -108.181778
202.381692 -108.712440
202.382173 -112.430168
202.382654 -113.461967
202.383135 -121.161232
202.383615 -112.905502
202.384096 -111.727486
202.384577 -114.205536
202.385058 -113.070328
202.385538 -112.303307
202.386019 -112.401253
202.386500 -114.703430
202.386981 -115.001694
202.387462 -109.708008
202.387942 -107.792694
202.388423 -106.470314
202.388904 -105.643234
202.389385 -106.109306
202.389865 -115.810837
202.390346 -120.670692
202.390827 -115.643051
202.391308 -114.902885
202.391788 -115.361397
202.392269 -116.868500
202.392750 -113.276497
202.393231 -111.641991
202.393712 -111.268677
202.394192 -115.332672
202.394673 -112.684700
202.395154 -112.711220
202.395635 -108.374809
202.396115 -107.570351
202.396596 -109.135406
202.397077 -114.113258
202.397558 -111.525551
202.398038 -109.636017
202.398519 -108.187393
202.399000 -108.864265
202.399481 -111.129654
202.399962 -106.387032
202.400442 -106.233208
202.400923 -108.413109
202.401404 -116.119980
202.401885 -112.262321
202.402365 -112.038582
202.402846 -113.765007
202.403327 -114.400246
202.403808 -113.916168
202.404288 -114.749054
202.404769 -119.078819
202.405250 -114.790337
202.405731 -112.181313
202.406212 -110.945259
202.406692 -109.554398
202.407173 -107.103310
202.407654 -107.007072
202.408135 -110.223289
202.408615 -106.498901
202.409096 -106.516045
202.409577 -110.724693
202.410058 -117.006828
202.410538 -114.899818
202.411019 -116.004776
202.411500 -110.227180
202.411981 -109.112312
202.412462 -107.143211
202.412942 -106.631226
202.413423 -107.262421
202.413904 -110.723083
202.414385 -113.886093
202.414865 -112.121864
202.415346 -111.295013
202.415827 -110.265953
202.416308 -111.147362
202.416788 -109.456612
202.417269 -109.260429
202.417750 -110.744286
202.418231 -108.983131
202.418712 -106.336555
202.419192 -106.328728
202.419673 -107.977158
202.420154 -105.588287
202.420635 -104.645157
202.421115 -105.805183
202.421596 -116.653877
202.422077 -112.186226
202.422558 -112.066422
202.423038 -110.871826
202.423519 -109.261421
202.424000 -109.043785
202.424481 -110.677338
202.424962 -114.967804
202.425442 -108.622353
202.425923 -106.979927
202.426404 -107.911949
202.426885 -116.415482
202.427365 -116.494141
202.427846 -117.107521
202.428327 -114.889168
202.428808 -113.653709
202.429288 -111.883675
202.429769 -111.799561
202.430250 -109.814987
202.430731 -108.696953
202.431212 -109.158730
202.431692 -106.527458
202.432173 -105.400810
202.432654 -106.293716
202.433135 -111.942955
202.433615 -110.975052
202.434096 -113.431808
202.434577 -108.384460
202.435058 -108.269943
202.435538 -108.395477
202.436019 -110.456917
202.436500 -115.899498
202.436981 -114.212219
202.437462 -116.441254
202.437942 -118.728432
202.438423 -113.534416
202.438904 -114.771690
202.439385 -110.143867
202.439865 -109.598549
202.440346 -109.792770
202.440827 -109.303070
202.441308 -109.235298
202.441788 -112.960258
202.442269 -109.628876
202.442750 -109.182686
202.443231 -109.222229
202.443712 -110.059441
202.444192 -106.448822
202.444673 -105.007614
202.445154 -104.990852
202.445635 -106.959702
202.446115 -115.658241
202.446596 -108.526253
202.447077 -105.529099
202.447558 -105.521851
202.448038 -108.744965
202.448519 -107.203583
202.449000 -103.154289
202.449481 -102.745056
202.449962 -103.561150
202.450442 -106.667854
202.450923 -108.509880
202.451404 -107.785049
202.451885 -107.486259
202.452365 -107.786392
202.452846 -112.595398
202.453327 -106.499252
202.453808 -105.632027
202.454288 -105.578148
202.454769 -107.338196
202.455250 -111.070206
202.455731 -109.372231
202.456212 -110.208084
202.456692 -114.674530
202.457173 -116.030434
202.457654 -115.674957
202.458135 -113.316414
202.458615 -113.117752
202.459096 -115.678078
202.459577 -110.321297
202.460058 -107.584343
202.460538 -106.275017
202.461019 -106.124313
202.461500 -107.099121
202.461981 -109.341095
202.462462 -112.068878
202.462942 -111.160316
202.463423 -106.652229
202.463904 -106.582939
202.464385 -108.501625
202.464865 -110.733086
202.465346 -111.250580
202.465827 -108.568962
202.466308 -107.130791
202.466788 -107.670631
202.467269 -109.651520
202.467750 -107.333862
202.468231 -107.377075
202.468712 -106.328911
202.469192 -106.229416
202.469673 -109.276978
202.470154 -103.999702
202.470635 -103.213936
202.471115 -103.374313
202.471596 -105.808502
202.472077 -108.368797
202.472558 -111.433998
202.473038 -110.448578
202.473519 -111.835136
202.474000 -111.770561
202.474481 -108.258560
202.474962 -108.776939
202.475442 -111.046021
202.475923 -108.160820
202.476404 -107.357864
202.476885 -107.807198
202.477365 -113.180000
202.477846 -112.010979
202.478327 -110.678337
202.478808 -102.227295
202.479288 -101.655968
202.479769 -102.945740
202.480250 -108.084038
202.480731 -106.330811
202.481212 -105.437836
202.481692 -105.882866
202.482173 -105.821815
202.482654 -105.933029
202.483135 -109.607742
202.483615 -115.519089
202.484096 -113.318909
202.484577 -115.136993
202.485058 -110.071594
202.485538 -109.760391
202.486019 -111.427307
202.486500 -108.599060
202.486981 -101.676804
202.487462 -101.539551
202.487942 -103.764954
202.488423 -113.722122
202.488904 -112.516830
202.489385 -110.484322
202.489865 -109.265175
202.490346 -107.815018
202.490827 -107.417076
202.491308 -108.213844
202.491788 -112.213219
202.492269 -105.553406
202.492750 -104.731544
202.493231 -105.475517
202.493712 -105.945526
202.494192 -106.587318
202.494673 -107.288612
202.495154 -111.044136
202.495635 -113.408852
202.496115 -113.317085
202.496596 -106.663857
202.497077 -104.256584
202.497558 -104.816345
202.498038 -111.549538
202.498519 -110.716499
202.499000 -105.311661
202.499481 -102.910393
202.499962 -102.710541
202.500442 -104.800560
202.500923 -111.877159
202.501404 -114.616608
202.501885 -111.313011
202.502365 -107.280083
202.502846 -107.279663
202.503327 -110.325203
202.503808 -110.228088
202.504288 -108.708694
202.504769 -107.719048
202.505250 -108.084747
202.505731 -113.087364
202.506212 -106.449333
202.506692 -105.542709
202.507173 -106.090866
202.507654 -111.843307
202.508135 -117.962502
202.508615 -114.877411
202.509096 -108.745483
202.509577 -106.334129
202.510058 -106.748680
202.510538 -109.097191
202.511019 -106.743973
202.511500 -106.584679
202.511981 -109.258041
202.512462 -111.349281
202.512942 -102.396278
202.513423 -100.644516
202.513904 -100.836731
202.514385 -106.378166
202.514865 -107.304443
202.515346 -104.847855
202.515827 -105.028336
202.516308 -105.042664
202.516788 -104.795937
202.517269 -110.972275
202.517750 -109.399811
202.518231 -103.732498
202.518712 -103.658051
202.519192 -105.957253
202.519673 -109.979111
202.520154 -110.085892
202.520635 -110.548599
202.521115 -110.529022
202.521596 -113.054298
202.522077 -109.170341
202.522558 -104.656502
202.523038 -101.438034
202.523519 -101.428947
202.524000 -104.829689
202.524481 -108.714249
202.524962 -106.447029
202.525442 -104.827347
202.525923 -103.908012
202.526404 -104.244530
202.526885 -103.059380
202.527365 -101.223923
202.527846 -101.980347
202.528327 -107.589859
202.528808 -107.653938
202.529288 -106.535301
202.529769 -106.537209
202.530250 -107.200607
202.530731 -107.720543
202.531212 -107.305199
202.531692 -107.993988
202.532173 -109.234512
202.532654 -104.739731
202.533135 -102.488098
202.533615 -102.616920
202.534096 -105.773529
202.534577 -104.591431
202.535058 -104.741173
202.535538 -108.545662
202.536019 -107.186005
202.536500 -106.590904
202.536981 -107.758232
202.537462 -113.685501
202.537942 -112.459938
202.538423 -112.252350
202.538904 -108.932922
202.539385 -107.793434
202.539865 -103.744637
202.540346 -103.427643
202.540827 -103.822952
202.541308 -106.563362
202.541788 -105.077835
202.542269 -104.819153
202.542750 -106.012413
202.543231 -107.909126
202.543712 -108.139442
202.544192 -107.934731
202.544673 -108.337868
202.545154 -112.242798
202.545635 -109.318901
202.546115 -109.211899
202.546596 -107.260536
202.547077 -104.757378
202.547558 -102.394745
202.548038 -101.494003
202.548519 -101.532265
202.549000 -103.760353
202.549481 -106.139565
202.549962 -103.761391
202.550442 -102.069977
202.550923 -102.071312
202.551404 -104.622131
202.551885 -111.083595
202.552365 -107.349113
202.552846 -107.269493
202.553327 -109.222221
202.553808 -110.890533
202.554288 -108.038361
202.554769 -108.040565
202.555250 -110.576637
202.555731 -110.266045
202.556212 -107.348076
202.556692 -104.388924
202.557173 -104.498299
202.557654 -108.644974
202.558135 -110.141945
202.558615 -108.757118
202.559096 -109.594376
202.559577 -101.761658
202.560058 -98.888206
202.560538 -98.817719
202.561019 -100.858459
202.561500 -108.039818
202.561981 -110.311615
202.562462 -107.832100
202.562942 -104.220505
202.563423 -103.684219
202.563904 -104.908340
202.564385 -103.471024
202.564865 -99.369812
202.565346 -98.272263
202.565827 -98.145241
202.566308 -98.375320
202.566788 -99.689018
202.567269 -104.853706
202.567750 -110.771523
202.568231 -110.039703
202.568712 -108.505638
202.569192 -110.013329
202.569673 -111.808777
202.570154 -106.693871
202.570635 -106.599228
202.571115 -105.664879
202.571596 -105.034477
202.572077 -105.946930
202.572558 -110.576439
202.573038 -102.231819
202.573519 -100.307091
202.574000 -100.909309
202.574481 -100.719788
202.574962 -100.264481
202.575442 -101.443108
202.575923 -104.119789
202.576404 -107.373245
202.576885 -105.103844
202.577365 -104.430618
202.577846 -107.142563
202.578327 -101.356308
202.578808 -99.355110
202.579288 -99.432999
202.579769 -104.226906
202.580250 -123.987762
202.580731 -108.790611
202.581212 -105.241455
202.581692 -101.516518
202.582173 -101.231865
202.582654 -102.211731
202.583135 -104.641182
202.583615 -102.593117
202.584096 -100.925323
202.584577 -100.908615
202.585058 -103.848541
202.585538 -107.083763
202.586019 -105.877823
202.586500 -103.441376
202.586981 -103.424629
202.587462 -102.647629
202.587942 -102.625641
202.588423 -99.874779
202.588904 -98.547607
202.589385 -98.691536
202.589865 -99.319168
202.590346 -101.226555
202.590827 -109.245125
202.591308 -109.991379
202.591788 -107.531448
202.592269 -100.000671
202.592750 -99.273567
202.593231 -100.688400
202.593712 -107.155106
202.594192 -103.739151
202.594673 -103.561172
202.595154 -105.107170
202.595635 -105.314957
202.596115 -104.728905
202.596596 -101.218201
202.597077 -100.833458
202.597558 -102.562759
202.598038 -105.898422
202.598519 -111.617805
202.599000 -109.116798
202.599481 -105.464668
202.599962 -102.928841
202.600442 -102.814758
202.600923 -104.846611
202.601404 -111.063805
202.601885 -102.860466
202.602365 -102.392204
202.602846 -102.407959
202.603327 -104.065742
202.603808 -103.733543
202.604288 -101.517868
202.604769 -99.566048
202.605250 -99.446617
202.605731 -100.967316
202.606212 -106.035255
202.606692 -107.491653
202.607173 -105.591713
202.607654 -99.257843
202.608135 -98.667862
202.608615 -99.655159
202.609096 -101.776970
202.609577 -101.821396
202.610058 -108.223213
202.610538 -112.452057
202.611019 -99.904396
202.611500 -98.043045
202.611981 -98.304428
202.612462 -101.870354
202.612942 -105.437386
202.613423 -106.021629
202.613904 -104.584961
202.614385 -104.995613
202.614865 -108.679825
202.615346 -108.593803
202.615827 -111.103706
202.616308 -111.871956
202.616788 -102.517204
202.617269 -101.737480
202.617750 -104.220322
202.618231 -102.630943
202.618712 -102.617088
202.619192 -102.506653
202.619673 -102.081589
202.620154 -100.773338
202.620635 -99.393188
202.621115 -99.375412
202.621596 -100.918144
202.622077 -105.289154
202.622558 -106.103920
202.623038 -101.897240
202.623519 -101.901955
202.624000 -106.926338
202.624481 -112.831429
202.624962 -104.297157
202.625442 -104.283417
202.625923 -108.066109
202.626404 -99.358719
202.626885 -96.694138
202.627365 -96.744583
202.627846 -99.940971
202.628327 -103.948761
202.628808 -103.501785
202.629288 -99.433434
202.629769 -98.041466
202.630250 -98.443428
202.630731 -105.950035
202.631212 -103.885117
202.631692 -103.594658
202.632173 -98.366692
202.632654 -97.096527
202.633135 -97.385071
202.633615 -102.875992
202.634096 -106.000893
202.634577 -100.378166
202.635058 -99.880829
202.635538 -101.291145
202.636019 -108.535393
202.636500 -108.559601
202.636981 -112.349762
202.637462 -106.309143
202.637942 -103.658104
202.638423 -103.732529
202.638904 -104.660782
202.639385 -103.356323
202.639865 -104.069115
202.640346 -104.091759
202.640827 -104.416122
202.641308 -109.416962
202.641788 -112.000641
202.642269 -112.504326
202.642750 -109.406586
202.643231 -106.789207
202.643712 -99.430649
202.644192 -98.472801
202.644673 -99.267273
202.645154 -102.931725
202.645635 -107.244225
202.646115 -99.474091
202.646596 -99.227196
202.647077 -100.215721
202.647558 -101.921127
202.648038 -103.863297
202.648519 -98.959450
202.649000 -98.846878
202.649481 -97.009254
202.649962 -96.664391
202.650442 -96.957016
202.650923 -97.644897
202.651404 -101.398857
202.651885 -109.148590
202.652365 -98.503349
202.652846 -97.837029
202.653327 -102.113174
202.653808 -105.638809
202.654288 -103.263672
202.654769 -103.520058
202.655250 -111.308861
202.655731 -102.145294
202.656212 -101.383354
202.656692 -100.967941
202.657173 -99.754768
202.657654 -100.690346
202.658135 -100.602829
202.658615 -101.762436
202.659096 -99.694572
202.659577 -99.444885
202.660058 -101.652817
202.660538 -100.967720
202.661019 -100.723671
202.661500 -100.965149
202.661981 -97.562469
202.662462 -97.007851
202.662942 -97.617546
202.663423 -98.168190
202.663904 -97.807037
202.664385 -98.952362
202.664865 -103.793495
202.665346 -97.876404
202.665827 -96.325302
202.666308 -96.653976
202.666788 -101.255447
202.667269 -100.609573
202.667750 -100.136703
202.668231 -101.783905
202.668712 -107.058067
202.669192 -107.361305
202.669673 -107.258369
202.670154 -99.097321
202.670635 -98.507248
202.671115 -98.400093
202.671596 -97.471138
202.672077 -98.085686
202.672558 -98.897621
202.673038 -95.760513
202.673519 -95.268433
202.674000 -97.575333
202.674481 -101.934067
202.674962 -102.140839
202.675442 -96.186241
202.675923 -93.520622
202.676404 -93.525696
202.676885 -96.822693
202.677365 -103.855232
202.677846 -105.359680
202.678327 -104.439949
202.678808 -105.222542
202.679288 -103.488792
202.679769 -103.180328
202.680250 -104.182510
202.680731 -102.966530
202.681212 -99.340057
202.681692 -99.628487
202.682173 -105.162453
202.682654 -104.711983
202.683135 -104.283684
202.683615 -100.095215
202.684096 -96.850014
202.684577 -94.768768
202.685058 -91.526573
202.685538 -89.964943
202.686019 -89.938705
202.686500 -91.758766
202.686981 -94.917923
202.687462 -100.227684
202.687942 -102.475807
202.688423 -99.932335
202.688904 -97.089890
202.689385 -97.299950
202.689865 -100.757187
202.690346 -100.603706
202.690827 -103.577385
202.691308 -100.481972
202.691788 -95.200287
202.692269 -93.679604
202.692750 -93.871407
202.693231 -95.958740
202.693712 -96.306717
202.694192 -95.544212
202.694673 -96.980743
202.695154 -111.318260
202.695635 -108.253067
202.696115 -104.373779
202.696596 -99.250938
202.697077 -94.670959
202.697558 -94.432320
202.698038 -96.678864
202.698519 -98.615082
202.699000 -96.488007
202.699481 -96.250282
202.699962 -97.478310
202.700442 -91.280190
202.700923 -88.841476
202.701404 -89.004539
202.701885 -95.146721
202.702365 -99.445084
202.702846 -98.519386
202.703327 -98.719574
202.703808 -100.750427
202.704288 -100.363899
202.704769 -98.579132
202.705250 -98.385880
202.705731 -99.395256
202.706212 -102.282303
202.706692 -104.976105
202.707173 -102.852562
202.707654 -102.175797
202.708135 -102.502388
202.708615 -98.564545
202.709096 -96.040726
202.709577 -94.685066
202.710058 -94.604561
202.710538 -96.464806
202.711019 -99.758835
202.711500 -104.445786
202.711981 -103.960632
202.712462 -104.003937
202.712942 -97.569748
202.713423 -95.003777
202.713904 -95.413612
202.714385 -98.693703
202.714865 -96.493423
202.715346 -96.563179
202.715827 -97.191078
202.716308 -96.976547
202.716788 -97.635628
202.717269 -102.379829
202.717750 -96.635750
202.718231 -96.574501
202.718712 -97.721245
202.719192 -96.570053
202.719673 -92.873459
202.720154 -91.895332
202.720635 -91.826530
202.721115 -93.190948
202.721596 -100.493652
202.722077 -104.500076
202.722558 -102.635223
202.723038 -99.468826
202.723519 -96.774750
202.724000 -95.231293
202.724481 -95.435951
202.724962 -101.907455
202.725442 -98.819839
202.725923 -95.151871
202.726404 -89.991455
202.726885 -89.389755
202.727365 -90.356247
202.727846 -97.035751
202.728327 -95.507454
202.728808 -90.723351
202.729288 -90.140625
202.729769 -91.425552
202.730250 -98.782013
202.730731 -98.852692
202.731212 -98.574432
202.731692 -95.412445
202.732173 -92.293556
202.732654 -92.363586
202.733135 -96.873795
202.733615 -106.153847
202.734096 -101.563194
202.734577 -95.233864
202.735058 -94.583008
202.735538 -95.182884
202.736019 -95.729340
202.736500 -90.995537
202.736981 -90.842117
202.737462 -93.918167
202.737942 -104.240036
202.738423 -109.879234
202.738904 -103.374260
202.739385 -96.389992
202.739865 -93.837090
202.740346 -92.096039
202.740827 -92.101311
202.741308 -95.890198
202.741788 -95.159592
202.742269 -94.814186
202.742750 -97.966385
202.743231 -98.147026
202.743712 -94.101433
202.744192 -92.244438
202.744673 -92.210175
202.745154 -93.691673
202.745635 -100.168167
202.746115 -99.927849
202.746596 -97.482094
202.747077 -97.206291
202.747558 -97.853096
202.748038 -99.605011
202.748519 -94.045174
202.749000 -91.830704
202.749481 -92.219467
202.749962 -97.869766
202.750442 -98.049324
202.750923 -96.402275
202.751404 -97.231277
202.751885 -94.418892
202.752365 -94.293457
202.752846 -96.156006
202.753327 -99.089806
202.753808 -98.979530
202.754288 -102.544716
202.754769 -101.754967
202.755250 -94.193512
202.755731 -92.495094
202.756212 -92.455360
202.756692 -92.708687
202.757173 -95.109993
202.757654 -100.708656
202.758135 -102.847984
202.758615 -104.753891
202.759096 -112.444931
202.759577 -105.503891
202.760058 -99.358147
202.760538 -95.542564
202.761019 -94.764023
202.761500 -94.631271
202.761981 -94.800964
202.762462 -100.654503
202.762942 -102.147461
202.763423 -98.886742
202.763904 -98.738075
202.764385 -98.399033
202.764865 -98.400398
202.765346 -99.899017
202.765827 -97.641800
202.766308 -98.375854
202.766788 -101.551064
202.767269 -101.579742
202.767750 -100.537514
202.768231 -92.574211
202.768712 -91.318924
202.769192 -91.493919
202.769673 -93.419228
202.770154 -96.413841
202.770635 -98.885513
202.771115 -94.751717
202.771596 -93.796196
202.772077 -94.262634
202.772558 -97.649506
202.773038 -98.786331
202.773519 -98.792892
202.774000 -101.731224
202.774481 -106.459145
202.774962 -107.866463
202.775442 -110.890007
202.775923 -96.662621
202.776404 -91.826790
202.776885 -91.733009
202.777365 -95.588036
202.777846 -96.187294
202.778327 -96.419189
202.778808 -100.053352
202.779288 -102.636620
202.779769 -99.348503
202.780250 -99.348434
202.780731 -102.949188
202.781212 -99.762657
202.781692 -98.981140
202.782173 -100.048866
202.782654 -98.831848
202.783135 -98.953598
202.783615 -105.495575
202.784096 -100.006355
202.784577 -98.566101
202.785058 -99.917595
202.785538 -98.759323
202.786019 -98.222443
202.786500 -97.336609
202.786981 -97.104080
202.787462 -99.050133
202.787942 -99.477394
202.788423 -99.248131
202.788904 -105.053696
202.789385 -101.484627
202.789865 -99.453827
202.790346 -99.364906
202.790827 -102.940903
202.791308 -112.023560
202.791788 -110.761719
202.792269 -101.966415
202.792750 -97.737534
202.793231 -97.363098
202.793712 -97.783737
202.794192 -99.189453
202.794673 -101.453545
202.795154 -107.596710
202.795635 -104.499710
202.796115 -97.680099
202.796596 -96.284737
202.797077 -96.342148
202.797558 -98.523376
202.798038 -102.907066
202.798519 -96.496223
202.799000 -95.148460
202.799481 -96.326065
202.799962 -106.870766
202.800442 -103.638535
202.800923 -98.924667
202.801404 -95.617699
202.801885 -95.470497
202.802365 -97.697594
202.802846 -101.170456
202.803327 -97.178139
202.803808 -96.689186
202.804288 -97.734596
202.804769 -105.482002
202.805250 -102.514954
202.805731 -99.966805
202.806212 -101.849228
202.806692 -96.475174
202.807173 -96.648689
202.807654 -102.227966
202.808135 -101.754059
202.808615 -102.916199
202.809096 -108.682541
202.809577 -100.177437
202.810058 -97.388588
202.810538 -97.453011
202.811019 -102.119774
202.811500 -104.116341
202.811981 -103.341980
202.812462 -103.824471
202.812942 -101.513435
202.813423 -100.446266
202.813904 -100.653679
202.814385 -101.934357
202.814865 -100.457558
202.815346 -100.717636
202.815827 -99.892815
202.816308 -97.772026
202.816788 -97.696220
202.817269 -99.092888
202.817750 -102.416168
202.818231 -99.446144
202.818712 -99.691032
202.819192 -103.132507
202.819673 -103.650658
202.820154 -106.371490
202.820635 -105.577148
202.821115 -98.991058
202.821596 -97.420578
202.822077 -97.478836
202.822558 -98.710152
202.823038 -101.062340
202.823519 -102.367920
202.824000 -102.554298
202.824481 -107.787888
202.824962 -111.667397
202.825442 -110.418930
202.825923 -104.661552
202.826404 -103.241020
202.826885 -102.638069
202.827365 -102.672722
202.827846 -108.157852
202.828327 -103.749596
202.828808 -102.579048
202.829288 -102.600410
202.829769 -103.052299
202.830250 -101.313736
202.830731 -101.436096
202.831212 -103.020889
202.831692 -103.399689
202.832173 -100.643158
202.832654 -100.471474
202.833135 -102.463310
202.833615 -106.292679
202.834096 -105.807007
202.834577 -107.900940
202.835058 -107.691475
202.835538 -106.249962
202.836019 -105.071808
202.836500 -105.464577
202.836981 -101.291840
202.837462 -100.757713
202.837942 -101.676765
202.838423 -102.701195
202.838904 -99.090836
202.839385 -99.073380
202.839865 -100.032333
202.840346 -100.396889
202.840827 -103.135292
202.841308 -114.259361
202.841788 -105.504639
202.842269 -96.435265
202.842750 -94.740379
202.843231 -94.877029
202.843712 -100.391068
202.844192 -107.828018
202.844673 -107.361794
202.845154 -107.028854
202.845635 -103.633835
202.846115 -104.040222
202.846596 -100.527779
202.847077 -100.498573
202.847558 -104.531448
202.848038 -103.519524
202.848519 -103.743828
202.849000 -101.586578
202.849481 -101.596657
202.849962 -106.532639
202.850442 -107.588127
202.850923 -99.928925
202.851404 -97.622803
202.851885 -97.912056
202.852365 -107.594055
202.852846 -104.893349
202.853327 -102.715477
202.853808 -102.188911
202.854288 -102.000824
202.854769 -99.740463
202.855250 -99.585503
202.855731 -102.422226
202.856212 -106.496407
202.856692 -102.689980
202.857173 -102.453140
202.857654 -104.335701
202.858135 -108.033440
202.858615 -108.386253
202.859096 -104.330124
202.859577 -104.239723
202.860058 -105.141418
202.860538 -105.087227
202.861019 -104.902260
202.861500 -106.410881
202.861981 -106.937012
202.862462 -107.108124
202.862942 -107.878746
202.863423 -110.264481
202.863904 -108.978783
202.864385 -104.881454
202.864865 -99.715485
202.865346 -99.025078
202.865827 -99.830612
202.866308 -107.737503
202.866788 -102.716927
202.867269 -99.393723
202.867750 -99.322533
202.868231 -100.254135
202.868712 -100.494888
202.869192 -101.892738
202.869673 -106.761368
202.870154 -106.030426
202.870635 -107.251320
202.871115 -104.263596
202.871596 -103.517632
202.872077 -101.680313
202.872558 -99.468269
202.873038 -99.508766
202.873519 -103.942970
202.874000 -110.713554
202.874481 -114.959145
202.874962 -105.297798
202.875442 -105.136002
202.875923 -105.402565
202.876404 -105.096703
202.876885 -108.266098
202.877365 -109.348557
202.877846 -105.028099
202.878327 -104.103081
202.878808 -105.156906
202.879288 -108.297905
202.879769 -108.402618
202.880250 -109.442345
202.880731 -102.733032
202.881212 -101.442467
202.881692 -102.093048
202.882173 -108.970367
202.882654 -103.990509
202.883135 -104.132393
202.883615 -101.862823
202.884096 -101.851570
202.884577 -100.026764
202.885058 -99.226456
202.885538 -100.688446
202.886019 -115.832069
202.886500 -109.708168
202.886981 -107.207146
202.887462 -108.264885
202.887942 -102.819275
202.888423 -102.693001
202.888904 -106.844696
202.889385 -110.220390
202.889865 -108.174622
202.890346 -107.639877
202.890827 -108.782372
202.891308 -104.348999
202.891788 -104.386162
202.892269 -110.827988
202.892750 -106.976250
202.893231 -102.893250
202.893712 -101.055817
202.894192 -101.197556
202.894673 -103.180908
202.895154 -107.882912
202.895635 -106.482674
202.896115 -106.489037
202.896596 -105.137108
202.897077 -105.146347
202.897558 -111.155128
202.898038 -117.324661
202.898519 -119.650558
202.899000 -110.935532
202.899481 -108.870522
202.899962 -106.924850
202.900442 -103.107979
202.900923 -103.011490
202.901404 -103.636269
202.901885 -104.139404
202.902365 -108.385757
202.902846 -102.496635
202.903327 -101.419098
202.903808 -101.802170
202.904288 -108.161385
202.904769 -108.523384
202.905250 -107.569908
202.905731 -106.939499
202.906212 -105.917053
202.906692 -106.275002
202.907173 -108.529877
202.907654 -111.633156
202.908135 -113.540627
202.908615 -113.502312
202.909096 -109.164085
202.909577 -103.082420
202.910058 -102.730537
202.910538 -105.269974
202.911019 -114.531509
202.911500 -108.797432
202.911981 -108.413979
202.912462 -107.297592
202.912942 -106.776527
202.913423 -106.911224
202.913904 -108.371269
202.914385 -108.793091
202.914865 -106.591049
202.915346 -104.582825
202.915827 -104.580673
202.916308 -107.769295
202.916788 -109.780258
202.917269 -107.971397
202.917750 -107.247215
202.918231 -104.076126
202.918712 -103.194778
202.919192 -104.112984
202.919673 -112.764442
202.920154 -108.643616
202.920635 -108.607063
202.921115 -111.758614
202.921596 -115.959206
202.922077 -109.727325
202.922558 -108.569626
202.923038 -108.690239
202.923519 -110.972954
202.924000 -107.412048
202.924481 -107.290741
202.924962 -108.406593
202.925442 -106.953262
202.925923 -104.298492
202.926404 -104.035210
202.926885 -107.600822
202.927365 -113.208267
202.927846 -113.275711
202.928327 -116.157173
202.928808 -106.438400
202.929288 -104.856750
202.929769 -105.797142
202.930250 -110.386757
202.930731 -108.569427
202.931212 -108.475853
202.931692 -110.830025
202.932173 -111.546280
202.932654 -115.300453
202.933135 -110.382370
202.933615 -106.837975
202.934096 -104.962502
202.934577 -105.080147
202.935058 -112.326012
202.935538 -104.999733
202.936019 -102.809219
202.936500 -102.990204
202.936981 -108.128265
202.937462 -106.730591
202.937942 -106.064888
202.938423 -105.706512
202.938904 -108.115219
202.939385 -110.645027
202.939865 -107.955101
202.940346 -105.361122
202.940827 -105.087280
202.941308 -106.277161
202.941788 -106.132980
202.942269 -105.604401
202.942750 -106.411201
202.943231 -109.647469
202.943712 -109.960693
202.944192 -106.407028
202.944673 -106.320816
202.945154 -107.562721
202.945635 -101.852684
202.946115 -101.237389
202.946596 -103.289162
202.947077 -107.637115
202.947558 -109.332153
202.948038 -111.415398
202.948519 -108.109512
202.949000 -107.687271
202.949481 -109.382179
202.949962 -107.453392
202.950442 -104.478104
202.950923 -104.752693
202.951404 -108.874390
202.951885 -108.756622
202.952365 -112.921089
202.952846 -108.322678
202.953327 -105.046036
202.953808 -105.058632
202.954288 -106.484055
202.954769 -112.256096
202.955250 -114.945854
202.955731 -115.557266
202.956212 -108.344231
202.956692 -105.172394
202.957173 -104.973717
202.957654 -106.281944
202.958135 -110.156136
202.958615 -109.505417
202.959096 -109.080887
202.959577 -108.183403
202.960058 -108.046913
202.960538 -111.533524
202.961019 -112.122017
202.961500 -111.185547
202.961981 -106.884972
202.962462 -106.909424
202.962942 -113.138344
202.963423 -120.090965
202.963904 -113.953758
202.964385 -107.166191
202.964865 -104.040817
202.965346 -103.933533
202.965827 -105.064629
202.966308 -108.525871
202.966788 -112.420067
202.967269 -112.386475
202.967750 -112.086723
202.968231 -110.650604
202.968712 -101.566948
202.969192 -100.553696
202.969673 -101.025314
202.970154 -102.819794
202.970635 -103.112877
202.971115 -106.753502
202.971596 -106.945610
202.972077 -108.862778
202.972558 -117.174820
202.973038 -117.300247
202.973519 -118.421532
202.974000 -105.825645
202.974481 -104.773598
202.974962 -105.933456
202.975442 -110.885643
202.975923 -110.764748
202.976404 -114.391212
202.976885 -109.369820
202.977365 -105.641006
202.977846 -106.081512
202.978327 -107.478432
202.978808 -111.397835
202.979288 -109.936981
202.979769 -109.598976
202.980250 -112.597412
202.980731 -114.746414
202.981212 -113.862587
202.981692 -114.649971
202.982173 -114.269539
202.982654 -109.157669
202.983135 -105.224045
202.983615 -104.941307
202.984096 -105.665855
202.984577 -105.508492
202.985058 -101.813240
202.985538 -101.593880
202.986019 -102.478989
202.986500 -102.349785
202.986981 -102.168808
202.987462 -104.692429
202.987942 -113.849335
202.988423 -119.404411
202.988904 -113.494995
202.989385 -110.523834
202.989865 -110.126549
202.990346 -111.341354
202.990827 -116.883034
202.991308 -112.287483
202.991788 -111.407188
202.992269 -111.853714
202.992750 -111.254219
202.993231 -111.139328
202.993712 -115.170860
202.994192 -115.198174
202.994673 -115.210808
202.995154 -121.810478
202.995635 -121.815575
202.996115 -112.143921
202.996596 -105.870689
202.997077 -104.510475
202.997558 -104.779854
202.998038 -107.508514
202.998519 -111.092453
202.999000 -105.681854
202.999481 -103.961159
202.999962 -103.950691
203.000442 -106.207024
203.000923 -112.195473
203.001404 -107.418968
203.001885 -106.270073
203.002365 -106.070564
203.002846 -106.700867
203.003327 -113.973083
203.003808 -111.490723
203.004288 -111.415749
203.004769 -109.247116
203.005250 -108.599510
203.005731 -110.295197
203.006212 -112.648346
203.006692 -112.912361
203.007173 -114.206596
203.007654 -113.121933
203.008135 -113.235329
203.008615 -112.072868
203.009096 -110.932968
203.009577 -111.040512
203.010058 -112.153786
203.010538 -111.721115
203.011019 -112.119339
203.011500 -115.087822
203.011981 -108.850975
203.012462 -108.709534
203.012942 -112.621635
203.013423 -109.185692
203.013904 -108.702797
203.014385 -109.824127
203.014865 -112.258430
203.015346 -112.093025
203.015827 -113.909042
203.016308 -109.122604
203.016788 -108.870491
203.017269 -109.406189
203.017750 -110.790253
203.018231 -111.461288
203.018712 -110.455254
203.019192 -110.323883
203.019673 -107.064461
203.020154 -106.452629
203.020635 -107.680664
203.021115 -114.122261
203.021596 -113.008301
203.022077 -110.189194
203.022558 -108.414513
203.023038 -108.397957
203.023519 -112.385124
203.024000 -111.322166
203.024481 -113.179512
203.024962 -109.167168
203.025442 -109.195877
203.025923 -115.293594
203.026404 -113.941971
203.026885 -115.795937
203.027365 -125.963860
203.027846 -113.890839
203.028327 -111.541969
203.028808 -112.840691
203.029288 -122.192154
203.029769 -113.559845
203.030250 -111.158966
203.030731 -111.088982
203.031212 -111.018120
203.031692 -108.972183
203.032173 -110.325890
203.032654 -116.690521
203.033135 -115.728424
203.033615 -116.444107
203.034096 -114.896194
203.034577 -113.127205
203.035058 -110.161568
203.035538 -109.966042
203.036019 -110.578621
203.036500 -110.416801
203.036981 -111.007462
203.037462 -111.736008
203.037942 -112.602463
203.038423 -108.638710
203.038904 -107.620453
203.039385 -108.109077
203.039865 -114.469398
203.040346 -114.809471
203.040827 -114.288277
203.041308 -114.187836
203.041788 -113.543175
203.042269 -112.833466
203.042750 -115.703011
203.043231 -113.269806
203.043712 -111.613518
203.044192 -112.037163
203.044673 -113.010185
203.045154 -112.019379
203.045635 -111.613441
203.046115 -113.197502
203.046596 -123.564095
203.047077 -113.613434
203.047558 -111.235092
203.048038 -111.353447
203.048519 -115.303650
203.049000 -115.093254
203.049481 -111.703201
203.049962 -108.882744
203.050442 -108.875824
203.050923 -112.368958
203.051404 -115.068977
203.051885 -115.364983
203.052365 -116.907570
203.052846 -118.673889
203.053327 -113.966484
203.053808 -111.945381
203.054288 -109.705544
203.054769 -109.852837
203.055250 -109.607178
203.055731 -108.250122
203.056212 -109.467850
203.056692 -117.667839
203.057173 -115.198128
203.057654 -116.540123
203.058135 -115.530663
203.058615 -108.909676
203.059096 -107.907127
203.059577 -108.088516
203.060058 -112.453636
203.060538 -118.383141
203.061019 -110.147675
203.061500 -108.748260
203.061981 -110.206779
203.062462 -115.333809
203.062942 -118.862366
203.063423 -111.471512
203.063904 -107.622444
203.064385 -106.613762
203.064865 -104.122993
203.065346 -104.064842
203.065827 -107.637985
203.066308 -112.625572
203.066788 -111.488869
203.067269 -111.429611
203.067750 -113.913803
203.068231 -109.099594
203.068712 -105.454781
203.069192 -105.409477
203.069673 -107.522606
203.070154 -109.392792
203.070635 -114.224068
203.071115 -109.901886
203.071596 -109.831360
203.072077 -110.051949
203.072558 -110.879471
203.073038 -111.477432
203.073519 -112.309540
203.074000 -118.383720
203.074481 -112.140984
203.074962 -111.347748
203.075442 -111.330338
203.075923 -105.278023
203.076404 -105.071365
203.076885 -107.835838
203.077365 -111.061455
203.077846 -110.867561
203.078327 -111.882088
203.078808 -112.232841
203.079288 -113.201805
203.079769 -113.612991
203.080250 -113.168510
203.080731 -109.064911
203.081212 -108.559212
203.081692 -110.081833
203.082173 -108.947113
203.082654 -108.882034
203.083135 -110.375114
203.083615 -111.062012
203.084096 -112.231735
203.084577 -113.746262
203.085058 -112.930031
203.085538 -109.372200
203.086019 -107.306282
203.086500 -105.816299
203.086981 -105.795921
203.087462 -107.275635
203.087942 -110.437477
203.088423 -106.280327
203.088904 -106.255692
203.089385 -109.838051
203.089865 -115.612267
203.090346 -116.557373
203.090827 -114.845505
203.091308 -110.439095
203.091788 -107.014740
203.092269 -106.910698
203.092750 -109.670547
203.093231 -117.855545
203.093712 -113.952972
203.094192 -109.762726
203.094673 -109.771523
203.095154 -112.895599
203.095635 -105.741196
203.096115 -105.203583
203.096596 -106.677399
203.097077 -114.125107
203.097558 -113.642082
203.098038 -113.219055
203.098519 -114.831116
203.099000 -114.991356
203.099481 -115.031532
203.099962 -118.882057
203.100442 -115.515327
203.100923 -115.495384
203.101404 -111.894119
203.101885 -110.524384
203.102365 -111.191978
203.102846 -123.396301
203.103327 -113.455116
203.103808 -112.189972
203.104288 -110.721031
203.104769 -110.715233
203.105250 -110.017097
203.105731 -109.481934
203.106212 -112.299469
203.106692 -111.712837
203.107173 -111.447807
203.107654 -113.900551
203.108135 -113.027969
203.108615 -114.431091
203.109096 -119.925865
203.109577 -110.115150
203.110058 -105.548294
203.110538 -104.183266
203.111019 -104.090698
203.111500 -105.130188
203.111981 -103.489212
203.112462 -103.559532
203.112942 -108.975800
203.113423 -110.416374
203.113904 -111.775208
203.114385 -111.381897
203.114865 -111.178474
203.115346 -111.821228
203.115827 -110.767365
203.116308 -113.440712
203.116788 -116.620598
203.117269 -110.169937
203.117750 -110.131561
203.118231 -107.863312
203.118712 -107.752014
203.119192 -109.910896
203.119673 -114.399170
203.120154 -112.061775
203.120635 -113.003708
203.121115 -114.273705
203.121596 -118.525726
203.122077 -114.227623
203.122558 -110.503288
203.123038 -110.585388
203.123519 -107.251648
203.124000 -105.712852
203.124481 -105.797623
203.124962 -106.726555
203.125442 -108.393974
203.125923 -110.260948
203.126404 -109.713264
203.126885 -111.587151
203.127365 -108.712051
203.127846 -108.166893
203.128327 -108.986473
203.128808 -110.696068
203.129288 -113.375786
203.129769 -116.162697
203.130250 -114.030884
203.130731 -113.753624
203.131212 -111.364227
203.131692 -111.343262
203.132173 -117.269531
203.132654 -113.264702
203.133135 -111.558060
203.133615 -111.466667
203.134096 -115.142883
203.134577 -116.422592
203.135058 -117.917740
203.135538 -109.827896
203.136019 -108.968796
203.136500 -111.649033
203.136981 -118.277718
203.137462 -115.192871
203.137942 -113.177055
203.138423 -111.838356
203.138904 -112.143585
203.139385 -116.520767
203.139865 -120.111313
203.140346 -111.809860
203.140827 -110.879372
203.141308 -113.472992
203.141788 -113.217033
203.142269 -111.670570
203.142750 -112.068916
203.143231 -114.455528
203.143712 -114.589912
203.144192 -116.813103
203.144673 -116.300636
203.145154 -119.837807
203.145635 -113.858963
203.146115 -111.887604
203.146596 -111.853439
203.147077 -109.364952
203.147558 -107.570374
203.148038 -107.074829
203.148519 -106.278008
203.149000 -106.106789
203.149481 -107.210938
203.149962 -111.536232
203.150442 -115.734825
203.150923 -111.169518
203.151404 -110.995316
203.151885 -112.131645
203.152365 -113.844353
203.152846 -114.997894
203.153327 -118.696716
203.153808 -121.612976
203.154288 -119.962898
203.154769 -118.034714
203.155250 -116.910805
203.155731 -113.403931
203.156212 -115.260681
203.156692 -114.746300
203.157173 -115.169296
203.157654 -115.149940
203.158135 -115.133171
203.158615 -116.026649
203.159096 -117.291992
203.159577 -125.366577
203.160058 -119.624481
203.160538 -118.428040
203.161019 -118.944656
203.161500 -121.605057
203.161981 -128.616821
203.162462 -120.604607
203.162942 -112.284897
203.163423 -111.491249
203.163904 -112.783386
203.164385 -120.128281
203.164865 -119.203865
203.165346 -109.915085
203.165827 -108.689545
203.166308 -109.370033
203.166788 -109.620819
203.167269 -109.015854
203.167750 -110.671021
203.168231 -113.740379
203.168712 -110.733536
203.169192 -107.040726
203.169673 -106.310364
203.170154 -107.030441
203.170635 -111.406090
203.171115 -112.059074
203.171596 -110.373886
203.172077 -110.373856
203.172558 -111.647125
203.173038 -110.496452
203.173519 -109.679741
203.174000 -109.902000
203.174481 -113.849548
203.174962 -117.052086
203.175442 -117.959534
203.175923 -114.972717
203.176404 -114.920906
203.176885 -113.485802
203.177365 -112.197159
203.177846 -113.407364
203.178327 -121.475372
203.178808 -121.438797
203.179288 -118.720062
203.179769 -115.010307
203.180250 -112.363937
203.180731 -113.757088
203.181212 -106.992035
203.181692 -106.361710
203.182173 -106.594170
203.182654 -107.889923
203.183135 -109.369499
203.183615 -110.662315
203.184096 -109.141418
203.184577 -109.094887
203.185058 -112.194710
203.185538 -113.730263
203.186019 -113.593513
203.186500 -115.888283
203.186981 -113.132774
203.187462 -111.571709
203.187942 -112.032410
203.188423 -113.564903
203.188904 -118.343758
203.189385 -111.454437
203.189865 -108.816559
203.190346 -108.584366
203.190827 -108.139168
203.191308 -108.998665
203.191788 -110.893501
203.192269 -110.890152
203.192750 -114.533852
203.193231 -110.830292
203.193712 -110.510254
203.194192 -115.949707
203.194673 -113.470375
203.195154 -113.685677
203.195635 -115.658234
203.196115 -115.601158
203.196596 -118.365967
203.197077 -121.533234
203.197558 -112.118065
203.198038 -110.014030
203.198519 -110.709892
203.199000 -117.274712
203.199481 -117.949448
203.199962 -113.870514
203.200442 -114.071869
203.200923 -118.230698
203.201404 -119.101967
203.201885 -110.317749
203.202365 -108.667763
203.202846 -109.387177
203.203327 -112.894516
203.203808 -107.752327
203.204288 -107.555481
203.204769 -110.236877
203.205250 -115.479630
203.205731 -113.610863
203.206212 -112.932579
203.206692 -113.263603
203.207173 -114.979378
203.207654 -109.820930
203.208135 -109.804527
203.208615 -112.986389
203.209096 -118.933754
203.209577 -109.407722
203.210058 -109.108597
203.210538 -110.988853
203.211019 -109.799812
203.211500 -109.742500
203.211981 -112.048759
203.212462 -119.294640
203.212942 -120.425407
203.213423 -117.827576
203.213904 -117.807091
203.214385 -122.099197
203.214865 -116.149933
203.215346 -114.808243
203.215827 -114.645897
203.216308 -116.872543
203.216788 -110.947624
203.217269 -108.691505
203.217750 -108.756706
203.218231 -114.747116
203.218712 -113.539139
203.219192 -115.740685
203.219673 -118.939751
203.220154 -115.390160
203.220635 -112.263504
203.221115 -109.835457
203.221596 -108.204826
203.222077 -108.154594
203.222558 -108.813324
203.223038 -110.596390
203.223519 -112.476158
203.224000 -116.428612
203.224481 -116.213982
203.224962 -117.050552
203.225442 -118.645996
203.225923 -112.925125
203.226404 -112.739532
203.226885 -117.828766
203.227365 -117.137779
203.227846 -117.119789
203.228327 -117.005577
203.228808 -116.453583
203.229288 -116.293053
203.229769 -119.696060
203.230250 -116.470955
203.230731 -113.359001
203.231212 -112.959618
203.231692 -114.467422
203.232173 -111.642807
203.232654 -108.616966
203.233135 -108.374657
203.233615 -109.722778
203.234096 -116.760132
203.234577 -121.766678
203.235058 -121.295341
203.235538 -116.968788
203.236019 -115.122200
203.236500 -116.846115
203.236981 -118.814102
203.237462 -113.083321
203.237942 -112.225197
203.238423 -115.709755
203.238904 -115.294014
203.239385 -115.940285
203.239865 -116.983154
203.240346 -111.555130
203.240827 -108.524399
203.241308 -108.413818
203.241788 -109.576912
203.242269 -111.066467
203.242750 -115.387062
203.243231 -114.841431
203.243712 -114.794937
203.244192 -115.350708
203.244673 -114.929642
203.245154 -114.603065
203.245635 -118.854309
203.246115 -111.922531
203.246596 -110.242516
203.247077 -110.447456
203.247558 -114.833748
203.248038 -114.022873
203.248519 -114.046913
203.249000 -114.766853
203.249481 -113.862816
203.249962 -114.405373
203.250442 -115.847351
203.250923 -116.326141
203.251404 -123.156479
203.251885 -122.394882
203.252365 -113.708466
203.252846 -112.647430
203.253327 -113.435982
203.253808 -116.232544
203.254288 -117.309380
203.254769 -117.139008
203.255250 -120.543045
203.255731 -114.551025
203.256212 -113.488892
203.256692 -115.200081
203.257173 -115.047249
203.257654 -111.458588
203.258135 -110.233620
203.258615 -110.583603
203.259096 -114.695381
203.259577 -124.951988
203.260058 -112.268784
203.260538 -108.058846
203.261019 -107.973106
203.261500 -109.814011
203.261981 -115.314255
203.262462 -111.807579
203.262942 -111.210861
203.263423 -111.509697
203.263904 -112.168381
203.264385 -113.355324
203.264865 -115.019432
203.265346 -113.017258
203.265827 -112.294846
203.266308 -112.530106
203.266788 -115.171761
203.267269 -116.240936
203.267750 -114.086708
203.268231 -114.090599
203.268712 -114.186539
203.269192 -116.192612
203.269673 -116.788162
203.270154 -121.120682
203.270635 -115.516739
203.271115 -114.073395
203.271596 -114.136169
203.272077 -115.628700
203.272558 -115.396904
203.273038 -116.538467
203.273519 -116.389221
203.274000 -115.209061
203.274481 -113.246078
203.274962 -110.354355
203.275442 -109.778275
203.275923 -110.196404
203.276404 -116.642639
203.276885 -123.335907
203.277365 -123.515205
203.277846 -122.803078
203.278327 -117.904243
203.278808 -114.607391
203.279288 -112.129837
203.279769 -112.091736
203.280250 -115.130142
203.280731 -121.308739
203.281212 -125.079338
203.281692 -126.391060
203.282173 -121.135948
203.282654 -118.544014
203.283135 -114.479897
203.283615 -114.133461
203.284096 -116.246948
203.284577 -112.255424
203.285058 -110.496902
203.285538 -111.205559
203.286019 -115.305588
203.286500 -118.034882
203.286981 -112.655022
203.287462 -112.185913
203.287942 -113.035912
203.288423 -112.040398
203.288904 -109.992142
203.289385 -109.982323
203.289865 -111.305618
203.290346 -115.479858
203.290827 -112.357925
203.291308 -111.589920
203.291788 -111.889336
203.292269 -113.608658
203.292750 -113.644859
203.293231 -110.684967
203.293712 -110.172897
203.294192 -111.678131
203.294673 -112.813454
203.295154 -112.809853
203.295635 -114.043076
203.296115 -120.752586
203.296596 -119.751556
203.297077 -117.529549
203.297558 -118.360924
203.298038 -114.508850
203.298519 -113.878647
203.299000 -114.863350
203.299481 -114.957680
203.299962 -115.570930
203.300442 -117.215500
203.300923 -115.293793
203.301404 -110.325043
203.301885 -109.847755
203.302365 -110.847603
203.302846 -120.014557
203.303327 -117.474174
203.303808 -119.018776
203.304288 -117.583191
203.304769 -116.242409
203.305250 -111.793434
203.305731 -110.415428
203.306212 -111.238304
203.306692 -116.998245
203.307173 -108.922508
203.307654 -107.420471
203.308135 -107.600021
203.308615 -110.753067
203.309096 -116.605370
203.309577 -120.379974
203.310058 -119.079437
203.310538 -113.895569
203.311019 -113.781052
203.311500 -110.093002
203.311981 -109.662086
203.312462 -110.649643
203.312942 -112.167549
203.313423 -113.261375
203.313904 -119.433014
203.314385 -116.996529
203.314865 -118.557144
203.315346 -117.012154
203.315827 -114.779068
203.316308 -115.605743
203.316788 -113.081787
203.317269 -113.425407
203.317750 -113.437027
203.318231 -114.289597
203.318712 -115.004341
203.319192 -109.631744
203.319673 -109.500580
203.320154 -111.442322
203.320635 -112.110115
203.321115 -112.352333
203.321596 -116.461212
203.322077 -127.492744
203.322558 -118.169807
203.323038 -114.069290
203.323519 -112.936028
203.324000 -113.132111
203.324481 -114.371574
203.324962 -114.239426
203.325442 -111.973785
203.325923 -111.179550
203.326404 -110.625526
203.326885 -110.580383
203.327365 -111.125496
203.327846 -111.678360
203.328327 -112.543968
203.328808 -120.061729
203.329288 -117.794357
203.329769 -118.157501
203.330250 -118.294952
203.330731 -118.112030
203.331212 -113.502647
203.331692 -111.262131
203.332173 -111.352356
203.332654 -115.769966
203.333135 -112.320168
203.333615 -112.363922
203.334096 -115.053413
203.334577 -120.733383
203.335058 -116.413399
203.335538 -114.938866
203.336019 -114.953125
203.336500 -111.185692
203.336981 -110.145279
203.337462 -111.722244
203.337942 -114.677803
203.338423 -113.593925
203.338904 -114.193588
203.339385 -112.319702
203.339865 -110.621742
203.340346 -111.030975
203.340827 -112.686127
203.341308 -115.609085
203.341788 -112.903297
203.342269 -111.141602
203.342750 -111.186127
203.343231 -115.319847
203.343712 -112.317345
203.344192 -112.169960
203.344673 -115.071655
203.345154 -111.079025
203.345635 -110.695740
203.346115 -111.732124
203.346596 -114.649109
203.347077 -111.624062
203.347558 -111.352478
203.348038 -115.363052
203.348519 -112.786041
203.349000 -110.861107
203.349481 -110.181541
203.349962 -110.042488
203.350442 -111.485336
203.350923 -119.493668
203.351404 -114.028191
203.351885 -113.803322
203.352365 -115.705803
203.352846 -121.747063
203.353327 -125.445023
203.353808 -118.798477
203.354288 -116.102791
203.354769 -116.152748
203.355250 -118.867332
203.355731 -118.798637
203.356212 -118.942436
203.356692 -118.924408
203.357173 -115.088249
203.357654 -114.342758
203.358135 -113.717934
203.358615 -113.767502
203.359096 -119.000175
203.359577 -122.876068
203.360058 -116.782455
203.360538 -115.000565
203.361019 -110.603798
203.361500 -108.486923
203.361981 -108.639168
203.362462 -113.745316
203.362942 -120.893600
203.363423 -121.387123
203.363904 -120.527145
203.364385 -114.582092
203.364865 -110.494743
203.365346 -107.441483
203.365827 -107.312775
203.366308 -109.594612
203.366788 -116.294632
203.367269 -110.158951
203.367750 -109.417427
203.368231 -110.074997
203.368712 -113.029289
203.369192 -112.708611
203.369673 -113.576607
203.370154 -118.527725
203.370635 -117.447441
203.371115 -119.189560
203.371596 -118.072174
203.372077 -117.010368
203.372558 -119.053093
203.373038 -131.504547
203.373519 -118.942688
203.374000 -116.292786
203.374481 -114.850296
203.374962 -112.624588
203.375442 -113.191940
203.375923 -113.910339
203.376404 -113.892532
203.376885 -115.170204
203.377365 -113.065063
203.377846 -111.347969
203.378327 -111.287941
203.378808 -112.262848
203.379288 -114.218582
203.379769 -117.887039
203.380250 -116.779938
203.380731 -112.476685
203.381212 -110.950584
203.381692 -111.491364
203.382173 -115.498459
203.382654 -118.228096
203.383135 -122.827187
203.383615 -122.403954
203.384096 -121.961464
203.384577 -118.817436
203.385058 -118.788795
203.385538 -120.762039
203.386019 -119.445557
203.386500 -119.433914
203.386981 -120.207863
203.387462 -117.086273
203.387942 -114.981110
203.388423 -116.254395
203.388904 -120.861855
203.389385 -121.037376
203.389865 -114.923553
203.390346 -113.877258
203.390827 -114.051079
203.391308 -117.988075
203.391788 -115.780418
203.392269 -113.814171
203.392750 -112.925774
203.393231 -113.398575
203.393712 -118.652718
203.394192 -122.789886
203.394673 -120.166779
203.395154 -118.907753
203.395635 -120.118561
203.396115 -116.688766
203.396596 -115.467812
203.397077 -115.105637
203.397558 -116.349991
203.398038 -122.240952
203.398519 -116.845993
203.399000 -116.278847
203.399481 -119.207146
203.399962 -120.076187
203.400442 -118.705658
203.400923 -120.224648
203.401404 -115.251404
203.401885 -109.515617
203.402365 -109.502487
203.402846 -112.931679
203.403327 -124.622704
203.403808 -132.126877
203.404288 -129.144455
203.404769 -126.796745
203.405250 -119.755264
203.405731 -115.449860
203.406212 -115.448853
203.406692 -118.357826
203.407173 -118.363281
203.407654 -118.454544
203.408135 -116.310478
203.408615 -115.701233
203.409096 -113.182434
203.409577 -113.395340
203.410058 -118.049858
203.410538 -115.680519
203.411019 -113.545135
203.411500 -114.066162
203.411981 -116.444862
203.412462 -114.682159
203.412942 -112.013664
203.413423 -110.191422
203.413904 -109.777428
203.414385 -110.135529
203.414865 -109.480057
203.415346 -107.513809
203.415827 -107.581139
203.416308 -111.595711
203.416788 -115.939682
203.417269 -113.224258
203.417750 -112.408981
203.418231 -112.965446
203.418712 -118.440437
203.419192 -116.398460
203.419673 -116.368111
203.420154 -117.572830
203.420635 -110.845810
203.421115 -109.685303
203.421596 -110.953743
203.422077 -118.398056
203.422558 -124.483330
203.423038 -122.425148
203.423519 -117.638191
203.424000 -117.406715
203.424481 -118.290604
203.424962 -117.709290
203.425442 -117.598167
203.425923 -116.791298
203.426404 -113.283897
203.426885 -113.169197
203.427365 -115.279640
203.427846 -122.011330
203.428327 -127.825569
203.428808 -134.294235
203.429288 -126.685936
203.429769 -116.934631
203.430250 -113.109207
203.430731 -112.964317
203.431212 -114.603691
203.431692 -123.628929
203.432173 -117.468239
203.432654 -115.256630
203.433135 -115.760834
203.433615 -118.224365
203.434096 -117.024658
203.434577 -116.851639
203.435058 -120.195969
203.435538 -111.851257
203.436019 -111.121933
203.436500 -111.499458
203.436981 -112.804024
203.437462 -117.352402
203.437942 -114.032722
203.438423 -114.815994
203.438904 -124.452835
203.439385 -116.923157
203.439865 -116.138588
203.440346 -112.173462
203.440827 -112.011932
203.441308 -113.487007
203.441788 -116.450714
203.442269 -114.178864
203.442750 -112.922600
203.443231 -113.897682
203.443712 -116.687424
203.444192 -114.685074
203.444673 -112.003601
203.445154 -111.618240
203.445635 -113.524796
203.446115 -121.844818
203.446596 -114.982033
203.447077 -111.167915
203.447558 -111.216805
203.448038 -113.094688
203.448519 -112.458374
203.449000 -113.128426
203.449481 -118.593208
203.449962 -115.652321
203.450442 -114.033432
203.450923 -114.729393
203.451404 -115.116081
203.451885 -114.986839
203.452365 -116.775360
203.452846 -121.575249
203.453327 -120.818214
203.453808 -124.584770
203.454288 -129.246338
203.454769 -124.656586
203.455250 -120.676025
203.455731 -119.831940
203.456212 -112.931679
203.456692 -111.103470
203.457173 -110.053490
203.457654 -110.076645
203.458135 -109.582367
203.458615 -109.869308
203.459096 -114.847801
203.459577 -116.169846
203.460058 -115.768188
203.460538 -116.358879
203.461019 -121.057991
203.461500 -112.981789
203.461981 -112.951584
203.462462 -118.848373
203.462942 -118.686989
203.463423 -118.931480
203.463904 -120.056664
203.464385 -117.394287
203.464865 -118.892601
203.465346 -116.096626
203.465827 -116.172379
203.466308 -116.919685
203.466788 -112.261841
203.467269 -111.138222
203.467750 -111.062225
203.468231 -113.425072
203.468712 -115.331535
203.469192 -114.743790
203.469673 -114.112122
203.470154 -114.697411
203.470635 -115.757820
203.471115 -115.216133
203.471596 -116.253174
203.472077 -110.305428
203.472558 -110.161278
203.473038 -112.199944
203.473519 -121.339081
203.474000 -120.995964
203.474481 -116.566032
203.474962 -115.927727
203.475442 -116.737007
203.475923 -118.213234
203.476404 -121.204033
203.476885 -121.002388
203.477365 -120.434311
203.477846 -121.956726
203.478327 -124.580391
203.478808 -121.236748
203.479288 -121.798378
203.479769 -118.677193
203.480250 -117.709175
203.480731 -118.449608
203.481212 -119.975128
203.481692 -114.968887
203.482173 -114.953598
203.482654 -117.758591
203.483135 -115.703445
203.483615 -116.069168
203.484096 -119.731865
203.484577 -119.735817
203.485058 -119.660576
203.485538 -114.909912
203.486019 -112.693367
203.486500 -112.587288
203.486981 -113.419334
203.487462 -116.045837
203.487942 -120.045174
203.488423 -117.390335
203.488904 -116.737885
203.489385 -115.528763
203.489865 -115.411461
203.490346 -115.914505
203.490827 -112.886154
203.491308 -112.778557
203.491788 -116.337952
203.492269 -123.400787
203.492750 -122.635307
203.493231 -119.839363
203.493712 -112.911201
203.494192 -110.807182
203.494673 -110.856499
203.495154 -115.031807
203.495635 -116.015656
203.496115 -115.171738
203.496596 -118.722786
203.497077 -115.682808
203.497558 -115.965790
203.498038 -116.441330
203.498519 -118.464989
203.499000 -121.348518
203.499481 -119.666161
203.499962 -119.371468
203.500442 -119.968246
203.500923 -117.698418
203.501404 -114.801849
203.501885 -113.016701
203.502365 -109.398117
203.502846 -107.245193
203.503327 -107.280785
203.503808 -111.209007
203.504288 -116.583504
203.504769 -116.029350
203.505250 -115.308807
203.505731 -117.325272
203.506212 -112.728523
203.506692 -112.727959
203.507173 -115.246178
203.507654 -119.401512
203.508135 -119.279434
203.508615 -115.783821
203.509096 -114.484261
203.509577 -114.605759
203.510058 -113.581726
203.510538 -113.795456
203.511019 -120.840019
203.511500 -121.776161
203.511981 -124.800819
203.512462 -114.763451
203.512942 -109.272102
203.513423 -108.456543
203.513904 -108.711754
203.514385 -109.153130
203.514865 -109.150833
203.515346 -111.423523
203.515827 -119.466492
203.516308 -114.509750
203.516788 -111.030060
203.517269 -111.029541
203.517750 -114.968224
203.518231 -124.225853
203.518712 -123.581360
203.519192 -116.602692
203.519673 -114.880249
203.520154 -116.005798
203.520635 -125.552361
203.521115 -122.172943
203.521596 -122.358765
203.522077 -119.638672
203.522558 -119.563416
203.523038 -120.811478
203.523519 -115.671654
203.524000 -114.474342
203.524481 -114.868248
203.524962 -114.720612
203.525442 -114.517159
203.525923 -116.124840
203.526404 -114.859077
203.526885 -110.907112
203.527365 -109.950134
203.527846 -110.799438
203.528327 -114.620155
203.528808 -116.924469
203.529288 -119.198776
203.529769 -123.422371
203.530250 -120.660286
203.530731 -120.669846
203.531212 -121.169029
203.531692 -117.977310
203.532173 -114.388924
203.532654 -113.509010
203.533135 -112.186226
203.533615 -109.620949
203.534096 -109.553116
203.534577 -113.764679
203.535058 -128.310425
203.535538 -121.818726
203.536019 -120.140083
203.536500 -117.320984
203.536981 -117.067970
203.537462 -124.152550
203.537942 -124.208054
203.538423 -121.791855
203.538904 -116.429619
203.539385 -111.800629
203.539865 -111.755219
203.540346 -113.718163
203.540827 -117.745415
203.541308 -116.655106
203.541788 -113.320488
203.542269 -113.281868
203.542750 -115.578705
203.543231 -116.928162
203.543712 -117.671295
203.544192 -122.417679
203.544673 -119.282402
203.545154 -118.629684
203.545635 -114.525475
203.546115 -112.886726
203.546596 -113.256943
203.547077 -113.948418
203.547558 -111.594856
203.548038 -111.454903
203.548519 -114.123390
203.549000 -116.204079
203.549481 -116.203110
203.549962 -120.075615
203.550442 -120.345375
203.550923 -116.777374
203.551404 -114.458389
203.551885 -114.423500
203.552365 -116.386841
203.552846 -116.511513
203.553327 -113.592842
203.553808 -113.581635
203.554288 -115.149467
203.554769 -117.388535
203.555250 -119.266678
203.555731 -121.176132
203.556212 -116.222321
203.556692 -116.073311
203.557173 -119.230110
203.557654 -117.101906
203.558135 -117.147087
203.558615 -123.863945
203.559096 -117.609322
203.559577 -116.403091
203.560058 -116.797928
203.560538 -118.697296
203.561019 -120.298904
203.561500 -113.986984
203.561981 -113.680992
203.562462 -116.864319
203.562942 -116.874931
203.563423 -117.635254
203.563904 -121.809425
203.564385 -115.966446
203.564865 -114.197472
203.565346 -114.363632
203.565827 -117.290833
203.566308 -117.377991
203.566788 -119.025986
203.567269 -117.267143
203.567750 -117.468285
203.568231 -118.448219
203.568712 -118.449760
203.569192 -117.105797
203.569673 -116.636986
203.570154 -116.589470
203.570635 -118.014359
203.571115 -121.853378
203.571596 -121.773621
203.572077 -121.271027
203.572558 -118.419044
203.573038 -119.349716
203.573519 -125.224869
203.574000 -129.878937
203.574481 -119.008713
203.574962 -118.571556
203.575442 -114.560265
203.575923 -110.498840
203.576404 -110.428268
203.576885 -111.193123
203.577365 -112.535515
203.577846 -114.851509
203.578327 -114.062927
203.578808 -114.284348
203.579288 -116.933823
203.579769 -110.941246
203.580250 -110.349327
203.580731 -111.816475
203.581212 -116.506149
203.581692 -119.395004
203.582173 -114.930275
203.582654 -111.147865
203.583135 -111.116684
203.583615 -114.322205
203.584096 -114.379066
203.584577 -113.811844
203.585058 -114.284538
203.585538 -119.925354
203.586019 -125.979378
203.586500 -126.491959
203.586981 -118.792862
203.587462 -116.050323
203.587942 -116.058800
203.588423 -113.465393
203.588904 -112.231941
203.589385 -112.686150
203.589865 -121.332878
203.590346 -121.492065
203.590827 -114.927177
203.591308 -110.616554
203.591788 -110.584152
203.592269 -114.594902
203.592750 -115.759842
203.593231 -116.492065
203.593712 -126.617683
203.594192 -127.310753
203.594673 -120.183159
203.595154 -112.954247
203.595635 -111.869820
203.596115 -111.787231
203.596596 -114.609451
203.597077 -122.391556
203.597558 -122.636032
203.598038 -122.199432
203.598519 -122.498329
203.599000 -120.129517
203.599481 -112.257347
203.599962 -108.671127
203.600442 -108.449852
203.600923 -109.599289
203.601404 -116.573730
203.601885 -114.650299
203.602365 -114.177681
203.602846 -115.485909
203.603327 -118.668556
203.603808 -115.418434
203.604288 -115.463478
203.604769 -125.097832
203.605250 -121.677750
203.605731 -113.725075
203.606212 -113.231430
203.606692 -113.212029
203.607173 -114.325340
203.607654 -116.745308
203.608135 -117.024231
203.608615 -120.624657
203.609096 -117.684204
203.609577 -113.983116
203.610058 -113.662941
203.610538 -115.805908
203.611019 -122.867523
203.611500 -117.539993
203.611981 -110.837143
203.612462 -110.146439
203.612942 -110.677902
203.613423 -114.768814
203.613904 -121.955635
203.614385 -121.915054
203.614865 -123.390305
203.615346 -116.847046
203.615827 -116.524353
203.616308 -117.427162
203.616788 -113.586128
203.617269 -111.629349
203.617750 -111.555305
203.618231 -114.285416
203.618712 -119.858658
203.619192 -119.298668
203.619673 -119.453339
203.620154 -115.545555
203.620635 -111.924217
203.621115 -111.684525
203.621596 -112.916267
203.622077 -119.794113
203.622558 -121.995796
203.623038 -121.350082
203.623519 -116.567558
203.624000 -115.694717
203.624481 -116.140572
203.624962 -118.511848
203.625442 -115.009102
203.625923 -112.542068
203.626404 -112.749588
203.626885 -117.467636
203.627365 -120.058655
203.627846 -116.139870
203.628327 -112.179321
203.628808 -111.989815
203.629288 -113.559822
203.629769 -120.040871
203.630250 -115.995560
203.630731 -115.676674
203.631212 -118.428230
203.631692 -125.213699
203.632173 -120.376442
203.632654 -117.938744
203.633135 -120.190712
203.633615 -121.608391
203.634096 -111.770851
203.634577 -111.380203
203.635058 -111.846848
203.635538 -111.975662
203.636019 -113.020935
203.636500 -120.273064
203.636981 -116.262413
203.637462 -115.646851
203.637942 -116.810555
203.638423 -114.352730
203.638904 -114.348885
203.639385 -115.966621
203.639865 -116.454597
203.640346 -119.355934
203.640827 -127.879578
203.641308 -122.337158
203.641788 -116.427681
203.642269 -113.955452
203.642750 -113.767624
203.643231 -115.820198
203.643712 -124.814964
203.644192 -117.845840
203.644673 -115.475471
203.645154 -115.639969
203.645635 -116.992378
203.646115 -114.942360
203.646596 -114.208115
203.647077 -114.752678
203.647558 -118.356300
203.648038 -117.440437
203.648519 -116.491264
203.649000 -117.982964
203.649481 -115.174774
203.649962 -116.455200
203.650442 -119.899689
203.650923 -119.958199
203.651404 -118.392220
203.651885 -112.359589
203.652365 -112.140732
203.652846 -115.531097
203.653327 -119.143890
203.653808 -116.468445
203.654288 -116.792000
203.654769 -118.304085
203.655250 -118.903023
203.655731 -116.253700
203.656212 -115.013176
203.656692 -115.666977
203.657173 -119.655861
203.657654 -115.369133
203.658135 -114.536362
203.658615 -115.293121
203.659096 -119.082367
203.659577 -113.407028
203.660058 -113.259033
203.660538 -115.506973
203.661019 -123.238785
203.661500 -114.625610
203.661981 -114.207703
203.662462 -117.544159
203.662942 -119.487274
203.663423 -119.957024
203.663904 -119.740974
203.664385 -119.251762
203.664865 -119.772598
203.665346 -123.796013
203.665827 -119.832062
203.666308 -121.126686
203.666788 -117.847610
203.667269 -117.889450
203.667750 -118.716125
203.668231 -115.010910
203.668712 -115.017799
203.669192 -119.938759
203.669673 -122.558693
203.670154 -122.425682
203.670635 -125.529831
203.671115 -125.271286
203.671596 -116.159706
203.672077 -111.484978
203.672558 -111.433807
203.673038 -112.806122
203.673519 -110.509346
203.674000 -111.643227
203.674481 -120.874268
203.674962 -119.802643
203.675442 -119.072517
203.675923 -119.796593
203.676404 -124.560165
203.676885 -128.312286
203.677365 -131.556213
203.677846 -131.654877
203.678327 -121.864258
203.678808 -121.244919
203.679288 -115.998543
203.679769 -112.557198
203.680250 -112.372787
203.680731 -113.042084
203.681212 -114.436874
203.681692 -117.924164
203.682173 -120.662582
203.682654 -120.519814
203.683135 -119.535156
203.683615 -114.635521
203.684096 -114.586426
203.684577 -119.351913
203.685058 -118.466850
203.685538 -117.441757
203.686019 -117.561127
203.686500 -115.366310
203.686981 -115.274071
203.687462 -117.957047
203.687942 -118.532303
203.688423 -118.441132
203.688904 -122.571289
203.689385 -115.643166
203.689865 -111.995644
203.690346 -111.018921
203.690827 -110.406822
203.691308 -110.270157
203.691788 -111.986748
203.692269 -114.699165
203.692750 -114.019852
203.693231 -115.290497
203.693712 -119.555206
203.694192 -113.703003
203.694673 -112.154793
203.695154 -112.170570
203.695635 -114.596069
203.696115 -116.331879
203.696596 -114.423294
203.697077 -114.567642
203.697558 -117.969894
203.698038 -119.548607
203.698519 -121.742920
203.699000 -126.337326
203.699481 -132.881760
203.699962 -118.217728
203.700442 -115.793205
203.700923 -116.312218
203.701404 -116.648209
203.701885 -113.834908
203.702365 -113.747391
203.702846 -115.685509
203.703327 -119.870682
203.703808 -117.909668
203.704288 -114.165939
203.704769 -114.047752
203.705250 -112.986198
203.705731 -112.927574
203.706212 -115.451889
203.706692 -120.288284
203.707173 -122.231857
203.707654 -115.130966
203.708135 -115.047707
203.708615 -120.679657
203.709096 -118.007957
203.709577 -117.736618
203.710058 -114.476852
203.710538 -112.005524
203.711019 -112.446510
203.711500 -118.040558
203.711981 -121.685081
203.712462 -117.366081
203.712942 -113.687790
203.713423 -113.745789
203.713904 -122.824211
203.714385 -122.803513
203.714865 -118.932655
203.715346 -117.488960
203.715827 -115.269661
203.716308 -115.305962
203.716788 -121.794121
203.717269 -117.923256
203.717750 -117.769699
203.718231 -113.795563
203.718712 -113.320671
203.719192 -115.918945
203.719673 -125.257980
203.720154 -121.777954
203.720635 -121.151154
203.721115 -122.819969
203.721596 -121.506943
203.722077 -120.616455
203.722558 -119.952042
203.723038 -121.754097
203.723519 -124.195427
203.724000 -119.641899
203.724481 -119.194687
203.724962 -113.379356
203.725442 -112.424614
203.725923 -113.639656
203.726404 -118.158073
203.726885 -116.704491
203.727365 -113.993118
203.727846 -112.153717
203.728327 -111.561172
203.728808 -111.576370
203.729288 -113.312790
203.729769 -117.111816
203.730250 -115.203644
203.730731 -114.626930
203.731212 -115.705627
203.731692 -118.562149
203.732173 -119.643944
203.732654 -119.145752
203.733135 -120.948418
203.733615 -117.837425
203.734096 -117.742180
203.734577 -114.323021
203.735058 -113.990440
203.735538 -117.603539
203.736019 -115.462936
203.736500 -113.019630
203.736981 -112.953682
203.737462 -114.996475
203.737942 -120.843643
203.738423 -118.799484
203.738904 -117.134491
203.739385 -117.084473
203.739865 -117.324280
203.740346 -117.782349
203.740827 -115.535889
203.741308 -114.957130
203.741788 -115.382889
203.742269 -116.896049
203.742750 -116.324379
203.743231 -116.387146
203.743712 -118.399574
203.744192 -115.960075
203.744673 -114.665749
203.745154 -114.980499
203.745635 -112.665565
203.746115 -111.798119
203.746596 -112.631805
203.747077 -117.861580
203.747558 -120.501450
203.748038 -118.593979
203.748519 -112.128685
203.749000 -111.973938
203.749481 -114.538620
203.749962 -115.567001
203.750442 -114.804214
203.750923 -114.139153
203.751404 -113.204575
203.751885 -113.266808
203.752365 -116.570313
203.752846 -114.405647
203.753327 -114.178886
203.753808 -117.338570
203.754288 -120.833138
203.754769 -119.555153
203.755250 -115.387619
203.755731 -112.956963
203.756212 -113.011299
203.756692 -114.965736
203.757173 -113.310600
203.757654 -113.134445
203.758135 -112.796013
203.758615 -112.582970
203.759096 -114.144371
203.759577 -118.508240
203.760058 -119.061852
203.760538 -115.147202
203.761019 -114.916031
203.761500 -112.792961
203.761981 -112.372643
203.762462 -117.281738
203.762942 -116.561035
203.763423 -114.914917
203.763904 -112.369469
203.764385 -112.316681
203.764865 -113.910271
203.765346 -115.311584
203.765827 -116.286499
203.766308 -112.883202
203.766788 -112.850639
203.767269 -117.399773
203.767750 -117.883507
203.768231 -121.171204
203.768712 -124.932518
203.769192 -122.332962
203.769673 -121.925583
203.770154 -119.095978
203.770635 -118.962143
203.771115 -117.504578
203.771596 -115.357941
203.772077 -115.361092
203.772558 -117.500755
203.773038 -120.694206
203.773519 -122.280769
203.774000 -120.007088
203.774481 -120.247704
203.774962 -122.214149
203.775442 -122.129929
203.775923 -123.799721
203.776404 -114.399200
203.776885 -113.762329
203.777365 -115.947998
203.777846 -115.349068
203.778327 -113.712273
203.778808 -113.783882
203.779288 -117.321243
203.779769 -121.415154
203.780250 -122.454498
203.780731 -119.007767
203.781212 -117.606514
203.781692 -117.723465
203.782173 -117.664627
203.782654 -117.875626
203.783135 -115.579224
203.783615 -115.317039
203.784096 -117.247787
203.784577 -124.088936
203.785058 -124.915123
203.785538 -121.939163
203.786019 -121.428215
203.786500 -119.083549
203.786981 -118.634560
203.787462 -119.935760
203.787942 -125.324966
203.788423 -122.955139
203.788904 -120.832581
203.789385 -120.654472
203.789865 -120.867134
203.790346 -114.116371
203.790827 -111.947433
203.791308 -111.994560
203.791788 -115.524773
203.792269 -123.074425
203.792750 -118.569466
203.793231 -115.885635
203.793712 -116.105087
203.794192 -123.463196
203.794673 -123.263588
203.795154 -118.319710
203.795635 -116.317116
203.796115 -116.695335
203.796596 -118.796112
203.797077 -111.703453
203.797558 -110.089577
203.798038 -110.348206
203.798519 -116.044830
203.799000 -132.178360
203.799481 -128.423355
203.799962 -127.137657
203.800442 -119.404861
203.800923 -113.923744
203.801404 -113.805756
203.801885 -116.155289
203.802365 -120.299942
203.802846 -118.881004
203.803327 -119.196663
203.803808 -120.216476
203.804288 -122.837799
203.804769 -120.683678
203.805250 -120.895493
203.805731 -116.829048
203.806212 -113.383492
203.806692 -113.257584
203.807173 -116.007713
203.807654 -118.991158
203.808135 -118.202126
203.808615 -118.152199
203.809096 -120.904213
203.809577 -116.843422
203.810058 -116.655457
203.810538 -122.033554
203.811019 -120.747597
203.811500 -116.286415
203.811981 -114.489616
203.812462 -115.707199
203.812942 -119.751419
203.813423 -120.174309
203.813904 -115.422318
203.814385 -115.319916
203.814865 -121.241737
203.815346 -120.928963
203.815827 -117.987724
203.816308 -119.038246
203.816788 -115.172218
203.817269 -113.387749
203.817750 -113.273056
203.818231 -113.758339
203.818712 -114.915680
203.819192 -118.718216
203.819673 -124.227829
203.820154 -118.002914
203.820635 -117.820221
203.821115 -114.946587
203.821596 -114.196571
203.822077 -115.026657
203.822558 -114.429634
203.823038 -114.991699
203.823519 -119.476959
203.824000 -123.436325
203.824481 -121.339844
203.824962 -118.798401
203.825442 -117.862343
203.825923 -119.484314
203.826404 -120.441292
203.826885 -119.234886
203.827365 -118.132965
203.827846 -114.678009
203.828327 -112.827522
203.828808 -112.888512
203.829288 -116.740578
203.829769 -111.813148
203.830250 -110.993645
203.830731 -111.978592
203.831212 -121.054131
203.831692 -117.264069
203.832173 -112.449486
203.832654 -112.145088
203.833135 -113.395096
203.833615 -119.821869
203.834096 -114.435257
203.834577 -113.888321
203.835058 -114.128784
203.835538 -116.514793
203.836019 -118.322975
203.836500 -114.777573
203.836981 -114.935547
203.837462 -116.846611
203.837942 -116.489929
203.838423 -118.138321
203.838904 -117.269272
203.839385 -116.625610
203.839865 -113.436539
203.840346 -112.216629
203.840827 -112.245605
203.841308 -114.525475
203.841788 -115.960701
203.842269 -116.100037
203.842750 -117.016327
203.843231 -114.331017
203.843712 -114.701126
203.844192 -117.932671
203.844673 -117.310349
203.845154 -118.441521
203.845635 -118.104332
203.846115 -117.913071
203.846596 -119.019676
203.847077 -119.268227
203.847558 -115.444611
203.848038 -115.461655
203.848519 -117.549812
203.849000 -117.394341
203.849481 -120.314545
203.849962 -116.007355
203.850442 -115.246315
203.850923 -116.383080
203.851404 -117.137444
203.851885 -113.378540
203.852365 -113.043762
203.852846 -113.889725
203.853327 -110.809311
203.853808 -110.148552
203.854288 -110.784569
203.854769 -116.044922
203.855250 -122.907631
203.855731 -118.505241
203.856212 -118.296799
203.856692 -120.060196
203.857173 -127.366676
203.857654 -129.641464
203.858135 -124.945206
203.858615 -123.282471
203.859096 -122.018944
203.859577 -113.834435
203.860058 -112.813316
203.860538 -113.206200
203.861019 -116.892433
203.861500 -117.895515
203.861981 -114.549873
203.862462 -113.788193
203.862942 -114.156532
203.863423 -118.770042
203.863904 -114.248749
203.864385 -112.610062
203.864865 -112.559090
203.865346 -112.019157
203.865827 -111.976135
203.866308 -115.700737
203.866788 -122.671661
203.867269 -123.994324
203.867750 -123.081261
203.868231 -115.879654
203.868712 -113.634125
203.869192 -113.636574
203.869673 -115.814880
203.870154 -120.163155
203.870635 -119.909538
203.871115 -125.113945
203.871596 -124.117584
203.872077 -123.193092
203.872558 -124.287048
203.873038 -118.281715
203.873519 -115.872681
203.874000 -113.553795
203.874481 -112.754601
203.874962 -113.877052
203.875442 -120.924591
203.875923 -115.335915
203.876404 -114.595177
203.876885 -115.492035
203.877365 -118.193260
203.877846 -117.189545
203.878327 -118.467934
203.878808 -117.318810
203.879288 -118.981354
203.879769 -120.767441
203.880250 -117.240494
203.880731 -117.230515
203.881212 -122.040909
203.881692 -121.412575
203.882173 -115.807091
203.882654 -115.586563
203.883135 -114.825348
203.883615 -113.370277
203.884096 -115.611732
203.884577 -111.947151
203.885058 -111.724792
203.885538 -113.912903
203.886019 -120.725418
203.886500 -123.556602
203.886981 -118.626358
203.887462 -115.523300
203.887942 -115.595993
203.888423 -119.223213
203.888904 -118.851555
203.889385 -113.708534
203.889865 -110.520218
203.890346 -110.477852
203.890827 -112.890053
203.891308 -115.546356
203.891788 -113.355789
203.892269 -113.659439
203.892750 -119.586586
203.893231 -130.299667
203.893712 -125.086212
203.894192 -122.760948
203.894673 -122.620277
203.895154 -120.200554
203.895635 -118.874138
203.896115 -113.166283
203.896596 -111.903069
203.897077 -112.532013
203.897558 -118.628174
203.898038 -123.371437
203.898519 -117.985901
203.899000 -117.954712
203.899481 -123.185562
203.899962 -137.410233
203.900442 -125.723541
203.900923 -124.009247
203.901404 -121.627228
203.901885 -115.887451
203.902365 -115.780525
203.902846 -116.161301
203.903327 -116.007141
203.903808 -114.364777
203.904288 -114.123344
203.904769 -118.934235
203.905250 -116.125572
203.905731 -115.419952
203.906212 -115.808479
203.906692 -117.083984
203.907173 -115.448837
203.907654 -116.139534
203.908135 -117.289398
203.908615 -113.257217
203.909096 -113.262970
203.909577 -117.044518
203.910058 -118.709160
203.910538 -117.524025
203.911019 -117.533936
203.911500 -121.655128
203.911981 -115.961700
203.912462 -115.868973
203.912942 -120.698814
203.913423 -115.209000
203.913904 -112.623215
203.914385 -112.492805
203.914865 -113.053329
203.915346 -114.985298
203.915827 -119.448799
203.916308 -121.512489
203.916788 -119.827065
203.917269 -120.552086
203.917750 -130.883408
203.918231 -129.429962
203.918712 -117.651001
203.919192 -117.182251
203.919673 -121.850098
203.920154 -118.770004
203.920635 -119.499138
203.921115 -117.971558
203.921596 -117.972412
203.922077 -114.999664
203.922558 -114.672958
203.923038 -112.983315
203.923519 -112.633553
203.924000 -113.195404
203.924481 -117.296761
203.924962 -117.420242
203.925442 -118.332306
203.925923 -114.267426
203.926404 -114.502235
203.926885 -115.797089
203.927365 -115.746567
203.927846 -119.078377
203.928327 -120.533218
203.928808 -118.610886
203.929288 -117.450607
203.929769 -117.262299
203.930250 -120.772781
203.930731 -115.455452
203.931212 -115.233765
203.931692 -117.595894
203.932173 -116.950645
203.932654 -119.410484
203.933135 -117.936157
203.933615 -113.905602
203.934096 -113.802139
203.934577 -115.907593
203.935058 -114.023209
203.935538 -112.203926
203.936019 -111.937592
203.936500 -112.329636
203.936981 -110.702217
203.937462 -110.456078
203.937942 -111.436798
203.938423 -118.117546
203.938904 -123.249123
203.939385 -120.146370
203.939865 -121.019302
203.940346 -119.023331
203.940827 -115.659492
203.941308 -112.927765
203.941788 -113.183441
203.942269 -121.434311
203.942750 -119.394379
203.943231 -119.291740
203.943712 -118.881035
203.944192 -118.526093
203.944673 -119.223572
203.945154 -121.016594
203.945635 -117.666969
203.946115 -117.425774
203.946596 -117.707123
203.947077 -123.252899
203.947558 -118.716377
203.948038 -114.708000
203.948519 -114.327316
203.949000 -114.798302
203.949481 -115.185875
203.949962 -115.992943
203.950442 -122.390541
203.950923 -120.904572
203.951404 -120.662193
203.951885 -119.530212
203.952365 -118.898354
203.952846 -117.967613
203.953327 -118.570335
203.953808 -121.258980
203.954288 -116.192902
203.954769 -114.914818
203.955250 -115.454002
203.955731 -120.155006
203.956212 -121.277985
203.956692 -121.292061
203.957173 -117.575386
203.957654 -115.341476
203.958135 -115.307144
203.958615 -116.015205
203.959096 -117.920959
203.959577 -117.967285
203.960058 -121.142563
203.960538 -118.222794
203.961019 -117.946556
203.961500 -118.971649
203.961981 -122.257057
203.962462 -125.215088
203.962942 -124.655548
203.963423 -126.902657
203.963904 -133.728134
203.964385 -126.716339
203.964865 -121.709923
203.965346 -121.581383
203.965827 -125.024727
203.966308 -123.049522
203.966788 -117.097954
203.967269 -116.463272
203.967750 -117.551979
203.968231 -119.887344
203.968712 -120.822403
203.969192 -120.152435
203.969673 -120.779968
203.970154 -114.997948
203.970635 -114.696922
203.971115 -117.654739
203.971596 -117.988472
203.972077 -117.383217
203.972558 -116.591156
203.973038 -113.304146
203.973519 -113.299179
203.974000 -115.899033
203.974481 -119.692314
203.974962 -121.301773
203.975442 -117.073669
203.975923 -115.244347
203.976404 -115.075584
203.976885 -113.812813
203.977365 -113.476990
203.977846 -113.846252
203.978327 -116.244781
203.978808 -116.956154
203.979288 -112.773186
203.979769 -112.298660
203.980250 -112.348030
203.980731 -114.000565
203.981212 -121.871819
203.981692 -115.715637
203.982173 -115.121002
203.982654 -116.557449
203.983135 -114.684258
203.983615 -113.520927
203.984096 -114.297775
203.984577 -120.870247
203.985058 -121.530876
203.985538 -122.644386
203.986019 -119.791054
203.986500 -120.510056
203.986981 -113.956612
203.987462 -112.442207
203.987942 -112.701126
203.988423 -116.576538
203.988904 -116.598869
203.989385 -114.275040
203.989865 -114.239594
203.990346 -114.555283
203.990827 -113.274132
203.991308 -112.903481
203.991788 -113.329498
203.992269 -116.289345
203.992750 -119.173859
203.993231 -117.314972
203.993712 -117.373009
203.994192 -120.842896
203.994673 -119.402771
203.995154 -117.321228
203.995635 -115.186562
203.996115 -115.364685
203.996596 -116.487885
203.997077 -116.601120
203.997558 -118.920197
203.998038 -119.695473
203.998519 -119.631012
203.999000 -124.697647
203.999481 -124.605774
203.999962 -119.697769
204.000442 -119.611191
204.000923 -126.488510
204.001404 -122.034729
204.001885 -118.333595
204.002365 -118.332497
204.002846 -121.290916
204.003327 -124.975845
204.003808 -125.337776
204.004288 -119.233528
204.004769 -117.404037
204.005250 -117.888145
204.005731 -123.350479
204.006212 -121.173805
204.006692 -116.736435
204.007173 -116.590607
204.007654 -117.707169
204.008135 -116.816628
204.008615 -114.575211
204.009096 -114.302597
204.009577 -117.414169
204.010058 -118.408699
204.010538 -116.474426
204.011019 -114.374451
204.011500 -112.088181
204.011981 -112.085526
204.012462 -115.917038
204.012942 -117.268410
204.013423 -113.952667
204.013904 -113.563354
204.014385 -114.273277
204.014865 -118.270088
204.015346 -114.796768
204.015827 -114.092903
204.016308 -115.326019
204.016788 -125.262024
204.017269 -125.118225
204.017750 -118.387917
204.018231 -117.491348
204.018712 -119.014824
204.019192 -115.543869
204.019673 -115.499237
204.020154 -117.529808
204.020635 -125.713280
204.021115 -125.877014
204.021596 -121.822731
204.022077 -117.772858
204.022558 -117.770386
204.023038 -119.729874
204.023519 -116.818924
204.024000 -116.952011
204.024481 -122.288170
204.024962 -117.945335
204.025442 -114.962624
204.025923 -115.081482
204.026404 -120.828613
204.026885 -120.757462
204.027365 -117.544434
204.027846 -117.372726
204.028327 -118.197708
204.028808 -118.276024
204.029288 -116.204071
204.029769 -114.527763
204.030250 -114.948242
204.030731 -117.451225
204.031212 -116.882462
204.031692 -118.862976
204.032173 -120.665077
204.032654 -125.404984
204.033135 -121.710381
204.033615 -117.452072
204.034096 -117.455139
204.034577 -121.595856
204.035058 -123.932709
204.035538 -120.957260
204.036019 -121.299446
204.036500 -123.654984
204.036981 -116.967461
204.037462 -116.721207
204.037942 -112.389046
204.038423 -110.654526
204.038904 -110.643997
204.039385 -112.151009
204.039865 -117.029625
204.040346 -113.173904
204.040827 -111.574356
204.041308 -111.421822
204.041788 -111.484520
204.042269 -111.813133
204.042750 -116.438850
204.043231 -117.071892
204.043712 -117.129189
204.044192 -119.344688
204.044673 -118.014954
204.045154 -117.655594
204.045635 -120.026123
204.046115 -117.085648
204.046596 -117.405357
204.047077 -120.777115
204.047558 -120.282211
204.048038 -122.457344
204.048519 -121.192986
204.049000 -121.442177
204.049481 -122.985802
204.049962 -117.779640
204.050442 -117.755493
204.050923 -120.603783
204.051404 -118.356430
204.051885 -116.120010
204.052365 -116.382309
204.052846 -119.999077
204.053327 -121.137505
204.053808 -119.840385
204.054288 -117.005478
204.054769 -114.447350
204.055250 -115.047340
204.055731 -118.013245
204.056212 -117.007507
204.056692 -117.619469
204.057173 -116.177010
204.057654 -114.434036
204.058135 -115.338791
204.058615 -112.309036
204.059096 -112.303856
204.059577 -114.486664
204.060058 -118.841995
204.060538 -113.844147
204.061019 -112.320770
204.061500 -112.779739
204.061981 -120.423370
204.062462 -117.024437
204.062942 -117.144356
204.063423 -123.020348
204.063904 -125.184433
204.064385 -123.333260
204.064865 -115.684532
204.065346 -114.060616
204.065827 -114.239967
204.066308 -116.450470
204.066788 -119.255394
204.067269 -123.241661
204.067750 -118.843414
204.068231 -118.700134
204.068712 -120.459763
204.069192 -116.717743
204.069673 -116.564697
204.070154 -118.276787
204.070635 -116.637337
204.071115 -114.679482
204.071596 -114.825920
204.072077 -113.134445
204.072558 -111.674522
204.073038 -112.515816
204.073519 -121.387085
204.074000 -117.970451
204.074481 -113.421364
204.074962 -112.573364
204.075442 -112.866524
204.075923 -116.603279
204.076404 -119.145714
204.076885 -117.775436
204.077365 -116.046669
204.077846 -115.897995
204.078327 -117.912354
204.078808 -118.774902
204.079288 -120.755836
204.079769 -119.411919
204.080250 -117.344093
204.080731 -118.084869
204.081212 -116.726204
204.081692 -114.934258
204.082173 -115.148117
204.082654 -114.231567
204.083135 -112.225609
204.083615 -112.148972
204.084096 -113.216209
204.084577 -115.486023
204.085058 -118.039558
204.085538 -120.590218
204.086019 -117.207741
204.086500 -112.128471
204.086981 -112.077431
204.087462 -113.852356
204.087942 -113.347984
204.088423 -113.824585
204.088904 -118.896843
204.089385 -117.995361
204.089865 -115.803673
204.090346 -112.146675
204.090827 -111.779640
204.091308 -112.622940
204.091788 -117.810539
204.092269 -123.691978
204.092750 -128.172073
204.093231 -121.164497
204.093712 -118.705261
204.094192 -118.002411
204.094673 -118.008789
204.095154 -121.096619
204.095635 -115.347664
204.096115 -110.821587
204.096596 -110.405930
204.097077 -111.485962
204.097558 -117.795898
204.098038 -116.951469
204.098519 -115.983910
204.099000 -117.489906
204.099481 -117.071922
204.099962 -114.017441
204.100442 -113.885109
204.100923 -115.023361
204.101404 -114.946533
204.101885 -116.822418
204.102365 -123.948807
204.102846 -115.063454
204.103327 -113.848030
204.103808 -114.582695
204.104288 -120.229736
204.104769 -129.968353
204.105250 -124.234932
204.105731 -117.027802
204.106212 -116.959206
204.106692 -121.341667
204.107173 -120.808479
204.107654 -118.900040
204.108135 -118.626404
204.108615 -120.176689
204.109096 -122.192421
204.109577 -122.358437
204.110058 -118.064110
204.110538 -117.441612
204.111019 -118.173538
204.111500 -123.563171
204.111981 -121.798225
204.112462 -119.058022
204.112942 -117.064926
204.113423 -116.492348
204.113904 -116.787811
204.114385 -118.599419
204.114865 -116.859131
204.115346 -116.439980
204.115827 -117.204323
204.116308 -115.934288
204.116788 -114.476784
204.117269 -114.784897
204.117750 -119.698624
204.118231 -123.380264
204.118712 -116.785141
204.119192 -115.410675
204.119673 -115.573051
204.120154 -118.630646
204.120635 -122.572403
204.121115 -122.701515
204.121596 -118.592781
204.122077 -118.409393
204.122558 -119.859970
204.123038 -117.236732
204.123519 -117.119614
204.124000 -117.326797
204.124481 -118.406471
204.124962 -118.167297
204.125442 -115.003761
204.125923 -115.348267
204.126404 -119.306580
204.126885 -119.460785
204.127365 -118.787025
204.127846 -114.235008
204.128327 -113.185555
204.128808 -113.145111
204.129288 -114.663887
204.129769 -118.970032
204.130250 -124.263580
204.130731 -120.273895
204.131212 -115.812950
204.131692 -115.757797
204.132173 -121.180611
204.132654 -128.616577
204.133135 -123.134315
204.133615 -122.709373
204.134096 -120.918159
204.134577 -118.227402
204.135058 -118.379639
204.135538 -119.964767
204.136019 -119.774483
204.136500 -122.333305
204.136981 -121.976318
204.137462 -121.361237
204.137942 -120.971771
204.138423 -118.501770
204.138904 -118.475784
204.139385 -117.355438
204.139865 -116.081268
204.140346 -115.340477
204.140827 -114.732658
204.141308 -114.780235
204.141788 -119.146927
204.142269 -117.266830
204.142750 -118.539665
204.143231 -120.400352
204.143712 -121.212158
204.144192 -123.336250
204.144673 -117.313782
204.145154 -116.191254
204.145635 -117.195259
204.146115 -120.027107
204.146596 -117.320145
204.147077 -112.980988
204.147558 -111.664261
204.148038 -111.686203
204.148519 -115.948120
204.149000 -121.064812
204.149481 -118.635063
204.149962 -116.192360
204.150442 -114.791969
204.150923 -114.649872
204.151404 -116.534325
204.151885 -118.793350
204.152365 -115.464767
204.152846 -115.246735
204.153327 -118.302513
204.153808 -119.349701
204.154288 -116.115654
204.154769 -115.028725
204.155250 -114.367699
204.155731 -115.316040
204.156212 -113.983345
204.156692 -112.446899
204.157173 -112.611145
204.157654 -115.128860
204.158135 -122.516022
204.158615 -122.744591
204.159096 -117.796852
204.159577 -117.655998
204.160058 -120.207161
204.160538 -122.102539
204.161019 -118.827576
204.161500 -117.755753
204.161981 -118.244591
204.162462 -127.716484
204.162942 -126.333000
204.163423 -120.319717
204.163904 -117.717148
204.164385 -117.801430
204.164865 -118.735359
204.165346 -117.143852
204.165827 -118.124825
204.166308 -118.913582
204.166788 -114.680527
204.167269 -114.601303
204.167750 -116.385529
204.168231 -116.045921
204.168712 -114.296669
204.169192 -112.589996
204.169673 -112.019470
204.170154 -112.679688
204.170635 -119.655815
204.171115 -122.725510
204.171596 -121.212517
204.172077 -118.240417
204.172558 -117.266685
204.173038 -120.068001
204.173519 -114.256241
204.174000 -112.662910
204.174481 -112.368973
204.174962 -113.541382
204.175442 -115.194397
204.175923 -117.579620
204.176404 -120.467728
204.176885 -118.741020
204.177365 -118.594566
204.177846 -118.731758
204.178327 -118.835037
204.178808 -123.520218
204.179288 -135.609055
204.179769 -126.831161
204.180250 -117.233315
204.180731 -115.090721
204.181212 -115.153358
204.181692 -118.095154
204.182173 -124.405960
204.182654 -120.618507
204.183135 -121.001915
204.183615 -122.507072
204.184096 -119.144463
204.184577 -119.116966
204.185058 -116.141983
204.185538 -115.613655
204.186019 -117.161652
204.186500 -124.768845
204.186981 -124.899414
204.187462 -115.429893
204.187942 -113.488686
204.188423 -113.077682
204.188904 -113.561256
204.189385 -113.987297
204.189865 -111.468849
204.190346 -111.473236
204.190827 -116.416939
204.191308 -127.439964
204.191788 -126.099121
204.192269 -122.105843
204.192750 -122.399475
204.193231 -120.552155
204.193712 -120.494553
204.194192 -122.442490
204.194673 -123.371437
204.195154 -121.041298
204.195635 -117.143379
204.196115 -114.826660
204.196596 -114.971191
204.197077 -121.035904
204.197558 -118.410118
204.198038 -116.870102
204.198519 -112.477486
204.199000 -112.481026
204.199481 -116.555824
204.199962 -118.786812
204.200442 -115.635330
204.200923 -115.671341
204.201404 -117.383759
204.201885 -116.854156
204.202365 -117.274414
204.202846 -121.938995
204.203327 -121.955673
204.203808 -120.768570
204.204288 -122.564140
204.204769 -121.662933
204.205250 -115.379959
204.205731 -113.545296
204.206212 -113.775520
204.206692 -121.011421
204.207173 -121.743820
204.207654 -121.743477
204.208135 -119.205383
204.208615 -118.850327
204.209096 -122.096275
204.209577 -120.389511
204.210058 -120.660812
204.210538 -117.814247
204.211019 -116.195808
204.211500 -116.227692
204.211981 -121.650620
204.212462 -115.453392
204.212942 -112.568924
204.213423 -112.115326
204.213904 -113.108742
204.214385 -120.066872
204.214865 -119.879692
204.215346 -122.165344
204.215827 -115.388771
204.216308 -113.049469
204.216788 -113.134315
204.217269 -114.436623
204.217750 -111.866417
204.218231 -111.857056
204.218712 -114.463234
204.219192 -119.616699
204.219673 -116.537582
204.220154 -116.514053
204.220635 -121.854874
204.221115 -118.088287
204.221596 -117.954391
204.222077 -121.005806
204.222558 -115.234711
204.223038 -115.176613
204.223519 -114.591766
204.224000 -113.496590
204.224481 -113.937393
204.224962 -117.368172
204.225442 -124.249825
204.225923 -120.949562
204.226404 -120.820526
204.226885 -123.547600
204.227365 -118.449654
204.227846 -115.791389
204.228327 -113.946518
204.228808 -113.859169
204.229288 -115.122139
204.229769 -116.579742
204.230250 -112.605698
204.230731 -111.301987
204.231212 -111.154915
204.231692 -110.928291
204.232173 -111.441818
204.232654 -114.540932
204.233135 -116.335388
204.233615 -116.007401
204.234096 -115.266953
204.234577 -116.665176
204.235058 -119.799942
204.235538 -116.961304
204.236019 -116.477531
204.236500 -114.216759
204.236981 -114.631668
204.237462 -117.778534
204.237942 -117.729813
204.238423 -120.399750
204.238904 -115.841042
204.239385 -115.845093
204.239865 -118.849876
204.240346 -118.707657
204.240827 -119.476540
204.241308 -119.184471
204.241788 -118.939438
204.242269 -114.963791
204.242750 -111.433487
204.243231 -111.364235
204.243712 -115.003387
204.244192 -123.691566
204.244673 -123.759216
204.245154 -127.766663
204.245635 -128.481537
204.246115 -117.066673
204.246596 -113.322701
204.247077 -113.255966
204.247558 -115.161751
204.248038 -117.277710
204.248519 -115.607124
204.249000 -115.558029
204.249481 -116.705902
204.249962 -119.637520
204.250442 -121.173080
204.250923 -122.276176
204.251404 -119.205894
204.251885 -118.669624
204.252365 -120.487526
204.252846 -116.077644
204.253327 -115.860298
204.253808 -118.016548
204.254288 -119.905952
204.254769 -117.022911
204.255250 -117.799812
204.255731 -121.505234
204.256212 -125.177818
204.256692 -124.244644
204.257173 -123.569191
204.257654 -120.976952
204.258135 -115.308060
204.258615 -114.910675
204.259096 -116.357628
204.259577 -123.693848
204.260058 -118.383301
204.260538 -116.481407
204.261019 -116.876060
204.261500 -119.870140
204.261981 -120.869545
204.262462 -121.786034
204.262942 -125.646500
204.263423 -126.624397
204.263904 -122.624336
204.264385 -123.043777
204.264865 -114.646843
204.265346 -111.897423
204.265827 -111.834167
204.266308 -112.599525
204.266788 -115.858765
204.267269 -121.040886
204.267750 -116.225792
204.268231 -113.106857
204.268712 -112.981270
204.269192 -114.288094
204.269673 -118.839409
204.270154 -121.006592
204.270635 -117.194695
204.271115 -116.948196
204.271596 -118.527985
204.272077 -120.631027
204.272558 -118.962311
204.273038 -119.072495
204.273519 -123.537498
204.274000 -120.532196
204.274481 -118.047096
204.274962 -117.399071
204.275442 -118.304184
204.275923 -121.210052
204.276404 -120.262489
204.276885 -118.058739
204.277365 -119.818321
204.277846 -114.950562
204.278327 -111.350197
204.278808 -111.236259
204.279288 -111.808586
204.279769 -114.890350
204.280250 -113.934265
204.280731 -113.857155
204.281212 -116.361351
204.281692 -119.498650
204.282173 -117.688499
204.282654 -114.548233
204.283135 -111.945717
204.283615 -111.203278
204.284096 -111.274734
204.284577 -114.359039
204.285058 -122.132683
204.285538 -121.651329
204.286019 -121.447731
204.286500 -122.963547
204.286981 -116.582932
204.287462 -116.227982
204.287942 -117.017021
204.288423 -121.231506
204.288904 -118.813423
204.289385 -118.647942
204.289865 -119.700043
204.290346 -122.091125
204.290827 -117.795288
204.291308 -117.328758
204.291788 -120.198303
204.292269 -116.083916
204.292750 -113.795074
204.293231 -113.789322
204.293712 -114.893150
204.294192 -115.634361
204.294673 -117.070541
204.295154 -125.511360
204.295635 -124.358253
204.296115 -124.075829
204.296596 -124.565178
204.297077 -124.569603
204.297558 -123.386909
204.298038 -123.030434
204.298519 -122.042664
204.299000 -121.277580
204.299481 -121.607452
204.299962 -121.134270
204.300442 -122.758690
204.300923 -122.761246
204.301404 -123.231712
204.301885 -122.050018
204.302365 -121.529472
204.302846 -119.098846
204.303327 -117.475220
204.303808 -117.867065
204.304288 -117.687210
204.304769 -118.030746
204.305250 -118.113411
204.305731 -114.406921
204.306212 -114.266396
204.306692 -116.050880
204.307173 -118.555573
204.307654 -119.397285
204.308135 -115.019760
204.308615 -114.707199
204.309096 -119.461433
204.309577 -116.081413
204.310058 -116.190117
204.310538 -115.041916
204.311019 -114.799583
204.311500 -117.947571
204.311981 -120.258400
204.312462 -116.664513
204.312942 -112.765335
204.313423 -112.777397
204.313904 -118.075722
204.314385 -123.766830
204.314865 -123.780655
204.315346 -118.985764
204.315827 -118.082710
204.316308 -119.356842
204.316788 -118.773628
204.317269 -114.949600
204.317750 -114.351730
204.318231 -115.668411
204.318712 -126.652740
204.319192 -126.469635
204.319673 -126.952812
204.320154 -123.568352
204.320635 -121.070717
204.321115 -120.413063
204.321596 -114.983841
204.322077 -113.961906
204.322558 -113.625137
204.323038 -113.629295
204.323519 -117.904518
204.324000 -121.925804
204.324481 -124.101662
204.324962 -115.322189
204.325442 -114.780602
204.325923 -116.735786
204.326404 -115.365860
204.326885 -117.675842
204.327365 -132.425903
204.327846 -120.065300
204.328327 -120.006607
204.328808 -115.036156
204.329288 -114.983383
204.329769 -117.528267
204.330250 -122.680328
204.330731 -124.991333
204.331212 -118.771896
204.331692 -118.143127
204.332173 -118.881805
204.332654 -119.116867
204.333135 -119.613670
204.333615 -122.117790
204.334096 -119.387665
204.334577 -119.512352
204.335058 -122.287476
204.335538 -124.994499
204.336019 -124.043777
204.336500 -120.866066
204.336981 -120.827286
204.337462 -121.155670
204.337942 -118.105568
204.338423 -117.920433
204.338904 -122.248245
204.339385 -115.932953
204.339865 -114.432663
204.340346 -114.655563
204.340827 -115.629990
204.341308 -120.746696
204.341788 -126.601913
204.342269 -130.933075
204.342750 -123.352295
204.343231 -115.959160
204.343712 -113.751671
204.344192 -114.291153
204.344673 -125.124031
204.345154 -120.365578
204.345635 -118.804794
204.346115 -118.691895
204.346596 -118.237167
204.347077 -121.185951
204.347558 -122.569511
204.348038 -122.763191
204.348519 -123.004150
204.349000 -123.496391
204.349481 -118.097061
204.349962 -118.010971
204.350442 -121.643303
204.350923 -120.257309
204.351404 -116.027687
204.351885 -114.602066
204.352365 -114.589111
204.352846 -115.939178
204.353327 -119.164154
204.353808 -123.334244
204.354288 -122.660332
204.354769 -124.171967
204.355250 -120.812981
204.355731 -118.487000
204.356212 -117.115181
204.356692 -117.316597
204.357173 -119.937897
204.357654 -119.312340
204.358135 -122.127655
204.358615 -118.738373
204.359096 -118.595413
204.359577 -120.363136
204.360058 -112.523750
204.360538 -111.364609
204.361019 -111.930336
204.361500 -116.776222
204.361981 -119.986900
204.362462 -119.105698
204.362942 -113.676636
204.363423 -111.610268
204.363904 -111.368500
204.364385 -112.848717
204.364865 -115.973618
204.365346 -117.685669
204.365827 -125.979271
204.366308 -120.778946
204.366788 -120.165131
204.367269 -122.482567
204.367750 -125.321732
204.368231 -123.418251
204.368712 -123.445129
204.369192 -123.913734
204.369673 -123.651443
204.370154 -124.408142
204.370635 -118.500816
204.371115 -116.101265
204.371596 -116.130165
204.372077 -119.557007
204.372558 -120.720268
204.373038 -121.518150
204.373519 -122.184616
204.374000 -117.306999
204.374481 -114.112747
204.374962 -114.037224
204.375442 -115.829559
204.375923 -118.169685
204.376404 -118.053696
204.376885 -119.033798
204.377365 -118.305016
204.377846 -114.100006
204.378327 -112.479736
204.378808 -112.655716
204.379288 -117.880753
204.379769 -124.222931
204.380250 -124.475441
204.380731 -124.467651
204.381212 -124.352440
204.381692 -121.956673
204.382173 -120.709190
204.382654 -121.676239
204.383135 -118.083061
204.383615 -117.935120
204.384096 -116.271629
204.384577 -114.375565
204.385058 -114.214363
204.385538 -114.559769
204.386019 -117.059090
204.386500 -116.753754
204.386981 -111.959969
204.387462 -111.887367
204.387942 -112.543152
204.388423 -116.640663
204.388904 -124.820595
204.389385 -117.517540
204.389865 -114.159851
204.390346 -114.174240
204.390827 -116.823669
204.391308 -117.259987
204.391788 -116.513741
204.392269 -116.668175
204.392750 -118.015923
204.393231 -115.931053
204.393712 -114.486778
204.394192 -113.490005
204.394673 -113.372025
204.395154 -115.123726
204.395635 -121.388824
204.396115 -121.113289
204.396596 -123.866280
204.397077 -116.909309
204.397558 -112.028824
204.398038 -111.885735
204.398519 -113.454704
204.399000 -116.189522
204.399481 -113.846107
204.399962 -113.148521
204.400442 -113.627419
204.400923 -122.072929
204.401404 -117.408920
204.401885 -115.213432
204.402365 -115.226242
204.402846 -120.719925
204.403327 -116.878418
204.403808 -116.647171
204.404288 -118.150414
204.404769 -115.100121
204.405250 -115.014931
204.405731 -116.855217
204.406212 -121.512024
204.406692 -124.734169
204.407173 -129.981613
204.407654 -120.399475
204.408135 -115.993980
204.408615 -114.142647
204.409096 -114.104584
204.409577 -115.904419
204.410058 -119.756508
204.410538 -124.017654
204.411019 -119.695824
204.411500 -119.104561
204.411981 -118.318268
204.412462 -119.976593
204.412942 -117.123131
204.413423 -114.384842
204.413904 -114.383507
204.414385 -118.842827
204.414865 -120.920540
204.415346 -118.510010
204.415827 -118.677849
204.416308 -125.086678
204.416788 -123.061882
204.417269 -120.164658
204.417750 -116.911491
204.418231 -116.774841
204.418712 -120.593208
204.419192 -121.179886
204.419673 -119.572250
204.420154 -118.594925
204.420635 -119.414154
204.421115 -115.107330
204.421596 -111.751839
204.422077 -111.416710
204.422558 -112.486504
204.423038 -116.681984
204.423519 -118.533607
204.424000 -118.800774
204.424481 -117.344078
204.424962 -116.189453
204.425442 -114.574867
204.425923 -114.205330
204.426404 -117.990204
204.426885 -118.000557
204.427365 -118.201797
204.427846 -118.105812
204.428327 -122.628525
204.428808 -130.145111
204.429288 -120.860237
204.429769 -119.974434
204.430250 -120.153320
204.430731 -120.857948
204.431212 -119.517868
204.431692 -117.686043
204.432173 -114.230446
204.432654 -114.047516
204.433135 -114.803322
204.433615 -115.839470
204.434096 -122.124054
204.434577 -117.350800
204.435058 -117.141594
204.435538 -118.757088
204.436019 -121.646660
204.436500 -119.780815
204.436981 -117.292236
204.437462 -117.102768
204.437942 -117.693352
204.438423 -118.227043
204.438904 -122.962799
204.439385 -129.388016
204.439865 -121.168747
204.440346 -116.158295
204.440827 -114.172363
204.441308 -114.033058
204.441788 -115.366356
204.442269 -120.803253
204.442750 -122.399612
204.443231 -122.941940
204.443712 -120.383911
204.444192 -117.683510
204.444673 -117.867569
204.445154 -114.828415
204.445635 -114.415535
204.446115 -115.402344
204.446596 -119.346725
204.447077 -118.221848
204.447558 -116.888260
204.448038 -115.955482
204.448519 -117.391930
204.449000 -123.638824
204.449481 -116.652946
204.449962 -112.630013
204.450442 -112.658241
204.450923 -117.967834
204.451404 -125.646423
204.451885 -125.536957
204.452365 -126.802399
204.452846 -120.849823
204.453327 -114.840073
204.453808 -114.776138
204.454288 -116.921898
204.454769 -121.467377
204.455250 -121.272675
204.455731 -121.302025
204.456212 -118.532715
204.456692 -113.891724
204.457173 -111.801941
204.457654 -111.839119
204.458135 -115.818604
204.458615 -116.975327
204.459096 -120.773773
204.459577 -133.641785
204.460058 -123.279175
204.460538 -120.883980
204.461019 -115.984535
204.461500 -113.129944
204.461981 -113.509109
204.462462 -114.844086
204.462942 -112.873360
204.463423 -113.055634
204.463904 -118.331955
204.464385 -123.424744
204.464865 -123.096390
204.465346 -125.715744
204.465827 -117.134361
204.466308 -115.202934
204.466788 -115.932976
204.467269 -114.265717
204.467750 -114.088417
204.468231 -118.229385
204.468712 -121.784691
204.469192 -122.404716
204.469673 -122.480331
204.470154 -124.353180
204.470635 -118.574509
204.471115 -117.077126
204.471596 -117.412483
204.472077 -116.086311
204.472558 -115.885643
204.473038 -117.287163
204.473519 -121.089165
204.474000 -124.609612
204.474481 -134.898636
204.474962 -125.049278
204.475442 -124.768814
204.475923 -126.785286
204.476404 -118.221275
204.476885 -114.557190
204.477365 -114.549477
204.477846 -118.538414
204.478327 -121.809387
204.478808 -117.343048
204.479288 -115.837029
204.479769 -115.491455
204.480250 -116.595757
204.480731 -119.145515
204.481212 -121.709831
204.481692 -117.606865
204.482173 -116.753319
204.482654 -117.123405
204.483135 -120.707062
204.483615 -118.738556
204.484096 -118.789627
204.484577 -124.841454
204.485058 -124.473969
204.485538 -119.484146
204.486019 -116.995316
204.486500 -116.952568
204.486981 -115.751671
204.487462 -115.700928
204.487942 -116.631416
204.488423 -118.741753
204.488904 -119.793816
204.489385 -117.730499
204.489865 -117.362129
204.490346 -120.591522
204.490827 -119.298729
204.491308 -118.958405
204.491788 -115.241188
204.492269 -115.873314
204.492750 -115.440323
204.493231 -113.473541
204.493712 -113.586044
204.494192 -116.467644
204.494673 -119.280830
204.495154 -122.273148
204.495635 -122.272125
204.496115 -128.467499
204.496596 -122.432114
204.497077 -116.749657
204.497558 -116.702423
204.498038 -121.539009
204.498519 -118.011444
204.499000 -117.199371
204.499481 -117.064568
204.499962 -117.300102
204.500442 -120.741234
204.500923 -119.370865
204.501404 -119.894264
204.501885 -125.685471
204.502365 -122.751030
204.502846 -122.763107
204.503327 -121.109688
204.503808 -116.424973
204.504288 -116.466286
204.504769 -121.716644
204.505250 -122.304085
204.505731 -116.263268
204.506212 -115.448875
204.506692 -114.872131
204.507173 -114.459816
204.507654 -114.933472
204.508135 -118.851616
204.508615 -124.841248
204.509096 -121.429726
204.509577 -120.073776
204.510058 -121.982880
204.510538 -118.804024
204.511019 -118.763824
204.511500 -120.067596
204.511981 -121.210068
204.512462 -120.191734
204.512942 -120.149742
204.513423 -121.321030
204.513904 -126.458344
204.514385 -133.303726
204.514865 -129.222641
204.515346 -129.463913
204.515827 -133.316193
204.516308 -124.769501
204.516788 -118.538536
204.517269 -118.428139
204.517750 -122.170380
204.518231 -116.610535
204.518712 -116.602341
204.519192 -118.562386
204.519673 -116.928299
204.520154 -117.602585
204.520635 -118.215843
204.521115 -118.027130
204.521596 -118.527084
204.522077 -118.176659
204.522558 -118.023544
204.523038 -120.665024
204.523519 -119.701294
204.524000 -119.271805
204.524481 -121.096756
204.524962 -121.383904
204.525442 -118.268593
204.525923 -116.545792
204.526404 -117.119110
204.526885 -123.447296
204.527365 -121.963455
204.527846 -121.853355
204.528327 -116.504044
204.528808 -115.570694
204.529288 -115.699638
204.529769 -116.757942
204.530250 -121.106522
204.530731 -124.777664
204.531212 -120.656219
204.531692 -119.035004
204.532173 -119.433357
204.532654 -125.391708
204.533135 -116.905441
204.533615 -112.685646
204.534096 -112.224907
204.534577 -113.516464
204.535058 -125.261421
204.535538 -119.911514
204.536019 -113.475952
204.536500 -113.072121
204.536981 -114.332870
204.537462 -117.018234
204.537942 -119.572693
204.538423 -118.485527
204.538904 -118.464806
204.539385 -119.429367
204.539865 -118.608986
204.540346 -117.229248
204.540827 -117.231422
204.541308 -118.910156
204.541788 -118.788193
204.542269 -124.833397
204.542750 -121.827515
204.543231 -116.997955
204.543712 -116.986938
204.544192 -123.002235
204.544673 -126.405396
204.545154 -123.977211
204.545635 -123.615364
204.546115 -120.256828
204.546596 -112.960968
204.547077 -111.825325
204.547558 -111.972801
204.548038 -114.174538
204.548519 -116.759567
204.549000 -120.276413
204.549481 -119.164284
204.549962 -119.656212
204.550442 -118.121056
204.550923 -118.089745
204.551404 -115.054337
204.551885 -113.357269
204.552365 -114.088974
204.552846 -118.330902
204.553327 -117.903748
204.553808 -120.732841
204.554288 -122.645012
204.554769 -122.211769
204.555250 -121.574921
204.555731 -120.772675
204.556212 -118.380569
204.556692 -115.386299
204.557173 -115.796051
204.557654 -123.139793
204.558135 -123.503563
204.558615 -124.612755
204.559096 -118.323730
204.559577 -113.978539
204.560058 -113.557983
204.560538 -114.317535
204.561019 -114.389633
204.561500 -114.012680
204.561981 -112.336464
204.562462 -112.307938
204.562942 -113.505966
204.563423 -115.323738
204.563904 -113.948860
204.564385 -113.831467
204.564865 -115.253326
204.565346 -123.249413
204.565827 -129.984711
204.566308 -125.827782
204.566788 -123.141083
204.567269 -123.925079
204.567750 -121.307480
204.568231 -120.129105
204.568712 -114.874298
204.569192 -113.441933
204.569673 -114.061409
204.570154 -118.638161
204.570635 -115.322182
204.571115 -115.319923
204.571596 -118.533318
204.572077 -122.431755
204.572558 -119.836807
204.573038 -114.801353
204.573519 -114.629417
204.574000 -117.245926
204.574481 -114.134438
204.574962 -112.912582
204.575442 -112.897667
204.575923 -113.642792
204.576404 -114.353630
204.576885 -118.387154
204.577365 -119.643700
204.577846 -118.095497
204.578327 -115.036316
204.578808 -114.881584
204.579288 -116.758377
204.579769 -121.797020
204.580250 -117.620705
204.580731 -116.356140
204.581212 -116.332817
204.581692 -117.568855
204.582173 -119.833397
204.582654 -118.076889
204.583135 -116.826843
204.583615 -114.907722
204.584096 -114.781326
204.584577 -116.275200
204.585058 -118.763382
204.585538 -115.812561
204.586019 -114.550575
204.586500 -114.563103
204.586981 -121.103973
204.587462 -114.983185
204.587942 -112.896088
204.588423 -112.784256
204.588904 -113.261467
204.589385 -118.233223
204.589865 -123.785583
204.590346 -126.552010
204.590827 -119.213318
204.591308 -119.054558
204.591788 -116.715065
204.592269 -116.256409
204.592750 -117.753906
204.593231 -117.566727
204.593712 -116.823677
204.594192 -117.023109
204.594673 -122.014275
204.595154 -117.877930
204.595635 -118.222244
204.596115 -122.950798
204.596596 -121.738266
204.597077 -122.274300
204.597558 -118.537262
204.598038 -118.801659
204.598519 -118.162323
204.599000 -116.664040
204.599481 -116.662750
204.599962 -119.172974
204.600442 -118.759598
204.600923 -114.775589
204.601404 -114.731323
204.601885 -118.824921
204.602365 -122.467834
204.602846 -124.147293
204.603327 -120.961647
204.603808 -120.638397
204.604288 -124.340309
204.604769 -117.471931
204.605250 -116.388268
204.605731 -116.940536
204.606212 -115.769814
204.606692 -117.613220
204.607173 -111.952354
204.607654 -111.802208
204.608135 -115.125687
204.608615 -117.281479
204.609096 -117.363678
204.609577 -117.368851
204.610058 -123.864639
204.610538 -115.118309
204.611019 -114.075424
204.611500 -115.747276
204.611981 -123.425140
204.612462 -118.574738
204.612942 -115.915878
204.613423 -116.002197
204.613904 -121.421326
204.614385 -119.152000
204.614865 -118.952980
204.615346 -124.248230
204.615827 -124.304726
204.616308 -114.412712
204.616788 -113.488449
204.617269 -114.960869
204.617750 -122.219368
204.618231 -123.644379
204.618712 -122.491905
204.619192 -125.011215
204.619673 -116.175972
204.620154 -115.800064
204.620635 -113.602051
204.621115 -112.250275
204.621596 -112.205917
204.622077 -113.490875
204.622558 -118.505112
204.623038 -122.651566
204.623519 -126.774414
204.624000 -123.596519
204.624481 -124.166428
204.624962 -121.022552
204.625442 -118.948761
204.625923 -119.065666
204.626404 -120.500427
204.626885 -119.611542
204.627365 -120.893532
204.627846 -125.178101
204.628327 -122.505348
204.628808 -119.917076
204.629288 -119.686325
204.629769 -122.561295
204.630250 -118.585182
204.630731 -118.587173
204.631212 -118.745827
204.631692 -118.309074
204.632173 -118.890533
204.632654 -113.025993
204.633135 -111.360046
204.633615 -111.409203
204.634096 -114.669159
204.634577 -122.279602
204.635058 -118.148056
204.635538 -114.906288
204.636019 -115.317139
204.636500 -116.128227
204.636981 -114.136940
204.637462 -114.316826
204.637942 -118.987061
204.638423 -120.423058
204.638904 -117.339943
204.639385 -117.309402
204.639865 -118.698204
204.640346 -119.616821
204.640827 -118.478889
204.641308 -114.048683
204.641788 -113.712135
204.642269 -116.605385
204.642750 -117.782440
204.643231 -117.000900
204.643712 -116.745682
204.644192 -118.576469
204.644673 -119.815262
204.645154 -117.318413
204.645635 -117.583923
204.646115 -114.505493
204.646596 -113.313873
204.647077 -114.049423
204.647558 -117.386879
204.648038 -114.684494
204.648519 -114.681183
204.649000 -118.756592
204.649481 -121.058273
204.649962 -126.214966
204.650442 -125.432678
204.650923 -123.138924
204.651404 -122.996811
204.651885 -123.514534
204.652365 -126.284454
204.652846 -124.901512
204.653327 -124.699303
204.653808 -128.378418
204.654288 -120.658028
204.654769 -116.020737
204.655250 -115.851143
204.655731 -117.855003
204.656212 -118.808929
204.656692 -118.809555
204.657173 -122.697891
204.657654 -120.406960
204.658135 -120.407547
204.658615 -118.681465
204.659096 -114.814003
204.659577 -114.666565
204.660058 -115.425957
204.660538 -115.112976
204.661019 -117.850983
204.661500 -123.387962
204.661981 -117.091011
204.662462 -117.003883
204.662942 -118.421738
204.663423 -119.911766
204.663904 -115.707802
204.664385 -112.516724
204.664865 -112.286987
204.665346 -112.963089
204.665827 -112.489799
204.666308 -112.539574
204.666788 -117.764198
204.667269 -115.926910
204.667750 -116.656601
204.668231 -125.387100
204.668712 -120.649658
204.669192 -117.790718
204.669673 -117.550888
204.670154 -118.639915
204.670635 -121.371651
204.671115 -124.005676
204.671596 -124.004036
204.672077 -125.629501
204.672558 -121.501411
204.673038 -119.260918
204.673519 -112.973518
204.674000 -112.226692
204.674481 -113.141655
204.674962 -115.184158
204.675442 -115.694565
204.675923 -119.509888
204.676404 -119.746887
204.676885 -118.836311
204.677365 -119.365822
204.677846 -120.619171
204.678327 -126.408882
204.678808 -121.208511
204.679288 -114.709938
204.679769 -113.561485
204.680250 -113.748993
204.680731 -116.604317
204.681212 -122.332069
204.681692 -118.012253
204.682173 -117.918816
204.682654 -119.249840
204.683135 -120.755074
204.683615 -125.734787
204.684096 -126.033165
204.684577 -127.735497
204.685058 -122.355286
204.685538 -121.155190
204.686019 -118.732460
204.686500 -113.896980
204.686981 -113.487297
204.687462 -114.956825
204.687942 -118.122826
204.688423 -120.110680
204.688904 -124.830559
204.689385 -117.929169
204.689865 -113.765038
204.690346 -113.778152
204.690827 -116.089020
204.691308 -116.489639
204.691788 -115.614838
204.692269 -115.677376
204.692750 -114.758560
204.693231 -114.743561
204.693712 -117.202446
204.694192 -115.973640
204.694673 -115.700790
204.695154 -116.424355
204.695635 -116.414375
204.696115 -116.408646
204.696596 -117.390297
204.697077 -120.348686
204.697558 -119.037804
204.698038 -119.213165
204.698519 -125.085922
204.699000 -121.661324
204.699481 -120.366554
204.699962 -120.830795
204.700442 -118.992798
204.700923 -117.426628
204.701404 -120.398033
204.701885 -121.405281
204.702365 -116.502480
204.702846 -114.850204
204.703327 -115.621323
204.703808 -117.332993
204.704288 -119.701370
204.704769 -125.164063
204.705250 -124.854034
204.705731 -121.486794
204.706212 -119.718735
204.706692 -121.022728
204.707173 -121.649841
204.707654 -117.535645
204.708135 -117.574203
204.708615 -114.883743
204.709096 -113.609451
204.709577 -113.779404
204.710058 -113.343025
204.710538 -112.442375
204.711019 -112.982132
204.711500 -119.764236
204.711981 -127.563576
204.712462 -121.909363
204.712942 -117.710175
204.713423 -116.327370
204.713904 -115.319229
204.714385 -115.517479
204.714865 -120.851166
204.715346 -120.326790
204.715827 -120.326797
204.716308 -123.985970
204.716788 -130.128220
204.717269 -125.621277
204.717750 -115.667702
204.718231 -114.015083
204.718712 -114.746689
204.719192 -117.259720
204.719673 -116.851463
204.720154 -118.512131
204.720635 -118.566071
204.721115 -117.738632
204.721596 -113.859291
204.722077 -111.388268
204.722558 -111.250282
204.723038 -115.916451
204.723519 -120.464432
204.724000 -120.960808
204.724481 -122.777573
204.724962 -117.342896
204.725442 -117.267120
204.725923 -116.862221
204.726404 -111.793961
204.726885 -111.764786
204.727365 -115.459099
204.727846 -117.816490
204.728327 -116.423691
204.728808 -116.960442
204.729288 -116.138252
204.729769 -117.021774
204.730250 -119.612885
204.730731 -119.538193
204.731212 -121.432457
204.731692 -122.083832
204.732173 -119.404228
204.732654 -113.696625
204.733135 -112.630142
204.733615 -112.988045
204.734096 -115.498489
204.734577 -117.864586
204.735058 -120.412910
204.735538 -123.169250
204.736019 -117.318214
204.736500 -115.875389
204.736981 -116.249763
204.737462 -121.085693
204.737942 -120.005020
204.738423 -118.984253
204.738904 -120.111252
204.739385 -115.580147
204.739865 -113.716995
204.740346 -113.740623
204.740827 -115.055679
204.741308 -114.448395
204.741788 -115.139168
204.742269 -117.813034
204.742750 -118.450165
204.743231 -115.293953
204.743712 -115.271767
204.744192 -115.411034
204.744673 -113.222565
204.745154 -113.222435
204.745635 -115.884956
204.746115 -120.789421
204.746596 -118.293541
204.747077 -118.874062
204.747558 -120.440430
204.748038 -117.932426
204.748519 -118.002945
204.749000 -115.769623
204.749481 -115.573341
204.749962 -117.246353
204.750442 -120.118042
204.750923 -119.516823
204.751404 -120.777672
204.751885 -116.040726
204.752365 -115.535217
204.752846 -115.524117
204.753327 -117.351349
204.753808 -123.010941
204.754288 -122.215515
204.754769 -116.813087
204.755250 -115.166641
204.755731 -115.178276
204.756212 -115.850471
204.756692 -121.962059
204.757173 -118.300194
204.757654 -118.222832
204.758135 -120.861992
204.758615 -125.990402
204.759096 -122.879654
204.759577 -122.863190
204.760058 -120.311440
204.760538 -116.277023
204.761019 -115.954277
204.761500 -114.983429
204.761981 -114.943901
204.762462 -116.808189
204.762942 -124.322510
204.763423 -121.981964
204.763904 -119.301109
204.764385 -113.551788
204.764865 -113.204689
204.765346 -114.844406
204.765827 -119.025703
204.766308 -121.164383
204.766788 -114.667114
204.767269 -113.892410
204.767750 -113.942245
204.768231 -115.679260
204.768712 -118.250740
204.769192 -118.699173
204.769673 -122.524750
204.770154 -116.248306
204.770635 -113.379776
204.771115 -113.402046
204.771596 -117.429947
204.772077 -121.421143
204.772558 -123.212044
204.773038 -122.699448
204.773519 -122.866493
204.774000 -122.074219
204.774481 -121.926666
204.774962 -118.450035
204.775442 -112.737213
204.775923 -111.267670
204.776404 -111.180061
204.776885 -111.735878
204.777365 -114.448380
204.777846 -115.928101
204.778327 -116.376251
204.778808 -122.400063
204.779288 -118.193550
204.779769 -117.595673
204.780250 -117.790657
204.780731 -119.322906
204.781212 -119.563431
204.781692 -119.852226
204.782173 -122.360008
204.782654 -118.111572
204.783135 -114.949608
204.783615 -114.465027
204.784096 -115.589111
204.784577 -117.880714
204.785058 -117.510780
204.785538 -121.895683
204.786019 -126.420929
204.786500 -123.838432
204.786981 -120.263458
204.787462 -119.958389
204.787942 -121.109375
204.788423 -121.487846
204.788904 -116.978455
204.789385 -111.988144
204.789865 -110.725334
204.790346 -110.879433
204.790827 -114.897461
204.791308 -118.976860
204.791788 -120.434402
204.792269 -117.641907
204.792750 -117.744743
204.793231 -113.507751
204.793712 -111.592010
204.794192 -112.534096
204.794673 -121.800453
204.795154 -119.779984
204.795635 -119.357239
204.796115 -122.338661
204.796596 -120.979057
204.797077 -122.881638
204.797558 -122.143921
204.798038 -123.528572
204.798519 -129.612671
204.799000 -123.744347
204.799481 -122.925278
204.799962 -124.911476
204.800442 -134.145340
204.800923 -122.291328
204.801404 -116.104630
204.801885 -115.090637
204.802365 -115.760361
204.802846 -120.811981
204.803327 -120.976273
204.803808 -114.275444
204.804288 -112.651863
204.804769 -112.658417
204.805250 -115.982216
204.805731 -124.457954
204.806212 -121.095085
204.806692 -118.566269
204.807173 -118.888977
204.807654 -117.063446
204.808135 -117.160561
204.808615 -119.759438
204.809096 -118.363327
204.809577 -119.576637
204.810058 -117.915154
204.810538 -117.626793
204.811019 -119.114517
204.811500 -121.806915
204.811981 -115.997299
204.812462 -114.831253
204.812942 -115.469597
204.813423 -114.866371
204.813904 -114.475021
204.814385 -115.702530
204.814865 -122.922119
204.815346 -126.515373
204.815827 -116.662552
204.816308 -116.264076
204.816788 -119.834053
204.817269 -120.387863
204.817750 -115.260345
204.818231 -115.202911
204.818712 -117.583588
204.819192 -117.580353
204.819673 -116.389549
204.820154 -116.222725
204.820635 -117.700386
204.821115 -118.868965
204.821596 -116.272446
204.822077 -116.340530
204.822558 -117.761398
204.823038 -117.888657
204.823519 -118.681564
204.824000 -118.655952
204.824481 -117.603859
204.824962 -114.513504
204.825442 -114.409447
204.825923 -114.891609
204.826404 -116.664757
204.826885 -120.834694
204.827365 -120.034180
204.827846 -116.880226
204.828327 -115.700417
204.828808 -116.314995
204.829288 -121.896729
204.829769 -125.433571
204.830250 -122.211914
204.830731 -122.387245
204.831212 -130.247803
204.831692 -122.021324
204.832173 -120.676300
204.832654 -121.213356
204.833135 -115.336227
204.833615 -115.127037
204.834096 -119.358215
204.834577 -117.023575
204.835058 -114.865501
204.835538 -114.626045
204.836019 -115.901825
204.836500 -121.874306
204.836981 -118.831505
204.837462 -118.765656
204.837942 -120.535469
204.838423 -117.545799
204.838904 -117.379562
204.839385 -116.500031
204.839865 -114.821404
204.840346 -115.585083
204.840827 -120.752533
204.841308 -123.527252
204.841788 -121.223221
204.842269 -120.849556
204.842750 -125.524414
204.843231 -118.692619
204.843712 -116.479622
204.844192 -116.271652
204.844673 -116.990120
204.845154 -116.539215
204.845635 -120.924736
204.846115 -127.282639
204.846596 -117.534813
204.847077 -115.258148
204.847558 -115.997375
204.848038 -120.656151
204.848519 -121.781441
204.849000 -122.169640
204.849481 -121.770622
204.849962 -122.213120
204.850442 -118.436493
204.850923 -118.261406
204.851404 -118.730553
204.851885 -116.860542
204.852365 -116.267181
204.852846 -116.429993
204.853327 -116.308891
204.853808 -117.372185
204.854288 -114.896446
204.854769 -114.435722
204.855250 -115.505249
204.855731 -119.766396
204.856212 -128.236130
204.856692 -123.912575
204.857173 -123.708900
204.857654 -121.214897
204.858135 -120.172630
204.858615 -122.387596
204.859096 -127.860298
204.859577 -133.593124
204.860058 -135.016296
204.860538 -128.745544
204.861019 -122.367264
204.861500 -120.979164
204.861981 -120.521767
204.862462 -117.552734
204.862942 -117.306259
204.863423 -117.822411
204.863904 -117.935890
204.864385 -117.405144
204.864865 -117.092522
204.865346 -117.065086
204.865827 -119.052002
204.866308 -116.890663
204.866788 -116.387260
204.867269 -118.457886
204.867750 -117.130661
204.868231 -115.321373
204.868712 -115.473457
204.869192 -118.111519
204.869673 -118.699829
204.870154 -117.846313
204.870635 -118.950592
204.871115 -125.777512
204.871596 -125.542870
204.872077 -123.262283
204.872558 -123.243202
204.873038 -115.460922
204.873519 -113.800583
204.874000 -115.028763
204.874481 -120.248589
204.874962 -120.392395
204.875442 -116.732887
204.875923 -115.747932
204.876404 -115.714569
204.876885 -118.160828
204.877365 -127.187561
204.877846 -119.931183
204.878327 -118.835945
204.878808 -119.060814
204.879288 -120.935608
204.879769 -117.085045
204.880250 -115.954590
204.880731 -117.426834
204.881212 -120.351425
204.881692 -118.331421
204.882173 -115.601509
204.882654 -116.099258
204.883135 -116.451782
204.883615 -116.214088
204.884096 -116.975983
204.884577 -122.298805
204.885058 -122.173477
204.885538 -120.901497
204.886019 -113.507179
204.886500 -112.443230
204.886981 -112.951424
204.887462 -116.843697
204.887942 -115.575768
204.888423 -115.070244
204.888904 -115.155594
204.889385 -118.404106
204.889865 -116.032379
204.890346 -114.920395
204.890827 -115.817642
204.891308 -118.565224
204.891788 -112.687805
204.892269 -112.546654
204.892750 -113.941116
204.893231 -116.194984
204.893712 -118.915054
204.894192 -120.122078
204.894673 -116.775642
204.895154 -116.036133
204.895635 -118.015152
204.896115 -125.822205
204.896596 -124.857819
204.897077 -122.456993
204.897558 -119.026482
204.898038 -115.319237
204.898519 -115.432884
204.899000 -121.869080
204.899481 -128.700821
204.899962 -128.185425
204.900442 -120.734566
204.900923 -114.918602
204.901404 -114.269516
204.901885 -114.775719
204.902365 -120.808189
204.902846 -116.502518
204.903327 -116.095154
204.903808 -118.297958
204.904288 -118.234825
204.904769 -115.008156
204.905250 -115.017105
204.905731 -118.330627
204.906212 -120.812836
204.906692 -119.551346
204.907173 -120.939964
204.907654 -119.777298
204.908135 -118.238678
204.908615 -118.613937
204.909096 -118.760132
204.909577 -117.146164
204.910058 -117.110886
204.910538 -118.006134
204.911019 -119.933510
204.911500 -119.336769
204.911981 -117.714867
204.912462 -113.884911
204.912942 -110.861099
204.913423 -110.592491
204.913904 -111.792336
204.914385 -116.088562
204.914865 -118.973495
204.915346 -118.846626
204.915827 -123.399788
204.916308 -125.329536
204.916788 -115.812309
204.917269 -114.584229
204.917750 -115.222130
204.918231 -116.263557
204.918712 -116.368958
204.919192 -117.902641
204.919673 -118.721222
204.920154 -116.277008
204.920635 -115.572601
204.921115 -116.232719
204.921596 -121.144226
204.922077 -113.077339
204.922558 -112.470978
204.923038 -113.564697
204.923519 -120.237312
204.924000 -125.825188
204.924481 -126.336960
204.924962 -125.590652
204.925442 -125.503212
204.925923 -124.548286
204.926404 -124.593903
204.926885 -123.760544
204.927365 -124.047600
204.927846 -123.954689
204.928327 -116.270699
204.928808 -115.472076
204.929288 -115.605774
204.929769 -116.116814
204.930250 -115.643799
204.930731 -114.118347
204.931212 -114.400352
204.931692 -116.185844
204.932173 -116.066483
204.932654 -115.815796
204.933135 -113.694839
204.933615 -112.734375
204.934096 -112.766640
204.934577 -116.966370
204.935058 -124.767921
204.935538 -124.017853
204.936019 -124.094429
204.936500 -123.353424
204.936981 -119.214401
204.937462 -118.660660
204.937942 -121.478661
204.938423 -118.440575
204.938904 -118.496933
204.939385 -115.381317
204.939865 -114.681801
204.940346 -115.843491
204.940827 -121.160370
204.941308 -120.951256
204.941788 -119.966293
204.942269 -119.946648
204.942750 -118.863029
204.943231 -118.803207
204.943712 -121.536659
204.944192 -127.407516
204.944673 -127.085960
204.945154 -130.770294
204.945635 -122.280144
204.946115 -117.486969
204.946596 -115.877426
204.947077 -115.726135
204.947558 -117.624474
204.948038 -123.403313
204.948519 -126.285423
204.949000 -121.413506
204.949481 -120.946640
204.949962 -124.695328
204.950442 -116.643112
204.950923 -115.113945
204.951404 -116.627968
204.951885 -119.620003
204.952365 -114.358208
204.952846 -112.659981
204.953327 -112.809143
204.953808 -117.609024
204.954288 -122.282082
204.954769 -119.486252
204.955250 -117.881073
204.955731 -118.706825
204.956212 -120.165115
204.956692 -120.291374
204.957173 -118.804092
204.957654 -118.662712
204.958135 -120.343513
204.958615 -121.215813
204.959096 -116.838326
204.959577 -116.811295
204.960058 -115.588501
204.960538 -115.313675
204.961019 -116.156998
204.961500 -121.277481
204.961981 -119.987061
204.962462 -119.146431
204.962942 -120.420303
204.963423 -120.593155
204.963904 -120.405602
204.964385 -123.541298
204.964865 -123.114044
204.965346 -122.573494
204.965827 -119.151192
204.966308 -119.094055
204.966788 -124.019905
204.967269 -122.166306
204.967750 -116.170883
204.968231 -113.715385
204.968712 -113.716278
204.969192 -115.606293
204.969673 -119.091797
204.970154 -119.234116
204.970635 -122.660645
204.971115 -116.839043
204.971596 -116.604485
204.972077 -118.387161
204.972558 -120.227432
204.973038 -117.926598
204.973519 -115.879326
204.974000 -116.858902
204.974481 -119.388680
204.974962 -119.542053
204.975442 -124.381248
204.975923 -119.433823
204.976404 -119.313789
204.976885 -121.836136
204.977365 -118.546013
204.977846 -118.593994
204.978327 -124.576042
204.978808 -130.941467
204.979288 -127.746033
204.979769 -128.188812
204.980250 -121.286743
204.980731 -113.360161
204.981212 -112.503983
204.981692 -113.351143
204.982173 -117.497612
204.982654 -120.005287
204.983135 -119.585602
204.983615 -121.851273
204.984096 -127.653175
204.984577 -125.661583
204.985058 -120.929237
204.985538 -120.754448
204.986019 -122.498833
204.986500 -124.058197
204.986981 -116.615334
204.987462 -116.546135
204.987942 -121.025482
204.988423 -129.183243
204.988904 -124.538078
204.989385 -113.362709
204.989865 -112.688217
204.990346 -115.720345
204.990827 -122.760994
204.991308 -122.946037
204.991788 -125.890388
204.992269 -124.144638
204.992750 -122.585670
204.993231 -124.400436
204.993712 -123.309654
204.994192 -117.898300
204.994673 -117.407639
204.995154 -119.521774
204.995635 -123.768372
204.996115 -118.704727
204.996596 -118.686554
204.997077 -122.642601
204.997558 -119.604446
204.998038 -117.060638
204.998519 -116.277206
204.999000 -116.661743
204.999481 -119.098305
204.999962 -116.910980
205.000442 -117.114601
205.000923 -114.747345
205.001404 -114.636459
205.001885 -120.273117
205.002365 -123.329887
205.002846 -118.799492
205.003327 -119.141678
205.003808 -121.024055
205.004288 -119.381485
205.004769 -120.225533
205.005250 -127.094215
205.005731 -126.236069
205.006212 -126.699806
205.006692 -122.818085
205.007173 -117.314522
205.007654 -117.184868
205.008135 -118.401932
205.008615 -122.163506
205.009096 -126.633270
205.009577 -124.159264
205.010058 -122.838898
205.010538 -123.954811
205.011019 -127.818703
205.011500 -122.778236
205.011981 -120.681229
205.012462 -119.707169
205.012942 -119.858490
205.013423 -122.037445
205.013904 -117.874527
205.014385 -117.772675
205.014865 -120.037544
205.015346 -124.920006
205.015827 -121.050667
205.016308 -118.037422
205.016788 -118.555466
205.017269 -126.187439
205.017750 -119.554230
205.018231 -115.775963
205.018712 -113.712303
205.019192 -113.281143
205.019673 -113.668861
205.020154 -116.113525
205.020635 -120.211266
205.021115 -122.944992
205.021596 -124.406418
205.022077 -118.945427
205.022558 -117.322960
205.023038 -117.345284
205.023519 -117.688950
205.024000 -116.198021
205.024481 -116.256210
205.024962 -121.256531
205.025442 -123.594368
205.025923 -122.599655
205.026404 -122.430901
205.026885 -116.764694
205.027365 -116.365799
205.027846 -117.602615
205.028327 -114.451706
205.028808 -113.943733
205.029288 -114.435783
205.029769 -115.366493
205.030250 -115.112892
205.030731 -116.375366
205.031212 -121.314796
205.031692 -127.864754
205.032173 -125.118919
205.032654 -118.283386
205.033135 -116.406021
205.033615 -116.520531
205.034096 -115.492844
205.034577 -115.326653
205.035058 -118.719948
205.035538 -117.622520
205.036019 -116.794312
205.036500 -117.903946
205.036981 -125.870590
205.037462 -124.654076
205.037942 -119.485527
205.038423 -118.336632
205.038904 -118.930336
205.039385 -118.917633
205.039865 -118.545410
205.040346 -123.534500
205.040827 -120.739777
205.041308 -115.739243
205.041788 -115.702736
205.042269 -120.617500
205.042750 -119.422890
205.043231 -119.784798
205.043712 -126.770836
205.044192 -119.343086
205.044673 -116.290344
205.045154 -116.289665
205.045635 -115.767448
205.046115 -115.561447
205.046596 -118.062408
205.047077 -121.257584
205.047558 -121.189301
205.048038 -122.724892
205.048519 -121.233551
205.049000 -117.883263
205.049481 -117.501480
205.049962 -116.863533
205.050442 -115.822784
205.050923 -116.139481
205.051404 -121.590942
205.051885 -119.821411
205.052365 -118.508591
205.052846 -118.740555
205.053327 -119.031792
205.053808 -115.570274
205.054288 -115.582428
205.054769 -119.026466
205.055250 -117.784264
205.055731 -117.367058
205.056212 -116.255020
205.056692 -115.564911
205.057173 -115.822380
205.057654 -119.947151
205.058135 -124.795280
205.058615 -120.648560
205.059096 -117.400955
205.059577 -117.357635
205.060058 -119.413818
205.060538 -127.127930
205.061019 -124.784042
205.061500 -124.784302
205.061981 -125.608894
205.062462 -115.625397
205.062942 -112.345665
205.063423 -112.329247
205.063904 -114.287186
205.064385 -117.767647
205.064865 -116.907341
205.065346 -117.317017
205.065827 -121.132614
205.066308 -117.123993
205.066788 -116.540718
205.067269 -119.110443
205.067750 -120.825012
205.068231 -120.714363
205.068712 -122.263374
205.069192 -117.670761
205.069673 -113.452736
205.070154 -113.461594
205.070635 -117.883980
205.071115 -113.485909
205.071596 -113.229370
205.072077 -113.458733
205.072558 -116.457413
205.073038 -127.520134
205.073519 -127.021950
205.074000 -121.114136
205.074481 -116.304916
205.074962 -116.153488
205.075442 -117.356758
205.075923 -122.514496
205.076404 -122.155556
205.076885 -123.774681
205.077365 -117.972923
205.077846 -113.050575
205.078327 -112.636124
205.078808 -113.447357
205.079288 -118.396614
205.079769 -115.022781
205.080250 -115.294342
205.080731 -120.411964
205.081212 -118.477379
205.081692 -118.927086
205.082173 -119.558151
205.082654 -119.712906
205.083135 -124.198074
205.083615 -117.505386
205.084096 -117.323067
205.084577 -119.297241
205.085058 -120.756302
205.085538 -116.780617
205.086019 -116.542000
205.086500 -117.395332
205.086981 -116.446877
205.087462 -116.514069
205.087942 -117.292473
205.088423 -121.859856
205.088904 -118.114548
205.089385 -113.976219
205.089865 -113.582405
205.090346 -114.155289
205.090827 -116.212151
205.091308 -117.386879
205.091788 -118.117256
205.092269 -122.350960
205.092750 -120.443298
205.093231 -121.055168
205.093712 -124.455963
205.094192 -123.824501
205.094673 -125.734871
205.095154 -119.047440
205.095635 -118.987541
205.096115 -124.084785
205.096596 -124.089264
205.097077 -120.982300
205.097558 -120.699013
205.098038 -121.992897
205.098519 -116.869270
205.099000 -116.835281
205.099481 -119.231194
205.099962 -121.737282
205.100442 -117.948196
205.100923 -114.110977
205.101404 -113.990784
205.101885 -116.588898
205.102365 -117.929825
205.102846 -115.040695
205.103327 -114.684425
205.103808 -113.343643
205.104288 -113.358002
205.104769 -118.015144
205.105250 -120.849136
205.105731 -117.652878
205.106212 -117.098122
205.106692 -111.727592
205.107173 -111.586342
205.107654 -113.626694
205.108135 -119.354774
205.108615 -126.514351
205.109096 -126.752327
205.109577 -128.111191
205.110058 -123.546364
205.110538 -120.362282
205.111019 -117.426956
205.111500 -114.357361
205.111981 -114.572075
205.112462 -120.282051
205.112942 -116.445595
205.113423 -116.097153
205.113904 -117.900642
205.114385 -121.128441
205.114865 -120.976234
205.115346 -120.343781
205.115827 -119.511055
205.116308 -120.184273
205.116788 -128.028198
205.117269 -117.183083
205.117750 -114.541527
205.118231 -114.524559
205.118712 -118.409538
205.119192 -118.950989
205.119673 -118.797348
205.120154 -120.937843
205.120635 -124.695656
205.121115 -123.004402
205.121596 -120.430428
205.122077 -120.481483
205.122558 -121.077072
205.123038 -117.661667
205.123519 -116.997459
205.124000 -116.986366
205.124481 -122.490868
205.124962 -117.345474
205.125442 -117.031921
205.125923 -117.050163
205.126404 -114.330742
205.126885 -114.242950
205.127365 -115.079582
205.127846 -120.274208
205.128327 -123.695694
205.128808 -123.603691
205.129288 -121.116539
205.129769 -115.598618
205.130250 -115.298317
205.130731 -118.993645
205.131212 -119.366249
205.131692 -120.281021
205.132173 -124.832558
205.132654 -118.492531
205.133135 -116.789383
205.133615 -117.178047
205.134096 -117.349373
205.134577 -117.382874
205.135058 -122.255730
205.135538 -116.243881
205.136019 -116.223244
205.136500 -122.269066
205.136981 -120.620308
205.137462 -118.633514
205.137942 -116.855507
205.138423 -116.830872
205.138904 -115.729584
205.139385 -115.185089
205.139865 -115.414146
205.140346 -117.952843
205.140827 -116.936005
205.141308 -116.029778
205.141788 -115.162132
205.142269 -114.747917
205.142750 -116.479866
205.143231 -113.684296
205.143712 -112.518600
205.144192 -112.540573
205.144673 -115.862442
205.145154 -122.371864
205.145635 -125.777130
205.146115 -124.945740
205.146596 -124.592682
205.147077 -125.812721
205.147558 -125.143120
205.148038 -125.219872
205.148519 -122.598907
205.149000 -123.570854
205.149481 -128.244019
205.149962 -131.917557
205.150442 -123.674179
205.150923 -123.444969
205.151404 -127.089134
205.151885 -124.071213
205.152365 -119.140121
205.152846 -117.288025
205.153327 -117.788109
205.153808 -124.682922
205.154288 -118.424515
205.154769 -118.421898
205.155250 -120.361183
205.155731 -118.594620
205.156212 -119.102959
205.156692 -120.211975
205.157173 -120.313408
205.157654 -120.545212
205.158135 -118.748108
205.158615 -119.503838
205.159096 -126.478355
205.159577 -127.708031
205.160058 -127.533241
205.160538 -121.498283
205.161019 -118.723106
205.161500 -119.395622
205.161981 -121.235931
205.162462 -121.827217
205.162942 -120.024605
205.163423 -115.775391
205.163904 -113.873863
205.164385 -113.142471
205.164865 -113.310989
205.165346 -118.024849
205.165827 -123.062080
205.166308 -123.986725
205.166788 -122.146423
205.167269 -119.912735
205.167750 -119.876869
205.168231 -120.675278
205.168712 -121.741577
205.169192 -124.907310
205.169673 -126.079926
205.170154 -121.187805
205.170635 -118.939911
205.171115 -116.829353
205.171596 -113.241310
205.172077 -112.886024
205.172558 -113.098969
205.173038 -111.912376
205.173519 -111.387871
205.174000 -112.183800
205.174481 -119.460304
205.174962 -125.447754
205.175442 -119.820068
205.175923 -116.699821
205.176404 -116.210678
205.176885 -118.421059
205.177365 -122.268913
205.177846 -114.884026
205.178327 -114.804787
205.178808 -117.666992
205.179288 -124.118286
205.179769 -119.354355
205.180250 -118.487633
205.180731 -119.139275
205.181212 -127.494690
205.181692 -131.907654
205.182173 -123.201897
205.182654 -121.556618
205.183135 -121.379974
205.183615 -119.354996
205.184096 -118.037056
205.184577 -116.995293
205.185058 -116.688438
205.185538 -114.757881
205.186019 -114.257637
205.186500 -115.233711
205.186981 -113.762718
205.187462 -113.548508
205.187942 -115.991608
205.188423 -118.993187
205.188904 -124.414986
205.189385 -123.467117
205.189865 -123.208115
205.190346 -118.810585
205.190827 -115.725754
205.191308 -115.477135
205.191788 -116.734924
205.192269 -127.613495
205.192750 -124.133919
205.193231 -119.209763
205.193712 -119.612091
205.194192 -122.677002
205.194673 -122.391319
205.195154 -120.913719
205.195635 -113.724228
205.196115 -111.570999
205.196596 -111.582664
205.197077 -115.354340
205.197558 -124.154129
205.198038 -124.183319
205.198519 -118.207214
205.199000 -117.020432
