205.000000 -110.507622
205.000962 -111.243210
205.001923 -118.247169
205.002885 -121.525253
205.003846 -118.046150
205.004808 -117.145485
205.005769 -114.311577
205.006731 -110.875206
205.007692 -108.373947
205.008654 -109.230751
205.009615 -113.561905
205.010577 -112.944466
205.011538 -112.935585
205.012500 -115.638901
205.013462 -111.484612
205.014423 -111.152061
205.015385 -112.157448
205.016346 -111.335548
205.017308 -111.471870
205.018269 -115.112923
205.019231 -124.378433
205.020192 -119.254700
205.021154 -117.417961
205.022115 -116.816154
205.023077 -115.043694
205.024038 -114.087624
205.025000 -115.418900
205.025962 -122.794838
205.026923 -120.892227
205.027885 -116.889427
205.028846 -116.803566
205.029808 -120.261307
205.030769 -117.945335
205.031731 -114.334702
205.032692 -113.543968
205.033654 -114.162773
205.034615 -113.220459
205.035577 -112.345009
205.036538 -112.568748
205.037500 -114.108040
205.038462 -114.931267
205.039423 -113.534286
205.040385 -113.854401
205.041346 -114.837830
205.042308 -113.995476
205.043269 -114.176285
205.044231 -112.274887
205.045192 -112.246887
205.046154 -116.372528
205.047115 -117.467400
205.048077 -119.207855
205.049038 -116.594727
205.050000 -114.450188
205.050962 -114.334084
205.051923 -113.450981
205.052885 -113.358505
205.053846 -113.504028
205.054808 -115.338676
205.055769 -115.646088
205.056731 -116.247795
205.057692 -118.625183
205.058654 -114.748558
205.059615 -113.973549
205.060577 -114.360207
205.061538 -118.049538
205.062500 -117.401382
205.063462 -117.027130
205.064423 -119.393600
205.065385 -123.024940
205.066346 -115.343536
205.067308 -114.469109
205.068269 -115.074066
205.069231 -117.491333
205.070192 -120.788353
205.071154 -122.023468
205.072115 -119.946472
205.073077 -115.920029
205.074038 -115.854881
205.075000 -117.997284
205.075962 -123.309669
205.076923 -123.334419
205.077885 -115.235718
205.078846 -114.494072
205.079808 -116.311295
205.080769 -126.209862
205.081731 -129.836151
205.082692 -118.793594
205.083654 -114.619476
205.084615 -114.869392
205.085577 -125.380432
205.086538 -121.671021
205.087500 -121.178802
205.088462 -116.551453
205.089423 -116.275085
205.090385 -117.734200
205.091346 -118.776520
205.092308 -118.887291
205.093269 -117.231514
205.094231 -116.520386
205.095192 -117.646515
205.096154 -122.369347
205.097115 -119.046082
205.098077 -119.349243
205.099038 -118.829628
205.100000 -115.995720
205.100962 -114.939186
205.101923 -114.201302
205.102885 -111.775055
205.103846 -110.738640
205.104808 -111.019554
205.105769 -116.126022
205.106731 -118.276718
205.107692 -118.131821
205.108654 -117.789444
205.109615 -114.890152
205.110577 -114.369469
205.111538 -114.045364
205.112500 -114.043221
205.113462 -115.978287
205.114423 -112.404404
205.115385 -112.092430
205.116346 -114.876167
205.117308 -119.611969
205.118269 -120.519791
205.119231 -113.355202
205.120192 -112.664124
205.121154 -114.671913
205.122115 -114.527451
205.123077 -113.814957
205.124038 -114.903976
205.125000 -118.676857
205.125962 -117.067696
205.126923 -116.924026
205.127885 -117.252106
205.128846 -114.482742
205.129808 -114.333046
205.130769 -119.763031
205.131731 -115.395142
205.132692 -115.873322
205.133654 -118.257416
205.134615 -118.234634
205.135577 -118.842262
205.136538 -114.357483
205.137500 -114.374702
205.138462 -113.328255
205.139423 -111.649734
205.140385 -112.471062
205.141346 -119.286140
205.142308 -115.287155
205.143269 -115.113152
205.144231 -115.053368
205.145192 -115.676758
205.146154 -113.378899
205.147115 -113.607544
205.148077 -114.673248
205.149038 -114.918289
205.150000 -113.752022
205.150962 -109.662376
205.151923 -109.605438
205.152885 -112.145103
205.153846 -117.582138
205.154808 -117.360077
205.155769 -119.211067
205.156731 -124.701843
205.157692 -117.657639
205.158654 -116.747757
205.159615 -114.758354
205.160577 -114.601784
205.161538 -114.795624
205.162500 -111.306038
205.163462 -111.556602
205.164423 -111.078644
205.165385 -110.600792
205.166346 -111.487854
205.167308 -116.586411
205.168269 -117.468430
205.169231 -115.721535
205.170192 -116.311821
205.171154 -119.562386
205.172115 -116.260155
205.173077 -116.208473
205.174038 -117.770012
205.175000 -119.472115
205.175962 -115.525345
205.176923 -113.924728
205.177885 -114.058975
205.178846 -114.572395
205.179808 -114.551849
205.180769 -121.899986
205.181731 -120.029091
205.182692 -115.135056
205.183654 -115.084053
205.184615 -120.698509
205.185577 -126.582001
205.186538 -119.171318
205.187500 -114.603699
205.188462 -113.985313
205.189423 -114.570358
205.190385 -112.558640
205.191346 -109.528839
205.192308 -109.527809
205.193269 -110.796219
205.194231 -115.999786
205.195192 -114.940536
205.196154 -116.325539
205.197115 -115.548683
205.198077 -116.591309
205.199038 -116.350311
205.200000 -115.104279
205.200962 -115.663467
205.201923 -115.870316
205.202885 -112.177170
205.203846 -108.885048
205.204808 -108.835693
205.205769 -110.415787
205.206731 -112.761909
205.207692 -114.825134
205.208654 -114.338867
205.209615 -115.780945
205.210577 -124.277275
205.211538 -118.597557
205.212500 -118.197906
205.213462 -120.549355
205.214423 -124.896812
205.215385 -116.360901
205.216346 -113.457634
205.217308 -114.441856
205.218269 -117.958977
205.219231 -116.070328
205.220192 -113.946205
205.221154 -113.952927
205.222115 -119.252182
205.223077 -120.277748
205.224038 -118.127609
205.225000 -114.455429
205.225962 -114.338829
205.226923 -115.187233
205.227885 -109.417702
205.228846 -107.314079
205.229808 -107.297523
205.230769 -109.287918
205.231731 -113.747749
205.232692 -118.808411
205.233654 -116.776756
205.234615 -117.471443
205.235577 -118.039154
205.236538 -112.711403
205.237500 -112.314804
205.238462 -114.422997
205.239423 -122.822639
205.240385 -114.595718
205.241346 -111.551025
205.242308 -111.647545
205.243269 -117.131935
205.244231 -123.802315
205.245192 -117.658501
205.246154 -117.492348
205.247115 -117.044823
205.248077 -113.652199
205.249038 -112.727257
205.250000 -113.038681
205.250962 -110.963089
205.251923 -109.998756
205.252885 -110.108337
205.253846 -112.381783
205.254808 -115.042587
205.255769 -113.112228
205.256731 -112.708809
205.257692 -113.555977
205.258654 -120.950867
205.259615 -116.783035
205.260577 -114.735847
205.261538 -113.549797
205.262500 -110.033844
205.263462 -109.161255
205.264423 -109.469139
205.265385 -111.022217
205.266346 -113.261360
205.267308 -117.188217
205.268269 -116.925056
205.269231 -122.784477
205.270192 -125.455467
205.271154 -117.768768
205.272115 -114.600670
205.273077 -116.125763
205.274038 -110.231346
205.275000 -110.210815
205.275962 -113.983742
205.276923 -111.691460
205.277885 -111.536095
205.278846 -111.826363
205.279808 -114.008606
205.280769 -118.957375
205.281731 -124.638924
205.282692 -121.494690
205.283654 -116.135971
205.284615 -115.515030
205.285577 -115.677826
205.286538 -116.975426
205.287500 -116.907616
205.288462 -114.342964
205.289423 -113.190636
205.290385 -113.762733
205.291346 -111.230530
205.292308 -109.307114
205.293269 -109.383354
205.294231 -112.828537
205.295192 -114.852356
205.296154 -117.034332
205.297115 -113.304634
205.298077 -109.608490
205.299038 -109.182304
205.300000 -110.269348
205.300962 -114.533974
205.301923 -111.585495
205.302885 -110.235443
205.303846 -110.183022
205.304808 -110.854950
205.305769 -112.812454
205.306731 -113.460022
205.307692 -116.547859
205.308654 -115.212334
205.309615 -110.923393
205.310577 -109.009804
205.311538 -109.009789
205.312500 -111.811600
205.313462 -114.641144
205.314423 -114.576515
205.315385 -118.835350
205.316346 -116.765533
205.317308 -117.645958
205.318269 -116.535851
205.319231 -114.302330
205.320192 -114.648338
205.321154 -118.841560
205.322115 -112.344765
205.323077 -111.937393
205.324038 -113.787300
205.325000 -113.993782
205.325962 -113.417824
205.326923 -114.247787
205.327885 -116.834480
205.328846 -118.712990
205.329808 -118.147751
205.330769 -115.175545
205.331731 -113.656799
205.332692 -115.235352
205.333654 -119.751595
205.334615 -125.511513
205.335577 -122.753296
205.336538 -117.931862
205.337500 -117.714310
205.338462 -112.084198
205.339423 -111.915321
205.340385 -117.424355
205.341346 -121.733635
205.342308 -122.174278
205.343269 -118.689781
205.344231 -113.517395
205.345192 -113.048645
205.346154 -114.511330
205.347115 -120.520561
205.348077 -116.577888
205.349038 -113.496590
205.350000 -113.282402
205.350962 -113.467812
205.351923 -113.613846
205.352885 -114.347015
205.353846 -117.631531
205.354808 -117.001022
205.355769 -116.988739
205.356731 -122.610771
205.357692 -117.782768
205.358654 -113.990189
205.359615 -112.656654
205.360577 -112.693443
205.361538 -113.357147
205.362500 -113.337296
205.363462 -113.023674
205.364423 -111.932632
205.365385 -112.551552
205.366346 -120.745926
205.367308 -119.213341
205.368269 -120.467392
205.369231 -115.302200
205.370192 -114.617142
205.371154 -115.637566
205.372115 -122.001572
205.373077 -114.527283
205.374038 -113.195030
205.375000 -113.549156
205.375962 -118.316063
205.376923 -118.466095
205.377885 -114.702751
205.378846 -114.436295
205.379808 -115.108200
205.380769 -116.507957
205.381731 -117.745377
205.382692 -117.060921
205.383654 -119.156883
205.384615 -118.765999
205.385577 -113.277817
205.386538 -113.551987
205.387500 -115.734001
205.388462 -115.410461
205.389423 -115.915443
205.390385 -118.220238
205.391346 -123.862122
205.392308 -123.804161
205.393269 -121.249893
205.394231 -122.021797
205.395192 -121.215553
205.396154 -120.977127
205.397115 -124.202148
205.398077 -123.279732
205.399038 -118.036774
205.400000 -117.459343
205.400962 -117.684296
205.401923 -117.966866
205.402885 -119.338333
205.403846 -119.525307
205.404808 -119.384460
205.405769 -120.235573
205.406731 -119.802750
205.407692 -116.716637
205.408654 -109.884346
205.409615 -109.760246
205.410577 -111.149658
205.411538 -118.706436
205.412500 -121.993607
205.413462 -117.227898
205.414423 -117.097878
205.415385 -114.879036
205.416346 -112.619690
205.417308 -111.644684
205.418269 -111.168427
205.419231 -111.446304
205.420192 -113.503410
205.421154 -115.142456
205.422115 -109.714752
205.423077 -109.379753
205.424038 -111.924866
205.425000 -117.187935
205.425962 -119.242340
205.426923 -118.528580
205.427885 -119.293030
205.428846 -117.408081
205.429808 -115.309166
205.430769 -116.076935
205.431731 -112.673798
205.432692 -109.858742
205.433654 -109.858650
205.434615 -112.606316
205.435577 -111.159035
205.436538 -111.006348
205.437500 -114.111328
205.438462 -115.408249
205.439423 -115.533485
205.440385 -116.749374
205.441346 -120.911324
205.442308 -119.024757
205.443269 -118.566086
205.444231 -124.397598
205.445192 -123.185013
205.446154 -117.535271
205.447115 -116.571770
205.448077 -116.478477
205.449038 -117.133797
205.450000 -120.507828
205.450962 -116.388374
205.451923 -112.883881
205.452885 -112.720543
205.453846 -112.615433
205.454808 -111.253914
205.455769 -110.624763
205.456731 -110.318123
205.457692 -110.943184
205.458654 -115.559402
205.459615 -113.369308
205.460577 -112.734116
205.461538 -114.363213
205.462500 -117.710320
205.463462 -115.027779
205.464423 -113.737297
205.465385 -114.017593
205.466346 -118.409500
205.467308 -118.053368
205.468269 -118.273666
205.469231 -111.932648
205.470192 -110.436119
205.471154 -110.271408
205.472115 -116.668625
205.473077 -113.170090
205.474038 -112.406166
205.475000 -111.678169
205.475962 -111.473831
205.476923 -112.307343
205.477885 -118.845245
205.478846 -123.652672
205.479808 -119.995811
205.480769 -113.630081
205.481731 -111.345047
205.482692 -111.307037
205.483654 -113.894951
205.484615 -109.411285
205.485577 -107.341118
205.486538 -107.544518
205.487500 -113.720207
205.488462 -112.245995
205.489423 -111.966347
205.490385 -113.792778
205.491346 -113.664978
205.492308 -115.194107
205.493269 -120.509552
205.494231 -120.306038
205.495192 -120.046013
205.496154 -116.588974
205.497115 -116.329964
205.498077 -119.710838
205.499038 -120.480774
205.500000 -121.223671
205.500962 -125.816467
205.501923 -118.420738
205.502885 -118.073532
205.503846 -121.584419
205.504808 -118.508354
205.505769 -119.029732
205.506731 -118.904823
205.507692 -114.831032
205.508654 -114.381004
205.509615 -119.603165
205.510577 -126.632957
205.511538 -121.456001
205.512500 -116.023705
205.513462 -112.050179
205.514423 -112.046158
205.515385 -116.832214
205.516346 -117.663437
205.517308 -113.357201
205.518269 -112.421906
205.519231 -112.389984
205.520192 -112.578880
205.521154 -112.699120
205.522115 -115.909416
205.523077 -115.123596
205.524038 -112.838196
205.525000 -113.034370
205.525962 -111.916252
205.526923 -111.899796
205.527885 -115.232613
205.528846 -119.868637
205.529808 -116.015823
205.530769 -113.604317
205.531731 -113.076424
205.532692 -113.387032
205.533654 -114.255188
205.534615 -111.685936
205.535577 -111.980972
205.536538 -117.903694
205.537500 -112.764153
205.538462 -112.704437
205.539423 -114.547096
205.540385 -114.330162
205.541346 -116.664612
205.542308 -115.566338
205.543269 -118.208511
205.544231 -113.021141
205.545192 -111.658264
205.546154 -110.568176
205.547115 -110.230995
205.548077 -112.535080
205.549038 -116.681236
205.550000 -122.176048
205.550962 -120.426247
205.551923 -121.029732
205.552885 -121.383614
205.553846 -117.154488
205.554808 -112.797562
205.555769 -112.699745
205.556731 -114.893860
205.557692 -115.888809
205.558654 -117.224709
205.559615 -109.935570
205.560577 -109.392815
205.561538 -111.329063
205.562500 -121.487335
205.563462 -119.459862
205.564423 -120.244560
205.565385 -118.694054
205.566346 -117.117126
205.567308 -117.748672
205.568269 -116.672028
205.569231 -116.860504
205.570192 -120.916000
205.571154 -118.698662
205.572115 -120.323128
205.573077 -121.450821
205.574038 -114.153625
205.575000 -110.701912
205.575962 -109.017647
205.576923 -109.031609
205.577885 -112.001297
205.578846 -119.365715
205.579808 -118.492043
205.580769 -117.534103
205.581731 -121.355751
205.582692 -115.649582
205.583654 -115.440063
205.584615 -118.223419
205.585577 -124.312103
205.586538 -119.345001
205.587500 -118.541847
205.588462 -118.893761
205.589423 -120.084572
205.590385 -117.598358
205.591346 -115.917725
205.592308 -117.618729
205.593269 -119.843994
205.594231 -119.804192
205.595192 -113.484406
205.596154 -111.672783
205.597115 -111.675026
205.598077 -113.337662
205.599038 -117.869019
205.600000 -116.042076
205.600962 -114.896606
205.601923 -114.562073
205.602885 -113.786957
205.603846 -112.219170
205.604808 -111.516869
205.605769 -113.026886
205.606731 -115.576576
205.607692 -117.742409
205.608654 -117.565666
205.609615 -124.282135
205.610577 -122.306313
205.611538 -121.794113
205.612500 -117.805603
205.613462 -118.158875
205.614423 -109.595459
205.615385 -108.657097
205.616346 -109.236603
205.617308 -113.754646
205.618269 -119.569954
205.619231 -115.892761
205.620192 -115.808395
205.621154 -118.455597
205.622115 -121.979065
205.623077 -119.268898
205.624038 -119.747070
205.625000 -117.134842
205.625962 -117.104767
205.626923 -122.032837
205.627885 -116.171913
205.628846 -114.814140
205.629808 -115.716057
205.630769 -122.734863
205.631731 -116.144867
205.632692 -115.526573
205.633654 -119.600822
205.634615 -119.048920
205.635577 -118.575203
205.636538 -116.469093
205.637500 -117.019630
205.638462 -115.963348
205.639423 -112.585747
205.640385 -112.077232
205.641346 -112.217278
205.642308 -113.994705
205.643269 -119.066887
205.644231 -116.822929
205.645192 -116.589325
205.646154 -112.501099
205.647115 -110.283844
205.648077 -108.879784
205.649038 -109.179260
205.650000 -114.139610
205.650962 -114.740967
205.651923 -114.952667
205.652885 -118.404472
205.653846 -117.247902
205.654808 -113.479355
205.655769 -113.478760
205.656731 -116.873360
205.657692 -122.999100
205.658654 -130.915726
205.659615 -131.878052
205.660577 -122.837936
205.661538 -120.167480
205.662500 -120.155769
205.663462 -120.178070
205.664423 -118.536270
205.665385 -114.876450
205.666346 -113.733047
205.667308 -111.914169
205.668269 -110.491058
205.669231 -110.703239
205.670192 -117.303230
205.671154 -120.081161
205.672115 -117.549728
205.673077 -116.264542
205.674038 -115.166336
205.675000 -114.830223
205.675962 -115.012741
205.676923 -112.778107
205.677885 -112.654030
205.678846 -116.615791
205.679808 -117.350960
205.680769 -115.401024
205.681731 -114.577126
205.682692 -115.547600
205.683654 -121.274315
205.684615 -122.761192
205.685577 -121.197052
205.686538 -121.008072
205.687500 -126.762543
205.688462 -120.805878
205.689423 -120.033730
205.690385 -117.884621
205.691346 -116.118614
205.692308 -115.398903
205.693269 -116.220421
205.694231 -116.704025
205.695192 -115.729790
205.696154 -117.670631
205.697115 -112.597252
205.698077 -112.090775
205.699038 -113.771469
205.700000 -117.217491
205.700962 -117.553947
205.701923 -120.271385
205.702885 -123.399956
205.703846 -125.346848
205.704808 -119.334076
205.705769 -115.630356
205.706731 -115.786285
205.707692 -121.657593
205.708654 -122.227867
205.709615 -118.729836
205.710577 -118.518211
205.711538 -114.133232
205.712500 -113.547379
205.713462 -114.949104
205.714423 -118.285179
205.715385 -119.203545
205.716346 -121.433731
205.717308 -124.568573
205.718269 -121.112404
205.719231 -117.441284
205.720192 -113.479973
205.721154 -112.264000
205.722115 -112.770142
205.723077 -115.387253
205.724038 -119.465309
205.725000 -118.675415
205.725962 -119.741821
205.726923 -116.677200
205.727885 -115.872597
205.728846 -117.016258
205.729808 -121.799095
205.730769 -121.730995
205.731731 -125.953522
205.732692 -130.582504
205.733654 -127.310387
205.734615 -120.653748
205.735577 -121.844482
205.736538 -118.536133
205.737500 -120.016823
205.738462 -113.118073
205.739423 -112.106583
205.740385 -110.552322
205.741346 -110.417580
205.742308 -111.099792
205.743269 -112.382103
205.744231 -113.117561
205.745192 -115.246262
205.746154 -117.109650
205.747115 -115.055328
205.748077 -112.890724
205.749038 -112.855568
205.750000 -111.788498
205.750962 -111.126640
205.751923 -112.436676
205.752885 -121.413872
205.753846 -121.300255
205.754808 -123.799576
205.755769 -116.710808
205.756731 -114.885773
205.757692 -115.779236
205.758654 -119.120941
205.759615 -117.998322
205.760577 -116.778503
205.761538 -114.963974
205.762500 -115.695786
205.763462 -123.537628
205.764423 -120.433006
205.765385 -116.971329
205.766346 -111.277153
205.767308 -111.215431
205.768269 -114.110725
205.769231 -124.046349
205.770192 -121.501587
205.771154 -122.838554
205.772115 -118.927246
205.773077 -115.570526
205.774038 -115.381653
205.775000 -117.978363
205.775962 -122.946930
205.776923 -118.599068
205.777885 -116.495018
205.778846 -119.209595
205.779808 -117.987999
205.780769 -117.903717
205.781731 -118.288391
205.782692 -113.003128
205.783654 -111.608795
205.784615 -112.265343
205.785577 -117.945465
205.786538 -123.483391
205.787500 -120.040787
205.788462 -119.409645
205.789423 -120.859024
205.790385 -115.618530
205.791346 -111.954300
205.792308 -110.327271
205.793269 -110.318626
205.794231 -112.065002
205.795192 -111.753838
205.796154 -115.338097
205.797115 -118.616600
205.798077 -115.018379
205.799038 -114.694748
205.800000 -114.545746
205.800962 -113.831825
205.801923 -114.907547
205.802885 -121.850632
205.803846 -114.505829
205.804808 -113.310661
205.805769 -114.591904
205.806731 -119.229828
205.807692 -122.001991
205.808654 -125.090042
205.809615 -115.481842
205.810577 -115.054008
205.811538 -115.901550
205.812500 -114.257088
205.813462 -111.535172
205.814423 -111.513847
205.815385 -115.280151
205.816346 -118.469048
205.817308 -117.794930
205.818269 -116.889526
205.819231 -115.277901
205.820192 -115.352394
205.821154 -115.688759
205.822115 -118.209740
205.823077 -113.882629
205.824038 -113.669189
205.825000 -114.785980
205.825962 -119.028214
205.826923 -130.033325
205.827885 -120.888077
205.828846 -120.760521
205.829808 -122.610092
205.830769 -119.654282
205.831731 -113.317299
205.832692 -112.457649
205.833654 -113.728104
205.834615 -121.553711
205.835577 -122.074547
205.836538 -118.658974
205.837500 -115.355118
205.838462 -115.068199
205.839423 -117.147682
205.840385 -118.255989
205.841346 -117.379333
205.842308 -117.314926
205.843269 -117.928642
205.844231 -115.011475
205.845192 -115.064682
205.846154 -113.261574
205.847115 -113.441521
205.848077 -119.231758
205.849038 -122.588135
205.850000 -122.591164
205.850962 -116.510979
205.851923 -116.290894
205.852885 -118.419014
205.853846 -118.441147
205.854808 -118.286583
205.855769 -113.725067
205.856731 -113.342155
205.857692 -114.088699
205.858654 -118.613602
205.859615 -130.578583
205.860577 -122.579506
205.861538 -119.818230
205.862500 -121.094681
205.863462 -117.224945
205.864423 -110.557503
205.865385 -109.528114
205.866346 -109.692268
205.867308 -112.595901
205.868269 -117.339333
205.869231 -114.431427
205.870192 -113.922867
205.871154 -114.377403
205.872115 -117.334160
205.873077 -119.390045
205.874038 -117.958839
205.875000 -119.355751
205.875962 -122.157082
205.876923 -119.537735
205.877885 -117.332611
205.878846 -117.492889
205.879808 -120.339012
205.880769 -119.811401
205.881731 -120.868858
205.882692 -118.470490
205.883654 -116.876083
205.884615 -117.011009
205.885577 -114.535683
205.886538 -114.155937
205.887500 -115.821358
205.888462 -118.037582
205.889423 -116.113945
205.890385 -115.633347
205.891346 -118.512047
205.892308 -121.609413
205.893269 -119.530136
205.894231 -117.497444
205.895192 -117.583588
205.896154 -119.335762
205.897115 -115.980095
205.898077 -114.091217
205.899038 -114.157303
205.900000 -116.542259
205.900962 -118.158775
205.901923 -118.037338
205.902885 -120.392303
205.903846 -122.923904
205.904808 -121.295013
205.905769 -120.914650
205.906731 -125.003220
205.907692 -116.371735
205.908654 -115.459480
205.909615 -116.377243
205.910577 -113.205246
205.911538 -112.555939
205.912500 -111.500748
205.913462 -111.187866
205.914423 -113.634735
205.915385 -113.917152
205.916346 -113.255150
205.917308 -113.685501
205.918269 -118.064606
205.919231 -121.485733
205.920192 -119.402184
205.921154 -118.394295
205.922115 -114.365067
205.923077 -110.424911
205.924038 -110.205688
205.925000 -111.010101
205.925962 -111.649857
205.926923 -111.545212
205.927885 -113.119247
205.928846 -118.954926
205.929808 -123.530365
205.930769 -121.141167
205.931731 -119.487320
205.932692 -120.650551
205.933654 -120.861641
205.934615 -113.594299
205.935577 -113.339859
205.936538 -117.249481
205.937500 -114.628952
205.938462 -115.523247
205.939423 -124.489159
205.940385 -114.358711
205.941346 -111.843384
205.942308 -112.246017
205.943269 -116.011490
205.944231 -110.996529
205.945192 -110.541183
205.946154 -111.302536
205.947115 -114.341301
205.948077 -115.860603
205.949038 -115.919487
205.950000 -115.638268
205.950962 -112.541809
205.951923 -112.928757
205.952885 -120.015289
205.953846 -112.793861
205.954808 -112.490746
205.955769 -114.736122
205.956731 -115.481308
205.957692 -114.082085
205.958654 -113.826256
205.959615 -116.446625
205.960577 -115.229347
205.961538 -114.847229
205.962500 -114.735687
205.963462 -114.861504
205.964423 -115.395164
205.965385 -119.003830
205.966346 -113.252075
205.967308 -113.335327
205.968269 -123.238785
205.969231 -125.243553
205.970192 -126.952393
205.971154 -114.631371
205.972115 -111.246796
205.973077 -111.091125
205.974038 -110.504494
205.975000 -109.978172
205.975962 -110.566559
205.976923 -115.710114
205.977885 -115.658493
205.978846 -116.725204
205.979808 -114.526581
205.980769 -111.371399
205.981731 -111.055649
205.982692 -113.518959
205.983654 -110.331291
205.984615 -110.222885
205.985577 -114.873352
205.986538 -117.396912
205.987500 -117.579346
205.988462 -116.665054
205.989423 -115.894112
205.990385 -117.009666
205.991346 -120.800659
205.992308 -113.948441
205.993269 -111.938972
205.994231 -111.936913
205.995192 -115.678253
205.996154 -111.867775
205.997115 -110.690292
205.998077 -110.667679
205.999038 -112.515625
206.000000 -112.835434
206.000962 -112.836716
206.001923 -116.098747
206.002885 -115.334671
206.003846 -115.271805
206.004808 -117.969902
206.005769 -124.598389
206.006731 -122.383102
206.007692 -118.733620
206.008654 -118.351082
206.009615 -119.097847
206.010577 -117.698662
206.011538 -117.173737
206.012500 -115.856087
206.013462 -115.649422
206.014423 -117.559456
206.015385 -122.959404
206.016346 -114.769943
206.017308 -113.983727
206.018269 -112.831963
206.019231 -112.183846
206.020192 -112.629463
206.021154 -115.442635
206.022115 -115.488609
206.023077 -114.670609
206.024038 -115.362556
206.025000 -118.460808
206.025962 -118.024025
206.026923 -113.264130
206.027885 -113.155975
206.028846 -112.349464
206.029808 -111.560234
206.030769 -111.457634
206.031731 -114.245262
206.032692 -117.072777
206.033654 -116.405220
206.034615 -117.314522
206.035577 -119.464005
206.036538 -115.801323
206.037500 -115.787064
206.038462 -114.312103
206.039423 -114.328255
206.040385 -121.887215
206.041346 -122.355637
206.042308 -115.879768
206.043269 -113.521210
206.044231 -113.469315
206.045192 -115.964630
206.046154 -117.438919
206.047115 -117.358116
206.048077 -124.477356
206.049038 -131.253418
206.050000 -124.230156
206.050962 -119.391541
206.051923 -116.652679
206.052885 -112.050507
206.053846 -111.821419
206.054808 -113.982132
206.055769 -123.183029
206.056731 -115.796204
206.057692 -114.494560
206.058654 -115.408669
206.059615 -123.790550
206.060577 -121.844101
206.061538 -115.299728
206.062500 -114.303787
206.063462 -113.992897
206.064423 -114.593704
206.065385 -116.058884
206.066346 -114.648972
206.067308 -115.886124
206.068269 -115.978851
206.069231 -118.322586
206.070192 -117.829590
206.071154 -117.677948
206.072115 -117.241127
206.073077 -111.443413
206.074038 -110.507668
206.075000 -110.989059
206.075962 -114.739059
206.076923 -114.164085
206.077885 -114.045326
206.078846 -117.315231
206.079808 -117.749825
206.080769 -116.629570
206.081731 -117.399574
206.082692 -120.833221
206.083654 -118.978767
206.084615 -115.511177
206.085577 -115.503860
206.086538 -116.136833
206.087500 -116.119194
206.088462 -117.707794
206.089423 -114.275993
206.090385 -114.210464
206.091346 -114.962692
206.092308 -115.236259
206.093269 -120.449554
206.094231 -117.904350
206.095192 -118.074318
206.096154 -126.452026
206.097115 -114.790268
206.098077 -110.482872
206.099038 -110.307228
206.100000 -111.277428
206.100962 -115.799423
206.101923 -118.530296
206.102885 -115.774178
206.103846 -115.559280
206.104808 -116.347656
206.105769 -120.270912
206.106731 -129.867615
206.107692 -120.606712
206.108654 -115.365242
206.109615 -112.815506
206.110577 -111.654091
206.111538 -112.464691
206.112500 -117.687813
206.113462 -112.825272
206.114423 -112.795807
206.115385 -116.457062
206.116346 -118.323494
206.117308 -116.663109
206.118269 -116.637169
206.119231 -114.686813
206.120192 -112.247704
206.121154 -112.201218
206.122115 -114.854805
206.123077 -112.784859
206.124038 -111.988869
206.125000 -112.638496
206.125962 -117.037727
206.126923 -121.059647
206.127885 -124.088928
206.128846 -114.343803
206.129808 -112.801224
206.130769 -112.610115
206.131731 -115.264427
206.132692 -116.601105
206.133654 -116.509415
206.134615 -119.069901
206.135577 -121.486786
206.136538 -117.886490
206.137500 -116.589912
206.138462 -116.656395
206.139423 -113.582077
206.140385 -113.387863
206.141346 -115.197304
206.142308 -112.071144
206.143269 -111.662689
206.144231 -113.092636
206.145192 -118.325287
206.146154 -117.875145
206.147115 -118.696342
206.148077 -122.978188
206.149038 -120.800743
206.150000 -116.490936
206.150962 -115.184761
206.151923 -115.751175
206.152885 -113.921661
206.153846 -113.862450
206.154808 -115.466537
206.155769 -114.382553
206.156731 -113.580284
206.157692 -114.004555
206.158654 -115.580879
206.159615 -115.294365
206.160577 -118.234352
206.161538 -123.849449
206.162500 -117.185677
206.163462 -113.342056
206.164423 -111.843422
206.165385 -112.022560
206.166346 -116.653358
206.167308 -113.857986
206.168269 -113.786850
206.169231 -116.135925
206.170192 -122.557518
206.171154 -125.013748
206.172115 -116.920982
206.173077 -114.319664
206.174038 -114.194839
206.175000 -115.582047
206.175962 -115.021690
206.176923 -116.928253
206.177885 -115.796928
206.178846 -118.440041
206.179808 -118.415421
206.180769 -113.697556
206.181731 -110.657669
206.182692 -109.005135
206.183654 -108.240883
206.184615 -108.549561
206.185577 -113.982529
206.186538 -111.739807
206.187500 -112.059288
206.188462 -114.401176
206.189423 -115.709297
206.190385 -116.102409
206.191346 -115.771164
206.192308 -116.198830
206.193269 -120.962196
206.194231 -114.522194
206.195192 -112.326447
206.196154 -112.223732
206.197115 -114.439758
206.198077 -114.580688
206.199038 -114.486809
206.200000 -116.788712
206.200962 -114.014557
206.201923 -113.671623
206.202885 -116.317436
206.203846 -121.271751
206.204808 -121.740807
206.205769 -125.333839
206.206731 -125.197304
206.207692 -116.836357
206.208654 -113.361671
206.209615 -113.099800
206.210577 -112.530807
206.211538 -112.782257
206.212500 -112.165970
206.213462 -110.327057
206.214423 -111.430168
206.215385 -116.987244
206.216346 -110.194839
206.217308 -109.584679
206.218269 -110.690918
206.219231 -118.699814
206.220192 -123.319344
206.221154 -117.593246
206.222115 -115.883377
206.223077 -115.912674
206.224038 -118.088402
206.225000 -115.769722
206.225962 -114.552933
206.226923 -115.219757
206.227885 -128.095917
206.228846 -116.172020
206.229808 -112.705505
206.230769 -112.555649
206.231731 -112.768890
206.232692 -113.537140
206.233654 -120.847435
206.234615 -119.609772
206.235577 -110.503090
206.236538 -109.349686
206.237500 -110.381050
206.238462 -118.025131
206.239423 -119.334465
206.240385 -123.530754
206.241346 -115.544426
206.242308 -113.191971
206.243269 -113.334351
206.244231 -119.457542
206.245192 -118.273911
206.246154 -117.278107
206.247115 -115.504181
206.248077 -115.250099
206.249038 -115.256531
206.250000 -116.919395
206.250962 -123.897018
206.251923 -113.045021
206.252885 -112.049286
206.253846 -113.437805
206.254808 -118.546562
206.255769 -115.235527
206.256731 -115.123039
206.257692 -117.436966
206.258654 -124.271347
206.259615 -118.894409
206.260577 -114.533936
206.261538 -114.750320
206.262500 -118.479935
206.263462 -112.378265
206.264423 -111.765022
206.265385 -112.941772
206.266346 -114.829399
206.267308 -114.594627
206.268269 -117.102867
206.269231 -118.463097
206.270192 -122.049133
206.271154 -117.394447
206.272115 -113.459320
206.273077 -113.320663
206.274038 -115.414375
206.275000 -117.480820
206.275962 -121.010826
206.276923 -121.493713
206.277885 -114.928452
206.278846 -110.375610
206.279808 -110.285980
206.280769 -112.420563
206.281731 -112.834686
206.282692 -111.661385
206.283654 -113.200226
206.284615 -120.160301
206.285577 -116.880753
206.286538 -116.817024
206.287500 -119.935936
206.288462 -118.070335
206.289423 -112.353622
206.290385 -111.464333
206.291346 -111.523003
206.292308 -112.867905
206.293269 -116.275665
206.294231 -118.642303
206.295192 -115.836967
206.296154 -115.766769
206.297115 -116.223396
206.298077 -116.253113
206.299038 -116.155235
206.300000 -114.309799
206.300962 -114.653252
206.301923 -112.532066
206.302885 -111.441101
206.303846 -111.477699
206.304808 -111.625046
206.305769 -113.085396
206.306731 -119.644142
206.307692 -117.179726
206.308654 -117.810265
206.309615 -115.993843
206.310577 -115.603981
206.311538 -122.663986
206.312500 -123.058365
206.313462 -123.495285
206.314423 -119.944580
206.315385 -115.678070
206.316346 -114.317314
206.317308 -114.885704
206.318269 -117.237869
206.319231 -115.460739
206.320192 -115.758820
206.321154 -117.564484
206.322115 -110.078957
206.323077 -110.054001
206.324038 -116.635277
206.325000 -121.382851
206.325962 -112.943321
206.326923 -110.981026
206.327885 -111.625015
206.328846 -119.306114
206.329808 -115.538246
206.330769 -115.513626
206.331731 -119.285316
206.332692 -118.523682
206.333654 -122.546753
206.334615 -122.351646
206.335577 -121.420868
206.336538 -119.116386
206.337500 -118.951157
206.338462 -122.877213
206.339423 -119.189514
206.340385 -117.381294
206.341346 -116.508842
206.342308 -112.485397
206.343269 -111.831749
206.344231 -113.113724
206.345192 -112.856583
206.346154 -112.344170
206.347115 -114.158356
206.348077 -123.465446
206.349038 -124.042442
206.350000 -123.935364
206.350962 -117.778549
206.351923 -112.437622
206.352885 -112.064873
206.353846 -113.003479
206.354808 -115.474495
206.355769 -110.804741
206.356731 -110.167160
206.357692 -110.587563
206.358654 -112.937737
206.359615 -114.307205
206.360577 -113.560722
206.361538 -114.121468
206.362500 -113.790520
206.363462 -114.337730
206.364423 -118.675316
206.365385 -116.153992
206.366346 -113.063034
206.367308 -111.748070
206.368269 -111.711212
206.369231 -114.778465
206.370192 -116.385056
206.371154 -116.313431
206.372115 -114.027229
206.373077 -110.338791
206.374038 -110.007263
206.375000 -111.917633
206.375962 -112.771103
206.376923 -112.990959
206.377885 -115.393242
206.378846 -114.880188
206.379808 -116.080093
206.380769 -111.381569
206.381731 -110.970612
206.382692 -113.019615
206.383654 -117.882889
206.384615 -115.587006
206.385577 -112.786224
206.386538 -110.897644
206.387500 -110.865234
206.388462 -112.316467
206.389423 -113.475060
206.390385 -114.269730
206.391346 -115.879303
206.392308 -111.657913
206.393269 -111.450966
206.394231 -113.399826
206.395192 -120.433540
206.396154 -122.045715
206.397115 -115.962044
206.398077 -114.593376
206.399038 -114.873276
206.400000 -118.946365
206.400962 -118.933784
206.401923 -117.369888
206.402885 -117.819038
206.403846 -118.360573
206.404808 -118.595573
206.405769 -118.327568
206.406731 -122.390747
206.407692 -123.002792
206.408654 -115.390594
206.409615 -111.358238
206.410577 -110.636246
206.411538 -110.880684
206.412500 -114.034584
206.413462 -115.635529
206.414423 -115.430557
206.415385 -119.626930
206.416346 -114.940147
206.417308 -113.927017
206.418269 -113.824127
206.419231 -115.015228
206.420192 -120.200531
206.421154 -123.101181
206.422115 -117.047119
206.423077 -110.641556
206.424038 -110.310844
206.425000 -111.688324
206.425962 -112.354591
206.426923 -112.375000
206.427885 -119.124146
206.428846 -113.781639
206.429808 -112.706451
206.430769 -111.612343
206.431731 -111.444504
206.432692 -113.390228
206.433654 -116.472374
206.434615 -116.185539
206.435577 -114.008926
206.436538 -113.817566
206.437500 -114.183105
206.438462 -116.488174
206.439423 -116.967148
206.440385 -117.028183
206.441346 -115.620018
206.442308 -117.458870
206.443269 -110.035095
206.444231 -108.865219
206.445192 -109.744514
206.446154 -118.309296
206.447115 -118.696922
206.448077 -118.208908
206.449038 -117.517273
206.450000 -110.730461
206.450962 -110.107246
206.451923 -111.272339
206.452885 -113.999748
206.453846 -112.974632
206.454808 -114.741524
206.455769 -122.953819
206.456731 -117.008095
206.457692 -116.776222
206.458654 -120.123085
206.459615 -122.331024
206.460577 -123.344124
206.461538 -118.860931
206.462500 -116.359917
206.463462 -113.061539
206.464423 -112.752426
206.465385 -114.957497
206.466346 -116.110016
206.467308 -114.145012
206.468269 -115.018333
206.469231 -115.744949
206.470192 -114.358589
206.471154 -114.774551
206.472115 -120.493736
206.473077 -117.534271
206.474038 -115.994431
206.475000 -113.286003
206.475962 -111.493889
206.476923 -111.424919
206.477885 -113.129486
206.478846 -119.714203
206.479808 -115.255028
206.480769 -112.865776
206.481731 -112.822235
206.482692 -114.150230
206.483654 -116.062691
206.484615 -117.278595
206.485577 -120.726845
206.486538 -116.254578
206.487500 -113.182953
206.488462 -112.989510
206.489423 -116.538338
206.490385 -116.466019
206.491346 -116.384010
206.492308 -120.683174
206.493269 -121.453262
206.494231 -119.580788
206.495192 -114.479408
206.496154 -112.514725
206.497115 -112.389908
206.498077 -113.183960
206.499038 -116.123482
206.500000 -115.778526
206.500962 -116.414680
206.501923 -113.530701
206.502885 -112.740326
206.503846 -114.443436
206.504808 -123.114738
206.505769 -118.784164
206.506731 -118.060936
206.507692 -114.658363
206.508654 -114.106644
206.509615 -112.994736
206.510577 -112.652397
206.511538 -115.819466
206.512500 -115.085556
206.513462 -112.490913
206.514423 -110.129570
206.515385 -110.044350
206.516346 -110.998535
206.517308 -112.193619
206.518269 -114.642792
206.519231 -112.461037
206.520192 -110.707420
206.521154 -111.143669
206.522115 -113.921043
206.523077 -115.991844
206.524038 -115.457855
206.525000 -110.481705
206.525962 -110.442482
206.526923 -111.244347
206.527885 -113.247726
206.528846 -115.815620
206.529808 -111.655602
206.530769 -111.561256
206.531731 -111.377258
206.532692 -111.001381
206.533654 -112.714531
206.534615 -123.162247
206.535577 -123.755356
206.536538 -119.734474
206.537500 -117.824524
206.538462 -118.684448
206.539423 -124.727318
206.540385 -117.024948
206.541346 -116.506935
206.542308 -117.757690
206.543269 -115.489418
206.544231 -115.475609
206.545192 -114.377014
206.546154 -113.950806
206.547115 -113.934944
206.548077 -113.816696
206.549038 -114.595703
206.550000 -121.018272
206.550962 -113.584244
206.551923 -108.978218
206.552885 -106.674782
206.553846 -106.658279
206.554808 -108.571541
206.555769 -115.292969
206.556731 -116.325310
206.557692 -114.671440
206.558654 -114.985878
206.559615 -118.267632
206.560577 -112.165436
206.561538 -109.929474
206.562500 -109.368462
206.563462 -109.461014
206.564423 -112.027809
206.565385 -118.824219
206.566346 -112.674553
206.567308 -112.359383
206.568269 -114.247551
206.569231 -114.322479
206.570192 -113.864532
206.571154 -114.566681
206.572115 -115.247925
206.573077 -118.685234
206.574038 -121.031563
206.575000 -122.128181
206.575962 -115.088577
206.576923 -112.270020
206.577885 -111.981407
206.578846 -114.583389
206.579808 -121.600563
206.580769 -115.216965
206.581731 -114.765770
206.582692 -116.342178
206.583654 -121.622368
206.584615 -115.303062
206.585577 -111.539246
206.586538 -111.019234
206.587500 -112.021729
206.588462 -115.637146
206.589423 -118.636780
206.590385 -113.449921
206.591346 -113.893822
206.592308 -119.529297
206.593269 -117.438499
206.594231 -117.439270
206.595192 -121.558884
206.596154 -121.350540
206.597115 -121.194275
206.598077 -122.694115
206.599038 -120.667076
206.600000 -123.102562
206.600962 -120.113281
206.601923 -119.070801
206.602885 -121.748413
206.603846 -120.542320
206.604808 -116.046494
206.605769 -115.588478
206.606731 -116.414505
206.607692 -117.543915
206.608654 -116.774727
206.609615 -118.876030
206.610577 -112.867249
206.611538 -110.254364
206.612500 -110.618073
206.613462 -115.027763
206.614423 -116.787888
206.615385 -121.726669
206.616346 -121.695305
206.617308 -121.344551
206.618269 -123.717728
206.619231 -113.154274
206.620192 -110.991127
206.621154 -111.244446
206.622115 -116.465813
206.623077 -114.687874
206.624038 -115.668800
206.625000 -117.125061
206.625962 -112.193443
206.626923 -111.230476
206.627885 -112.431953
206.628846 -118.876266
206.629808 -121.281937
206.630769 -115.951790
206.631731 -110.919640
206.632692 -110.805580
206.633654 -111.342049
206.634615 -112.441460
206.635577 -112.296806
206.636538 -111.992096
206.637500 -112.818413
206.638462 -119.447319
206.639423 -118.521141
206.640385 -112.802193
206.641346 -110.110306
206.642308 -110.109383
206.643269 -115.612083
206.644231 -121.843346
206.645192 -123.243713
206.646154 -118.780861
206.647115 -113.067444
206.648077 -109.682449
206.649038 -109.653450
206.650000 -111.301231
206.650962 -114.296562
206.651923 -114.137703
206.652885 -115.173164
206.653846 -113.530769
206.654808 -113.206680
206.655769 -116.774666
206.656731 -122.952782
206.657692 -119.704865
206.658654 -117.948944
206.659615 -117.849518
206.660577 -122.402367
206.661538 -125.289436
206.662500 -118.014931
206.663462 -114.475639
206.664423 -114.256752
206.665385 -114.685196
206.666346 -115.324745
206.667308 -117.526520
206.668269 -116.231079
206.669231 -116.889183
206.670192 -117.362503
206.671154 -117.344994
206.672115 -121.771843
206.673077 -126.552231
206.674038 -124.798340
206.675000 -117.169708
206.675962 -113.599327
206.676923 -113.598946
206.677885 -116.640465
206.678846 -117.418739
206.679808 -115.649078
206.680769 -114.177979
206.681731 -114.279388
206.682692 -115.257980
206.683654 -115.920692
206.684615 -118.586243
206.685577 -118.508614
206.686538 -119.186768
206.687500 -115.577248
206.688462 -114.725975
206.689423 -113.981964
206.690385 -113.074814
206.691346 -113.131134
206.692308 -114.742744
206.693269 -117.109573
206.694231 -116.197342
206.695192 -116.071960
206.696154 -115.305664
206.697115 -114.368683
206.698077 -111.083778
206.699038 -108.377983
206.700000 -108.342728
206.700962 -110.756531
206.701923 -110.466385
206.702885 -109.825424
206.703846 -110.919449
206.704808 -116.552811
206.705769 -118.184265
206.706731 -116.952255
206.707692 -118.349159
206.708654 -116.997055
206.709615 -116.619148
206.710577 -117.989990
206.711538 -112.822487
206.712500 -110.557785
206.713462 -110.557297
206.714423 -112.794167
206.715385 -116.009903
206.716346 -115.039436
206.717308 -115.221504
206.718269 -120.811829
206.719231 -124.122383
206.720192 -124.202446
206.721154 -128.158371
206.722115 -119.307343
206.723077 -118.415909
206.724038 -120.281517
206.725000 -113.932632
206.725962 -112.783379
206.726923 -114.001572
206.727885 -124.629105
206.728846 -114.125916
206.729808 -112.812012
206.730769 -113.778282
206.731731 -120.262947
206.732692 -123.866455
206.733654 -121.566162
206.734615 -118.127716
206.735577 -118.635094
206.736538 -125.130272
206.737500 -119.573341
206.738462 -118.445549
206.739423 -119.713440
206.740385 -120.210320
206.741346 -118.647446
206.742308 -119.375595
206.743269 -114.469795
206.744231 -111.827965
206.745192 -111.850166
206.746154 -117.657471
206.747115 -116.884308
206.748077 -116.145790
206.749038 -112.019402
206.750000 -107.758408
206.750962 -107.737572
206.751923 -111.234955
206.752885 -117.767433
206.753846 -111.813187
206.754808 -108.751564
206.755769 -108.971191
206.756731 -115.290215
206.757692 -112.995300
206.758654 -112.953896
206.759615 -113.932037
206.760577 -118.172585
206.761538 -122.572304
206.762500 -116.270103
206.763462 -113.518661
206.764423 -113.212189
206.765385 -112.874352
206.766346 -113.172279
206.767308 -114.799736
206.768269 -117.092163
206.769231 -119.807693
206.770192 -122.298355
206.771154 -122.292244
206.772115 -115.558052
206.773077 -114.139725
206.774038 -115.342674
206.775000 -118.711288
206.775962 -117.020935
206.776923 -112.372787
206.777885 -112.201019
206.778846 -113.671555
206.779808 -112.158012
206.780769 -111.998901
206.781731 -114.813881
206.782692 -115.312592
206.783654 -113.861649
206.784615 -113.888115
206.785577 -118.690750
206.786538 -119.940231
206.787500 -116.204124
206.788462 -113.987381
206.789423 -112.537224
206.790385 -112.225945
206.791346 -115.969193
206.792308 -118.150604
206.793269 -120.075211
206.794231 -113.012367
206.795192 -111.364189
206.796154 -112.347931
206.797115 -114.912689
206.798077 -113.817070
206.799038 -111.725471
206.800000 -111.241638
206.800962 -113.656403
206.801923 -118.592361
206.802885 -117.513451
206.803846 -117.747444
206.804808 -116.510834
206.805769 -116.170326
206.806731 -117.124565
206.807692 -115.383461
206.808654 -112.746803
206.809615 -112.518623
206.810577 -112.699600
206.811538 -113.654770
206.812500 -119.500549
206.813462 -116.555153
206.814423 -111.601028
206.815385 -109.925369
206.816346 -109.867897
206.817308 -111.077187
206.818269 -117.719994
206.819231 -115.037537
206.820192 -114.100609
206.821154 -115.522812
206.822115 -114.012650
206.823077 -113.352463
206.824038 -115.715691
206.825000 -113.934669
206.825962 -111.589127
206.826923 -111.544807
206.827885 -114.901131
206.828846 -116.179558
206.829808 -116.125648
206.830769 -119.373390
206.831731 -120.867447
206.832692 -123.135193
206.833654 -127.547256
206.834615 -133.066467
206.835577 -124.956863
206.836538 -124.698769
206.837500 -116.302322
206.838462 -116.302216
206.839423 -117.349220
206.840385 -114.436157
206.841346 -114.316666
206.842308 -114.919670
206.843269 -116.518700
206.844231 -117.632683
206.845192 -113.972664
206.846154 -114.189095
206.847115 -126.864555
206.848077 -115.967438
206.849038 -113.950020
206.850000 -114.294540
206.850962 -117.909882
206.851923 -117.391548
206.852885 -115.095467
206.853846 -115.221542
206.854808 -116.144058
206.855769 -114.642029
206.856731 -114.768173
206.857692 -117.669136
206.858654 -123.909393
206.859615 -117.728569
206.860577 -116.296463
206.861538 -116.697411
206.862500 -116.079605
206.863462 -111.625092
206.864423 -111.039291
206.865385 -111.070824
206.866346 -111.307243
206.867308 -111.981949
206.868269 -115.343895
206.869231 -114.637413
206.870192 -110.996819
206.871154 -110.226875
206.872115 -110.988014
206.873077 -116.304832
206.874038 -124.696640
206.875000 -116.319267
206.875962 -108.688988
206.876923 -107.807800
206.877885 -108.284019
206.878846 -110.813499
206.879808 -115.241966
206.880769 -114.595833
206.881731 -114.914909
206.882692 -117.687431
206.883654 -124.542458
206.884615 -123.575699
206.885577 -116.222176
206.886538 -116.343407
206.887500 -114.765999
206.888462 -113.914642
206.889423 -114.428024
206.890385 -112.569893
206.891346 -111.512543
206.892308 -111.835091
206.893269 -116.837830
206.894231 -123.723289
206.895192 -124.973152
206.896154 -117.903900
206.897115 -117.843079
206.898077 -121.248100
206.899038 -120.646194
206.900000 -113.845970
206.900962 -112.852287
206.901923 -113.324921
206.902885 -115.560173
206.903846 -116.179321
206.904808 -118.512070
206.905769 -119.774887
206.906731 -115.674431
206.907692 -115.500259
206.908654 -115.165390
206.909615 -115.236107
206.910577 -119.811592
206.911538 -119.714073
206.912500 -112.378876
206.913462 -111.151955
206.914423 -112.008255
206.915385 -117.856255
206.916346 -115.085823
206.917308 -114.979012
206.918269 -116.685875
206.919231 -119.647202
206.920192 -116.900101
206.921154 -115.965675
206.922115 -113.495117
206.923077 -112.840210
206.924038 -113.026558
206.925000 -114.018860
206.925962 -119.601921
206.926923 -121.224312
206.927885 -122.756523
206.928846 -118.915009
206.929808 -116.610649
206.930769 -116.273232
206.931731 -113.790245
206.932692 -113.595695
206.933654 -114.488464
206.934615 -117.136116
206.935577 -122.019157
206.936538 -121.242912
206.937500 -119.639679
206.938462 -119.317123
206.939423 -118.478035
206.940385 -114.974724
206.941346 -114.859741
206.942308 -116.797157
206.943269 -116.452789
206.944231 -113.977257
206.945192 -112.247520
206.946154 -113.214470
206.947115 -116.441864
206.948077 -119.544327
206.949038 -116.302765
206.950000 -114.978210
206.950962 -114.553734
206.951923 -112.779060
206.952885 -113.166847
206.953846 -113.165680
206.954808 -113.760178
206.955769 -115.422081
206.956731 -121.100586
206.957692 -117.554474
206.958654 -118.031410
206.959615 -117.253044
206.960577 -117.262840
206.961538 -116.045044
206.962500 -114.195930
206.963462 -113.232086
206.964423 -113.319038
206.965385 -115.813065
206.966346 -116.786797
206.967308 -113.668320
206.968269 -113.109657
206.969231 -113.677147
206.970192 -119.050537
206.971154 -116.072823
206.972115 -112.948067
206.973077 -113.509460
206.974038 -125.899849
206.975000 -114.261200
206.975962 -109.505585
206.976923 -108.136421
206.977885 -108.305275
206.978846 -113.257339
206.979808 -112.981613
206.980769 -113.261330
206.981731 -119.231674
206.982692 -119.648338
206.983654 -116.106750
206.984615 -115.959778
206.985577 -118.762253
206.986538 -115.867821
206.987500 -112.271614
206.988462 -112.240501
206.989423 -115.602463
206.990385 -112.747482
206.991346 -112.216286
206.992308 -112.121544
206.993269 -112.408676
206.994231 -113.096848
206.995192 -116.217422
206.996154 -116.392220
206.997115 -118.622269
206.998077 -119.454781
206.999038 -113.318756
207.000000 -113.212311
207.000962 -116.769623
207.001923 -114.310120
207.002885 -115.256126
207.003846 -122.163826
207.004808 -112.491608
207.005769 -110.832741
207.006731 -111.617424
207.007692 -112.304031
207.008654 -115.009216
207.009615 -114.546440
207.010577 -116.159096
207.011538 -116.473869
207.012500 -112.525467
207.013462 -112.404205
207.014423 -117.551346
207.015385 -128.195572
207.016346 -123.854744
207.017308 -117.773972
207.018269 -117.307785
207.019231 -120.089539
207.020192 -117.566917
207.021154 -117.465820
207.022115 -121.031982
207.023077 -118.344864
207.024038 -118.797287
207.025000 -117.612755
207.025962 -117.604607
207.026923 -115.259071
207.027885 -113.902657
207.028846 -114.061699
207.029808 -112.920944
207.030769 -112.924377
207.031731 -116.584038
207.032692 -121.080574
207.033654 -120.994400
207.034615 -118.838753
207.035577 -116.724632
207.036538 -114.146629
207.037500 -113.721977
207.038462 -116.978554
207.039423 -117.076385
207.040385 -120.073883
207.041346 -115.204926
207.042308 -115.116043
207.043269 -113.566338
207.044231 -110.878746
207.045192 -110.728317
207.046154 -111.202332
207.047115 -111.101974
207.048077 -115.419945
207.049038 -125.012314
207.050000 -123.876503
207.050962 -116.830544
207.051923 -110.605461
207.052885 -110.357788
207.053846 -111.954056
207.054808 -112.088478
207.055769 -108.435326
207.056731 -108.433884
207.057692 -112.470772
207.058654 -114.329475
207.059615 -111.879845
207.060577 -111.480911
207.061538 -111.736244
207.062500 -113.774529
207.063462 -115.764542
207.064423 -117.122368
207.065385 -114.836502
207.066346 -116.530472
207.067308 -113.851265
207.068269 -113.270973
207.069231 -116.165619
207.070192 -117.414551
207.071154 -116.697540
207.072115 -116.605003
207.073077 -110.027039
207.074038 -109.379440
207.075000 -110.181259
207.075962 -115.163559
207.076923 -114.315918
207.077885 -111.424133
207.078846 -110.917648
207.079808 -111.863716
207.080769 -116.708092
207.081731 -119.859261
207.082692 -117.063194
207.083654 -116.025154
207.084615 -116.074135
207.085577 -114.684418
207.086538 -114.598732
207.087500 -116.393669
207.088462 -115.649155
207.089423 -116.109779
207.090385 -115.935608
207.091346 -113.871864
207.092308 -113.784462
207.093269 -116.964035
207.094231 -117.814713
207.095192 -120.055550
207.096154 -114.213600
207.097115 -114.105927
207.098077 -118.088249
207.099038 -111.593208
207.100000 -111.035530
207.100962 -112.210526
207.101923 -117.948402
207.102885 -120.293800
207.103846 -120.231430
207.104808 -122.686363
207.105769 -123.881950
207.106731 -116.355804
207.107692 -113.572922
207.108654 -112.477478
207.109615 -112.338844
207.110577 -114.614296
207.111538 -117.323364
207.112500 -114.643784
207.113462 -114.577324
207.114423 -118.731720
207.115385 -113.300613
207.116346 -113.264000
207.117308 -112.320023
207.118269 -110.420891
207.119231 -110.579231
207.120192 -114.511375
207.121154 -124.748383
207.122115 -124.559097
207.123077 -121.506508
207.124038 -113.882355
207.125000 -112.609833
207.125962 -112.732994
207.126923 -114.942932
207.127885 -121.558762
207.128846 -116.988205
207.129808 -116.969116
207.130769 -118.243271
207.131731 -121.108406
207.132692 -114.689896
207.133654 -110.311562
207.134615 -109.923210
207.135577 -110.007561
207.136538 -111.162270
207.137500 -115.376503
207.138462 -117.359619
207.139423 -113.164650
207.140385 -111.842079
207.141346 -111.864914
207.142308 -114.048515
207.143269 -119.814598
207.144231 -118.170647
207.145192 -116.338295
207.146154 -115.246300
207.147115 -115.067833
207.148077 -117.347054
207.149038 -115.889259
207.150000 -116.199196
207.150962 -120.694435
207.151923 -119.447136
207.152885 -118.729233
207.153846 -120.471252
207.154808 -118.897079
207.155769 -118.611679
207.156731 -113.289444
207.157692 -111.476715
207.158654 -111.659264
207.159615 -117.146248
207.160577 -128.861252
207.161538 -115.564972
207.162500 -113.715126
207.163462 -114.128494
207.164423 -113.445175
207.165385 -110.649521
207.166346 -110.603897
207.167308 -115.268417
207.168269 -109.024261
207.169231 -107.899406
207.170192 -108.467728
207.171154 -109.541397
207.172115 -112.733917
207.173077 -121.545021
207.174038 -114.065186
207.175000 -112.237480
207.175962 -112.404160
207.176923 -117.618256
207.177885 -113.458191
207.178846 -112.785545
207.179808 -113.011551
207.180769 -114.733521
207.181731 -119.923409
207.182692 -122.394005
207.183654 -116.369095
207.184615 -112.969864
207.185577 -112.904449
207.186538 -115.381691
207.187500 -120.391174
207.188462 -113.993866
207.189423 -112.323288
207.190385 -112.518547
207.191346 -119.648994
207.192308 -118.847145
207.193269 -120.321693
207.194231 -117.565872
207.195192 -116.825089
207.196154 -121.054047
207.197115 -119.579979
207.198077 -121.651497
207.199038 -121.438911
207.200000 -119.579361
207.200962 -116.226692
207.201923 -116.203598
207.202885 -118.671509
207.203846 -122.210968
207.204808 -119.070068
207.205769 -118.057434
207.206731 -118.293221
207.207692 -117.030327
207.208654 -115.658600
207.209615 -116.221657
207.210577 -117.739021
207.211538 -117.797523
207.212500 -119.181801
207.213462 -118.864372
207.214423 -117.455528
207.215385 -112.919945
207.216346 -112.877937
207.217308 -115.181107
207.218269 -120.300308
207.219231 -120.165428
207.220192 -119.687042
207.221154 -116.736649
207.222115 -116.401833
207.223077 -121.565010
207.224038 -119.165565
207.225000 -117.763863
207.225962 -117.798042
207.226923 -118.114914
207.227885 -117.348579
207.228846 -116.579796
207.229808 -114.583412
207.230769 -114.274139
207.231731 -114.538719
207.232692 -115.176285
207.233654 -111.828163
207.234615 -111.493729
207.235577 -112.152908
207.236538 -114.558846
207.237500 -113.768082
207.238462 -114.304993
207.239423 -115.645317
207.240385 -117.442932
207.241346 -116.678963
207.242308 -116.255028
207.243269 -119.084442
207.244231 -121.846725
207.245192 -120.587379
207.246154 -115.048088
207.247115 -113.399559
207.248077 -113.659790
207.249038 -119.051338
207.250000 -119.833206
207.250962 -117.425156
207.251923 -118.372978
207.252885 -112.202988
207.253846 -112.101974
207.254808 -114.350868
207.255769 -114.943619
207.256731 -114.773109
207.257692 -115.934090
207.258654 -120.165298
207.259615 -117.017281
207.260577 -116.396904
207.261538 -117.846428
207.262500 -111.603149
207.263462 -110.729729
207.264423 -109.967049
207.265385 -109.971588
207.266346 -112.239799
207.267308 -120.383621
207.268269 -121.916512
207.269231 -119.873306
207.270192 -121.489494
207.271154 -116.191017
207.272115 -113.016441
207.273077 -112.977982
207.274038 -115.026421
207.275000 -115.946571
207.275962 -114.507294
207.276923 -115.347366
207.277885 -116.991219
207.278846 -116.746696
207.279808 -118.119965
207.280769 -113.418022
207.281731 -111.637207
207.282692 -112.502769
207.283654 -119.410980
207.284615 -117.831192
207.285577 -113.739563
207.286538 -113.629440
207.287500 -117.343369
207.288462 -117.984039
207.289423 -114.396233
207.290385 -112.647987
207.291346 -111.766998
207.292308 -111.314758
207.293269 -111.292488
207.294231 -112.792404
207.295192 -116.501495
207.296154 -120.759247
207.297115 -124.636497
207.298077 -119.573853
207.299038 -115.618172
207.300000 -113.085190
207.300962 -110.212883
207.301923 -108.993080
207.302885 -109.137466
207.303846 -114.133026
207.304808 -125.578979
207.305769 -116.139214
207.306731 -115.775681
207.307692 -121.205566
207.308654 -122.342216
207.309615 -122.209709
207.310577 -120.235886
207.311538 -119.427315
207.312500 -118.446632
207.313462 -118.438629
207.314423 -119.691544
207.315385 -116.499527
207.316346 -116.590378
207.317308 -118.179161
207.318269 -119.210602
207.319231 -121.715996
207.320192 -115.712479
207.321154 -113.380699
207.322115 -113.115295
207.323077 -114.141762
207.324038 -112.370270
207.325000 -111.417000
207.325962 -112.424973
207.326923 -114.188416
207.327885 -112.261833
207.328846 -112.140060
207.329808 -113.872261
207.330769 -117.570015
207.331731 -116.181931
207.332692 -113.158089
207.333654 -113.586723
207.334615 -122.910385
207.335577 -116.631721
207.336538 -116.272522
207.337500 -119.981979
207.338462 -127.059570
207.339423 -130.706253
207.340385 -122.002724
207.341346 -117.057114
207.342308 -116.923393
207.343269 -118.487892
207.344231 -122.310600
207.345192 -118.090866
207.346154 -115.752693
207.347115 -111.412445
207.348077 -110.011917
207.349038 -110.642166
207.350000 -118.629395
207.350962 -118.835175
207.351923 -118.704849
207.352885 -116.842651
207.353846 -116.674515
207.354808 -120.572853
207.355769 -121.018951
207.356731 -116.155731
207.357692 -115.461266
207.358654 -115.523270
207.359615 -111.636795
207.360577 -107.821762
207.361538 -107.691124
207.362500 -109.956421
207.363462 -117.511475
207.364423 -117.540947
207.365385 -115.691658
207.366346 -115.805077
207.367308 -123.029678
207.368269 -121.310722
207.369231 -121.628777
207.370192 -117.010269
207.371154 -116.508690
207.372115 -113.092476
207.373077 -111.061676
207.374038 -111.526283
207.375000 -114.779404
207.375962 -119.512192
207.376923 -115.385857
207.377885 -115.096252
207.378846 -114.911835
207.379808 -115.729309
207.380769 -118.019981
207.381731 -116.903946
207.382692 -115.901428
207.383654 -115.830917
207.384615 -118.020340
207.385577 -118.203270
207.386538 -111.760292
207.387500 -110.205605
207.388462 -110.202675
207.389423 -111.032608
207.390385 -111.953506
207.391346 -112.240540
207.392308 -112.770538
207.393269 -115.300880
207.394231 -117.757576
207.395192 -117.739204
207.396154 -119.923027
207.397115 -115.369492
207.398077 -113.240883
207.399038 -113.664795
207.400000 -112.397049
207.400962 -111.157623
207.401923 -110.407738
207.402885 -111.347748
207.403846 -115.912811
207.404808 -116.570244
207.405769 -115.700737
207.406731 -118.533562
207.407692 -116.574165
207.408654 -112.044594
207.409615 -110.293541
207.410577 -110.290138
207.411538 -111.334641
207.412500 -111.426735
207.413462 -111.366798
207.414423 -113.214104
207.415385 -119.322678
207.416346 -118.983986
207.417308 -117.301689
207.418269 -117.113457
207.419231 -117.894272
207.420192 -116.339630
207.421154 -116.129807
207.422115 -118.671776
207.423077 -125.246597
207.424038 -123.125862
207.425000 -119.940292
207.425962 -119.934425
207.426923 -120.579666
207.427885 -118.299561
207.428846 -118.598793
207.429808 -115.242889
207.430769 -108.764511
207.431731 -108.083046
207.432692 -108.977943
207.433654 -118.215584
207.434615 -118.355217
207.435577 -119.140297
207.436538 -118.449020
207.437500 -115.658897
207.438462 -115.336342
207.439423 -116.296005
207.440385 -117.786736
207.441346 -118.834251
207.442308 -119.621521
207.443269 -124.119644
207.444231 -115.642151
207.445192 -111.573952
207.446154 -111.534325
207.447115 -113.166527
207.448077 -111.889763
207.449038 -111.418282
207.450000 -113.338181
207.450962 -119.386772
207.451923 -118.010513
207.452885 -118.725151
207.453846 -126.510437
207.454808 -117.430679
207.455769 -114.330498
207.456731 -114.385384
207.457692 -112.899780
207.458654 -111.608276
207.459615 -111.877243
207.460577 -117.266724
207.461538 -116.540741
207.462500 -116.934212
207.463462 -121.497147
207.464423 -117.423393
207.465385 -112.083153
207.466346 -111.765289
207.467308 -113.428307
207.468269 -116.826935
207.469231 -114.176949
207.470192 -114.644402
207.471154 -114.663788
207.472115 -114.476357
207.473077 -115.303619
207.474038 -112.327240
207.475000 -112.405716
207.475962 -113.851173
207.476923 -112.418617
207.477885 -112.782784
207.478846 -116.046829
207.479808 -122.892990
207.480769 -115.469505
207.481731 -112.795013
207.482692 -112.929642
207.483654 -118.503784
207.484615 -114.076164
207.485577 -114.093582
207.486538 -118.018318
207.487500 -116.673141
207.488462 -112.029259
207.489423 -109.307251
207.490385 -109.288498
207.491346 -111.954163
207.492308 -117.901886
207.493269 -121.344704
207.494231 -113.874985
207.495192 -113.480667
207.496154 -114.654884
207.497115 -114.293106
207.498077 -114.764343
207.499038 -115.222527
207.500000 -115.746445
207.500962 -115.970131
207.501923 -117.351204
207.502885 -115.841728
207.503846 -112.980339
207.504808 -112.116142
207.505769 -112.607124
207.506731 -117.421349
207.507692 -118.155869
207.508654 -117.010391
207.509615 -117.680916
207.510577 -116.062576
207.511538 -116.014030
207.512500 -118.320137
207.513462 -115.850868
207.514423 -115.464371
207.515385 -113.575516
207.516346 -113.131393
207.517308 -114.645424
207.518269 -116.504776
207.519231 -113.756233
207.520192 -113.444000
207.521154 -114.174660
207.522115 -114.558456
207.523077 -114.561592
207.524038 -116.530365
207.525000 -121.452988
207.525962 -115.036804
207.526923 -114.039391
207.527885 -115.525734
207.528846 -112.569702
207.529808 -112.555801
207.530769 -116.219131
207.531731 -118.224014
207.532692 -117.108910
207.533654 -116.988998
207.534615 -116.871284
207.535577 -117.178406
207.536538 -113.081635
207.537500 -112.881386
207.538462 -119.082230
207.539423 -116.710342
207.540385 -111.328194
207.541346 -110.772247
207.542308 -111.314766
207.543269 -111.999557
207.544231 -113.621788
207.545192 -115.108887
207.546154 -112.657097
207.547115 -112.717445
207.548077 -118.016800
207.549038 -120.110985
207.550000 -115.212334
207.550962 -115.040405
207.551923 -116.861618
207.552885 -120.888916
207.553846 -121.581200
207.554808 -118.694733
207.555769 -113.666695
207.556731 -112.172821
207.557692 -112.389549
207.558654 -118.833466
207.559615 -129.124100
207.560577 -120.119095
207.561538 -114.050873
207.562500 -110.240334
207.563462 -110.251953
207.564423 -114.940598
207.565385 -117.652122
207.566346 -121.074387
207.567308 -126.566551
207.568269 -120.561440
207.569231 -116.039902
207.570192 -115.438629
207.571154 -116.911819
207.572115 -121.265160
207.573077 -122.319099
207.574038 -125.751221
207.575000 -123.982002
207.575962 -118.199760
207.576923 -116.105316
207.577885 -116.119659
207.578846 -119.499588
207.579808 -119.965225
207.580769 -119.781822
207.581731 -114.623207
207.582692 -113.496788
207.583654 -114.106789
207.584615 -115.169731
207.585577 -114.367622
207.586538 -115.678970
207.587500 -118.554672
207.588462 -121.458900
207.589423 -117.699715
207.590385 -111.621773
207.591346 -111.381699
207.592308 -112.732971
207.593269 -118.408394
207.594231 -117.748825
207.595192 -116.995598
207.596154 -117.951874
207.597115 -113.940056
207.598077 -113.787498
207.599038 -112.037041
207.600000 -109.600845
207.600962 -109.198402
207.601923 -109.331696
207.602885 -111.691483
207.603846 -116.734291
207.604808 -113.918068
207.605769 -113.371284
207.606731 -115.035789
207.607692 -119.955826
207.608654 -112.890305
207.609615 -112.518623
207.610577 -116.036293
207.611538 -120.963547
207.612500 -116.330811
207.613462 -116.149307
207.614423 -118.049248
207.615385 -113.687157
207.616346 -111.699776
207.617308 -111.500214
207.618269 -111.967400
207.619231 -115.423325
207.620192 -122.586685
207.621154 -119.831841
207.622115 -119.362839
207.623077 -122.164001
207.624038 -120.278069
207.625000 -116.097298
207.625962 -115.452057
207.626923 -115.485756
207.627885 -115.669678
207.628846 -117.616058
207.629808 -118.748398
207.630769 -118.330238
207.631731 -118.364159
207.632692 -118.769791
207.633654 -116.221130
207.634615 -115.637863
207.635577 -114.102272
207.636538 -110.707405
207.637500 -110.816254
207.638462 -116.663223
207.639423 -115.050812
207.640385 -112.456192
207.641346 -110.414444
207.642308 -109.757355
207.643269 -110.310585
207.644231 -114.870262
207.645192 -123.041977
207.646154 -117.447136
207.647115 -112.741913
207.648077 -112.219887
207.649038 -113.141441
207.650000 -115.617958
207.650962 -115.176743
207.651923 -115.703629
207.652885 -116.011345
207.653846 -115.778976
207.654808 -109.506668
207.655769 -108.822113
207.656731 -108.833801
207.657692 -110.094353
207.658654 -111.969185
207.659615 -113.791107
207.660577 -117.485672
207.661538 -118.674232
207.662500 -118.893204
207.663462 -122.565987
207.664423 -118.238365
207.665385 -118.209999
207.666346 -121.491478
207.667308 -122.049942
207.668269 -120.936050
207.669231 -115.754593
207.670192 -115.344269
207.671154 -118.887955
207.672115 -118.784447
207.673077 -118.780914
207.674038 -120.675499
207.675000 -116.893738
207.675962 -116.656845
207.676923 -117.793922
207.677885 -119.619209
207.678846 -119.558449
207.679808 -118.888947
207.680769 -116.393456
207.681731 -116.346848
207.682692 -114.637627
207.683654 -112.156128
207.684615 -111.645981
207.685577 -112.224396
207.686538 -115.843964
207.687500 -116.937149
207.688462 -116.767395
207.689423 -117.643425
207.690385 -118.250252
207.691346 -120.053589
207.692308 -112.415344
207.693269 -110.618484
207.694231 -110.989349
207.695192 -118.188492
207.696154 -115.937103
207.697115 -116.545906
207.698077 -123.013733
207.699038 -121.894920
207.700000 -115.174698
207.700962 -115.178467
207.701923 -115.489044
207.702885 -115.181602
207.703846 -118.951866
207.704808 -117.301453
207.705769 -114.983948
207.706731 -115.128426
207.707692 -117.883911
207.708654 -121.121407
207.709615 -113.857986
207.710577 -112.459915
207.711538 -114.207535
207.712500 -117.926254
207.713462 -117.901520
207.714423 -112.839172
207.715385 -110.745773
207.716346 -111.981094
207.717308 -112.050400
207.718269 -111.634117
207.719231 -113.394173
207.720192 -119.670647
207.721154 -116.869247
207.722115 -114.529205
207.723077 -115.049904
207.724038 -117.578461
207.725000 -114.795525
207.725962 -113.580101
207.726923 -114.242149
207.727885 -118.116425
207.728846 -118.962776
207.729808 -114.695213
207.730769 -113.712906
207.731731 -113.646988
207.732692 -115.541008
207.733654 -120.572151
207.734615 -124.455315
207.735577 -119.696877
207.736538 -115.978592
207.737500 -115.813461
207.738462 -114.200310
207.739423 -114.152710
207.740385 -115.817276
207.741346 -114.637840
207.742308 -114.642509
207.743269 -117.177010
207.744231 -115.281036
207.745192 -112.926575
207.746154 -112.211823
207.747115 -112.775719
207.748077 -116.362259
207.749038 -116.682602
207.750000 -118.616615
207.750962 -116.602646
207.751923 -115.776031
207.752885 -115.423569
207.753846 -118.292320
207.754808 -122.017639
207.755769 -122.689690
207.756731 -114.744316
207.757692 -108.924744
207.758654 -108.062881
207.759615 -108.614677
207.760577 -113.624306
207.761538 -119.984909
207.762500 -112.631912
207.763462 -112.042831
207.764423 -111.718323
207.765385 -112.165909
207.766346 -113.564667
207.767308 -114.737228
207.768269 -115.341560
207.769231 -114.602806
207.770192 -114.773216
207.771154 -117.065338
207.772115 -115.373146
207.773077 -115.336861
207.774038 -117.304268
207.775000 -125.078163
207.775962 -122.362183
207.776923 -121.844124
207.777885 -123.262817
207.778846 -122.054985
207.779808 -121.351807
207.780769 -114.785721
207.781731 -113.130493
207.782692 -113.544579
207.783654 -118.136040
207.784615 -121.119392
207.785577 -121.412910
207.786538 -120.368095
207.787500 -120.188934
207.788462 -124.112640
207.789423 -125.277443
207.790385 -122.947746
207.791346 -121.533669
207.792308 -116.610725
207.793269 -115.175926
207.794231 -116.166710
207.795192 -114.652664
207.796154 -114.639542
207.797115 -121.533707
207.798077 -124.358406
207.799038 -118.703903
207.800000 -113.646217
207.800962 -110.474960
207.801923 -110.387085
207.802885 -111.481911
207.803846 -114.400253
207.804808 -112.012146
207.805769 -112.106232
207.806731 -117.714333
207.807692 -118.782776
207.808654 -116.548615
207.809615 -116.434418
207.810577 -118.047760
207.811538 -117.809921
207.812500 -119.089340
207.813462 -116.358437
207.814423 -116.231865
207.815385 -118.942406
207.816346 -116.428841
207.817308 -115.554749
207.818269 -113.064423
207.819231 -111.682289
207.820192 -111.674362
207.821154 -112.921570
207.822115 -113.620728
207.823077 -115.195076
207.824038 -121.666206
207.825000 -120.545868
207.825962 -121.247787
207.826923 -118.698540
207.827885 -116.513412
207.828846 -112.970482
207.829808 -112.210358
207.830769 -112.360306
207.831731 -114.921860
207.832692 -116.763710
207.833654 -114.693657
207.834615 -114.811501
207.835577 -111.765366
207.836538 -111.746185
207.837500 -117.146057
207.838462 -117.582390
207.839423 -112.567093
207.840385 -111.989441
207.841346 -112.474045
207.842308 -114.389824
207.843269 -115.069260
207.844231 -115.744766
207.845192 -120.882637
207.846154 -126.160797
207.847115 -115.196968
207.848077 -111.798737
207.849038 -111.358505
207.850000 -112.347969
207.850962 -118.813004
207.851923 -118.788017
207.852885 -118.743164
207.853846 -117.576103
207.854808 -117.576408
207.855769 -122.047165
207.856731 -124.688828
207.857692 -118.721947
207.858654 -118.483513
207.859615 -118.122528
207.860577 -117.470657
207.861538 -117.393539
207.862500 -117.086273
207.863462 -116.719917
207.864423 -117.149506
207.865385 -114.884209
207.866346 -112.917480
207.867308 -112.701317
207.868269 -115.131454
207.869231 -117.103439
207.870192 -117.034714
207.871154 -120.583420
207.872115 -119.144157
207.873077 -118.919479
207.874038 -118.128883
207.875000 -117.240730
207.875962 -120.530991
207.876923 -118.236794
207.877885 -119.054070
207.878846 -124.760643
207.879808 -121.496696
207.880769 -121.492943
207.881731 -119.245712
207.882692 -116.861282
207.883654 -116.265076
207.884615 -114.573936
207.885577 -114.703468
207.886538 -112.190468
207.887500 -110.697479
207.888462 -111.285400
207.889423 -114.376289
207.890385 -116.394493
207.891346 -111.760727
207.892308 -111.336227
207.893269 -112.350861
207.894231 -117.592484
207.895192 -121.329582
207.896154 -113.504341
207.897115 -112.151199
207.898077 -112.816315
207.899038 -117.347366
207.900000 -116.621864
207.900962 -116.993027
207.901923 -116.914078
207.902885 -115.214066
207.903846 -115.242462
207.904808 -113.340454
207.905769 -111.795403
207.906731 -113.007141
207.907692 -119.688164
207.908654 -119.878143
207.909615 -119.797653
207.910577 -122.611320
207.911538 -117.900040
207.912500 -116.690323
207.913462 -116.769218
207.914423 -120.113907
207.915385 -123.460548
207.916346 -123.383369
207.917308 -125.649879
207.918269 -122.962196
207.919231 -118.240173
207.920192 -115.873543
207.921154 -115.453377
207.922115 -117.038521
207.923077 -115.506721
207.924038 -114.859619
207.925000 -115.160149
207.925962 -120.567947
207.926923 -122.066513
207.927885 -121.854568
207.928846 -118.498001
207.929808 -119.232491
207.930769 -112.474686
207.931731 -110.924889
207.932692 -110.924873
207.933654 -111.831589
207.934615 -115.987900
207.935577 -109.529564
207.936538 -109.372009
207.937500 -112.611656
207.938462 -111.322464
207.939423 -111.648994
207.940385 -115.281815
207.941346 -117.977692
207.942308 -125.070724
207.943269 -121.676552
207.944231 -119.427841
207.945192 -118.724556
207.946154 -119.582191
207.947115 -122.034134
207.948077 -122.244972
207.949038 -124.013733
207.950000 -119.137657
207.950962 -118.975060
207.951923 -125.600700
207.952885 -130.324387
207.953846 -126.305717
207.954808 -123.341095
207.955769 -118.898026
207.956731 -115.400032
207.957692 -115.401085
207.958654 -116.105675
207.959615 -115.716858
207.960577 -116.884041
207.961538 -120.970360
207.962500 -123.521919
207.963462 -118.302681
207.964423 -116.454193
207.965385 -115.756660
207.966346 -115.733215
207.967308 -117.096840
207.968269 -119.039894
207.969231 -119.480789
207.970192 -115.791374
207.971154 -115.635201
207.972115 -116.793854
207.973077 -119.372665
207.974038 -114.718826
207.975000 -114.215675
207.975962 -115.075699
207.976923 -118.603134
207.977885 -118.761475
207.978846 -116.499580
207.979808 -113.974625
207.980769 -111.595955
207.981731 -111.492157
207.982692 -113.559395
207.983654 -117.694626
207.984615 -117.715446
207.985577 -120.808144
207.986538 -117.175674
207.987500 -115.745598
207.988462 -116.423607
207.989423 -114.638832
207.990385 -114.634079
207.991346 -116.619247
207.992308 -117.066177
207.993269 -113.173485
207.994231 -112.375282
207.995192 -112.697655
207.996154 -117.084244
207.997115 -119.900185
207.998077 -119.478775
207.999038 -119.994148
208.000000 -117.765862
208.000962 -117.870918
208.001923 -121.436974
208.002885 -117.650490
208.003846 -116.442818
208.004808 -116.463753
208.005769 -115.940399
208.006731 -110.368698
208.007692 -108.699348
208.008654 -108.625603
208.009615 -109.902657
208.010577 -115.488853
208.011538 -115.051117
208.012500 -114.351448
208.013462 -115.395737
208.014423 -118.740105
208.015385 -117.825050
208.016346 -117.007126
208.017308 -115.967194
208.018269 -117.178162
208.019231 -120.389435
208.020192 -118.981750
208.021154 -114.623787
208.022115 -114.684586
208.023077 -114.155380
208.024038 -112.720428
208.025000 -112.658180
208.025962 -112.723083
208.026923 -113.658905
208.027885 -121.139252
208.028846 -121.712746
208.029808 -121.580727
208.030769 -120.910027
208.031731 -117.808723
208.032692 -117.272125
208.033654 -117.508781
208.034615 -117.950737
208.035577 -114.116005
208.036538 -114.043045
208.037500 -116.896118
208.038462 -117.470001
208.039423 -117.076759
208.040385 -117.660324
208.041346 -122.335953
208.042308 -121.007355
208.043269 -116.295479
208.044231 -113.025581
208.045192 -113.025322
208.046154 -119.006935
208.047115 -114.371407
208.048077 -114.715202
208.049038 -120.235062
208.050000 -120.482506
208.050962 -116.206085
208.051923 -115.873154
208.052885 -113.458458
208.053846 -111.098091
208.054808 -111.855629
208.055769 -117.980980
208.056731 -118.108887
208.057692 -114.798668
208.058654 -114.457001
208.059615 -120.778625
208.060577 -119.272446
208.061538 -115.607025
208.062500 -113.961800
208.063462 -115.273979
208.064423 -119.176071
208.065385 -115.362770
208.066346 -115.105919
208.067308 -114.881233
208.068269 -111.653221
208.069231 -111.254791
208.070192 -111.460976
208.071154 -116.845703
208.072115 -117.258827
208.073077 -116.638382
208.074038 -115.848305
208.075000 -114.937370
208.075962 -115.730354
208.076923 -114.740982
208.077885 -116.108276
208.078846 -123.480637
208.079808 -118.407753
208.080769 -113.007912
208.081731 -112.882607
208.082692 -112.217232
208.083654 -112.493896
208.084615 -117.168274
208.085577 -119.375191
208.086538 -120.820099
208.087500 -114.576683
208.088462 -110.512817
208.089423 -110.379341
208.090385 -115.266632
208.091346 -112.003197
208.092308 -111.732414
208.093269 -113.880035
208.094231 -121.214005
208.095192 -130.973862
208.096154 -118.855583
208.097115 -113.824036
208.098077 -112.352570
208.099038 -112.344391
208.100000 -114.641716
208.100962 -114.447105
208.101923 -113.288727
208.102885 -114.204781
208.103846 -122.241333
208.104808 -117.717079
208.105769 -115.608154
208.106731 -115.664116
208.107692 -119.078117
208.108654 -116.595924
208.109615 -115.768410
208.110577 -118.077843
208.111538 -119.368523
208.112500 -115.496536
208.113462 -115.533821
208.114423 -115.739487
208.115385 -115.694069
208.116346 -119.111420
208.117308 -122.710907
208.118269 -116.674515
208.119231 -112.775810
208.120192 -112.534592
208.121154 -116.411957
208.122115 -119.449295
208.123077 -122.210609
208.124038 -124.263588
208.125000 -115.874748
208.125962 -113.637337
208.126923 -113.803864
208.127885 -118.766579
208.128846 -115.559555
208.129808 -116.770767
208.130769 -117.890808
208.131731 -117.856087
208.132692 -121.227325
208.133654 -120.496353
208.134615 -112.239708
208.135577 -108.743309
208.136538 -108.644867
208.137500 -112.814415
208.138462 -119.852623
208.139423 -115.820862
208.140385 -112.449631
208.141346 -112.618546
208.142308 -121.720276
208.143269 -119.366966
208.144231 -115.411331
208.145192 -114.055557
208.146154 -114.000206
208.147115 -113.940598
208.148077 -116.410324
208.149038 -122.407425
208.150000 -114.962753
208.150962 -113.779190
208.151923 -115.031082
208.152885 -122.018440
208.153846 -120.875275
208.154808 -119.938881
208.155769 -116.915459
208.156731 -116.635826
208.157692 -116.519135
208.158654 -116.807251
208.159615 -117.120132
208.160577 -116.896606
208.161538 -119.240257
208.162500 -118.510109
208.163462 -118.075378
208.164423 -120.430260
208.165385 -120.943588
208.166346 -119.733871
208.167308 -117.514595
208.168269 -117.640732
208.169231 -121.648308
208.170192 -116.552132
208.171154 -112.453552
208.172115 -110.557961
208.173077 -109.330956
208.174038 -109.341339
208.175000 -110.440506
208.175962 -111.817413
208.176923 -112.275764
208.177885 -112.791695
208.178846 -115.343491
208.179808 -117.789299
208.180769 -114.552246
208.181731 -114.324150
208.182692 -115.904831
208.183654 -112.369041
208.184615 -111.067802
208.185577 -111.217567
208.186538 -113.612587
208.187500 -112.583046
208.188462 -112.651749
208.189423 -115.241653
208.190385 -120.555855
208.191346 -121.952713
208.192308 -115.410851
208.193269 -114.533951
208.194231 -117.376060
208.195192 -120.238571
208.196154 -120.268097
208.197115 -117.841011
208.198077 -113.410194
208.199038 -111.423912
208.200000 -111.395851
208.200962 -113.561447
208.201923 -113.761818
208.202885 -111.666565
208.203846 -112.036575
208.204808 -115.524872
208.205769 -115.297813
208.206731 -117.526390
208.207692 -127.314041
208.208654 -117.351585
208.209615 -115.780228
208.210577 -116.708778
208.211538 -119.593864
208.212500 -121.187218
208.213462 -116.785835
208.214423 -114.375214
208.215385 -114.668411
208.216346 -119.451134
208.217308 -116.036400
208.218269 -113.197472
208.219231 -113.210670
208.220192 -116.558411
208.221154 -113.851044
208.222115 -113.588562
208.223077 -111.700020
208.224038 -111.736656
208.225000 -117.709396
208.225962 -114.631485
208.226923 -113.867393
208.227885 -114.404831
208.228846 -115.010727
208.229808 -113.255394
208.230769 -113.366013
208.231731 -117.298866
208.232692 -117.388779
208.233654 -115.407455
208.234615 -115.396126
208.235577 -116.568527
208.236538 -121.434555
208.237500 -123.325714
208.238462 -121.842247
208.239423 -117.584778
208.240385 -112.419838
208.241346 -111.817093
208.242308 -113.442680
208.243269 -114.832199
208.244231 -113.515823
208.245192 -114.476395
208.246154 -121.493263
208.247115 -113.946419
208.248077 -111.351524
208.249038 -111.358345
208.250000 -113.983139
208.250962 -117.494415
208.251923 -117.914345
208.252885 -119.093399
208.253846 -120.826431
208.254808 -119.751358
208.255769 -121.174187
208.256731 -117.480331
208.257692 -115.499092
208.258654 -115.435455
208.259615 -116.436089
208.260577 -119.560722
208.261538 -117.976585
208.262500 -115.325790
208.263462 -115.347984
208.264423 -118.762840
208.265385 -118.619545
208.266346 -117.976997
208.267308 -111.513977
208.268269 -109.380280
208.269231 -109.308456
208.270192 -109.383209
208.271154 -110.344749
208.272115 -114.366722
208.273077 -113.727272
208.274038 -112.107780
208.275000 -112.244667
208.275962 -114.029572
208.276923 -114.669876
208.277885 -117.318947
208.278846 -120.459175
208.279808 -120.372261
208.280769 -114.587288
208.281731 -114.474777
208.282692 -116.302826
208.283654 -113.111259
208.284615 -112.441956
208.285577 -112.967651
208.286538 -116.828682
208.287500 -118.858833
208.288462 -115.189941
208.289423 -110.205551
208.290385 -108.987991
208.291346 -109.208145
208.292308 -112.743507
208.293269 -115.010056
208.294231 -116.955444
208.295192 -118.738159
208.296154 -115.239388
208.297115 -113.206490
208.298077 -113.006516
208.299038 -114.671257
208.300000 -117.610313
208.300962 -116.207878
208.301923 -112.876389
208.302885 -112.759140
208.303846 -114.388840
208.304808 -114.344315
208.305769 -114.328476
208.306731 -112.711365
208.307692 -112.088547
208.308654 -111.931808
208.309615 -112.235619
208.310577 -117.519180
208.311538 -116.740997
208.312500 -116.667419
208.313462 -120.912674
208.314423 -117.572975
208.315385 -115.207375
208.316346 -111.707756
208.317308 -110.985260
208.318269 -111.735023
208.319231 -115.631485
208.320192 -122.071884
208.321154 -119.210991
208.322115 -117.892609
208.323077 -114.173210
208.324038 -110.733719
208.325000 -110.503532
208.325962 -112.227173
208.326923 -119.954033
208.327885 -120.426712
208.328846 -117.993195
208.329808 -114.752228
208.330769 -114.668526
208.331731 -116.191475
208.332692 -114.104843
208.333654 -114.119888
208.334615 -118.832901
208.335577 -119.612717
208.336538 -120.150787
208.337500 -119.221786
208.338462 -116.296318
208.339423 -113.513863
208.340385 -112.907410
208.341346 -113.455338
208.342308 -110.035332
208.343269 -109.885414
208.344231 -111.582077
208.345192 -117.753365
208.346154 -113.941765
208.347115 -111.790077
208.348077 -111.571106
208.349038 -111.489609
208.350000 -111.971565
208.350962 -116.319077
208.351923 -124.251938
208.352885 -124.739471
208.353846 -116.562134
208.354808 -115.393806
208.355769 -116.191109
208.356731 -119.010986
208.357692 -118.891502
208.358654 -116.108383
208.359615 -113.539207
208.360577 -113.459602
208.361538 -114.793098
208.362500 -116.895432
208.363462 -114.751312
208.364423 -112.274162
208.365385 -112.383293
208.366346 -118.848083
208.367308 -124.971169
208.368269 -124.223175
208.369231 -120.618065
208.370192 -117.621719
208.371154 -117.591049
208.372115 -122.404182
208.373077 -119.149010
208.374038 -117.949730
208.375000 -115.969383
208.375962 -115.862411
208.376923 -116.499550
208.377885 -114.679764
208.378846 -116.570778
208.379808 -122.112358
208.380769 -119.133804
208.381731 -114.439423
208.382692 -114.035469
208.383654 -114.234993
208.384615 -113.020363
208.385577 -112.724243
208.386538 -113.542480
208.387500 -115.260429
208.388462 -119.714714
208.389423 -116.950851
208.390385 -115.075592
208.391346 -115.021713
208.392308 -117.060432
208.393269 -119.099098
208.394231 -112.493568
208.395192 -111.166183
208.396154 -112.494438
208.397115 -116.754150
208.398077 -112.123917
208.399038 -112.146774
208.400000 -116.697830
208.400962 -121.029938
208.401923 -120.688248
208.402885 -123.662285
208.403846 -122.128311
208.404808 -121.564774
208.405769 -114.693718
208.406731 -113.805862
208.407692 -114.573769
208.408654 -121.226738
208.409615 -119.067917
208.410577 -116.789207
208.411538 -118.350998
208.412500 -114.933296
208.413462 -114.113800
208.414423 -114.745041
208.415385 -121.831314
208.416346 -114.070328
208.417308 -111.257339
208.418269 -110.949127
208.419231 -111.131248
208.420192 -113.213951
208.421154 -113.099449
208.422115 -113.423828
208.423077 -111.180397
208.424038 -109.114426
208.425000 -108.978508
208.425962 -110.960930
208.426923 -119.719559
208.427885 -115.256248
208.428846 -114.833344
208.429808 -118.022545
208.430769 -114.943375
208.431731 -114.784416
208.432692 -117.444099
208.433654 -121.000740
208.434615 -113.866257
208.435577 -113.350807
208.436538 -116.428436
208.437500 -120.938347
208.438462 -111.937874
208.439423 -111.653633
208.440385 -115.122719
208.441346 -115.986786
208.442308 -115.925911
208.443269 -120.221588
208.444231 -117.409698
208.445192 -117.551544
208.446154 -115.322113
208.447115 -112.454399
208.448077 -111.486320
208.449038 -111.234268
208.450000 -112.113564
208.450962 -112.961578
208.451923 -111.077957
208.452885 -111.094971
208.453846 -112.688080
208.454808 -110.536102
208.455769 -108.393898
208.456731 -108.043144
208.457692 -108.587563
208.458654 -112.264778
208.459615 -112.636711
208.460577 -111.604736
208.461538 -111.973648
208.462500 -117.529541
208.463462 -117.433662
208.464423 -115.390503
208.465385 -115.622253
208.466346 -117.719872
208.467308 -117.863571
208.468269 -119.419556
208.469231 -120.485832
208.470192 -113.012970
208.471154 -112.915771
208.472115 -115.883926
208.473077 -121.241402
208.474038 -118.371681
208.475000 -118.309677
208.475962 -123.019676
208.476923 -124.555191
208.477885 -119.433098
208.478846 -116.492676
208.479808 -115.426018
208.480769 -115.677238
208.481731 -115.126450
208.482692 -114.316139
208.483654 -114.220573
208.484615 -115.165054
208.485577 -120.836555
208.486538 -120.859482
208.487500 -120.245125
208.488462 -122.360802
208.489423 -122.184265
208.490385 -123.190834
208.491346 -121.334877
208.492308 -119.605774
208.493269 -119.582565
208.494231 -122.127548
208.495192 -119.051697
208.496154 -117.010132
208.497115 -116.949707
208.498077 -118.132401
208.499038 -119.793861
208.500000 -118.067184
208.500962 -112.961349
208.501923 -111.722473
208.502885 -112.310783
208.503846 -114.798454
208.504808 -118.558296
208.505769 -118.246483
208.506731 -117.100426
208.507692 -116.647675
208.508654 -119.555145
208.509615 -122.767296
208.510577 -115.148682
208.511538 -113.168320
208.512500 -112.982742
208.513462 -115.106804
208.514423 -120.827202
208.515385 -118.318581
208.516346 -117.405388
208.517308 -118.098289
208.518269 -113.509293
208.519231 -112.939102
208.520192 -114.675941
208.521154 -117.643562
208.522115 -117.533493
208.523077 -122.721985
208.524038 -121.846619
208.525000 -121.711960
208.525962 -120.454254
208.526923 -120.177811
208.527885 -120.213524
208.528846 -123.661598
208.529808 -119.344727
208.530769 -117.721764
208.531731 -117.536537
208.532692 -113.169380
208.533654 -113.157890
208.534615 -116.396828
208.535577 -120.503952
208.536538 -119.072868
208.537500 -115.969299
208.538462 -115.899658
208.539423 -116.545479
208.540385 -116.250244
208.541346 -114.206161
208.542308 -113.435776
208.543269 -114.943130
208.544231 -115.039413
208.545192 -113.796059
208.546154 -114.247665
208.547115 -118.002426
208.548077 -119.211594
208.549038 -123.532776
208.550000 -124.582359
208.550962 -118.535248
208.551923 -118.460693
208.552885 -120.810112
208.553846 -121.149887
208.554808 -116.489662
208.555769 -115.311882
208.556731 -116.089081
208.557692 -120.332283
208.558654 -117.770973
208.559615 -115.752289
208.560577 -114.984428
208.561538 -114.163437
208.562500 -115.244675
208.563462 -114.231148
208.564423 -114.021271
208.565385 -116.994080
208.566346 -122.831612
208.567308 -118.353287
208.568269 -116.798729
208.569231 -118.048706
208.570192 -113.703896
208.571154 -112.419571
208.572115 -112.309227
208.573077 -112.497574
208.574038 -114.000496
208.575000 -119.815285
208.575962 -117.461861
208.576923 -115.152473
208.577885 -115.152977
208.578846 -113.850426
208.579808 -113.848511
208.580769 -116.341393
208.581731 -120.497162
208.582692 -114.405182
208.583654 -113.733055
208.584615 -116.300049
208.585577 -117.889954
208.586538 -117.704735
208.587500 -115.799149
208.588462 -114.938858
208.589423 -115.159836
208.590385 -116.496597
208.591346 -114.527740
208.592308 -114.388626
208.593269 -119.118462
208.594231 -115.225388
208.595192 -115.046181
208.596154 -115.565071
208.597115 -117.597702
208.598077 -122.733910
208.599038 -119.954269
208.600000 -116.243370
208.600962 -114.232414
208.601923 -114.213303
208.602885 -118.170380
208.603846 -112.702164
208.604808 -111.815208
208.605769 -112.480759
208.606731 -110.606216
208.607692 -109.937378
208.608654 -111.702141
208.609615 -119.266655
208.610577 -118.198647
208.611538 -114.927864
208.612500 -113.270348
208.613462 -114.147362
208.614423 -118.018036
208.615385 -116.698395
208.616346 -113.970078
208.617308 -113.843819
208.618269 -115.377060
208.619231 -114.376526
208.620192 -112.968430
208.621154 -112.884300
208.622115 -114.335983
208.623077 -117.846001
208.624038 -117.710548
208.625000 -111.872581
208.625962 -111.122299
208.626923 -111.614105
208.627885 -112.766037
208.628846 -114.525864
208.629808 -118.472054
208.630769 -121.058121
208.631731 -124.306694
208.632692 -116.495552
208.633654 -113.419456
208.634615 -112.338181
208.635577 -112.374481
208.636538 -115.786827
208.637500 -115.108345
208.638462 -115.121078
208.639423 -121.147179
208.640385 -116.463058
208.641346 -115.393547
208.642308 -115.397392
208.643269 -117.739395
208.644231 -113.282867
208.645192 -109.746803
208.646154 -109.539818
208.647115 -110.196465
208.648077 -112.471130
208.649038 -115.817169
208.650000 -115.823105
208.650962 -110.855591
208.651923 -109.674500
208.652885 -109.881371
208.653846 -112.238297
208.654808 -114.909637
208.655769 -118.055229
208.656731 -117.700233
208.657692 -118.882759
208.658654 -120.953064
208.659615 -121.952774
208.660577 -115.590057
208.661538 -115.275597
208.662500 -116.548943
208.663462 -116.301498
208.664423 -116.369133
208.665385 -118.095734
208.666346 -115.702927
208.667308 -115.380623
208.668269 -116.849976
208.669231 -118.983253
208.670192 -117.125298
208.671154 -116.862251
208.672115 -119.800522
208.673077 -122.133682
208.674038 -119.248215
208.675000 -116.804176
208.675962 -116.786484
208.676923 -117.379372
208.677885 -117.380524
208.678846 -115.308289
208.679808 -114.078735
208.680769 -114.907860
208.681731 -117.228920
208.682692 -113.103928
208.683654 -113.085228
208.684615 -115.451347
208.685577 -118.466949
208.686538 -119.800087
208.687500 -116.401024
208.688462 -113.251816
208.689423 -113.396011
208.690385 -118.214966
208.691346 -119.259163
208.692308 -116.841721
208.693269 -116.691589
208.694231 -117.891899
208.695192 -118.499329
208.696154 -120.234375
208.697115 -120.002228
208.698077 -119.541168
208.699038 -115.379402
208.700000 -112.944412
208.700962 -113.053459
208.701923 -119.249382
208.702885 -121.733696
208.703846 -125.176430
208.704808 -119.747025
208.705769 -119.572357
208.706731 -119.752228
208.707692 -119.183823
208.708654 -113.550987
208.709615 -112.897728
208.710577 -114.603851
208.711538 -110.199181
208.712500 -110.047951
208.713462 -110.064995
208.714423 -111.650314
208.715385 -119.834778
208.716346 -121.273827
208.717308 -119.531654
208.718269 -120.134766
208.719231 -122.032837
208.720192 -114.480263
208.721154 -113.950333
208.722115 -114.767731
208.723077 -113.474121
208.724038 -112.542519
208.725000 -110.819153
208.725962 -110.762093
208.726923 -115.054703
208.727885 -117.857674
208.728846 -115.426819
208.729808 -112.475235
208.730769 -110.110779
208.731731 -109.727722
208.732692 -110.355179
208.733654 -113.684586
208.734615 -116.222580
208.735577 -112.467972
208.736538 -112.346497
208.737500 -116.063835
208.738462 -112.951088
208.739423 -113.321960
208.740385 -117.555054
208.741346 -120.310684
208.742308 -123.623528
208.743269 -118.893639
208.744231 -116.244072
208.745192 -114.190460
208.746154 -111.867027
208.747115 -111.446304
208.748077 -112.674492
208.749038 -123.793579
208.750000 -122.128563
208.750962 -121.403015
208.751923 -117.457977
208.752885 -113.289581
208.753846 -111.308868
208.754808 -111.017365
208.755769 -113.056274
208.756731 -112.033859
208.757692 -111.700356
208.758654 -112.959793
208.759615 -115.904091
208.760577 -118.288094
208.761538 -122.003548
208.762500 -116.103577
208.763462 -115.995087
208.764423 -119.101013
208.765385 -123.042053
208.766346 -119.989929
208.767308 -118.168449
208.768269 -120.494514
208.769231 -121.704185
208.770192 -119.527283
208.771154 -118.665161
208.772115 -116.675003
208.773077 -116.272766
208.774038 -117.348366
208.775000 -120.605057
208.775962 -115.382225
208.776923 -113.131157
208.777885 -112.616447
208.778846 -112.370926
208.779808 -112.166306
208.780769 -112.526718
208.781731 -112.234924
208.782692 -112.800018
208.783654 -115.158905
208.784615 -115.149597
208.785577 -118.431992
208.786538 -119.256920
208.787500 -116.495255
208.788462 -116.442253
208.789423 -117.590866
208.790385 -118.919868
208.791346 -117.691360
208.792308 -116.450134
208.793269 -116.396530
208.794231 -114.421196
208.795192 -110.572701
208.796154 -109.870781
208.797115 -110.403656
208.798077 -115.365273
208.799038 -118.692009
208.800000 -114.340790
208.800962 -111.190102
208.801923 -111.106033
208.802885 -114.091667
208.803846 -118.647820
208.804808 -119.600616
208.805769 -119.629738
208.806731 -117.167755
208.807692 -115.671448
208.808654 -114.575195
208.809615 -114.310257
208.810577 -116.954491
208.811538 -116.108421
208.812500 -114.470726
208.813462 -114.069939
208.814423 -116.979111
208.815385 -121.279907
208.816346 -118.620338
208.817308 -117.959099
208.818269 -116.194489
208.819231 -114.267448
208.820192 -114.106125
208.821154 -115.817131
208.822115 -118.038338
208.823077 -111.822159
208.824038 -110.338531
208.825000 -110.221985
208.825962 -111.548599
208.826923 -115.597458
208.827885 -120.927620
208.828846 -126.063843
208.829808 -125.621658
208.830769 -118.945358
208.831731 -113.368622
208.832692 -113.170532
208.833654 -117.017456
208.834615 -120.513634
208.835577 -123.183853
208.836538 -121.158493
208.837500 -119.963966
208.838462 -114.981598
208.839423 -114.119545
208.840385 -113.323364
208.841346 -112.703766
208.842308 -112.799675
208.843269 -115.638504
208.844231 -114.656273
208.845192 -111.289665
208.846154 -111.037521
208.847115 -111.233528
208.848077 -111.149857
208.849038 -111.737175
208.850000 -111.725357
208.850962 -115.044777
208.851923 -134.043121
208.852885 -128.203201
208.853846 -121.872589
208.854808 -116.009285
208.855769 -115.044785
208.856731 -114.687569
208.857692 -114.499199
208.858654 -116.657684
208.859615 -125.028999
208.860577 -120.418098
208.861538 -114.706017
208.862500 -112.345222
208.863462 -112.077873
208.864423 -112.522469
208.865385 -115.099159
208.866346 -118.986458
208.867308 -119.078445
208.868269 -118.710907
208.869231 -120.640480
208.870192 -120.931374
208.871154 -124.503998
208.872115 -122.527222
208.873077 -122.682404
208.874038 -118.830353
208.875000 -117.660973
208.875962 -117.503441
208.876923 -120.046455
208.877885 -118.139359
208.878846 -117.291267
208.879808 -118.716568
208.880769 -118.945122
208.881731 -119.190544
208.882692 -118.900665
208.883654 -116.056503
208.884615 -116.103241
208.885577 -121.164322
208.886538 -116.551926
208.887500 -116.413811
208.888462 -119.436325
208.889423 -120.477592
208.890385 -118.386246
208.891346 -118.327950
208.892308 -119.238960
208.893269 -111.719055
208.894231 -110.625671
208.895192 -111.124786
208.896154 -117.059555
208.897115 -116.078880
208.898077 -112.399048
208.899038 -112.110565
208.900000 -113.985344
208.900962 -110.103577
208.901923 -109.959969
208.902885 -111.475273
208.903846 -114.945702
208.904808 -121.560196
208.905769 -114.519920
208.906731 -112.262993
208.907692 -112.265671
208.908654 -112.601547
208.909615 -113.490166
208.910577 -114.900948
208.911538 -115.875854
208.912500 -114.261208
208.913462 -111.515251
208.914423 -111.162376
208.915385 -110.682693
208.916346 -110.681129
208.917308 -112.484741
208.918269 -117.720741
208.919231 -119.219498
208.920192 -125.615723
208.921154 -126.492645
208.922115 -124.894600
208.923077 -123.947227
208.924038 -116.479622
208.925000 -115.078896
208.925962 -115.417366
208.926923 -115.326141
208.927885 -117.887726
208.928846 -125.169609
208.929808 -120.225105
208.930769 -116.767357
208.931731 -117.722145
208.932692 -115.312958
208.933654 -115.058563
208.934615 -115.940308
208.935577 -112.238190
208.936538 -111.912361
208.937500 -113.775986
208.938462 -117.214653
208.939423 -116.267159
208.940385 -117.212204
208.941346 -116.650177
208.942308 -121.055367
208.943269 -119.517258
208.944231 -115.213821
208.945192 -115.045151
208.946154 -115.364784
208.947115 -114.395744
208.948077 -113.060074
208.949038 -113.635445
208.950000 -110.145844
208.950962 -109.248756
208.951923 -111.114410
208.952885 -117.216888
208.953846 -111.241196
208.954808 -109.030846
208.955769 -109.094330
208.956731 -114.282463
208.957692 -117.036316
208.958654 -119.013344
208.959615 -117.419121
208.960577 -117.300781
208.961538 -112.722069
208.962500 -112.619675
208.963462 -115.871368
208.964423 -125.491997
208.965385 -119.997025
208.966346 -115.927330
208.967308 -114.066483
208.968269 -113.840866
208.969231 -114.116753
208.970192 -117.756805
208.971154 -114.093620
208.972115 -113.966705
208.973077 -120.520767
208.974038 -118.499352
208.975000 -119.147018
208.975962 -117.979134
208.976923 -117.926338
208.977885 -118.397423
208.978846 -115.680344
208.979808 -115.667976
208.980769 -117.765846
208.981731 -118.465096
208.982692 -117.106598
208.983654 -117.347984
208.984615 -115.866806
208.985577 -112.754128
208.986538 -112.958496
208.987500 -116.632347
208.988462 -116.147400
208.989423 -117.556892
208.990385 -113.856331
208.991346 -112.551498
208.992308 -111.232178
208.993269 -111.317482
208.994231 -115.977562
208.995192 -119.342094
208.996154 -119.252693
208.997115 -121.232674
208.998077 -118.309387
208.999038 -111.169594
209.000000 -110.000351
209.000962 -110.092361
209.001923 -111.750557
209.002885 -115.483429
209.003846 -115.966537
209.004808 -116.262550
209.005769 -122.262756
209.006731 -127.670219
209.007692 -126.571632
209.008654 -118.370621
209.009615 -114.680618
209.010577 -114.752174
209.011538 -118.336617
209.012500 -116.900841
209.013462 -117.896858
209.014423 -114.008827
209.015385 -113.995750
209.016346 -113.563698
209.017308 -112.335968
209.018269 -112.304428
209.019231 -113.305191
209.020192 -112.689346
209.021154 -112.937950
209.022115 -117.435638
209.023077 -123.228050
209.024038 -115.641052
209.025000 -115.322174
209.025962 -117.851677
209.026923 -112.381584
209.027885 -109.970459
209.028846 -110.041580
209.029808 -114.694916
209.030769 -114.751671
209.031731 -117.632912
209.032692 -120.611763
209.033654 -117.757088
209.034615 -117.778595
209.035577 -116.207260
209.036538 -115.069328
209.037500 -116.329880
209.038462 -117.596512
209.039423 -116.458733
209.040385 -116.553703
209.041346 -120.409927
209.042308 -123.148743
209.043269 -113.279900
209.044231 -110.385391
209.045192 -110.238693
209.046154 -110.557922
209.047115 -110.721291
209.048077 -114.685608
209.049038 -112.485603
209.050000 -112.519295
209.050962 -120.103249
209.051923 -113.570061
209.052885 -109.309822
209.053846 -108.092674
209.054808 -108.448486
209.055769 -115.514252
209.056731 -113.637238
209.057692 -114.990891
209.058654 -115.061577
209.059615 -114.791359
209.060577 -116.997742
209.061538 -115.830399
209.062500 -112.538742
209.063462 -111.199898
209.064423 -111.222069
209.065385 -112.742233
209.066346 -115.644234
209.067308 -112.139992
209.068269 -110.481606
209.069231 -110.713112
209.070192 -114.425865
209.071154 -116.681183
209.072115 -117.652527
209.073077 -116.645172
209.074038 -111.736450
209.075000 -111.668922
209.075962 -115.267433
209.076923 -116.577080
209.077885 -117.120117
209.078846 -119.807335
209.079808 -121.990379
209.080769 -117.055611
209.081731 -117.062263
209.082692 -122.797684
209.083654 -115.954895
209.084615 -112.199593
209.085577 -112.056633
209.086538 -113.565857
209.087500 -113.577499
209.088462 -113.308739
209.089423 -113.421936
209.090385 -115.811897
209.091346 -122.064301
209.092308 -113.115128
209.093269 -110.510597
209.094231 -110.663689
209.095192 -113.456612
209.096154 -115.273521
209.097115 -116.452034
209.098077 -114.235603
209.099038 -115.181717
209.100000 -125.240044
209.100962 -125.627251
209.101923 -119.723053
209.102885 -116.050911
209.103846 -115.006432
209.104808 -115.374252
209.105769 -117.886467
209.106731 -115.562866
209.107692 -115.112350
209.108654 -114.496902
209.109615 -113.387733
209.110577 -113.468468
209.111538 -117.456589
209.112500 -121.993866
209.113462 -116.633705
209.114423 -115.446815
209.115385 -116.605453
209.116346 -124.303825
209.117308 -118.259933
209.118269 -118.387383
209.119231 -116.861206
209.120192 -113.157921
209.121154 -112.807991
209.122115 -114.755486
209.123077 -116.877098
209.124038 -112.626266
209.125000 -112.544403
209.125962 -111.854736
209.126923 -111.534706
209.127885 -113.384476
209.128846 -119.771790
209.129808 -112.131447
209.130769 -111.308632
209.131731 -112.179436
209.132692 -117.231438
209.133654 -118.565292
209.134615 -118.500488
209.135577 -125.075935
209.136538 -117.488075
209.137500 -115.096054
209.138462 -115.106941
209.139423 -114.261772
209.140385 -113.424812
209.141346 -113.514999
209.142308 -116.869034
209.143269 -118.616379
209.144231 -122.958328
209.145192 -128.382813
209.146154 -119.835495
209.147115 -115.689461
209.148077 -115.866806
209.149038 -113.961533
209.150000 -113.909279
209.150962 -117.466843
209.151923 -120.995018
209.152885 -121.516342
209.153846 -124.144630
209.154808 -117.797813
209.155769 -117.516121
209.156731 -116.468842
209.157692 -115.770912
209.158654 -117.112892
209.159615 -117.107887
209.160577 -115.361313
209.161538 -114.684189
209.162500 -114.719734
209.163462 -115.797615
209.164423 -114.561966
209.165385 -115.121880
209.166346 -120.701385
209.167308 -120.283226
209.168269 -112.827087
209.169231 -108.091469
209.170192 -108.050400
209.171154 -111.389870
209.172115 -114.140717
209.173077 -113.596382
209.174038 -114.496727
209.175000 -118.104317
209.175962 -118.731331
209.176923 -123.284988
209.177885 -123.879066
209.178846 -119.753372
209.179808 -116.293938
209.180769 -116.221298
209.181731 -115.842651
209.182692 -116.767982
209.183654 -114.741356
209.184615 -112.102661
209.185577 -112.059105
209.186538 -115.154877
209.187500 -115.365974
209.188462 -114.292786
209.189423 -116.131851
209.190385 -115.329811
209.191346 -113.865601
209.192308 -115.609642
209.193269 -128.064957
209.194231 -120.588722
209.195192 -111.398468
209.196154 -110.507057
209.197115 -110.721321
209.198077 -111.148773
209.199038 -112.354027
209.200000 -118.143204
209.200962 -119.307030
209.201923 -119.212654
209.202885 -117.064133
209.203846 -113.667152
209.204808 -113.625580
209.205769 -115.325790
209.206731 -121.710518
209.207692 -126.301964
209.208654 -126.451180
209.209615 -119.695724
209.210577 -115.754623
209.211538 -115.609108
209.212500 -117.224297
209.213462 -119.002281
209.214423 -119.142944
209.215385 -124.900192
209.216346 -127.841820
209.217308 -116.778831
209.218269 -112.128860
209.219231 -112.037758
209.220192 -114.165703
209.221154 -117.416008
209.222115 -116.804703
209.223077 -117.556381
209.224038 -119.285881
209.225000 -119.409256
209.225962 -120.039124
209.226923 -119.094589
209.227885 -120.648026
209.228846 -117.272499
209.229808 -116.494423
209.230769 -115.016647
209.231731 -113.129929
209.232692 -113.158089
209.233654 -115.505005
209.234615 -119.845886
209.235577 -119.714188
209.236538 -118.866623
209.237500 -119.074112
209.238462 -117.850174
209.239423 -112.203323
209.240385 -111.290344
209.241346 -111.387749
209.242308 -113.982445
209.243269 -122.984650
209.244231 -122.435074
209.245192 -123.051842
209.246154 -124.191467
209.247115 -118.686607
209.248077 -114.588158
209.249038 -114.037735
209.250000 -113.944366
209.250962 -115.111084
209.251923 -112.750854
209.252885 -110.911415
209.253846 -111.353638
209.254808 -117.941040
209.255769 -115.173103
209.256731 -116.098885
209.257692 -115.738853
209.258654 -112.321022
209.259615 -112.188438
209.260577 -113.833694
209.261538 -120.592606
209.262500 -122.738075
209.263462 -116.799828
209.264423 -114.066551
209.265385 -112.960915
209.266346 -113.060661
209.267308 -115.463760
209.268269 -113.665245
209.269231 -113.786110
209.270192 -117.309868
209.271154 -117.240898
209.272115 -124.207260
209.273077 -118.953712
209.274038 -114.046700
209.275000 -113.994751
209.275962 -117.572235
209.276923 -125.297813
209.277885 -118.772621
209.278846 -117.237236
209.279808 -117.975029
209.280769 -120.170898
209.281731 -114.659058
209.282692 -112.535233
209.283654 -112.506950
209.284615 -114.493599
209.285577 -113.399155
209.286538 -113.401917
209.287500 -117.285835
209.288462 -119.981407
209.289423 -126.486153
209.290385 -120.910316
209.291346 -111.771210
209.292308 -110.197906
209.293269 -111.284760
209.294231 -116.893600
209.295192 -115.963440
209.296154 -116.347534
209.297115 -115.799515
209.298077 -115.608459
209.299038 -115.543182
209.300000 -115.408699
209.300962 -115.923309
209.301923 -115.287956
209.302885 -118.704727
209.303846 -115.046875
209.304808 -115.046822
209.305769 -117.556252
209.306731 -119.282661
209.307692 -120.824066
209.308654 -112.526825
209.309615 -110.637611
209.310577 -110.596474
209.311538 -113.391693
209.312500 -115.440315
209.313462 -113.166763
209.314423 -113.519836
209.315385 -122.049713
209.316346 -110.806648
209.317308 -108.882111
209.318269 -109.251297
209.319231 -114.581696
209.320192 -110.709770
209.321154 -109.268333
209.322115 -109.556152
209.323077 -114.005806
209.324038 -114.265564
209.325000 -110.610580
209.325962 -110.569473
209.326923 -113.456802
209.327885 -123.611404
209.328846 -123.366974
209.329808 -123.721596
209.330769 -127.823769
209.331731 -117.042992
209.332692 -114.352768
209.333654 -113.844444
209.334615 -110.986824
209.335577 -110.825310
209.336538 -113.698280
209.337500 -120.991066
209.338462 -119.906548
209.339423 -119.349403
209.340385 -124.268951
209.341346 -119.650352
209.342308 -114.681320
209.343269 -110.395042
209.344231 -109.738411
209.345192 -109.211349
209.346154 -109.087494
209.347115 -109.755798
209.348077 -115.649635
209.349038 -118.608017
209.350000 -120.039101
209.350962 -117.765747
209.351923 -112.734642
209.352885 -112.642487
209.353846 -115.421028
209.354808 -113.967369
209.355769 -112.266960
209.356731 -113.363632
209.357692 -119.202400
209.358654 -114.347069
209.359615 -113.868370
209.360577 -115.345558
209.361538 -115.151360
209.362500 -114.498520
209.363462 -116.786743
209.364423 -127.945900
209.365385 -127.611023
209.366346 -122.274239
209.367308 -114.817413
209.368269 -114.580795
209.369231 -117.574814
209.370192 -129.168091
209.371154 -121.391228
209.372115 -115.934525
209.373077 -115.934509
209.374038 -122.264519
209.375000 -117.996895
209.375962 -116.746193
209.376923 -117.500252
209.377885 -123.938995
209.378846 -117.121796
209.379808 -116.186340
209.380769 -117.355858
209.381731 -114.143791
209.382692 -111.618729
209.383654 -111.614906
209.384615 -115.890968
209.385577 -118.945351
209.386538 -112.959152
209.387500 -112.713608
209.388462 -114.236298
209.389423 -117.923920
209.390385 -118.263359
209.391346 -115.276657
209.392308 -112.599121
209.393269 -112.239777
209.394231 -113.003777
209.395192 -116.288338
209.396154 -121.510323
209.397115 -116.483772
209.398077 -115.175613
209.399038 -116.021271
209.400000 -120.085129
209.400962 -118.303574
209.401923 -118.659393
209.402885 -117.564903
209.403846 -117.413155
209.404808 -115.300041
209.405769 -115.010056
209.406731 -118.302917
209.407692 -132.151596
209.408654 -124.687668
209.409615 -123.846458
209.410577 -122.884880
209.411538 -121.101120
209.412500 -123.707230
209.413462 -127.666283
209.414423 -122.845123
209.415385 -119.747444
209.416346 -119.928299
209.417308 -113.982506
209.418269 -109.495369
209.419231 -109.032471
209.420192 -110.548851
209.421154 -118.374947
209.422115 -117.863708
209.423077 -116.977402
209.424038 -117.944801
209.425000 -113.719063
209.425962 -113.471603
209.426923 -116.636208
209.427885 -121.135757
209.428846 -116.618629
209.429808 -116.599998
209.430769 -115.793869
209.431731 -113.180984
209.432692 -112.736656
209.433654 -114.306671
209.434615 -117.184021
209.435577 -116.495262
209.436538 -114.821251
209.437500 -115.490028
209.438462 -116.897812
209.439423 -116.681213
209.440385 -118.294540
209.441346 -118.154007
209.442308 -118.228416
209.443269 -118.947464
209.444231 -120.996506
209.445192 -120.277222
209.446154 -120.075439
209.447115 -118.480827
209.448077 -115.849129
209.449038 -114.384827
209.450000 -116.084572
209.450962 -113.384384
209.451923 -112.508720
209.452885 -113.639687
209.453846 -115.994164
209.454808 -115.997818
209.455769 -117.688759
209.456731 -121.375359
209.457692 -115.938454
209.458654 -115.839508
209.459615 -119.317123
209.460577 -119.378532
209.461538 -116.521309
209.462500 -113.203522
209.463462 -112.560394
209.464423 -112.863945
209.465385 -114.061096
209.466346 -117.115112
209.467308 -114.666801
209.468269 -115.062317
209.469231 -113.696373
209.470192 -113.236145
209.471154 -115.699951
209.472115 -115.997818
209.473077 -112.900131
209.474038 -112.443192
209.475000 -113.113853
209.475962 -115.749374
209.476923 -116.435707
209.477885 -117.711868
209.478846 -120.863594
209.479808 -117.608910
209.480769 -110.668129
209.481731 -110.524803
209.482692 -112.343155
209.483654 -112.246445
209.484615 -115.857353
209.485577 -119.163048
209.486538 -118.440460
209.487500 -120.424911
209.488462 -111.719566
209.489423 -110.156021
209.490385 -110.488266
209.491346 -111.617088
209.492308 -112.273247
209.493269 -114.512642
209.494231 -116.837204
209.495192 -116.734116
209.496154 -121.049179
209.497115 -123.735519
209.498077 -125.839722
209.499038 -123.022675
209.500000 -123.602654
209.500962 -123.679642
209.501923 -116.726295
209.502885 -112.935028
209.503846 -112.261322
209.504808 -113.003250
209.505769 -119.747643
209.506731 -112.496780
209.507692 -109.793594
209.508654 -109.602425
209.509615 -110.153259
209.510577 -113.242012
209.511538 -119.565994
209.512500 -125.269104
209.513462 -115.380211
209.514423 -114.703438
209.515385 -115.045898
209.516346 -115.244644
209.517308 -117.267593
209.518269 -120.796310
209.519231 -117.976456
209.520192 -117.356224
209.521154 -117.936958
209.522115 -115.682716
209.523077 -114.699036
209.524038 -116.851547
209.525000 -119.041222
209.525962 -119.090363
209.526923 -112.796989
209.527885 -108.957573
209.528846 -108.855263
209.529808 -110.089432
209.530769 -114.853195
209.531731 -118.525345
209.532692 -111.207489
209.533654 -109.734322
209.534615 -109.641823
209.535577 -110.558105
209.536538 -112.782509
209.537500 -114.310577
209.538462 -115.087585
209.539423 -121.229561
209.540385 -121.931908
209.541346 -122.197365
209.542308 -121.496399
209.543269 -117.252945
209.544231 -114.658752
209.545192 -111.623161
209.546154 -111.510269
209.547115 -115.229042
209.548077 -116.178078
209.549038 -113.390221
209.550000 -113.219498
209.550962 -115.154984
209.551923 -117.546112
209.552885 -115.232407
209.553846 -114.517670
209.554808 -114.966972
209.555769 -117.412781
209.556731 -119.821342
209.557692 -118.832481
209.558654 -118.958473
209.559615 -119.034271
209.560577 -118.966988
209.561538 -117.289444
209.562500 -117.249901
209.563462 -118.319000
209.564423 -116.049629
209.565385 -116.493393
209.566346 -122.804970
209.567308 -124.465691
209.568269 -115.728554
209.569231 -111.806175
209.570192 -111.459076
209.571154 -112.366341
209.572115 -117.813675
209.573077 -119.711403
209.574038 -119.310608
209.575000 -115.551514
209.575962 -114.114632
209.576923 -115.833664
209.577885 -117.679787
209.578846 -114.757988
209.579808 -114.955101
209.580769 -111.533775
209.581731 -111.322899
209.582692 -112.125465
209.583654 -117.995140
209.584615 -115.229462
209.585577 -114.939796
209.586538 -116.141273
209.587500 -118.949333
209.588462 -129.580521
209.589423 -121.938263
209.590385 -121.630333
209.591346 -121.265427
209.592308 -120.869209
209.593269 -117.599083
209.594231 -116.098465
209.595192 -112.995667
209.596154 -113.031013
209.597115 -118.622086
209.598077 -118.267525
209.599038 -118.002670
209.600000 -115.710258
209.600962 -115.879471
209.601923 -119.088768
209.602885 -119.147095
209.603846 -117.089546
209.604808 -117.082176
209.605769 -118.881630
209.606731 -120.869194
209.607692 -116.930229
209.608654 -116.708214
209.609615 -113.647751
209.610577 -113.082298
209.611538 -114.057953
209.612500 -114.675240
209.613462 -114.990753
209.614423 -120.916100
209.615385 -116.681328
209.616346 -115.597610
209.617308 -113.513153
209.618269 -113.222702
209.619231 -113.564285
209.620192 -114.645599
209.621154 -117.362480
209.622115 -117.221924
209.623077 -119.447067
209.624038 -120.545280
209.625000 -119.277962
209.625962 -113.591469
209.626923 -110.397171
209.627885 -109.944427
209.628846 -110.156677
209.629808 -114.244476
209.630769 -118.005341
209.631731 -115.346260
209.632692 -109.902969
209.633654 -107.783310
209.634615 -106.411407
209.635577 -106.503685
209.636538 -112.358528
209.637500 -111.503136
209.638462 -111.593719
209.639423 -114.386353
209.640385 -116.588348
209.641346 -119.047806
209.642308 -119.776756
209.643269 -121.340591
209.644231 -115.118500
209.645192 -113.748528
209.646154 -113.611420
209.647115 -114.421227
209.648077 -119.271606
209.649038 -114.839745
209.650000 -114.776947
209.650962 -118.914238
209.651923 -109.604973
209.652885 -108.068466
209.653846 -108.653694
209.654808 -115.355225
209.655769 -122.387093
209.656731 -122.387718
209.657692 -114.741585
209.658654 -114.578049
209.659615 -120.222145
209.660577 -122.530640
209.661538 -118.343788
209.662500 -115.187653
209.663462 -114.461281
209.664423 -114.702995
209.665385 -118.018051
209.666346 -113.294388
209.667308 -109.373421
209.668269 -109.320732
209.669231 -112.345886
209.670192 -118.617218
209.671154 -115.126411
209.672115 -114.702736
209.673077 -114.732964
209.674038 -112.703003
209.675000 -112.670807
209.675962 -116.281250
209.676923 -116.804901
209.677885 -115.967644
209.678846 -117.187851
209.679808 -120.132690
209.680769 -117.943909
209.681731 -115.375328
209.682692 -115.058937
209.683654 -115.264702
209.684615 -115.284760
209.685577 -115.454369
209.686538 -118.055054
209.687500 -124.837173
209.688462 -128.245773
209.689423 -126.210098
209.690385 -124.806702
209.691346 -119.069641
209.692308 -118.749367
209.693269 -119.781914
209.694231 -113.370232
209.695192 -111.321259
209.696154 -110.984329
209.697115 -111.194138
209.698077 -113.102081
209.699038 -115.389488
209.700000 -117.311050
209.700962 -122.604225
209.701923 -120.438377
209.702885 -115.935143
209.703846 -115.710945
209.704808 -117.784798
209.705769 -119.226151
209.706731 -118.831337
209.707692 -115.659142
209.708654 -115.545471
209.709615 -117.482689
209.710577 -116.843979
209.711538 -116.351761
209.712500 -114.836685
209.713462 -114.623589
209.714423 -115.267815
209.715385 -111.549728
209.716346 -111.566437
209.717308 -117.119186
209.718269 -113.451920
209.719231 -111.133385
209.720192 -111.937561
209.721154 -117.943161
209.722115 -119.387695
209.723077 -116.711472
209.724038 -116.534401
209.725000 -114.135925
209.725962 -111.234108
209.726923 -112.281860
209.727885 -120.216042
209.728846 -117.710999
209.729808 -113.726540
209.730769 -113.678528
209.731731 -115.149094
209.732692 -115.715317
209.733654 -121.280975
209.734615 -118.284630
209.735577 -116.722511
209.736538 -114.795891
209.737500 -113.019325
209.738462 -113.050674
209.739423 -117.212364
209.740385 -122.819252
209.741346 -122.419685
209.742308 -119.648270
209.743269 -119.899544
209.744231 -115.191307
209.745192 -113.038269
209.746154 -113.186089
209.747115 -121.064804
209.748077 -119.106499
209.749038 -116.684898
209.750000 -118.182388
209.750962 -115.846550
209.751923 -112.153702
209.752885 -111.816566
209.753846 -114.672554
209.754808 -116.091080
209.755769 -112.621750
209.756731 -112.143791
209.757692 -112.529915
209.758654 -116.474899
209.759615 -117.727730
209.760577 -117.055389
209.761538 -118.142014
209.762500 -122.074783
209.763462 -120.411613
209.764423 -118.366203
209.765385 -117.803780
209.766346 -118.456291
209.767308 -115.243034
209.768269 -115.547722
209.769231 -124.280632
209.770192 -117.513550
209.771154 -115.739410
209.772115 -116.074150
209.773077 -114.385292
209.774038 -114.351540
209.775000 -117.072113
209.775962 -113.751724
209.776923 -114.227402
209.777885 -122.320160
209.778846 -121.636993
209.779808 -123.623993
209.780769 -120.962311
209.781731 -117.009483
209.782692 -114.640045
209.783654 -114.430054
209.784615 -114.746758
209.785577 -113.262680
209.786538 -113.214661
209.787500 -115.906296
209.788462 -115.905609
209.789423 -119.672951
209.790385 -114.870064
209.791346 -111.644554
209.792308 -111.639870
209.793269 -117.968231
209.794231 -117.181320
209.795192 -115.063232
209.796154 -114.661026
209.797115 -115.277847
209.798077 -119.121689
209.799038 -117.446526
209.800000 -117.403450
209.800962 -113.755638
209.801923 -111.698906
209.802885 -111.036797
209.803846 -111.543137
209.804808 -119.489738
209.805769 -113.844269
209.806731 -113.656158
209.807692 -114.948822
209.808654 -117.144630
209.809615 -112.315193
209.810577 -110.182144
209.811538 -109.816002
209.812500 -111.849686
209.813462 -114.876938
209.814423 -112.145744
209.815385 -112.243599
209.816346 -114.906075
209.817308 -114.559273
209.818269 -116.814461
209.819231 -122.972771
209.820192 -121.654663
209.821154 -118.392349
209.822115 -118.436813
209.823077 -125.579361
209.824038 -116.579140
209.825000 -115.100876
209.825962 -116.835091
209.826923 -109.913750
209.827885 -109.528954
209.828846 -110.917404
209.829808 -119.399551
209.830769 -119.415237
209.831731 -119.044548
209.832692 -119.202339
209.833654 -114.437660
209.834615 -114.427048
209.835577 -117.299736
209.836538 -116.498016
209.837500 -112.167931
209.838462 -112.101891
209.839423 -114.151253
209.840385 -117.926369
209.841346 -119.497398
209.842308 -120.441582
209.843269 -120.458427
209.844231 -113.558014
209.845192 -112.996887
209.846154 -114.675407
209.847115 -119.033020
209.848077 -120.735214
209.849038 -116.007034
209.850000 -115.246338
209.850962 -117.304520
209.851923 -118.426140
209.852885 -118.357597
209.853846 -120.482254
209.854808 -118.325394
209.855769 -115.965225
209.856731 -117.536263
209.857692 -112.419998
209.858654 -111.809677
209.859615 -111.582878
209.860577 -111.381805
209.861538 -111.715317
209.862500 -112.616928
209.863462 -110.783623
209.864423 -109.983711
209.865385 -110.219650
209.866346 -113.412888
209.867308 -116.972305
209.868269 -116.319328
209.869231 -116.735916
209.870192 -118.301682
209.871154 -119.703972
209.872115 -115.144737
209.873077 -112.876808
209.874038 -113.098854
209.875000 -114.408218
209.875962 -113.751816
209.876923 -114.159904
209.877885 -114.448814
209.878846 -116.157875
209.879808 -113.331390
209.880769 -113.207184
209.881731 -116.437798
209.882692 -124.978607
209.883654 -120.881462
209.884615 -120.719017
209.885577 -120.374115
209.886538 -114.287247
209.887500 -113.730026
209.888462 -115.185181
209.889423 -112.682350
209.890385 -110.182091
209.891346 -110.086746
209.892308 -115.575562
209.893269 -116.464844
209.894231 -118.556129
209.895192 -116.470833
209.896154 -116.395691
209.897115 -122.382706
209.898077 -115.268906
209.899038 -114.666908
209.900000 -118.963211
209.900962 -119.344940
209.901923 -119.421432
209.902885 -124.564964
209.903846 -128.698730
209.904808 -118.654274
209.905769 -113.720932
209.906731 -112.501053
209.907692 -113.088676
209.908654 -122.805328
209.909615 -115.989098
209.910577 -115.086815
209.911538 -116.868538
209.912500 -115.889534
209.913462 -114.961502
209.914423 -115.026192
209.915385 -117.292282
209.916346 -123.016930
209.917308 -126.913132
209.918269 -118.513550
209.919231 -115.272469
209.920192 -111.485413
209.921154 -110.608040
209.922115 -111.892532
209.923077 -116.769409
209.924038 -113.633965
209.925000 -113.438988
209.925962 -114.445091
209.926923 -113.679558
209.927885 -116.400612
209.928846 -115.772232
209.929808 -113.663521
209.930769 -112.619865
209.931731 -113.184174
209.932692 -118.386147
209.933654 -118.091034
209.934615 -120.327866
209.935577 -118.782883
209.936538 -122.899620
209.937500 -120.891533
209.938462 -121.226036
209.939423 -117.125801
209.940385 -117.434998
209.941346 -116.563354
209.942308 -116.493439
209.943269 -117.959831
209.944231 -116.667473
209.945192 -116.328217
209.946154 -116.369659
209.947115 -113.249939
209.948077 -113.898033
209.949038 -113.273193
209.950000 -113.257401
209.950962 -116.870644
209.951923 -116.948578
209.952885 -114.988350
209.953846 -115.043259
209.954808 -119.523911
209.955769 -131.414093
209.956731 -130.278427
209.957692 -124.511826
209.958654 -120.726593
209.959615 -117.838043
209.960577 -113.498695
209.961538 -111.183022
209.962500 -111.332390
209.963462 -115.785927
209.964423 -115.498314
209.965385 -115.531525
209.966346 -116.467491
209.967308 -122.324463
209.968269 -118.389565
209.969231 -113.467438
209.970192 -113.427002
209.971154 -118.642464
209.972115 -113.911179
209.973077 -108.692017
209.974038 -107.563690
209.975000 -107.666084
209.975962 -107.436943
209.976923 -107.504761
209.977885 -110.356323
209.978846 -115.590714
209.979808 -116.554741
209.980769 -116.813820
209.981731 -120.876534
209.982692 -129.583847
209.983654 -124.919876
209.984615 -123.686722
209.985577 -121.102333
209.986538 -121.188026
209.987500 -121.434074
209.988462 -118.146431
209.989423 -111.802559
209.990385 -109.493210
209.991346 -109.488068
209.992308 -111.933342
209.993269 -110.020859
209.994231 -108.985367
209.995192 -109.592232
209.996154 -114.967621
209.997115 -113.612122
209.998077 -115.349945
209.999038 -113.647675
210.000000 -113.454781
210.000962 -115.220551
210.001923 -125.615471
210.002885 -118.389488
210.003846 -117.235107
210.004808 -121.283867
210.005769 -122.018280
210.006731 -121.067543
210.007692 -119.488220
210.008654 -118.990273
210.009615 -117.219215
210.010577 -114.286278
210.011538 -114.435272
210.012500 -113.633270
210.013462 -113.354752
210.014423 -114.556381
210.015385 -116.026123
210.016346 -113.381493
210.017308 -113.247856
210.018269 -114.725136
210.019231 -111.559227
210.020192 -108.745003
210.021154 -108.722099
210.022115 -111.068550
210.023077 -111.044289
210.024038 -111.313614
210.025000 -113.911674
210.025962 -112.641457
210.026923 -112.864891
210.027885 -114.616150
210.028846 -117.413567
210.029808 -114.066216
210.030769 -110.450706
210.031731 -109.817001
210.032692 -110.727547
210.033654 -116.904144
210.034615 -116.634636
210.035577 -112.499344
210.036538 -111.930809
210.037500 -113.145912
210.038462 -111.827095
210.039423 -112.177361
210.040385 -114.695557
210.041346 -112.499237
210.042308 -111.841919
210.043269 -111.648628
210.044231 -112.578285
210.045192 -111.619293
210.046154 -107.926056
210.047115 -106.404266
210.048077 -106.333115
210.049038 -106.871056
210.050000 -110.331940
210.050962 -115.817566
210.051923 -115.107582
210.052885 -117.023232
210.053846 -122.048775
210.054808 -114.585510
210.055769 -110.564888
210.056731 -110.564690
210.057692 -112.160263
210.058654 -113.429855
210.059615 -112.419914
210.060577 -109.845917
210.061538 -109.849419
210.062500 -114.167702
210.063462 -115.583359
210.064423 -114.618690
210.065385 -114.610626
210.066346 -115.827065
210.067308 -117.732399
210.068269 -115.504082
210.069231 -114.400970
210.070192 -111.840660
210.071154 -111.586609
210.072115 -113.619209
210.073077 -118.501465
210.074038 -117.680153
210.075000 -117.027809
210.075962 -117.165390
210.076923 -119.903687
210.077885 -111.886841
210.078846 -110.917084
210.079808 -111.868439
210.080769 -115.431374
210.081731 -118.960884
210.082692 -124.331955
210.083654 -122.321358
210.084615 -117.156097
210.085577 -116.906158
210.086538 -118.805069
210.087500 -121.485374
210.088462 -126.390373
210.089423 -118.208900
210.090385 -112.836784
210.091346 -112.426064
210.092308 -114.266441
210.093269 -112.425110
210.094231 -111.016411
210.095192 -112.188530
210.096154 -116.274139
210.097115 -115.571861
210.098077 -118.025482
210.099038 -122.338867
210.100000 -119.903786
210.100962 -119.820244
210.101923 -119.626945
210.102885 -124.073936
210.103846 -121.746277
210.104808 -121.113068
210.105769 -117.945892
210.106731 -113.936394
210.107692 -112.483643
210.108654 -112.402893
210.109615 -116.161728
210.110577 -111.640434
210.111538 -110.937004
210.112500 -111.086403
210.113462 -115.415970
210.114423 -114.464081
210.115385 -112.723663
210.116346 -113.832222
210.117308 -121.818970
210.118269 -116.666794
210.119231 -115.237976
210.120192 -117.444702
210.121154 -108.561081
210.122115 -107.460327
210.123077 -108.036285
210.124038 -112.547356
210.125000 -114.816811
210.125962 -114.324158
210.126923 -115.095901
210.127885 -120.827934
210.128846 -123.874352
210.129808 -119.512276
210.130769 -115.153259
210.131731 -114.982033
210.132692 -118.985817
210.133654 -115.740341
210.134615 -115.980682
210.135577 -116.773079
210.136538 -119.246651
210.137500 -119.939720
210.138462 -117.650818
210.139423 -117.473053
210.140385 -118.393349
210.141346 -118.525925
210.142308 -121.240250
210.143269 -123.198212
210.144231 -118.775558
210.145192 -119.279083
210.146154 -120.151520
210.147115 -117.166199
210.148077 -117.760071
210.149038 -121.360939
210.150000 -112.556854
210.150962 -111.875877
210.151923 -114.810760
210.152885 -118.030991
210.153846 -112.322723
210.154808 -110.120964
210.155769 -110.162933
210.156731 -114.276352
210.157692 -112.292259
210.158654 -110.097038
210.159615 -109.976013
210.160577 -112.404335
210.161538 -110.822327
210.162500 -110.000916
210.163462 -111.231575
210.164423 -118.028854
210.165385 -113.983513
210.166346 -111.673508
210.167308 -108.377762
210.168269 -107.587044
210.169231 -107.969315
210.170192 -112.644432
210.171154 -116.717758
210.172115 -115.531342
210.173077 -116.794739
210.174038 -114.826019
210.175000 -112.851830
210.175962 -112.993805
210.176923 -114.699577
210.177885 -119.145218
210.178846 -113.855057
210.179808 -112.259491
210.180769 -112.386955
210.181731 -111.759781
210.182692 -110.161552
210.183654 -110.080643
210.184615 -110.872620
210.185577 -110.432999
210.186538 -108.314056
210.187500 -108.237015
210.188462 -108.879860
210.189423 -111.805756
210.190385 -116.285347
210.191346 -116.300072
210.192308 -110.505424
210.193269 -109.370018
210.194231 -110.083252
210.195192 -117.238113
210.196154 -121.722252
210.197115 -116.986221
210.198077 -111.586525
210.199038 -110.580475
210.200000 -111.167999
210.200962 -113.109367
210.201923 -110.819824
210.202885 -110.413216
210.203846 -111.066078
210.204808 -113.394012
210.205769 -115.490791
210.206731 -116.923073
210.207692 -120.036591
210.208654 -113.937668
210.209615 -112.527504
210.210577 -112.374992
210.211538 -112.692017
210.212500 -114.240295
210.213462 -118.033180
210.214423 -117.442284
210.215385 -114.638481
210.216346 -114.680504
210.217308 -115.161400
210.218269 -112.766586
210.219231 -112.711586
210.220192 -109.716461
210.221154 -108.746414
210.222115 -106.847939
210.223077 -106.701004
210.224038 -107.471771
210.225000 -110.950768
210.225962 -113.805901
210.226923 -112.482933
210.227885 -109.270317
210.228846 -108.604561
210.229808 -110.390167
210.230769 -116.167702
210.231731 -118.272865
210.232692 -120.326111
210.233654 -111.995338
210.234615 -109.991829
210.235577 -111.100288
210.236538 -114.053513
210.237500 -109.118980
210.238462 -109.068794
210.239423 -111.706322
210.240385 -115.581566
210.241346 -115.492043
210.242308 -116.894081
210.243269 -110.088371
210.244231 -109.692268
210.245192 -112.505859
210.246154 -118.695755
210.247115 -114.198631
210.248077 -111.953918
210.249038 -110.553543
210.250000 -110.924362
210.250962 -113.867317
210.251923 -113.512001
210.252885 -112.876358
210.253846 -111.708351
210.254808 -110.825058
210.255769 -112.164268
210.256731 -110.803627
210.257692 -110.832855
210.258654 -112.630638
210.259615 -113.560074
210.260577 -116.024918
210.261538 -120.065346
210.262500 -114.688568
210.263462 -114.307266
210.264423 -113.676262
210.265385 -110.402534
210.266346 -109.477089
210.267308 -109.370865
210.268269 -110.217796
210.269231 -112.821602
210.270192 -113.717735
210.271154 -117.184700
210.272115 -114.774147
210.273077 -111.450035
210.274038 -111.305656
210.275000 -110.989365
210.275962 -110.030304
210.276923 -110.431213
210.277885 -116.195328
210.278846 -109.950638
210.279808 -109.192268
210.280769 -110.709534
210.281731 -110.573494
210.282692 -110.476845
210.283654 -114.394875
210.284615 -120.650284
210.285577 -122.139046
210.286538 -116.580620
210.287500 -114.633904
210.288462 -115.293900
210.289423 -120.914452
210.290385 -111.629066
210.291346 -109.448547
210.292308 -110.190331
210.293269 -116.259453
210.294231 -112.608231
210.295192 -111.752167
210.296154 -111.999214
210.297115 -111.878616
210.298077 -110.637001
210.299038 -109.750862
210.300000 -109.810905
210.300962 -111.975571
210.301923 -116.205757
210.302885 -120.118210
210.303846 -118.226357
210.304808 -114.679482
210.305769 -114.326355
210.306731 -115.227455
210.307692 -113.069267
210.308654 -112.925735
210.309615 -113.766747
210.310577 -114.935333
210.311538 -116.752312
210.312500 -111.724419
210.313462 -109.628113
210.314423 -107.807426
210.315385 -107.806458
210.316346 -109.714951
210.317308 -114.263542
210.318269 -123.774567
210.319231 -119.797852
210.320192 -113.620689
210.321154 -111.072655
210.322115 -111.084023
210.323077 -115.337265
210.324038 -118.890007
210.325000 -118.557320
210.325962 -125.243393
210.326923 -125.812569
210.327885 -115.196571
210.328846 -110.921402
210.329808 -110.771385
210.330769 -113.706490
210.331731 -119.687531
210.332692 -123.475998
210.333654 -120.928055
210.334615 -117.431305
210.335577 -110.893509
210.336538 -109.453773
210.337500 -110.032516
210.338462 -113.471558
210.339423 -108.156487
210.340385 -107.974403
210.341346 -111.101868
210.342308 -120.889137
210.343269 -116.914688
210.344231 -115.739899
210.345192 -116.743645
210.346154 -114.994118
210.347115 -114.709091
210.348077 -117.259468
210.349038 -112.807701
210.350000 -110.976608
210.350962 -110.083244
210.351923 -109.439995
210.352885 -108.367897
210.353846 -107.175209
210.354808 -106.689087
210.355769 -106.699684
210.356731 -108.913567
210.357692 -114.990654
210.358654 -112.734932
210.359615 -110.942749
210.360577 -112.960968
210.361538 -111.518723
210.362500 -111.454140
210.363462 -110.808655
210.364423 -110.689011
210.365385 -112.348991
210.366346 -108.199409
210.367308 -108.105446
210.368269 -109.477135
210.369231 -111.997375
210.370192 -118.490295
210.371154 -118.186554
210.372115 -115.625740
210.373077 -112.800568
210.374038 -113.383209
210.375000 -119.626274
210.375962 -114.770142
210.376923 -109.861488
210.377885 -109.027977
210.378846 -109.163681
210.379808 -110.527481
210.380769 -109.745529
210.381731 -110.829636
210.382692 -119.238525
210.383654 -113.864906
210.384615 -109.809166
210.385577 -108.221855
210.386538 -108.011421
210.387500 -110.638771
210.388462 -116.622017
210.389423 -118.108299
210.390385 -119.195442
210.391346 -113.842247
210.392308 -111.522675
210.393269 -110.144661
210.394231 -109.649734
210.395192 -111.191086
210.396154 -118.302025
210.397115 -119.900879
210.398077 -121.154137
210.399038 -121.791206
210.400000 -109.987656
210.400962 -109.145317
210.401923 -111.583878
210.402885 -112.773239
210.403846 -109.406410
210.404808 -109.345001
210.405769 -111.191307
210.406731 -110.427704
210.407692 -110.901077
210.408654 -113.189552
210.409615 -112.417427
210.410577 -113.468208
210.411538 -110.673111
210.412500 -107.215469
210.413462 -107.292580
210.414423 -114.099068
210.415385 -109.647316
210.416346 -109.234787
210.417308 -113.078674
210.418269 -120.884720
210.419231 -113.106728
210.420192 -109.723282
210.421154 -106.609039
210.422115 -106.088409
210.423077 -106.791161
210.424038 -108.749138
210.425000 -107.578972
210.425962 -108.044899
210.426923 -113.820297
210.427885 -120.019493
210.428846 -114.919434
210.429808 -114.238014
210.430769 -112.791473
210.431731 -109.396294
210.432692 -108.389801
210.433654 -106.970398
210.434615 -105.598358
210.435577 -105.786362
210.436538 -109.429260
210.437500 -111.854149
210.438462 -113.496834
210.439423 -112.772362
210.440385 -109.637680
210.441346 -109.669357
210.442308 -108.922623
210.443269 -108.665276
210.444231 -109.495522
210.445192 -113.197952
210.446154 -109.617683
210.447115 -108.895630
210.448077 -109.979034
210.449038 -110.724106
210.450000 -112.512070
210.450962 -111.848099
210.451923 -109.962967
210.452885 -109.756943
210.453846 -110.804024
210.454808 -103.647171
210.455769 -102.530365
210.456731 -103.061813
210.457692 -104.055481
210.458654 -104.479614
210.459615 -106.512833
210.460577 -105.883331
210.461538 -105.388107
210.462500 -106.262894
210.463462 -110.903366
210.464423 -110.635567
210.465385 -108.504852
210.466346 -108.464012
210.467308 -113.921997
210.468269 -112.985168
210.469231 -111.526970
210.470192 -110.928185
210.471154 -111.900230
210.472115 -115.563339
210.473077 -112.959030
210.474038 -113.091805
210.475000 -115.888794
210.475962 -108.487541
210.476923 -103.034241
210.477885 -102.169456
210.478846 -103.038025
210.479808 -108.674294
210.480769 -105.823074
210.481731 -104.967720
210.482692 -106.081535
210.483654 -111.550583
210.484615 -112.110710
210.485577 -112.835808
210.486538 -108.341782
210.487500 -106.412521
210.488462 -106.360123
210.489423 -103.851822
210.490385 -102.548531
210.491346 -103.941376
210.492308 -105.959549
210.493269 -105.669937
210.494231 -105.939415
210.495192 -105.811546
210.496154 -107.535080
210.497115 -114.846207
210.498077 -115.252670
210.499038 -105.405556
210.500000 -104.242241
210.500962 -105.053848
210.501923 -109.595352
210.502885 -112.051743
210.503846 -105.742142
210.504808 -102.162819
210.505769 -101.930161
210.506731 -107.336487
210.507692 -115.395485
210.508654 -113.398804
210.509615 -111.632858
210.510577 -106.861603
210.511538 -106.188988
210.512500 -107.940605
210.513462 -104.708107
210.514423 -102.767715
210.515385 -101.787971
210.516346 -102.903168
210.517308 -112.798920
210.518269 -116.484459
210.519231 -108.237724
210.520192 -107.953934
210.521154 -102.648903
210.522115 -100.721954
210.523077 -101.170151
210.524038 -104.247383
210.525000 -104.039177
210.525962 -104.406586
210.526923 -108.387344
210.527885 -105.984291
210.528846 -107.241531
210.529808 -108.981392
210.530769 -108.999153
210.531731 -111.828148
210.532692 -107.714256
210.533654 -105.923775
210.534615 -107.316017
210.535577 -102.962456
210.536538 -98.745483
210.537500 -98.734970
210.538462 -104.136932
210.539423 -112.945297
210.540385 -103.051224
210.541346 -101.090034
210.542308 -101.470718
210.543269 -105.322990
210.544231 -108.055870
210.545192 -106.482750
210.546154 -106.811302
210.547115 -107.178574
210.548077 -108.662796
210.549038 -107.665451
210.550000 -106.783012
210.550962 -108.047333
210.551923 -110.817078
210.552885 -101.583389
210.553846 -100.519348
210.554808 -102.013618
210.555769 -106.109802
210.556731 -99.012779
210.557692 -96.892395
210.558654 -96.860863
210.559615 -99.788696
210.560577 -107.948563
210.561538 -104.687035
210.562500 -104.387230
210.563462 -102.098274
210.564423 -101.096878
210.565385 -101.215462
210.566346 -104.485870
210.567308 -106.874817
210.568269 -106.776245
210.569231 -105.596115
210.570192 -103.481529
210.571154 -103.659370
210.572115 -102.234985
210.573077 -99.165924
210.574038 -99.137199
210.575000 -102.720802
210.575962 -102.648598
210.576923 -101.866562
210.577885 -100.931602
210.578846 -101.778023
210.579808 -103.518112
210.580769 -100.158295
210.581731 -100.043221
210.582692 -102.330826
210.583654 -105.860825
210.584615 -101.938377
210.585577 -98.766647
210.586538 -98.293015
210.587500 -99.258781
210.588462 -105.634575
210.589423 -105.875237
210.590385 -106.689941
210.591346 -107.196548
210.592308 -107.157608
210.593269 -99.829056
210.594231 -99.802071
210.595192 -104.288895
210.596154 -107.126038
210.597115 -111.092712
210.598077 -102.273888
210.599038 -100.077255
210.600000 -100.073784
210.600962 -103.187653
210.601923 -111.614204
210.602885 -104.634422
210.603846 -102.818031
210.604808 -101.463539
210.605769 -101.311066
210.606731 -101.599785
210.607692 -103.214363
210.608654 -109.525856
210.609615 -103.782265
210.610577 -100.120155
210.611538 -99.717789
210.612500 -100.250114
210.613462 -102.238075
210.614423 -106.513283
210.615385 -104.236908
210.616346 -101.550568
210.617308 -101.032455
210.618269 -101.142227
210.619231 -104.029640
210.620192 -103.947548
210.621154 -103.894951
210.622115 -106.091789
210.623077 -103.684380
210.624038 -101.644035
210.625000 -101.586952
210.625962 -102.497726
210.626923 -104.128319
210.627885 -107.736099
210.628846 -113.506516
210.629808 -118.834984
210.630769 -107.063560
210.631731 -103.183937
210.632692 -102.874405
210.633654 -103.412720
210.634615 -108.941307
210.635577 -104.305771
210.636538 -103.404716
210.637500 -103.825844
210.638462 -106.675186
210.639423 -109.516891
210.640385 -111.891701
210.641346 -109.835167
210.642308 -109.571243
210.643269 -112.445915
210.644231 -113.127182
210.645192 -112.956512
210.646154 -108.799469
210.647115 -108.729897
210.648077 -106.094116
210.649038 -103.681404
210.650000 -103.598785
210.650962 -105.081619
210.651923 -107.202881
210.652885 -109.242073
210.653846 -114.537033
210.654808 -114.102020
210.655769 -106.280312
210.656731 -105.308434
210.657692 -106.229988
210.658654 -108.365753
210.659615 -111.113937
210.660577 -105.765533
210.661538 -104.847519
210.662500 -107.425049
210.663462 -103.590134
210.664423 -102.529938
210.665385 -102.646126
210.666346 -108.024185
210.667308 -112.676781
210.668269 -111.147621
210.669231 -114.345184
210.670192 -110.413437
210.671154 -108.366989
210.672115 -106.510292
210.673077 -106.488060
210.674038 -107.766670
210.675000 -108.503006
210.675962 -109.956528
210.676923 -107.756439
210.677885 -106.277466
210.678846 -106.928001
210.679808 -112.696167
210.680769 -105.402611
210.681731 -104.448578
210.682692 -104.664009
210.683654 -104.663246
210.684615 -107.908150
210.685577 -114.569351
210.686538 -118.222809
210.687500 -126.956009
210.688462 -119.063538
210.689423 -112.206169
210.690385 -110.446831
210.691346 -112.484512
210.692308 -112.674950
210.693269 -111.605942
210.694231 -114.092171
210.695192 -109.068832
210.696154 -108.712761
210.697115 -111.587326
210.698077 -115.535820
210.699038 -115.716797
210.700000 -117.274368
210.700962 -115.673195
210.701923 -115.030930
210.702885 -114.246132
210.703846 -113.314568
210.704808 -114.948669
210.705769 -111.354950
210.706731 -106.818611
210.707692 -106.626823
210.708654 -108.879227
210.709615 -106.114342
210.710577 -106.136658
210.711538 -111.769226
210.712500 -114.839348
210.713462 -115.107307
210.714423 -114.397949
210.715385 -106.750687
210.716346 -104.538559
210.717308 -103.648743
210.718269 -103.799423
210.719231 -107.789406
210.720192 -107.916519
210.721154 -104.779663
210.722115 -104.656746
210.723077 -108.568230
210.724038 -119.392990
210.725000 -115.285454
210.725962 -108.595413
210.726923 -106.234062
210.727885 -106.359734
210.728846 -113.081131
210.729808 -110.263283
210.730769 -111.086983
210.731731 -118.304794
210.732692 -117.599815
210.733654 -119.585091
210.734615 -115.919701
210.735577 -112.970833
210.736538 -112.180794
210.737500 -112.854904
210.738462 -108.846016
210.739423 -108.493233
210.740385 -109.935188
210.741346 -113.455383
210.742308 -109.841896
210.743269 -109.686569
210.744231 -111.476677
210.745192 -111.676201
210.746154 -111.379211
210.747115 -114.234535
210.748077 -113.706505
210.749038 -111.456833
210.750000 -111.061157
210.750962 -110.760818
210.751923 -110.796104
210.752885 -113.760696
210.753846 -114.090950
210.754808 -111.036461
210.755769 -109.115913
210.756731 -109.193863
210.757692 -113.721466
210.758654 -113.453758
210.759615 -111.442940
210.760577 -111.860222
210.761538 -119.051399
210.762500 -116.703514
210.763462 -113.109390
210.764423 -113.103325
210.765385 -118.293350
210.766346 -121.391014
210.767308 -115.022911
210.768269 -110.467873
210.769231 -108.742241
210.770192 -108.764473
210.771154 -114.631538
210.772115 -115.210045
210.773077 -114.380348
210.774038 -114.347969
210.775000 -114.074875
210.775962 -109.973221
210.776923 -108.844727
210.777885 -109.156075
210.778846 -110.505775
210.779808 -109.288795
210.780769 -109.630249
210.781731 -111.103325
210.782692 -109.853432
210.783654 -111.053772
210.784615 -115.897690
210.785577 -122.316101
210.786538 -110.483452
210.787500 -107.158432
210.788462 -106.996536
210.789423 -108.062828
210.790385 -112.042480
210.791346 -108.668594
210.792308 -108.389801
210.793269 -110.075562
210.794231 -111.447937
210.795192 -110.955048
210.796154 -113.451836
210.797115 -112.194687
210.798077 -110.479340
210.799038 -110.125969
210.800000 -110.914001
210.800962 -112.159264
210.801923 -111.687775
210.802885 -115.182930
210.803846 -111.897453
210.804808 -106.886116
210.805769 -106.507500
210.806731 -107.827232
210.807692 -107.816513
210.808654 -108.341972
210.809615 -113.341492
210.810577 -113.032715
210.811538 -106.386642
210.812500 -105.358238
210.813462 -106.083954
210.814423 -111.924644
210.815385 -114.135803
210.816346 -113.503670
210.817308 -113.817482
210.818269 -116.601578
210.819231 -113.955605
210.820192 -112.325424
210.821154 -112.996857
210.822115 -116.935143
210.823077 -120.904930
210.824038 -114.035561
210.825000 -109.842842
210.825962 -105.955322
210.826923 -105.540451
210.827885 -105.826836
210.828846 -106.926689
210.829808 -111.464180
210.830769 -116.361229
210.831731 -121.777710
210.832692 -112.983467
210.833654 -110.901543
210.834615 -111.630127
210.835577 -119.553238
210.836538 -120.217773
210.837500 -120.102348
210.838462 -117.561188
210.839423 -113.316887
210.840385 -112.808540
210.841346 -112.638107
210.842308 -113.649017
210.843269 -116.225258
210.844231 -115.053322
210.845192 -112.595177
210.846154 -112.670410
210.847115 -115.255791
210.848077 -116.507156
210.849038 -113.371582
210.850000 -113.110573
210.850962 -118.883926
210.851923 -121.494621
210.852885 -120.127121
210.853846 -120.031494
210.854808 -120.261314
210.855769 -120.147095
210.856731 -113.289246
210.857692 -112.364693
210.858654 -113.965668
210.859615 -122.978889
210.860577 -114.900673
210.861538 -113.552864
210.862500 -114.500687
210.863462 -117.289047
210.864423 -115.202599
210.865385 -109.504471
210.866346 -109.328377
210.867308 -111.434258
210.868269 -113.929955
210.869231 -113.735954
210.870192 -115.130455
210.871154 -119.232811
210.872115 -115.385445
210.873077 -111.419052
210.874038 -109.413139
210.875000 -108.493378
210.875962 -108.997536
210.876923 -116.422180
210.877885 -115.256378
210.878846 -114.790085
210.879808 -115.529976
210.880769 -115.193130
210.881731 -111.732948
210.882692 -111.681404
210.883654 -114.074074
210.884615 -115.515160
210.885577 -115.173416
210.886538 -116.191483
210.887500 -127.005455
210.888462 -116.958435
210.889423 -111.417297
210.890385 -111.251640
210.891346 -112.044121
210.892308 -113.944893
210.893269 -111.436348
210.894231 -111.338631
210.895192 -115.215744
210.896154 -109.508057
210.897115 -108.668465
210.898077 -108.942650
210.899038 -110.800285
210.900000 -112.498726
210.900962 -115.214569
210.901923 -113.038361
210.902885 -111.784264
210.903846 -111.230751
210.904808 -112.161186
210.905769 -115.820786
210.906731 -116.341087
210.907692 -110.450287
210.908654 -110.033157
210.909615 -111.622742
210.910577 -113.915443
210.911538 -113.539047
210.912500 -115.562599
210.913462 -111.572823
210.914423 -111.377838
210.915385 -113.448692
210.916346 -115.465355
210.917308 -110.923607
210.918269 -110.067596
210.919231 -110.069550
210.920192 -113.950615
210.921154 -116.946045
210.922115 -113.588837
210.923077 -113.663834
210.924038 -111.553368
210.925000 -110.107796
210.925962 -110.188927
210.926923 -112.883392
210.927885 -119.973877
210.928846 -114.707939
210.929808 -112.104988
210.930769 -111.807350
210.931731 -112.846573
210.932692 -116.247086
210.933654 -112.350563
210.934615 -112.224953
210.935577 -112.825211
210.936538 -116.027702
210.937500 -112.421318
210.938462 -112.360237
210.939423 -116.131302
210.940385 -117.888199
210.941346 -118.372543
210.942308 -116.230980
210.943269 -116.130669
210.944231 -116.879982
210.945192 -113.670761
210.946154 -113.531914
210.947115 -111.787834
210.948077 -111.863960
210.949038 -117.913956
210.950000 -113.577164
210.950962 -113.220978
210.951923 -113.678200
210.952885 -113.638382
210.953846 -114.864349
210.954808 -116.585251
210.955769 -116.601334
210.956731 -120.118584
210.957692 -113.415894
210.958654 -112.014656
210.959615 -112.217896
210.960577 -113.825958
210.961538 -115.415573
210.962500 -114.555397
210.963462 -115.074188
210.964423 -119.029083
210.965385 -118.420288
210.966346 -117.049057
210.967308 -116.834229
210.968269 -118.268280
210.969231 -124.831268
210.970192 -122.565079
210.971154 -120.187416
210.972115 -120.052559
210.973077 -123.560890
210.974038 -116.901009
210.975000 -114.288277
210.975962 -114.237381
210.976923 -118.373962
210.977885 -121.267761
210.978846 -116.410263
210.979808 -113.296791
210.980769 -111.652023
210.981731 -111.837013
210.982692 -119.014969
210.983654 -119.994102
210.984615 -112.003326
210.985577 -111.076981
210.986538 -112.222847
210.987500 -109.105103
210.988462 -105.710648
210.989423 -105.680107
210.990385 -109.695953
210.991346 -119.003090
210.992308 -118.259468
210.993269 -117.367607
210.994231 -113.338470
210.995192 -112.907738
210.996154 -115.202873
210.997115 -123.788239
210.998077 -121.983215
210.999038 -116.398323
211.000000 -111.214622
211.000962 -109.409653
211.001923 -109.407288
211.002885 -111.362061
211.003846 -113.922440
211.004808 -115.401840
211.005769 -119.327370
211.006731 -126.098740
211.007692 -123.762169
211.008654 -122.934807
211.009615 -119.008652
211.010577 -117.932457
211.011538 -117.732803
211.012500 -118.951523
211.013462 -125.947838
211.014423 -117.856339
211.015385 -111.583626
211.016346 -111.223145
211.017308 -111.597977
211.018269 -112.595825
211.019231 -115.336105
211.020192 -117.119194
211.021154 -121.165421
211.022115 -114.612747
211.023077 -112.159378
211.024038 -112.408501
211.025000 -119.147141
211.025962 -127.164345
211.026923 -114.988007
211.027885 -109.181938
211.028846 -109.023674
211.029808 -112.057724
211.030769 -122.002457
211.031731 -122.257889
211.032692 -114.256981
211.033654 -113.258705
211.034615 -114.281197
211.035577 -115.326187
211.036538 -114.290672
211.037500 -116.394547
211.038462 -116.602226
211.039423 -116.172928
211.040385 -118.978676
211.041346 -116.379967
211.042308 -110.340622
211.043269 -107.404449
211.044231 -106.103622
211.045192 -106.125755
211.046154 -108.928444
211.047115 -114.696388
211.048077 -116.926804
211.049038 -115.826012
211.050000 -115.956131
211.050962 -115.796890
211.051923 -114.056702
211.052885 -114.100960
211.053846 -114.402000
211.054808 -112.677086
211.055769 -112.677582
211.056731 -112.325546
211.057692 -109.571228
211.058654 -109.922699
211.059615 -112.637085
211.060577 -112.533989
211.061538 -115.589668
211.062500 -118.011833
211.063462 -113.636787
211.064423 -111.920532
211.065385 -111.649216
211.066346 -112.428772
211.067308 -112.426598
211.068269 -112.386490
211.069231 -112.683449
211.070192 -111.715309
211.071154 -111.240570
211.072115 -111.733360
211.073077 -119.264854
211.074038 -115.807152
211.075000 -116.714798
211.075962 -115.349060
211.076923 -114.669891
211.077885 -116.017731
211.078846 -116.868111
211.079808 -116.497963
211.080769 -118.112144
211.081731 -114.920776
211.082692 -110.885887
211.083654 -110.764687
211.084615 -112.908119
211.085577 -115.812515
211.086538 -117.013321
211.087500 -116.721100
211.088462 -120.250755
211.089423 -117.876991
211.090385 -115.508461
211.091346 -114.193909
211.092308 -113.136452
211.093269 -111.908180
211.094231 -111.795837
211.095192 -113.503662
211.096154 -112.968925
211.097115 -112.743118
211.098077 -113.379410
211.099038 -115.824142
211.100000 -117.319450
211.100962 -120.449364
211.101923 -119.207764
211.102885 -115.835007
211.103846 -113.964897
211.104808 -113.842339
211.105769 -115.449570
211.106731 -118.837410
211.107692 -113.559418
211.108654 -113.511299
211.109615 -117.669861
211.110577 -113.795769
211.111538 -112.474976
211.112500 -112.379066
211.113462 -113.707855
211.114423 -116.157784
211.115385 -113.785835
211.116346 -113.391563
211.117308 -114.231155
211.118269 -114.977364
211.119231 -113.908379
211.120192 -114.899399
211.121154 -126.305489
211.122115 -120.301788
211.123077 -119.910591
211.124038 -124.143311
211.125000 -123.139671
211.125962 -116.912827
211.126923 -114.294312
211.127885 -111.685661
211.128846 -110.347458
211.129808 -110.176094
211.130769 -111.056984
211.131731 -113.835777
211.132692 -120.273048
211.133654 -115.976936
211.134615 -115.627266
211.135577 -119.758644
211.136538 -122.279175
211.137500 -118.393982
211.138462 -116.627335
211.139423 -116.766983
211.140385 -117.576752
211.141346 -119.102760
211.142308 -113.487343
211.143269 -110.432968
211.144231 -110.544380
211.145192 -113.510048
211.146154 -114.410629
211.147115 -113.807281
211.148077 -113.091187
211.149038 -113.163437
211.150000 -116.346802
211.150962 -120.761658
211.151923 -126.200470
211.152885 -116.545151
211.153846 -114.559265
211.154808 -113.461563
211.155769 -110.777199
211.156731 -110.752647
211.157692 -113.655037
211.158654 -115.908676
211.159615 -113.402138
211.160577 -113.779961
211.161538 -121.150635
211.162500 -119.863289
211.163462 -119.719452
211.164423 -119.772827
211.165385 -113.669548
211.166346 -113.502831
211.167308 -114.904312
211.168269 -120.527283
211.169231 -118.791542
211.170192 -121.503189
211.171154 -123.805962
211.172115 -118.264534
211.173077 -117.143303
211.174038 -117.565056
211.175000 -117.616478
211.175962 -116.129456
211.176923 -117.422424
211.177885 -112.462479
211.178846 -111.536064
211.179808 -112.908257
211.180769 -117.844307
211.181731 -116.373100
211.182692 -115.960594
211.183654 -116.469025
211.184615 -120.811630
211.185577 -119.515335
211.186538 -116.799095
211.187500 -116.016342
211.188462 -116.068642
211.189423 -117.799484
211.190385 -126.411537
211.191346 -120.483818
211.192308 -114.999451
211.193269 -111.398132
211.194231 -110.508904
211.195192 -110.532570
211.196154 -112.373672
211.197115 -117.246887
211.198077 -118.293388
211.199038 -123.446640
211.200000 -124.228828
211.200962 -123.825615
211.201923 -115.465042
211.202885 -114.697426
211.203846 -116.113205
211.204808 -114.833633
211.205769 -113.907417
211.206731 -114.701881
211.207692 -118.825455
211.208654 -117.788200
211.209615 -120.523201
211.210577 -125.360817
211.211538 -116.865089
211.212500 -112.128052
211.213462 -111.814751
211.214423 -112.758720
211.215385 -118.994713
211.216346 -123.029106
211.217308 -113.662636
211.218269 -112.947983
211.219231 -116.176590
211.220192 -108.669533
211.221154 -108.147346
211.222115 -109.376701
211.223077 -116.129250
211.224038 -110.755379
211.225000 -108.589027
211.225962 -108.084183
211.226923 -108.149292
211.227885 -109.446266
211.228846 -110.879128
211.229808 -115.082558
211.230769 -118.646233
211.231731 -120.093620
211.232692 -115.664856
211.233654 -115.543037
211.234615 -116.965889
211.235577 -125.732834
211.236538 -123.123398
211.237500 -115.826279
211.238462 -114.618805
211.239423 -115.564995
211.240385 -119.941902
211.241346 -122.374695
211.242308 -124.645103
211.243269 -123.245369
211.244231 -122.860527
211.245192 -112.949226
211.246154 -111.849442
211.247115 -112.611969
211.248077 -115.548820
211.249038 -112.995422
211.250000 -113.241997
211.250962 -117.442780
211.251923 -122.315872
211.252885 -121.865807
211.253846 -123.740738
211.254808 -126.032555
211.255769 -126.025818
211.256731 -116.138748
211.257692 -114.091805
211.258654 -114.072174
211.259615 -113.039429
211.260577 -111.444687
211.261538 -111.235222
211.262500 -111.520935
211.263462 -112.452103
211.264423 -114.338890
211.265385 -114.165001
211.266346 -115.970810
211.267308 -118.717278
211.268269 -116.919548
211.269231 -118.131416
211.270192 -123.306213
211.271154 -119.187859
211.272115 -115.444702
211.273077 -113.812271
211.274038 -112.790154
211.275000 -112.439941
211.275962 -112.607750
211.276923 -115.449715
211.277885 -124.661087
211.278846 -117.679115
211.279808 -114.098953
211.280769 -114.096901
211.281731 -116.448204
211.282692 -119.599434
211.283654 -119.375481
211.284615 -119.507813
211.285577 -117.260330
211.286538 -112.950752
211.287500 -111.936577
211.288462 -112.079140
211.289423 -113.480675
211.290385 -113.547295
211.291346 -115.588539
211.292308 -115.983757
211.293269 -113.257378
211.294231 -112.553192
211.295192 -113.225449
211.296154 -115.311279
211.297115 -116.782761
211.298077 -117.870621
211.299038 -113.200546
211.300000 -112.233185
211.300962 -113.618767
211.301923 -116.995750
211.302885 -116.072220
211.303846 -114.548431
211.304808 -112.746140
211.305769 -112.817276
211.306731 -115.394669
211.307692 -122.692261
211.308654 -115.479126
211.309615 -115.291756
211.310577 -113.967369
211.311538 -111.734314
211.312500 -111.731110
211.313462 -115.186401
211.314423 -122.018349
211.315385 -122.364861
211.316346 -123.440460
211.317308 -121.374710
211.318269 -122.116066
211.319231 -118.592422
211.320192 -112.985245
211.321154 -111.072235
211.322115 -111.475639
211.323077 -118.397858
211.324038 -113.213799
211.325000 -112.816742
211.325962 -112.153557
211.326923 -112.162315
211.327885 -113.597092
211.328846 -112.331123
211.329808 -111.246185
211.330769 -111.315849
211.331731 -113.177887
211.332692 -112.819931
211.333654 -109.461708
211.334615 -109.855637
211.335577 -110.921265
211.336538 -110.483826
211.337500 -112.650391
211.338462 -113.238510
211.339423 -112.721031
211.340385 -115.412552
211.341346 -111.178162
211.342308 -111.028427
211.343269 -117.879097
211.344231 -124.426155
211.345192 -126.126877
211.346154 -121.278740
211.347115 -115.195877
211.348077 -114.972130
211.349038 -110.440086
211.350000 -108.398148
211.350962 -108.405426
211.351923 -110.325569
211.352885 -116.767982
211.353846 -121.322350
211.354808 -120.860794
211.355769 -115.943123
211.356731 -115.351479
211.357692 -115.564705
211.358654 -118.553711
211.359615 -119.701439
211.360577 -122.382431
211.361538 -121.586136
211.362500 -118.201668
211.363462 -118.254402
211.364423 -125.447571
211.365385 -116.901970
211.366346 -116.670036
211.367308 -120.656471
211.368269 -125.240318
211.369231 -122.916000
211.370192 -119.828461
211.371154 -116.315735
211.372115 -116.255592
211.373077 -114.942215
211.374038 -110.158569
211.375000 -109.747711
211.375962 -110.224930
211.376923 -113.294479
211.377885 -111.101601
211.378846 -111.143517
211.379808 -114.604874
211.380769 -116.328758
211.381731 -116.322952
211.382692 -114.728127
211.383654 -113.812073
211.384615 -114.815567
211.385577 -117.755554
211.386538 -118.046494
211.387500 -116.660378
211.388462 -115.443565
211.389423 -117.908691
211.390385 -114.982437
211.391346 -114.791496
211.392308 -117.602295
211.393269 -127.962471
211.394231 -117.842293
211.395192 -117.544571
211.396154 -118.210304
211.397115 -117.862823
211.398077 -118.497292
211.399038 -118.448463
211.400000 -121.708084
211.400962 -115.791267
211.401923 -115.443398
211.402885 -116.654259
211.403846 -116.610641
211.404808 -118.177528
211.405769 -116.533035
211.406731 -118.880325
211.407692 -117.117348
211.408654 -116.877258
211.409615 -116.382370
211.410577 -115.402946
211.411538 -113.881905
211.412500 -113.852226
211.413462 -116.323532
211.414423 -112.538902
211.415385 -110.373428
211.416346 -110.505043
211.417308 -113.622162
211.418269 -115.674873
211.419231 -123.414566
211.420192 -120.287125
211.421154 -119.685699
211.422115 -119.451691
211.423077 -116.615120
211.424038 -116.416992
211.425000 -119.430046
211.425962 -122.189781
211.426923 -125.613838
211.427885 -123.563225
211.428846 -120.156517
211.429808 -115.084755
211.430769 -113.700409
211.431731 -114.715332
211.432692 -121.060936
211.433654 -118.652473
211.434615 -117.913635
211.435577 -117.825356
211.436538 -119.329506
211.437500 -124.447235
211.438462 -118.833603
211.439423 -116.896294
211.440385 -114.039413
211.441346 -113.646049
211.442308 -115.160698
211.443269 -118.889442
211.444231 -112.455780
211.445192 -111.514122
211.446154 -111.827606
211.447115 -115.507912
211.448077 -113.972374
211.449038 -112.487488
211.450000 -113.715492
211.450962 -118.121658
211.451923 -122.380867
211.452885 -119.442474
211.453846 -114.353287
211.454808 -114.197609
211.455769 -115.130318
211.456731 -118.082336
211.457692 -120.538834
211.458654 -116.849304
211.459615 -116.545891
211.460577 -119.665047
211.461538 -119.895248
211.462500 -118.546112
211.463462 -117.576614
211.464423 -121.455086
211.465385 -116.089424
211.466346 -114.628868
211.467308 -114.454849
211.468269 -114.619629
211.469231 -112.809235
211.470192 -112.577583
211.471154 -113.046150
211.472115 -114.782097
211.473077 -114.170525
211.474038 -115.226768
211.475000 -120.976349
211.475962 -120.408173
211.476923 -123.182060
211.477885 -120.872643
211.478846 -118.310562
211.479808 -116.713646
211.480769 -115.323830
211.481731 -115.891327
211.482692 -118.176979
211.483654 -118.213043
211.484615 -120.000320
211.485577 -116.916550
211.486538 -117.358322
211.487500 -117.728790
211.488462 -116.908340
211.489423 -116.608543
211.490385 -117.736473
211.491346 -124.063652
211.492308 -126.411545
211.493269 -116.807487
211.494231 -116.127029
211.495192 -117.469124
211.496154 -114.735275
211.497115 -114.679054
211.498077 -118.793793
211.499038 -130.100174
211.500000 -118.643410
211.500962 -117.020882
211.501923 -117.419937
211.502885 -120.749825
211.503846 -120.505463
211.504808 -117.972771
211.505769 -114.602440
211.506731 -113.324104
211.507692 -113.272858
211.508654 -114.633331
211.509615 -115.758652
211.510577 -114.717934
211.511538 -115.525803
211.512500 -114.829788
211.513462 -111.445282
211.514423 -111.445305
211.515385 -114.602364
211.516346 -119.173653
211.517308 -118.745949
211.518269 -118.410789
211.519231 -119.469139
211.520192 -116.653122
211.521154 -116.564445
211.522115 -118.407410
211.523077 -123.633835
211.524038 -120.231262
211.525000 -119.262444
211.525962 -119.620010
211.526923 -118.613693
211.527885 -109.372437
211.528846 -107.746918
211.529808 -108.052711
211.530769 -112.319092
211.531731 -119.940628
211.532692 -118.126060
211.533654 -113.137878
211.534615 -112.591278
211.535577 -113.580338
211.536538 -115.596962
211.537500 -119.668404
211.538462 -119.404930
211.539423 -113.759811
211.540385 -113.938606
211.541346 -123.313438
211.542308 -119.420547
211.543269 -116.492577
211.544231 -116.205055
211.545192 -117.969116
211.546154 -119.619652
211.547115 -116.403725
211.548077 -113.164528
211.549038 -113.185913
211.550000 -117.904854
211.550962 -115.384315
211.551923 -111.188194
211.552885 -109.561920
211.553846 -108.854599
211.554808 -109.161278
211.555769 -110.164688
211.556731 -110.627411
211.557692 -116.164284
211.558654 -116.108574
211.559615 -117.763664
211.560577 -122.588875
211.561538 -119.799118
211.562500 -119.865242
211.563462 -125.870003
211.564423 -115.456749
211.565385 -111.086540
211.566346 -110.699562
211.567308 -111.481644
211.568269 -117.589783
211.569231 -115.531097
211.570192 -114.885437
211.571154 -116.562538
211.572115 -119.632675
211.573077 -118.807289
211.574038 -115.954636
211.575000 -115.371307
211.575962 -115.662918
211.576923 -116.275368
211.577885 -120.146378
211.578846 -113.853302
211.579808 -111.766121
211.580769 -112.082321
211.581731 -118.814026
211.582692 -117.823753
211.583654 -115.937225
211.584615 -115.451767
211.585577 -115.610947
211.586538 -114.719940
211.587500 -113.075043
211.588462 -113.150024
211.589423 -113.899620
211.590385 -112.977760
211.591346 -113.492073
211.592308 -119.746880
211.593269 -116.197929
211.594231 -114.705116
211.595192 -112.096199
211.596154 -110.902557
211.597115 -111.005463
211.598077 -114.601227
211.599038 -116.329124
211.600000 -118.790833
211.600962 -116.772064
211.601923 -116.927078
211.602885 -121.032272
211.603846 -121.317368
211.604808 -116.136650
211.605769 -113.997261
211.606731 -113.995529
211.607692 -118.198280
211.608654 -123.410942
211.609615 -119.421715
211.610577 -119.178490
211.611538 -120.765213
211.612500 -123.220764
211.613462 -116.504700
211.614423 -116.369919
211.615385 -119.724243
211.616346 -117.712280
211.617308 -116.300217
211.618269 -116.813759
211.619231 -115.345406
211.620192 -112.952782
211.621154 -112.541306
211.622115 -113.120155
211.623077 -117.077431
211.624038 -120.236237
211.625000 -115.418686
211.625962 -115.016457
211.626923 -115.584923
211.627885 -110.566719
211.628846 -110.460754
211.629808 -113.919487
211.630769 -123.794266
211.631731 -130.644516
211.632692 -122.548851
211.633654 -118.600754
211.634615 -115.200111
211.635577 -115.297783
211.636538 -120.897789
211.637500 -114.179398
211.638462 -112.010437
211.639423 -111.823753
211.640385 -111.904343
211.641346 -113.071877
211.642308 -114.430641
211.643269 -117.446175
211.644231 -113.635445
211.645192 -113.610229
211.646154 -115.911591
211.647115 -114.800453
211.648077 -115.115021
211.649038 -120.166451
211.650000 -123.988388
211.650962 -124.237488
211.651923 -124.262299
211.652885 -122.498100
211.653846 -123.840675
211.654808 -130.385101
211.655769 -119.231308
211.656731 -117.282051
211.657692 -115.722672
211.658654 -115.372131
211.659615 -117.094368
211.660577 -115.780380
211.661538 -114.274689
211.662500 -112.075127
211.663462 -110.096283
211.664423 -110.060059
211.665385 -111.844887
211.666346 -119.567734
211.667308 -116.357849
211.668269 -112.378883
211.669231 -111.613319
211.670192 -112.215019
211.671154 -119.179497
211.672115 -115.349976
211.673077 -114.033707
211.674038 -114.863106
211.675000 -121.556259
211.675962 -116.483360
211.676923 -116.010910
211.677885 -120.242043
211.678846 -114.549538
211.679808 -111.569695
211.680769 -111.497398
211.681731 -112.641212
211.682692 -112.457909
211.683654 -111.072762
211.684615 -111.515511
211.685577 -117.880394
211.686538 -122.653641
211.687500 -123.008133
211.688462 -122.143501
211.689423 -124.567375
211.690385 -123.083099
211.691346 -121.718971
211.692308 -116.992996
211.693269 -116.663116
211.694231 -117.935486
211.695192 -115.612221
211.696154 -114.481728
211.697115 -113.197258
211.698077 -111.053925
211.699038 -110.971512
211.700000 -112.958122
211.700962 -118.331688
211.701923 -115.337006
211.702885 -116.375847
211.703846 -119.271515
211.704808 -119.260674
211.705769 -121.039169
211.706731 -120.451302
211.707692 -117.957985
211.708654 -114.948372
211.709615 -115.847664
211.710577 -115.014931
211.711538 -114.364822
211.712500 -115.567581
211.713462 -120.207123
211.714423 -117.562317
211.715385 -117.412338
211.716346 -113.253380
211.717308 -111.785408
211.718269 -113.078773
211.719231 -117.950974
211.720192 -112.244637
211.721154 -110.926605
211.722115 -110.946190
211.723077 -113.093170
211.724038 -111.481125
211.725000 -110.491035
211.725962 -111.202362
211.726923 -115.334930
211.727885 -114.825600
211.728846 -112.685982
211.729808 -112.595390
211.730769 -114.991920
211.731731 -113.386345
211.732692 -113.372299
211.733654 -115.554115
211.734615 -116.259819
211.735577 -117.731171
211.736538 -122.246483
211.737500 -122.154533
211.738462 -117.417152
211.739423 -114.771591
211.740385 -114.788811
211.741346 -116.119514
211.742308 -115.423134
211.743269 -116.303207
211.744231 -118.862503
211.745192 -120.272079
211.746154 -115.609825
211.747115 -115.307304
211.748077 -115.690758
211.749038 -117.630852
211.750000 -118.929855
211.750962 -119.471771
211.751923 -119.060570
211.752885 -125.084183
211.753846 -126.878021
211.754808 -126.133842
211.755769 -121.090012
211.756731 -118.933647
211.757692 -119.479691
211.758654 -117.706100
211.759615 -115.082466
211.760577 -114.377174
211.761538 -114.973259
211.762500 -115.638611
211.763462 -115.207726
211.764423 -116.268402
211.765385 -116.077637
211.766346 -115.981918
211.767308 -118.060364
211.768269 -114.312752
211.769231 -111.070465
211.770192 -111.066582
211.771154 -113.416725
211.772115 -119.086258
211.773077 -115.221756
211.774038 -113.457642
211.775000 -113.599388
211.775962 -117.491249
211.776923 -116.577263
211.777885 -116.073296
211.778846 -119.908005
211.779808 -116.027382
211.780769 -115.269142
211.781731 -116.497253
211.782692 -120.067497
211.783654 -123.022064
211.784615 -117.321770
211.785577 -115.801575
211.786538 -115.669250
211.787500 -115.638809
211.788462 -116.097351
211.789423 -120.304024
211.790385 -114.528709
211.791346 -113.717903
211.792308 -114.865631
211.793269 -112.140198
211.794231 -110.761490
211.795192 -111.416382
211.796154 -113.424889
211.797115 -115.407707
211.798077 -119.312675
211.799038 -118.533417
211.800000 -118.302902
211.800962 -116.557739
211.801923 -116.157043
211.802885 -116.635033
211.803846 -121.632896
211.804808 -116.492592
211.805769 -116.300934
211.806731 -117.941193
211.807692 -125.412346
211.808654 -122.296852
211.809615 -113.653938
211.810577 -112.522652
211.811538 -113.157219
211.812500 -117.093819
211.813462 -124.421143
211.814423 -120.021889
211.815385 -118.160149
211.816346 -117.860077
211.817308 -118.490158
211.818269 -114.811996
211.819231 -114.693779
211.820192 -117.536583
211.821154 -112.906418
211.822115 -112.744919
211.823077 -114.491287
211.824038 -116.435257
211.825000 -112.446739
211.825962 -112.404411
211.826923 -115.594200
211.827885 -120.122536
211.828846 -119.544731
211.829808 -121.793114
211.830769 -116.556610
211.831731 -113.090034
211.832692 -112.630806
211.833654 -112.851494
211.834615 -116.351784
211.835577 -114.570389
211.836538 -114.479179
211.837500 -117.020187
211.838462 -121.512970
211.839423 -122.162811
211.840385 -117.835770
211.841346 -116.664612
211.842308 -117.287025
211.843269 -118.305710
211.844231 -115.287445
211.845192 -115.320953
211.846154 -114.033501
211.847115 -112.188629
211.848077 -113.227425
211.849038 -114.545387
211.850000 -114.523315
211.850962 -116.812263
211.851923 -119.652054
211.852885 -118.505180
211.853846 -118.437851
211.854808 -117.964554
211.855769 -113.000763
211.856731 -112.681763
211.857692 -114.530258
211.858654 -124.716705
211.859615 -123.861847
211.860577 -117.499748
211.861538 -115.478424
211.862500 -115.894691
211.863462 -120.282646
211.864423 -116.113052
211.865385 -116.537796
211.866346 -121.794136
211.867308 -122.172386
211.868269 -115.349747
211.869231 -115.162415
211.870192 -119.137672
211.871154 -116.436470
211.872115 -114.851669
211.873077 -115.898422
211.874038 -112.194733
211.875000 -110.710121
211.875962 -111.065964
211.876923 -113.363274
211.877885 -113.467781
211.878846 -112.023460
211.879808 -110.851479
211.880769 -112.599281
211.881731 -118.722183
211.882692 -118.461990
211.883654 -120.580063
211.884615 -124.399277
211.885577 -123.801720
211.886538 -127.322449
211.887500 -121.075829
211.888462 -121.160225
211.889423 -112.540405
211.890385 -111.750374
211.891346 -112.621208
211.892308 -117.047020
211.893269 -114.589775
211.894231 -113.709694
211.895192 -114.433243
211.896154 -115.093643
211.897115 -112.349876
211.898077 -111.093491
211.899038 -111.274651
211.900000 -116.090149
211.900962 -123.939850
211.901923 -116.368973
211.902885 -113.571808
211.903846 -111.717415
211.904808 -111.915962
211.905769 -113.527748
211.906731 -113.822876
211.907692 -113.590797
211.908654 -114.482224
211.909615 -113.620964
211.910577 -113.793243
211.911538 -118.089500
211.912500 -117.877945
211.913462 -116.566422
211.914423 -115.852928
211.915385 -117.307465
211.916346 -113.298630
211.917308 -113.212616
211.918269 -113.204277
211.919231 -114.494110
211.920192 -117.699608
211.921154 -113.376999
211.922115 -112.938637
211.923077 -113.908127
211.924038 -114.735825
211.925000 -118.386024
211.925962 -117.495033
211.926923 -117.136246
211.927885 -115.418259
211.928846 -115.225548
211.929808 -116.157181
211.930769 -114.808601
211.931731 -113.887054
211.932692 -114.036217
211.933654 -115.937019
211.934615 -117.321037
211.935577 -120.183655
211.936538 -113.892609
211.937500 -113.534874
211.938462 -115.530388
211.939423 -120.546021
211.940385 -113.633209
211.941346 -113.577309
211.942308 -118.473213
211.943269 -123.310333
211.944231 -120.671860
211.945192 -112.964096
211.946154 -108.554802
211.947115 -108.524353
211.948077 -112.325554
211.949038 -119.394524
211.950000 -119.188652
211.950962 -123.162865
211.951923 -114.523232
211.952885 -110.886292
211.953846 -110.865257
211.954808 -112.219505
211.955769 -115.408760
211.956731 -114.703072
211.957692 -114.975769
211.958654 -123.161125
211.959615 -115.724380
211.960577 -115.321373
211.961538 -118.148987
211.962500 -121.205353
211.963462 -118.484962
211.964423 -118.339684
211.965385 -121.147667
211.966346 -118.533325
211.967308 -115.489166
211.968269 -115.632477
211.969231 -121.326111
211.970192 -118.930550
211.971154 -118.120468
211.972115 -118.338936
211.973077 -115.748009
211.974038 -112.682442
211.975000 -112.682709
211.975962 -113.850006
211.976923 -117.683990
211.977885 -116.642609
211.978846 -111.768509
211.979808 -111.697861
211.980769 -111.085037
211.981731 -109.377800
211.982692 -109.238045
211.983654 -109.362434
211.984615 -110.697380
211.985577 -115.775520
211.986538 -115.331696
211.987500 -116.109344
211.988462 -118.428986
211.989423 -117.491013
211.990385 -111.285751
211.991346 -111.180656
211.992308 -113.734283
211.993269 -111.518929
211.994231 -111.249863
211.995192 -111.184196
211.996154 -110.857475
211.997115 -111.401428
211.998077 -115.176643
211.999038 -118.639229
212.000000 -120.514992
212.000962 -117.421631
212.001923 -117.411476
212.002885 -123.541687
212.003846 -125.603104
212.004808 -124.125305
212.005769 -125.859703
212.006731 -125.992981
212.007692 -121.305115
212.008654 -121.120186
212.009615 -122.698975
212.010577 -114.436028
212.011538 -113.618767
212.012500 -115.654434
212.013462 -118.377235
212.014423 -117.742020
212.015385 -116.601883
212.016346 -115.936089
212.017308 -116.551178
212.018269 -118.242691
212.019231 -117.925232
212.020192 -115.943352
212.021154 -115.625542
212.022115 -116.152786
212.023077 -118.839859
212.024038 -122.164299
212.025000 -117.466927
212.025962 -115.703545
212.026923 -115.707161
212.027885 -117.980095
212.028846 -121.730415
212.029808 -119.880135
212.030769 -119.880592
212.031731 -120.647736
212.032692 -127.615791
212.033654 -125.690704
212.034615 -122.454094
212.035577 -123.793770
212.036538 -120.819290
212.037500 -120.814919
212.038462 -121.285912
212.039423 -116.652382
212.040385 -110.625755
212.041346 -109.076958
212.042308 -109.102249
212.043269 -111.334122
212.044231 -115.148766
212.045192 -116.944176
212.046154 -120.256058
212.047115 -117.223793
212.048077 -116.025223
212.049038 -114.586784
212.050000 -114.337418
212.050962 -118.056282
212.051923 -114.313148
212.052885 -112.107994
212.053846 -112.128876
212.054808 -115.102089
212.055769 -113.954407
212.056731 -112.433067
212.057692 -112.186531
212.058654 -112.880203
212.059615 -114.794479
212.060577 -113.458534
212.061538 -113.645035
212.062500 -114.162636
212.063462 -115.302544
212.064423 -116.030655
212.065385 -115.393417
212.066346 -113.253052
212.067308 -112.890434
212.068269 -118.673973
212.069231 -116.283562
212.070192 -114.299355
212.071154 -114.241753
212.072115 -115.789764
212.073077 -113.858337
212.074038 -112.583527
212.075000 -113.236809
212.075962 -119.218071
212.076923 -118.832588
212.077885 -119.580559
212.078846 -114.676880
212.079808 -114.162064
212.080769 -114.642052
212.081731 -111.803459
212.082692 -111.367233
212.083654 -111.802589
212.084615 -113.471252
212.085577 -117.411446
212.086538 -119.780624
212.087500 -113.603142
212.088462 -112.758736
212.089423 -113.101669
212.090385 -114.336906
212.091346 -117.501999
212.092308 -115.762573
212.093269 -114.488457
212.094231 -114.880966
212.095192 -119.108734
212.096154 -117.458374
212.097115 -115.390495
212.098077 -114.719513
212.099038 -118.236191
212.100000 -120.437897
212.100962 -122.983772
212.101923 -116.145874
212.102885 -114.744576
212.103846 -114.564087
212.104808 -114.178970
212.105769 -114.766121
212.106731 -117.642487
212.107692 -113.596741
212.108654 -113.081177
212.109615 -113.984093
212.110577 -118.600266
212.111538 -117.416374
212.112500 -117.197701
212.113462 -121.462585
212.114423 -115.353905
212.115385 -115.164528
212.116346 -120.101585
212.117308 -117.788223
212.118269 -118.289978
212.119231 -122.779984
212.120192 -118.465767
212.121154 -116.302040
212.122115 -114.203789
212.123077 -114.109947
212.124038 -121.651085
212.125000 -118.645363
212.125962 -116.309196
212.126923 -114.378036
212.127885 -110.175804
212.128846 -109.377220
212.129808 -110.122490
212.130769 -116.986198
212.131731 -114.596840
212.132692 -114.412193
212.133654 -111.028732
212.134615 -110.963203
212.135577 -113.748711
212.136538 -115.081383
212.137500 -114.739388
212.138462 -117.687012
212.139423 -120.489388
212.140385 -115.376144
212.141346 -115.151810
212.142308 -117.058647
212.143269 -123.522423
212.144231 -116.720238
212.145192 -116.687462
212.146154 -113.697166
212.147115 -113.599228
212.148077 -116.148254
212.149038 -124.986710
212.150000 -129.452774
212.150962 -130.113815
212.151923 -129.807205
212.152885 -125.304794
212.153846 -124.831123
212.154808 -125.521515
212.155769 -122.435867
212.156731 -118.446625
212.157692 -118.561951
212.158654 -116.714066
212.159615 -115.714302
212.160577 -116.810135
212.161538 -117.708740
212.162500 -114.827423
212.163462 -114.174606
212.164423 -114.134026
212.165385 -117.347107
212.166346 -118.800148
212.167308 -118.296196
212.168269 -115.188385
212.169231 -112.297905
212.170192 -111.508698
212.171154 -111.836685
212.172115 -117.084808
212.173077 -118.112984
212.174038 -115.089607
212.175000 -114.778793
212.175962 -114.821678
212.176923 -117.252625
212.177885 -126.963623
212.178846 -120.336395
212.179808 -118.380951
212.180769 -118.529999
212.181731 -116.342766
212.182692 -113.606911
212.183654 -113.781494
212.184615 -124.710670
212.185577 -124.580894
212.186538 -124.177338
212.187500 -116.993668
212.188462 -116.067085
212.189423 -115.969360
212.190385 -118.368324
212.191346 -119.747520
212.192308 -115.258774
212.193269 -115.300133
212.194231 -116.811844
212.195192 -114.360352
212.196154 -115.618401
212.197115 -124.421501
212.198077 -126.314430
212.199038 -119.148766
212.200000 -112.733147
212.200962 -112.534615
212.201923 -114.393402
212.202885 -117.337357
212.203846 -117.590614
212.204808 -116.324646
212.205769 -112.922836
212.206731 -112.432373
212.207692 -113.017365
212.208654 -117.252899
212.209615 -115.700874
212.210577 -118.090889
212.211538 -115.630173
212.212500 -115.822037
212.213462 -114.244865
212.214423 -113.136856
212.215385 -113.323265
212.216346 -116.551178
212.217308 -116.276741
212.218269 -114.600784
212.219231 -115.289909
212.220192 -114.812210
212.221154 -114.783745
212.222115 -116.066879
212.223077 -113.491035
212.224038 -113.506638
212.225000 -115.681236
212.225962 -116.780373
212.226923 -114.472771
212.227885 -114.467842
212.228846 -116.118073
212.229808 -120.404549
212.230769 -125.712204
212.231731 -126.074554
212.232692 -120.302681
212.233654 -117.784584
212.234615 -117.772781
212.235577 -119.793663
212.236538 -121.229767
212.237500 -121.011421
212.238462 -116.607643
212.239423 -115.794312
212.240385 -116.461578
212.241346 -116.287033
212.242308 -119.034843
212.243269 -117.798843
212.244231 -117.787369
212.245192 -124.380714
212.246154 -124.686539
212.247115 -113.255402
212.248077 -112.015511
212.249038 -113.184738
212.250000 -119.571548
212.250962 -119.209770
212.251923 -116.279846
212.252885 -114.328804
212.253846 -114.253952
212.254808 -115.279900
212.255769 -118.107956
212.256731 -119.795364
212.257692 -118.911377
212.258654 -118.725044
212.259615 -118.986580
212.260577 -117.630585
212.261538 -113.113632
212.262500 -113.220665
212.263462 -121.763596
212.264423 -126.541496
212.265385 -120.953712
212.266346 -116.184853
212.267308 -116.174278
212.268269 -115.561050
212.269231 -115.359245
212.270192 -119.169891
212.271154 -120.071671
212.272115 -116.385178
212.273077 -117.603645
212.274038 -120.425400
212.275000 -122.385689
212.275962 -121.899857
212.276923 -123.569305
212.277885 -122.096931
212.278846 -119.171814
212.279808 -119.150101
212.280769 -124.008507
212.281731 -115.791489
212.282692 -113.770309
212.283654 -114.101418
212.284615 -118.648895
212.285577 -117.799217
212.286538 -117.329300
212.287500 -118.389374
212.288462 -123.749474
212.289423 -121.624672
212.290385 -116.602638
212.291346 -112.345047
212.292308 -112.313324
212.293269 -113.223862
212.294231 -112.723457
212.295192 -112.231186
212.296154 -112.673180
212.297115 -115.405403
212.298077 -113.489182
212.299038 -112.907463
212.300000 -115.414589
212.300962 -123.163147
212.301923 -114.901596
212.302885 -114.632263
212.303846 -119.427391
212.304808 -118.114220
212.305769 -120.477013
212.306731 -122.333099
212.307692 -116.142723
212.308654 -112.773056
212.309615 -112.704376
212.310577 -113.496788
212.311538 -114.940392
212.312500 -120.496040
212.313462 -123.616890
212.314423 -122.130821
212.315385 -122.533615
212.316346 -120.126518
212.317308 -114.156975
212.318269 -114.184357
212.319231 -117.456161
212.320192 -111.134048
212.321154 -110.703384
212.322115 -111.668144
212.323077 -115.353180
212.324038 -116.926933
212.325000 -116.007492
212.325962 -117.492531
212.326923 -125.277176
212.327885 -122.101425
212.328846 -119.642433
212.329808 -119.770226
212.330769 -113.954773
212.331731 -112.820129
212.332692 -113.380646
212.333654 -116.842499
212.334615 -119.794228
212.335577 -117.745598
212.336538 -114.174110
212.337500 -113.605843
212.338462 -114.716148
212.339423 -124.569237
212.340385 -121.901665
212.341346 -116.789772
212.342308 -116.786720
212.343269 -117.960640
212.344231 -118.921112
212.345192 -119.219276
212.346154 -119.065056
212.347115 -121.848442
212.348077 -119.913887
212.349038 -119.201805
212.350000 -118.391724
212.350962 -113.398636
212.351923 -113.049736
212.352885 -114.916534
212.353846 -121.078552
212.354808 -119.235229
212.355769 -114.448387
212.356731 -111.078598
212.357692 -111.052536
212.358654 -112.589142
212.359615 -113.043808
212.360577 -115.224884
212.361538 -114.658318
212.362500 -114.566254
212.363462 -117.924446
212.364423 -120.291512
212.365385 -114.089355
212.366346 -112.777832
212.367308 -113.917450
212.368269 -119.097580
212.369231 -118.821503
212.370192 -122.969505
212.371154 -114.756584
212.372115 -113.093674
212.373077 -113.709229
212.374038 -114.264389
212.375000 -114.552856
212.375962 -118.434792
212.376923 -121.553101
212.377885 -121.043327
212.378846 -122.952744
212.379808 -118.359375
212.380769 -118.227814
212.381731 -124.593262
212.382692 -118.815765
212.383654 -117.041428
212.384615 -117.359756
212.385577 -113.487122
212.386538 -112.504402
212.387500 -112.991409
212.388462 -113.844154
212.389423 -113.673820
212.390385 -115.003120
212.391346 -112.914223
212.392308 -112.814034
212.393269 -114.284981
212.394231 -119.663925
212.395192 -126.826813
212.396154 -114.808334
212.397115 -111.462448
212.398077 -111.192612
212.399038 -115.980362
212.400000 -118.229515
212.400962 -118.199738
212.401923 -119.459114
212.402885 -120.034401
212.403846 -116.850288
212.404808 -115.371658
212.405769 -114.432831
212.406731 -114.429489
212.407692 -117.083199
212.408654 -120.256027
212.409615 -119.824203
212.410577 -120.836067
212.411538 -123.024704
212.412500 -114.845634
212.413462 -113.548599
212.414423 -115.492790
212.415385 -115.716896
212.416346 -115.835533
212.417308 -119.100197
212.418269 -112.373772
212.419231 -110.730003
212.420192 -109.832443
212.421154 -110.044266
212.422115 -116.185455
212.423077 -122.179169
212.424038 -123.329155
212.425000 -112.594307
212.425962 -108.050163
212.426923 -107.654861
212.427885 -109.024719
212.428846 -115.302765
212.429808 -112.484238
212.430769 -111.431641
212.431731 -111.398621
212.432692 -110.254181
212.433654 -109.212837
212.434615 -109.407066
212.435577 -111.974258
212.436538 -116.372581
212.437500 -115.422920
212.438462 -114.555641
212.439423 -113.169403
212.440385 -113.135300
212.441346 -110.836586
212.442308 -110.543381
212.443269 -112.179619
212.444231 -116.785187
212.445192 -117.191391
212.446154 -116.557381
212.447115 -115.783607
212.448077 -116.511818
212.449038 -117.673645
212.450000 -117.678253
212.450962 -119.054329
212.451923 -119.885170
212.452885 -117.901428
212.453846 -118.104088
212.454808 -116.956009
212.455769 -110.740440
212.456731 -110.305092
212.457692 -112.406281
212.458654 -116.061661
212.459615 -118.045250
212.460577 -119.797188
212.461538 -117.376869
212.462500 -114.451096
212.463462 -111.705734
212.464423 -111.630890
212.465385 -114.872253
212.466346 -116.874413
212.467308 -121.228485
212.468269 -120.687454
212.469231 -122.470520
212.470192 -116.631447
212.471154 -116.100067
212.472115 -115.101906
212.473077 -114.989220
212.474038 -119.079865
212.475000 -118.356750
212.475962 -118.356697
212.476923 -114.806091
212.477885 -114.023293
212.478846 -115.078461
212.479808 -115.550339
212.480769 -115.351654
212.481731 -117.217049
212.482692 -125.605667
212.483654 -119.480255
212.484615 -116.097610
212.485577 -115.945274
212.486538 -118.105347
212.487500 -117.355919
212.488462 -117.730667
212.489423 -119.369331
212.490385 -117.617363
212.491346 -116.467339
212.492308 -117.239822
212.493269 -124.170403
212.494231 -120.104454
212.495192 -119.055397
212.496154 -115.804779
212.497115 -114.366211
212.498077 -114.336502
212.499038 -112.329643
212.500000 -110.345215
212.500962 -110.211517
212.501923 -111.558632
212.502885 -118.720749
212.503846 -115.453247
212.504808 -111.996407
212.505769 -111.888695
212.506731 -114.458847
212.507692 -116.370399
212.508654 -119.773125
212.509615 -121.796738
212.510577 -124.387650
212.511538 -118.160248
212.512500 -117.672211
212.513462 -116.674919
212.514423 -116.664886
212.515385 -119.029106
212.516346 -114.086540
212.517308 -111.772240
212.518269 -110.086868
212.519231 -109.041458
212.520192 -109.727745
212.521154 -112.842316
212.522115 -115.287086
212.523077 -111.020599
212.524038 -110.933495
212.525000 -110.920822
212.525962 -111.675362
212.526923 -116.237305
212.527885 -119.057365
212.528846 -112.325493
212.529808 -110.674377
212.530769 -111.175217
212.531731 -116.489616
212.532692 -115.720329
212.533654 -114.818619
212.534615 -114.551331
212.535577 -115.584679
212.536538 -116.989120
212.537500 -117.895996
212.538462 -116.521683
212.539423 -116.128265
212.540385 -117.943428
212.541346 -115.681351
212.542308 -113.575813
212.543269 -113.577286
212.544231 -115.243248
212.545192 -121.338829
212.546154 -121.334015
212.547115 -119.306183
212.548077 -118.915321
212.549038 -121.642097
212.550000 -118.795235
212.550962 -120.133873
212.551923 -126.330643
212.552885 -124.676796
212.553846 -115.196144
212.554808 -112.956093
212.555769 -112.928719
212.556731 -114.521980
212.557692 -118.285759
212.558654 -118.457596
212.559615 -118.859688
212.560577 -116.196251
212.561538 -116.055962
212.562500 -118.607933
212.563462 -124.308678
212.564423 -119.623695
212.565385 -118.599762
212.566346 -118.462341
212.567308 -118.455635
212.568269 -118.549805
212.569231 -115.967827
212.570192 -112.176735
212.571154 -111.799095
212.572115 -112.558830
212.573077 -112.467667
212.574038 -112.468628
212.575000 -111.338737
212.575962 -111.285378
212.576923 -113.557373
212.577885 -116.213524
212.578846 -115.041870
212.579808 -115.840736
212.580769 -120.639771
212.581731 -115.349182
212.582692 -112.556900
212.583654 -112.200714
212.584615 -115.136826
212.585577 -118.567833
212.586538 -117.741402
212.587500 -114.040695
212.588462 -112.993462
212.589423 -113.290169
212.590385 -113.570923
212.591346 -116.227806
212.592308 -120.069489
212.593269 -120.399521
212.594231 -119.066833
212.595192 -116.535599
212.596154 -115.127197
212.597115 -115.192780
212.598077 -116.387573
212.599038 -121.154907
212.600000 -121.095009
212.600962 -121.714317
212.601923 -122.554268
212.602885 -120.616524
212.603846 -115.182594
212.604808 -113.481415
212.605769 -113.291443
212.606731 -113.935989
212.607692 -119.215675
212.608654 -114.549164
212.609615 -113.517593
212.610577 -114.436424
212.611538 -117.365227
212.612500 -116.781998
212.613462 -116.690384
212.614423 -116.927200
212.615385 -117.085625
212.616346 -117.078445
212.617308 -118.482719
212.618269 -114.901550
212.619231 -114.980835
212.620192 -119.406693
212.621154 -119.764946
212.622115 -113.375977
212.623077 -112.475090
212.624038 -113.010811
212.625000 -118.828789
212.625962 -115.505760
212.626923 -115.709869
212.627885 -122.610992
212.628846 -133.752945
212.629808 -121.452026
212.630769 -117.490044
212.631731 -117.264915
212.632692 -119.018990
212.633654 -117.281609
212.634615 -113.115677
212.635577 -112.733597
212.636538 -115.681480
212.637500 -122.775284
212.638462 -120.883286
212.639423 -121.524620
212.640385 -119.173622
212.641346 -118.992722
212.642308 -121.258209
212.643269 -116.647736
212.644231 -116.503410
212.645192 -119.363228
212.646154 -116.748627
212.647115 -116.013680
212.648077 -116.440994
212.649038 -118.522957
212.650000 -118.254883
212.650962 -120.830063
212.651923 -111.958504
212.652885 -108.302696
212.653846 -108.182411
212.654808 -108.653328
212.655769 -109.406853
212.656731 -110.734604
212.657692 -115.695938
212.658654 -118.859062
212.659615 -113.578323
212.660577 -113.129028
212.661538 -114.722481
212.662500 -112.139282
212.663462 -110.484688
212.664423 -110.514786
212.665385 -114.107033
212.666346 -118.676865
212.667308 -118.654518
212.668269 -118.515251
212.669231 -116.930153
212.670192 -114.517311
212.671154 -114.568634
212.672115 -119.018288
212.673077 -118.721481
212.674038 -119.620605
212.675000 -123.880447
212.675962 -120.498337
212.676923 -114.989120
212.677885 -113.487228
212.678846 -113.481285
212.679808 -112.919693
212.680769 -110.287323
212.681731 -110.451859
212.682692 -116.163063
212.683654 -130.123428
212.684615 -119.069244
212.685577 -113.341393
212.686538 -112.744438
212.687500 -113.829742
212.688462 -119.491798
212.689423 -117.198357
212.690385 -112.737900
212.691346 -112.611160
212.692308 -114.151642
212.693269 -122.406181
212.694231 -120.099136
212.695192 -119.050964
212.696154 -120.626595
212.697115 -118.895439
212.698077 -115.081627
212.699038 -114.780724
212.700000 -112.417381
212.700962 -111.695808
212.701923 -112.603691
212.702885 -113.311211
212.703846 -111.638962
212.704808 -111.636917
212.705769 -112.544792
212.706731 -112.305626
212.707692 -111.001381
212.708654 -111.356575
212.709615 -114.532288
212.710577 -115.502563
212.711538 -116.310509
212.712500 -119.114532
212.713462 -121.854408
212.714423 -117.301743
212.715385 -112.867744
212.716346 -112.242439
212.717308 -112.858559
212.718269 -116.023735
212.719231 -116.946434
212.720192 -116.738136
212.721154 -115.933533
212.722115 -117.546829
212.723077 -114.948151
212.724038 -114.549850
212.725000 -116.234749
212.725962 -111.188461
212.726923 -110.989273
212.727885 -112.295708
212.728846 -111.394257
212.729808 -111.067772
212.730769 -115.449875
212.731731 -117.627502
212.732692 -112.404152
212.733654 -109.176483
212.734615 -109.064743
212.735577 -110.202492
212.736538 -113.366524
212.737500 -114.935570
212.738462 -115.857780
212.739423 -114.537308
212.740385 -114.635918
212.741346 -116.343498
212.742308 -115.911270
212.743269 -116.639442
212.744231 -116.580917
212.745192 -116.612427
212.746154 -120.996986
212.747115 -117.936829
212.748077 -116.159210
212.749038 -113.264961
212.750000 -112.477470
212.750962 -113.318062
212.751923 -116.016220
212.752885 -110.910034
212.753846 -110.439888
212.754808 -111.250999
212.755769 -114.934174
212.756731 -113.267570
212.757692 -113.319901
212.758654 -116.323082
212.759615 -119.724953
212.760577 -115.300095
212.761538 -114.067467
212.762500 -111.535660
212.763462 -111.595146
212.764423 -118.974266
212.765385 -124.724274
212.766346 -121.962250
212.767308 -116.541115
212.768269 -115.755257
212.769231 -116.754173
212.770192 -122.381821
212.771154 -116.951408
212.772115 -115.013924
212.773077 -114.019485
212.774038 -114.223541
212.775000 -117.414398
212.775962 -114.198494
212.776923 -114.205887
212.777885 -120.464996
212.778846 -116.736313
212.779808 -117.097878
212.780769 -113.965393
212.781731 -112.037994
212.782692 -112.108566
212.783654 -113.490349
212.784615 -114.660286
212.785577 -119.510406
212.786538 -112.731483
212.787500 -110.461205
212.788462 -110.994164
212.789423 -119.512627
212.790385 -126.443916
212.791346 -113.878998
212.792308 -113.251534
212.793269 -115.903564
212.794231 -119.016029
212.795192 -118.524796
212.796154 -115.183678
212.797115 -114.911720
212.798077 -114.990303
212.799038 -114.756836
212.800000 -117.423805
212.800962 -116.071999
212.801923 -112.635452
212.802885 -112.528137
212.803846 -113.359421
212.804808 -114.708000
212.805769 -115.006355
212.806731 -113.044830
212.807692 -113.075768
212.808654 -114.528625
212.809615 -114.724258
212.810577 -118.270226
212.811538 -113.547188
212.812500 -113.014099
212.813462 -114.335098
212.814423 -113.353760
212.815385 -112.304306
212.816346 -112.952583
212.817308 -114.746201
212.818269 -111.014404
212.819231 -110.521828
212.820192 -111.209641
212.821154 -115.706993
212.822115 -119.765404
212.823077 -116.703667
212.824038 -115.398743
212.825000 -115.267387
212.825962 -114.287796
212.826923 -114.226845
212.827885 -116.036491
212.828846 -112.157799
212.829808 -112.022308
212.830769 -114.782997
212.831731 -113.178261
212.832692 -114.437012
212.833654 -118.421150
212.834615 -114.642723
212.835577 -113.724037
212.836538 -114.677620
212.837500 -116.347054
212.838462 -112.001183
212.839423 -111.564987
212.840385 -112.162537
212.841346 -115.672966
212.842308 -115.243881
212.843269 -114.781616
212.844231 -113.344818
212.845192 -113.832191
212.846154 -114.631027
212.847115 -118.010612
212.848077 -116.434135
212.849038 -116.486389
212.850000 -115.571457
212.850962 -115.548279
212.851923 -118.709465
212.852885 -122.592278
212.853846 -123.247574
212.854808 -116.670433
212.855769 -112.468117
212.856731 -112.224846
212.857692 -112.713982
212.858654 -114.630737
212.859615 -115.496849
212.860577 -118.637260
212.861538 -117.095322
212.862500 -116.367188
212.863462 -117.091354
212.864423 -116.232155
212.865385 -117.301353
212.866346 -113.739525
212.867308 -112.812332
212.868269 -113.803459
212.869231 -118.843079
212.870192 -115.886154
212.871154 -111.098679
212.872115 -109.802475
212.873077 -110.070068
212.874038 -113.490501
212.875000 -115.976280
212.875962 -118.395149
212.876923 -117.710968
212.877885 -120.311676
212.878846 -117.960556
212.879808 -117.176041
212.880769 -116.470375
212.881731 -115.794548
212.882692 -116.325874
212.883654 -120.223289
212.884615 -121.755585
212.885577 -127.292381
212.886538 -125.410561
212.887500 -119.103271
212.888462 -119.037895
212.889423 -121.752182
212.890385 -113.393784
212.891346 -111.924110
212.892308 -112.114594
212.893269 -113.650482
212.894231 -114.682915
212.895192 -116.635490
212.896154 -116.447037
212.897115 -116.253067
212.898077 -115.183014
212.899038 -111.411415
212.900000 -111.184494
212.900962 -112.318588
212.901923 -111.782921
212.902885 -111.925240
212.903846 -112.614250
212.904808 -115.868874
212.905769 -116.434830
212.906731 -114.603111
212.907692 -115.036018
212.908654 -117.217903
212.909615 -119.128479
212.910577 -121.859138
212.911538 -118.344055
212.912500 -112.321983
212.913462 -112.007111
212.914423 -114.140617
212.915385 -123.690834
212.916346 -118.894180
212.917308 -118.878960
212.918269 -119.108208
212.919231 -118.222130
212.920192 -119.059380
212.921154 -122.452316
212.922115 -122.128914
212.923077 -114.923462
212.924038 -113.662170
212.925000 -114.064735
212.925962 -118.373032
212.926923 -127.752083
212.927885 -116.558815
212.928846 -114.588348
212.929808 -114.858810
212.930769 -118.049980
212.931731 -129.789185
212.932692 -118.039169
212.933654 -114.428116
212.934615 -114.169258
212.935577 -114.845467
212.936538 -115.533028
212.937500 -115.763222
212.938462 -117.189743
212.939423 -118.499275
212.940385 -116.244591
212.941346 -116.411644
212.942308 -116.265938
212.943269 -113.483521
212.944231 -112.990547
212.945192 -114.259689
212.946154 -119.211319
212.947115 -113.337486
212.948077 -113.047211
212.949038 -115.243996
212.950000 -116.160683
212.950962 -114.783485
212.951923 -115.011894
212.952885 -112.878860
212.953846 -109.160645
212.954808 -109.076561
212.955769 -110.785881
212.956731 -113.108475
212.957692 -115.446899
212.958654 -115.041924
212.959615 -116.709534
212.960577 -117.403740
212.961538 -117.426682
212.962500 -114.168350
212.963462 -114.409088
212.964423 -121.053200
212.965385 -128.559906
212.966346 -126.487274
212.967308 -119.275551
212.968269 -118.057549
212.969231 -118.306099
212.970192 -120.571419
212.971154 -118.430908
212.972115 -117.849113
212.973077 -119.231773
212.974038 -117.907631
212.975000 -115.460274
212.975962 -114.086243
212.976923 -114.089859
212.977885 -116.891342
212.978846 -116.852028
212.979808 -116.870644
212.980769 -118.074326
212.981731 -117.946320
212.982692 -120.169441
212.983654 -120.239624
212.984615 -118.817848
212.985577 -118.736504
212.986538 -114.867165
212.987500 -112.470459
212.988462 -112.799599
212.989423 -117.003601
212.990385 -112.444557
212.991346 -107.818771
212.992308 -107.646957
212.993269 -110.198311
212.994231 -122.352104
212.995192 -118.525101
212.996154 -116.927223
212.997115 -116.793022
212.998077 -118.923233
212.999038 -114.308723
213.000000 -114.307869
213.000962 -118.138618
213.001923 -121.504784
213.002885 -122.897552
213.003846 -129.946655
213.004808 -121.906342
213.005769 -121.717293
213.006731 -118.197929
213.007692 -116.563675
213.008654 -118.605209
213.009615 -115.283630
213.010577 -115.162460
213.011538 -116.686409
213.012500 -125.269638
213.013462 -116.872574
213.014423 -114.888924
213.015385 -113.911385
213.016346 -113.621849
213.017308 -119.441254
213.018269 -122.004814
213.019231 -121.897949
213.020192 -120.305763
213.021154 -121.582230
213.022115 -114.626526
213.023077 -114.547302
213.024038 -119.849312
213.025000 -120.442757
213.025962 -118.725151
213.026923 -116.934219
213.027885 -116.792152
213.028846 -114.334259
213.029808 -111.940887
213.030769 -112.106171
213.031731 -121.343567
213.032692 -121.871986
213.033654 -113.789963
213.034615 -111.853889
213.035577 -112.935120
213.036538 -116.925491
213.037500 -114.495087
213.038462 -114.063347
213.039423 -117.794250
213.040385 -122.956345
213.041346 -122.890533
213.042308 -119.710724
213.043269 -112.942703
213.044231 -111.944580
213.045192 -112.654724
213.046154 -115.524986
213.047115 -111.956245
213.048077 -108.789375
213.049038 -108.338814
213.050000 -108.980103
213.050962 -112.171326
213.051923 -114.665115
213.052885 -117.421967
213.053846 -118.000710
213.054808 -116.979370
213.055769 -117.301117
213.056731 -119.423347
213.057692 -128.106323
213.058654 -126.740738
213.059615 -117.382942
213.060577 -109.911598
213.061538 -107.220375
213.062500 -107.249527
213.063462 -112.185165
213.064423 -116.715263
213.065385 -112.270294
213.066346 -111.649345
213.067308 -112.056946
213.068269 -113.501183
213.069231 -113.527298
213.070192 -113.230751
213.071154 -114.207054
213.072115 -120.025444
213.073077 -119.825317
213.074038 -123.554535
213.075000 -122.872314
213.075962 -116.713585
213.076923 -113.948021
213.077885 -113.927124
213.078846 -115.860191
213.079808 -118.372444
213.080769 -118.089928
213.081731 -116.463417
213.082692 -116.260384
213.083654 -117.914551
213.084615 -123.672325
213.085577 -117.437279
213.086538 -113.602661
213.087500 -112.541748
213.088462 -112.658539
213.089423 -115.736008
213.090385 -122.058426
213.091346 -121.834656
213.092308 -117.774048
213.093269 -117.333961
213.094231 -118.213554
213.095192 -119.167313
213.096154 -120.167107
213.097115 -111.600876
213.098077 -107.671135
213.099038 -106.899879
213.100000 -107.364731
213.100962 -111.546127
213.101923 -118.450531
213.102885 -116.537262
213.103846 -115.016739
213.104808 -115.193253
213.105769 -121.965019
213.106731 -119.696159
213.107692 -115.117752
213.108654 -114.163757
213.109615 -114.510475
213.110577 -115.003937
213.111538 -113.678871
213.112500 -114.215393
213.113462 -116.834061
213.114423 -114.662399
213.115385 -114.664490
213.116346 -120.250496
213.117308 -122.290550
213.118269 -125.156387
213.119231 -120.887466
213.120192 -112.628403
213.121154 -109.235909
213.122115 -109.177803
213.123077 -111.120949
213.124038 -115.913986
213.125000 -118.644844
213.125962 -116.855835
213.126923 -115.701683
213.127885 -115.631081
213.128846 -117.353996
213.129808 -123.087662
213.130769 -119.297699
213.131731 -119.806396
213.132692 -118.663689
213.133654 -118.314781
213.134615 -115.443840
213.135577 -113.620628
213.136538 -113.767677
213.137500 -120.040718
213.138462 -119.802437
213.139423 -119.751122
213.140385 -114.499580
213.141346 -111.092789
213.142308 -110.792282
213.143269 -111.310814
213.144231 -113.374062
213.145192 -119.566658
213.146154 -118.238564
213.147115 -113.713783
213.148077 -113.791130
213.149038 -120.142021
213.150000 -120.574623
213.150962 -120.371338
213.151923 -119.069008
213.152885 -120.016830
213.153846 -117.990524
213.154808 -117.954033
213.155769 -120.515358
213.156731 -115.797867
213.157692 -114.397034
213.158654 -114.280151
213.159615 -118.201134
213.160577 -115.732437
213.161538 -115.732018
213.162500 -119.714920
213.163462 -117.338699
213.164423 -114.733917
213.165385 -114.787621
213.166346 -114.168472
213.167308 -112.692390
213.168269 -113.190376
213.169231 -113.165359
213.170192 -113.235695
213.171154 -118.391640
213.172115 -118.408394
213.173077 -118.173531
213.174038 -126.453697
213.175000 -123.688095
213.175962 -119.041527
213.176923 -119.465439
213.177885 -118.704315
213.178846 -118.364342
213.179808 -114.869576
213.180769 -114.143959
213.181731 -118.234886
213.182692 -114.768051
213.183654 -112.018875
213.184615 -112.132774
213.185577 -115.473366
213.186538 -116.049866
213.187500 -114.233139
213.188462 -114.011757
213.189423 -115.498886
213.190385 -112.280144
213.191346 -112.276306
213.192308 -115.496689
213.193269 -120.561348
213.194231 -119.020782
213.195192 -118.351936
213.196154 -122.741577
213.197115 -117.632576
213.198077 -116.180267
213.199038 -114.504730
213.200000 -113.387688
213.200962 -113.522224
213.201923 -113.765800
213.202885 -113.262810
213.203846 -114.258598
213.204808 -118.924568
213.205769 -124.963013
213.206731 -127.841278
213.207692 -122.336861
213.208654 -118.511902
213.209615 -117.734421
213.210577 -119.600006
213.211538 -124.643814
213.212500 -126.534630
213.213462 -120.640968
213.214423 -120.280289
213.215385 -120.316231
213.216346 -117.586601
213.217308 -117.400436
213.218269 -119.407234
213.219231 -118.145576
213.220192 -117.750244
213.221154 -123.393639
213.222115 -123.610847
213.223077 -116.937607
213.224038 -116.640442
213.225000 -118.515266
213.225962 -122.132217
213.226923 -112.756142
213.227885 -112.517250
213.228846 -114.617302
213.229808 -115.543243
213.230769 -117.855080
213.231731 -126.079010
213.232692 -116.988869
213.233654 -116.347687
213.234615 -119.706230
213.235577 -120.097931
213.236538 -112.453606
213.237500 -111.711487
213.238462 -112.845108
213.239423 -116.251472
213.240385 -116.497879
213.241346 -117.633881
213.242308 -116.577225
213.243269 -115.912857
213.244231 -116.733299
213.245192 -115.508362
213.246154 -113.338692
213.247115 -113.840996
213.248077 -124.239807
213.249038 -124.489220
213.250000 -129.108536
213.250962 -114.837227
213.251923 -113.753738
213.252885 -115.619164
213.253846 -113.785042
213.254808 -114.723862
213.255769 -114.397858
213.256731 -112.046852
213.257692 -112.041756
213.258654 -114.395386
213.259615 -110.042107
213.260577 -109.914719
213.261538 -110.707253
213.262500 -111.554878
213.263462 -112.632507
213.264423 -111.225151
213.265385 -111.411285
213.266346 -114.736809
213.267308 -119.909950
213.268269 -116.628853
213.269231 -113.850937
213.270192 -113.928070
213.271154 -113.913933
213.272115 -111.385925
213.273077 -111.353149
213.274038 -112.142021
213.275000 -116.268333
213.275962 -116.926918
213.276923 -116.611938
213.277885 -122.120827
213.278846 -121.641510
213.279808 -120.604721
213.280769 -114.138718
213.281731 -112.203018
213.282692 -113.554619
213.283654 -115.113647
213.284615 -113.876900
213.285577 -114.597893
213.286538 -114.465607
213.287500 -114.096336
213.288462 -112.367859
213.289423 -110.697487
213.290385 -110.827728
213.291346 -113.961502
213.292308 -116.642387
213.293269 -116.771019
213.294231 -119.230156
213.295192 -112.687645
213.296154 -109.725769
213.297115 -109.638405
213.298077 -110.780777
213.299038 -114.182655
213.300000 -116.288010
213.300962 -111.341446
213.301923 -110.949127
213.302885 -112.279861
213.303846 -118.406395
213.304808 -123.947189
213.305769 -117.088928
213.306731 -113.813347
213.307692 -113.818085
213.308654 -114.454880
213.309615 -113.192596
213.310577 -113.568649
213.311538 -119.299911
213.312500 -116.707733
213.313462 -114.911720
213.314423 -115.062729
213.315385 -114.981674
213.316346 -114.982956
213.317308 -114.552475
213.318269 -111.981628
213.319231 -112.050003
213.320192 -116.608177
213.321154 -119.191559
213.322115 -120.931519
213.323077 -118.595856
213.324038 -119.890579
213.325000 -118.170380
213.325962 -117.685936
213.326923 -119.130730
213.327885 -118.511246
213.328846 -118.505424
213.329808 -123.046623
213.330769 -124.790016
213.331731 -122.238747
213.332692 -121.432312
213.333654 -119.017464
213.334615 -118.800003
213.335577 -120.667992
213.336538 -113.015739
213.337500 -109.819832
213.338462 -109.631760
213.339423 -110.024986
213.340385 -111.895950
213.341346 -114.857819
213.342308 -115.106041
213.343269 -116.573311
213.344231 -116.485619
213.345192 -116.414688
213.346154 -116.946075
213.347115 -120.676132
213.348077 -119.690247
213.349038 -122.522957
213.350000 -123.676826
213.350962 -119.515259
213.351923 -119.378204
213.352885 -119.559593
213.353846 -115.284203
213.354808 -114.441315
213.355769 -114.369377
213.356731 -116.236679
213.357692 -111.937691
213.358654 -111.696991
213.359615 -111.816277
213.360577 -111.465919
213.361538 -111.828552
213.362500 -113.972519
213.363462 -114.988678
213.364423 -114.781151
213.365385 -116.660347
213.366346 -110.009186
213.367308 -108.146225
213.368269 -108.293854
213.369231 -113.909515
213.370192 -117.729103
213.371154 -116.993492
213.372115 -120.338387
213.373077 -116.697037
213.374038 -116.539215
213.375000 -119.519707
213.375962 -119.456512
213.376923 -117.153458
213.377885 -113.278282
213.378846 -113.215073
213.379808 -114.864029
213.380769 -122.110733
213.381731 -120.923042
213.382692 -116.252747
213.383654 -114.896233
213.384615 -115.968849
213.385577 -114.316818
213.386538 -111.469727
213.387500 -111.321281
213.388462 -111.533546
213.389423 -114.066277
213.390385 -117.650230
213.391346 -115.894493
213.392308 -115.187248
213.393269 -112.299423
213.394231 -111.920616
213.395192 -114.601631
213.396154 -124.039207
213.397115 -116.118195
213.398077 -112.207123
213.399038 -112.102768
213.400000 -117.980461
213.400962 -123.185532
213.401923 -120.966187
213.402885 -118.704147
213.403846 -118.495483
213.404808 -119.303848
213.405769 -114.830040
213.406731 -114.684258
213.407692 -116.207466
213.408654 -114.949539
213.409615 -118.334503
213.410577 -115.646362
213.411538 -114.907410
213.412500 -114.746574
213.413462 -116.734131
213.414423 -118.086388
213.415385 -115.627426
213.416346 -115.752007
213.417308 -117.698792
213.418269 -116.991524
213.419231 -117.915771
213.420192 -113.850937
213.421154 -113.722382
213.422115 -116.711899
213.423077 -118.653801
213.424038 -118.856987
213.425000 -119.434044
213.425962 -113.470222
213.426923 -113.151573
213.427885 -117.356682
213.428846 -115.111847
213.429808 -115.343979
213.430769 -114.897621
213.431731 -115.233582
213.432692 -116.826172
213.433654 -110.563805
213.434615 -110.407959
213.435577 -112.059044
213.436538 -119.270882
213.437500 -120.445877
213.438462 -116.348961
213.439423 -113.750381
213.440385 -113.885742
213.441346 -114.011002
213.442308 -111.963539
213.443269 -112.151878
213.444231 -114.689537
213.445192 -112.863251
213.446154 -113.351952
213.447115 -113.783356
213.448077 -111.485466
213.449038 -111.521317
213.450000 -116.502815
213.450962 -118.090805
213.451923 -116.324547
213.452885 -115.201485
213.453846 -115.753227
213.454808 -120.225761
213.455769 -121.361626
213.456731 -113.686401
213.457692 -113.189201
213.458654 -112.476044
213.459615 -111.894707
213.460577 -112.010841
213.461538 -112.961380
213.462500 -113.064568
213.463462 -112.885262
213.464423 -113.532593
213.465385 -116.246552
213.466346 -122.946014
213.467308 -124.692245
213.468269 -125.290466
213.469231 -125.801727
213.470192 -121.032745
213.471154 -120.574379
213.472115 -121.771759
213.473077 -115.678398
213.474038 -115.112358
213.475000 -119.295738
213.475962 -116.652649
213.476923 -116.593208
213.477885 -119.900925
213.478846 -117.196724
213.479808 -118.610344
213.480769 -120.128235
213.481731 -121.239601
213.482692 -118.032646
213.483654 -114.792343
213.484615 -114.653076
213.485577 -116.519630
213.486538 -116.516617
213.487500 -115.279961
213.488462 -116.293633
213.489423 -125.163139
213.490385 -124.369186
213.491346 -118.045197
213.492308 -114.000862
213.493269 -114.002899
213.494231 -119.576057
213.495192 -115.010216
213.496154 -114.908066
213.497115 -114.652237
213.498077 -112.802002
213.499038 -111.607391
213.500000 -111.693504
213.500962 -112.806946
213.501923 -112.911819
213.502885 -115.256607
213.503846 -127.286797
213.504808 -118.021248
213.505769 -115.488670
213.506731 -115.103577
213.507692 -115.300011
213.508654 -120.104073
213.509615 -115.776306
213.510577 -115.698395
213.511538 -114.634911
213.512500 -108.924316
213.513462 -108.917297
213.514423 -113.538834
213.515385 -116.962738
213.516346 -112.393524
213.517308 -112.332588
213.518269 -115.303368
213.519231 -119.895737
213.520192 -114.706123
213.521154 -114.168777
213.522115 -117.074226
213.523077 -116.363319
213.524038 -115.498238
213.525000 -115.914688
213.525962 -116.634850
213.526923 -114.834023
213.527885 -114.712555
213.528846 -116.032143
213.529808 -118.784561
213.530769 -115.017517
213.531731 -114.932922
213.532692 -119.587059
213.533654 -130.325851
213.534615 -122.019760
213.535577 -115.416840
213.536538 -115.071259
213.537500 -119.169357
213.538462 -123.984756
213.539423 -119.154655
213.540385 -117.858810
213.541346 -119.173210
213.542308 -120.106621
213.543269 -115.110428
213.544231 -113.406281
213.545192 -113.302521
213.546154 -117.568520
213.547115 -113.874077
213.548077 -109.504227
213.549038 -109.413780
213.550000 -111.038002
213.550962 -113.307991
213.551923 -111.762177
213.552885 -110.143593
213.553846 -110.054527
213.554808 -111.705559
213.555769 -112.806831
213.556731 -113.944199
213.557692 -117.807213
213.558654 -122.274689
213.559615 -117.687447
213.560577 -116.605347
213.561538 -116.742409
213.562500 -119.740753
213.563462 -121.880035
213.564423 -122.623314
213.565385 -119.662132
213.566346 -118.107803
213.567308 -115.119644
213.568269 -114.726898
213.569231 -115.649223
213.570192 -113.568832
213.571154 -113.507584
213.572115 -112.686653
213.573077 -112.213242
213.574038 -115.711800
213.575000 -123.070641
213.575962 -119.366730
213.576923 -119.772018
213.577885 -116.191223
213.578846 -114.144409
213.579808 -114.309219
213.580769 -117.164879
213.581731 -113.915237
213.582692 -113.701996
213.583654 -110.823112
213.584615 -108.398544
213.585577 -108.134659
213.586538 -110.472099
213.587500 -119.886642
213.588462 -119.959824
213.589423 -116.703400
213.590385 -116.370827
213.591346 -116.474548
213.592308 -114.860756
213.593269 -115.846855
213.594231 -124.250214
213.595192 -123.209167
213.596154 -123.968864
213.597115 -128.385437
213.598077 -117.364311
213.599038 -113.462830
213.600000 -113.538467
213.600962 -120.804863
213.601923 -115.259827
213.602885 -114.192741
213.603846 -115.087318
213.604808 -114.642334
213.605769 -114.759628
213.606731 -117.801376
213.607692 -120.862877
213.608654 -118.349762
213.609615 -118.495071
213.610577 -117.762505
213.611538 -111.369240
213.612500 -109.914299
213.613462 -110.065826
213.614423 -113.986168
213.615385 -117.964302
213.616346 -117.978691
213.617308 -119.217842
213.618269 -119.795860
213.619231 -118.398659
213.620192 -111.109558
213.621154 -109.853371
213.622115 -110.214561
213.623077 -111.020508
213.624038 -112.468872
213.625000 -115.762352
213.625962 -122.045227
213.626923 -130.729782
213.627885 -124.437126
213.628846 -116.225151
213.629808 -114.817924
213.630769 -109.739738
213.631731 -107.972511
213.632692 -108.224426
213.633654 -112.470421
213.634615 -122.621475
213.635577 -120.662712
213.636538 -119.977623
213.637500 -123.606773
213.638462 -118.110962
213.639423 -115.100021
213.640385 -113.610909
213.641346 -111.941177
213.642308 -111.188675
213.643269 -111.509468
213.644231 -114.652542
213.645192 -115.706757
213.646154 -116.130241
213.647115 -113.937874
213.648077 -112.823730
213.649038 -113.059364
213.650000 -115.821892
213.650962 -117.067039
213.651923 -112.663971
213.652885 -112.534126
213.653846 -114.340866
213.654808 -119.327850
213.655769 -114.386436
213.656731 -113.978035
213.657692 -114.144257
213.658654 -113.770775
213.659615 -116.963509
213.660577 -116.395836
213.661538 -115.102066
213.662500 -116.097984
213.663462 -119.527328
213.664423 -118.014221
213.665385 -112.660248
213.666346 -111.228256
213.667308 -111.509247
213.668269 -111.407967
213.669231 -112.543488
213.670192 -121.105972
213.671154 -115.343307
213.672115 -114.826881
213.673077 -115.889938
213.674038 -114.310722
213.675000 -110.442154
213.675962 -108.947220
213.676923 -108.985062
213.677885 -111.997749
213.678846 -119.438698
213.679808 -122.640526
213.680769 -123.383896
213.681731 -119.173355
213.682692 -115.790161
213.683654 -114.882370
213.684615 -115.309868
213.685577 -120.923363
213.686538 -112.384453
213.687500 -110.900063
213.688462 -111.109909
213.689423 -112.322380
213.690385 -114.454727
213.691346 -112.366074
213.692308 -109.817207
213.693269 -109.817513
213.694231 -114.222130
213.695192 -119.893806
213.696154 -120.908218
213.697115 -120.858612
213.698077 -116.959167
213.699038 -109.938713
213.700000 -108.387520
213.700962 -108.527313
213.701923 -110.573830
213.702885 -110.484474
213.703846 -112.764969
213.704808 -119.860306
213.705769 -116.257751
213.706731 -117.147682
213.707692 -122.733681
213.708654 -122.794899
213.709615 -114.904533
213.710577 -112.537071
213.711538 -112.579277
213.712500 -116.251740
213.713462 -116.673325
213.714423 -112.118561
213.715385 -111.914200
213.716346 -114.312080
213.717308 -120.671097
213.718269 -115.824501
213.719231 -115.423447
213.720192 -116.950462
213.721154 -119.185959
213.722115 -118.958153
213.723077 -119.198883
213.724038 -120.427284
213.725000 -122.113815
213.725962 -114.367668
213.726923 -112.482918
213.727885 -112.694839
213.728846 -118.283302
213.729808 -125.756721
213.730769 -124.771240
213.731731 -119.285095
213.732692 -117.238129
213.733654 -117.109505
213.734615 -113.166580
213.735577 -111.700058
213.736538 -112.104034
213.737500 -118.457207
213.738462 -116.432503
213.739423 -114.652992
213.740385 -114.586853
213.741346 -116.537712
213.742308 -126.166077
213.743269 -124.233643
213.744231 -118.769440
213.745192 -118.662987
213.746154 -123.384155
213.747115 -116.471382
213.748077 -113.528343
213.749038 -113.399323
213.750000 -115.869301
213.750962 -118.298897
213.751923 -116.279915
213.752885 -116.417992
213.753846 -122.990456
213.754808 -114.038200
213.755769 -109.956062
213.756731 -109.668976
213.757692 -113.577530
213.758654 -119.111862
213.759615 -126.315964
213.760577 -126.437881
213.761538 -124.207855
213.762500 -122.061508
213.763462 -117.538551
213.764423 -118.075638
213.765385 -119.136879
213.766346 -118.487038
213.767308 -120.752449
213.768269 -115.681664
213.769231 -115.872589
213.770192 -115.766792
213.771154 -115.060860
213.772115 -117.739639
213.773077 -117.884186
213.774038 -120.111641
213.775000 -114.768578
213.775962 -114.719307
213.776923 -117.852417
213.777885 -119.508842
213.778846 -116.634117
213.779808 -116.256798
213.780769 -115.420181
213.781731 -114.756187
213.782692 -115.051987
213.783654 -114.936188
213.784615 -116.941681
213.785577 -119.433144
213.786538 -119.342690
213.787500 -114.488312
213.788462 -113.853798
213.789423 -114.654465
213.790385 -116.559914
213.791346 -114.753876
213.792308 -112.323921
213.793269 -112.187943
213.794231 -112.812096
213.795192 -118.554146
213.796154 -121.880951
213.797115 -117.998962
213.798077 -117.333298
213.799038 -116.848190
213.800000 -111.831139
213.800962 -111.746300
213.801923 -114.674461
213.802885 -113.284531
213.803846 -111.366501
213.804808 -111.380531
213.805769 -115.012802
213.806731 -114.698997
213.807692 -114.676476
213.808654 -119.404709
213.809615 -113.727257
213.810577 -113.280525
213.811538 -113.733521
213.812500 -113.287155
213.813462 -113.194336
213.814423 -116.704750
213.815385 -116.780037
213.816346 -118.751366
213.817308 -120.240059
213.818269 -120.604195
213.819231 -115.893707
213.820192 -115.554642
213.821154 -115.360840
213.822115 -114.561127
213.823077 -114.561073
213.824038 -115.273705
213.825000 -116.416245
213.825962 -118.222534
213.826923 -112.754608
213.827885 -112.766289
213.828846 -119.313675
213.829808 -117.151497
213.830769 -113.839272
213.831731 -113.577026
213.832692 -114.751923
213.833654 -118.221741
213.834615 -116.983521
213.835577 -118.430122
213.836538 -116.317276
213.837500 -114.957939
213.838462 -114.882790
213.839423 -116.758965
213.840385 -111.456116
213.841346 -110.020248
213.842308 -111.556000
213.843269 -117.156288
213.844231 -115.636879
213.845192 -116.227135
213.846154 -123.481873
213.847115 -121.087013
213.848077 -120.317520
213.849038 -120.483139
213.850000 -116.034668
213.850962 -111.099236
213.851923 -110.481567
213.852885 -110.804817
213.853846 -114.901047
213.854808 -121.826111
213.855769 -116.304237
213.856731 -116.319862
213.857692 -116.181297
213.858654 -115.276680
213.859615 -115.378174
213.860577 -116.899078
213.861538 -115.302643
213.862500 -117.175926
213.863462 -115.751450
213.864423 -113.984344
213.865385 -114.150955
213.866346 -115.859566
213.867308 -118.618828
213.868269 -119.049904
213.869231 -118.654106
213.870192 -117.776352
213.871154 -121.078491
213.872115 -118.591354
213.873077 -118.197884
213.874038 -112.899475
213.875000 -111.807404
213.875962 -112.380013
213.876923 -118.160110
213.877885 -116.696121
213.878846 -116.667244
213.879808 -120.879562
213.880769 -118.443306
213.881731 -117.499344
213.882692 -116.113777
213.883654 -115.310593
213.884615 -109.532387
213.885577 -108.287262
213.886538 -108.446251
213.887500 -110.823776
213.888462 -113.814674
213.889423 -115.780945
213.890385 -115.959877
213.891346 -118.263329
213.892308 -119.477333
213.893269 -112.631203
213.894231 -110.699539
213.895192 -111.166962
213.896154 -114.015671
213.897115 -111.934319
213.898077 -112.127937
213.899038 -115.535751
213.900000 -118.870483
213.900962 -125.343338
213.901923 -125.862328
213.902885 -116.771973
213.903846 -116.569557
213.904808 -119.072121
213.905769 -118.508926
213.906731 -117.032707
213.907692 -116.547966
213.908654 -118.919235
213.909615 -122.166817
213.910577 -117.934715
213.911538 -112.743668
213.912500 -110.176559
213.913462 -110.087502
213.914423 -111.127014
213.915385 -113.474144
213.916346 -113.481529
213.917308 -118.551750
213.918269 -122.830986
213.919231 -123.238945
213.920192 -125.746788
213.921154 -115.900169
213.922115 -112.643379
213.923077 -111.612564
213.924038 -109.247856
213.925000 -108.738197
213.925962 -110.113182
213.926923 -115.005135
213.927885 -114.202019
213.928846 -114.229050
213.929808 -117.133110
213.930769 -120.698936
213.931731 -113.862244
213.932692 -112.644081
213.933654 -113.664894
213.934615 -124.715523
213.935577 -124.278679
213.936538 -123.906288
213.937500 -119.431488
213.938462 -114.869186
213.939423 -113.142891
213.940385 -113.366486
213.941346 -118.026520
213.942308 -118.287979
213.943269 -117.564911
213.944231 -114.215607
213.945192 -114.107063
213.946154 -115.540741
213.947115 -118.019547
213.948077 -118.578087
213.949038 -115.259048
213.950000 -114.697441
213.950962 -115.426773
213.951923 -121.834366
213.952885 -117.143005
213.953846 -115.853271
213.954808 -112.426865
213.955769 -110.887192
213.956731 -111.203026
213.957692 -115.548813
213.958654 -116.422493
213.959615 -114.320259
213.960577 -115.166664
213.961538 -111.557861
213.962500 -111.063225
213.963462 -115.339333
213.964423 -114.075531
213.965385 -114.104828
213.966346 -116.963234
213.967308 -120.165436
213.968269 -116.650642
213.969231 -116.099403
213.970192 -116.448074
213.971154 -119.783379
213.972115 -115.944321
213.973077 -115.944305
213.974038 -119.325737
213.975000 -126.028778
213.975962 -130.834091
213.976923 -125.859894
213.977885 -117.951767
213.978846 -117.067261
213.979808 -118.453552
213.980769 -111.773201
213.981731 -109.595245
213.982692 -109.403587
213.983654 -110.812241
213.984615 -111.553116
213.985577 -108.440353
213.986538 -108.233093
213.987500 -108.840927
213.988462 -111.049767
213.989423 -110.413582
213.990385 -110.360878
213.991346 -112.051552
213.992308 -114.871544
213.993269 -116.448608
213.994231 -124.651329
213.995192 -124.727722
213.996154 -122.565346
213.997115 -117.957924
213.998077 -111.926559
213.999038 -111.849152
214.000000 -114.243935
214.000962 -116.422081
214.001923 -117.644379
214.002885 -114.358025
214.003846 -113.058159
214.004808 -113.226952
214.005769 -116.434677
214.006731 -122.036728
214.007692 -120.745499
214.008654 -113.256363
214.009615 -112.629356
214.010577 -113.621071
214.011538 -116.645882
214.012500 -114.598869
214.013462 -113.484047
214.014423 -115.193016
214.015385 -120.549080
214.016346 -114.849663
214.017308 -111.913071
214.018269 -112.023125
214.019231 -116.021095
214.020192 -119.507248
214.021154 -116.273880
214.022115 -116.014404
214.023077 -114.876678
214.024038 -114.886353
214.025000 -118.789238
214.025962 -114.263855
214.026923 -114.096878
214.027885 -116.656143
214.028846 -116.029388
214.029808 -118.297844
214.030769 -117.918633
214.031731 -115.029465
214.032692 -115.906029
214.033654 -117.980240
214.034615 -113.212570
214.035577 -112.959030
214.036538 -116.622658
214.037500 -118.940086
214.038462 -119.115089
214.039423 -112.968430
214.040385 -111.978981
214.041346 -113.417786
214.042308 -113.760567
214.043269 -113.563828
214.044231 -114.649391
214.045192 -117.921555
214.046154 -120.114876
214.047115 -117.949333
214.048077 -114.734566
214.049038 -111.215675
214.050000 -110.710777
214.050962 -111.957405
214.051923 -117.841637
214.052885 -117.795074
214.053846 -122.919075
214.054808 -119.933495
214.055769 -118.984848
214.056731 -119.838844
214.057692 -121.971916
214.058654 -118.059242
214.059615 -116.678101
214.060577 -116.715988
214.061538 -120.393089
214.062500 -114.418686
214.063462 -111.248421
214.064423 -110.596458
214.065385 -111.006447
214.066346 -116.144753
214.067308 -117.808548
214.068269 -121.777306
214.069231 -118.440605
214.070192 -115.138329
214.071154 -114.700226
214.072115 -115.566887
214.073077 -118.986115
214.074038 -120.640724
214.075000 -128.825958
214.075962 -127.821869
214.076923 -117.645546
214.077885 -115.396759
214.078846 -116.299591
214.079808 -125.912880
214.080769 -118.847137
214.081731 -118.738205
214.082692 -122.956017
214.083654 -118.696129
214.084615 -116.460007
214.085577 -114.410973
214.086538 -114.187981
214.087500 -114.560410
214.088462 -115.284241
214.089423 -119.598045
214.090385 -118.697121
214.091346 -113.720894
214.092308 -112.250000
214.093269 -111.711441
214.094231 -112.003098
214.095192 -114.532753
214.096154 -113.578445
214.097115 -113.835747
214.098077 -118.197235
214.099038 -115.704971
214.100000 -115.630531
214.100962 -121.177208
214.101923 -120.466820
214.102885 -113.017685
214.103846 -109.222900
214.104808 -109.196693
214.105769 -110.460526
214.106731 -110.282608
214.107692 -110.098465
214.108654 -111.213173
214.109615 -113.368378
214.110577 -112.633476
214.111538 -114.615250
214.112500 -112.652328
214.113462 -111.973679
214.114423 -112.445580
214.115385 -114.883057
214.116346 -118.108109
214.117308 -116.114273
214.118269 -117.722717
214.119231 -117.889755
214.120192 -116.373116
214.121154 -116.478729
214.122115 -119.244225
214.123077 -122.707458
214.124038 -124.315788
214.125000 -129.422318
214.125962 -124.480659
214.126923 -119.301689
214.127885 -119.100334
214.128846 -119.064240
214.129808 -116.644318
214.130769 -116.771523
214.131731 -115.301666
214.132692 -114.619560
214.133654 -112.668480
214.134615 -112.736168
214.135577 -119.070206
214.136538 -120.091286
214.137500 -119.987816
214.138462 -120.718399
214.139423 -116.358093
214.140385 -112.804451
214.141346 -112.408501
214.142308 -112.690071
214.143269 -111.387093
214.144231 -111.252632
214.145192 -114.787933
214.146154 -121.115700
214.147115 -120.839348
214.148077 -116.935135
214.149038 -114.961563
214.150000 -115.068642
214.150962 -115.964493
214.151923 -115.501945
214.152885 -115.947273
214.153846 -119.259033
214.154808 -118.855995
214.155769 -114.382965
214.156731 -113.978836
214.157692 -114.639465
214.158654 -117.910187
214.159615 -120.032036
214.160577 -116.814377
214.161538 -116.966805
214.162500 -122.362762
214.163462 -116.969238
214.164423 -116.975159
214.165385 -114.740089
214.166346 -113.598549
214.167308 -115.224113
214.168269 -113.099693
214.169231 -109.845375
214.170192 -109.530586
214.171154 -110.795372
214.172115 -115.357552
214.173077 -118.836716
214.174038 -119.910118
214.175000 -113.136772
214.175962 -109.638123
214.176923 -109.572151
214.177885 -115.206055
214.178846 -134.603806
214.179808 -117.682312
214.180769 -112.593697
214.181731 -111.728790
214.182692 -112.066170
214.183654 -114.209160
214.184615 -114.255508
214.185577 -117.780823
214.186538 -114.242043
214.187500 -113.866745
214.188462 -114.120247
214.189423 -115.297569
214.190385 -119.470535
214.191346 -117.919823
214.192308 -117.919205
214.193269 -118.447014
214.194231 -112.886581
214.195192 -112.196510
214.196154 -113.461006
214.197115 -120.379929
214.198077 -117.692986
214.199038 -117.443298
214.200000 -118.025215
214.200962 -121.423492
214.201923 -118.409081
214.202885 -118.426895
214.203846 -117.415367
214.204808 -117.537323
214.205769 -118.363411
214.206731 -112.728752
214.207692 -111.718964
214.208654 -111.825882
214.209615 -113.630852
214.210577 -118.047447
214.211538 -115.422249
214.212500 -115.143471
214.213462 -117.169586
214.214423 -122.521339
214.215385 -112.393929
214.216346 -110.805290
214.217308 -111.221733
214.218269 -114.974091
214.219231 -112.677750
214.220192 -111.975784
214.221154 -111.734947
214.222115 -111.664658
214.223077 -112.326973
214.224038 -117.596069
214.225000 -117.832031
214.225962 -113.309715
214.226923 -111.062660
214.227885 -111.100807
214.228846 -113.728897
214.229808 -115.560333
214.230769 -118.921661
214.231731 -127.285286
214.232692 -125.075706
214.233654 -122.197304
214.234615 -120.663605
214.235577 -119.572334
214.236538 -121.218651
214.237500 -118.158829
214.238462 -117.829300
214.239423 -118.559364
214.240385 -119.817886
214.241346 -118.478050
214.242308 -116.270531
214.243269 -115.414688
214.244231 -115.029388
214.245192 -115.435921
214.246154 -115.544731
214.247115 -116.083023
214.248077 -119.942192
214.249038 -121.373970
214.250000 -122.175156
214.250962 -128.500839
214.251923 -123.532799
214.252885 -116.042320
214.253846 -114.664963
214.254808 -114.855110
214.255769 -120.549713
214.256731 -117.803146
214.257692 -116.144684
214.258654 -116.618233
214.259615 -113.585953
214.260577 -113.314552
214.261538 -115.222328
214.262500 -117.586754
214.263462 -123.112480
214.264423 -117.584335
214.265385 -112.723793
214.266346 -111.855515
214.267308 -112.867920
214.268269 -117.227951
214.269231 -114.702721
214.270192 -113.545479
214.271154 -113.356026
214.272115 -112.381721
214.273077 -111.993004
214.274038 -112.792633
214.275000 -116.238052
214.275962 -115.390800
214.276923 -115.413193
214.277885 -118.202438
214.278846 -112.494736
214.279808 -111.722130
214.280769 -113.706497
214.281731 -110.555595
214.282692 -109.470413
214.283654 -109.992043
214.284615 -114.977501
214.285577 -116.237900
214.286538 -113.432922
214.287500 -113.893234
214.288462 -116.482254
214.289423 -116.307640
214.290385 -117.967979
214.291346 -114.671745
214.292308 -111.924873
214.293269 -112.219070
214.294231 -113.722603
214.295192 -113.523933
214.296154 -117.651833
214.297115 -117.359680
214.298077 -113.872604
214.299038 -114.065346
214.300000 -116.917938
214.300962 -116.807320
214.301923 -116.028168
214.302885 -111.556496
214.303846 -111.335968
214.304808 -113.773659
214.305769 -121.176712
214.306731 -117.306274
214.307692 -117.582062
214.308654 -116.338379
214.309615 -115.853439
214.310577 -119.514610
214.311538 -114.478935
214.312500 -114.501816
214.313462 -119.417557
214.314423 -115.676544
214.315385 -115.898109
214.316346 -117.067535
214.317308 -117.016945
214.318269 -116.472542
214.319231 -114.561218
214.320192 -115.496140
214.321154 -124.353790
214.322115 -121.776543
214.323077 -119.261635
214.324038 -120.714668
214.325000 -118.768242
214.325962 -118.835526
214.326923 -116.655052
214.327885 -114.885078
214.328846 -115.425362
214.329808 -123.123787
214.330769 -130.971344
214.331731 -124.451981
214.332692 -123.644966
214.333654 -120.965263
214.334615 -119.186729
214.335577 -115.636894
214.336538 -112.795898
214.337500 -113.026497
214.338462 -123.560104
214.339423 -123.281029
214.340385 -117.484428
214.341346 -112.307961
214.342308 -112.294617
214.343269 -117.903854
214.344231 -114.629517
214.345192 -114.684196
214.346154 -118.715584
214.347115 -118.995659
214.348077 -115.585922
214.349038 -115.592392
214.350000 -120.651344
214.350962 -123.224617
214.351923 -122.474060
214.352885 -122.463089
214.353846 -118.149849
214.354808 -118.131409
214.355769 -118.777084
214.356731 -114.882401
214.357692 -114.718849
214.358654 -119.081795
214.359615 -121.623428
214.360577 -121.398720
214.361538 -118.783524
214.362500 -114.562889
214.363462 -111.284073
214.364423 -111.041740
214.365385 -112.880356
214.366346 -119.154762
214.367308 -116.836250
214.368269 -114.465286
214.369231 -114.336327
214.370192 -116.951225
214.371154 -115.297333
214.372115 -114.847458
214.373077 -116.966621
214.374038 -115.215210
214.375000 -111.544991
214.375962 -111.412636
214.376923 -114.803246
214.377885 -128.024948
214.378846 -116.840141
214.379808 -116.612549
214.380769 -118.298981
214.381731 -117.440277
214.382692 -118.002975
214.383654 -121.472397
214.384615 -118.073692
214.385577 -120.026756
214.386538 -118.242752
214.387500 -117.397865
214.388462 -116.294708
214.389423 -112.835762
214.390385 -112.871178
214.391346 -119.936058
214.392308 -124.666672
214.393269 -119.351143
214.394231 -117.326256
214.395192 -116.791931
214.396154 -117.880280
214.397115 -122.458565
214.398077 -121.888634
214.399038 -119.522224
214.400000 -116.645195
214.400962 -116.725319
214.401923 -113.133247
214.402885 -111.446960
214.403846 -111.437798
214.404808 -111.494019
214.405769 -111.785652
214.406731 -113.332497
214.407692 -111.031876
214.408654 -110.769318
214.409615 -112.856163
214.410577 -120.757080
214.411538 -122.041794
214.412500 -120.362778
214.413462 -121.954430
214.414423 -125.594322
214.415385 -119.331932
214.416346 -111.926117
214.417308 -111.798042
214.418269 -114.981903
214.419231 -113.810074
214.420192 -112.980713
214.421154 -113.411598
214.422115 -115.548477
214.423077 -121.635475
214.424038 -120.796776
214.425000 -121.346939
214.425962 -126.867172
214.426923 -122.494667
214.427885 -122.228195
214.428846 -123.422501
214.429808 -119.707977
214.430769 -119.530067
214.431731 -117.492241
214.432692 -114.275864
214.433654 -112.652176
214.434615 -112.762566
214.435577 -114.736214
214.436538 -113.028702
214.437500 -111.605515
214.438462 -112.343719
214.439423 -116.433495
214.440385 -114.703812
214.441346 -114.942856
214.442308 -114.592720
214.443269 -114.450401
214.444231 -117.557678
214.445192 -122.960129
214.446154 -115.599815
214.447115 -111.741112
214.448077 -111.496696
214.449038 -113.794708
214.450000 -118.873688
214.450962 -112.896942
214.451923 -111.594063
214.452885 -111.787086
214.453846 -116.546272
214.454808 -116.328560
214.455769 -116.655128
214.456731 -118.608200
214.457692 -112.446617
214.458654 -111.198471
214.459615 -111.200813
214.460577 -112.064270
214.461538 -114.429466
214.462500 -117.777344
214.463462 -113.281464
214.464423 -111.043457
214.465385 -111.279633
214.466346 -112.002708
214.467308 -108.928169
214.468269 -108.959801
214.469231 -113.014534
214.470192 -111.149727
214.471154 -111.107323
214.472115 -113.506927
214.473077 -117.563316
214.474038 -126.957947
214.475000 -119.622169
214.475962 -116.846313
214.476923 -118.084297
214.477885 -124.737755
214.478846 -117.079849
214.479808 -116.978462
214.480769 -116.288994
214.481731 -113.141960
214.482692 -113.296829
214.483654 -116.225220
214.484615 -118.903770
214.485577 -122.446815
214.486538 -116.418175
214.487500 -113.701881
214.488462 -113.400597
214.489423 -116.133354
214.490385 -121.292747
214.491346 -118.498535
214.492308 -118.423630
214.493269 -118.402145
214.494231 -115.431717
214.495192 -116.362244
214.496154 -117.439781
214.497115 -117.349777
214.498077 -120.391319
214.499038 -117.353676
214.500000 -118.399887
214.500962 -123.931351
214.501923 -123.107849
214.502885 -126.343056
214.503846 -134.443848
214.504808 -116.929466
214.505769 -112.528481
214.506731 -112.411255
214.507692 -114.610085
214.508654 -119.582634
214.509615 -119.644440
214.510577 -125.120796
214.511538 -116.344780
214.512500 -111.052589
214.513462 -110.456108
214.514423 -111.485504
214.515385 -120.522125
214.516346 -119.334137
214.517308 -115.436012
214.518269 -113.043198
214.519231 -112.543816
214.520192 -111.068085
214.521154 -111.068581
214.522115 -113.377205
214.523077 -118.322807
214.524038 -114.600899
214.525000 -113.225342
214.525962 -113.806244
214.526923 -119.618309
214.527885 -126.340431
214.528846 -120.406448
214.529808 -118.208313
214.530769 -118.338020
214.531731 -122.766762
214.532692 -126.266754
214.533654 -123.231834
214.534615 -122.832756
214.535577 -123.512955
214.536538 -114.028839
214.537500 -108.735809
214.538462 -108.640503
214.539423 -110.219788
214.540385 -112.664391
214.541346 -113.245529
214.542308 -113.767769
214.543269 -112.789177
214.544231 -111.618828
214.545192 -112.107430
214.546154 -116.841255
214.547115 -113.767189
214.548077 -113.804161
214.549038 -117.614082
214.550000 -112.309425
214.550962 -111.182343
214.551923 -111.879623
214.552885 -117.252892
214.553846 -113.695450
214.554808 -113.698303
214.555769 -113.653915
214.556731 -113.601501
214.557692 -114.450874
214.558654 -111.020737
214.559615 -110.892761
214.560577 -112.452515
214.561538 -115.022255
214.562500 -116.855591
214.563462 -122.722137
214.564423 -116.315079
214.565385 -115.138939
214.566346 -115.444557
214.567308 -119.739136
214.568269 -119.838913
214.569231 -117.227951
214.570192 -118.350769
214.571154 -121.365738
214.572115 -121.347519
214.573077 -119.309845
214.574038 -119.205788
214.575000 -120.306633
214.575962 -118.330170
214.576923 -118.239525
214.577885 -121.690948
214.578846 -123.314461
214.579808 -122.801529
214.580769 -125.369339
214.581731 -115.002220
214.582692 -112.564148
214.583654 -112.555435
214.584615 -115.544037
214.585577 -119.188370
214.586538 -116.561798
214.587500 -116.455269
214.588462 -117.091949
214.589423 -115.906204
214.590385 -113.769379
214.591346 -114.080429
214.592308 -119.863174
214.593269 -119.578110
214.594231 -119.055679
214.595192 -122.845543
214.596154 -117.873299
214.597115 -117.640663
214.598077 -120.189949
214.599038 -115.870628
214.600000 -112.372650
214.600962 -111.720505
214.601923 -112.785645
214.602885 -118.174538
214.603846 -117.381035
214.604808 -119.843620
214.605769 -123.749886
214.606731 -119.149132
214.607692 -118.391273
214.608654 -118.883316
214.609615 -118.597717
214.610577 -112.122238
214.611538 -111.056084
214.612500 -111.915367
214.613462 -116.002098
214.614423 -112.898415
214.615385 -112.942093
214.616346 -118.590897
214.617308 -118.123672
214.618269 -118.798119
214.619231 -119.715363
214.620192 -113.674614
214.621154 -112.646782
214.622115 -113.341194
214.623077 -121.495132
214.624038 -119.928551
214.625000 -119.901070
214.625962 -119.337677
214.626923 -119.172325
214.627885 -115.362541
214.628846 -111.564934
214.629808 -111.495758
214.630769 -113.519897
214.631731 -117.131340
214.632692 -118.308495
214.633654 -117.687202
214.634615 -117.829788
214.635577 -112.653709
214.636538 -111.612373
214.637500 -113.206703
214.638462 -108.727623
214.639423 -106.046867
214.640385 -106.047440
214.641346 -109.097404
214.642308 -113.839622
214.643269 -118.286301
214.644231 -122.458099
214.645192 -123.041260
214.646154 -116.542099
214.647115 -116.526245
214.648077 -122.446190
214.649038 -128.830994
214.650000 -125.134415
214.650962 -121.980171
214.651923 -117.041206
214.652885 -115.919899
214.653846 -114.979050
214.654808 -115.170715
214.655769 -121.174973
214.656731 -120.708153
214.657692 -115.297432
214.658654 -115.172615
214.659615 -120.080170
214.660577 -116.965607
214.661538 -118.341774
214.662500 -110.185646
214.663462 -109.230171
214.664423 -110.533638
214.665385 -119.461815
214.666346 -124.593109
214.667308 -121.228325
214.668269 -121.046684
214.669231 -117.408943
214.670192 -115.325432
214.671154 -114.773033
214.672115 -115.148911
214.673077 -119.483116
214.674038 -118.959641
214.675000 -121.486839
214.675962 -122.735016
214.676923 -129.407745
214.677885 -126.200409
214.678846 -123.069519
214.679808 -123.238159
214.680769 -114.023994
214.681731 -112.666435
214.682692 -113.054588
214.683654 -112.756432
214.684615 -113.074509
214.685577 -118.030518
214.686538 -115.636612
214.687500 -114.601929
214.688462 -112.543327
214.689423 -112.418427
214.690385 -114.133736
214.691346 -118.714996
214.692308 -118.734406
214.693269 -118.361984
214.694231 -117.510132
214.695192 -112.662827
214.696154 -111.021721
214.697115 -111.496872
214.698077 -118.776459
214.699038 -118.237984
214.700000 -118.583817
214.700962 -120.836525
214.701923 -119.648003
214.702885 -119.434502
214.703846 -120.475487
214.704808 -121.008789
214.705769 -113.366241
214.706731 -113.014252
214.707692 -117.570084
214.708654 -112.437332
214.709615 -109.267288
214.710577 -108.815765
214.711538 -109.863541
214.712500 -114.014145
214.713462 -120.092010
214.714423 -122.153481
214.715385 -118.119873
214.716346 -118.543411
214.717308 -117.473671
214.718269 -117.341507
214.719231 -116.114296
214.720192 -113.089417
214.721154 -113.029007
214.722115 -114.719856
214.723077 -120.333038
214.724038 -119.194382
214.725000 -120.596504
214.725962 -122.618767
214.726923 -123.924202
214.727885 -124.639656
214.728846 -124.143082
214.729808 -119.401199
214.730769 -117.027344
214.731731 -116.971390
214.732692 -116.641129
214.733654 -115.645821
214.734615 -114.067764
214.735577 -114.927719
214.736538 -111.804276
214.737500 -111.614502
214.738462 -113.981163
214.739423 -115.823616
214.740385 -111.553307
214.741346 -110.780746
214.742308 -111.437782
214.743269 -119.016121
214.744231 -117.612717
214.745192 -116.397316
214.746154 -115.454315
214.747115 -115.416901
214.748077 -116.861404
214.749038 -116.116341
214.750000 -114.234612
214.750962 -114.133354
214.751923 -117.802353
214.752885 -121.936005
214.753846 -118.989716
214.754808 -120.367035
214.755769 -117.268799
214.756731 -113.785912
214.757692 -113.350212
214.758654 -114.496063
214.759615 -116.040787
214.760577 -113.900604
214.761538 -113.860565
214.762500 -113.703789
214.763462 -114.074341
214.764423 -113.182198
214.765385 -111.393417
214.766346 -111.937614
214.767308 -116.904823
214.768269 -116.923386
214.769231 -118.162079
214.770192 -117.682335
214.771154 -121.319801
214.772115 -115.352600
214.773077 -114.735214
214.774038 -115.824707
214.775000 -125.184296
214.775962 -117.745789
214.776923 -117.424416
214.777885 -118.937180
214.778846 -122.135963
214.779808 -118.877884
214.780769 -118.819016
214.781731 -117.515648
214.782692 -118.130722
214.783654 -116.873703
214.784615 -113.450073
214.785577 -113.703056
214.786538 -119.541588
214.787500 -112.957504
214.788462 -109.642380
214.789423 -108.969978
214.790385 -109.838097
214.791346 -115.743828
214.792308 -121.919846
214.793269 -121.577332
214.794231 -120.908691
214.795192 -118.412865
214.796154 -118.834587
214.797115 -121.835144
214.798077 -127.540764
214.799038 -128.873001
214.800000 -121.173836
214.800962 -120.956024
214.801923 -116.740028
214.802885 -113.005531
214.803846 -112.528511
214.804808 -111.467667
214.805769 -110.356361
214.806731 -110.128334
214.807692 -111.942146
214.808654 -115.628265
214.809615 -110.353294
214.810577 -110.220367
214.811538 -114.254669
214.812500 -117.093132
214.813462 -116.994904
214.814423 -115.998116
214.815385 -115.348885
214.816346 -117.656868
214.817308 -122.810982
214.818269 -122.891525
214.819231 -119.959534
214.820192 -119.470116
214.821154 -119.406769
214.822115 -119.508629
214.823077 -122.715927
214.824038 -121.337112
214.825000 -122.964104
214.825962 -127.042686
214.826923 -124.730179
214.827885 -121.985954
214.828846 -120.816643
214.829808 -118.127670
214.830769 -116.420731
214.831731 -116.359627
214.832692 -116.984749
214.833654 -114.755066
214.834615 -111.648834
214.835577 -111.140312
214.836538 -111.878204
214.837500 -117.576630
214.838462 -115.578506
214.839423 -115.543633
214.840385 -118.759575
214.841346 -123.487068
214.842308 -118.319717
214.843269 -118.217827
214.844231 -115.074081
214.845192 -109.617271
214.846154 -107.855850
214.847115 -107.653259
214.848077 -110.367386
214.849038 -117.324631
214.850000 -115.505951
214.850962 -115.561989
214.851923 -115.035950
214.852885 -114.393394
214.853846 -113.842270
214.854808 -116.051537
214.855769 -119.795776
214.856731 -119.708237
214.857692 -119.644417
214.858654 -116.127663
214.859615 -116.127251
214.860577 -120.642273
214.861538 -115.264488
214.862500 -114.131294
214.863462 -115.624123
214.864423 -114.982140
214.865385 -113.064674
214.866346 -111.495262
214.867308 -111.064796
214.868269 -113.069077
214.869231 -115.049973
214.870192 -112.943878
214.871154 -112.417023
214.872115 -112.866821
214.873077 -114.266090
214.874038 -120.763664
214.875000 -121.787338
214.875962 -126.591873
214.876923 -123.884468
214.877885 -122.671654
214.878846 -118.607986
214.879808 -117.788467
214.880769 -118.445892
214.881731 -123.237907
214.882692 -119.592728
214.883654 -118.957039
214.884615 -118.566971
214.885577 -117.734802
214.886538 -121.576721
214.887500 -121.870277
214.888462 -116.770256
214.889423 -116.705711
214.890385 -116.789467
214.891346 -116.596733
214.892308 -119.388504
214.893269 -115.308220
214.894231 -112.015434
214.895192 -111.948936
214.896154 -114.094536
214.897115 -116.919327
214.898077 -115.727417
214.899038 -113.704674
214.900000 -110.159927
214.900962 -110.118950
214.901923 -113.452194
214.902885 -121.295761
214.903846 -112.385338
214.904808 -112.050636
214.905769 -114.486916
214.906731 -118.125954
214.907692 -116.894333
214.908654 -117.820549
214.909615 -115.450432
214.910577 -114.004532
214.911538 -113.761383
214.912500 -113.656868
214.913462 -114.872200
214.914423 -116.034851
214.915385 -115.543213
214.916346 -116.059196
214.917308 -119.337090
214.918269 -120.712791
214.919231 -120.489944
214.920192 -124.596680
214.921154 -125.258636
214.922115 -118.867577
214.923077 -112.888695
214.924038 -112.367096
214.925000 -112.789650
214.925962 -113.398491
214.926923 -114.128403
214.927885 -120.398384
214.928846 -122.592415
214.929808 -121.317795
214.930769 -118.927345
214.931731 -120.186310
214.932692 -116.638596
214.933654 -115.199059
214.934615 -114.217613
214.935577 -114.430893
214.936538 -118.016090
214.937500 -115.380486
214.938462 -115.223480
214.939423 -117.067558
214.940385 -116.382927
214.941346 -116.716927
214.942308 -119.801666
214.943269 -119.361023
214.944231 -119.739906
214.945192 -120.147606
214.946154 -120.216270
214.947115 -119.871895
214.948077 -114.398178
214.949038 -112.089867
214.950000 -112.086800
214.950962 -114.267479
214.951923 -115.259529
214.952885 -115.967575
214.953846 -117.204529
214.954808 -120.201447
214.955769 -119.138046
214.956731 -111.434181
214.957692 -110.217361
214.958654 -111.059921
214.959615 -115.518524
214.960577 -115.651566
214.961538 -115.157570
214.962500 -116.142685
214.963462 -120.602409
214.964423 -115.106300
214.965385 -114.523697
214.966346 -115.340164
214.967308 -117.222900
214.968269 -117.833771
214.969231 -116.607704
214.970192 -114.685577
214.971154 -109.249146
214.972115 -107.845383
214.973077 -108.447655
214.974038 -113.436684
214.975000 -116.347275
214.975962 -115.912254
214.976923 -117.270454
214.977885 -122.666359
214.978846 -117.602882
214.979808 -117.626015
214.980769 -120.350861
214.981731 -116.928238
214.982692 -117.108452
214.983654 -119.687828
214.984615 -117.324600
214.985577 -113.301239
214.986538 -113.465363
214.987500 -119.330765
214.988462 -121.277916
214.989423 -122.427094
214.990385 -121.008133
214.991346 -120.241989
214.992308 -119.664558
214.993269 -119.525635
214.994231 -120.701172
214.995192 -121.331429
214.996154 -119.972038
214.997115 -117.085670
214.998077 -115.108383
214.999038 -114.632782
215.000000 -115.098648
