308.057000 -145.168472
308.057010 -141.812866
308.057019 -139.627167
308.057029 -138.168259
308.057038 -137.202332
308.057048 -136.584778
308.057058 -136.224701
308.057067 -136.046082
308.057077 -135.996490
308.057087 -135.991730
308.057096 -136.115158
308.057106 -136.385513
308.057115 -136.831543
308.057125 -137.492599
308.057135 -138.385117
308.057144 -139.442703
308.057154 -140.377930
308.057163 -140.066116
308.057173 -138.644577
308.057183 -137.163620
308.057192 -135.953232
308.057202 -135.127274
308.057212 -134.714432
308.057221 -134.662598
308.057231 -134.708160
308.057240 -135.123856
308.057250 -135.948334
308.057260 -137.027359
308.057269 -137.432495
308.057279 -135.748306
308.057288 -133.640366
308.057298 -131.699036
308.057308 -130.087601
308.057317 -128.813950
308.057327 -127.848465
308.057337 -127.157799
308.057346 -126.713966
308.057356 -126.506180
308.057365 -126.478363
308.057375 -126.518272
308.057385 -126.752014
308.057394 -127.190643
308.057404 -127.831230
308.057413 -128.662369
308.057423 -129.658279
308.057433 -130.762985
308.057442 -131.867386
308.057452 -132.777512
308.057462 -133.298416
308.057471 -133.132187
308.057481 -132.596375
308.057490 -131.971436
308.057500 -131.330109
308.057510 -130.682098
308.057519 -130.057388
308.057529 -129.459396
308.057538 -128.894180
308.057548 -128.375519
308.057558 -127.919083
308.057567 -127.542664
308.057577 -127.260834
308.057587 -127.086182
308.057596 -127.026062
308.057606 -127.026047
308.057615 -127.077690
308.057625 -127.237923
308.057635 -127.498367
308.057644 -127.831993
308.057654 -128.186188
308.057663 -128.495636
308.057673 -128.683533
308.057683 -128.544891
308.057692 -128.156631
308.057702 -127.649864
308.057712 -127.102524
308.057721 -126.580193
308.057731 -126.127312
308.057740 -125.772453
308.057750 -125.531990
308.057760 -125.414665
308.057769 -125.396416
308.057779 -125.421700
308.057788 -125.576691
308.057798 -125.855927
308.057808 -126.262398
308.057817 -126.787445
308.057827 -127.417404
308.057837 -128.134048
308.057846 -128.920044
308.057856 -129.763901
308.057865 -130.668915
308.057875 -131.656204
308.057885 -132.761520
308.057894 -134.013260
308.057904 -135.379761
308.057913 -136.797195
308.057923 -137.999130
308.057933 -138.465195
308.057942 -137.898422
308.057952 -137.306427
308.057962 -136.931702
308.057971 -136.832977
308.057981 -136.843887
308.057990 -137.149841
308.058000 -137.867599
308.058010 -139.063507
308.058019 -140.829330
308.058029 -143.200119
308.058038 -145.026154
308.058048 -142.022156
308.058058 -139.020889
308.058067 -136.602463
308.058077 -134.701630
308.058087 -133.205734
308.058096 -132.032028
308.058106 -131.119308
308.058115 -130.422516
308.058125 -129.903992
308.058135 -129.532776
308.058144 -129.281357
308.058154 -129.124374
308.058163 -129.053864
308.058173 -129.023636
308.058183 -129.041626
308.058192 -129.134964
308.058202 -129.303177
308.058212 -129.540970
308.058221 -129.829758
308.058231 -130.129532
308.058240 -130.371613
308.058250 -130.413681
308.058260 -130.057205
308.058269 -129.481750
308.058279 -128.786179
308.058288 -128.062393
308.058298 -127.378502
308.058308 -126.769753
308.058317 -126.238937
308.058327 -125.804688
308.058337 -125.460869
308.058346 -125.198830
308.058356 -125.012283
308.058365 -124.897690
308.058375 -124.856224
308.058385 -124.856094
308.058394 -124.891174
308.058404 -125.007065
308.058413 -125.205795
308.058423 -125.486008
308.058433 -125.839058
308.058442 -126.249245
308.058452 -126.690598
308.058462 -127.120491
308.058471 -127.499016
308.058481 -127.787300
308.058490 -127.931107
308.058500 -127.819397
308.058510 -127.554771
308.058519 -127.196518
308.058529 -126.778595
308.058538 -126.326149
308.058548 -125.855835
308.058558 -125.376282
308.058567 -124.895187
308.058577 -124.421928
308.058587 -123.971916
308.058596 -123.564529
308.058606 -123.222351
308.058615 -122.967377
308.058625 -122.820351
308.058635 -122.790665
308.058644 -122.797707
308.058654 -122.907234
308.058663 -123.171951
308.058673 -123.605263
308.058683 -124.220673
308.058692 -125.032356
308.058702 -126.053185
308.058712 -127.289185
308.058721 -128.721725
308.058731 -130.266953
308.058740 -131.700363
308.058750 -132.634018
308.058760 -132.255508
308.058769 -131.486969
308.058779 -130.752655
308.058788 -130.171707
308.058798 -129.771332
308.058808 -129.540497
308.058817 -129.457092
308.058827 -129.455795
308.058837 -129.498138
308.058846 -129.646271
308.058856 -129.893341
308.058865 -130.244019
308.058875 -130.717682
308.058885 -131.348068
308.058894 -132.194992
308.058904 -133.347397
308.058913 -134.938446
308.058923 -137.172989
308.058933 -140.320313
308.058942 -143.058533
308.058952 -139.191223
308.058962 -136.095261
308.058971 -133.933243
308.058981 -132.469498
308.058990 -131.536087
308.059000 -131.072479
308.059010 -131.009903
308.059019 -131.039215
308.059029 -131.420624
308.059038 -132.205093
308.059048 -133.324753
308.059058 -134.488602
308.059067 -133.989182
308.059077 -132.112167
308.059087 -130.130722
308.059096 -128.403900
308.059106 -127.005974
308.059115 -125.925980
308.059125 -125.137802
308.059135 -124.618561
308.059144 -124.351952
308.059154 -124.313637
308.059163 -124.328476
308.059173 -124.543953
308.059183 -124.998779
308.059192 -125.697502
308.059202 -126.643829
308.059212 -127.845879
308.059221 -129.319382
308.059231 -131.068878
308.059240 -133.077713
308.059250 -135.256485
308.059260 -137.340622
308.059269 -138.748169
308.059279 -138.666946
308.059288 -137.765442
308.059298 -136.785950
308.059308 -135.825928
308.059317 -134.900192
308.059327 -134.006668
308.059337 -133.153015
308.059346 -132.354889
308.059356 -131.634613
308.059365 -131.010956
308.059375 -130.497040
308.059385 -130.093811
308.059394 -129.791138
308.059404 -129.563644
308.059413 -129.374512
308.059423 -129.182892
308.059433 -128.946289
308.059442 -128.640640
308.059452 -128.265244
308.059462 -127.840889
308.059471 -127.402588
308.059481 -126.986832
308.059490 -126.626472
308.059500 -126.334702
308.059510 -126.138115
308.059519 -126.047493
308.059529 -126.043610
308.059538 -126.063904
308.059548 -126.179970
308.059558 -126.378784
308.059567 -126.633339
308.059577 -126.907845
308.059587 -127.163956
308.059596 -127.372772
308.059606 -127.526978
308.059615 -127.648499
308.059625 -127.782959
308.059635 -127.989624
308.059644 -128.329193
308.059654 -128.861176
308.059663 -129.642853
308.059673 -130.737885
308.059683 -132.225098
308.059692 -134.221146
308.059702 -136.918793
308.059712 -140.681076
308.059721 -146.080215
308.059731 -145.899323
308.059740 -142.610031
308.059750 -140.599243
308.059760 -139.259003
308.059769 -138.158340
308.059779 -137.013779
308.059788 -135.738327
308.059798 -134.398651
308.059808 -133.115723
308.059817 -131.981277
308.059827 -131.046326
308.059837 -130.327835
308.059846 -129.816437
308.059856 -129.523468
308.059865 -129.441620
308.059875 -129.442871
308.059885 -129.571274
308.059894 -129.910172
308.059904 -130.469360
308.059913 -131.269440
308.059923 -132.341949
308.059933 -133.724518
308.059942 -135.424301
308.059952 -137.281143
308.059962 -138.410721
308.059971 -136.883255
308.059981 -135.115814
308.059990 -133.633713
308.060000 -132.544220
308.060010 -131.832947
308.060019 -131.461060
308.060029 -131.381775
308.060038 -131.385483
308.060048 -131.556168
308.060058 -131.906586
308.060067 -132.341248
308.060077 -132.732712
308.060087 -132.871338
308.060096 -132.522110
308.060106 -131.973206
308.060115 -131.324707
308.060125 -130.656769
308.060135 -130.017853
308.060144 -129.436356
308.060154 -128.930115
308.060163 -128.516083
308.060173 -128.212814
308.060183 -128.043900
308.060192 -128.022324
308.060202 -128.037506
308.060212 -128.227966
308.060221 -128.657211
308.060231 -129.380569
308.060240 -130.476685
308.060250 -132.069901
308.060260 -134.378586
308.060269 -137.820175
308.060279 -142.810486
308.060288 -138.387894
308.060298 -134.655075
308.060308 -132.119904
308.060317 -130.298599
308.060327 -128.970810
308.060337 -127.995522
308.060346 -127.283913
308.060356 -126.775871
308.060365 -126.427277
308.060375 -126.203796
308.060385 -126.074875
308.060394 -126.019279
308.060404 -126.000267
308.060413 -126.008919
308.060423 -126.058868
308.060433 -126.140678
308.060442 -126.249275
308.060452 -126.383232
308.060462 -126.544266
308.060471 -126.735977
308.060481 -126.962593
308.060490 -127.227043
308.060500 -127.529121
308.060510 -127.863449
308.060519 -128.217697
308.060529 -128.569412
308.060538 -128.886902
308.060548 -129.131760
308.060558 -129.264862
308.060567 -129.152176
308.060577 -128.866196
308.060587 -128.470184
308.060596 -128.000214
308.060606 -127.489975
308.060615 -126.968567
308.060625 -126.454536
308.060635 -125.967659
308.060644 -125.526741
308.060654 -125.143768
308.060663 -124.828827
308.060673 -124.590446
308.060683 -124.435371
308.060692 -124.368835
308.060702 -124.366882
308.060712 -124.394661
308.060721 -124.514923
308.060731 -124.730042
308.060740 -125.038849
308.060750 -125.437538
308.060760 -125.919373
308.060769 -126.472702
308.060779 -127.080032
308.060788 -127.715942
308.060798 -128.348236
308.060808 -128.940323
308.060817 -129.460464
308.060827 -129.890945
308.060837 -130.238831
308.060846 -130.534210
308.060856 -130.825729
308.060865 -131.160355
308.060875 -131.587708
308.060885 -132.170013
308.060894 -132.947525
308.060904 -133.932510
308.060913 -135.042587
308.060923 -135.951538
308.060933 -135.354507
308.060942 -133.651566
308.060952 -131.783752
308.060962 -130.071060
308.060971 -128.607681
308.060981 -127.403069
308.060990 -126.442833
308.061000 -125.709023
308.061010 -125.185486
308.061019 -124.858513
308.061029 -124.713654
308.061038 -124.693726
308.061048 -124.735710
308.061058 -124.932755
308.061067 -125.261787
308.061077 -125.695671
308.061087 -126.188133
308.061096 -126.664925
308.061106 -127.048088
308.061115 -127.263840
308.061125 -127.165939
308.061135 -126.868111
308.061144 -126.513351
308.061154 -126.163597
308.061163 -125.860626
308.061173 -125.615608
308.061183 -125.443558
308.061192 -125.348099
308.061202 -125.321083
308.061212 -125.321205
308.061221 -125.350830
308.061231 -125.422394
308.061240 -125.520271
308.061250 -125.629662
308.061260 -125.737343
308.061269 -125.834137
308.061279 -125.914688
308.061288 -125.978729
308.061298 -126.028397
308.061308 -126.067604
308.061317 -126.098282
308.061327 -126.119858
308.061337 -126.112503
308.061346 -126.067787
308.061356 -125.989700
308.061365 -125.882813
308.061375 -125.762596
308.061385 -125.652786
308.061394 -125.582687
308.061404 -125.577965
308.061413 -125.581406
308.061423 -125.674751
308.061433 -125.881592
308.061442 -126.200600
308.061452 -126.642586
308.061462 -127.202560
308.061471 -127.862442
308.061481 -128.594681
308.061490 -129.368301
308.061500 -130.157562
308.061510 -130.954361
308.061519 -131.775818
308.061529 -132.664764
308.061538 -133.679092
308.061548 -134.875000
308.061558 -136.239838
308.061567 -137.732391
308.061577 -139.038818
308.061587 -138.883499
308.061596 -137.533035
308.061606 -136.079910
308.061615 -134.797302
308.061625 -133.743713
308.061635 -132.914749
308.061644 -132.298813
308.061654 -131.873291
308.061663 -131.623138
308.061673 -131.539551
308.061683 -131.531204
308.061692 -131.644958
308.061702 -131.938843
308.061712 -132.447083
308.061721 -133.185104
308.061731 -134.197113
308.061740 -135.507980
308.061750 -137.107971
308.061760 -138.863449
308.061769 -140.343124
308.061779 -140.276291
308.061788 -139.229004
308.061798 -138.261658
308.061808 -137.582703
308.061817 -137.235596
308.061827 -137.203903
308.061837 -137.219635
308.061846 -137.525864
308.061856 -138.153259
308.061865 -139.103867
308.061875 -140.365463
308.061885 -141.839752
308.061894 -143.180374
308.061904 -143.006195
308.061913 -141.652176
308.061923 -140.280823
308.061933 -139.177475
308.061942 -138.410034
308.061952 -137.979248
308.061962 -137.860809
308.061971 -137.861740
308.061981 -138.039627
308.061990 -138.521072
308.062000 -139.312653
308.062010 -140.433182
308.062019 -141.900208
308.062029 -143.663254
308.062038 -145.278702
308.062048 -144.602478
308.062058 -142.472641
308.062067 -140.416794
308.062077 -138.693451
308.062087 -137.320145
308.062096 -136.262711
308.062106 -135.489807
308.062115 -134.977875
308.062125 -134.716064
308.062135 -134.671646
308.062144 -134.703217
308.062154 -134.951324
308.062163 -135.474854
308.062173 -136.298035
308.062183 -137.445313
308.062192 -138.845230
308.062202 -140.114853
308.062212 -139.148666
308.062221 -137.278824
308.062231 -135.524429
308.062240 -134.152740
308.062250 -133.210922
308.062260 -132.688904
308.062269 -132.558273
308.062279 -132.567383
308.062288 -132.866379
308.062298 -133.577393
308.062308 -134.708389
308.062317 -136.237335
308.062327 -138.040787
308.062337 -139.689728
308.062346 -140.512085
308.062356 -139.960281
308.062365 -139.489105
308.062375 -139.332062
308.062385 -139.307846
308.062394 -139.566132
308.062404 -140.126053
308.062413 -140.880859
308.062423 -141.664291
308.062433 -142.235214
308.062442 -142.221786
308.062452 -141.617950
308.062462 -140.811279
308.062471 -139.899734
308.062481 -138.940460
308.062490 -137.982605
308.062500 -137.045593
308.062510 -136.145493
308.062519 -135.299805
308.062529 -134.528183
308.062538 -133.854202
308.062548 -133.302444
308.062558 -132.897552
308.062567 -132.634583
308.062577 -132.513123
308.062587 -132.477142
308.062596 -132.418930
308.062606 -132.107452
308.062615 -131.320984
308.062625 -130.071838
308.062635 -128.565048
308.062644 -127.032036
308.062654 -125.622177
308.062663 -124.404114
308.062673 -123.400566
308.062683 -122.610771
308.062692 -122.024109
308.062702 -121.624588
308.062712 -121.394066
308.062721 -121.308937
308.062731 -121.298470
308.062740 -121.351654
308.062750 -121.506058
308.062760 -121.736588
308.062769 -122.027840
308.062779 -122.363464
308.062788 -122.732368
308.062798 -123.129341
308.062808 -123.543518
308.062817 -123.965218
308.062827 -124.382980
308.062837 -124.759026
308.062846 -125.036438
308.062856 -125.076050
308.062865 -124.820305
308.062875 -124.453217
308.062885 -124.061523
308.062894 -123.724014
308.062904 -123.498528
308.062913 -123.422081
308.062923 -123.422226
308.062933 -123.505264
308.062942 -123.769142
308.062952 -124.220573
308.062962 -124.859581
308.062971 -125.684288
308.062981 -126.690781
308.062990 -127.875282
308.063000 -129.233185
308.063010 -130.759567
308.063019 -132.442093
308.063029 -134.244919
308.063038 -136.060043
308.063048 -137.579758
308.063058 -138.400345
308.063067 -137.783417
308.063077 -136.791031
308.063087 -135.803238
308.063096 -134.928238
308.063106 -134.193787
308.063115 -133.596542
308.063125 -133.128250
308.063135 -132.782425
308.063144 -132.555389
308.063154 -132.463257
308.063163 -132.426895
308.063173 -132.507019
308.063183 -132.758408
308.063192 -133.194443
308.063202 -133.800812
308.063212 -134.491959
308.063221 -135.031113
308.063231 -134.415237
308.063240 -132.985657
308.063250 -131.328888
308.063260 -129.746933
308.063269 -128.367798
308.063279 -127.227127
308.063288 -126.326279
308.063298 -125.655441
308.063308 -125.203804
308.063317 -124.959206
308.063327 -124.906639
308.063337 -124.912453
308.063346 -125.066811
308.063356 -125.420944
308.063365 -125.976288
308.063375 -126.733131
308.063385 -127.685966
308.063394 -128.808380
308.063404 -130.026489
308.063413 -131.173996
308.063423 -131.980988
308.063433 -131.862656
308.063442 -131.206711
308.063452 -130.495255
308.063462 -129.877274
308.063471 -129.412186
308.063481 -129.113586
308.063490 -128.973709
308.063500 -128.963928
308.063510 -128.978027
308.063519 -129.108627
308.063529 -129.348892
308.063538 -129.682541
308.063548 -130.095322
308.063558 -130.571625
308.063567 -131.093735
308.063577 -131.636108
308.063587 -132.163773
308.063596 -132.629120
308.063606 -132.980835
308.063615 -133.176544
308.063625 -133.087280
308.063635 -132.876602
308.063644 -132.629089
308.063654 -132.392548
308.063663 -132.194931
308.063673 -132.043045
308.063683 -131.921021
308.063692 -131.792664
308.063702 -131.608398
308.063712 -131.321350
308.063721 -130.908829
308.063731 -130.386536
308.063740 -129.804306
308.063750 -129.226334
308.063760 -128.713959
308.063769 -128.315735
308.063779 -128.068130
308.063788 -127.996941
308.063798 -127.998589
308.063808 -128.123093
308.063817 -128.472244
308.063827 -129.081894
308.063837 -129.996582
308.063846 -131.280396
308.063856 -133.019287
308.063865 -135.287125
308.063875 -137.875336
308.063885 -137.967896
308.063894 -135.587875
308.063904 -133.599213
308.063913 -132.210464
308.063923 -131.373077
308.063933 -131.036255
308.063942 -131.021362
308.063952 -131.183868
308.063962 -131.824966
308.063971 -133.043472
308.063981 -134.994125
308.063990 -137.949829
308.064000 -141.933609
308.064010 -138.889542
308.064019 -135.415665
308.064029 -132.976913
308.064038 -131.248215
308.064048 -130.008423
308.064058 -129.120773
308.064067 -128.495758
308.064077 -128.069595
308.064087 -127.795631
308.064096 -127.638824
308.064106 -127.575607
308.064115 -127.573357
308.064125 -127.592178
308.064135 -127.685303
308.064144 -127.857170
308.064154 -128.112198
308.064163 -128.470001
308.064173 -128.940964
308.064183 -129.525909
308.064192 -130.206635
308.064202 -130.924026
308.064212 -131.575592
308.064221 -132.034790
308.064231 -132.108505
308.064240 -131.703857
308.064250 -131.168182
308.064260 -130.632889
308.064269 -130.173080
308.064279 -129.827972
308.064288 -129.610306
308.064298 -129.519974
308.064308 -129.499329
308.064317 -129.553391
308.064327 -129.716492
308.064337 -129.958725
308.064346 -130.261475
308.064356 -130.590912
308.064365 -130.906540
308.064375 -131.166397
308.064385 -131.337143
308.064394 -131.360321
308.064404 -131.241241
308.064413 -131.085052
308.064423 -130.943573
308.064433 -130.869186
308.064442 -130.854889
308.064452 -130.930542
308.064462 -131.205170
308.064471 -131.750610
308.064481 -132.682999
308.064490 -134.171417
308.064500 -136.537308
308.064510 -140.522293
308.064519 -143.335495
308.064529 -137.038437
308.064538 -133.133286
308.064548 -130.419083
308.064558 -128.405334
308.064567 -126.865303
308.064577 -125.677338
308.064587 -124.769463
308.064596 -124.096436
308.064606 -123.628571
308.064615 -123.346161
308.064625 -123.232147
308.064635 -123.216446
308.064644 -123.282288
308.064654 -123.501785
308.064663 -123.865509
308.064673 -124.375122
308.064683 -125.020721
308.064692 -125.785721
308.064702 -126.641556
308.064712 -127.543671
308.064721 -128.427902
308.064731 -129.211899
308.064740 -129.820511
308.064750 -130.235565
308.064760 -130.479080
308.064769 -130.609467
308.064779 -130.690506
308.064788 -130.768631
308.064798 -130.859146
308.064808 -130.944016
308.064817 -130.943909
308.064827 -130.696854
308.064837 -130.246002
308.064846 -129.646545
308.064856 -128.981857
308.064865 -128.336472
308.064875 -127.776505
308.064885 -127.345757
308.064894 -127.069916
308.064904 -126.961304
308.064913 -126.958076
308.064923 -127.012619
308.064933 -127.234299
308.064942 -127.613632
308.064952 -128.124039
308.064962 -128.714828
308.064971 -129.302200
308.064981 -129.769867
308.064990 -129.954987
308.065000 -129.673752
308.065010 -129.275650
308.065019 -128.878021
308.065029 -128.560806
308.065038 -128.346924
308.065048 -128.238693
308.065058 -128.208939
308.065067 -128.197067
308.065077 -128.213654
308.065087 -128.155762
308.065096 -127.959335
308.065106 -127.678223
308.065115 -127.378525
308.065125 -127.137733
308.065135 -127.025047
308.065144 -126.993179
308.065154 -127.089035
308.065163 -127.400009
308.065173 -127.937500
308.065183 -128.695099
308.065192 -129.650223
308.065202 -130.716599
308.065212 -131.712860
308.065221 -132.440460
308.065231 -132.798462
308.065240 -132.877945
308.065250 -132.890579
308.065260 -133.027725
308.065269 -133.342484
308.065279 -133.885529
308.065288 -134.601700
308.065298 -135.212250
308.065308 -134.438629
308.065317 -133.042160
308.065327 -131.515274
308.065337 -130.128311
308.065346 -128.980240
308.065356 -128.092133
308.065365 -127.458748
308.065375 -127.068039
308.065385 -126.907722
308.065394 -126.901100
308.065404 -126.957306
308.065413 -127.209518
308.065423 -127.647812
308.065433 -128.244568
308.065442 -128.954895
308.065452 -129.709427
308.065462 -130.406494
308.065471 -130.924042
308.065481 -131.197540
308.065490 -131.090042
308.065500 -130.774124
308.065510 -130.391937
308.065519 -129.985291
308.065529 -129.571930
308.065538 -129.155945
308.065548 -128.734726
308.065558 -128.306702
308.065567 -127.873253
308.065577 -127.441826
308.065587 -127.024361
308.065596 -126.637123
308.065606 -126.297531
308.065615 -126.023453
308.065625 -125.829933
308.065635 -125.728874
308.065644 -125.710625
308.065654 -125.721680
308.065663 -125.820335
308.065673 -126.004997
308.065683 -126.253769
308.065692 -126.531174
308.065702 -126.789070
308.065712 -126.972389
308.065721 -127.001129
308.065731 -126.799355
308.065740 -126.496109
308.065750 -126.155350
308.065760 -125.834068
308.065769 -125.580772
308.065779 -125.433800
308.065788 -125.401825
308.065798 -125.420616
308.065808 -125.579849
308.065817 -125.926315
308.065827 -126.480194
308.065837 -127.283836
308.065846 -128.372284
308.065856 -129.771042
308.065865 -131.445602
308.065875 -133.129379
308.065885 -133.462982
308.065894 -131.861542
308.065904 -130.123001
308.065913 -128.617020
308.065923 -127.410385
308.065933 -126.482933
308.065942 -125.798836
308.065952 -125.325165
308.065962 -125.034607
308.065971 -124.897957
308.065981 -124.880768
308.065990 -124.903763
308.066000 -125.042740
308.066010 -125.299332
308.066019 -125.666382
308.066029 -126.138405
308.066038 -126.712639
308.066048 -127.390800
308.066058 -128.179077
308.066067 -129.089600
308.066077 -130.138962
308.066087 -131.346085
308.066096 -132.720947
308.066106 -134.243652
308.066115 -135.815933
308.066125 -137.179993
308.066135 -138.006592
308.066144 -138.135910
308.066154 -137.904083
308.066163 -137.812714
308.066173 -137.811279
308.066183 -137.897415
308.066192 -138.100281
308.066202 -138.299759
308.066212 -138.135941
308.066221 -137.764450
308.066231 -137.352829
308.066240 -137.005447
308.066250 -136.724396
308.066260 -136.522354
308.066269 -136.344513
308.066279 -136.146362
308.066288 -135.911179
308.066298 -135.670807
308.066308 -135.487381
308.066317 -135.424362
308.066327 -135.414551
308.066337 -135.565125
308.066346 -135.929977
308.066356 -136.529861
308.066365 -137.319336
308.066375 -138.073792
308.066385 -138.128967
308.066394 -137.020004
308.066404 -135.641220
308.066413 -134.359940
308.066423 -133.341202
308.066433 -132.640182
308.066442 -132.261841
308.066452 -132.194412
308.066462 -132.213654
308.066471 -132.509460
308.066481 -133.165359
308.066490 -134.218185
308.066500 -135.737244
308.066510 -137.857544
308.066519 -140.862930
308.066529 -145.495911
308.066538 -154.863678
308.066548 -146.739807
308.066558 -142.997925
308.066567 -140.764374
308.066577 -139.272705
308.066587 -138.207764
308.066596 -137.409836
308.066606 -136.799057
308.066615 -136.343140
308.066625 -136.037872
308.066635 -135.889130
308.066644 -135.881088
308.066654 -135.890884
308.066663 -136.006302
308.066673 -136.142685
308.066683 -135.895859
308.066692 -135.338654
308.066702 -134.604813
308.066712 -133.886353
308.066721 -133.350388
308.066731 -133.115219
308.066740 -133.111450
308.066750 -133.266785
308.066760 -133.823639
308.066769 -134.840240
308.066779 -136.108780
308.066788 -135.954544
308.066798 -133.663254
308.066808 -131.261185
308.066817 -129.221222
308.066827 -127.596535
308.066837 -126.344208
308.066846 -125.412994
308.066856 -124.760826
308.066865 -124.356071
308.066875 -124.174820
308.066885 -124.151230
308.066894 -124.201729
308.066904 -124.455498
308.066913 -124.918419
308.066923 -125.623482
308.066933 -126.616203
308.066942 -127.978027
308.066952 -129.859253
308.066962 -132.568375
308.066971 -136.888901
308.066981 -143.019638
308.066990 -135.476303
308.067000 -131.415573
308.067010 -128.725159
308.067019 -126.775658
308.067029 -125.305435
308.067038 -124.182701
308.067048 -123.333672
308.067058 -122.713882
308.067067 -122.295280
308.067077 -122.059196
308.067087 -121.987572
308.067096 -121.981277
308.067106 -122.082489
308.067115 -122.324661
308.067125 -122.704308
308.067135 -123.212730
308.067144 -123.838654
308.067154 -124.570877
308.067163 -125.398994
308.067173 -126.316200
308.067183 -127.321297
308.067192 -128.422974
308.067202 -129.644226
308.067212 -131.031967
308.067221 -132.668121
308.067231 -134.735809
308.067240 -137.637970
308.067250 -142.550415
308.067260 -144.412857
308.067269 -137.039063
308.067279 -132.752258
308.067288 -129.671173
308.067298 -127.272461
308.067308 -125.338478
308.067317 -123.756203
308.067327 -122.466255
308.067337 -121.429497
308.067346 -120.619873
308.067356 -120.019241
308.067365 -119.614906
308.067375 -119.397652
308.067385 -119.351028
308.067394 -119.358536
308.067404 -119.500893
308.067413 -119.813339
308.067423 -120.295738
308.067433 -120.945633
308.067442 -121.759682
308.067452 -122.733238
308.067462 -123.858810
308.067471 -125.125549
308.067481 -126.517647
308.067490 -128.013962
308.067500 -129.577271
308.067510 -131.169540
308.067519 -132.740906
308.067529 -134.210129
308.067538 -135.455490
308.067548 -136.323120
308.067558 -136.575607
308.067567 -136.093033
308.067577 -135.412766
308.067587 -134.669250
308.067596 -133.955261
308.067606 -133.333786
308.067615 -132.853455
308.067625 -132.553925
308.067635 -132.469757
308.067644 -132.472076
308.067654 -132.643814
308.067663 -133.109451
308.067673 -133.919418
308.067683 -135.149796
308.067692 -136.928329
308.067702 -139.509949
308.067712 -143.513382
308.067721 -150.994659
308.067731 -144.300827
308.067740 -139.850555
308.067750 -136.848846
308.067760 -134.572098
308.067769 -132.718384
308.067779 -131.152771
308.067788 -129.814499
308.067798 -128.677490
308.067808 -127.732918
308.067817 -126.978760
308.067827 -126.415749
308.067837 -126.043968
308.067846 -125.861855
308.067856 -125.837891
308.067865 -125.864540
308.067875 -126.041985
308.067885 -126.373917
308.067894 -126.830826
308.067904 -127.371902
308.067913 -127.936317
308.067923 -128.447159
308.067933 -128.819977
308.067942 -128.901901
308.067952 -128.589874
308.067962 -128.102676
308.067971 -127.516121
308.067981 -126.903954
308.067990 -126.326805
308.068000 -125.827171
308.068010 -125.431870
308.068019 -125.154320
308.068029 -124.998573
308.068038 -124.960571
308.068048 -124.961899
308.068058 -125.038551
308.068067 -125.220985
308.068077 -125.503746
308.068087 -125.884239
308.068096 -126.363228
308.068106 -126.939705
308.068115 -127.635269
308.068125 -128.470551
308.068135 -129.473419
308.068144 -130.681931
308.068154 -132.144180
308.068163 -133.911362
308.068173 -135.984039
308.068183 -138.039444
308.068192 -138.331451
308.068202 -136.397842
308.068212 -134.483917
308.068221 -132.908051
308.068231 -131.682983
308.068240 -130.761566
308.068250 -130.092896
308.068260 -129.633972
308.068269 -129.338272
308.068279 -129.181900
308.068288 -129.119476
308.068298 -129.084351
308.068308 -129.108459
308.068317 -129.157516
308.068327 -129.196609
308.068337 -129.202896
308.068346 -129.176285
308.068356 -129.139877
308.068365 -129.130402
308.068375 -129.180847
308.068385 -129.290283
308.068394 -129.398117
308.068404 -129.439804
308.068413 -129.181976
308.068423 -128.702942
308.068433 -128.094955
308.068442 -127.494293
308.068452 -127.024445
308.068462 -126.774895
308.068471 -126.756592
308.068481 -126.809525
308.068490 -127.177216
308.068500 -127.923630
308.068510 -129.134552
308.068519 -130.922943
308.068529 -133.461563
308.068538 -136.885895
308.068548 -138.795547
308.068558 -135.732193
308.068567 -133.420563
308.068577 -131.932327
308.068587 -131.078476
308.068596 -130.726654
308.068606 -130.688873
308.068615 -130.792419
308.068625 -131.240387
308.068635 -132.008453
308.068644 -133.043655
308.068654 -134.226547
308.068663 -135.300293
308.068673 -135.755096
308.068683 -134.898438
308.068692 -133.660324
308.068702 -132.289551
308.068712 -130.895889
308.068721 -129.563324
308.068731 -128.336807
308.068740 -127.245728
308.068750 -126.314674
308.068760 -125.561440
308.068769 -124.998695
308.068779 -124.634117
308.068788 -124.473175
308.068798 -124.466393
308.068808 -124.519714
308.068817 -124.772797
308.068827 -125.239983
308.068837 -125.926987
308.068846 -126.841080
308.068856 -127.989510
308.068865 -129.376892
308.068875 -130.990570
308.068885 -132.765594
308.068894 -134.499756
308.068904 -135.714111
308.068913 -135.548035
308.068923 -134.565842
308.068933 -133.523224
308.068942 -132.570694
308.068952 -131.744080
308.068962 -131.035034
308.068971 -130.441803
308.068981 -129.964432
308.068990 -129.605377
308.069000 -129.373001
308.069010 -129.277664
308.069019 -129.274536
308.069029 -129.331985
308.069038 -129.556976
308.069048 -129.971115
308.069058 -130.594467
308.069067 -131.447708
308.069077 -132.549515
308.069087 -133.904266
308.069096 -135.469543
308.069106 -137.079742
308.069115 -138.304184
308.069125 -138.554092
308.069135 -137.948563
308.069144 -137.436661
308.069154 -137.201202
308.069163 -137.192627
308.069173 -137.307358
308.069183 -137.819183
308.069192 -138.742905
308.069202 -139.983170
308.069212 -140.700882
308.069221 -138.591248
308.069231 -135.878113
308.069240 -133.347122
308.069250 -131.180145
308.069260 -129.371094
308.069269 -127.880669
308.069279 -126.670082
308.069288 -125.706619
308.069298 -124.961998
308.069308 -124.411812
308.069317 -124.033623
308.069327 -123.807426
308.069337 -123.715294
308.069346 -123.712357
308.069356 -123.743263
308.069365 -123.881248
308.069375 -124.125366
308.069385 -124.477661
308.069394 -124.946777
308.069404 -125.545921
308.069413 -126.291748
308.069423 -127.200829
308.069433 -128.286362
308.069442 -129.551071
308.069452 -130.975952
308.069462 -132.501434
308.069471 -134.005737
308.069481 -135.308792
308.069490 -136.248672
308.069500 -136.797897
308.069510 -137.067551
308.069519 -137.190353
308.069529 -137.167664
308.069538 -136.977814
308.069548 -136.654556
308.069558 -136.247864
308.069567 -135.844910
308.069577 -135.539230
308.069587 -135.414932
308.069596 -135.414673
308.069606 -135.544510
308.069615 -135.990906
308.069625 -136.796906
308.069635 -137.915497
308.069644 -138.949570
308.069654 -137.320786
308.069663 -134.987991
308.069673 -132.787018
308.069683 -130.968155
308.069692 -129.553543
308.069702 -128.514053
308.069712 -127.819069
308.069721 -127.444473
308.069731 -127.355507
308.069740 -127.365211
308.069750 -127.580475
308.069760 -128.081741
308.069769 -128.858704
308.069779 -129.887466
308.069788 -131.108902
308.069798 -132.389389
308.069808 -133.463196
308.069817 -134.059982
308.069827 -133.931183
308.069837 -133.536209
308.069846 -133.211395
308.069856 -133.033020
308.069865 -133.001984
308.069875 -133.004822
308.069885 -133.094833
308.069894 -133.273804
308.069904 -133.481903
308.069913 -133.656738
308.069923 -133.737961
308.069933 -133.648239
308.069942 -133.534592
308.069952 -133.467194
308.069962 -133.465668
308.069971 -133.518143
308.069981 -133.752274
308.069990 -134.232864
308.070000 -135.027252
308.070010 -136.222839
308.070019 -137.946472
308.070029 -140.392838
308.070038 -143.722366
308.070048 -144.457458
308.070058 -140.756485
308.070067 -137.841217
308.070077 -135.651596
308.070087 -133.965286
308.070096 -132.630325
308.070106 -131.551331
308.070115 -130.658035
308.070125 -129.918289
308.070135 -129.309113
308.070144 -128.816971
308.070154 -128.438004
308.070163 -128.173691
308.070173 -128.030685
308.070183 -127.997993
308.070192 -128.008438
308.070202 -128.144562
308.070212 -128.422958
308.070221 -128.865753
308.070231 -129.487869
308.070240 -130.309906
308.070250 -131.360138
308.070260 -132.682053
308.070269 -134.342300
308.070279 -136.413651
308.070288 -139.033188
308.070298 -142.183884
308.070308 -143.726242
308.070317 -141.166550
308.070327 -139.020966
308.070337 -137.551743
308.070346 -136.666733
308.070356 -136.310928
308.070365 -136.288300
308.070375 -136.468201
308.070385 -137.161819
308.070394 -138.466049
308.070404 -140.494553
308.070413 -143.183914
308.070423 -143.045258
308.070433 -139.940964
308.070442 -137.431137
308.070452 -135.610275
308.070462 -134.342163
308.070471 -133.513779
308.070481 -133.047668
308.070490 -132.883392
308.070500 -132.868866
308.070510 -132.986267
308.070519 -133.303879
308.070529 -133.782288
308.070538 -134.346939
308.070548 -134.875946
308.070558 -135.214050
308.070567 -134.960510
308.070577 -134.291214
308.070587 -133.437592
308.070596 -132.547897
308.070606 -131.733063
308.070615 -131.064850
308.070625 -130.588959
308.070635 -130.335510
308.070644 -130.287598
308.070654 -130.318481
308.070663 -130.586487
308.070673 -131.126617
308.070683 -131.957092
308.070692 -133.060867
308.070702 -134.343201
308.070712 -135.486725
308.070721 -135.827835
308.070731 -134.850876
308.070740 -133.698410
308.070750 -132.659851
308.070760 -131.832138
308.070769 -131.224762
308.070779 -130.816681
308.070788 -130.577911
308.070798 -130.462097
308.070808 -130.441284
308.070817 -130.442413
308.070827 -130.481064
308.070837 -130.530197
308.070846 -130.454239
308.070856 -130.247177
308.070865 -129.914825
308.070875 -129.489044
308.070885 -129.023972
308.070894 -128.580597
308.070904 -128.215088
308.070913 -127.974609
308.070923 -127.898087
308.070933 -127.898979
308.070942 -128.023834
308.070952 -128.384842
308.070962 -129.022873
308.070971 -129.991165
308.070981 -131.364365
308.070990 -133.256760
308.071000 -135.845276
308.071010 -139.340591
308.071019 -142.932510
308.071029 -139.843643
308.071038 -137.394653
308.071048 -135.823517
308.071058 -134.913559
308.071067 -134.507370
308.071077 -134.466049
308.071087 -134.505936
308.071096 -134.847763
308.071106 -135.492050
308.071115 -136.411682
308.071125 -137.576614
308.071135 -138.917923
308.071144 -140.222046
308.071154 -140.533051
308.071163 -138.973557
308.071173 -136.948380
308.071183 -134.921112
308.071192 -133.059387
308.071202 -131.401825
308.071212 -129.945541
308.071221 -128.671722
308.071231 -127.578217
308.071240 -126.653366
308.071250 -125.886734
308.071260 -125.269455
308.071269 -124.792900
308.071279 -124.449013
308.071288 -124.229912
308.071298 -124.126007
308.071308 -124.108551
308.071317 -124.126465
308.071327 -124.246513
308.071337 -124.460449
308.071346 -124.768135
308.071356 -125.171333
308.071365 -125.671783
308.071375 -126.273682
308.071385 -126.982437
308.071394 -127.802803
308.071404 -128.734924
308.071413 -129.767792
308.071423 -130.869507
308.071433 -131.976624
308.071442 -132.978851
308.071452 -133.763733
308.071462 -134.280960
308.071471 -134.547577
308.071481 -134.635681
308.071490 -134.577591
308.071500 -134.398361
308.071510 -134.114349
308.071519 -133.712296
308.071529 -133.221542
308.071538 -132.681595
308.071548 -132.131393
308.071558 -131.599228
308.071567 -131.082199
308.071577 -130.607925
308.071587 -130.179367
308.071596 -129.800507
308.071606 -129.478226
308.071615 -129.223801
308.071625 -129.050781
308.071635 -128.974915
308.071644 -128.973053
308.071654 -129.013260
308.071663 -129.184357
308.071673 -129.509903
308.071683 -130.017807
308.071692 -130.746216
308.071702 -131.752274
308.071712 -133.128723
308.071721 -135.041855
308.071731 -137.839996
308.071740 -142.421951
308.071750 -147.425034
308.071760 -139.892303
308.071769 -135.893661
308.071779 -133.235718
308.071788 -131.314880
308.071798 -129.880600
308.071808 -128.808746
308.071817 -128.031296
308.071827 -127.508911
308.071837 -127.220757
308.071846 -127.150887
308.071856 -127.157883
308.071865 -127.322159
308.071875 -127.723015
308.071885 -128.380875
308.071894 -129.327301
308.071904 -130.607758
308.071913 -132.303314
308.071923 -134.537415
308.071933 -137.507233
308.071942 -141.414307
308.071952 -144.107300
308.071962 -141.127029
308.071971 -139.013168
308.071981 -137.745560
308.071990 -137.129196
308.072000 -136.998367
308.072010 -137.006638
308.072019 -137.373047
308.072029 -138.089523
308.072038 -139.018372
308.072048 -139.871780
308.072058 -139.847015
308.072067 -138.617966
308.072077 -137.122177
308.072087 -135.655823
308.072096 -134.325912
308.072106 -133.155090
308.072115 -132.143311
308.072125 -131.292404
308.072135 -130.611877
308.072144 -130.118393
308.072154 -129.827377
308.072163 -129.743271
308.072173 -129.740021
308.072183 -129.967377
308.072192 -130.475342
308.072202 -131.279694
308.072212 -132.427399
308.072221 -133.936020
308.072231 -135.767212
308.072240 -137.703186
308.072250 -139.083984
308.072260 -139.122620
308.072269 -138.536591
308.072279 -138.225250
308.072288 -138.161896
308.072298 -138.331299
308.072308 -138.905792
308.072317 -139.771637
308.072327 -140.647552
308.072337 -140.965591
308.072346 -140.201172
308.072356 -139.363708
308.072365 -138.780380
308.072375 -138.583084
308.072385 -138.562180
308.072394 -138.915817
308.072404 -139.817459
308.072413 -141.456177
308.072423 -143.968994
308.072433 -144.622559
308.072442 -140.547424
308.072452 -137.087173
308.072462 -134.381668
308.072471 -132.229401
308.072481 -130.483658
308.072490 -129.044250
308.072500 -127.860329
308.072510 -126.897446
308.072519 -126.132675
308.072529 -125.552193
308.072538 -125.149475
308.072548 -124.922668
308.072558 -124.871078
308.072567 -124.873779
308.072577 -125.007271
308.072587 -125.329071
308.072596 -125.845772
308.072606 -126.563576
308.072615 -127.485420
308.072625 -128.607330
308.072635 -129.909775
308.072644 -131.343796
308.072654 -132.808807
308.072663 -134.133392
308.072673 -135.094528
308.072683 -135.367737
308.072692 -134.780884
308.072702 -133.914230
308.072712 -132.934906
308.072721 -131.970917
308.072731 -131.102722
308.072740 -130.378845
308.072750 -129.824295
308.072760 -129.443710
308.072769 -129.224258
308.072779 -129.136856
308.072788 -129.107590
308.072798 -129.133011
308.072808 -129.213959
308.072817 -129.308945
308.072827 -129.389603
308.072837 -129.450470
308.072846 -129.509415
308.072856 -129.599838
308.072865 -129.758011
308.072875 -130.005249
308.072885 -130.359985
308.072894 -130.832458
308.072904 -131.412827
308.072913 -132.101974
308.072923 -132.887192
308.072933 -133.766495
308.072942 -134.760330
308.072952 -135.930038
308.072962 -137.395508
308.072971 -139.380295
308.072981 -142.348022
308.072990 -147.626312
308.073000 -148.349365
308.073010 -141.869064
308.073019 -138.215393
308.073029 -135.777985
308.073038 -134.073288
308.073048 -132.899872
308.073058 -132.161560
308.073067 -131.814011
308.073077 -131.786133
308.073087 -131.843338
308.073096 -132.254913
308.073106 -133.058594
308.073115 -134.224136
308.073125 -135.524002
308.073135 -135.410553
308.073144 -133.468658
308.073154 -131.359177
308.073163 -129.519913
308.073173 -128.038177
308.073183 -126.900101
308.073192 -126.076057
308.073202 -125.540077
308.073212 -125.273964
308.073221 -125.246239
308.073231 -125.266113
308.073240 -125.509598
308.073250 -125.998886
308.073260 -126.726166
308.073269 -127.671120
308.073279 -128.782776
308.073288 -129.946548
308.073298 -130.955978
308.073308 -131.557343
308.073317 -131.291489
308.073327 -130.792618
308.073337 -130.320862
308.073346 -129.973495
308.073356 -129.787552
308.073365 -129.765396
308.073375 -129.770035
308.073385 -129.917389
308.073394 -130.221954
308.073404 -130.676361
308.073413 -131.268478
308.073423 -131.953613
308.073433 -132.713104
308.073442 -133.479675
308.073452 -134.153015
308.073462 -134.651596
308.073471 -134.981873
308.073481 -135.230423
308.073490 -135.543671
308.073500 -136.077499
308.073510 -136.983841
308.073519 -138.476395
308.073529 -140.803131
308.073538 -143.957169
308.073548 -141.518188
308.073558 -137.779663
308.073567 -134.971313
308.073577 -132.884979
308.073587 -131.320755
308.073596 -130.149475
308.073606 -129.286987
308.073615 -128.673965
308.073625 -128.266006
308.073635 -128.026474
308.073644 -127.923065
308.073654 -127.912949
308.073663 -127.925652
308.073673 -128.008667
308.073683 -128.146317
308.073692 -128.314163
308.073702 -128.490479
308.073712 -128.655869
308.073721 -128.795319
308.073731 -128.897980
308.073740 -128.958572
308.073750 -128.955887
308.073760 -128.904190
308.073769 -128.831680
308.073779 -128.749924
308.073788 -128.672485
308.073798 -128.613220
308.073808 -128.587723
308.073817 -128.587585
308.073827 -128.611649
308.073837 -128.701660
308.073846 -128.874100
308.073856 -129.146332
308.073865 -129.535629
308.073875 -130.058228
308.073885 -130.741272
308.073894 -131.614426
308.073904 -132.718842
308.073913 -134.107483
308.073923 -135.873108
308.073933 -138.146317
308.073942 -140.971817
308.073952 -142.041000
308.073962 -138.650452
308.073971 -135.569672
308.073981 -133.088593
308.073990 -131.093582
308.074000 -129.480682
308.074010 -128.184143
308.074019 -127.163864
308.074029 -126.396996
308.074038 -125.870888
308.074048 -125.581093
308.074058 -125.521988
308.074067 -125.529518
308.074077 -125.725067
308.074087 -126.183823
308.074096 -126.933334
308.074106 -128.016373
308.074115 -129.496490
308.074125 -131.453171
308.074135 -133.899155
308.074144 -136.270538
308.074154 -134.348160
308.074163 -131.821655
308.074173 -129.745148
308.074183 -128.144089
308.074192 -126.935478
308.074202 -126.046463
308.074212 -125.424561
308.074221 -125.031914
308.074231 -124.840218
308.074240 -124.815880
308.074250 -124.826530
308.074260 -124.970695
308.074269 -125.253128
308.074279 -125.654381
308.074288 -126.153984
308.074298 -126.730461
308.074308 -127.355904
308.074317 -128.005005
308.074327 -128.654572
308.074337 -129.275696
308.074346 -129.837997
308.074356 -130.308487
308.074365 -130.655212
308.074375 -130.882706
308.074385 -131.002609
308.074394 -131.044250
308.074404 -131.045822
308.074413 -131.046249
308.074423 -131.075180
308.074433 -131.150452
308.074442 -131.274673
308.074452 -131.435776
308.074462 -131.608459
308.074471 -131.759277
308.074481 -131.853867
308.074490 -131.819351
308.074500 -131.635178
308.074510 -131.347977
308.074519 -130.950775
308.074529 -130.438065
308.074538 -129.829819
308.074548 -129.145660
308.074558 -128.418457
308.074567 -127.689110
308.074577 -126.997025
308.074587 -126.375000
308.074596 -125.845871
308.074606 -125.424019
308.074615 -125.116165
308.074625 -124.921814
308.074635 -124.840912
308.074644 -124.836342
308.074654 -124.871552
308.074663 -125.008797
308.074673 -125.247871
308.074683 -125.584267
308.074692 -126.014282
308.074702 -126.531845
308.074712 -127.127899
308.074721 -127.796616
308.074731 -128.517685
308.074740 -129.248199
308.074750 -129.909561
308.074760 -130.381683
308.074769 -130.308548
308.074779 -129.758011
308.074788 -129.025284
308.074798 -128.255096
308.074808 -127.551529
308.074817 -126.975822
308.074827 -126.559776
308.074837 -126.316925
308.074846 -126.249252
308.074856 -126.250359
308.074865 -126.355423
308.074875 -126.620369
308.074885 -127.022850
308.074894 -127.534966
308.074904 -128.115463
308.074913 -128.707352
308.074923 -129.241348
308.074933 -129.643097
308.074942 -129.823029
308.074952 -129.572510
308.074962 -129.142151
308.074971 -128.602219
308.074981 -128.028244
308.074990 -127.488457
308.075000 -127.037399
308.075010 -126.716667
308.075019 -126.556633
308.075029 -126.533691
308.075038 -126.576981
308.075048 -126.811615
308.075058 -127.265656
308.075067 -127.966293
308.075077 -128.943710
308.075087 -130.241837
308.075096 -131.931656
308.075106 -134.136749
308.075115 -137.086868
308.075125 -141.215469
308.075135 -147.050873
308.075144 -142.270126
308.075154 -138.799774
308.075163 -136.436478
308.075173 -134.740112
308.075183 -133.461334
308.075192 -132.474762
308.075202 -131.714142
308.075212 -131.145096
308.075221 -130.751175
308.075231 -130.521683
308.075240 -130.450607
308.075250 -130.436096
308.075260 -130.571320
308.075269 -130.890686
308.075279 -131.391876
308.075288 -132.108109
308.075298 -133.072144
308.075308 -134.331146
308.075317 -135.957718
308.075327 -138.029297
308.075337 -140.718445
308.075346 -144.087372
308.075356 -145.728729
308.075365 -142.771469
308.075375 -140.314255
308.075385 -138.484848
308.075394 -137.103622
308.075404 -136.023956
308.075413 -135.146744
308.075423 -134.412918
308.075433 -133.795197
308.075442 -133.287903
308.075452 -132.894745
308.075462 -132.604446
308.075471 -132.395309
308.075481 -132.235916
308.075490 -132.054413
308.075500 -131.766052
308.075510 -131.305649
308.075519 -130.673141
308.075529 -129.929855
308.075538 -129.165527
308.075548 -128.459366
308.075558 -127.865150
308.075567 -127.410225
308.075577 -127.093796
308.075587 -126.919701
308.075596 -126.879967
308.075606 -126.881630
308.075615 -126.967545
308.075625 -127.168633
308.075635 -127.483818
308.075644 -127.924255
308.075654 -128.514969
308.075663 -129.295685
308.075673 -130.297089
308.075683 -131.597778
308.075692 -133.246063
308.075702 -135.180634
308.075712 -136.803436
308.075721 -135.675827
308.075731 -133.663101
308.075740 -131.863876
308.075750 -130.427765
308.075760 -129.329819
308.075769 -128.518509
308.075779 -127.949303
308.075788 -127.590591
308.075798 -127.420830
308.075808 -127.393631
308.075817 -127.437416
308.075827 -127.668419
308.075837 -128.103561
308.075846 -128.764938
308.075856 -129.667679
308.075865 -130.809814
308.075875 -132.074768
308.075885 -133.108902
308.075894 -132.572754
308.075904 -131.276154
308.075913 -129.967957
308.075923 -128.885300
308.075933 -128.091339
308.075942 -127.584160
308.075952 -127.341049
308.075962 -127.317696
308.075971 -127.334457
308.075981 -127.534615
308.075990 -127.911194
308.076000 -128.433960
308.076010 -129.075012
308.076019 -129.809814
308.076029 -130.620056
308.076038 -131.480408
308.076048 -132.377274
308.076058 -133.305954
308.076067 -134.250824
308.076077 -135.200729
308.076087 -136.167007
308.076096 -137.196152
308.076106 -138.342636
308.076115 -139.560287
308.076125 -140.151794
308.076135 -138.138748
308.076144 -135.553848
308.076154 -133.141510
308.076163 -131.098190
308.076173 -129.429230
308.076183 -128.100861
308.076192 -127.078636
308.076202 -126.335312
308.076212 -125.851074
308.076221 -125.612961
308.076231 -125.579475
308.076240 -125.613838
308.076250 -125.851883
308.076260 -126.330482
308.076269 -127.059692
308.076279 -128.057831
308.076288 -129.354416
308.076298 -130.992966
308.076308 -133.052185
308.076317 -135.646851
308.076327 -138.885132
308.076337 -142.256622
308.076346 -139.987137
308.076356 -137.123306
308.076365 -134.811752
308.076375 -132.926147
308.076385 -131.370789
308.076394 -130.071304
308.076404 -128.987228
308.076413 -128.100723
308.076423 -127.405563
308.076433 -126.902260
308.076442 -126.594742
308.076452 -126.489525
308.076462 -126.488075
308.076471 -126.597763
308.076481 -126.923828
308.076490 -127.488235
308.076500 -128.310699
308.076510 -129.413971
308.076519 -130.819199
308.076529 -132.524612
308.076538 -134.437347
308.076548 -136.214508
308.076558 -137.028839
308.076567 -136.271698
308.076577 -135.561295
308.076587 -135.194916
308.076596 -135.178513
308.076606 -135.269485
308.076615 -135.807404
308.076625 -136.782379
308.076635 -138.037827
308.076644 -139.086655
308.076654 -138.181076
308.076663 -136.878799
308.076673 -135.838593
308.076683 -135.289825
308.076692 -135.239655
308.076702 -135.329666
308.076712 -136.042099
308.076721 -137.505035
308.076731 -139.672729
308.076740 -138.058472
308.076750 -134.278046
308.076760 -131.137085
308.076769 -128.671829
308.076779 -126.726913
308.076788 -125.185478
308.076798 -123.980652
308.076808 -123.060608
308.076817 -122.391350
308.076827 -121.950829
308.076837 -121.725372
308.076846 -121.692932
308.076856 -121.707870
308.076865 -121.896393
308.076875 -122.293571
308.076885 -122.907387
308.076894 -123.751472
308.076904 -124.843513
308.076913 -126.214561
308.076923 -127.913536
308.076933 -130.014526
308.076942 -132.644150
308.076952 -136.048050
308.076962 -140.793503
308.076971 -148.359711
308.076981 -143.583908
308.076990 -139.898468
308.077000 -137.440308
308.077010 -135.550537
308.077019 -133.976517
308.077029 -132.621094
308.077038 -131.445572
308.077048 -130.430893
308.077058 -129.556046
308.077067 -128.807953
308.077077 -128.182114
308.077087 -127.669815
308.077096 -127.266830
308.077106 -126.972908
308.077115 -126.781807
308.077125 -126.689865
308.077135 -126.672569
308.077144 -126.681389
308.077154 -126.763626
308.077163 -126.893044
308.077173 -127.028290
308.077183 -127.124153
308.077192 -127.125191
308.077202 -126.976685
308.077212 -126.765579
308.077221 -126.525482
308.077231 -126.286377
308.077240 -126.068306
308.077250 -125.881447
308.077260 -125.728043
308.077269 -125.606583
308.077279 -125.513870
308.077288 -125.447800
308.077298 -125.407082
308.077308 -125.385269
308.077317 -125.376892
308.077327 -125.393921
308.077337 -125.434456
308.077346 -125.493607
308.077356 -125.557976
308.077365 -125.610046
308.077375 -125.629456
308.077385 -125.567482
308.077394 -125.444839
308.077404 -125.264908
308.077413 -125.042656
308.077423 -124.802139
308.077433 -124.571991
308.077442 -124.380905
308.077452 -124.246574
308.077462 -124.195282
308.077471 -124.189468
308.077481 -124.248474
308.077490 -124.424049
308.077500 -124.718925
308.077510 -125.139740
308.077519 -125.681343
308.077529 -126.328384
308.077538 -127.051170
308.077548 -127.804070
308.077558 -128.519684
308.077567 -129.152725
308.077577 -129.685318
308.077587 -130.147995
308.077596 -130.617035
308.077606 -131.186188
308.077615 -131.953918
308.077625 -133.055466
308.077635 -134.645905
308.077644 -136.967865
308.077654 -140.454132
308.077663 -145.187576
308.077673 -140.172638
308.077683 -136.568802
308.077692 -134.092438
308.077702 -132.314072
308.077712 -130.999146
308.077721 -130.013123
308.077731 -129.282608
308.077740 -128.754471
308.077750 -128.392853
308.077760 -128.173309
308.077769 -128.076950
308.077779 -128.072556
308.077788 -128.086899
308.077798 -128.182114
308.077808 -128.334152
308.077817 -128.503006
308.077827 -128.639938
308.077837 -128.641968
308.077846 -128.477417
308.077856 -128.236008
308.077865 -127.967537
308.077875 -127.719772
308.077885 -127.525810
308.077894 -127.384529
308.077904 -127.302063
308.077913 -127.267220
308.077923 -127.248375
308.077933 -127.242065
308.077942 -127.243698
308.077952 -127.242767
308.077962 -127.241066
308.077971 -127.252106
308.077981 -127.294861
308.077990 -127.388664
308.078000 -127.547386
308.078010 -127.778389
308.078019 -128.073318
308.078029 -128.431702
308.078038 -128.842987
308.078048 -129.289261
308.078058 -129.735123
308.078067 -130.156647
308.078077 -130.519409
308.078087 -130.781235
308.078096 -130.883667
308.078106 -130.731323
308.078115 -130.497604
308.078125 -130.242432
308.078135 -130.019180
308.078144 -129.864563
308.078154 -129.783661
308.078163 -129.764694
308.078173 -129.764725
308.078183 -129.812347
308.078192 -129.883392
308.078202 -129.942703
308.078212 -129.964554
308.078221 -129.919876
308.078231 -129.866623
308.078240 -129.840897
308.078250 -129.832321
308.078260 -129.878769
308.078269 -130.001938
308.078279 -130.207947
308.078288 -130.504807
308.078298 -130.885376
308.078308 -131.335632
308.078317 -131.834015
308.078327 -132.354858
308.078337 -132.872528
308.078346 -133.371567
308.078356 -133.852890
308.078365 -134.339355
308.078375 -134.870148
308.078385 -135.493866
308.078394 -136.257904
308.078404 -137.204330
308.078413 -138.364990
308.078423 -139.755768
308.078433 -141.368439
308.078442 -143.164642
308.078452 -145.016464
308.078462 -146.649719
308.078471 -147.390259
308.078481 -146.066147
308.078490 -144.079376
308.078500 -141.854889
308.078510 -139.621628
308.078519 -137.471649
308.078529 -135.438202
308.078538 -133.532791
308.078548 -131.764404
308.078558 -130.143784
308.078567 -128.683914
308.078577 -127.397293
308.078587 -126.295174
308.078596 -125.386513
308.078606 -124.677879
308.078615 -124.173935
308.078625 -123.877396
308.078635 -123.788887
308.078644 -123.789581
308.078654 -123.910568
308.078663 -124.238045
308.078673 -124.767876
308.078683 -125.492989
308.078692 -126.401871
308.078702 -127.476654
308.078712 -128.689850
308.078721 -129.995956
308.078731 -131.334412
308.078740 -132.633835
308.078750 -133.807770
308.078760 -134.779663
308.078769 -135.511017
308.078779 -136.013779
308.078788 -136.328033
308.078798 -136.511154
308.078808 -136.620956
308.078817 -136.690063
308.078827 -136.743637
308.078837 -136.809006
308.078846 -136.921860
308.078856 -137.130432
308.078865 -137.496780
308.078875 -138.106018
308.078885 -139.080841
308.078894 -140.622635
308.078904 -143.087173
308.078913 -146.969330
308.078923 -143.880554
308.078933 -139.202621
308.078942 -135.850708
308.078952 -133.351349
308.078962 -131.434937
308.078971 -129.951691
308.078981 -128.809860
308.078990 -127.946190
308.079000 -127.311836
308.079010 -126.865219
308.079019 -126.568260
308.079029 -126.384651
308.079038 -126.279831
308.079048 -126.222412
308.079058 -126.181419
308.079067 -126.139137
308.079077 -126.085403
308.079087 -126.017273
308.079096 -125.937744
308.079106 -125.854393
308.079115 -125.776512
308.079125 -125.711021
308.079135 -125.661316
308.079144 -125.625191
308.079154 -125.595543
308.079163 -125.565422
308.079173 -125.524239
308.079183 -125.467422
308.079192 -125.396477
308.079202 -125.318451
308.079212 -125.244949
308.079221 -125.188553
308.079231 -125.157646
308.079240 -125.139030
308.079250 -125.156662
308.079260 -125.218185
308.079269 -125.326637
308.079279 -125.482964
308.079288 -125.687286
308.079298 -125.938454
308.079308 -126.234711
308.079317 -126.572327
308.079327 -126.945793
308.079337 -127.346657
308.079346 -127.764511
308.079356 -128.187836
308.079365 -128.605484
308.079375 -129.008133
308.079385 -129.387711
308.079394 -129.736176
308.079404 -130.042526
308.079413 -130.293427
308.079423 -130.474823
308.079433 -130.577972
308.079442 -130.580765
308.079452 -130.460449
308.079462 -130.268829
308.079471 -129.979752
308.079481 -129.604935
308.079490 -129.140686
308.079500 -128.596161
308.079510 -127.997543
308.079519 -127.380936
308.079529 -126.783287
308.079538 -126.234787
308.079548 -125.756233
308.079558 -125.359062
308.079567 -125.047691
308.079577 -124.818214
308.079587 -124.666344
308.079596 -124.592323
308.079606 -124.578094
308.079615 -124.587288
308.079625 -124.669495
308.079635 -124.833130
308.079644 -125.082458
308.079654 -125.435158
308.079663 -125.909485
308.079673 -126.527763
308.079683 -127.315285
308.079692 -128.300262
308.079702 -129.511703
308.079712 -130.976089
308.079721 -132.702744
308.079731 -134.646713
308.079740 -136.610229
308.079750 -138.033051
308.079760 -138.180893
308.079769 -137.279861
308.079779 -136.273315
308.079788 -135.267410
308.079798 -134.266205
308.079808 -133.268127
308.079817 -132.287872
308.079827 -131.348953
308.079837 -130.466782
308.079846 -129.643539
308.079856 -128.857285
308.079865 -128.100235
308.079875 -127.366142
308.079885 -126.649948
308.079894 -125.955956
308.079904 -125.296967
308.079913 -124.688812
308.079923 -124.147141
308.079933 -123.684624
308.079942 -123.306427
308.079952 -123.022987
308.079962 -122.843842
308.079971 -122.774307
308.079981 -122.767067
308.079990 -122.830498
308.080000 -123.022255
308.080010 -123.365059
308.080019 -123.881805
308.080029 -124.599487
308.080038 -125.550392
308.080048 -126.772087
308.080058 -128.300995
308.080067 -130.147629
308.080077 -132.204941
308.080087 -133.973770
308.080096 -134.206863
308.080106 -133.181168
308.080115 -132.328613
308.080125 -131.876831
308.080135 -131.803360
308.080144 -131.883255
308.080154 -132.384323
308.080163 -133.431030
308.080173 -135.152817
308.080183 -137.834991
308.080192 -142.203369
308.080202 -147.358688
308.080212 -141.106110
308.080221 -137.684311
308.080231 -135.587143
308.080240 -134.254654
308.080250 -133.429321
308.080260 -132.961151
308.080269 -132.740402
308.080279 -132.671356
308.080288 -132.645065
308.080298 -132.652985
308.080308 -132.612900
308.080317 -132.442841
308.080327 -132.162689
308.080337 -131.799820
308.080346 -131.383362
308.080356 -130.938461
308.080365 -130.485352
308.080375 -130.032425
308.080385 -129.603226
308.080394 -129.212112
308.080404 -128.873993
308.080413 -128.603516
308.080423 -128.415894
308.080433 -128.325089
308.080442 -128.321121
308.080452 -128.345322
308.080462 -128.488998
308.080471 -128.762833
308.080481 -129.182709
308.080490 -129.758179
308.080500 -130.493393
308.080510 -131.382034
308.080519 -132.394623
308.080529 -133.459930
308.080538 -134.433975
308.080548 -135.117249
308.080558 -135.400620
308.080567 -135.118851
308.080577 -134.775436
308.080587 -134.499252
308.080596 -134.339432
308.080606 -134.293320
308.080615 -134.285461
308.080625 -134.367172
308.080635 -134.500015
308.080644 -134.628540
308.080654 -134.700958
308.080663 -134.634094
308.080673 -134.474060
308.080683 -134.276901
308.080692 -134.073013
308.080702 -133.877487
308.080712 -133.686356
308.080721 -133.482559
308.080731 -133.238937
308.080740 -132.930161
308.080750 -132.542938
308.080760 -132.088226
308.080769 -131.601303
308.080779 -131.136368
308.080788 -130.752899
308.080798 -130.507782
308.080808 -130.440506
308.080817 -130.441772
308.080827 -130.576828
308.080837 -130.932327
308.080846 -131.462540
308.080856 -132.008392
308.080865 -131.766174
308.080875 -130.556198
308.080885 -128.955780
308.080894 -127.317841
308.080904 -125.823631
308.080913 -124.535889
308.080923 -123.465408
308.080933 -122.605789
308.080942 -121.946510
308.080952 -121.478302
308.080962 -121.194069
308.080971 -121.089371
308.080981 -121.088669
308.080990 -121.162193
308.081000 -121.411697
308.081010 -121.838524
308.081019 -122.444405
308.081029 -123.231194
308.081038 -124.199684
308.081048 -125.345932
308.081058 -126.653290
308.081067 -128.073746
308.081077 -129.492508
308.081087 -130.688583
308.081096 -131.371613
308.081106 -130.874802
308.081115 -130.109573
308.081125 -129.300629
308.081135 -128.549576
308.081144 -127.890747
308.081154 -127.329117
308.081163 -126.857895
308.081173 -126.471756
308.081183 -126.174019
308.081192 -125.963554
308.081202 -125.838936
308.081212 -125.792130
308.081221 -125.791618
308.081231 -125.819603
308.081240 -125.910995
308.081250 -126.051666
308.081260 -126.226303
308.081269 -126.421570
308.081279 -126.629982
308.081288 -126.845322
308.081298 -127.065918
308.081308 -127.304146
308.081317 -127.556160
308.081327 -127.824219
308.081337 -128.097885
308.081346 -128.359146
308.081356 -128.585190
308.081365 -128.753983
308.081375 -128.849182
308.081385 -128.866226
308.081394 -128.774765
308.081404 -128.653946
308.081413 -128.537842
308.081423 -128.451004
308.081433 -128.404953
308.081442 -128.378265
308.081452 -128.402634
308.081462 -128.478851
308.081471 -128.597061
308.081481 -128.740143
308.081490 -128.883026
308.081500 -128.991287
308.081510 -128.970459
308.081519 -128.818848
308.081529 -128.581680
308.081538 -128.293823
308.081548 -128.003860
308.081558 -127.760384
308.081567 -127.592628
308.081577 -127.524178
308.081587 -127.514969
308.081596 -127.564308
308.081606 -127.716339
308.081615 -127.949379
308.081625 -128.237503
308.081635 -128.559692
308.081644 -128.908325
308.081654 -129.283249
308.081663 -129.709656
308.081673 -130.182419
308.081683 -130.680923
308.081692 -131.143280
308.081702 -131.384262
308.081712 -130.965103
308.081721 -130.283478
308.081731 -129.526947
308.081740 -128.854538
308.081750 -128.366928
308.081760 -128.121384
308.081769 -128.105667
308.081779 -128.154617
308.081788 -128.497864
308.081798 -129.190048
308.081808 -130.290939
308.081817 -131.903442
308.081827 -134.223694
308.081837 -137.694855
308.081846 -143.689514
308.081856 -145.160767
308.081865 -139.587631
308.081875 -136.782883
308.081885 -135.190872
308.081894 -134.322510
308.081904 -133.957565
308.081913 -133.895096
308.081923 -133.907791
308.081933 -134.040253
308.081942 -133.856522
308.081952 -133.054459
308.081962 -131.880035
308.081971 -130.586685
308.081981 -129.371033
308.081990 -128.336761
308.082000 -127.528893
308.082010 -126.965118
308.082019 -126.654472
308.082029 -126.587975
308.082038 -126.600067
308.082048 -126.830574
308.082058 -127.347305
308.082067 -128.179123
308.082077 -129.348312
308.082087 -130.847794
308.082096 -132.543625
308.082106 -133.858597
308.082115 -133.228729
308.082125 -131.772125
308.082135 -130.440491
308.082144 -129.416290
308.082154 -128.715057
308.082163 -128.306595
308.082173 -128.148697
308.082183 -128.133911
308.082192 -128.203110
308.082202 -128.414154
308.082212 -128.712601
308.082221 -129.027573
308.082231 -129.274658
308.082240 -129.244858
308.082250 -128.899048
308.082260 -128.372467
308.082269 -127.738159
308.082279 -127.073349
308.082288 -126.437134
308.082298 -125.890160
308.082308 -125.472084
308.082317 -125.212662
308.082327 -125.134254
308.082337 -125.136452
308.082346 -125.259903
308.082356 -125.596786
308.082365 -126.161674
308.082375 -126.946259
308.082385 -127.895180
308.082394 -128.849487
308.082404 -129.495331
308.082413 -128.812927
308.082423 -127.765411
308.082433 -126.681206
308.082442 -125.737434
308.082452 -124.997482
308.082462 -124.471970
308.082471 -124.150681
308.082481 -124.016937
308.082490 -124.012299
308.082500 -124.052307
308.082510 -124.238159
308.082519 -124.555260
308.082529 -124.983475
308.082538 -125.499344
308.082548 -126.075577
308.082558 -126.679482
308.082567 -127.275368
308.082577 -127.828171
308.082587 -128.310913
308.082596 -128.708206
308.082606 -129.016434
308.082615 -129.228683
308.082625 -129.326904
308.082635 -129.226135
308.082644 -128.995071
308.082654 -128.661942
308.082663 -128.262665
308.082673 -127.844498
308.082683 -127.453728
308.082692 -127.129074
308.082702 -126.898560
308.082712 -126.781349
308.082721 -126.766075
308.082731 -126.789162
308.082740 -126.928909
308.082750 -127.203293
308.082760 -127.612297
308.082769 -128.151733
308.082779 -128.812363
308.082788 -129.576126
308.082798 -130.413727
308.082808 -131.281708
308.082817 -132.127533
308.082827 -132.902847
308.082837 -133.589096
308.082846 -134.213867
308.082856 -134.852432
308.082865 -135.609360
308.082875 -136.606262
308.082885 -137.983780
308.082894 -139.935928
308.082904 -142.796906
308.082913 -147.273926
308.082923 -149.957672
308.082933 -144.773468
308.082942 -141.610367
308.082952 -139.512314
308.082962 -138.050079
308.082971 -137.011505
308.082981 -136.272263
308.082990 -135.767059
308.083000 -135.464859
308.083010 -135.356567
308.083019 -135.356094
308.083029 -135.436371
308.083038 -135.670441
308.083048 -136.029953
308.083058 -136.393234
308.083067 -136.532639
308.083077 -135.980423
308.083087 -135.070526
308.083096 -133.977280
308.083106 -132.835678
308.083115 -131.708633
308.083125 -130.609650
308.083135 -129.562073
308.083144 -128.568497
308.083154 -127.637192
308.083163 -126.781975
308.083173 -126.018700
308.083183 -125.362129
308.083192 -124.824272
308.083202 -124.413551
308.083212 -124.135307
308.083221 -123.992325
308.083231 -123.972847
308.083240 -123.985672
308.083250 -124.115334
308.083260 -124.380875
308.083269 -124.782707
308.083279 -125.322166
308.083288 -125.998856
308.083298 -126.820877
308.083308 -127.794334
308.083317 -128.920410
308.083327 -130.182617
308.083337 -131.516220
308.083346 -132.758026
308.083356 -133.568130
308.083365 -133.385529
308.083375 -132.589066
308.083385 -131.714859
308.083394 -130.907684
308.083404 -130.183289
308.083413 -129.544037
308.083423 -128.951355
308.083433 -128.353973
308.083442 -127.712852
308.083452 -127.012917
308.083462 -126.266098
308.083471 -125.503105
308.083481 -124.762177
308.083490 -124.079056
308.083500 -123.483215
308.083510 -122.997322
308.083519 -122.638977
308.083529 -122.422546
308.083538 -122.360085
308.083548 -122.361206
308.083558 -122.468178
308.083567 -122.751434
308.083577 -123.228737
308.083587 -123.918335
308.083596 -124.836761
308.083606 -125.996902
308.083615 -127.396400
308.083625 -128.985306
308.083635 -130.592987
308.083644 -131.785019
308.083654 -131.816299
308.083663 -130.924774
308.083673 -129.966980
308.083683 -129.111877
308.083692 -128.399902
308.083702 -127.821503
308.083712 -127.354630
308.083721 -126.976860
308.083731 -126.670654
308.083740 -126.422531
308.083750 -126.223427
308.083760 -126.067001
308.083769 -125.950089
308.083779 -125.871872
308.083788 -125.832779
308.083798 -125.824463
308.083808 -125.839539
308.083817 -125.909103
308.083827 -126.037605
308.083837 -126.241196
308.083846 -126.530327
308.083856 -126.911514
308.083865 -127.396828
308.083875 -127.994057
308.083885 -128.708328
308.083894 -129.543442
308.083904 -130.491333
308.083913 -131.545029
308.083923 -132.674881
308.083933 -133.787354
308.083942 -134.620087
308.083952 -134.334518
308.083962 -133.078461
308.083971 -131.549744
308.083981 -130.035477
308.083990 -128.666595
308.084000 -127.486702
308.084010 -126.503029
308.084019 -125.709732
308.084029 -125.097565
308.084038 -124.657242
308.084048 -124.380272
308.084058 -124.258492
308.084067 -124.250435
308.084077 -124.275589
308.084087 -124.417282
308.084096 -124.667397
308.084106 -124.992065
308.084115 -125.340858
308.084125 -125.646217
308.084135 -125.833870
308.084144 -125.664810
308.084154 -125.321480
308.084163 -124.875748
308.084173 -124.391167
308.084183 -123.918564
308.084192 -123.492332
308.084202 -123.133621
308.084212 -122.854889
308.084221 -122.663704
308.084231 -122.565651
308.084240 -122.556313
308.084250 -122.565460
308.084260 -122.667953
308.084269 -122.878181
308.084279 -123.201988
308.084288 -123.646004
308.084298 -124.214806
308.084308 -124.920769
308.084317 -125.776062
308.084327 -126.795921
308.084337 -128.001114
308.084346 -129.419983
308.084356 -131.092239
308.084365 -133.072235
308.084375 -135.432510
308.084385 -138.247681
308.084394 -141.487595
308.084404 -144.523224
308.084413 -145.393417
308.084423 -144.944687
308.084433 -144.883484
308.084442 -145.473740
308.084452 -147.471710
308.084462 -152.267014
308.084471 -147.513290
308.084481 -142.141205
308.084490 -138.695648
308.084500 -136.297424
308.084510 -134.595001
308.084519 -133.417084
308.084529 -132.666336
308.084538 -132.280060
308.084548 -132.179169
308.084558 -132.166489
308.084567 -132.351913
308.084577 -132.694000
308.084587 -133.060104
308.084596 -133.289917
308.084606 -133.104431
308.084615 -132.734863
308.084625 -132.418060
308.084635 -132.294800
308.084644 -132.283524
308.084654 -132.498688
308.084663 -133.049255
308.084673 -134.000626
308.084683 -135.339554
308.084692 -136.773056
308.084702 -136.478012
308.084712 -134.622986
308.084721 -132.782593
308.084731 -131.289856
308.084740 -130.184052
308.084750 -129.430588
308.084760 -128.984299
308.084769 -128.802612
308.084779 -128.789810
308.084788 -128.839462
308.084798 -129.068741
308.084808 -129.455185
308.084817 -129.965912
308.084827 -130.571304
308.084837 -131.250763
308.084846 -131.997162
308.084856 -132.821030
308.084865 -133.748291
308.084875 -134.810181
308.084885 -136.028625
308.084894 -137.437897
308.084904 -139.023895
308.084913 -140.719315
308.084923 -142.415787
308.084933 -144.068542
308.084942 -145.876221
308.084952 -148.387405
308.084962 -152.343750
308.084971 -147.657974
308.084981 -142.638565
308.084990 -139.085175
308.085000 -136.434692
308.085010 -134.393417
308.085019 -132.796585
308.085029 -131.540726
308.085038 -130.554245
308.085048 -129.785614
308.085058 -129.196304
308.085067 -128.758820
308.085077 -128.454330
308.085087 -128.267761
308.085096 -128.192001
308.085106 -128.167343
308.085115 -128.214386
308.085125 -128.360565
308.085135 -128.588745
308.085144 -128.866150
308.085154 -129.135406
308.085163 -129.311691
308.085173 -129.122253
308.085183 -128.598450
308.085192 -127.878319
308.085202 -127.076225
308.085212 -126.297981
308.085221 -125.622200
308.085231 -125.101410
308.085240 -124.771317
308.085250 -124.655685
308.085260 -124.650482
308.085269 -124.789986
308.085279 -125.192116
308.085288 -125.892525
308.085298 -126.954094
308.085308 -128.457199
308.085317 -130.525345
308.085327 -133.316620
308.085337 -136.706329
308.085346 -136.138580
308.085356 -133.321548
308.085365 -131.253922
308.085375 -129.886215
308.085385 -129.082169
308.085394 -128.761902
308.085404 -128.753769
308.085413 -128.899399
308.085423 -129.518402
308.085433 -130.700439
308.085442 -132.644501
308.085452 -135.838974
308.085462 -141.700974
308.085471 -138.414291
308.085481 -133.490387
308.085490 -130.436615
308.085500 -128.334579
308.085510 -126.824036
308.085519 -125.726814
308.085529 -124.940720
308.085538 -124.400650
308.085548 -124.062256
308.085558 -123.893501
308.085567 -123.860855
308.085577 -123.864578
308.085587 -123.954773
308.085596 -124.148392
308.085606 -124.425148
308.085615 -124.761269
308.085625 -125.129639
308.085635 -125.500130
308.085644 -125.843330
308.085654 -126.134644
308.085663 -126.359383
308.085673 -126.514832
308.085683 -126.609810
308.085692 -126.660332
308.085702 -126.683746
308.085712 -126.681999
308.085721 -126.615013
308.085731 -126.469833
308.085740 -126.204376
308.085750 -125.783661
308.085760 -125.206490
308.085769 -124.511650
308.085779 -123.764732
308.085788 -123.034866
308.085798 -122.379868
308.085808 -121.841125
308.085817 -121.446129
308.085827 -121.212059
308.085837 -121.146889
308.085846 -121.148018
308.085856 -121.260826
308.085865 -121.561363
308.085875 -122.058334
308.085885 -122.764511
308.085894 -123.700462
308.085904 -124.900063
308.085913 -126.421432
308.085923 -128.368362
308.085933 -130.942719
308.085942 -134.595612
308.085952 -140.601440
308.085962 -139.525452
308.085971 -134.617645
308.085981 -131.682037
308.085990 -129.711609
308.086000 -128.330322
308.086010 -127.363167
308.086019 -126.716957
308.086029 -126.338486
308.086038 -126.196945
308.086048 -126.194939
308.086058 -126.276428
308.086067 -126.571419
308.086077 -127.085754
308.086087 -127.832855
308.086096 -128.835526
308.086106 -130.129150
308.086115 -131.751740
308.086125 -133.792206
308.086135 -136.381256
308.086144 -139.763901
308.086154 -144.500732
308.086163 -152.231918
308.086173 -148.284286
308.086183 -144.447296
308.086192 -141.902008
308.086202 -139.917923
308.086212 -138.256012
308.086221 -136.852234
308.086231 -135.695831
308.086240 -134.786880
308.086250 -134.122391
308.086260 -133.696274
308.086269 -133.501221
308.086279 -133.480820
308.086288 -133.531631
308.086298 -133.784027
308.086308 -134.258270
308.086317 -134.961426
308.086327 -135.907913
308.086337 -137.108307
308.086346 -138.572159
308.086356 -140.261749
308.086365 -141.983780
308.086375 -143.150238
308.086385 -142.352844
308.086394 -141.065598
308.086404 -139.907135
308.086413 -139.014664
308.086423 -138.476135
308.086433 -138.318085
308.086442 -138.320648
308.086452 -138.593307
308.086462 -139.378372
308.086471 -140.830673
308.086481 -143.182693
308.086490 -146.299530
308.086500 -142.602127
308.086510 -138.908829
308.086519 -136.190231
308.086529 -134.220444
308.086538 -132.820816
308.086548 -131.885208
308.086558 -131.350571
308.086567 -131.180206
308.086577 -131.180206
308.086587 -131.346756
308.086596 -131.832458
308.086606 -132.628113
308.086615 -133.698898
308.086625 -134.952011
308.086635 -136.164291
308.086644 -136.910110
308.086654 -136.441025
308.086663 -135.504593
308.086673 -134.516663
308.086683 -133.594376
308.086692 -132.758713
308.086702 -131.994156
308.086712 -131.277283
308.086721 -130.589523
308.086731 -129.920715
308.086740 -129.269562
308.086750 -128.641449
308.086760 -128.047272
308.086769 -127.500626
308.086779 -127.016510
308.086788 -126.609375
308.086798 -126.292770
308.086808 -126.077835
308.086817 -125.973793
308.086827 -125.959282
308.086837 -125.984718
308.086846 -126.122261
308.086856 -126.379539
308.086865 -126.756866
308.086875 -127.247688
308.086885 -127.840454
308.086894 -128.518021
308.086904 -129.257751
308.086913 -130.033768
308.086923 -130.822479
308.086933 -131.609650
308.086942 -132.397308
308.086952 -133.203293
308.086962 -134.027161
308.086971 -134.882874
308.086981 -135.720016
308.086990 -136.373032
308.087000 -136.176468
308.087010 -135.287567
308.087019 -134.218445
308.087029 -133.219589
308.087038 -132.427460
308.087048 -131.901688
308.087058 -131.664215
308.087067 -131.654770
308.087077 -131.718872
308.087087 -132.054199
308.087096 -132.638947
308.087106 -133.404922
308.087115 -134.229248
308.087125 -134.937820
308.087135 -135.380035
308.087144 -135.514282
308.087154 -135.431259
308.087163 -135.300079
308.087173 -135.102417
308.087183 -134.719101
308.087192 -134.077057
308.087202 -133.246490
308.087212 -132.377853
308.087221 -131.615540
308.087231 -131.054520
308.087240 -130.746490
308.087250 -130.676788
308.087260 -130.702194
308.087269 -130.980850
308.087279 -131.548065
308.087288 -132.430161
308.087298 -133.593506
308.087308 -135.003006
308.087317 -136.421005
308.087327 -136.799911
308.087337 -135.342789
308.087346 -133.607498
308.087356 -132.012375
308.087365 -130.678146
308.087375 -129.611053
308.087385 -128.794983
308.087394 -128.216034
308.087404 -127.856476
308.087413 -127.705261
308.087423 -127.691078
308.087433 -127.761070
308.087442 -128.028320
308.087452 -128.524506
308.087462 -129.281769
308.087471 -130.354431
308.087481 -131.833313
308.087490 -133.874496
308.087500 -136.756821
308.087510 -140.882294
308.087519 -141.429398
308.087529 -137.465591
308.087538 -134.820389
308.087548 -133.136765
308.087558 -132.167404
308.087567 -131.806183
308.087577 -131.785522
308.087587 -132.048401
308.087596 -132.976501
308.087606 -134.839462
308.087615 -138.314438
308.087625 -145.774017
308.087635 -136.988342
308.087644 -132.429779
308.087654 -129.451035
308.087663 -127.319092
308.087673 -125.733246
308.087683 -124.538017
308.087692 -123.639656
308.087702 -122.975639
308.087712 -122.500496
308.087721 -122.179771
308.087731 -121.985985
308.087740 -121.896805
308.087750 -121.881126
308.087760 -121.891869
308.087769 -121.959862
308.087779 -122.077545
308.087788 -122.235054
308.087798 -122.426338
308.087808 -122.645866
308.087817 -122.893295
308.087827 -123.174988
308.087837 -123.504303
308.087846 -123.902191
308.087856 -124.396713
308.087865 -125.024071
308.087875 -125.830322
308.087885 -126.877151
308.087894 -128.252884
308.087904 -130.100189
308.087913 -132.684830
308.087923 -136.632462
308.087933 -144.204147
308.087942 -138.997406
308.087952 -134.474243
308.087962 -131.770920
308.087971 -129.962753
308.087981 -128.695877
308.087990 -127.787514
308.088000 -127.123009
308.088010 -126.619423
308.088019 -126.213005
308.088029 -125.854797
308.088038 -125.511459
308.088048 -125.165474
308.088058 -124.815323
308.088067 -124.472160
308.088077 -124.156021
308.088087 -123.890533
308.088096 -123.699379
308.088106 -123.602875
308.088115 -123.596893
308.088125 -123.617004
308.088135 -123.751472
308.088144 -124.010002
308.088154 -124.389610
308.088163 -124.880714
308.088173 -125.466362
308.088183 -126.121696
308.088192 -126.806770
308.088202 -127.485542
308.088212 -128.110718
308.088221 -128.633347
308.088231 -129.010864
308.088240 -129.221405
308.088250 -129.301971
308.088260 -129.309784
308.088269 -129.321091
308.088279 -129.415741
308.088288 -129.654236
308.088298 -130.129181
308.088308 -130.920914
308.088317 -132.165787
308.088327 -134.077896
308.088337 -137.112869
308.088346 -142.542831
308.088356 -140.830612
308.088365 -135.466675
308.088375 -132.173126
308.088385 -129.899841
308.088394 -128.256821
308.088404 -127.059845
308.088413 -126.207932
308.088423 -125.639397
308.088433 -125.313194
308.088442 -125.199326
308.088452 -125.198647
308.088462 -125.274475
308.088471 -125.514473
308.088481 -125.895157
308.088490 -126.396141
308.088500 -126.986984
308.088510 -127.626312
308.088519 -128.255997
308.088529 -128.786484
308.088538 -129.121140
308.088548 -129.068893
308.088558 -128.638016
308.088567 -128.059021
308.088577 -127.437790
308.088587 -126.862022
308.088596 -126.394936
308.088606 -126.080254
308.088615 -125.942070
308.088625 -125.920853
308.088635 -126.013435
308.088644 -126.323013
308.088654 -126.865700
308.088663 -127.666969
308.088673 -128.739471
308.088683 -130.084686
308.088692 -131.673126
308.088702 -133.395370
308.088712 -134.986374
308.088721 -135.970871
308.088731 -136.009705
308.088740 -135.555328
308.088750 -135.189224
308.088760 -135.005051
308.088769 -134.976532
308.088779 -135.011063
308.088788 -135.206009
308.088798 -135.494965
308.088808 -135.763290
308.088817 -135.744293
308.088827 -135.227875
308.088837 -134.469940
308.088846 -133.628448
308.088856 -132.829391
308.088865 -132.147797
308.088875 -131.616531
308.088885 -131.244354
308.088894 -131.025131
308.088904 -130.942688
308.088913 -130.934052
308.088923 -130.975677
308.088933 -131.099060
308.088942 -131.263931
308.088952 -131.418671
308.088962 -131.501389
308.088971 -131.321060
308.088981 -130.970901
308.088990 -130.488663
308.089000 -129.932465
308.089010 -129.366959
308.089019 -128.851135
308.089029 -128.433380
308.089038 -128.151825
308.089048 -128.031830
308.089058 -128.029999
308.089067 -128.107559
308.089077 -128.405258
308.089087 -128.953674
308.089096 -129.789520
308.089106 -130.962311
308.089115 -132.544769
308.089125 -134.642334
308.089135 -137.376907
308.089144 -140.586441
308.089154 -140.423431
308.089163 -137.670807
308.089173 -135.461090
308.089183 -133.813400
308.089192 -132.588623
308.089202 -131.675140
308.089212 -130.984268
308.089221 -130.470139
308.089231 -130.093491
308.089240 -129.821228
308.089250 -129.626892
308.089260 -129.486176
308.089269 -129.387650
308.089279 -129.323349
308.089288 -129.289841
308.089298 -129.268127
308.089308 -129.282257
308.089317 -129.347382
308.089327 -129.476135
308.089337 -129.679382
308.089346 -129.954208
308.089356 -130.304947
308.089365 -130.721420
308.089375 -131.176498
308.089385 -131.625092
308.089394 -132.029556
308.089404 -132.342453
308.089413 -132.526672
308.089423 -132.409805
308.089433 -132.117889
308.089442 -131.683731
308.089452 -131.125534
308.089462 -130.474228
308.089471 -129.771423
308.089481 -129.063629
308.089490 -128.393265
308.089500 -127.793915
308.089510 -127.287712
308.089519 -126.886795
308.089529 -126.594185
308.089538 -126.406540
308.089548 -126.315292
308.089558 -126.297844
308.089567 -126.306679
308.089577 -126.373581
308.089587 -126.496704
308.089596 -126.665863
308.089606 -126.877052
308.089615 -127.130959
308.089625 -127.432442
308.089635 -127.791389
308.089644 -128.220856
308.089654 -128.738953
308.089663 -129.362091
308.089673 -130.105576
308.089683 -130.983231
308.089692 -131.996780
308.089702 -133.116669
308.089712 -134.243774
308.089721 -135.159592
308.089731 -135.295944
308.089740 -134.537308
308.089750 -133.604431
308.089760 -132.726151
308.089769 -132.007919
308.089779 -131.465240
308.089788 -131.094070
308.089798 -130.871475
308.089808 -130.749268
308.089817 -130.686615
308.089827 -130.644440
308.089837 -130.595215
308.089846 -130.531235
308.089856 -130.459839
308.089865 -130.392441
308.089875 -130.324768
308.089885 -130.235947
308.089894 -130.109085
308.089904 -129.900055
308.089913 -129.570297
308.089923 -129.106430
308.089933 -128.529068
308.089942 -127.884987
308.089952 -127.229454
308.089962 -126.612030
308.089971 -126.069969
308.089981 -125.628174
308.089990 -125.301201
308.090000 -125.095909
308.090010 -125.012871
308.090019 -125.010887
308.090029 -125.048096
308.090038 -125.192436
308.090048 -125.432838
308.090058 -125.751961
308.090067 -126.129440
308.090077 -126.542389
308.090087 -126.968285
308.090096 -127.387009
308.090106 -127.785301
308.090115 -128.157471
308.090125 -128.514923
308.090135 -128.884247
308.090144 -129.303314
308.090154 -129.822556
308.090163 -130.501450
308.090173 -131.412994
308.090183 -132.656357
308.090192 -134.365570
308.090202 -136.742874
308.090212 -140.046494
308.090221 -143.201431
308.090231 -139.561218
308.090240 -136.654541
308.090250 -134.646286
308.090260 -133.268250
308.090269 -132.351288
308.090279 -131.785263
308.090288 -131.480438
308.090298 -131.355392
308.090308 -131.321472
308.090317 -131.345322
308.090327 -131.459747
308.090337 -131.641449
308.090346 -131.884155
308.090356 -132.193283
308.090365 -132.574036
308.090375 -133.015411
308.090385 -133.469208
308.090394 -133.833282
308.090404 -133.852783
308.090413 -133.293549
308.090423 -132.476639
308.090433 -131.580856
308.090442 -130.736893
308.090452 -130.019943
308.090462 -129.464859
308.090471 -129.083054
308.090481 -128.873322
308.090490 -128.816772
308.090500 -128.815536
308.090510 -128.953171
308.090519 -129.233185
308.090529 -129.664429
308.090538 -130.251251
308.090548 -130.996780
308.090558 -131.911942
308.090567 -133.027863
308.090577 -134.365723
308.090587 -135.900620
308.090596 -137.413330
308.090606 -137.510895
308.090615 -135.644943
308.090625 -133.526016
308.090635 -131.598312
308.090644 -129.968246
308.090654 -128.636978
308.090663 -127.582390
308.090673 -126.781654
308.090683 -126.214249
308.090692 -125.862053
308.090702 -125.706657
308.090712 -125.699806
308.090721 -125.727493
308.090731 -125.898125
308.090740 -126.184509
308.090750 -126.543694
308.090760 -126.927071
308.090769 -127.289162
308.090779 -127.602043
308.090788 -127.866035
308.090798 -128.110657
308.090808 -128.382233
308.090817 -128.725494
308.090827 -129.163086
308.090837 -129.732605
308.090846 -130.430283
308.090856 -131.222015
308.090865 -132.034714
308.090875 -132.756805
308.090885 -133.300262
308.090894 -133.615219
308.090904 -133.724991
308.090913 -133.677933
308.090923 -133.593887
308.090933 -133.529968
308.090942 -133.491699
308.090952 -133.465408
308.090962 -133.471252
308.090971 -133.521057
308.090981 -133.636246
308.090990 -133.837357
308.091000 -134.147644
308.091010 -134.574387
308.091019 -135.126236
308.091029 -135.727493
308.091038 -136.204819
308.091048 -135.933731
308.091058 -135.157013
308.091067 -134.242554
308.091077 -133.402161
308.091087 -132.749542
308.091096 -132.328613
308.091106 -132.143417
308.091115 -132.135834
308.091125 -132.176025
308.091135 -132.381012
308.091144 -132.704544
308.091154 -133.075912
308.091163 -133.393967
308.091173 -133.548889
308.091183 -133.304825
308.091192 -132.896255
308.091202 -132.413162
308.091212 -131.947601
308.091221 -131.580811
308.091231 -131.380264
308.091240 -131.359589
308.091250 -131.406006
308.091260 -131.717545
308.091269 -132.386429
308.091279 -133.515640
308.091288 -135.281937
308.091298 -138.046310
308.091308 -142.743362
308.091317 -144.941452
308.091327 -138.919815
308.091337 -135.435776
308.091346 -133.121262
308.091356 -131.484009
308.091365 -130.293533
308.091375 -129.419113
308.091385 -128.776321
308.091394 -128.305145
308.091404 -127.961380
308.091413 -127.712349
308.091423 -127.535316
308.091433 -127.415131
308.091442 -127.340042
308.091452 -127.302910
308.091462 -127.301231
308.091471 -127.309563
308.091481 -127.362999
308.091490 -127.468910
308.091500 -127.637085
308.091510 -127.880562
308.091519 -128.215988
308.091529 -128.661560
308.091538 -129.235535
308.091548 -129.952942
308.091558 -130.812134
308.091567 -131.798996
308.091577 -132.876266
308.091587 -133.932663
308.091596 -134.737045
308.091606 -134.870163
308.091615 -134.161575
308.091625 -133.238235
308.091635 -132.294083
308.091644 -131.429810
308.091654 -130.683426
308.091663 -130.061737
308.091673 -129.558014
308.091683 -129.160812
308.091692 -128.855011
308.091702 -128.622726
308.091712 -128.459137
308.091721 -128.353516
308.091731 -128.296616
308.091740 -128.282623
308.091750 -128.283066
308.091760 -128.313995
308.091769 -128.399750
308.091779 -128.560806
308.091788 -128.827728
308.091798 -129.238983
308.091808 -129.840622
308.091817 -130.686737
308.091827 -131.845398
308.091837 -133.409103
308.091846 -135.517548
308.091856 -138.388184
308.091865 -142.233765
308.091875 -143.510895
308.091885 -140.037109
308.091894 -137.452957
308.091904 -135.593231
308.091913 -134.175705
308.091923 -133.069351
308.091933 -132.178162
308.091942 -131.455917
308.091952 -130.891754
308.091962 -130.497055
308.091971 -130.294601
308.091981 -130.272781
308.091990 -130.303528
308.092000 -130.544983
308.092010 -131.041748
308.092019 -131.781464
308.092029 -132.683044
308.092038 -133.517715
308.092048 -133.443909
308.092058 -132.375656
308.092067 -131.097839
308.092077 -129.912811
308.092087 -128.947922
308.092096 -128.238663
308.092106 -127.785583
308.092115 -127.578751
308.092125 -127.569191
308.092135 -127.606804
308.092144 -127.858482
308.092154 -128.321335
308.092163 -128.977127
308.092173 -129.791016
308.092183 -130.693146
308.092192 -131.554153
308.092202 -132.182587
308.092212 -132.181213
308.092221 -131.673798
308.092231 -131.085403
308.092240 -130.573990
308.092250 -130.231262
308.092260 -130.104233
308.092269 -130.104004
308.092279 -130.214081
308.092288 -130.562836
308.092298 -131.128693
308.092308 -131.847656
308.092317 -132.580292
308.092327 -133.099136
308.092337 -132.769150
308.092346 -132.052307
308.092356 -131.253784
308.092365 -130.522903
308.092375 -129.925613
308.092385 -129.474152
308.092394 -129.158340
308.092404 -128.983032
308.092413 -128.935226
308.092423 -128.930649
308.092433 -129.040909
308.092442 -129.299591
308.092452 -129.739777
308.092462 -130.403305
308.092471 -131.341248
308.092481 -132.611618
308.092490 -134.252838
308.092500 -136.151871
308.092510 -137.417801
308.092519 -135.649139
308.092529 -133.625671
308.092538 -131.943176
308.092548 -130.701981
308.092558 -129.881744
308.092567 -129.450348
308.092577 -129.362442
308.092587 -129.379654
308.092596 -129.676788
308.092606 -130.313934
308.092615 -131.271347
308.092625 -132.450684
308.092635 -133.514313
308.092644 -133.528778
308.092654 -132.300613
308.092663 -130.922256
308.092673 -129.698669
308.092683 -128.722610
308.092692 -127.996429
308.092702 -127.491997
308.092712 -127.169487
308.092721 -126.981339
308.092731 -126.875244
308.092740 -126.806961
308.092750 -126.732147
308.092760 -126.622154
308.092769 -126.469467
308.092779 -126.284760
308.092788 -126.098488
308.092798 -125.941360
308.092808 -125.841240
308.092817 -125.812866
308.092827 -125.814301
308.092837 -125.899216
308.092846 -126.086792
308.092856 -126.391075
308.092865 -126.810974
308.092875 -127.333244
308.092885 -127.925621
308.092894 -128.530807
308.092904 -129.052689
308.092913 -129.419067
308.092923 -129.586273
308.092933 -129.487274
308.092942 -129.314087
308.092952 -129.162720
308.092962 -129.049026
308.092971 -128.989975
308.092981 -128.979507
308.092990 -128.980042
308.093000 -129.001343
308.093010 -129.041412
308.093019 -129.103027
308.093029 -129.207062
308.093038 -129.390564
308.093048 -129.701904
308.093058 -130.198242
308.093067 -130.946243
308.093077 -132.027634
308.093087 -133.523041
308.093096 -135.577057
308.093106 -138.197449
308.093115 -139.293274
308.093125 -136.334274
308.093135 -133.665955
308.093144 -131.614960
308.093154 -130.082047
308.093163 -128.948044
308.093173 -128.141373
308.093183 -127.605255
308.093192 -127.293030
308.093202 -127.167099
308.093212 -127.162621
308.093221 -127.194878
308.093231 -127.347084
308.093240 -127.596550
308.093250 -127.915756
308.093260 -128.277679
308.093269 -128.671936
308.093279 -129.089340
308.093288 -129.531876
308.093298 -130.018906
308.093308 -130.589752
308.093317 -131.306152
308.093327 -132.252045
308.093337 -133.529724
308.093346 -135.238693
308.093356 -137.458115
308.093365 -139.587250
308.093375 -136.901840
308.093385 -133.945221
308.093394 -131.484726
308.093404 -129.493073
308.093413 -127.877502
308.093423 -126.565697
308.093433 -125.497009
308.093442 -124.631424
308.093452 -123.942223
308.093462 -123.411125
308.093471 -123.024574
308.093481 -122.771324
308.093490 -122.635857
308.093500 -122.598526
308.093510 -122.594994
308.093519 -122.678673
308.093529 -122.844673
308.093538 -123.079124
308.093548 -123.369957
308.093558 -123.707550
308.093567 -124.086662
308.093577 -124.514465
308.093587 -125.001801
308.093596 -125.564995
308.093606 -126.225304
308.093615 -127.007271
308.093625 -127.939110
308.093635 -129.047913
308.093644 -130.371902
308.093654 -131.956192
308.093663 -133.846222
308.093673 -136.079453
308.093683 -138.628265
308.093692 -141.211426
308.093702 -142.966187
308.093712 -142.006866
308.093721 -140.663651
308.093731 -139.302963
308.093740 -138.023254
308.093750 -136.839600
308.093760 -135.796356
308.093769 -134.946136
308.093779 -134.324966
308.093788 -133.942993
308.093798 -133.765015
308.093808 -133.719574
308.093817 -133.702377
308.093827 -133.644928
308.093837 -133.278763
308.093846 -132.617401
308.093856 -131.765991
308.093865 -130.857147
308.093875 -129.990601
308.093885 -129.208145
308.093894 -128.526123
308.093904 -127.958542
308.093913 -127.497635
308.093923 -127.136681
308.093933 -126.874184
308.093942 -126.713539
308.093952 -126.661842
308.093962 -126.662033
308.093971 -126.728111
308.093981 -126.918861
308.093990 -127.237206
308.094000 -127.679306
308.094010 -128.229462
308.094019 -128.854996
308.094029 -129.499420
308.094038 -130.082489
308.094048 -130.513718
308.094058 -130.719330
308.094067 -130.544220
308.094077 -130.287186
308.094087 -130.025604
308.094096 -129.812531
308.094106 -129.673798
308.094115 -129.604309
308.094125 -129.593582
308.094135 -129.605728
308.094144 -129.681747
308.094154 -129.796677
308.094163 -129.920868
308.094173 -130.022919
308.094183 -130.075485
308.094192 -130.010284
308.094202 -129.860321
308.094212 -129.655685
308.094221 -129.425400
308.094231 -129.197357
308.094240 -128.999069
308.094250 -128.856827
308.094260 -128.789642
308.094269 -128.786896
308.094279 -128.815231
308.094288 -128.957611
308.094298 -129.227844
308.094308 -129.628891
308.094317 -130.149490
308.094327 -130.756119
308.094337 -131.381226
308.094346 -131.915726
308.094356 -132.201675
308.094365 -131.831207
308.094375 -131.193756
308.094385 -130.409454
308.094394 -129.584396
308.094404 -128.796127
308.094413 -128.098083
308.094423 -127.530144
308.094433 -127.124390
308.094442 -126.909386
308.094452 -126.893967
308.094462 -126.912704
308.094471 -127.163719
308.094481 -127.696388
308.094490 -128.555679
308.094500 -129.806046
308.094510 -131.548294
308.094519 -133.950485
308.094529 -137.292770
308.094538 -141.707031
308.094548 -140.246948
308.094558 -137.070740
308.094567 -134.934738
308.094577 -133.495377
308.094587 -132.482956
308.094596 -131.760452
308.094606 -131.211365
308.094615 -130.757553
308.094625 -130.352737
308.094635 -129.979416
308.094644 -129.640366
308.094654 -129.349136
308.094663 -129.120483
308.094673 -128.965317
308.094683 -128.883606
308.094692 -128.863556
308.094702 -128.868103
308.094712 -128.941422
308.094721 -129.075897
308.094731 -129.265640
308.094740 -129.510406
308.094750 -129.819199
308.094760 -130.201248
308.094769 -130.691147
308.094779 -131.322769
308.094788 -132.121933
308.094798 -133.070313
308.094808 -134.123764
308.094817 -135.059723
308.094827 -134.875778
308.094837 -133.522385
308.094846 -131.845764
308.094856 -130.171936
308.094865 -128.630081
308.094875 -127.247849
308.094885 -126.029617
308.094894 -124.971916
308.094904 -124.064377
308.094913 -123.298470
308.094923 -122.667534
308.094933 -122.166046
308.094942 -121.789375
308.094952 -121.533325
308.094962 -121.393417
308.094971 -121.362892
308.094981 -121.366364
308.094990 -121.450050
308.095000 -121.641159
308.095010 -121.936180
308.095019 -122.331024
308.095029 -122.820435
308.095038 -123.397438
308.095048 -124.052139
308.095058 -124.771355
308.095067 -125.537796
308.095077 -126.331581
308.095087 -127.132362
308.095096 -127.924477
308.095106 -128.701202
308.095115 -129.467621
308.095125 -130.237885
308.095135 -131.028595
308.095144 -131.849518
308.095154 -132.696777
308.095163 -133.551331
308.095173 -134.389755
308.095183 -135.208191
308.095192 -136.054611
308.095202 -137.051315
308.095212 -138.411621
308.095221 -140.483704
308.095231 -143.817047
308.095240 -143.682617
308.095250 -138.378922
308.095260 -134.556961
308.095269 -131.724396
308.095279 -129.550781
308.095288 -127.860146
308.095298 -126.552299
308.095308 -125.565414
308.095317 -124.858902
308.095327 -124.404419
308.095337 -124.181129
308.095346 -124.154579
308.095356 -124.172478
308.095365 -124.364365
308.095375 -124.743004
308.095385 -125.295021
308.095394 -126.006180
308.095404 -126.861809
308.095413 -127.847298
308.095423 -128.950211
308.095433 -130.161850
308.095442 -131.480225
308.095452 -132.909775
308.095462 -134.460052
308.095471 -136.136017
308.095481 -137.920898
308.095490 -139.735962
308.095500 -141.382416
308.095510 -142.522293
308.095519 -142.438400
308.095529 -141.511154
308.095538 -140.306900
308.095548 -138.928772
308.095558 -137.501953
308.095567 -136.101440
308.095577 -134.794800
308.095587 -133.636398
308.095596 -132.661911
308.095606 -131.889877
308.095615 -131.323059
308.095625 -130.948151
308.095635 -130.724426
308.095644 -130.604736
308.095654 -130.513382
308.095663 -130.362015
308.095673 -130.086365
308.095683 -129.677246
308.095692 -129.198639
308.095702 -128.749344
308.095712 -128.419266
308.095721 -128.269989
308.095731 -128.249222
308.095740 -128.369507
308.095750 -128.728226
308.095760 -129.368256
308.095769 -130.287247
308.095779 -131.491379
308.095788 -132.943314
308.095798 -134.555176
308.095808 -136.176483
308.095817 -137.630875
308.095827 -138.817032
308.095837 -139.712708
308.095846 -140.204742
308.095856 -139.607574
308.095865 -138.464706
308.095875 -137.232666
308.095885 -136.207230
308.095894 -135.522980
308.095904 -135.220886
308.095913 -135.185760
308.095923 -135.296982
308.095933 -135.752350
308.095942 -136.480240
308.095952 -137.341370
308.095962 -138.105743
308.095971 -138.581100
308.095981 -138.783997
308.095990 -138.972748
308.096000 -139.476501
308.096010 -140.661407
308.096019 -143.217560
308.096029 -149.308350
308.096038 -143.262650
308.096048 -137.476715
308.096058 -133.764923
308.096067 -131.081573
308.096077 -129.048340
308.096087 -127.487152
308.096096 -126.299324
308.096106 -125.423798
308.096115 -124.818680
308.096125 -124.452034
308.096135 -124.295502
308.096144 -124.289040
308.096154 -124.320259
308.096163 -124.492668
308.096173 -124.772514
308.096183 -125.113525
308.096192 -125.469299
308.096202 -125.804550
308.096212 -126.108063
308.096221 -126.399475
308.096231 -126.724579
308.096240 -127.144768
308.096250 -127.727272
308.096260 -128.542847
308.096269 -129.671036
308.096279 -131.196457
308.096288 -133.280472
308.096298 -136.170074
308.096308 -140.234528
308.096317 -143.418610
308.096327 -139.848099
308.096337 -137.571045
308.096346 -136.400055
308.096356 -136.084793
308.096365 -136.093506
308.096375 -136.572739
308.096385 -137.880966
308.096394 -140.277969
308.096404 -144.357452
308.096413 -146.449448
308.096423 -141.687164
308.096433 -138.904251
308.096442 -137.391708
308.096452 -136.828690
308.096462 -136.819794
308.096471 -137.155853
308.096481 -138.536316
308.096490 -141.565033
308.096500 -147.016113
308.096510 -138.970001
308.096519 -134.297211
308.096529 -131.111267
308.096538 -128.756973
308.096548 -126.951233
308.096558 -125.553993
308.096567 -124.482262
308.096577 -123.682884
308.096587 -123.120392
308.096596 -122.770218
308.096606 -122.614677
308.096615 -122.601387
308.096625 -122.641197
308.096635 -122.839935
308.096644 -123.203423
308.096654 -123.725548
308.096663 -124.400627
308.096673 -125.221855
308.096683 -126.179474
308.096692 -127.257080
308.096702 -128.427109
308.096712 -129.643616
308.096721 -130.836090
308.096731 -131.908340
308.096740 -132.754105
308.096750 -133.291061
308.096760 -133.419510
308.096769 -133.144669
308.096779 -132.768448
308.096788 -132.381943
308.096798 -132.063736
308.096808 -131.870544
308.096817 -131.828415
308.096827 -131.839752
308.096837 -132.011948
308.096846 -132.418671
308.096856 -133.092514
308.096865 -134.069260
308.096875 -135.386032
308.096885 -137.049759
308.096894 -138.889374
308.096904 -139.582474
308.096913 -137.540955
308.096923 -135.226273
308.096933 -133.146057
308.096942 -131.374268
308.096952 -129.882126
308.096962 -128.631210
308.096971 -127.591972
308.096981 -126.743744
308.096990 -126.072708
308.097000 -125.568634
308.097010 -125.223221
308.097019 -125.028076
308.097029 -124.964592
308.097038 -124.949142
308.097048 -125.027618
308.097058 -125.214180
308.097067 -125.484665
308.097077 -125.807114
308.097087 -126.142456
308.097096 -126.447151
308.097106 -126.680412
308.097115 -126.812439
308.097125 -126.793144
308.097135 -126.630608
308.097144 -126.403107
308.097154 -126.141045
308.097163 -125.867188
308.097173 -125.599472
308.097183 -125.352768
308.097192 -125.140793
308.097202 -124.976639
308.097212 -124.873024
308.097221 -124.839340
308.097231 -124.832405
308.097240 -124.899345
308.097250 -125.065102
308.097260 -125.337303
308.097269 -125.731827
308.097279 -126.257339
308.097288 -126.920349
308.097298 -127.725319
308.097308 -128.674210
308.097317 -129.767426
308.097327 -131.004898
308.097337 -132.389420
308.097346 -133.930298
308.097356 -135.646332
308.097365 -137.518585
308.097375 -139.474289
308.097385 -141.165436
308.097394 -140.926407
308.097404 -139.326019
308.097413 -137.727478
308.097423 -136.392395
308.097433 -135.361710
308.097442 -134.635773
308.097452 -134.172668
308.097462 -133.923477
308.097471 -133.844589
308.097481 -133.818115
308.097490 -133.921616
308.097500 -134.176910
308.097510 -134.607010
308.097519 -135.266098
308.097529 -136.230637
308.097538 -137.596283
308.097548 -139.382523
308.097558 -140.626053
308.097567 -137.970871
308.097577 -135.029526
308.097587 -132.546890
308.097596 -130.561035
308.097606 -128.997681
308.097615 -127.788513
308.097625 -126.884666
308.097635 -126.252533
308.097644 -125.870270
308.097654 -125.719940
308.097663 -125.716621
308.097673 -125.793213
308.097683 -126.089539
308.097692 -126.605347
308.097702 -127.336876
308.097712 -128.275696
308.097721 -129.404572
308.097731 -130.689514
308.097740 -132.073196
308.097750 -133.471664
308.097760 -134.788147
308.097769 -135.943726
308.097779 -136.906540
308.097788 -137.681442
308.097798 -138.245438
308.097808 -138.602859
308.097817 -138.753021
308.097827 -138.733017
308.097837 -138.706100
308.097846 -138.714081
308.097856 -138.865158
308.097865 -139.220444
308.097875 -139.848419
308.097885 -140.787827
308.097894 -142.060837
308.097904 -143.643478
308.097913 -145.343643
308.097923 -146.455292
308.097933 -145.172806
308.097942 -143.492035
308.097952 -141.897003
308.097962 -140.482971
308.097971 -139.209229
308.097981 -138.012589
308.097990 -136.848877
308.098000 -135.711411
308.098010 -134.625336
308.098019 -133.634140
308.098029 -132.782059
308.098038 -132.107178
308.098048 -131.638809
308.098058 -131.400162
308.098067 -131.361008
308.098077 -131.408508
308.098087 -131.696045
308.098096 -132.280640
308.098106 -133.196030
308.098115 -134.492035
308.098125 -136.243118
308.098135 -138.481079
308.098144 -140.896378
308.098154 -140.573410
308.098163 -138.239990
308.098173 -136.197388
308.098183 -134.626221
308.098192 -133.473358
308.098202 -132.671539
308.098212 -132.172989
308.098221 -131.948013
308.098231 -131.937836
308.098240 -131.981308
308.098250 -132.263107
308.098260 -132.776642
308.098269 -133.465836
308.098279 -134.166473
308.098288 -134.100967
308.098298 -132.845856
308.098308 -131.152328
308.098317 -129.411743
308.098327 -127.817078
308.098337 -126.429672
308.098346 -125.256042
308.098356 -124.283096
308.098365 -123.492287
308.098375 -122.863754
308.098385 -122.373024
308.098394 -122.004639
308.098404 -121.741356
308.098413 -121.565369
308.098423 -121.459816
308.098433 -121.407547
308.098442 -121.391594
308.098452 -121.390640
308.098462 -121.430405
308.098471 -121.511551
308.098481 -121.640404
308.098490 -121.828049
308.098500 -122.088951
308.098510 -122.436867
308.098519 -122.883217
308.098529 -123.444923
308.098538 -124.128853
308.098548 -124.932816
308.098558 -125.839561
308.098567 -126.807724
308.098577 -127.761406
308.098587 -128.565186
308.098596 -129.111069
308.098606 -129.334244
308.098615 -129.090683
308.098625 -128.756989
308.098635 -128.438889
308.098644 -128.196487
308.098654 -128.060364
308.098663 -128.030991
308.098673 -128.046997
308.098683 -128.199509
308.098692 -128.490601
308.098702 -128.943787
308.098712 -129.569870
308.098721 -130.379776
308.098731 -131.379700
308.098740 -132.554886
308.098750 -133.826660
308.098760 -134.928833
308.098769 -135.117859
308.098779 -133.961655
308.098788 -132.537064
308.098798 -131.181061
308.098808 -130.032990
308.098817 -129.133591
308.098827 -128.487976
308.098837 -128.089157
308.098846 -127.920372
308.098856 -127.894058
308.098865 -127.968811
308.098875 -128.246216
308.098885 -128.701263
308.098894 -129.292984
308.098904 -129.975723
308.098913 -130.676163
308.098923 -131.313614
308.098933 -131.827484
308.098942 -132.191681
308.098952 -132.419922
308.098962 -132.549927
308.098971 -132.619827
308.098981 -132.658371
308.098990 -132.676880
308.099000 -132.722366
308.099010 -132.842102
308.099019 -133.095078
308.099029 -133.554352
308.099038 -134.316193
308.099048 -135.526169
308.099058 -137.395386
308.099067 -140.242294
308.099077 -143.718582
308.099087 -139.266220
308.099096 -135.595596
308.099106 -132.929291
308.099115 -130.952072
308.099125 -129.458359
308.099135 -128.319992
308.099144 -127.450630
308.099154 -126.788155
308.099163 -126.287086
308.099173 -125.916344
308.099183 -125.657280
308.099192 -125.502495
308.099202 -125.452148
308.099212 -125.442642
308.099221 -125.554031
308.099231 -125.816208
308.099240 -126.242134
308.099250 -126.846039
308.099260 -127.644928
308.099269 -128.629242
308.099279 -129.749435
308.099288 -130.873505
308.099298 -131.703674
308.099308 -131.755402
308.099317 -130.970551
308.099327 -130.014099
308.099337 -129.074585
308.099346 -128.235107
308.099356 -127.520348
308.099365 -126.931656
308.099375 -126.463554
308.099385 -126.111748
308.099394 -125.875221
308.099404 -125.757751
308.099413 -125.744385
308.099423 -125.767670
308.099433 -125.917366
308.099442 -126.222969
308.099452 -126.704819
308.099462 -127.387604
308.099471 -128.302261
308.099481 -129.489456
308.099490 -131.006104
308.099500 -132.932953
308.099510 -135.385468
308.099519 -138.533890
308.099529 -142.120316
308.099538 -139.985489
308.099548 -136.702408
308.099558 -134.070816
308.099567 -131.946564
308.099577 -130.189621
308.099587 -128.714798
308.099596 -127.462112
308.099606 -126.401817
308.099615 -125.516243
308.099625 -124.794922
308.099635 -124.233215
308.099644 -123.831146
308.099654 -123.592072
308.099663 -123.521019
308.099673 -123.521774
308.099683 -123.627625
308.099692 -123.917458
308.099702 -124.400024
308.099712 -125.085205
308.099721 -125.984024
308.099731 -127.109230
308.099740 -128.473114
308.099750 -130.078445
308.099760 -131.883087
308.099769 -133.701263
308.099779 -135.042542
308.099788 -134.526093
308.099798 -133.398193
308.099808 -132.395187
308.099817 -131.709473
308.099827 -131.381454
308.099837 -131.350906
308.099846 -131.460190
308.099856 -131.970093
308.099865 -132.896301
308.099875 -134.130356
308.099885 -135.190109
308.099894 -134.377075
308.099904 -132.689102
308.099913 -131.113678
308.099923 -129.892548
308.099933 -129.062881
308.099942 -128.609024
308.099952 -128.495316
308.099962 -128.497253
308.099971 -128.752533
308.099981 -129.334564
308.099990 -130.268692
308.100000 -131.584854
308.100010 -133.336609
308.100019 -135.601303
308.100029 -138.431778
308.100038 -141.484818
308.100048 -141.461243
308.100058 -139.327499
308.100067 -137.616104
308.100077 -136.393951
308.100087 -135.556305
308.100096 -134.999542
308.100106 -134.630432
308.100115 -134.381119
308.100125 -134.186569
308.100135 -133.985794
308.100144 -133.729095
308.100154 -133.385208
308.100163 -132.945938
308.100173 -132.427628
308.100183 -131.865479
308.100192 -131.306000
308.100202 -130.798996
308.100212 -130.390625
308.100221 -130.121826
308.100231 -130.030151
308.100240 -130.025986
308.100250 -130.156479
308.100260 -130.512741
308.100269 -131.107147
308.100279 -131.903900
308.100288 -132.759491
308.100298 -133.367737
308.100308 -132.842834
308.100317 -131.702026
308.100327 -130.448868
308.100337 -129.294662
308.100346 -128.316315
308.100356 -127.525841
308.100365 -126.910484
308.100375 -126.444565
308.100385 -126.116348
308.100394 -125.909431
308.100404 -125.808998
308.100413 -125.798622
308.100423 -125.801796
308.100433 -125.873604
308.100442 -126.006332
308.100452 -126.173721
308.100462 -126.338394
308.100471 -126.451576
308.100481 -126.328011
308.100490 -126.044800
308.100500 -125.642555
308.100510 -125.178993
308.100519 -124.718689
308.100529 -124.318306
308.100538 -124.021179
308.100548 -123.858208
308.100558 -123.838837
308.100567 -123.851440
308.100577 -124.017090
308.100587 -124.367912
308.100596 -124.914925
308.100606 -125.667145
308.100615 -126.628586
308.100625 -127.791267
308.100635 -129.117584
308.100644 -130.509750
308.100654 -131.774780
308.100663 -132.654678
308.100673 -132.903458
308.100683 -132.619232
308.100692 -132.339066
308.100702 -132.127609
308.100712 -132.017288
308.100721 -131.985550
308.100731 -131.975891
308.100740 -132.022217
308.100750 -132.109619
308.100760 -132.236572
308.100769 -132.422562
308.100779 -132.698517
308.100788 -133.098358
308.100798 -133.636429
308.100808 -134.344009
308.100817 -135.231979
308.100827 -136.297302
308.100837 -137.520020
308.100846 -138.855576
308.100856 -140.219147
308.100865 -141.469635
308.100875 -142.406494
308.100885 -142.577881
308.100894 -141.705063
308.100904 -140.361298
308.100913 -138.766724
308.100923 -137.119263
308.100933 -135.560394
308.100942 -134.174454
308.100952 -133.006836
308.100962 -132.078476
308.100971 -131.391006
308.100981 -130.953766
308.100990 -130.766602
308.101000 -130.760498
308.101010 -130.827179
308.101019 -131.130096
308.101029 -131.665237
308.101038 -132.411758
308.101048 -133.327866
308.101058 -134.333145
308.101067 -135.287720
308.101077 -135.984436
308.101087 -135.793839
308.101096 -134.830582
308.101106 -133.497345
308.101115 -132.007050
308.101125 -130.524261
308.101135 -129.155899
308.101144 -127.963654
308.101154 -126.980515
308.101163 -126.222740
308.101173 -125.698250
308.101183 -125.411354
308.101192 -125.359421
308.101202 -125.366585
308.101212 -125.570442
308.101221 -126.033333
308.101231 -126.772614
308.101240 -127.816284
308.101250 -129.208969
308.101260 -131.024872
308.101269 -133.391953
308.101279 -136.541168
308.101288 -140.809036
308.101298 -142.697861
308.101308 -138.730530
308.101317 -135.810379
308.101327 -133.629639
308.101337 -131.908493
308.101346 -130.501968
308.101356 -129.340332
308.101365 -128.389816
308.101375 -127.633629
308.101385 -127.060509
308.101394 -126.660339
308.101404 -126.412529
308.101413 -126.305252
308.101423 -126.291527
308.101433 -126.316711
308.101442 -126.444336
308.101452 -126.644211
308.101462 -126.876480
308.101471 -127.090019
308.101481 -127.224342
308.101490 -127.102539
308.101500 -126.731178
308.101510 -126.187065
308.101519 -125.532272
308.101529 -124.836510
308.101538 -124.163208
308.101548 -123.563057
308.101558 -123.074203
308.101567 -122.724854
308.101577 -122.536484
308.101587 -122.506195
308.101596 -122.525894
308.101606 -122.695869
308.101615 -123.061684
308.101625 -123.622139
308.101635 -124.358299
308.101644 -125.216568
308.101654 -126.083641
308.101663 -126.773430
308.101673 -126.949409
308.101683 -126.484680
308.101692 -125.896973
308.101702 -125.350395
308.101712 -124.937500
308.101721 -124.701599
308.101731 -124.653084
308.101740 -124.660828
308.101750 -124.823799
308.101760 -125.195938
308.101769 -125.783058
308.101779 -126.588722
308.101788 -127.606674
308.101798 -128.801392
308.101808 -130.071487
308.101817 -131.205063
308.101827 -131.909988
308.101837 -131.688202
308.101846 -131.193100
308.101856 -130.753876
308.101865 -130.466461
308.101875 -130.323349
308.101885 -130.291092
308.101894 -130.288010
308.101904 -130.336792
308.101913 -130.355453
308.101923 -130.160233
308.101933 -129.786697
308.101942 -129.273743
308.101952 -128.679413
308.101962 -128.061554
308.101971 -127.466362
308.101981 -126.925903
308.101990 -126.461906
308.102000 -126.089935
308.102010 -125.823021
308.102019 -125.670540
308.102029 -125.631088
308.102038 -125.637657
308.102048 -125.778038
308.102058 -126.058464
308.102067 -126.504120
308.102077 -127.107269
308.102087 -127.855179
308.102096 -128.712631
308.102106 -129.584549
308.102115 -130.308090
308.102125 -130.624832
308.102135 -130.186981
308.102144 -129.555862
308.102154 -128.892731
308.102163 -128.291336
308.102173 -127.789513
308.102183 -127.392998
308.102192 -127.085770
308.102202 -126.862526
308.102212 -126.709785
308.102221 -126.618492
308.102231 -126.583954
308.102240 -126.580238
308.102250 -126.615013
308.102260 -126.717064
308.102269 -126.907639
308.102279 -127.201927
308.102288 -127.626671
308.102298 -128.207657
308.102308 -128.972153
308.102317 -129.948456
308.102327 -131.164505
308.102337 -132.642654
308.102346 -134.384018
308.102356 -136.328491
308.102365 -138.275253
308.102375 -139.836975
308.102385 -140.692932
308.102394 -141.017075
308.102404 -141.306290
308.102413 -141.977036
308.102423 -143.320557
308.102433 -145.621948
308.102442 -148.901840
308.102452 -145.732086
308.102462 -141.773148
308.102471 -138.744598
308.102481 -136.330109
308.102490 -134.323547
308.102500 -132.594757
308.102510 -131.062332
308.102519 -129.683914
308.102529 -128.440842
308.102538 -127.327545
308.102548 -126.344368
308.102558 -125.493576
308.102567 -124.776863
308.102577 -124.194901
308.102587 -123.746895
308.102596 -123.431160
308.102606 -123.245300
308.102615 -123.182114
308.102625 -123.173050
308.102635 -123.250458
308.102644 -123.451614
308.102654 -123.779488
308.102663 -124.249748
308.102673 -124.881104
308.102683 -125.704895
308.102692 -126.770912
308.102702 -128.159958
308.102712 -130.009796
308.102721 -132.584915
308.102731 -136.513107
308.102740 -144.096130
308.102750 -139.342819
308.102760 -134.727890
308.102769 -132.094269
308.102779 -130.459183
308.102788 -129.479309
308.102798 -129.006104
308.102808 -128.936752
308.102817 -128.965057
308.102827 -129.318069
308.102837 -130.040314
308.102846 -131.096283
308.102856 -132.388870
308.102865 -133.663879
308.102875 -134.424622
308.102885 -133.763611
308.102894 -132.961700
308.102904 -132.342773
308.102913 -132.043045
308.102923 -132.030594
308.102933 -132.115829
308.102942 -132.594147
308.102952 -133.526138
308.102962 -135.000580
308.102971 -137.215576
308.102981 -140.593460
308.102990 -146.364365
308.103000 -145.257278
308.103010 -140.300278
308.103019 -137.265854
308.103029 -135.182816
308.103038 -133.641846
308.103048 -132.450394
308.103058 -131.510849
308.103067 -130.776703
308.103077 -130.231369
308.103087 -129.876251
308.103096 -129.723358
308.103106 -129.710373
308.103115 -129.796875
308.103125 -130.120499
308.103135 -130.728287
308.103144 -131.689224
308.103154 -133.087875
308.103163 -135.027573
308.103173 -137.493408
308.103183 -138.590378
308.103192 -135.698257
308.103202 -132.981186
308.103212 -130.834641
308.103221 -129.184509
308.103231 -127.930367
308.103240 -126.998695
308.103250 -126.339676
308.103260 -125.920006
308.103269 -125.717865
308.103279 -125.695114
308.103288 -125.719315
308.103298 -125.915291
308.103308 -126.299591
308.103317 -126.866600
308.103327 -127.608429
308.103337 -128.512161
308.103346 -129.556641
308.103356 -130.712845
308.103365 -131.949905
308.103375 -133.253876
308.103385 -134.655579
308.103394 -136.263382
308.103404 -138.297073
308.103413 -141.163574
308.103423 -145.564407
308.103433 -144.081833
308.103442 -139.332626
308.103452 -136.094025
308.103462 -133.747330
308.103471 -131.966476
308.103481 -130.572052
308.103490 -129.444870
308.103500 -128.522675
308.103510 -127.759911
308.103519 -127.127480
308.103529 -126.611816
308.103538 -126.210823
308.103548 -125.930130
308.103558 -125.778854
308.103567 -125.750381
308.103577 -125.758461
308.103587 -125.882233
308.103596 -126.153130
308.103606 -126.566544
308.103615 -127.109634
308.103625 -127.759407
308.103635 -128.483826
308.103644 -129.244278
308.103654 -130.005127
308.103663 -130.742569
308.103673 -131.450882
308.103683 -132.133789
308.103692 -132.753159
308.103702 -133.274628
308.103712 -133.565674
308.103721 -133.230042
308.103731 -132.539795
308.103740 -131.700638
308.103750 -130.866394
308.103760 -130.139587
308.103769 -129.575165
308.103779 -129.198532
308.103788 -129.018860
308.103798 -128.992767
308.103808 -129.031815
308.103817 -129.250519
308.103827 -129.651321
308.103837 -130.228699
308.103846 -130.966278
308.103856 -131.839767
308.103865 -132.815964
308.103875 -133.855103
308.103885 -134.918854
308.103894 -135.985001
308.103904 -137.059814
308.103913 -138.178665
308.103923 -139.387695
308.103933 -140.714447
308.103942 -142.119980
308.103952 -143.439102
308.103962 -144.316986
308.103971 -143.200195
308.103981 -141.203049
308.103990 -138.778870
308.104000 -136.294510
308.104010 -133.966034
308.104019 -131.889343
308.104029 -130.095169
308.104038 -128.586655
308.104048 -127.354752
308.104058 -126.386833
308.104067 -125.669136
308.104077 -125.188797
308.104087 -124.934196
308.104096 -124.890846
308.104106 -124.895439
308.104115 -125.065193
308.104125 -125.439560
308.104135 -126.020691
308.104144 -126.818245
308.104154 -127.845932
308.104163 -129.071121
308.104173 -130.441589
308.104183 -131.609695
308.104192 -131.045197
308.104202 -129.297501
308.104212 -127.454018
308.104221 -125.829643
308.104231 -124.502296
308.104240 -123.470291
308.104250 -122.712479
308.104260 -122.205170
308.104269 -121.926628
308.104279 -121.853516
308.104288 -121.855766
308.104298 -121.977577
308.104308 -122.268486
308.104317 -122.707916
308.104327 -123.269585
308.104337 -123.920555
308.104346 -124.618881
308.104356 -125.313309
308.104365 -125.945755
308.104375 -126.460388
308.104385 -126.809326
308.104394 -126.984047
308.104404 -126.950546
308.104413 -126.800064
308.104423 -126.625275
308.104433 -126.460129
308.104442 -126.328476
308.104452 -126.244858
308.104462 -126.216370
308.104471 -126.216225
308.104481 -126.243492
308.104490 -126.320610
308.104500 -126.442001
308.104510 -126.594170
308.104519 -126.756065
308.104529 -126.897362
308.104538 -126.954872
308.104548 -126.794136
308.104558 -126.488525
308.104567 -126.064346
308.104577 -125.574959
308.104587 -125.083473
308.104596 -124.649277
308.104606 -124.321014
308.104615 -124.137238
308.104625 -124.111748
308.104635 -124.129082
308.104644 -124.324844
308.104654 -124.753189
308.104663 -125.448792
308.104673 -126.457504
308.104683 -127.846352
308.104692 -129.721909
308.104702 -132.273529
308.104712 -135.890671
308.104721 -141.666931
308.104731 -146.475662
308.104740 -141.094406
308.104750 -138.940445
308.104760 -138.386780
308.104769 -138.389740
308.104779 -139.068375
308.104788 -141.008148
308.104798 -144.105042
308.104808 -140.346283
308.104817 -136.457138
308.104827 -133.632385
308.104837 -131.571106
308.104846 -130.053833
308.104856 -128.944138
308.104865 -128.152695
308.104875 -127.614288
308.104885 -127.276321
308.104894 -127.090683
308.104904 -127.010185
308.104913 -126.986549
308.104923 -126.973404
308.104933 -126.932571
308.104942 -126.843002
308.104952 -126.706589
308.104962 -126.548027
308.104971 -126.406845
308.104981 -126.327927
308.104990 -126.324478
308.105000 -126.354012
308.105010 -126.521576
308.105019 -126.860001
308.105029 -127.388649
308.105038 -128.135162
308.105048 -129.116821
308.105058 -130.340652
308.105067 -131.797852
308.105077 -133.449371
308.105087 -135.144653
308.105096 -136.519897
308.105106 -136.678116
308.105115 -135.763870
308.105125 -134.782928
308.105135 -133.938782
308.105144 -133.318909
308.105154 -132.944458
308.105163 -132.793472
308.105173 -132.765915
308.105183 -132.852692
308.105192 -133.144318
308.105202 -133.639236
308.105212 -134.353668
308.105221 -135.365692
308.105231 -136.815628
308.105240 -138.994781
308.105250 -142.529907
308.105260 -148.741669
308.105269 -141.040207
308.105279 -136.529770
308.105288 -133.491730
308.105298 -131.293365
308.105308 -129.678116
308.105317 -128.513138
308.105327 -127.724922
308.105337 -127.269814
308.105346 -127.110863
308.105356 -127.093613
308.105365 -127.228210
308.105375 -127.595291
308.105385 -128.129288
308.105394 -128.716095
308.105404 -129.188187
308.105413 -129.322617
308.105423 -128.940567
308.105433 -128.465012
308.105442 -128.069717
308.105452 -127.848465
308.105462 -127.803535
308.105471 -127.862518
308.105481 -128.207977
308.105490 -128.862564
308.105500 -129.899948
308.105510 -131.417084
308.105519 -133.556061
308.105529 -136.448700
308.105538 -138.827560
308.105548 -135.522720
308.105558 -132.572357
308.105567 -130.348816
308.105577 -128.689362
308.105587 -127.449913
308.105596 -126.532654
308.105606 -125.870697
308.105615 -125.415176
308.105625 -125.128723
308.105635 -124.979362
308.105644 -124.934372
308.105654 -124.934410
308.105663 -124.975838
308.105673 -125.078278
308.105683 -125.213615
308.105692 -125.348099
308.105702 -125.441475
308.105712 -125.341644
308.105721 -125.100922
308.105731 -124.748436
308.105740 -124.332069
308.105750 -123.913612
308.105760 -123.553787
308.105769 -123.303787
308.105779 -123.203163
308.105788 -123.202530
308.105798 -123.282448
308.105808 -123.565063
308.105817 -124.072174
308.105827 -124.825844
308.105837 -125.854073
308.105846 -127.196434
308.105856 -128.914352
308.105865 -131.102417
308.105875 -133.878723
308.105885 -137.122131
308.105894 -137.119141
308.105904 -134.184479
308.105913 -131.765106
308.105923 -129.925415
308.105933 -128.554260
308.105942 -127.572960
308.105952 -126.942070
308.105962 -126.650505
308.105971 -126.635445
308.105981 -126.711205
308.105990 -127.160187
308.106000 -128.065765
308.106010 -129.553268
308.106019 -131.882217
308.106029 -135.670944
308.106038 -143.234848
308.106048 -138.430634
308.106058 -134.112076
308.106067 -131.817535
308.106077 -130.616470
308.106087 -130.187195
308.106096 -130.181030
308.106106 -130.419281
308.106115 -131.287125
308.106125 -132.807480
308.106135 -134.909088
308.106144 -136.677628
308.106154 -134.482910
308.106163 -132.161835
308.106173 -130.327744
308.106183 -128.977524
308.106192 -128.009460
308.106202 -127.340736
308.106212 -126.910255
308.106221 -126.663338
308.106231 -126.557381
308.106240 -126.541542
308.106250 -126.558640
308.106260 -126.654106
308.106269 -126.818192
308.106279 -127.044945
308.106288 -127.331367
308.106298 -127.688316
308.106308 -128.128616
308.106317 -128.671906
308.106327 -129.344574
308.106337 -130.167191
308.106346 -131.174591
308.106356 -132.390869
308.106365 -133.799850
308.106375 -135.276047
308.106385 -136.403992
308.106394 -136.243103
308.106404 -135.112411
308.106413 -133.899475
308.106423 -132.799377
308.106433 -131.841141
308.106442 -130.990906
308.106452 -130.202225
308.106462 -129.442368
308.106471 -128.701538
308.106481 -127.992493
308.106490 -127.340508
308.106500 -126.774170
308.106510 -126.318237
308.106519 -125.991333
308.106529 -125.805695
308.106538 -125.754059
308.106548 -125.750130
308.106558 -125.869560
308.106567 -126.128052
308.106577 -126.506668
308.106587 -126.969284
308.106596 -127.459717
308.106606 -127.907829
308.106615 -128.255508
308.106625 -128.493454
308.106635 -128.682465
308.106644 -128.937485
308.106654 -129.370682
308.106663 -130.113800
308.106673 -131.242294
308.106683 -132.812485
308.106692 -134.411652
308.106702 -132.848907
308.106712 -130.475784
308.106721 -128.461182
308.106731 -126.974342
308.106740 -125.988457
308.106750 -125.459030
308.106760 -125.346886
308.106769 -125.357224
308.106779 -125.675415
308.106788 -126.426521
308.106798 -127.647285
308.106808 -129.388809
308.106817 -131.639099
308.106827 -133.897522
308.106837 -132.514175
308.106846 -130.109222
308.106856 -128.065048
308.106865 -126.459366
308.106875 -125.223061
308.106885 -124.285980
308.106894 -123.610527
308.106904 -123.172737
308.106913 -122.960823
308.106923 -122.938271
308.106933 -122.973167
308.106942 -123.215698
308.106952 -123.708557
308.106962 -124.479057
308.106971 -125.567360
308.106981 -127.030991
308.106990 -128.946991
308.107000 -131.386581
308.107010 -134.207138
308.107019 -135.492157
308.107029 -133.373032
308.107038 -131.453812
308.107048 -130.024109
308.107058 -129.010345
308.107067 -128.310440
308.107077 -127.866905
308.107087 -127.625565
308.107096 -127.547249
308.107106 -127.533844
308.107115 -127.639809
308.107125 -127.908218
308.107135 -128.364456
308.107144 -129.046265
308.107154 -129.961166
308.107163 -131.132217
308.107173 -132.473755
308.107183 -133.673737
308.107192 -133.587708
308.107202 -132.424942
308.107212 -131.239853
308.107221 -130.322922
308.107231 -129.769409
308.107240 -129.590485
308.107250 -129.586945
308.107260 -129.807053
308.107269 -130.431808
308.107279 -131.471863
308.107288 -132.878326
308.107298 -134.333832
308.107308 -134.468155
308.107317 -132.749176
308.107327 -130.914795
308.107337 -129.335724
308.107346 -128.068298
308.107356 -127.078453
308.107365 -126.312141
308.107375 -125.712296
308.107385 -125.220871
308.107394 -124.781631
308.107404 -124.345345
308.107413 -123.879456
308.107423 -123.375366
308.107433 -122.849411
308.107442 -122.335358
308.107452 -121.873833
308.107462 -121.503799
308.107471 -121.258316
308.107481 -121.157265
308.107490 -121.140678
308.107500 -121.234184
308.107510 -121.511436
308.107519 -121.983299
308.107529 -122.664497
308.107538 -123.543869
308.107548 -124.568092
308.107558 -125.576683
308.107567 -126.265793
308.107577 -125.923386
308.107587 -124.941727
308.107596 -123.842392
308.107606 -122.809311
308.107615 -121.911720
308.107625 -121.158958
308.107635 -120.534569
308.107644 -120.011887
308.107654 -119.561386
308.107663 -119.155106
308.107673 -118.770493
308.107683 -118.393600
308.107692 -118.020935
308.107702 -117.658958
308.107712 -117.321495
308.107721 -117.026070
308.107731 -116.790443
308.107740 -116.630173
308.107750 -116.553329
308.107760 -116.538818
308.107769 -116.572098
308.107779 -116.702049
308.107788 -116.923950
308.107798 -117.242256
308.107808 -117.650337
308.107817 -118.138252
308.107827 -118.693192
308.107837 -119.299782
308.107846 -119.941177
308.107856 -120.600113
308.107865 -121.261063
308.107875 -121.912254
308.107885 -122.548203
308.107894 -123.171173
308.107904 -123.791862
308.107913 -124.427284
308.107923 -125.097107
308.107933 -125.816521
308.107942 -126.588058
308.107952 -127.391777
308.107962 -128.172592
308.107971 -128.869858
308.107981 -129.451813
308.107990 -129.951904
308.108000 -130.489456
308.108010 -131.216934
308.108019 -132.373764
308.108029 -134.291412
308.108038 -137.534180
308.108048 -142.801849
308.108058 -136.060760
308.108067 -131.787964
308.108077 -128.873993
308.108087 -126.726639
308.108096 -125.058327
308.108106 -123.701515
308.108115 -122.546623
308.108125 -121.520401
308.108135 -120.578209
308.108144 -119.699120
308.108154 -118.879868
308.108163 -118.127380
308.108173 -117.452126
308.108183 -116.863350
308.108192 -116.366707
308.108202 -115.963448
308.108212 -115.650742
308.108221 -115.422226
308.108231 -115.268860
308.108240 -115.179703
308.108250 -115.143021
308.108260 -115.141464
308.108269 -115.147141
308.108279 -115.181450
308.108288 -115.237091
308.108298 -115.307686
308.108308 -115.389305
308.108317 -115.480560
308.108327 -115.582230
308.108337 -115.697166
308.108346 -115.830147
308.108356 -115.988205
308.108365 -116.181236
308.108375 -116.422897
308.108385 -116.731400
308.108394 -117.130562
308.108404 -117.650230
308.108413 -118.327232
308.108423 -119.200150
308.108433 -120.320984
308.108442 -121.761200
308.108452 -123.602463
308.108462 -125.928146
308.108471 -128.711472
308.108481 -131.187622
308.108490 -130.261185
308.108500 -128.562027
308.108510 -127.311165
308.108519 -126.503166
308.108529 -126.009964
308.108538 -125.680710
308.108548 -125.392220
308.108558 -125.047386
308.108567 -124.610596
308.108577 -124.126328
308.108587 -123.667641
308.108596 -123.306496
308.108606 -123.097832
308.108615 -123.057648
308.108625 -123.078644
308.108635 -123.258827
308.108644 -123.661179
308.108654 -124.296066
308.108663 -125.157074
308.108673 -126.216789
308.108683 -127.409378
308.108692 -128.614182
308.108702 -129.666519
308.108712 -130.438339
308.108721 -130.940079
308.108731 -131.314209
308.108740 -131.719009
308.108750 -132.231567
308.108760 -132.745056
308.108769 -132.933792
308.108779 -132.141418
308.108788 -130.859161
308.108798 -129.382385
308.108808 -127.927963
308.108817 -126.605034
308.108827 -125.493820
308.108837 -124.626831
308.108846 -124.029724
308.108856 -123.728867
308.108865 -123.696121
308.108875 -123.745468
308.108885 -124.116623
308.108894 -124.888496
308.108904 -126.093498
308.108913 -127.679222
308.108923 -129.168640
308.108933 -128.455673
308.108942 -126.554184
308.108952 -124.841141
308.108962 -123.545181
308.108971 -122.670898
308.108981 -122.178017
308.108990 -122.018997
308.109000 -122.018524
308.109010 -122.144241
308.109019 -122.520958
308.109029 -123.089645
308.109038 -123.764099
308.109048 -124.424690
308.109058 -124.939186
308.109067 -125.222473
308.109077 -125.278519
308.109087 -125.277573
308.109096 -125.323616
308.109106 -125.574776
308.109115 -126.164597
308.109125 -127.242065
308.109135 -129.014206
308.109144 -131.726654
308.109154 -132.835876
308.109163 -128.453033
308.109173 -124.867599
308.109183 -122.127045
308.109192 -119.981224
308.109202 -118.259438
308.109212 -116.843605
308.109221 -115.660378
308.109231 -114.660477
308.109240 -113.804100
308.109250 -113.065491
308.109260 -112.431458
308.109269 -111.899055
308.109279 -111.471100
308.109288 -111.143837
308.109298 -110.910233
308.109308 -110.761948
308.109317 -110.665771
308.109327 -110.571518
308.109337 -110.421898
308.109346 -110.173164
308.109356 -109.816727
308.109365 -109.384819
308.109375 -108.935066
308.109385 -108.527725
308.109394 -108.210098
308.109404 -108.009956
308.109413 -107.926521
308.109423 -107.918205
308.109433 -107.975235
308.109442 -108.160271
308.109452 -108.461510
308.109462 -108.863579
308.109471 -109.360146
308.109481 -109.949814
308.109490 -110.639351
308.109500 -111.442848
308.109510 -112.377068
308.109519 -113.451530
308.109529 -114.649345
308.109538 -115.886169
308.109548 -116.919365
308.109558 -116.873703
308.109567 -115.473442
308.109577 -113.610367
308.109587 -111.638161
308.109596 -109.742691
308.109606 -108.009552
308.109615 -106.479065
308.109625 -105.171661
308.109635 -104.098869
308.109644 -103.268822
308.109654 -102.689598
308.109663 -102.371971
308.109673 -102.309364
308.109683 -102.332161
308.109692 -102.596992
308.109702 -103.206558
308.109712 -104.230270
308.109721 -105.791016
308.109731 -108.126564
308.109740 -111.788765
308.109750 -118.626045
308.109760 -114.231644
308.109769 -109.641571
308.109779 -106.873657
308.109788 -105.021065
308.109798 -103.727684
308.109808 -102.803551
308.109817 -102.115067
308.109827 -101.541679
308.109837 -100.961639
308.109846 -100.265350
308.109856 -99.391335
308.109865 -98.353516
308.109875 -97.227386
308.109885 -96.107880
308.109894 -95.075951
308.109904 -94.188034
308.109913 -93.479408
308.109923 -92.971344
308.109933 -92.677345
308.109942 -92.604820
308.109952 -92.607727
308.109962 -92.772934
308.109971 -93.185265
308.109981 -93.862709
308.109990 -94.832169
308.110000 -96.128540
308.110010 -97.822678
308.110019 -100.029709
308.110029 -102.965164
308.110038 -107.095245
308.110048 -113.529381
308.110058 -111.723930
308.110067 -108.060570
308.110077 -106.006058
308.110087 -104.819885
308.110096 -104.177689
308.110106 -103.907928
308.110115 -103.865929
308.110125 -103.908150
308.110135 -104.176910
308.110144 -104.640320
308.110154 -105.296844
308.110163 -106.167236
308.110173 -107.283257
308.110183 -108.699226
308.110192 -110.502769
308.110202 -112.832039
308.110212 -115.859436
308.110221 -119.263832
308.110231 -116.900070
308.110240 -113.763123
308.110250 -111.358490
308.110260 -109.544647
308.110269 -108.173637
308.110279 -107.150917
308.110288 -106.417488
308.110298 -105.934845
308.110308 -105.675987
308.110317 -105.610092
308.110327 -105.605484
308.110337 -105.747070
308.110346 -106.051689
308.110356 -106.506386
308.110365 -107.097969
308.110375 -107.806549
308.110385 -108.607430
308.110394 -109.468193
308.110404 -110.344658
308.110413 -111.177551
308.110423 -111.887665
308.110433 -112.390663
308.110442 -112.642479
308.110452 -112.460007
308.110462 -112.065132
308.110471 -111.575424
308.110481 -111.054001
308.110490 -110.550133
308.110500 -110.100372
308.110510 -109.731026
308.110519 -109.460495
308.110529 -109.300293
308.110538 -109.255646
308.110548 -109.256577
308.110558 -109.333374
308.110567 -109.528481
308.110577 -109.836380
308.110587 -110.248474
308.110596 -110.753555
308.110606 -111.338661
308.110615 -111.990173
308.110625 -112.694244
308.110635 -113.441856
308.110644 -114.228935
308.110654 -115.057938
308.110663 -115.939720
308.110673 -116.894020
308.110683 -117.949989
308.110692 -119.146927
308.110702 -120.536591
308.110712 -122.181328
308.110721 -124.144020
308.110731 -126.475159
308.110740 -128.902496
308.110750 -128.532700
308.110760 -125.977982
308.110769 -123.632637
308.110779 -121.719025
308.110788 -120.196465
308.110798 -119.030602
308.110808 -118.169998
308.110817 -117.573380
308.110827 -117.202049
308.110837 -117.008881
308.110846 -116.944221
308.110856 -116.916290
308.110865 -116.931168
308.110875 -116.953529
308.110885 -116.892876
308.110894 -116.754341
308.110904 -116.573807
308.110913 -116.384247
308.110923 -116.188560
308.110933 -115.988632
308.110942 -115.781219
308.110952 -115.548592
308.110962 -115.281456
308.110971 -114.986725
308.110981 -114.688293
308.110990 -114.420609
308.111000 -114.221008
308.111010 -114.124008
308.111019 -114.120514
308.111029 -114.159782
308.111038 -114.354294
308.111048 -114.732246
308.111058 -115.315941
308.111067 -116.139366
308.111077 -117.247078
308.111087 -118.698532
308.111096 -120.579117
308.111106 -123.000862
308.111115 -126.009026
308.111125 -128.791061
308.111135 -126.644417
308.111144 -124.322220
308.111154 -122.565887
308.111163 -121.277657
308.111173 -120.337631
308.111183 -119.658722
308.111192 -119.164871
308.111202 -118.803009
308.111212 -118.539452
308.111221 -118.357277
308.111231 -118.253113
308.111240 -118.231430
308.111250 -118.233170
308.111260 -118.309166
308.111269 -118.495636
308.111279 -118.804428
308.111288 -119.261307
308.111298 -119.904915
308.111308 -120.786774
308.111317 -121.989052
308.111327 -123.645096
308.111337 -125.964943
308.111346 -129.382492
308.111356 -134.216705
308.111365 -129.843048
308.111375 -126.327477
308.111385 -124.055077
308.111394 -122.613441
308.111404 -121.783447
308.111413 -121.462334
308.111423 -121.449814
308.111433 -121.594223
308.111442 -122.151337
308.111452 -123.126625
308.111462 -124.528069
308.111471 -126.374557
308.111481 -128.679321
308.111490 -131.432266
308.111500 -134.506622
308.111510 -137.358307
308.111519 -138.177933
308.111529 -136.510605
308.111538 -134.612732
308.111548 -132.881073
308.111558 -131.418335
308.111567 -130.246048
308.111577 -129.337326
308.111587 -128.626175
308.111596 -128.006531
308.111606 -127.341888
308.111615 -126.506714
308.111625 -125.453583
308.111635 -124.242165
308.111644 -122.993027
308.111654 -121.822777
308.111663 -120.813026
308.111673 -120.011772
308.111683 -119.443855
308.111692 -119.120773
308.111702 -119.039215
308.111712 -119.045982
308.111721 -119.214203
308.111731 -119.606834
308.111740 -120.206848
308.111750 -120.961258
308.111760 -121.767723
308.111769 -122.453941
308.111779 -122.662170
308.111788 -122.068893
308.111798 -121.197098
308.111808 -120.228432
308.111817 -119.284355
308.111827 -118.432259
308.111837 -117.707787
308.111846 -117.130898
308.111856 -116.713844
308.111865 -116.464981
308.111875 -116.389740
308.111885 -116.390320
308.111894 -116.494865
308.111904 -116.782089
308.111913 -117.255638
308.111923 -117.919098
308.111933 -118.773682
308.111942 -119.820381
308.111952 -121.061317
308.111962 -122.488274
308.111971 -124.069832
308.111981 -125.719513
308.111990 -127.244781
308.112000 -128.301315
308.112010 -128.520355
308.112019 -127.971420
308.112029 -127.357353
308.112038 -126.811874
308.112048 -126.377121
308.112058 -126.050087
308.112067 -125.807487
308.112077 -125.619125
308.112087 -125.454575
308.112096 -125.289070
308.112106 -125.107117
308.112115 -124.904961
308.112125 -124.688408
308.112135 -124.469032
308.112144 -124.257332
308.112154 -124.050934
308.112163 -123.838554
308.112173 -123.603699
308.112183 -123.310081
308.112192 -122.917320
308.112202 -122.395386
308.112212 -121.739777
308.112221 -120.976410
308.112231 -120.153625
308.112240 -119.327583
308.112250 -118.550682
308.112260 -117.866096
308.112269 -117.307709
308.112279 -116.902206
308.112288 -116.672134
308.112298 -116.627884
308.112308 -116.638802
308.112317 -116.825264
308.112327 -117.259171
308.112337 -117.978630
308.112346 -119.039894
308.112356 -120.533203
308.112365 -122.615814
308.112375 -125.592712
308.112385 -130.095398
308.112394 -132.363571
308.112404 -127.583755
308.112413 -124.597427
308.112423 -122.657555
308.112433 -121.369400
308.112442 -120.532959
308.112452 -120.044930
308.112462 -119.832115
308.112471 -119.800751
308.112481 -119.834091
308.112490 -120.040291
308.112500 -120.389580
308.112510 -120.862999
308.112519 -121.433823
308.112529 -122.075096
308.112538 -122.758080
308.112548 -123.450455
308.112558 -124.116425
308.112567 -124.718033
308.112577 -125.220818
308.112587 -125.600471
308.112596 -125.850891
308.112606 -125.984596
308.112615 -126.038857
308.112625 -126.048569
308.112635 -126.051231
308.112644 -126.089958
308.112654 -126.188866
308.112663 -126.358055
308.112673 -126.594818
308.112683 -126.887062
308.112692 -127.218712
308.112702 -127.576477
308.112712 -127.955780
308.112721 -128.362549
308.112731 -128.808975
308.112740 -129.305054
308.112750 -129.848328
308.112760 -130.414108
308.112769 -130.952179
308.112779 -131.392426
308.112788 -131.671097
308.112798 -131.696976
308.112808 -131.543259
308.112817 -131.378571
308.112827 -131.264969
308.112837 -131.240143
308.112846 -131.242111
308.112856 -131.324448
308.112865 -131.495041
308.112875 -131.689682
308.112885 -131.553406
308.112894 -130.862289
308.112904 -129.710541
308.112913 -128.276642
308.112923 -126.767982
308.112933 -125.327377
308.112942 -124.030571
308.112952 -122.911057
308.112962 -121.981674
308.112971 -121.246223
308.112981 -120.705971
308.112990 -120.362480
308.113000 -120.219719
308.113010 -120.216202
308.113019 -120.285240
308.113029 -120.570381
308.113038 -121.091682
308.113048 -121.871384
308.113058 -122.936111
308.113067 -124.311020
308.113077 -125.995445
308.113087 -127.886253
308.113096 -129.600937
308.113106 -130.124146
308.113115 -129.290802
308.113125 -128.561066
308.113135 -128.199951
308.113144 -128.185043
308.113154 -128.289383
308.113163 -128.860336
308.113173 -129.943466
308.113183 -131.576126
308.113192 -133.751282
308.113202 -136.142151
308.113212 -136.559540
308.113221 -134.722046
308.113231 -133.042465
308.113240 -131.672409
308.113250 -130.598846
308.113260 -129.743576
308.113269 -129.061905
308.113279 -128.551620
308.113288 -128.238846
308.113298 -128.151810
308.113308 -128.157745
308.113317 -128.337845
308.113327 -128.775681
308.113337 -129.458496
308.113346 -130.245087
308.113356 -130.686401
308.113365 -129.797348
308.113375 -128.504257
308.113385 -127.213387
308.113394 -126.135933
308.113404 -125.347481
308.113413 -124.866364
308.113423 -124.681458
308.113433 -124.671883
308.113442 -124.776436
308.113452 -125.136604
308.113462 -125.674332
308.113471 -126.219070
308.113481 -126.350082
308.113490 -125.554367
308.113500 -124.459732
308.113510 -123.369125
308.113519 -122.459488
308.113529 -121.808197
308.113538 -121.443428
308.113548 -121.351051
308.113558 -121.351456
308.113567 -121.598465
308.113577 -122.118301
308.113587 -122.918762
308.113596 -123.969635
308.113606 -125.192902
308.113615 -126.423561
308.113625 -127.358017
308.113635 -127.805084
308.113644 -127.577843
308.113654 -127.233162
308.113663 -126.955551
308.113673 -126.773102
308.113683 -126.656479
308.113692 -126.584946
308.113702 -126.526100
308.113712 -126.439049
308.113721 -126.302002
308.113731 -126.091560
308.113740 -125.777069
308.113750 -125.335121
308.113760 -124.767662
308.113769 -124.109711
308.113779 -123.420654
308.113788 -122.765549
308.113798 -122.201088
308.113808 -121.770164
308.113817 -121.503242
308.113827 -121.417801
308.113837 -121.414764
308.113846 -121.542885
308.113856 -121.874298
308.113865 -122.422180
308.113875 -123.201843
308.113885 -124.211678
308.113894 -125.426292
308.113904 -126.763107
308.113913 -128.030411
308.113923 -128.914383
308.113933 -128.803726
308.113942 -128.157242
308.113952 -127.468681
308.113962 -126.860176
308.113971 -126.364868
308.113981 -125.976204
308.113990 -125.677155
308.114000 -125.453339
308.114010 -125.298203
308.114019 -125.212051
308.114029 -125.198006
308.114038 -125.199852
308.114048 -125.267113
308.114058 -125.417603
308.114067 -125.651352
308.114077 -125.961296
308.114087 -126.336449
308.114096 -126.768745
308.114106 -127.238892
308.114115 -127.722458
308.114125 -128.191116
308.114135 -128.614822
308.114144 -128.965912
308.114154 -129.223068
308.114163 -129.371643
308.114173 -129.333420
308.114183 -129.186432
308.114192 -128.990173
308.114202 -128.781937
308.114212 -128.603256
308.114221 -128.495743
308.114231 -128.488968
308.114240 -128.496628
308.114250 -128.635391
308.114260 -128.930328
308.114269 -129.385071
308.114279 -129.980637
308.114288 -130.663086
308.114298 -131.327332
308.114308 -131.816391
308.114317 -131.709457
308.114327 -131.101532
308.114337 -130.277939
308.114346 -129.359711
308.114356 -128.423203
308.114365 -127.510277
308.114375 -126.644791
308.114385 -125.844536
308.114394 -125.125633
308.114404 -124.503723
308.114413 -123.993103
308.114423 -123.606049
308.114433 -123.351448
308.114442 -123.234451
308.114452 -123.229370
308.114462 -123.255569
308.114471 -123.409393
308.114481 -123.683365
308.114490 -124.057251
308.114500 -124.502312
308.114510 -124.983841
308.114519 -125.466599
308.114529 -125.924698
308.114538 -126.350677
308.114548 -126.760826
308.114558 -127.191917
308.114567 -127.694344
308.114577 -128.326141
308.114587 -129.153091
308.114596 -130.247803
308.114606 -131.729248
308.114615 -133.794800
308.114625 -136.829208
308.114635 -141.708984
308.114644 -140.931946
308.114654 -135.855865
308.114663 -132.548035
308.114673 -130.181290
308.114683 -128.396454
308.114692 -127.020325
308.114702 -125.959770
308.114712 -125.160538
308.114721 -124.596733
308.114731 -124.252678
308.114740 -124.121910
308.114750 -124.120453
308.114760 -124.203941
308.114769 -124.500389
308.114779 -125.011627
308.114788 -125.729912
308.114798 -126.625992
308.114808 -127.627411
308.114817 -128.594345
308.114827 -129.332489
308.114837 -129.697052
308.114846 -129.596756
308.114856 -129.517578
308.114865 -129.517365
308.114875 -129.572418
308.114885 -129.776108
308.114894 -130.060165
308.114904 -130.146790
308.114913 -129.549530
308.114923 -128.619110
308.114933 -127.601379
308.114942 -126.673340
308.114952 -125.920525
308.114962 -125.367485
308.114971 -125.005226
308.114981 -124.806786
308.114990 -124.728127
308.115000 -124.710815
308.115010 -124.718338
308.115019 -124.744263
308.115029 -124.675766
308.115038 -124.480759
308.115048 -124.167534
308.115058 -123.753326
308.115067 -123.273071
308.115077 -122.770226
308.115087 -122.288208
308.115096 -121.865517
308.115106 -121.533684
308.115115 -121.317406
308.115125 -121.235146
308.115135 -121.231865
308.115144 -121.302071
308.115154 -121.528046
308.115163 -121.922127
308.115173 -122.492508
308.115183 -123.248161
308.115192 -124.198708
308.115202 -125.355423
308.115212 -126.741554
308.115221 -128.381699
308.115231 -130.292999
308.115240 -132.432434
308.115250 -134.530411
308.115260 -135.686172
308.115269 -134.544479
308.115279 -133.260727
308.115288 -132.202301
308.115298 -131.439133
308.115308 -130.942703
308.115317 -130.649445
308.115327 -130.471817
308.115337 -130.298157
308.115346 -130.007950
308.115356 -129.511124
308.115365 -128.793701
308.115375 -127.920418
308.115385 -126.993011
308.115394 -126.105782
308.115404 -125.327248
308.115413 -124.701508
308.115423 -124.256065
308.115433 -124.008186
308.115442 -123.961494
308.115452 -123.969589
308.115462 -124.143295
308.115471 -124.520805
308.115481 -125.106865
308.115490 -125.875641
308.115500 -126.768402
308.115510 -127.672852
308.115519 -128.398071
308.115529 -128.813110
308.115538 -128.788956
308.115548 -128.542923
308.115558 -128.344589
308.115567 -128.272263
308.115577 -128.267731
308.115587 -128.368896
308.115596 -128.599594
308.115606 -128.969406
308.115615 -129.444046
308.115625 -129.984741
308.115635 -130.556396
308.115644 -131.137207
308.115654 -131.717819
308.115663 -132.273193
308.115673 -132.731766
308.115683 -132.872147
308.115692 -132.264206
308.115702 -131.248001
308.115712 -130.035660
308.115721 -128.821259
308.115731 -127.719124
308.115740 -126.771263
308.115750 -125.986183
308.115760 -125.364571
308.115769 -124.887749
308.115779 -124.534813
308.115788 -124.286583
308.115798 -124.126770
308.115808 -124.042625
308.115817 -124.022682
308.115827 -124.023254
308.115837 -124.050194
308.115846 -124.111061
308.115856 -124.201950
308.115865 -124.314140
308.115875 -124.445091
308.115885 -124.603523
308.115894 -124.808121
308.115904 -125.078430
308.115913 -125.452301
308.115923 -125.939087
308.115933 -126.551453
308.115942 -127.268188
308.115952 -128.010773
308.115962 -128.640366
308.115971 -129.000061
308.115981 -128.777435
308.115990 -128.449020
308.116000 -128.194763
308.116010 -128.119888
308.116019 -128.122513
308.116029 -128.295059
308.116038 -128.729858
308.116048 -129.475662
308.116058 -130.558823
308.116067 -132.006668
308.116077 -133.833664
308.116087 -135.970047
308.116096 -137.991318
308.116106 -138.563156
308.116115 -137.300674
308.116125 -136.109955
308.116135 -135.263412
308.116144 -134.799500
308.116154 -134.675308
308.116163 -134.672974
308.116173 -134.988632
308.116183 -135.662659
308.116192 -136.665970
308.116202 -137.890259
308.116212 -138.974579
308.116221 -138.729919
308.116231 -137.309235
308.116240 -135.824570
308.116250 -134.561188
308.116260 -133.587723
308.116269 -132.893677
308.116279 -132.445282
308.116288 -132.195633
308.116298 -132.095581
308.116308 -132.058960
308.116317 -132.068466
308.116327 -132.119247
308.116337 -132.171448
308.116346 -132.214371
308.116356 -132.275818
308.116365 -132.419632
308.116375 -132.734543
308.116385 -133.304703
308.116394 -134.279907
308.116404 -135.884201
308.116413 -138.537033
308.116423 -143.337723
308.116433 -143.547485
308.116442 -137.408005
308.116452 -133.740189
308.116462 -131.212692
308.116471 -129.367935
308.116481 -128.000748
308.116490 -126.998169
308.116500 -126.293442
308.116510 -125.843094
308.116519 -125.620705
308.116529 -125.589584
308.116538 -125.608803
308.116548 -125.795509
308.116558 -126.173088
308.116567 -126.736473
308.116577 -127.481552
308.116587 -128.402374
308.116596 -129.487579
308.116606 -130.710388
308.116615 -132.019394
308.116625 -133.329300
308.116635 -134.495667
308.116644 -135.322922
308.116654 -135.341827
308.116663 -134.556824
308.116673 -133.448914
308.116683 -132.180557
308.116692 -130.896454
308.116702 -129.675720
308.116712 -128.563004
308.116721 -127.581177
308.116731 -126.739449
308.116740 -126.039703
308.116750 -125.479675
308.116760 -125.055435
308.116769 -124.762825
308.116779 -124.598564
308.116788 -124.559128
308.116798 -124.560760
308.116808 -124.649986
308.116817 -124.868698
308.116827 -125.222900
308.116837 -125.721756
308.116846 -126.378723
308.116856 -127.211456
308.116865 -128.243057
308.116875 -129.502121
308.116885 -131.022980
308.116894 -132.842102
308.116904 -134.984558
308.116913 -137.413620
308.116923 -139.894852
308.116933 -141.820236
308.116942 -142.613434
308.116952 -142.504807
308.116962 -142.477783
308.116971 -142.455795
308.116981 -142.158707
308.116990 -141.302307
308.117000 -140.116470
308.117010 -138.944656
308.117019 -137.995132
308.117029 -137.300369
308.117038 -136.852997
308.117048 -136.503937
308.117058 -136.023315
308.117067 -135.201843
308.117077 -134.006165
308.117087 -132.590576
308.117096 -131.145584
308.117106 -129.793350
308.117115 -128.583008
308.117125 -127.519547
308.117135 -126.588486
308.117144 -125.770592
308.117154 -125.050880
308.117163 -124.422050
308.117173 -123.885460
308.117183 -123.448982
308.117192 -123.124878
308.117202 -122.926971
308.117212 -122.868889
308.117221 -122.869858
308.117231 -122.968445
308.117240 -123.238327
308.117250 -123.692024
308.117260 -124.353508
308.117269 -125.260017
308.117279 -126.456863
308.117288 -128.007675
308.117298 -129.989761
308.117308 -132.426559
308.117317 -134.846649
308.117327 -134.055359
308.117337 -131.846085
308.117346 -130.054474
308.117356 -128.802094
308.117365 -128.047119
308.117375 -127.750092
308.117385 -127.740990
308.117394 -127.890495
308.117404 -128.483978
308.117413 -129.586182
308.117423 -131.270248
308.117433 -133.557144
308.117442 -135.908722
308.117452 -133.979187
308.117462 -131.469543
308.117471 -129.486496
308.117481 -128.039352
308.117490 -127.032181
308.117500 -126.386330
308.117510 -126.048546
308.117519 -125.981606
308.117529 -125.987762
308.117538 -126.190773
308.117548 -126.660927
308.117558 -127.420349
308.117567 -128.514114
308.117577 -130.018387
308.117587 -132.048386
308.117596 -134.715958
308.117606 -137.647873
308.117615 -135.728699
308.117625 -132.851761
308.117635 -130.586502
308.117644 -128.870270
308.117654 -127.565392
308.117663 -126.566032
308.117673 -125.794907
308.117683 -125.208321
308.117692 -124.769447
308.117702 -124.453369
308.117712 -124.245552
308.117721 -124.139297
308.117731 -124.121887
308.117740 -124.134521
308.117750 -124.235832
308.117760 -124.449921
308.117769 -124.791550
308.117779 -125.279068
308.117788 -125.931870
308.117798 -126.774696
308.117808 -127.841148
308.117817 -129.159073
308.117827 -130.718552
308.117837 -132.365494
308.117846 -133.502747
308.117856 -132.579605
308.117865 -131.125763
308.117875 -129.820679
308.117885 -128.836975
308.117894 -128.204071
308.117904 -127.911980
308.117913 -127.870735
308.117923 -127.936729
308.117933 -128.298141
308.117942 -128.952744
308.117952 -129.898087
308.117962 -131.103622
308.117971 -132.491470
308.117981 -133.881653
308.117990 -134.927704
308.118000 -135.355820
308.118010 -134.895401
308.118019 -134.326309
308.118029 -133.795807
308.118038 -133.331924
308.118048 -132.911438
308.118058 -132.494827
308.118067 -132.044327
308.118077 -131.533813
308.118087 -130.950623
308.118096 -130.294708
308.118106 -129.574097
308.118115 -128.797882
308.118125 -127.996109
308.118135 -127.189606
308.118144 -126.398758
308.118154 -125.641136
308.118163 -124.931099
308.118173 -124.279045
308.118183 -123.692406
308.118192 -123.175964
308.118202 -122.733292
308.118212 -122.367233
308.118221 -122.081039
308.118231 -121.878632
308.118240 -121.762634
308.118250 -121.736496
308.118260 -121.741058
308.118269 -121.822281
308.118279 -122.013626
308.118288 -122.323662
308.118298 -122.760551
308.118308 -123.330765
308.118317 -124.037521
308.118327 -124.876549
308.118337 -125.829567
308.118346 -126.852104
308.118356 -127.855370
308.118365 -128.673050
308.118375 -129.165833
308.118385 -129.032318
308.118394 -128.434769
308.118404 -127.677605
308.118413 -126.863472
308.118423 -126.057404
308.118433 -125.303429
308.118442 -124.636101
308.118452 -124.084740
308.118462 -123.674408
308.118471 -123.425636
308.118481 -123.348412
308.118490 -123.344254
308.118500 -123.469406
308.118510 -123.775414
308.118519 -124.259537
308.118529 -124.912514
308.118538 -125.708298
308.118548 -126.601608
308.118558 -127.530228
308.118567 -128.421494
308.118577 -129.204483
308.118587 -129.818924
308.118596 -130.211288
308.118606 -130.373520
308.118615 -130.255142
308.118625 -130.096481
308.118635 -130.016617
308.118644 -130.002777
308.118654 -130.146133
308.118663 -130.564972
308.118673 -131.389389
308.118683 -132.744781
308.118692 -134.871140
308.118702 -138.250580
308.118712 -143.949966
308.118721 -140.298447
308.118731 -136.129135
308.118740 -133.519058
308.118750 -131.765900
308.118760 -130.544434
308.118769 -129.673630
308.118779 -129.038361
308.118788 -128.560272
308.118798 -128.187927
308.118808 -127.891502
308.118817 -127.657944
308.118827 -127.485191
308.118837 -127.375717
308.118846 -127.331795
308.118856 -127.330879
308.118865 -127.352074
308.118875 -127.430420
308.118885 -127.555893
308.118894 -127.715057
308.118904 -127.894806
308.118913 -128.085953
308.118923 -128.286774
308.118933 -128.505142
308.118942 -128.758026
308.118952 -129.070557
308.118962 -129.473816
308.118971 -130.005310
308.118981 -130.711014
308.118990 -131.652832
308.119000 -132.922668
308.119010 -134.675034
308.119019 -137.204620
308.119029 -141.163589
308.119038 -144.548874
308.119048 -138.441711
308.119058 -134.498672
308.119067 -131.701447
308.119077 -129.573502
308.119087 -127.891869
308.119096 -126.537567
308.119106 -125.441498
308.119115 -124.561295
308.119125 -123.870918
308.119135 -123.355072
308.119144 -123.006279
308.119154 -122.822800
308.119163 -122.799011
308.119173 -122.807915
308.119183 -122.968475
308.119192 -123.313751
308.119202 -123.853737
308.119212 -124.594368
308.119221 -125.525124
308.119231 -126.591331
308.119240 -127.637619
308.119250 -128.355515
308.119260 -127.702499
308.119269 -126.583115
308.119279 -125.369293
308.119288 -124.243156
308.119298 -123.271568
308.119308 -122.467323
308.119317 -121.823219
308.119327 -121.326836
308.119337 -120.965996
308.119346 -120.730988
308.119356 -120.614899
308.119365 -120.604172
308.119375 -120.613953
308.119385 -120.726646
308.119394 -120.953896
308.119404 -121.298553
308.119413 -121.765381
308.119423 -122.360855
308.119433 -123.093437
308.119442 -123.974251
308.119452 -125.018387
308.119462 -126.247139
308.119471 -127.692192
308.119481 -129.402115
308.119490 -131.455643
308.119500 -133.988449
308.119510 -137.253952
308.119519 -141.859711
308.119529 -149.991043
308.119538 -147.203705
308.119548 -143.505203
308.119558 -141.833115
308.119567 -141.192047
308.119577 -141.071289
308.119587 -141.071869
308.119596 -141.191620
308.119606 -140.578110
308.119615 -139.564194
308.119625 -138.568680
308.119635 -137.891205
308.119644 -137.683411
308.119654 -137.673523
308.119663 -138.179993
308.119673 -139.536438
308.119683 -142.320862
308.119692 -148.061768
308.119702 -141.516739
308.119712 -136.581085
308.119721 -133.274017
308.119731 -130.844681
308.119740 -128.975082
308.119750 -127.500397
308.119760 -126.322563
308.119769 -125.378311
308.119779 -124.624542
308.119788 -124.032036
308.119798 -123.581490
308.119808 -123.261810
308.119817 -123.068283
308.119827 -122.999451
308.119837 -122.993782
308.119846 -123.069305
308.119856 -123.279640
308.119865 -123.647011
308.119875 -124.189308
308.119885 -124.928658
308.119894 -125.892593
308.119904 -127.115150
308.119913 -128.638916
308.119923 -130.514755
308.119933 -132.793396
308.119942 -135.475647
308.119952 -138.311295
308.119962 -140.300903
308.119971 -140.053253
308.119981 -139.427536
308.119990 -139.125519
308.120000 -139.080582
308.120010 -139.083588
308.120019 -138.982101
308.120029 -138.520035
308.120038 -137.779343
308.120048 -136.920364
308.120058 -136.087204
308.120067 -135.335876
308.120077 -134.735962
308.120087 -134.307541
308.120096 -134.060684
308.120106 -133.987671
308.120115 -133.978546
308.120125 -134.145981
308.120135 -134.502441
308.120144 -134.991089
308.120154 -135.485031
308.120163 -135.790054
308.120173 -135.478699
308.120183 -134.918594
308.120192 -134.415894
308.120202 -134.141846
308.120212 -134.103409
308.120221 -134.225067
308.120231 -134.737411
308.120240 -135.783295
308.120250 -137.503418
308.120260 -140.239548
308.120269 -144.805283
308.120279 -148.483978
308.120288 -142.630173
308.120298 -139.403961
308.120308 -137.429443
308.120317 -136.190765
308.120327 -135.442642
308.120337 -135.042648
308.120346 -134.892059
308.120356 -134.886627
308.120365 -134.913986
308.120375 -135.041367
308.120385 -135.214600
308.120394 -135.379135
308.120404 -135.487167
308.120413 -135.385742
308.120423 -135.129486
308.120433 -134.721481
308.120442 -134.156387
308.120452 -133.432846
308.120462 -132.556259
308.120471 -131.548721
308.120481 -130.450867
308.120490 -129.317795
308.120500 -128.206879
308.120510 -127.168938
308.120519 -126.242943
308.120529 -125.455917
308.120538 -124.823738
308.120548 -124.353233
308.120558 -124.042450
308.120567 -123.880875
308.120577 -123.846817
308.120587 -123.848289
308.120596 -123.913788
308.120606 -124.036346
308.120615 -124.170090
308.120625 -124.274590
308.120635 -124.328064
308.120644 -124.329933
308.120654 -124.329971
308.120663 -124.355141
308.120673 -124.459381
308.120683 -124.685493
308.120692 -125.068962
308.120702 -125.640068
308.120712 -126.426659
308.120721 -127.457947
308.120731 -128.766495
308.120740 -130.387024
308.120750 -132.337479
308.120760 -134.538681
308.120769 -136.560623
308.120779 -136.668045
308.120788 -135.239960
308.120798 -133.892990
308.120808 -132.856415
308.120817 -132.155487
308.120827 -131.757538
308.120837 -131.654877
308.120846 -131.655014
308.120856 -131.877991
308.120865 -132.404327
308.120875 -133.266266
308.120885 -134.484192
308.120894 -136.028000
308.120904 -137.604004
308.120913 -137.838242
308.120923 -136.057007
308.120933 -134.141403
308.120942 -132.479843
308.120952 -131.135544
308.120962 -130.083664
308.120971 -129.287704
308.120981 -128.716370
308.120990 -128.347351
308.121000 -128.165161
308.121010 -128.131104
308.121019 -128.156219
308.121029 -128.343170
308.121038 -128.700165
308.121048 -129.239090
308.121058 -129.938797
308.121067 -130.789658
308.121077 -131.723862
308.121087 -132.575455
308.121096 -132.862350
308.121106 -132.006592
308.121115 -130.772614
308.121125 -129.458572
308.121135 -128.235535
308.121144 -127.175095
308.121154 -126.300278
308.121163 -125.613594
308.121173 -125.110321
308.121183 -124.777977
308.121192 -124.613853
308.121202 -124.586411
308.121212 -124.603676
308.121221 -124.748047
308.121231 -125.016441
308.121240 -125.389778
308.121250 -125.836807
308.121260 -126.318436
308.121269 -126.790054
308.121279 -127.214638
308.121288 -127.577530
308.121298 -127.884117
308.121308 -128.159943
308.121317 -128.439667
308.121327 -128.749573
308.121337 -129.123932
308.121346 -129.578384
308.121356 -130.114426
308.121365 -130.719131
308.121375 -131.362030
308.121385 -131.993195
308.121394 -132.546936
308.121404 -132.941223
308.121413 -132.953934
308.121423 -132.504883
308.121433 -131.788895
308.121442 -130.884064
308.121452 -129.880493
308.121462 -128.860458
308.121471 -127.887459
308.121481 -127.006073
308.121490 -126.244392
308.121500 -125.618935
308.121510 -125.137970
308.121519 -124.804436
308.121529 -124.617401
308.121538 -124.571991
308.121548 -124.573639
308.121558 -124.667999
308.121567 -124.894028
308.121577 -125.245193
308.121587 -125.716469
308.121596 -126.306099
308.121606 -127.018654
308.121615 -127.867241
308.121625 -128.876633
308.121635 -130.084915
308.121644 -131.546722
308.121654 -133.337067
308.121663 -135.562042
308.121673 -138.378738
308.121683 -142.046021
308.121692 -147.050964
308.121702 -154.492416
308.121712 -158.342667
308.121721 -152.959747
308.121731 -147.551346
308.121740 -142.989243
308.121750 -139.438065
308.121760 -136.724075
308.121769 -134.684067
308.121779 -133.205765
308.121788 -132.221008
308.121798 -131.695313
308.121808 -131.600311
308.121817 -131.624985
308.121827 -132.040176
308.121837 -133.021637
308.121846 -134.747787
308.121856 -137.640381
308.121865 -142.964020
308.121875 -142.303345
308.121885 -136.612976
308.121894 -133.242554
308.121904 -130.946182
308.121913 -129.287308
308.121923 -128.062698
308.121933 -127.161697
308.121942 -126.514297
308.121952 -126.079941
308.121962 -125.832809
308.121971 -125.752106
308.121981 -125.746887
308.121990 -125.834526
308.122000 -126.064735
308.122010 -126.441551
308.122019 -126.963097
308.122029 -127.628799
308.122038 -128.437561
308.122048 -129.386856
308.122058 -130.463943
308.122067 -131.645798
308.122077 -132.907867
308.122087 -134.194565
308.122096 -135.423111
308.122106 -136.490036
308.122115 -137.304932
308.122125 -137.829529
308.122135 -138.076111
308.122144 -137.769302
308.122154 -137.066696
308.122163 -135.930267
308.122173 -134.462738
308.122183 -132.854507
308.122192 -131.277145
308.122202 -129.838150
308.122212 -128.591583
308.122221 -127.558762
308.122231 -126.743904
308.122240 -126.142822
308.122250 -125.745575
308.122260 -125.532532
308.122269 -125.487633
308.122279 -125.491577
308.122288 -125.625107
308.122298 -125.893272
308.122308 -126.277634
308.122317 -126.751541
308.122327 -127.287315
308.122337 -127.859253
308.122346 -128.447754
308.122356 -129.041321
308.122365 -129.637024
308.122375 -130.237396
308.122385 -130.846512
308.122394 -131.466446
308.122404 -132.095825
308.122413 -132.729172
308.122423 -133.354889
308.122433 -133.938721
308.122442 -134.407761
308.122452 -134.673325
308.122462 -134.286209
308.122471 -133.573746
308.122481 -132.680038
308.122490 -131.768692
308.122500 -130.967590
308.122510 -130.361862
308.122519 -130.010239
308.122529 -129.946579
308.122538 -129.962143
308.122548 -130.275543
308.122558 -131.034592
308.122567 -132.385727
308.122577 -134.612991
308.122587 -138.314514
308.122596 -140.244797
308.122606 -134.627853
308.122615 -130.874527
308.122625 -128.214050
308.122635 -126.229797
308.122644 -124.715546
308.122654 -123.557114
308.122663 -122.685493
308.122673 -122.055435
308.122683 -121.635468
308.122692 -121.401764
308.122702 -121.330620
308.122712 -121.330467
308.122721 -121.409790
308.122731 -121.620003
308.122740 -121.943680
308.122750 -122.360954
308.122760 -122.850769
308.122769 -123.391998
308.122779 -123.966148
308.122788 -124.560097
308.122798 -125.168541
308.122808 -125.793129
308.122817 -126.424614
308.122827 -127.077782
308.122837 -127.742416
308.122846 -128.385147
308.122856 -128.944305
308.122865 -129.342072
308.122875 -129.473648
308.122885 -129.268280
308.122894 -128.991791
308.122904 -128.717911
308.122913 -128.482162
308.122923 -128.252350
308.122933 -128.016281
308.122942 -127.716324
308.122952 -127.301468
308.122962 -126.752968
308.122971 -126.093300
308.122981 -125.372414
308.122990 -124.645195
308.123000 -123.956161
308.123010 -123.332047
308.123019 -122.785316
308.123029 -122.334290
308.123038 -121.982956
308.123048 -121.733856
308.123058 -121.589279
308.123067 -121.551453
308.123077 -121.552589
308.123087 -121.628006
308.123096 -121.820686
308.123106 -122.136856
308.123115 -122.583771
308.123125 -123.169510
308.123135 -123.903549
308.123144 -124.796074
308.123154 -125.848061
308.123163 -127.076050
308.123173 -128.487564
308.123183 -130.079559
308.123192 -131.825729
308.123202 -133.652939
308.123212 -135.409775
308.123221 -136.859711
308.123231 -137.790970
308.123240 -138.252716
308.123250 -138.412415
308.123260 -138.433197
308.123269 -138.386093
308.123279 -138.295517
308.123288 -138.215622
308.123298 -138.177979
308.123308 -138.195465
308.123317 -138.362350
308.123327 -138.693802
308.123337 -139.211548
308.123346 -139.826889
308.123356 -139.809570
308.123365 -138.544800
308.123375 -136.843796
308.123385 -135.163269
308.123394 -133.716812
308.123404 -132.563843
308.123413 -131.702377
308.123423 -131.108780
308.123433 -130.741547
308.123442 -130.563660
308.123452 -130.521469
308.123462 -130.511612
308.123471 -130.555481
308.123481 -130.602158
308.123490 -130.491013
308.123500 -130.226501
308.123510 -129.856247
308.123519 -129.441696
308.123529 -129.047333
308.123538 -128.727722
308.123548 -128.521835
308.123558 -128.450104
308.123567 -128.443222
308.123577 -128.535797
308.123587 -128.766113
308.123596 -129.124390
308.123606 -129.568726
308.123615 -130.016312
308.123625 -130.352173
308.123635 -130.374359
308.123644 -129.963272
308.123654 -129.391785
308.123663 -128.785873
308.123673 -128.249176
308.123683 -127.853920
308.123692 -127.647881
308.123702 -127.623505
308.123712 -127.665291
308.123721 -127.933395
308.123731 -128.478394
308.123740 -129.328293
308.123750 -130.514709
308.123760 -132.067856
308.123769 -133.993698
308.123779 -136.186066
308.123788 -138.175766
308.123798 -138.831451
308.123808 -137.993881
308.123817 -137.322922
308.123827 -137.042084
308.123837 -137.015503
308.123846 -137.224869
308.123856 -137.872299
308.123865 -139.022675
308.123875 -140.705719
308.123885 -142.766159
308.123894 -142.982361
308.123904 -140.271774
308.123913 -137.621475
308.123923 -135.404114
308.123933 -133.585419
308.123942 -132.084183
308.123952 -130.823059
308.123962 -129.759766
308.123971 -128.856186
308.123981 -128.082047
308.123990 -127.415222
308.124000 -126.839363
308.124010 -126.342796
308.124019 -125.913544
308.124029 -125.540375
308.124038 -125.221199
308.124048 -124.947578
308.124058 -124.711121
308.124067 -124.504196
308.124077 -124.322639
308.124087 -124.166931
308.124096 -124.042908
308.124106 -123.965118
308.124115 -123.939690
308.124125 -123.939484
308.124135 -124.025055
308.124144 -124.220657
308.124154 -124.537308
308.124163 -125.007530
308.124173 -125.658073
308.124183 -126.518890
308.124192 -127.628067
308.124202 -129.039093
308.124212 -130.834427
308.124221 -133.156494
308.124231 -136.289993
308.124240 -140.953140
308.124250 -150.030685
308.124260 -142.636551
308.124269 -138.785049
308.124279 -136.466782
308.124288 -134.911316
308.124298 -133.811661
308.124308 -133.013718
308.124317 -132.427170
308.124327 -131.991241
308.124337 -131.658585
308.124346 -131.387253
308.124356 -131.133865
308.124365 -130.872726
308.124375 -130.581406
308.124385 -130.247925
308.124394 -129.865860
308.124404 -129.449921
308.124413 -129.019272
308.124423 -128.596497
308.124433 -128.206787
308.124442 -127.877190
308.124452 -127.635635
308.124462 -127.509270
308.124471 -127.490120
308.124481 -127.525986
308.124490 -127.716812
308.124500 -128.099075
308.124510 -128.683838
308.124519 -129.491882
308.124529 -130.523560
308.124538 -131.739548
308.124548 -133.018875
308.124558 -134.112106
308.124567 -134.670288
308.124577 -134.237930
308.124587 -133.724411
308.124596 -133.338409
308.124606 -133.168152
308.124615 -133.163452
308.124625 -133.233124
308.124635 -133.515762
308.124644 -133.977814
308.124654 -134.566635
308.124663 -135.225693
308.124673 -135.909470
308.124683 -136.603333
308.124692 -137.324677
308.124702 -138.095749
308.124712 -138.868805
308.124721 -139.266998
308.124731 -138.170761
308.124740 -136.427155
308.124750 -134.528519
308.124760 -132.760300
308.124769 -131.224274
308.124779 -129.942871
308.124788 -128.913055
308.124798 -128.128433
308.124808 -127.586319
308.124817 -127.291481
308.124827 -127.245354
308.124837 -127.257950
308.124846 -127.511986
308.124856 -128.096161
308.124865 -129.081573
308.124875 -130.590622
308.124885 -132.858566
308.124894 -136.383118
308.124904 -142.769272
308.124913 -139.723022
308.124923 -135.097473
308.124933 -132.416153
308.124942 -130.732346
308.124952 -129.700546
308.124962 -129.147324
308.124971 -128.970505
308.124981 -128.967484
308.124990 -129.106659
308.125000 -129.507645
308.125010 -130.123260
308.125019 -130.892532
308.125029 -131.734894
308.125038 -132.553375
308.125048 -133.253098
308.125058 -133.800034
308.125067 -134.241013
308.125077 -134.665237
308.125087 -135.154068
308.125096 -135.806412
308.125106 -136.688766
308.125115 -137.858032
308.125125 -139.377228
308.125135 -141.325974
308.125144 -143.878891
308.125154 -147.300003
308.125163 -150.996658
308.125173 -146.696793
308.125183 -143.068481
308.125192 -140.311401
308.125202 -138.165009
308.125212 -136.470734
308.125221 -135.138245
308.125231 -134.107681
308.125240 -133.328232
308.125250 -132.745026
308.125260 -132.292282
308.125269 -131.893234
308.125279 -131.473053
308.125288 -130.981018
308.125298 -130.410126
308.125308 -129.794418
308.125317 -129.188110
308.125327 -128.641357
308.125337 -128.188171
308.125346 -127.834724
308.125356 -127.578522
308.125365 -127.415649
308.125375 -127.318291
308.125385 -127.264053
308.125394 -127.226143
308.125404 -127.181084
308.125413 -127.113800
308.125423 -127.019798
308.125433 -126.904388
308.125442 -126.780930
308.125452 -126.667633
308.125462 -126.585602
308.125471 -126.556076
308.125481 -126.549957
308.125490 -126.614655
308.125500 -126.775681
308.125510 -127.066299
308.125519 -127.518082
308.125529 -128.162674
308.125538 -129.032990
308.125548 -130.175003
308.125558 -131.636673
308.125567 -133.471207
308.125577 -135.723785
308.125587 -138.365509
308.125596 -141.057587
308.125606 -142.715912
308.125615 -141.644638
308.125625 -140.281769
308.125635 -138.811569
308.125644 -137.233612
308.125654 -135.591934
308.125663 -133.994858
308.125673 -132.534927
308.125683 -131.259705
308.125692 -130.179855
308.125702 -129.280396
308.125712 -128.539047
308.125721 -127.936867
308.125731 -127.447746
308.125740 -127.049110
308.125750 -126.722580
308.125760 -126.455498
308.125769 -126.239777
308.125779 -126.066132
308.125788 -125.928642
308.125798 -125.826118
308.125808 -125.746895
308.125817 -125.678101
308.125827 -125.603287
308.125837 -125.505035
308.125846 -125.371101
308.125856 -125.197739
308.125865 -124.993942
308.125875 -124.779190
308.125885 -124.575867
308.125894 -124.405037
308.125904 -124.283646
308.125913 -124.222351
308.125923 -124.213470
308.125933 -124.227386
308.125942 -124.298325
308.125952 -124.429367
308.125962 -124.620171
308.125971 -124.865036
308.125981 -125.157684
308.125990 -125.488045
308.126000 -125.848999
308.126010 -126.233894
308.126019 -126.632416
308.126029 -127.032249
308.126038 -127.420052
308.126048 -127.785156
308.126058 -128.123581
308.126067 -128.443008
308.126077 -128.764374
308.126087 -129.120987
308.126096 -129.553604
308.126106 -130.093536
308.126115 -130.770264
308.126125 -131.602066
308.126135 -132.527664
308.126144 -133.332352
308.126154 -132.971924
308.126163 -131.610779
308.126173 -129.973251
308.126183 -128.384674
308.126192 -126.979767
308.126202 -125.795753
308.126212 -124.833778
308.126221 -124.085136
308.126231 -123.540123
308.126240 -123.191368
308.126250 -123.034142
308.126260 -123.027580
308.126269 -123.066833
308.126279 -123.289536
308.126288 -123.704102
308.126298 -124.312973
308.126308 -125.117828
308.126317 -126.116219
308.126327 -127.296165
308.126337 -128.626114
308.126346 -130.040222
308.126356 -131.424210
308.126365 -132.626678
308.126375 -133.521820
308.126385 -134.093079
308.126394 -134.433487
308.126404 -134.654465
308.126413 -134.757034
308.126423 -134.708786
308.126433 -134.409851
308.126442 -133.900909
308.126452 -133.252548
308.126462 -132.558365
308.126471 -131.902863
308.126481 -131.344162
308.126490 -130.916458
308.126500 -130.637360
308.126510 -130.514191
308.126519 -130.506027
308.126529 -130.548477
308.126538 -130.731445
308.126548 -131.064560
308.126558 -131.541290
308.126567 -132.152664
308.126577 -132.888641
308.126587 -133.737579
308.126596 -134.686508
308.126606 -135.717575
308.126615 -136.789337
308.126625 -137.842209
308.126635 -138.773697
308.126644 -139.410049
308.126654 -139.273773
308.126663 -138.506760
308.126673 -137.459961
308.126683 -136.235336
308.126692 -134.947418
308.126702 -133.642807
308.126712 -132.355789
308.126721 -131.116699
308.126731 -129.952759
308.126740 -128.886246
308.126750 -127.932938
308.126760 -127.102821
308.126769 -126.401276
308.126779 -125.830566
308.126788 -125.391251
308.126798 -125.083328
308.126808 -124.907089
308.126817 -124.862373
308.126827 -124.863869
308.126837 -124.951340
308.126846 -125.175034
308.126856 -125.545815
308.126865 -126.073639
308.126875 -126.770309
308.126885 -127.647728
308.126894 -128.709641
308.126904 -129.932800
308.126913 -131.221375
308.126923 -132.286591
308.126933 -132.693665
308.126942 -131.923264
308.126952 -130.951080
308.126962 -130.043060
308.126971 -129.298355
308.126981 -128.725235
308.126990 -128.285675
308.127000 -127.917183
308.127010 -127.549141
308.127019 -127.123077
308.127029 -126.612556
308.127038 -126.030472
308.127048 -125.416718
308.127058 -124.817596
308.127067 -124.269119
308.127077 -123.790741
308.127087 -123.385323
308.127096 -123.030396
308.127106 -122.718529
308.127115 -122.430176
308.127125 -122.145157
308.127135 -121.850769
308.127144 -121.544922
308.127154 -121.236877
308.127163 -120.944641
308.127173 -120.691460
308.127183 -120.501930
308.127192 -120.399673
308.127202 -120.392967
308.127212 -120.406265
308.127221 -120.540810
308.127231 -120.820320
308.127240 -121.260818
308.127250 -121.877892
308.127260 -122.687714
308.127269 -123.707779
308.127279 -124.957680
308.127288 -126.459679
308.127298 -128.238388
308.127308 -130.318588
308.127317 -132.718277
308.127327 -135.431061
308.127337 -138.392426
308.127346 -141.438339
308.127356 -144.297424
308.127365 -146.359406
308.127375 -144.828171
308.127385 -142.068771
308.127394 -139.496033
308.127404 -137.380005
308.127413 -135.699890
308.127423 -134.404922
308.127433 -133.422577
308.127442 -132.683334
308.127452 -132.119873
308.127462 -131.667938
308.127471 -131.269287
308.127481 -130.879471
308.127490 -130.474976
308.127500 -130.056396
308.127510 -129.644684
308.127519 -129.272156
308.127529 -128.973862
308.127538 -128.782303
308.127548 -128.724426
308.127558 -128.725403
308.127567 -128.826859
308.127577 -129.107224
308.127587 -129.586090
308.127596 -130.284409
308.127606 -131.225693
308.127615 -132.438370
308.127625 -133.953949
308.127635 -135.794968
308.127644 -137.918091
308.127654 -140.019806
308.127663 -140.834030
308.127673 -139.462479
308.127683 -138.022293
308.127692 -136.855789
308.127702 -136.027405
308.127712 -135.536865
308.127721 -135.383926
308.127731 -135.384735
308.127740 -135.594360
308.127750 -136.221695
308.127760 -137.382385
308.127769 -139.299896
308.127779 -142.482300
308.127788 -148.284988
308.127798 -142.900085
308.127808 -138.214783
308.127817 -135.115509
308.127827 -132.883865
308.127837 -131.216095
308.127846 -129.958801
308.127856 -129.024460
308.127865 -128.358246
308.127875 -127.923149
308.127885 -127.692177
308.127894 -127.637581
308.127904 -127.640450
308.127913 -127.749367
308.127923 -127.996628
308.127933 -128.355347
308.127942 -128.791656
308.127952 -129.263397
308.127962 -129.724182
308.127971 -130.132370
308.127981 -130.465073
308.127990 -130.726379
308.128000 -130.944626
308.128010 -131.130051
308.128019 -131.306976
308.128029 -131.468262
308.128038 -131.502335
308.128048 -131.131119
308.128058 -130.444885
308.128067 -129.547699
308.128077 -128.576553
308.128087 -127.645958
308.128096 -126.826912
308.128106 -126.153656
308.128115 -125.638176
308.128125 -125.272331
308.128135 -125.057076
308.128144 -124.993950
308.128154 -124.994583
308.128163 -125.086403
308.128173 -125.341400
308.128183 -125.778976
308.128192 -126.431458
308.128202 -127.347328
308.128212 -128.597687
308.128221 -130.288254
308.128231 -132.580734
308.128240 -135.699112
308.128250 -139.563156
308.128260 -138.479340
308.128269 -135.757980
308.128279 -134.008133
308.128288 -133.068756
308.128298 -132.773819
308.128308 -132.766068
308.128317 -133.035309
308.128327 -133.819427
308.128337 -135.067154
308.128346 -136.587296
308.128356 -137.713699
308.128365 -136.705566
308.128375 -135.151917
308.128385 -133.740799
308.128394 -132.603790
308.128404 -131.722305
308.128413 -131.040863
308.128423 -130.502151
308.128433 -130.057175
308.128442 -129.669525
308.128452 -129.317749
308.128462 -128.995468
308.128471 -128.709412
308.128481 -128.476624
308.128490 -128.320053
308.128500 -128.262650
308.128510 -128.257141
308.128519 -128.342880
308.128529 -128.579880
308.128538 -129.009979
308.128548 -129.673004
308.128558 -130.621872
308.128567 -131.934158
308.128577 -133.726486
308.128587 -136.206009
308.128596 -139.798386
308.128606 -145.095047
308.128615 -142.063492
308.128625 -138.515823
308.128635 -136.345779
308.128644 -135.065781
308.128654 -134.448975
308.128663 -134.359848
308.128673 -134.405243
308.128683 -134.930115
308.128692 -136.102554
308.128702 -138.137253
308.128712 -141.549911
308.128721 -147.328400
308.128731 -140.957336
308.128740 -136.863113
308.128750 -134.113495
308.128760 -132.131729
308.128769 -130.645050
308.128779 -129.502548
308.128788 -128.609375
308.128798 -127.900864
308.128808 -127.331055
308.128817 -126.867577
308.128827 -126.488686
308.128837 -126.180862
308.128846 -125.936325
308.128856 -125.750366
308.128865 -125.619316
308.128875 -125.539024
308.128885 -125.503853
308.128894 -125.502251
308.128904 -125.507278
308.128913 -125.542000
308.128923 -125.598190
308.128933 -125.668716
308.128942 -125.752289
308.128952 -125.849129
308.128962 -125.961700
308.128971 -126.093834
308.128981 -126.251556
308.128990 -126.443779
308.129000 -126.683311
308.129010 -126.988014
308.129019 -127.378616
308.129029 -127.883095
308.129038 -128.547150
308.129048 -129.424759
308.129058 -130.588791
308.129067 -132.146790
308.129077 -134.278061
308.129087 -137.330887
308.129096 -142.247559
308.129106 -147.910522
308.129115 -140.709579
308.129125 -137.113464
308.129135 -134.848282
308.129144 -133.283173
308.129154 -132.145065
308.129163 -131.290131
308.129173 -130.637100
308.129183 -130.143112
308.129192 -129.791168
308.129202 -129.580658
308.129212 -129.519928
308.129221 -129.521027
308.129231 -129.625488
308.129240 -129.906708
308.129250 -130.373383
308.129260 -131.025635
308.129269 -131.846909
308.129279 -132.790878
308.129288 -133.761978
308.129298 -134.606766
308.129308 -135.149429
308.129317 -135.092804
308.129327 -134.693375
308.129337 -134.235840
308.129346 -133.809631
308.129356 -133.459595
308.129365 -133.205231
308.129375 -133.049408
308.129385 -132.978806
308.129394 -132.956787
308.129404 -132.917648
308.129413 -132.772369
308.129423 -132.440674
308.129433 -131.895416
308.129442 -131.181183
308.129452 -130.383820
308.129462 -129.583984
308.129471 -128.832352
308.129481 -128.147415
308.129490 -127.525772
308.129500 -126.954559
308.129510 -126.423889
308.129519 -125.934639
308.129529 -125.501526
308.129538 -125.149910
308.129548 -124.910858
308.129558 -124.816086
308.129567 -124.815651
308.129577 -124.895958
308.129587 -125.177887
308.129596 -125.688980
308.129606 -126.457809
308.129615 -127.517860
308.129625 -128.910110
308.129635 -130.684006
308.129644 -132.881836
308.129654 -135.444778
308.129663 -137.827942
308.129673 -137.354202
308.129683 -135.544067
308.129692 -133.917068
308.129702 -132.552689
308.129712 -131.431625
308.129721 -130.505234
308.129731 -129.738892
308.129740 -129.117538
308.129750 -128.637543
308.129760 -128.297668
308.129769 -128.092926
308.129779 -128.000519
308.129788 -127.996872
308.129798 -128.015640
308.129808 -128.112228
308.129817 -128.258774
308.129827 -128.423248
308.129837 -128.581085
308.129846 -128.722641
308.129856 -128.857819
308.129865 -129.013931
308.129875 -129.230362
308.129885 -129.551666
308.129894 -130.024811
308.129904 -130.698059
308.129913 -131.624115
308.129923 -132.863174
308.129933 -134.484421
308.129942 -136.544846
308.129952 -138.963593
308.129962 -141.040268
308.129971 -139.761505
308.129981 -138.064651
308.129990 -136.769592
308.130000 -135.916748
308.130010 -135.406174
308.130019 -135.085938
308.130029 -134.763245
308.130038 -134.243515
308.130048 -133.426056
308.130058 -132.363220
308.130067 -131.200500
308.130077 -130.076859
308.130087 -129.082520
308.130096 -128.265533
308.130106 -127.649361
308.130115 -127.247429
308.130125 -127.071617
308.130135 -127.066116
308.130144 -127.138565
308.130154 -127.473343
308.130163 -128.116394
308.130173 -129.133743
308.130183 -130.637573
308.130192 -132.831329
308.130202 -136.109116
308.130212 -140.976761
308.130221 -137.426758
308.130231 -133.540100
308.130240 -130.937485
308.130250 -129.134598
308.130260 -127.879112
308.130269 -127.034904
308.130279 -126.522087
308.130288 -126.289780
308.130298 -126.270477
308.130308 -126.302986
308.130317 -126.534454
308.130327 -126.960045
308.130337 -127.555038
308.130346 -128.291168
308.130356 -129.134201
308.130365 -130.043701
308.130375 -130.975449
308.130385 -131.887268
308.130394 -132.746506
308.130404 -133.534409
308.130413 -134.244949
308.130423 -134.879242
308.130433 -135.435562
308.130442 -135.927505
308.130452 -136.360001
308.130462 -136.723907
308.130471 -137.001923
308.130481 -136.978088
308.130490 -136.430679
308.130500 -135.457108
308.130510 -134.169815
308.130519 -132.744568
308.130529 -131.329315
308.130538 -130.014465
308.130548 -128.845734
308.130558 -127.842033
308.130567 -127.008575
308.130577 -126.343704
308.130587 -125.842987
308.130596 -125.500580
308.130606 -125.310211
308.130615 -125.262733
308.130625 -125.264648
308.130635 -125.356133
308.130644 -125.579971
308.130654 -125.929832
308.130663 -126.398842
308.130673 -126.979637
308.130683 -127.662521
308.130692 -128.433441
308.130702 -129.268753
308.130712 -130.128662
308.130721 -130.948700
308.130731 -131.618301
308.130740 -132.054626
308.130750 -132.176102
308.130760 -131.913177
308.130769 -131.568954
308.130779 -131.244476
308.130788 -131.000092
308.130798 -130.867661
308.130808 -130.835114
308.130817 -130.854858
308.130827 -131.009109
308.130837 -131.292404
308.130846 -131.682846
308.130856 -132.173920
308.130865 -132.719849
308.130875 -133.233398
308.130885 -133.610687
308.130894 -133.379517
308.130904 -132.687515
308.130913 -131.773651
308.130923 -130.814133
308.130933 -129.937286
308.130942 -129.205063
308.130952 -128.663452
308.130962 -128.335220
308.130971 -128.220474
308.130981 -128.205399
308.130990 -128.340256
308.131000 -128.708557
308.131010 -129.320282
308.131019 -130.209259
308.131029 -131.410919
308.131038 -132.969162
308.131048 -134.911713
308.131058 -137.128067
308.131067 -138.863358
308.131077 -137.826920
308.131087 -136.129257
308.131096 -134.735352
308.131106 -133.754425
308.131115 -133.158722
308.131125 -132.885757
308.131135 -132.833008
308.131144 -132.851929
308.131154 -133.034454
308.131163 -133.231308
308.131173 -132.979050
308.131183 -132.166580
308.131192 -131.040710
308.131202 -129.808167
308.131212 -128.623566
308.131221 -127.569397
308.131231 -126.680367
308.131240 -125.967392
308.131250 -125.430725
308.131260 -125.067154
308.131269 -124.873116
308.131279 -124.834099
308.131288 -124.845177
308.131298 -124.986252
308.131308 -125.294701
308.131317 -125.776276
308.131327 -126.438576
308.131337 -127.292152
308.131346 -128.348663
308.131356 -129.615402
308.131365 -131.077393
308.131375 -132.649658
308.131385 -134.060349
308.131394 -134.704071
308.131404 -133.757706
308.131413 -132.538651
308.131423 -131.361481
308.131433 -130.339798
308.131442 -129.496323
308.131452 -128.823654
308.131462 -128.308533
308.131471 -127.939377
308.131481 -127.708023
308.131490 -127.599358
308.131500 -127.594040
308.131510 -127.614922
308.131519 -127.749298
308.131529 -127.991531
308.131538 -128.324753
308.131548 -128.725388
308.131558 -129.162888
308.131567 -129.602814
308.131577 -130.009995
308.131587 -130.354095
308.131596 -130.611450
308.131606 -130.765350
308.131615 -130.719376
308.131625 -130.511963
308.131635 -130.196686
308.131644 -129.807358
308.131654 -129.395035
308.131663 -129.020386
308.131673 -128.746902
308.131683 -128.636337
308.131692 -128.636124
308.131702 -128.750031
308.131712 -129.152191
308.131721 -129.920639
308.131731 -131.162827
308.131740 -133.045456
308.131750 -135.839035
308.131760 -139.773178
308.131769 -139.008728
308.131779 -135.550293
308.131788 -133.273666
308.131798 -131.900986
308.131808 -131.217270
308.131817 -131.095352
308.131827 -131.105637
308.131837 -131.496597
308.131846 -132.315140
308.131856 -133.386566
308.131865 -134.268417
308.131875 -133.282730
308.131885 -131.820145
308.131894 -130.422745
308.131904 -129.294327
308.131913 -128.475174
308.131923 -127.954597
308.131933 -127.712341
308.131942 -127.693748
308.131952 -127.732887
308.131962 -128.008194
308.131971 -128.540436
308.131981 -129.344269
308.131990 -130.451279
308.132000 -131.919617
308.132010 -133.855682
308.132019 -136.437943
308.132029 -140.020172
308.132038 -144.826614
308.132048 -141.005768
308.132058 -137.373367
308.132067 -134.819183
308.132077 -132.963959
308.132087 -131.612427
308.132096 -130.649109
308.132106 -130.010315
308.132115 -129.657364
308.132125 -129.554855
308.132135 -129.554199
308.132144 -129.683777
308.132154 -130.015762
308.132163 -130.511566
308.132173 -131.106628
308.132183 -131.686890
308.132192 -132.119919
308.132202 -132.209732
308.132212 -131.792892
308.132221 -131.200348
308.132231 -130.554123
308.132240 -129.938690
308.132250 -129.404312
308.132260 -128.978104
308.132269 -128.672668
308.132279 -128.490326
308.132288 -128.422745
308.132298 -128.403229
308.132308 -128.458389
308.132317 -128.601913
308.132327 -128.805008
308.132337 -129.031693
308.132346 -129.244858
308.132356 -129.416458
308.132365 -129.536896
308.132375 -129.616806
308.132385 -129.679413
308.132394 -129.746368
308.132404 -129.818756
308.132413 -129.860794
308.132423 -129.792892
308.132433 -129.607239
308.132442 -129.304932
308.132452 -128.918427
308.132462 -128.504150
308.132471 -128.123520
308.132481 -127.829208
308.132490 -127.660538
308.132500 -127.631805
308.132510 -127.644485
308.132519 -127.795258
308.132529 -128.126938
308.132538 -128.646606
308.132548 -129.355286
308.132558 -130.249603
308.132567 -131.320251
308.132577 -132.548126
308.132587 -133.897186
308.132596 -135.299515
308.132606 -136.627167
308.132615 -137.655533
308.132625 -137.819061
308.132635 -136.876083
308.132644 -135.564560
308.132654 -134.127670
308.132663 -132.706207
308.132673 -131.366302
308.132683 -130.133530
308.132692 -129.013733
308.132702 -128.003601
308.132712 -127.095848
308.132721 -126.281639
308.132731 -125.552933
308.132740 -124.902390
308.132750 -124.325058
308.132760 -123.818329
308.132769 -123.381805
308.132779 -123.017876
308.132788 -122.731331
308.132798 -122.529282
308.132808 -122.421799
308.132817 -122.407921
308.132827 -122.421333
308.132837 -122.543076
308.132846 -122.804848
308.132856 -123.228310
308.132865 -123.839783
308.132875 -124.671608
308.132885 -125.763115
308.132894 -127.158424
308.132904 -128.886581
308.132913 -130.873154
308.132923 -132.651260
308.132933 -131.965454
308.132942 -130.187607
308.132952 -128.560318
308.132962 -127.277962
308.132971 -126.343254
308.132981 -125.721161
308.132990 -125.377419
308.133000 -125.283539
308.133010 -125.284897
308.133019 -125.419678
308.133029 -125.772621
308.133038 -126.341545
308.133048 -127.128464
308.133058 -128.143845
308.133067 -129.382172
308.133077 -130.847870
308.133087 -132.456802
308.133096 -133.882355
308.133106 -133.740036
308.133115 -132.289688
308.133125 -130.763458
308.133135 -129.462524
308.133144 -128.452805
308.133154 -127.739777
308.133163 -127.317253
308.133173 -127.154785
308.133183 -127.130737
308.133192 -127.232018
308.133202 -127.549416
308.133212 -128.047516
308.133221 -128.673843
308.133231 -129.350967
308.133240 -129.978745
308.133250 -130.457962
308.133260 -130.737274
308.133269 -130.845016
308.133279 -130.873062
308.133288 -130.929092
308.133298 -131.103683
308.133308 -131.432922
308.133317 -131.963272
308.133327 -132.726654
308.133337 -133.738342
308.133346 -134.946945
308.133356 -136.160507
308.133365 -136.698334
308.133375 -135.503113
308.133385 -133.886185
308.133394 -132.277451
308.133404 -130.850861
308.133413 -129.650894
308.133423 -128.676971
308.133433 -127.914925
308.133442 -127.347527
308.133452 -126.955894
308.133462 -126.719559
308.133471 -126.613441
308.133481 -126.595940
308.133490 -126.603439
308.133500 -126.674072
308.133510 -126.789070
308.133519 -126.919052
308.133529 -127.040390
308.133538 -127.140182
308.133548 -127.218773
308.133558 -127.289337
308.133567 -127.372482
308.133577 -127.490219
308.133587 -127.665985
308.133596 -127.931801
308.133606 -128.310318
308.133615 -128.814896
308.133625 -129.448288
308.133635 -130.195450
308.133644 -131.012131
308.133654 -131.811142
308.133663 -132.461044
308.133673 -132.825134
308.133683 -132.575684
308.133692 -132.156754
308.133702 -131.712738
308.133712 -131.325500
308.133721 -131.033539
308.133731 -130.846710
308.133740 -130.756760
308.133750 -130.743744
308.133760 -130.745056
308.133769 -130.785706
308.133779 -130.843628
308.133788 -130.874329
308.133798 -130.794693
308.133808 -130.622147
308.133817 -130.357651
308.133827 -130.018707
308.133837 -129.638290
308.133846 -129.258209
308.133856 -128.922470
308.133865 -128.673737
308.133875 -128.551590
308.133885 -128.544006
308.133894 -128.594055
308.133904 -128.834351
308.133913 -129.321899
308.133923 -130.112305
308.133933 -131.285690
308.133942 -132.971191
308.133952 -135.407028
308.133962 -139.106583
308.133971 -145.234543
308.133981 -140.873306
308.133990 -136.884552
308.134000 -134.407806
308.134010 -132.783859
308.134019 -131.719940
308.134029 -131.062943
308.134038 -130.709244
308.134048 -130.593704
308.134058 -130.584564
308.134067 -130.661362
308.134077 -130.859253
308.134087 -131.115555
308.134096 -131.364090
308.134106 -131.543472
308.134115 -131.579773
308.134125 -131.387085
308.134135 -131.072128
308.134144 -130.658920
308.134154 -130.164215
308.134163 -129.602402
308.134173 -128.987137
308.134183 -128.335358
308.134192 -127.667664
308.134202 -127.008293
308.134212 -126.383469
308.134221 -125.819519
308.134231 -125.341064
308.134240 -124.969742
308.134250 -124.723267
308.134260 -124.614197
308.134269 -124.602806
308.134279 -124.653664
308.134288 -124.841759
308.134298 -125.175369
308.134308 -125.642250
308.134317 -126.219269
308.134327 -126.869392
308.134337 -127.536873
308.134346 -128.158997
308.134356 -128.662384
308.134365 -128.981186
308.134375 -128.922699
308.134385 -128.576447
308.134394 -128.084457
308.134404 -127.506920
308.134413 -126.898842
308.134423 -126.304291
308.134433 -125.755447
308.134442 -125.273865
308.134452 -124.872383
308.134462 -124.557129
308.134471 -124.328621
308.134481 -124.179077
308.134490 -124.106941
308.134500 -124.076141
308.134510 -124.078217
308.134519 -124.132034
308.134529 -124.222641
308.134538 -124.335152
308.134548 -124.457001
308.134558 -124.581200
308.134567 -124.708160
308.134577 -124.847183
308.134587 -125.015190
308.134596 -125.235535
308.134606 -125.535538
308.134615 -125.942307
308.134625 -126.476822
308.134635 -127.184143
308.134644 -128.102386
308.134654 -129.275986
308.134663 -130.756836
308.134673 -132.589447
308.134683 -134.867706
308.134692 -137.645294
308.134702 -140.768005
308.134712 -143.260452
308.134721 -142.734207
308.134731 -141.872162
308.134740 -141.342255
308.134750 -140.906982
308.134760 -140.223190
308.134769 -139.150284
308.134779 -137.859589
308.134788 -136.612579
308.134798 -135.580521
308.134808 -134.827377
308.134817 -134.341003
308.134827 -134.122314
308.134837 -134.082993
308.134846 -134.104721
308.134856 -134.287796
308.134865 -134.578476
308.134875 -134.935791
308.134885 -135.358154
308.134894 -135.898697
308.134904 -136.629471
308.134913 -137.710419
308.134923 -139.323639
308.134933 -141.654984
308.134942 -144.866257
308.134952 -145.210922
308.134962 -142.052841
308.134971 -139.848557
308.134981 -138.591431
308.134990 -138.118195
308.135000 -138.092453
308.135010 -138.407349
308.135019 -139.435898
308.135029 -140.927200
308.135038 -139.891907
308.135048 -136.841125
308.135058 -134.101501
308.135067 -131.936783
308.135077 -130.286957
308.135087 -129.069351
308.135096 -128.221786
308.135106 -127.702858
308.135115 -127.487480
308.135125 -127.474281
308.135135 -127.564354
308.135144 -127.933739
308.135154 -128.608261
308.135163 -129.611160
308.135173 -131.002197
308.135183 -132.871765
308.135192 -135.359772
308.135202 -138.586807
308.135212 -141.458176
308.135221 -138.459351
308.135231 -135.799774
308.135240 -133.824234
308.135250 -132.365295
308.135260 -131.273468
308.135269 -130.444061
308.135279 -129.802246
308.135288 -129.291153
308.135298 -128.865051
308.135308 -128.486847
308.135317 -128.126862
308.135327 -127.763130
308.135337 -127.382065
308.135346 -126.975090
308.135356 -126.550880
308.135365 -126.122314
308.135375 -125.708313
308.135385 -125.332542
308.135394 -125.021324
308.135404 -124.802338
308.135413 -124.703079
308.135423 -124.699219
308.135433 -124.746475
308.135442 -124.954491
308.135452 -125.352417
308.135462 -125.956291
308.135471 -126.771530
308.135481 -127.780968
308.135490 -128.921844
308.135500 -130.052277
308.135510 -130.944000
308.135519 -131.355499
308.135529 -131.047974
308.135538 -130.680054
308.135548 -130.386765
308.135558 -130.221817
308.135567 -130.191864
308.135577 -130.194626
308.135587 -130.299149
308.135596 -130.528397
308.135606 -130.877670
308.135615 -131.317444
308.135625 -131.807022
308.135635 -132.263687
308.135644 -132.561569
308.135654 -132.415985
308.135663 -131.943359
308.135673 -131.398712
308.135683 -130.906677
308.135692 -130.530029
308.135702 -130.272415
308.135712 -130.110504
308.135721 -129.998154
308.135731 -129.884811
308.135740 -129.737701
308.135750 -129.556168
308.135760 -129.370087
308.135769 -129.226837
308.135779 -129.175156
308.135788 -129.165268
308.135798 -129.273849
308.135808 -129.535385
308.135817 -129.992218
308.135827 -130.660645
308.135837 -131.573639
308.135846 -132.749725
308.135856 -134.185150
308.135865 -135.786804
308.135875 -137.199280
308.135885 -136.840546
308.135894 -135.220856
308.135904 -133.504883
308.135913 -131.974777
308.135923 -130.693802
308.135933 -129.656219
308.135942 -128.841980
308.135952 -128.230682
308.135962 -127.804375
308.135971 -127.544922
308.135981 -127.428986
308.135990 -127.415009
308.136000 -127.436981
308.136010 -127.554573
308.136019 -127.737427
308.136029 -127.943382
308.136038 -128.128113
308.136048 -128.255051
308.136058 -128.306992
308.136067 -128.253189
308.136077 -128.174881
308.136087 -128.102585
308.136096 -128.034409
308.136106 -127.980743
308.136115 -127.917648
308.136125 -127.810631
308.136135 -127.626572
308.136144 -127.346687
308.136154 -126.975563
308.136163 -126.539436
308.136173 -126.076797
308.136183 -125.627197
308.136192 -125.224030
308.136202 -124.891602
308.136212 -124.645844
308.136221 -124.495064
308.136231 -124.441162
308.136240 -124.440926
308.136250 -124.479706
308.136260 -124.598991
308.136269 -124.778839
308.136279 -124.989372
308.136288 -125.190575
308.136298 -125.336594
308.136308 -125.309204
308.136317 -125.108612
308.136327 -124.807327
308.136337 -124.444054
308.136346 -124.058983
308.136356 -123.683792
308.136365 -123.332436
308.136375 -123.032570
308.136385 -122.793541
308.136394 -122.622307
308.136404 -122.524162
308.136413 -122.497879
308.136423 -122.500870
308.136433 -122.589790
308.136442 -122.772301
308.136452 -123.062950
308.136462 -123.466286
308.136471 -123.970268
308.136481 -124.572006
308.136490 -125.246368
308.136500 -125.952858
308.136510 -126.637047
308.136519 -127.239677
308.136529 -127.714012
308.136538 -128.043365
308.136548 -128.246719
308.136558 -128.367569
308.136567 -128.456696
308.136577 -128.560516
308.136587 -128.710342
308.136596 -128.944336
308.136606 -129.295044
308.136615 -129.791351
308.136625 -130.461426
308.136635 -131.329697
308.136644 -132.397141
308.136654 -133.586746
308.136663 -134.560547
308.136673 -134.061356
308.136683 -132.445251
308.136692 -130.659576
308.136702 -129.025208
308.136712 -127.644409
308.136721 -126.534866
308.136731 -125.690239
308.136740 -125.099365
308.136750 -124.752983
308.136760 -124.651550
308.136769 -124.652611
308.136779 -124.800270
308.136788 -125.203003
308.136798 -125.876160
308.136808 -126.845825
308.136817 -128.155212
308.136827 -129.863907
308.136837 -132.089920
308.136846 -135.013321
308.136856 -138.759506
308.136865 -139.991257
308.136875 -136.641769
308.136885 -134.006546
308.136894 -132.028458
308.136904 -130.497070
308.136913 -129.301224
308.136923 -128.361420
308.136933 -127.632675
308.136942 -127.088600
308.136952 -126.712692
308.136962 -126.492790
308.136971 -126.418045
308.136981 -126.417923
308.136990 -126.477371
308.137000 -126.657387
308.137010 -126.942078
308.137019 -127.312088
308.137029 -127.744331
308.137038 -128.214157
308.137048 -128.699753
308.137058 -129.190445
308.137067 -129.694839
308.137077 -130.246063
308.137087 -130.900436
308.137096 -131.732498
308.137106 -132.830841
308.137115 -134.277054
308.137125 -136.202942
308.137135 -138.727982
308.137144 -141.786194
308.137154 -144.053436
308.137163 -142.456711
308.137173 -141.259018
308.137183 -140.624756
308.137192 -140.281845
308.137202 -139.534042
308.137212 -137.844940
308.137221 -135.531845
308.137231 -133.195999
308.137240 -131.139679
308.137250 -129.437805
308.137260 -128.082764
308.137269 -127.046349
308.137279 -126.298996
308.137288 -125.813080
308.137298 -125.562347
308.137308 -125.515465
308.137317 -125.518837
308.137327 -125.649124
308.137337 -125.910500
308.137346 -126.250450
308.137356 -126.610840
308.137365 -126.940392
308.137375 -127.211678
308.137385 -127.432289
308.137394 -127.640610
308.137404 -127.890175
308.137413 -128.233810
308.137423 -128.715790
308.137433 -129.371216
308.137442 -130.230148
308.137452 -131.319778
308.137462 -132.685760
308.137471 -134.398270
308.137481 -136.575653
308.137490 -139.452148
308.137500 -143.582718
308.137510 -150.934860
308.137519 -148.795502
308.137529 -144.171509
308.137538 -141.671997
308.137548 -140.105927
308.137558 -138.983780
308.137567 -137.979950
308.137577 -136.858994
308.137587 -135.530273
308.137596 -134.059433
308.137606 -132.583618
308.137615 -131.219955
308.137625 -130.038986
308.137635 -129.072754
308.137644 -128.331207
308.137654 -127.813545
308.137663 -127.514168
308.137673 -127.422173
308.137683 -127.417076
308.137692 -127.546082
308.137702 -127.868263
308.137712 -128.393326
308.137721 -129.126465
308.137731 -130.080093
308.137740 -131.277237
308.137750 -132.753906
308.137760 -134.556900
308.137769 -136.709808
308.137779 -139.036301
308.137788 -140.076797
308.137798 -138.067810
308.137808 -135.941330
308.137817 -134.129410
308.137827 -132.657944
308.137837 -131.460358
308.137846 -130.508575
308.137856 -129.767273
308.137865 -129.209473
308.137875 -128.816986
308.137885 -128.577301
308.137894 -128.482101
308.137904 -128.480057
308.137913 -128.526184
308.137923 -128.706558
308.137933 -129.022476
308.137942 -129.475815
308.137952 -130.070557
308.137962 -130.813461
308.137971 -131.714371
308.137981 -132.781738
308.137990 -134.041061
308.138000 -135.521454
308.138010 -137.259109
308.138019 -139.287354
308.138029 -141.620789
308.138038 -144.197403
308.138048 -146.637527
308.138058 -147.620270
308.138067 -146.140640
308.138077 -144.260834
308.138087 -142.373779
308.138096 -140.622864
308.138106 -139.096237
308.138115 -137.859085
308.138125 -136.954102
308.138135 -136.412399
308.138144 -136.255569
308.138154 -136.257050
308.138163 -136.554276
308.138173 -137.343704
308.138183 -138.714630
308.138192 -140.653244
308.138202 -141.512665
308.138212 -138.494263
308.138221 -135.493973
308.138231 -133.051468
308.138240 -131.124390
308.138250 -129.615021
308.138260 -128.443634
308.138269 -127.555687
308.138279 -126.911858
308.138288 -126.477074
308.138298 -126.221413
308.138308 -126.116829
308.138317 -126.112900
308.138327 -126.136871
308.138337 -126.255287
308.138346 -126.447639
308.138356 -126.692001
308.138365 -126.971321
308.138375 -127.274216
308.138385 -127.596054
308.138394 -127.937370
308.138404 -128.301620
308.138413 -128.689651
308.138423 -129.094055
308.138433 -129.491119
308.138442 -129.836212
308.138452 -130.065018
308.138462 -129.939880
308.138471 -129.565460
308.138481 -129.053192
308.138490 -128.487732
308.138500 -127.946678
308.138510 -127.489510
308.138519 -127.151886
308.138529 -126.959976
308.138538 -126.918701
308.138548 -126.927742
308.138558 -127.087708
308.138567 -127.413734
308.138577 -127.883095
308.138587 -128.447784
308.138596 -129.025070
308.138606 -129.522858
308.138615 -129.871109
308.138625 -130.070572
308.138635 -130.201675
308.138644 -130.385727
308.138654 -130.717194
308.138663 -131.287140
308.138673 -132.159744
308.138683 -133.396774
308.138692 -134.970215
308.138702 -136.659653
308.138712 -137.850250
308.138721 -136.888565
308.138731 -135.717804
308.138740 -134.748566
308.138750 -134.083221
308.138760 -133.713013
308.138769 -133.602142
308.138779 -133.602249
308.138788 -133.710098
308.138798 -133.975128
308.138808 -134.323975
308.138817 -134.669556
308.138827 -134.916779
308.138837 -135.010208
308.138846 -134.970703
308.138856 -134.946976
308.138865 -135.067322
308.138875 -135.456711
308.138885 -136.257187
308.138894 -137.615311
308.138904 -139.634232
308.138913 -141.971176
308.138923 -140.526917
308.138933 -137.937851
308.138942 -135.957855
308.138952 -134.636642
308.138962 -133.877777
308.138971 -133.593964
308.138981 -133.588150
308.138990 -133.715836
308.139000 -134.173859
308.139010 -134.880203
308.139019 -135.708176
308.139029 -136.491562
308.139038 -137.074722
308.139048 -137.394836
308.139058 -137.432510
308.139067 -137.141541
308.139077 -136.601486
308.139087 -135.763870
308.139096 -134.684280
308.139106 -133.494827
308.139115 -132.320129
308.139125 -131.213120
308.139135 -130.219162
308.139144 -129.335739
308.139154 -128.541458
308.139163 -127.813972
308.139173 -127.138588
308.139183 -126.512779
308.139192 -125.944542
308.139202 -125.448090
308.139212 -125.038528
308.139221 -124.727676
308.139231 -124.521416
308.139240 -124.419327
308.139250 -124.406654
308.139260 -124.414513
308.139269 -124.490395
308.139279 -124.631096
308.139288 -124.822563
308.139298 -125.046280
308.139308 -125.286591
308.139317 -125.532097
308.139327 -125.777336
308.139337 -126.022217
308.139346 -126.271530
308.139356 -126.533752
308.139365 -126.820946
308.139375 -127.148331
308.139385 -127.535133
308.139394 -128.005264
308.139404 -128.589249
308.139413 -129.326752
308.139423 -130.272751
308.139433 -131.508133
308.139442 -133.165710
308.139452 -135.494537
308.139462 -139.071625
308.139471 -145.852341
308.139481 -141.083588
308.139490 -136.004578
308.139500 -132.778137
308.139510 -130.445633
308.139519 -128.654877
308.139529 -127.238380
308.139538 -126.104698
308.139548 -125.199272
308.139558 -124.487762
308.139567 -123.947678
308.139577 -123.563660
308.139587 -123.324303
308.139596 -123.218048
308.139606 -123.203003
308.139615 -123.231354
308.139625 -123.372253
308.139635 -123.611763
308.139644 -123.929535
308.139654 -124.307121
308.139663 -124.720047
308.139673 -125.143074
308.139683 -125.554535
308.139692 -125.940193
308.139702 -126.295280
308.139712 -126.623306
308.139721 -126.932236
308.139731 -127.223366
308.139740 -127.494583
308.139750 -127.756165
308.139760 -128.003494
308.139769 -128.232010
308.139779 -128.440994
308.139788 -128.635544
308.139798 -128.824951
308.139808 -129.018051
308.139817 -129.217072
308.139827 -129.413498
308.139837 -129.588608
308.139846 -129.721237
308.139856 -129.802002
308.139865 -129.846603
308.139875 -129.900970
308.139885 -130.034073
308.139894 -130.328354
308.139904 -130.874802
308.139913 -131.778183
308.139923 -133.137146
308.139933 -135.122787
308.139942 -137.789825
308.139952 -138.224228
308.139962 -134.803787
308.139971 -131.887711
308.139981 -129.638809
308.139990 -127.902458
308.140000 -126.547943
308.140010 -125.483543
308.140019 -124.643959
308.140029 -123.980400
308.140038 -123.455307
308.140048 -123.038857
308.140058 -122.707916
308.140067 -122.445084
308.140077 -122.238792
308.140087 -122.082840
308.140096 -121.974937
308.140106 -121.917030
308.140115 -121.900520
308.140125 -121.909142
308.140135 -121.984245
308.140144 -122.133919
308.140154 -122.365273
308.140163 -122.677711
308.140173 -123.081230
308.140183 -123.578514
308.140192 -124.171539
308.140202 -124.862785
308.140212 -125.656914
308.140221 -126.562546
308.140231 -127.593643
308.140240 -128.770844
308.140250 -130.122421
308.140260 -131.684631
308.140269 -133.503784
308.140279 -135.638016
308.140288 -138.156418
308.140298 -141.097168
308.140308 -144.169403
308.140317 -144.372543
308.140327 -141.881516
308.140337 -139.612061
308.140346 -137.743515
308.140356 -136.290451
308.140365 -135.215637
308.140375 -134.497650
308.140385 -134.130173
308.140394 -134.079697
308.140404 -134.116577
308.140413 -134.452377
308.140423 -135.159912
308.140433 -136.222641
308.140442 -137.509293
308.140452 -138.475891
308.140462 -137.333099
308.140471 -135.552673
308.140481 -133.845383
308.140490 -132.417511
308.140500 -131.298096
308.140510 -130.467941
308.140519 -129.901794
308.140529 -129.578384
308.140538 -129.480911
308.140548 -129.481094
308.140558 -129.605103
308.140567 -129.939743
308.140577 -130.476822
308.140587 -131.215149
308.140596 -132.140472
308.140606 -133.212784
308.140615 -134.330780
308.140625 -135.286530
308.140635 -135.669662
308.140644 -135.080704
308.140654 -134.347443
308.140663 -133.737671
308.140673 -133.414001
308.140683 -133.398499
308.140692 -133.483704
308.140702 -134.052933
308.140712 -135.281342
308.140721 -137.481750
308.140731 -141.377609
308.140740 -143.231567
308.140750 -137.284515
308.140760 -133.538696
308.140769 -130.946259
308.140779 -129.047714
308.140788 -127.620628
308.140798 -126.540886
308.140808 -125.731300
308.140817 -125.141197
308.140827 -124.735817
308.140837 -124.491524
308.140846 -124.392433
308.140856 -124.389610
308.140865 -124.428482
308.140875 -124.592926
308.140885 -124.881447
308.140894 -125.290436
308.140904 -125.815773
308.140913 -126.450951
308.140923 -127.185188
308.140933 -127.999825
308.140942 -128.863693
308.140952 -129.727554
308.140962 -130.522369
308.140971 -131.171341
308.140981 -131.621124
308.140990 -131.877197
308.141000 -132.011826
308.141010 -132.135681
308.141019 -132.362625
308.141029 -132.793701
308.141038 -133.520584
308.141048 -134.642822
308.141058 -136.297241
308.141067 -138.701889
308.141077 -142.277985
308.141087 -147.707886
308.141096 -144.261887
308.141106 -140.726440
308.141115 -138.616104
308.141125 -137.445145
308.141135 -137.031662
308.141144 -137.029388
308.141154 -137.341293
308.141163 -138.449539
308.141173 -140.659180
308.141183 -144.446976
308.141192 -141.781357
308.141202 -137.163971
308.141212 -133.941238
308.141221 -131.605057
308.141231 -129.862808
308.141240 -128.549789
308.141250 -127.563087
308.141260 -126.832336
308.141269 -126.306931
308.141279 -125.950714
308.141288 -125.739349
308.141298 -125.655777
308.141308 -125.636192
308.141317 -125.708466
308.141327 -125.929214
308.141337 -126.300644
308.141346 -126.864906
308.141356 -127.655327
308.141365 -128.698547
308.141375 -130.022751
308.141385 -131.639740
308.141394 -133.421478
308.141404 -134.859726
308.141413 -133.861359
308.141423 -132.142258
308.141433 -130.502655
308.141442 -129.117081
308.141452 -127.995651
308.141462 -127.109879
308.141471 -126.428276
308.141481 -125.922379
308.141490 -125.572243
308.141500 -125.358139
308.141510 -125.261589
308.141519 -125.250511
308.141529 -125.264191
308.141538 -125.346573
308.141548 -125.487625
308.141558 -125.664970
308.141567 -125.855186
308.141577 -126.033936
308.141587 -126.180473
308.141596 -126.287552
308.141606 -126.356422
308.141615 -126.400757
308.141625 -126.446159
308.141635 -126.526108
308.141644 -126.678284
308.141654 -126.936485
308.141663 -127.332664
308.141673 -127.907890
308.141683 -128.694687
308.141692 -129.723083
308.141702 -131.014740
308.141712 -132.563980
308.141721 -134.280243
308.141731 -135.855423
308.141740 -136.602142
308.141750 -135.747284
308.141760 -134.729401
308.141769 -133.802322
308.141779 -132.991638
308.141788 -132.291855
308.141798 -131.621201
308.141808 -130.901855
308.141817 -130.086655
308.141827 -129.173904
308.141837 -128.201294
308.141846 -127.225540
308.141856 -126.302254
308.141865 -125.476418
308.141875 -124.780006
308.141885 -124.234276
308.141894 -123.852463
308.141904 -123.642143
308.141913 -123.602989
308.141923 -123.606560
308.141933 -123.745285
308.141942 -124.053764
308.141952 -124.523384
308.141962 -125.139671
308.141971 -125.880722
308.141981 -126.714500
308.141990 -127.597481
308.142000 -128.475098
308.142010 -129.289307
308.142019 -129.993301
308.142029 -130.571198
308.142038 -131.048859
308.142048 -131.488449
308.142058 -131.970154
308.142067 -132.571503
308.142077 -133.348999
308.142087 -134.307175
308.142096 -135.330627
308.142106 -136.047943
308.142115 -135.121063
308.142125 -133.725311
308.142135 -132.306747
308.142144 -131.072861
308.142154 -130.078003
308.142163 -129.315933
308.142173 -128.762131
308.142183 -128.389923
308.142192 -128.176529
308.142202 -128.105164
308.142212 -128.105087
308.142221 -128.166443
308.142231 -128.357208
308.142240 -128.680771
308.142250 -129.146194
308.142260 -129.768051
308.142269 -130.566147
308.142279 -131.565964
308.142288 -132.804108
308.142298 -134.321335
308.142308 -136.174377
308.142317 -138.437866
308.142327 -141.212860
308.142337 -144.645584
308.142346 -148.961548
308.142356 -154.152328
308.142365 -152.954666
308.142375 -148.217712
308.142385 -144.319580
308.142394 -141.150177
308.142404 -138.564941
308.142413 -136.464355
308.142423 -134.773758
308.142433 -133.437378
308.142442 -132.414276
308.142452 -131.675125
308.142462 -131.200195
308.142471 -130.977448
308.142481 -130.961807
308.142490 -131.001358
308.142500 -131.271637
308.142510 -131.791992
308.142519 -132.569916
308.142529 -133.613937
308.142538 -134.929855
308.142548 -136.511215
308.142558 -138.318634
308.142567 -140.238297
308.142577 -142.021133
308.142587 -143.275558
308.142596 -143.125229
308.142606 -141.900513
308.142615 -140.275589
308.142625 -138.534576
308.142635 -136.853714
308.142644 -135.326904
308.142654 -134.015274
308.142663 -132.934860
308.142673 -132.082047
308.142683 -131.440201
308.142692 -130.983154
308.142702 -130.673172
308.142712 -130.461044
308.142721 -130.286667
308.142731 -130.087418
308.142740 -129.812195
308.142750 -129.438416
308.142760 -128.978821
308.142769 -128.474640
308.142779 -127.979218
308.142788 -127.545296
308.142798 -127.210030
308.142808 -127.012459
308.142817 -126.967064
308.142827 -126.975189
308.142837 -127.150742
308.142846 -127.525787
308.142856 -128.092041
308.142865 -128.810303
308.142875 -129.559601
308.142885 -130.150726
308.142894 -130.230377
308.142904 -129.645905
308.142913 -128.926254
308.142923 -128.258057
308.142933 -127.736671
308.142942 -127.396271
308.142952 -127.238144
308.142962 -127.221832
308.142971 -127.246651
308.142981 -127.396568
308.142990 -127.667992
308.143000 -128.028625
308.143010 -128.434921
308.143019 -128.837936
308.143029 -129.184631
308.143038 -129.411575
308.143048 -129.346191
308.143058 -129.028214
308.143067 -128.557434
308.143077 -127.970680
308.143087 -127.326897
308.143096 -126.674232
308.143106 -126.053711
308.143115 -125.503334
308.143125 -125.058533
308.143135 -124.752548
308.143144 -124.616913
308.143154 -124.613403
308.143163 -124.677864
308.143173 -124.964844
308.143183 -125.517372
308.143192 -126.373390
308.143202 -127.570381
308.143212 -129.119141
308.143221 -130.900925
308.143231 -132.295044
308.143240 -131.427597
308.143250 -129.814545
308.143260 -128.398483
308.143269 -127.349434
308.143279 -126.676041
308.143288 -126.352989
308.143298 -126.305336
308.143308 -126.355476
308.143317 -126.665695
308.143327 -127.273056
308.143337 -128.164078
308.143346 -129.343323
308.143356 -130.811234
308.143365 -132.559982
308.143375 -134.563446
308.143385 -136.761841
308.143394 -139.055618
308.143404 -141.356796
308.143413 -143.729858
308.143423 -146.563065
308.143433 -150.661942
308.143442 -149.906830
308.143452 -144.735031
308.143462 -141.222305
308.143471 -138.722183
308.143481 -136.896332
308.143490 -135.568710
308.143500 -134.640121
308.143510 -134.048248
308.143519 -133.751404
308.143529 -133.704208
308.143538 -133.716263
308.143548 -133.910721
308.143558 -134.293625
308.143567 -134.808029
308.143577 -135.374466
308.143587 -135.901688
308.143596 -136.317459
308.143606 -136.611404
308.143615 -136.844955
308.143625 -137.116425
308.143635 -137.480591
308.143644 -137.937531
308.143654 -138.354126
308.143663 -138.116714
308.143673 -137.037201
308.143683 -135.623444
308.143692 -134.179993
308.143702 -132.866043
308.143712 -131.731003
308.143721 -130.774353
308.143731 -129.971649
308.143740 -129.313583
308.143750 -128.787079
308.143760 -128.384933
308.143769 -128.107727
308.143779 -127.960991
308.143788 -127.936653
308.143798 -127.953186
308.143808 -128.105667
308.143817 -128.438416
308.143827 -128.973740
308.143837 -129.732697
308.143846 -130.724335
308.143856 -131.912704
308.143865 -133.124405
308.143875 -133.893646
308.143885 -132.961044
308.143894 -131.568741
308.143904 -130.202438
308.143913 -129.052948
308.143923 -128.173416
308.143933 -127.566673
308.143942 -127.220703
308.143952 -127.116638
308.143962 -127.114723
308.143971 -127.244926
308.143981 -127.574593
308.143990 -128.079056
308.144000 -128.717285
308.144010 -129.433029
308.144019 -130.153275
308.144029 -130.795517
308.144038 -131.283386
308.144048 -131.565475
308.144058 -131.588867
308.144067 -131.432159
308.144077 -131.264999
308.144087 -131.158478
308.144096 -131.143692
308.144106 -131.174332
308.144115 -131.365326
308.144125 -131.780762
308.144135 -132.472946
308.144144 -133.505081
308.144154 -134.961761
308.144163 -136.985397
308.144173 -139.758179
308.144183 -143.159164
308.144192 -141.994980
308.144202 -139.041504
308.144212 -136.932297
308.144221 -135.577911
308.144231 -134.846054
308.144240 -134.655960
308.144250 -134.664780
308.144260 -135.039124
308.144269 -136.034531
308.144279 -137.813538
308.144288 -140.690277
308.144298 -144.626648
308.144308 -139.882523
308.144317 -136.073761
308.144327 -133.315308
308.144337 -131.244293
308.144346 -129.645828
308.144356 -128.396561
308.144365 -127.422432
308.144375 -126.676399
308.144385 -126.127129
308.144394 -125.751457
308.144404 -125.530571
308.144413 -125.441788
308.144423 -125.426460
308.144433 -125.462288
308.144442 -125.590302
308.144452 -125.785500
308.144462 -126.022530
308.144471 -126.279457
308.144481 -126.542953
308.144490 -126.811813
308.144500 -127.097527
308.144510 -127.420815
308.144519 -127.796188
308.144529 -128.252533
308.144538 -128.806015
308.144548 -129.460052
308.144558 -130.200394
308.144567 -130.984741
308.144577 -131.766602
308.144587 -132.466187
308.144596 -132.992706
308.144606 -133.264740
308.144615 -132.999069
308.144625 -132.537460
308.144635 -131.962540
308.144644 -131.354904
308.144654 -130.780701
308.144663 -130.288834
308.144673 -129.910477
308.144683 -129.661072
308.144692 -129.541138
308.144702 -129.533615
308.144712 -129.536865
308.144721 -129.619858
308.144731 -129.749847
308.144740 -129.881226
308.144750 -129.976791
308.144760 -130.022522
308.144769 -130.036011
308.144779 -130.060150
308.144788 -130.149078
308.144798 -130.352600
308.144808 -130.690094
308.144817 -131.173538
308.144827 -131.782806
308.144837 -132.397186
308.144846 -132.820221
308.144856 -132.431290
308.144865 -131.499771
308.144875 -130.377151
308.144885 -129.258286
308.144894 -128.248535
308.144904 -127.391777
308.144913 -126.701241
308.144923 -126.176613
308.144933 -125.811836
308.144942 -125.597305
308.144952 -125.516045
308.144962 -125.504120
308.144971 -125.553261
308.144981 -125.695602
308.144990 -125.900810
308.145000 -126.134033
308.145010 -126.359055
308.145019 -126.543579
308.145029 -126.662285
308.145038 -126.608566
308.145048 -126.422943
308.145058 -126.133240
308.145067 -125.752670
308.145077 -125.309868
308.145087 -124.844597
308.145096 -124.399353
308.145106 -124.011047
308.145115 -123.706284
308.145125 -123.499916
308.145135 -123.395721
308.145144 -123.381401
308.145154 -123.388016
308.145163 -123.461494
308.145173 -123.595459
308.145183 -123.772705
308.145192 -123.970573
308.145202 -124.168137
308.145212 -124.346947
308.145221 -124.485222
308.145231 -124.576790
308.145240 -124.584373
308.145250 -124.490891
308.145260 -124.335266
308.145269 -124.127487
308.145279 -123.881844
308.145288 -123.614250
308.145298 -123.339630
308.145308 -123.070786
308.145317 -122.817924
308.145327 -122.588943
308.145337 -122.389084
308.145346 -122.220543
308.145356 -122.081642
308.145365 -121.966805
308.145375 -121.867104
308.145385 -121.772240
308.145394 -121.673615
308.145404 -121.567245
308.145413 -121.455956
308.145423 -121.349243
308.145433 -121.261833
308.145442 -121.210854
308.145452 -121.207794
308.145462 -121.213562
308.145471 -121.285339
308.145481 -121.438995
308.145490 -121.674698
308.145500 -122.008354
308.145510 -122.444969
308.145519 -122.984489
308.145529 -123.620903
308.145538 -124.339020
308.145548 -125.110451
308.145558 -125.889969
308.145567 -126.608475
308.145577 -127.205940
308.145587 -127.648018
308.145596 -127.938354
308.145606 -128.121796
308.145615 -128.263199
308.145625 -128.423035
308.145635 -128.644196
308.145644 -128.934891
308.145654 -129.311737
308.145663 -129.761688
308.145673 -130.254425
308.145683 -130.766815
308.145692 -131.259552
308.145702 -131.694550
308.145712 -132.040649
308.145721 -132.280212
308.145731 -132.410446
308.145740 -132.396347
308.145750 -132.297668
308.145760 -132.169724
308.145769 -132.037659
308.145779 -131.924774
308.145788 -131.845612
308.145798 -131.806870
308.145808 -131.799149
308.145817 -131.807541
308.145827 -131.852905
308.145837 -131.921722
308.145846 -131.993744
308.145856 -132.042389
308.145865 -131.982498
308.145875 -131.790085
308.145885 -131.464966
308.145894 -131.017365
308.145904 -130.482330
308.145913 -129.917984
308.145923 -129.393967
308.145933 -128.981522
308.145942 -128.748581
308.145952 -128.712082
308.145962 -128.761932
308.145971 -129.089371
308.145981 -129.798859
308.145990 -131.015244
308.146000 -132.873978
308.146010 -135.365555
308.146019 -135.399307
308.146029 -132.078857
308.146038 -129.239639
308.146048 -127.056320
308.146058 -125.397194
308.146067 -124.146973
308.146077 -123.226601
308.146087 -122.583351
308.146096 -122.181709
308.146106 -121.997810
308.146115 -121.985672
308.146125 -122.015457
308.146135 -122.222992
308.146144 -122.610870
308.146154 -123.169815
308.146163 -123.887657
308.146173 -124.746246
308.146183 -125.717407
308.146192 -126.758888
308.146202 -127.811234
308.146212 -128.799850
308.146221 -129.645706
308.146231 -130.288223
308.146240 -130.709900
308.146250 -130.948975
308.146260 -131.089066
308.146269 -131.237122
308.146279 -131.504562
308.146288 -132.001724
308.146298 -132.844635
308.146308 -134.175217
308.146317 -136.194656
308.146327 -139.174728
308.146337 -142.507675
308.146346 -138.627869
308.146356 -135.434753
308.146365 -133.194061
308.146375 -131.640808
308.146385 -130.588959
308.146394 -129.917297
308.146404 -129.538834
308.146413 -129.381073
308.146423 -129.373184
308.146433 -129.377441
308.146442 -129.464310
308.146452 -129.587509
308.146462 -129.711594
308.146471 -129.827377
308.146481 -129.949127
308.146490 -130.103302
308.146500 -130.313309
308.146510 -130.588394
308.146519 -130.917374
308.146529 -131.268188
308.146538 -131.592072
308.146548 -131.834534
308.146558 -131.923035
308.146567 -131.762115
308.146577 -131.507721
308.146587 -131.214798
308.146596 -130.942413
308.146606 -130.745773
308.146615 -130.671692
308.146625 -130.671677
308.146635 -130.758057
308.146644 -131.032883
308.146654 -131.515686
308.146663 -132.216019
308.146673 -133.129013
308.146683 -134.224319
308.146692 -135.422546
308.146702 -136.562744
308.146712 -137.395309
308.146721 -137.385132
308.146731 -136.662750
308.146740 -135.718292
308.146750 -134.678040
308.146760 -133.599838
308.146769 -132.539703
308.146779 -131.520462
308.146788 -130.564606
308.146798 -129.693756
308.146808 -128.928802
308.146817 -128.288452
308.146827 -127.789467
308.146837 -127.446686
308.146846 -127.274025
308.146856 -127.252090
308.146865 -127.284676
308.146875 -127.492126
308.146885 -127.909584
308.146894 -128.552475
308.146904 -129.445648
308.146913 -130.618576
308.146923 -132.114517
308.146933 -133.998459
308.146942 -136.360565
308.146952 -139.373108
308.146962 -143.293243
308.146971 -148.187943
308.146981 -149.407349
308.146990 -147.957184
308.147000 -147.809998
308.147010 -148.087372
308.147019 -150.137222
308.147029 -154.211609
308.147038 -147.208740
308.147048 -142.805908
308.147058 -139.937149
308.147067 -138.026138
308.147077 -136.810928
308.147087 -136.161804
308.147096 -136.005981
308.147106 -136.011459
308.147115 -136.329803
308.147125 -137.103180
308.147135 -138.311478
308.147144 -139.843353
308.147154 -141.267792
308.147163 -140.642624
308.147173 -138.966980
308.147183 -137.365341
308.147192 -136.075119
308.147202 -135.127808
308.147212 -134.507751
308.147221 -134.197754
308.147231 -134.157516
308.147240 -134.191589
308.147250 -134.496292
308.147260 -135.134140
308.147269 -136.147491
308.147279 -137.609253
308.147288 -139.638016
308.147298 -142.417068
308.147308 -146.032883
308.147317 -146.735153
308.147327 -143.531662
308.147337 -141.101395
308.147346 -139.357697
308.147356 -138.120758
308.147365 -137.282562
308.147375 -136.774551
308.147385 -136.558517
308.147394 -136.525513
308.147404 -136.618256
308.147413 -136.975235
308.147423 -137.535202
308.147433 -138.121429
308.147442 -138.115860
308.147452 -136.992264
308.147462 -135.528381
308.147471 -134.105011
308.147481 -132.910080
308.147490 -132.006897
308.147500 -131.405334
308.147510 -131.095383
308.147519 -131.024567
308.147529 -131.034454
308.147538 -131.249512
308.147548 -131.654480
308.147558 -132.178116
308.147567 -132.722534
308.147577 -133.179642
308.147587 -133.477356
308.147596 -133.621704
308.147606 -133.694656
308.147615 -133.804733
308.147625 -134.045944
308.147635 -134.480728
308.147644 -135.125305
308.147654 -136.015167
308.147663 -137.157394
308.147673 -138.560318
308.147683 -140.253571
308.147692 -142.283279
308.147702 -144.565079
308.147712 -146.581680
308.147721 -144.439667
308.147731 -142.004547
308.147740 -140.083054
308.147750 -138.767532
308.147760 -138.034271
308.147769 -137.864990
308.147779 -137.888992
308.147788 -138.369919
308.147798 -139.598953
308.147808 -141.815216
308.147817 -145.493469
308.147827 -144.196259
308.147837 -139.238937
308.147846 -135.626877
308.147856 -132.829391
308.147865 -130.579697
308.147875 -128.711960
308.147885 -127.137321
308.147894 -125.805664
308.147904 -124.686264
308.147913 -123.759056
308.147923 -123.009193
308.147933 -122.424789
308.147942 -121.995224
308.147952 -121.710869
308.147962 -121.560631
308.147971 -121.521347
308.147981 -121.521187
308.147990 -121.624725
308.148000 -121.840088
308.148010 -122.163452
308.148019 -122.593468
308.148029 -123.147049
308.148038 -123.847832
308.148048 -124.735680
308.148058 -125.874588
308.148067 -127.367348
308.148077 -129.391647
308.148087 -132.297165
308.148096 -136.908875
308.148106 -139.051682
308.148115 -133.356979
308.148125 -129.889496
308.148135 -127.536186
308.148144 -125.849823
308.148154 -124.621704
308.148163 -123.738487
308.148173 -123.131279
308.148183 -122.753571
308.148192 -122.569717
308.148202 -122.543343
308.148212 -122.556076
308.148221 -122.690369
308.148231 -122.952972
308.148240 -123.326836
308.148250 -123.797791
308.148260 -124.355316
308.148269 -124.993988
308.148279 -125.714256
308.148288 -126.522705
308.148298 -127.429909
308.148308 -128.444717
308.148317 -129.559494
308.148327 -130.722137
308.148337 -131.789078
308.148346 -132.504990
308.148356 -132.163757
308.148365 -131.382965
308.148375 -130.562805
308.148385 -129.867584
308.148394 -129.366440
308.148404 -129.076981
308.148413 -128.992294
308.148423 -128.992813
308.148433 -129.087860
308.148442 -129.347427
308.148452 -129.748291
308.148462 -130.264648
308.148471 -130.872589
308.148481 -131.550400
308.148490 -132.274841
308.148500 -133.004471
308.148510 -133.710861
308.148519 -134.335815
308.148529 -134.810379
308.148538 -135.083008
308.148548 -135.058578
308.148558 -134.883698
308.148567 -134.675659
308.148577 -134.476166
308.148587 -134.313431
308.148596 -134.187119
308.148606 -134.109192
308.148615 -134.080124
308.148625 -134.083572
308.148635 -134.200882
308.148644 -134.483780
308.148654 -134.985626
308.148663 -135.811432
308.148673 -137.077637
308.148683 -138.966385
308.148692 -141.864227
308.148702 -146.510178
308.148712 -145.279266
308.148721 -140.538864
308.148731 -137.367950
308.148740 -135.062973
308.148750 -133.275711
308.148760 -131.820053
308.148769 -130.586884
308.148779 -129.509003
308.148788 -128.546295
308.148798 -127.676277
308.148808 -126.888527
308.148817 -126.179520
308.148827 -125.549553
308.148837 -124.999924
308.148846 -124.532005
308.148856 -124.146469
308.148865 -123.843704
308.148875 -123.620155
308.148885 -123.482033
308.148894 -123.432083
308.148904 -123.429245
308.148913 -123.479408
308.148923 -123.629616
308.148933 -123.895569
308.148942 -124.291908
308.148952 -124.833511
308.148962 -125.537743
308.148971 -126.425667
308.148981 -127.514267
308.148990 -128.815460
308.149000 -130.329193
308.149010 -132.030655
308.149019 -133.848892
308.149029 -135.638748
308.149038 -137.165054
308.149048 -138.136978
308.149058 -137.611649
308.149067 -136.338913
308.149077 -134.788727
308.149087 -133.225677
308.149096 -131.801483
308.149106 -130.581528
308.149115 -129.580200
308.149125 -128.794617
308.149135 -128.210022
308.149144 -127.805931
308.149154 -127.561287
308.149163 -127.456078
308.149173 -127.450851
308.149183 -127.472313
308.149192 -127.594208
308.149202 -127.803467
308.149212 -128.092636
308.149221 -128.453476
308.149231 -128.878189
308.149240 -129.358124
308.149250 -129.881760
308.149260 -130.432251
308.149269 -130.979446
308.149279 -131.487518
308.149288 -131.919968
308.149298 -132.235352
308.149308 -132.403580
308.149317 -132.361404
308.149327 -132.134109
308.149337 -131.827271
308.149346 -131.470291
308.149356 -131.077728
308.149365 -130.649719
308.149375 -130.177612
308.149385 -129.649216
308.149394 -129.060013
308.149404 -128.419403
308.149413 -127.751823
308.149423 -127.091370
308.149433 -126.474815
308.149442 -125.935730
308.149452 -125.501724
308.149462 -125.193817
308.149471 -125.027573
308.149481 -124.994797
308.149490 -125.013428
308.149500 -125.162529
308.149510 -125.473732
308.149519 -125.954231
308.149529 -126.613792
308.149538 -127.458572
308.149548 -128.495667
308.149558 -129.733337
308.149567 -131.177933
308.149577 -132.824829
308.149587 -134.628281
308.149596 -136.426331
308.149606 -137.823425
308.149615 -137.713806
308.149625 -136.581665
308.149635 -135.343430
308.149644 -134.209351
308.149654 -133.248398
308.149663 -132.478073
308.149673 -131.903488
308.149683 -131.529465
308.149692 -131.366867
308.149702 -131.362137
308.149712 -131.436142
308.149721 -131.773010
308.149731 -132.438782
308.149740 -133.540482
308.149750 -135.267914
308.149760 -137.959320
308.149769 -141.855270
308.149779 -137.826904
308.149788 -133.686005
308.149798 -130.708893
308.149808 -128.521545
308.149817 -126.903648
308.149827 -125.734131
308.149837 -124.944298
308.149846 -124.484528
308.149856 -124.337387
308.149865 -124.331726
308.149875 -124.501816
308.149885 -124.960777
308.149894 -125.711555
308.149904 -126.737907
308.149913 -127.991516
308.149923 -129.350967
308.149933 -130.561874
308.149942 -131.318756
308.149952 -131.521301
308.149962 -131.364609
308.149971 -131.319550
308.149981 -131.339966
308.149990 -131.472961
308.150000 -131.777176
308.150010 -132.161163
308.150019 -132.488052
308.150029 -132.582779
308.150038 -132.391129
308.150048 -132.174652
308.150058 -132.019653
308.150067 -131.964996
308.150077 -131.964920
308.150087 -132.005737
308.150096 -132.107315
308.150106 -132.222733
308.150115 -132.313538
308.150125 -132.366364
308.150135 -132.399811
308.150144 -132.456604
308.150154 -132.589981
308.150163 -132.852524
308.150173 -133.292557
308.150183 -133.955307
308.150192 -134.884048
308.150202 -136.110992
308.150212 -137.606628
308.150221 -139.088226
308.150231 -138.599228
308.150240 -136.447037
308.150250 -134.180298
308.150260 -132.149734
308.150269 -130.405533
308.150279 -128.922180
308.150288 -127.665100
308.150298 -126.605141
308.150308 -125.720306
308.150317 -124.994400
308.150327 -124.415825
308.150337 -123.976326
308.150346 -123.670715
308.150356 -123.496284
308.150365 -123.451202
308.150375 -123.453140
308.150385 -123.544685
308.150394 -123.777702
308.150404 -124.164093
308.150413 -124.721588
308.150423 -125.476624
308.150433 -126.470528
308.150442 -127.764778
308.150452 -129.455032
308.150462 -131.692093
308.150471 -134.684555
308.150481 -138.289017
308.150490 -136.276062
308.150500 -133.078674
308.150510 -130.703934
308.150519 -128.972656
308.150529 -127.709618
308.150538 -126.801819
308.150548 -126.174538
308.150558 -125.780167
308.150567 -125.588158
308.150577 -125.562157
308.150587 -125.575287
308.150596 -125.725914
308.150606 -126.030273
308.150615 -126.484428
308.150625 -127.090172
308.150635 -127.854889
308.150644 -128.792862
308.150654 -129.925903
308.150663 -131.286072
308.150673 -132.919067
308.150683 -134.891388
308.150692 -137.299850
308.150702 -140.285812
308.150712 -144.006104
308.150721 -148.194778
308.150731 -149.141541
308.150740 -147.959991
308.150750 -147.801895
308.150760 -147.923203
308.150769 -149.281876
308.150779 -152.361877
308.150788 -151.402542
308.150798 -146.322968
308.150808 -142.918579
308.150817 -140.616562
308.150827 -139.087555
308.150837 -138.167984
308.150846 -137.775223
308.150856 -137.741058
308.150865 -137.867065
308.150875 -138.422104
308.150885 -139.367493
308.150894 -140.425278
308.150904 -140.641159
308.150913 -139.190811
308.150923 -137.526672
308.150933 -136.081757
308.150942 -134.978088
308.150952 -134.224335
308.150962 -133.802734
308.150971 -133.686523
308.150981 -133.681595
308.150990 -133.908615
308.151000 -134.447006
308.151010 -135.352646
308.151019 -136.686295
308.151029 -138.554794
308.151038 -141.108475
308.151048 -144.114807
308.151058 -142.447983
308.151067 -139.376160
308.151077 -136.993088
308.151087 -135.236496
308.151096 -133.966385
308.151106 -133.084259
308.151115 -132.529266
308.151125 -132.260422
308.151135 -132.225739
308.151144 -132.264786
308.151154 -132.540573
308.151163 -133.097504
308.151173 -133.953979
308.151183 -135.118286
308.151192 -136.529907
308.151202 -137.841080
308.151212 -137.691238
308.151221 -136.101349
308.151231 -134.457062
308.151240 -133.093765
308.151250 -132.087204
308.151260 -131.429611
308.151269 -131.067123
308.151279 -130.977402
308.151288 -130.979156
308.151298 -131.104126
308.151308 -131.354034
308.151317 -131.611267
308.151327 -131.692459
308.151337 -131.446869
308.151346 -131.100067
308.151356 -130.757217
308.151365 -130.498810
308.151375 -130.357895
308.151385 -130.330643
308.151394 -130.347137
308.151404 -130.505005
308.151413 -130.812256
308.151423 -131.260300
308.151433 -131.840164
308.151442 -132.537872
308.151452 -133.322784
308.151462 -134.119904
308.151471 -134.774368
308.151481 -134.903000
308.151490 -134.080215
308.151500 -132.900833
308.151510 -131.611252
308.151519 -130.361740
308.151529 -129.220306
308.151538 -128.210892
308.151548 -127.338379
308.151558 -126.602081
308.151567 -126.001144
308.151577 -125.537338
308.151587 -125.215233
308.151596 -125.042961
308.151606 -125.013847
308.151615 -125.031723
308.151625 -125.196198
308.151635 -125.553230
308.151644 -126.122971
308.151654 -126.936745
308.151663 -128.032211
308.151673 -129.461548
308.151683 -131.302383
308.151692 -133.681870
308.151702 -136.838837
308.151712 -141.324432
308.151721 -148.891586
308.151731 -145.623093
308.151740 -141.456390
308.151750 -138.779221
308.151760 -136.722351
308.151769 -135.005020
308.151779 -133.552429
308.151788 -132.361847
308.151798 -131.446503
308.151808 -130.817871
308.151817 -130.482559
308.151827 -130.433960
308.151837 -130.444427
308.151846 -130.703949
308.151856 -131.256485
308.151865 -132.082962
308.151875 -133.130447
308.151885 -134.273621
308.151894 -135.280960
308.151904 -135.873642
308.151913 -135.655472
308.151923 -135.285538
308.151933 -135.016617
308.151942 -134.925323
308.151952 -134.925415
308.151962 -135.018463
308.151971 -135.259232
308.151981 -135.576309
308.151990 -135.886307
308.152000 -136.104675
308.152010 -136.060120
308.152019 -135.786270
308.152029 -135.425964
308.152038 -135.068298
308.152048 -134.798782
308.152058 -134.692017
308.152067 -134.690826
308.152077 -134.809769
308.152087 -135.205002
308.152096 -135.935638
308.152106 -137.048126
308.152115 -138.536865
308.152125 -140.146988
308.152135 -139.868195
308.152144 -137.651749
308.152154 -135.381714
308.152163 -133.420624
308.152173 -131.792191
308.152183 -130.461807
308.152192 -129.404160
308.152202 -128.588333
308.152212 -127.993065
308.152221 -127.603539
308.152231 -127.407318
308.152240 -127.366570
308.152250 -127.381508
308.152260 -127.543663
308.152269 -127.841347
308.152279 -128.257401
308.152288 -128.753311
308.152298 -129.276993
308.152308 -129.759415
308.152317 -130.119415
308.152327 -130.309464
308.152337 -130.214508
308.152346 -129.974274
308.152356 -129.718597
308.152365 -129.521347
308.152375 -129.437592
308.152385 -129.411118
308.152394 -129.492981
308.152404 -129.723694
308.152413 -130.073364
308.152423 -130.475082
308.152433 -130.829330
308.152442 -131.033173
308.152452 -130.930359
308.152462 -130.671112
308.152471 -130.419739
308.152481 -130.262451
308.152490 -130.228653
308.152500 -130.251892
308.152510 -130.427322
308.152519 -130.822083
308.152529 -131.484955
308.152538 -132.489441
308.152548 -133.948151
308.152558 -136.015793
308.152567 -138.749771
308.152577 -139.466461
308.152587 -136.176926
308.152596 -133.405228
308.152606 -131.346436
308.152615 -129.858612
308.152625 -128.820953
308.152635 -128.149994
308.152644 -127.788162
308.152654 -127.687057
308.152663 -127.683357
308.152673 -127.830086
308.152683 -128.171768
308.152692 -128.693314
308.152702 -129.373535
308.152712 -130.196289
308.152721 -131.151733
308.152731 -132.239441
308.152740 -133.465515
308.152750 -134.828201
308.152760 -136.259918
308.152769 -137.441711
308.152779 -137.023453
308.152788 -135.317200
308.152798 -133.441879
308.152808 -131.736496
308.152817 -130.298737
308.152827 -129.137344
308.152837 -128.235046
308.152846 -127.561951
308.152856 -127.102287
308.152865 -126.832611
308.152875 -126.727676
308.152885 -126.724716
308.152894 -126.760300
308.152904 -126.900047
308.152913 -127.112587
308.152923 -127.359703
308.152933 -127.597366
308.152942 -127.779884
308.152952 -127.859261
308.152962 -127.720787
308.152971 -127.470764
308.152981 -127.137878
308.152990 -126.761108
308.153000 -126.381950
308.153010 -126.037094
308.153019 -125.755287
308.153029 -125.555687
308.153038 -125.445007
308.153048 -125.420364
308.153058 -125.421761
308.153067 -125.482979
308.153077 -125.612144
308.153087 -125.784714
308.153096 -125.970146
308.153106 -126.136566
308.153115 -126.258133
308.153125 -126.322548
308.153135 -126.320854
308.153144 -126.309906
308.153154 -126.310066
308.153163 -126.339592
308.153173 -126.443565
308.153183 -126.652519
308.153192 -126.994827
308.153202 -127.498802
308.153212 -128.197647
308.153221 -129.135529
308.153231 -130.379196
308.153240 -132.038788
308.153250 -134.298798
308.153260 -137.584671
308.153269 -142.907959
308.153279 -141.741638
308.153288 -136.890076
308.153298 -133.865982
308.153308 -131.819305
308.153317 -130.403778
308.153327 -129.458237
308.153337 -128.900757
308.153346 -128.685913
308.153356 -128.665710
308.153365 -128.796432
308.153375 -129.227051
308.153385 -129.942139
308.153394 -130.883041
308.153404 -131.837631
308.153413 -132.445526
308.153423 -131.740799
308.153433 -130.663528
308.153442 -129.642609
308.153452 -128.865723
308.153462 -128.404861
308.153471 -128.278915
308.153481 -128.283386
308.153490 -128.539276
308.153500 -129.180603
308.153510 -130.260300
308.153519 -131.876831
308.153529 -134.185852
308.153538 -137.432648
308.153548 -141.570557
308.153558 -139.889603
308.153567 -137.016556
308.153577 -135.148270
308.153587 -134.023880
308.153596 -133.435623
308.153606 -133.238678
308.153615 -133.235229
308.153625 -133.305145
308.153635 -133.482056
308.153644 -133.374451
308.153654 -132.798676
308.153663 -131.935181
308.153673 -130.971115
308.153683 -130.072784
308.153692 -129.344864
308.153702 -128.843796
308.153712 -128.599182
308.153721 -128.585663
308.153731 -128.629913
308.153740 -128.952545
308.153750 -129.587753
308.153760 -130.565613
308.153769 -131.928436
308.153779 -133.720306
308.153788 -135.907227
308.153798 -137.997925
308.153808 -136.722107
308.153817 -134.337051
308.153827 -132.182709
308.153837 -130.383255
308.153846 -128.891846
308.153856 -127.650902
308.153865 -126.618156
308.153875 -125.766014
308.153885 -125.077316
308.153894 -124.541458
308.153904 -124.151810
308.153913 -123.903618
308.153923 -123.792969
308.153933 -123.788460
308.153942 -123.816376
308.153952 -123.969757
308.153962 -124.248238
308.153971 -124.645737
308.153981 -125.153534
308.153990 -125.758270
308.154000 -126.438690
308.154010 -127.161797
308.154019 -127.879326
308.154029 -128.530533
308.154038 -129.054321
308.154048 -129.413040
308.154058 -129.611923
308.154067 -129.697556
308.154077 -129.733765
308.154087 -129.773941
308.154096 -129.805817
308.154106 -129.834915
308.154115 -129.730545
308.154125 -129.412613
308.154135 -128.879593
308.154144 -128.190979
308.154154 -127.439697
308.154163 -126.716148
308.154173 -126.086624
308.154183 -125.591537
308.154192 -125.251434
308.154202 -125.062065
308.154212 -125.026535
308.154221 -125.029808
308.154231 -125.149918
308.154240 -125.409157
308.154250 -125.791634
308.154260 -126.282036
308.154269 -126.869408
308.154279 -127.552879
308.154288 -128.344727
308.154298 -129.269958
308.154308 -130.355209
308.154317 -131.597794
308.154327 -132.884613
308.154337 -133.849670
308.154346 -132.908951
308.154356 -131.353165
308.154365 -129.753784
308.154375 -128.328964
308.154385 -127.128265
308.154394 -126.141022
308.154404 -125.339783
308.154413 -124.696037
308.154423 -124.176872
308.154433 -123.772057
308.154442 -123.466621
308.154452 -123.250893
308.154462 -123.120216
308.154471 -123.072281
308.154481 -123.067955
308.154490 -123.115395
308.154500 -123.248367
308.154510 -123.472694
308.154519 -123.793350
308.154529 -124.214073
308.154538 -124.732010
308.154548 -125.338760
308.154558 -126.019592
308.154567 -126.753716
308.154577 -127.517342
308.154587 -128.288467
308.154596 -129.055054
308.154606 -129.819809
308.154615 -130.602661
308.154625 -131.435211
308.154635 -132.354279
308.154644 -133.392197
308.154654 -134.568329
308.154663 -135.874725
308.154673 -137.249680
308.154683 -138.534943
308.154692 -139.457382
308.154702 -139.401733
308.154712 -138.643692
308.154721 -137.733826
308.154731 -136.822418
308.154740 -135.969635
308.154750 -135.190979
308.154760 -134.481781
308.154769 -133.828629
308.154779 -133.210541
308.154788 -132.601456
308.154798 -131.971954
308.154808 -131.298798
308.154817 -130.573380
308.154827 -129.809677
308.154837 -129.041565
308.154846 -128.315475
308.154856 -127.679413
308.154865 -127.177177
308.154875 -126.845192
308.154885 -126.713982
308.154894 -126.712883
308.154904 -126.809341
308.154913 -127.153343
308.154923 -127.764984
308.154933 -128.656281
308.154942 -129.819855
308.154952 -131.197632
308.154962 -132.619537
308.154971 -133.757614
308.154981 -134.210526
308.154990 -133.899170
308.155000 -133.673172
308.155010 -133.651276
308.155019 -133.693192
308.155029 -133.962570
308.155038 -134.487610
308.155048 -135.182068
308.155058 -135.925674
308.155067 -136.595566
308.155077 -137.099350
308.155087 -137.053177
308.155096 -136.143509
308.155106 -134.577484
308.155115 -132.643311
308.155125 -130.672943
308.155135 -128.866058
308.155144 -127.306313
308.155154 -126.017624
308.155163 -124.995338
308.155173 -124.237602
308.155183 -123.736488
308.155192 -123.484749
308.155202 -123.448524
308.155212 -123.478508
308.155221 -123.716644
308.155231 -124.199577
308.155240 -124.928452
308.155250 -125.912117
308.155260 -127.155960
308.155269 -128.660736
308.155279 -130.411819
308.155288 -132.357681
308.155298 -134.372421
308.155308 -136.229050
308.155317 -137.674149
308.155327 -138.643982
308.155337 -139.346008
308.155346 -140.064850
308.155356 -140.959229
308.155365 -142.164825
308.155375 -143.574341
308.155385 -144.606323
308.155394 -143.183533
308.155404 -141.173340
308.155413 -139.243561
308.155423 -137.567856
308.155433 -136.146805
308.155442 -134.940475
308.155452 -133.905823
308.155462 -133.007553
308.155471 -132.219055
308.155481 -131.522736
308.155490 -130.907501
308.155500 -130.367508
308.155510 -129.898972
308.155519 -129.499802
308.155529 -129.167847
308.155538 -128.901520
308.155548 -128.699387
308.155558 -128.558563
308.155567 -128.481369
308.155577 -128.456711
308.155587 -128.456268
308.155596 -128.525787
308.155606 -128.668472
308.155615 -128.886261
308.155625 -129.179810
308.155635 -129.544586
308.155644 -129.977646
308.155654 -130.475952
308.155663 -131.033524
308.155673 -131.645889
308.155683 -132.314133
308.155692 -133.046875
308.155702 -133.861008
308.155712 -134.764648
308.155721 -135.746185
308.155731 -136.770859
308.155740 -137.673935
308.155750 -137.904892
308.155760 -137.015884
308.155769 -135.818283
308.155779 -134.608734
308.155788 -133.534134
308.155798 -132.640930
308.155808 -131.929398
308.155817 -131.381775
308.155827 -130.975357
308.155837 -130.690155
308.155846 -130.512604
308.155856 -130.440231
308.155865 -130.438934
308.155875 -130.483368
308.155885 -130.665436
308.155894 -131.022141
308.155904 -131.585388
308.155913 -132.402252
308.155923 -133.508621
308.155933 -134.848389
308.155942 -136.031357
308.155952 -135.493729
308.155962 -133.768555
308.155971 -132.043182
308.155981 -130.615067
308.155990 -129.542053
308.156000 -128.812515
308.156010 -128.401169
308.156019 -128.273941
308.156029 -128.257751
308.156038 -128.432297
308.156048 -128.858261
308.156058 -129.506256
308.156067 -130.351624
308.156077 -131.328293
308.156087 -132.303009
308.156096 -133.116348
308.156106 -133.602798
308.156115 -133.629059
308.156125 -133.328888
308.156135 -133.041016
308.156144 -132.864151
308.156154 -132.799240
308.156163 -132.809952
308.156173 -132.993790
308.156183 -133.323318
308.156192 -133.710114
308.156202 -133.975922
308.156212 -133.434143
308.156221 -132.374817
308.156231 -131.089539
308.156240 -129.805099
308.156250 -128.655014
308.156260 -127.701012
308.156269 -126.969002
308.156279 -126.470627
308.156288 -126.215012
308.156298 -126.173950
308.156308 -126.214638
308.156317 -126.488686
308.156327 -127.066422
308.156337 -127.993301
308.156346 -129.338852
308.156356 -131.211472
308.156365 -133.772278
308.156375 -137.150604
308.156385 -139.790909
308.156394 -136.940826
308.156404 -134.665466
308.156413 -133.173813
308.156423 -132.272583
308.156433 -131.820419
308.156442 -131.720413
308.156452 -131.723862
308.156462 -131.907623
308.156471 -132.316849
308.156481 -132.913956
308.156490 -133.674667
308.156500 -134.568878
308.156510 -135.561005
308.156519 -136.604919
308.156529 -137.580582
308.156538 -138.277603
308.156548 -138.585602
308.156558 -138.354462
308.156567 -138.069168
308.156577 -137.886673
308.156587 -137.848343
308.156596 -137.875595
308.156606 -138.064270
308.156615 -138.408768
308.156625 -138.893982
308.156635 -139.455444
308.156644 -139.990677
308.156654 -140.380875
308.156663 -140.488678
308.156673 -140.322189
308.156683 -140.180374
308.156692 -140.170303
308.156702 -140.180923
308.156712 -140.404800
308.156721 -140.897079
308.156731 -141.664719
308.156740 -142.646164
308.156750 -143.641876
308.156760 -144.140610
308.156769 -143.361206
308.156779 -142.345627
308.156788 -141.433105
308.156798 -140.775772
308.156808 -140.415207
308.156817 -140.329987
308.156827 -140.332275
308.156837 -140.454636
308.156846 -140.632034
308.156856 -140.262375
308.156865 -139.497742
308.156875 -138.540955
308.156885 -137.629166
308.156894 -136.926498
308.156904 -136.524841
308.156913 -136.453781
308.156923 -136.478394
308.156933 -136.818665
308.156942 -137.598846
308.156952 -138.896317
308.156962 -140.810287
308.156971 -143.424896
308.156981 -146.336838
308.156990 -145.573868
308.157000 -143.361862
