160.909000 -125.200356
160.909096 -122.938210
160.909192 -122.646263
160.909288 -123.249100
160.909385 -130.379837
160.909481 -124.900414
160.909577 -124.327972
160.909673 -126.021194
160.909769 -131.223862
160.909865 -130.572861
160.909962 -127.689011
160.910058 -127.020424
160.910154 -128.435013
160.910250 -129.162766
160.910346 -129.152649
160.910442 -132.788498
160.910538 -133.288696
160.910635 -129.374100
160.910731 -127.385399
160.910827 -127.707420
160.910923 -133.487198
160.911019 -124.037552
160.911115 -122.069794
160.911212 -122.521011
160.911308 -121.232094
160.911404 -119.561203
160.911500 -119.969269
160.911596 -124.876015
160.911692 -127.460876
160.911788 -127.696625
160.911885 -127.507957
160.911981 -123.792633
160.912077 -121.558342
160.912173 -121.612236
160.912269 -126.121552
160.912365 -119.923874
160.912462 -119.320023
160.912558 -119.573837
160.912654 -123.407227
160.912750 -126.583580
160.912846 -126.397240
160.912942 -128.636108
160.913038 -125.069313
160.913135 -123.547989
160.913231 -123.622627
160.913327 -126.457069
160.913423 -130.155807
160.913519 -128.478607
160.913615 -124.898521
160.913712 -123.976547
160.913808 -124.314835
160.913904 -129.199570
160.914000 -134.031372
160.914096 -128.878693
160.914192 -125.622620
160.914288 -125.436584
160.914385 -126.212006
160.914481 -130.317276
160.914577 -126.424324
160.914673 -126.486618
160.914769 -131.339920
160.914865 -128.081558
160.914962 -127.054611
160.915058 -127.273735
160.915154 -133.328415
160.915250 -128.901260
160.915346 -124.581635
160.915442 -124.557999
160.915538 -128.797272
160.915635 -123.464897
160.915731 -122.388107
160.915827 -122.417465
160.915923 -123.854767
160.916019 -127.291435
160.916115 -133.356216
160.916212 -133.944351
160.916308 -131.460190
160.916404 -128.097122
160.916500 -123.444214
160.916596 -123.449875
160.916692 -123.986748
160.916788 -120.521477
160.916885 -120.516273
160.916981 -124.533913
160.917077 -134.611679
160.917173 -128.222900
160.917269 -123.206146
160.917365 -122.175545
160.917462 -123.850029
160.917558 -121.413597
160.917654 -120.625099
160.917750 -121.162926
160.917846 -125.408463
160.917942 -125.198479
160.918038 -125.459198
160.918135 -121.362198
160.918231 -120.867470
160.918327 -123.061073
160.918423 -117.791443
160.918519 -115.906647
160.918615 -115.925468
160.918712 -118.105347
160.918808 -124.086739
160.918904 -126.423042
160.919000 -126.448738
160.919096 -126.781052
160.919192 -120.621223
160.919288 -119.986862
160.919385 -121.674660
160.919481 -129.984207
160.919577 -125.530586
160.919673 -124.601616
160.919769 -126.981209
160.919865 -126.474213
160.919962 -126.864990
160.920058 -123.314041
160.920154 -122.455902
160.920250 -123.461739
160.920346 -127.157158
160.920442 -126.607857
160.920538 -124.054665
160.920635 -122.081627
160.920731 -122.118576
160.920827 -124.461906
160.920923 -130.951874
160.921019 -129.610992
160.921115 -132.702530
160.921212 -128.677612
160.921308 -127.891243
160.921404 -127.991844
160.921500 -129.842697
160.921596 -127.106468
160.921692 -125.531311
160.921788 -125.841530
160.921885 -129.989700
160.921981 -129.517349
160.922077 -127.328819
160.922173 -127.133362
160.922269 -129.010132
160.922365 -124.522644
160.922462 -124.487877
160.922558 -128.752289
160.922654 -130.253372
160.922750 -129.458801
160.922846 -129.880142
160.922942 -134.119232
160.923038 -124.938972
160.923135 -120.972862
160.923231 -121.018661
160.923327 -126.921822
160.923423 -137.793716
160.923519 -124.989807
160.923615 -123.386604
160.923712 -124.159622
160.923808 -135.060471
160.923904 -131.170654
160.924000 -130.800476
160.924096 -132.518524
160.924192 -134.437317
160.924288 -130.378723
160.924385 -130.816620
160.924481 -123.363541
160.924577 -121.240746
160.924673 -121.300438
160.924769 -123.765594
160.924865 -124.830185
160.924962 -124.075409
160.925058 -124.122559
160.925154 -126.477531
160.925250 -131.202744
160.925346 -124.600807
160.925442 -122.565742
160.925538 -122.795708
160.925635 -127.222931
160.925731 -130.106552
160.925827 -130.003204
160.925923 -124.713333
160.926019 -124.715836
160.926115 -126.120583
160.926212 -125.584106
160.926308 -124.349380
160.926404 -124.645386
160.926500 -128.458984
160.926596 -126.719772
160.926692 -122.475861
160.926788 -121.116524
160.926885 -121.806946
160.926981 -125.145363
160.927077 -125.165352
160.927173 -124.125610
160.927269 -123.377594
160.927365 -121.507652
160.927462 -120.744270
160.927558 -121.806679
160.927654 -131.221420
160.927750 -131.164581
160.927846 -136.229340
160.927942 -136.904327
160.928038 -128.975906
160.928135 -125.155510
160.928231 -124.619354
160.928327 -124.717812
160.928423 -124.876053
160.928519 -126.424370
160.928615 -126.782715
160.928712 -129.444794
160.928808 -129.408813
160.928904 -128.915314
160.929000 -133.465881
160.929096 -131.632904
160.929192 -129.320343
160.929288 -130.059006
160.929385 -129.659363
160.929481 -126.610519
160.929577 -124.358917
160.929673 -124.399155
160.929769 -128.005280
160.929865 -126.705635
160.929962 -123.805878
160.930058 -123.298607
160.930154 -123.449684
160.930250 -124.809601
160.930346 -126.731285
160.930442 -129.196747
160.930538 -129.479828
160.930635 -129.168289
160.930731 -132.425140
160.930827 -132.381805
160.930923 -125.126564
160.931019 -124.855766
160.931115 -125.263550
160.931212 -128.494568
160.931308 -131.732422
160.931404 -133.865570
160.931500 -128.862335
160.931596 -128.929977
160.931692 -129.964386
160.931788 -133.458099
160.931885 -131.006332
160.931981 -128.814499
160.932077 -127.579651
160.932173 -126.091736
160.932269 -126.225792
160.932365 -124.337402
160.932462 -123.664253
160.932558 -125.397629
160.932654 -122.621391
160.932750 -120.000343
160.932846 -119.723297
160.932942 -120.792641
160.933038 -125.068604
160.933135 -128.343872
160.933231 -129.732773
160.933327 -121.845528
160.933423 -121.599388
160.933519 -124.503563
160.933615 -125.554512
160.933712 -125.510208
160.933808 -127.718216
160.933904 -131.133560
160.934000 -125.975868
160.934096 -123.773956
160.934192 -123.065430
160.934288 -122.994621
160.934385 -121.077248
160.934481 -119.971123
160.934577 -120.107628
160.934673 -121.306244
160.934769 -122.646942
160.934865 -122.953941
160.934962 -125.133698
160.935058 -125.112663
160.935154 -127.041939
160.935250 -126.412842
160.935346 -129.401993
160.935442 -126.216629
160.935538 -125.815826
160.935635 -125.639397
160.935731 -126.182175
160.935827 -129.357986
160.935923 -130.986526
160.936019 -133.058029
160.936115 -132.655975
160.936212 -127.186104
160.936308 -126.202492
160.936404 -126.579483
160.936500 -128.998260
160.936596 -126.971962
160.936692 -126.409775
160.936788 -127.641785
160.936885 -128.745270
160.936981 -128.307266
160.937077 -129.191345
160.937173 -127.435371
160.937269 -125.567009
160.937365 -125.753258
160.937462 -128.014404
160.937558 -125.050545
160.937654 -120.142494
160.937750 -120.107338
160.937846 -123.345970
160.937942 -135.091736
160.938038 -130.680832
160.938135 -125.774025
160.938231 -124.399124
160.938327 -125.383911
160.938423 -132.948288
160.938519 -129.027725
160.938615 -127.789673
160.938712 -128.903595
160.938808 -131.552887
160.938904 -129.861694
160.939000 -131.182144
160.939096 -130.119370
160.939192 -129.756836
160.939288 -125.246857
160.939385 -124.248474
160.939481 -125.348251
160.939577 -132.422607
160.939673 -129.217056
160.939769 -121.686996
160.939865 -119.965324
160.939962 -119.970421
160.940058 -122.545959
160.940154 -132.173553
160.940250 -128.888351
160.940346 -128.201721
160.940442 -128.381729
160.940538 -129.710098
160.940635 -130.220016
160.940731 -124.979027
160.940827 -123.410500
160.940923 -123.528038
160.941019 -122.071526
160.941115 -121.850952
160.941212 -123.695366
160.941308 -131.795670
160.941404 -127.769814
160.941500 -126.663467
160.941596 -126.680878
160.941692 -128.734161
160.941788 -134.080490
160.941885 -128.536850
160.941981 -124.486366
160.942077 -123.947388
160.942173 -125.353065
160.942269 -138.040146
160.942365 -133.969162
160.942462 -129.781799
160.942558 -128.829651
160.942654 -122.786598
160.942750 -122.614853
160.942846 -124.523705
160.942942 -131.222473
160.943038 -129.162689
160.943135 -128.075272
160.943231 -129.763504
160.943327 -133.753922
160.943423 -126.098892
160.943519 -125.676659
160.943615 -126.798347
160.943712 -122.893967
160.943808 -121.591286
160.943904 -122.348969
160.944000 -128.503601
160.944096 -127.550949
160.944192 -129.341736
160.944288 -129.464386
160.944385 -128.049484
160.944481 -128.146042
160.944577 -131.565323
160.944673 -128.592484
160.944769 -124.058990
160.944865 -123.856163
160.944962 -125.302704
160.945058 -129.694839
160.945154 -123.512817
160.945250 -122.458267
160.945346 -122.610107
160.945442 -125.597023
160.945538 -127.661964
160.945635 -129.506973
160.945731 -127.077156
160.945827 -127.102692
160.945923 -133.712784
160.946019 -128.106400
160.946115 -128.226166
160.946212 -136.083389
160.946308 -127.836281
160.946404 -125.090782
160.946500 -125.116997
160.946596 -127.065674
160.946692 -129.183411
160.946788 -124.232986
160.946885 -123.750084
160.946981 -125.413948
160.947077 -131.826752
160.947173 -134.082214
160.947269 -131.117599
160.947365 -122.507545
160.947462 -120.836655
160.947558 -121.201950
160.947654 -127.956757
160.947750 -139.819626
160.947846 -129.381287
160.947942 -123.821640
160.948038 -123.571800
160.948135 -123.401596
160.948231 -123.653419
160.948327 -124.808319
160.948423 -127.666229
160.948519 -124.539162
160.948615 -124.543076
160.948712 -127.597847
160.948808 -123.669350
160.948904 -123.050789
160.949000 -126.345551
160.949096 -121.971039
160.949192 -122.052643
160.949288 -126.549339
160.949385 -127.416145
160.949481 -129.510437
160.949577 -136.429382
160.949673 -125.134094
160.949769 -123.132362
160.949865 -123.171867
160.949962 -124.855835
160.950058 -125.467484
160.950154 -126.268478
160.950250 -125.245369
160.950346 -125.484970
160.950442 -128.523743
160.950538 -128.090088
160.950635 -125.176125
160.950731 -123.330704
160.950827 -123.556297
160.950923 -127.067703
160.951019 -126.574844
160.951115 -126.387016
160.951212 -122.083046
160.951308 -121.881493
160.951404 -123.049461
160.951500 -126.727600
160.951596 -129.467834
160.951692 -128.400757
160.951788 -131.966324
160.951885 -125.691513
160.951981 -120.869087
160.952077 -120.438393
160.952173 -121.572357
160.952269 -127.509010
160.952365 -127.775040
160.952462 -134.458878
160.952558 -136.813721
160.952654 -133.899994
160.952750 -127.416222
160.952846 -124.797913
160.952942 -124.452995
160.953038 -125.192947
160.953135 -132.476089
160.953231 -130.375046
160.953327 -129.968979
160.953423 -131.267960
160.953519 -126.138947
160.953615 -124.969719
160.953712 -125.080147
160.953808 -127.031509
160.953904 -130.962173
160.954000 -129.328079
160.954096 -125.823128
160.954192 -126.138367
160.954288 -132.305634
160.954385 -135.448792
160.954481 -136.229568
160.954577 -125.119522
160.954673 -123.207260
160.954769 -123.738770
160.954865 -128.668625
160.954962 -123.093315
160.955058 -119.958244
160.955154 -119.910744
160.955250 -123.776627
160.955346 -124.363022
160.955442 -122.310959
160.955538 -121.115021
160.955635 -121.168518
160.955731 -121.908592
160.955827 -120.114166
160.955923 -120.145348
160.956019 -125.509865
160.956115 -127.046669
160.956212 -127.471138
160.956308 -129.614212
160.956404 -129.546875
160.956500 -128.707352
160.956596 -131.011169
160.956692 -130.803970
160.956788 -130.322739
160.956885 -123.999390
160.956981 -121.105995
160.957077 -120.929131
160.957173 -122.231125
160.957269 -128.052887
160.957365 -128.189590
160.957462 -132.167084
160.957558 -126.370338
160.957654 -121.633881
160.957750 -120.784348
160.957846 -121.486740
160.957942 -130.249664
160.958038 -133.883865
160.958135 -123.490646
160.958231 -121.997818
160.958327 -122.394310
160.958423 -126.317238
160.958519 -128.502274
160.958615 -128.525757
160.958712 -131.093002
160.958808 -131.265656
160.958904 -131.905807
160.959000 -125.628090
160.959096 -124.969322
160.959192 -120.950302
160.959288 -119.016159
160.959385 -119.244400
160.959481 -125.431503
160.959577 -125.651520
160.959673 -125.857414
160.959769 -126.003326
160.959865 -126.166672
160.959962 -123.702385
160.960058 -121.576996
160.960154 -121.687386
160.960250 -125.404366
160.960346 -127.922569
160.960442 -125.372490
160.960538 -125.408119
160.960635 -127.219345
160.960731 -124.598495
160.960827 -124.477600
160.960923 -125.937195
160.961019 -130.870071
160.961115 -129.653229
160.961212 -129.552887
160.961308 -134.974243
160.961404 -128.599121
160.961500 -122.332321
160.961596 -121.385300
160.961692 -121.824486
160.961788 -126.466507
160.961885 -130.531906
160.961981 -127.471581
160.962077 -129.260239
160.962173 -126.934296
160.962269 -126.169899
160.962365 -126.753311
160.962462 -127.551224
160.962558 -126.463783
160.962654 -129.811569
160.962750 -125.750298
160.962846 -125.368118
160.962942 -128.025208
160.963038 -126.247589
160.963135 -125.567986
160.963231 -127.114662
160.963327 -127.180092
160.963423 -127.799820
160.963519 -136.305237
160.963615 -133.808090
160.963712 -126.558708
160.963808 -125.708115
160.963904 -125.894760
160.964000 -126.401154
160.964096 -129.473175
160.964192 -128.545853
160.964288 -124.707954
160.964385 -124.194496
160.964481 -125.575333
160.964577 -128.339050
160.964673 -124.663315
160.964769 -124.678818
160.964865 -126.573318
160.964962 -122.318398
160.965058 -121.998680
160.965154 -122.317619
160.965250 -124.047386
160.965346 -125.868721
160.965442 -127.021210
160.965538 -121.609520
160.965635 -121.093788
160.965731 -121.594429
160.965827 -124.067390
160.965923 -124.341011
160.966019 -124.890678
160.966115 -127.994942
160.966212 -126.884163
160.966308 -127.126228
160.966404 -131.048996
160.966500 -133.181335
160.966596 -135.201843
160.966692 -133.837006
160.966788 -133.758606
160.966885 -130.065063
160.966981 -125.476341
160.967077 -125.403160
160.967173 -128.113785
160.967269 -130.688431
160.967365 -126.367424
160.967462 -123.760887
160.967558 -123.336243
160.967654 -124.625153
160.967750 -128.763153
160.967846 -128.388031
160.967942 -131.164276
160.968038 -133.365707
160.968135 -133.923111
160.968231 -139.393250
160.968327 -127.754089
160.968423 -122.969528
160.968519 -122.823059
160.968615 -124.602982
160.968712 -131.686874
160.968808 -128.684830
160.968904 -128.266205
160.969000 -130.336014
160.969096 -129.776642
160.969192 -123.946945
160.969288 -122.861244
160.969385 -123.560379
160.969481 -130.076157
160.969577 -127.979309
160.969673 -127.004547
160.969769 -126.855919
160.969865 -129.472687
160.969962 -129.364594
160.970058 -130.579620
160.970154 -126.627296
160.970250 -127.120346
160.970346 -133.754166
160.970442 -130.578949
160.970538 -123.554054
160.970635 -123.494873
160.970731 -127.016136
160.970827 -137.074463
160.970923 -134.775894
160.971019 -127.581566
160.971115 -126.474205
160.971212 -126.691452
160.971308 -128.207199
160.971404 -123.371391
160.971500 -120.838715
160.971596 -120.780006
160.971692 -121.730225
160.971788 -124.448074
160.971885 -124.660141
160.971981 -124.967659
160.972077 -129.205200
160.972173 -126.459824
160.972269 -126.827156
160.972365 -124.385704
160.972462 -123.960983
160.972558 -126.612572
160.972654 -125.915794
160.972750 -122.928230
160.972846 -122.218529
160.972942 -122.169144
160.973038 -124.239357
160.973135 -122.212967
160.973231 -120.617432
160.973327 -120.221573
160.973423 -121.768677
160.973519 -134.514786
160.973615 -134.639130
160.973712 -133.194153
160.973808 -123.623878
160.973904 -122.095734
160.974000 -122.356087
160.974096 -128.652054
160.974192 -132.224380
160.974288 -131.430374
160.974385 -130.370239
160.974481 -129.479324
160.974577 -126.577019
160.974673 -121.591026
160.974769 -119.992516
160.974865 -120.312210
160.974962 -125.183578
160.975058 -132.442596
160.975154 -126.932541
160.975250 -126.203018
160.975346 -126.206528
160.975442 -127.807213
160.975538 -127.378334
160.975635 -127.437523
160.975731 -130.951813
160.975827 -132.641647
160.975923 -133.093445
160.976019 -123.558968
160.976115 -123.221451
160.976212 -126.094589
160.976308 -133.549179
160.976404 -129.832977
160.976500 -126.340393
160.976596 -123.772636
160.976692 -123.836937
160.976788 -129.511749
160.976885 -122.797165
160.976981 -122.738075
160.977077 -125.682640
160.977173 -124.854164
160.977269 -125.616173
160.977365 -126.402924
160.977462 -124.630432
160.977558 -124.492294
160.977654 -124.712173
160.977750 -123.627701
160.977846 -121.193298
160.977942 -121.492996
160.978038 -126.178513
160.978135 -130.090256
160.978231 -125.177864
160.978327 -122.762711
160.978423 -122.703339
160.978519 -124.532738
160.978615 -128.250595
160.978712 -124.408424
160.978808 -124.442223
160.978904 -128.717499
160.979000 -124.341141
160.979096 -123.880470
160.979192 -124.639229
160.979288 -122.311928
160.979385 -123.636658
160.979481 -130.546310
160.979577 -129.870972
160.979673 -130.536987
160.979769 -129.804749
160.979865 -129.734375
160.979962 -135.454132
160.980058 -134.145554
160.980154 -125.467438
160.980250 -123.786934
160.980346 -124.058235
160.980442 -124.794426
160.980538 -124.739563
160.980635 -127.051704
160.980731 -123.155273
160.980827 -117.980949
160.980923 -117.839996
160.981019 -120.395004
160.981115 -125.243286
160.981212 -126.256302
160.981308 -121.447014
160.981404 -121.184715
160.981500 -122.143921
160.981596 -125.809677
160.981692 -123.944069
160.981788 -124.011559
160.981885 -125.824837
160.981981 -122.835770
160.982077 -121.166580
160.982173 -121.745323
160.982269 -124.077293
160.982365 -124.026138
160.982462 -126.225533
160.982558 -123.867630
160.982654 -120.665894
160.982750 -120.500465
160.982846 -121.516579
160.982942 -124.393341
160.983038 -126.682228
160.983135 -128.310883
160.983231 -123.793076
160.983327 -123.662064
160.983423 -125.130669
160.983519 -126.579025
160.983615 -126.680305
160.983712 -135.441528
160.983808 -127.562592
160.983904 -124.290062
160.984000 -124.330727
160.984096 -128.911530
160.984192 -128.013916
160.984288 -126.864189
160.984385 -125.223099
160.984481 -123.385643
160.984577 -122.389465
160.984673 -120.783661
160.984769 -120.604927
160.984865 -121.287292
160.984962 -126.191307
160.985058 -132.964447
160.985154 -127.826530
160.985250 -123.595451
160.985346 -123.622772
160.985442 -130.461426
160.985538 -128.875931
160.985635 -128.349640
160.985731 -125.614616
160.985827 -126.512024
160.985923 -125.639122
160.986019 -125.977394
160.986115 -130.518280
160.986212 -130.453918
160.986308 -132.650864
160.986404 -130.504501
160.986500 -128.806381
160.986596 -125.872620
160.986692 -125.488335
160.986788 -127.257324
160.986885 -131.139999
160.986981 -131.351807
160.987077 -131.902725
160.987173 -126.045845
160.987269 -126.087723
160.987365 -119.555588
160.987462 -118.831459
160.987558 -120.337273
160.987654 -128.444748
160.987750 -126.494804
160.987846 -126.987640
160.987942 -126.205841
160.988038 -122.446381
160.988135 -122.358353
160.988231 -123.828400
160.988327 -131.006760
160.988423 -125.952248
160.988519 -125.822258
160.988615 -128.551727
160.988712 -128.452255
160.988808 -122.817314
160.988904 -122.627975
160.989000 -126.803589
160.989096 -124.072365
160.989192 -123.072014
160.989288 -123.131767
160.989385 -125.682137
160.989481 -137.006210
160.989577 -128.863678
160.989673 -128.839615
160.989769 -126.659042
160.989865 -124.636658
160.989962 -125.785080
160.990058 -136.598633
160.990154 -129.606659
160.990250 -126.572182
160.990346 -126.850891
160.990442 -130.168518
160.990538 -129.817856
160.990635 -125.836884
160.990731 -124.839783
160.990827 -125.290833
160.990923 -125.372154
160.991019 -123.955536
160.991115 -122.564384
160.991212 -122.601898
160.991308 -124.813271
160.991404 -128.094849
160.991500 -134.406662
160.991596 -134.034866
160.991692 -125.797691
160.991788 -124.489441
160.991885 -124.528954
160.991981 -126.307922
160.992077 -130.772125
160.992173 -125.848053
160.992269 -124.029984
160.992365 -124.039513
160.992462 -128.546310
160.992558 -129.945709
160.992654 -122.311760
160.992750 -120.552376
160.992846 -120.641685
160.992942 -123.064011
160.993038 -127.820297
160.993135 -127.934380
160.993231 -125.317131
160.993327 -125.784874
160.993423 -130.341415
160.993519 -127.944122
160.993615 -126.245430
160.993712 -122.819145
160.993808 -122.518440
160.993904 -124.660637
160.994000 -120.310417
160.994096 -120.090561
160.994192 -120.827293
160.994288 -119.683937
160.994385 -119.663338
160.994481 -123.759361
160.994577 -139.240158
160.994673 -129.134628
160.994769 -127.471756
160.994865 -125.677605
160.994962 -124.165329
160.995058 -121.940666
160.995154 -121.435722
160.995250 -122.680168
160.995346 -125.329765
160.995442 -121.821945
160.995538 -120.845901
160.995635 -121.260628
160.995731 -127.657051
160.995827 -130.746902
160.995923 -130.794083
160.996019 -131.377350
160.996115 -129.370071
160.996212 -125.997307
160.996308 -122.906395
160.996404 -123.040077
160.996500 -127.232361
160.996596 -127.382050
160.996692 -131.061493
160.996788 -127.700096
160.996885 -125.992386
160.996981 -122.015923
160.997077 -120.806091
160.997173 -121.313179
160.997269 -122.350601
160.997365 -122.793137
160.997462 -123.319382
160.997558 -119.369194
160.997654 -119.298958
160.997750 -120.770744
160.997846 -122.746849
160.997942 -121.431862
160.998038 -121.466537
160.998135 -124.494003
160.998231 -129.873260
160.998327 -136.407486
160.998423 -138.700485
160.998519 -132.421646
160.998615 -132.994431
160.998712 -131.033035
160.998808 -128.871246
160.998904 -125.081810
160.999000 -125.078049
160.999096 -126.669807
160.999192 -120.892593
160.999288 -120.420647
160.999385 -120.881142
160.999481 -124.113861
160.999577 -129.178787
160.999673 -137.446213
160.999769 -130.735641
160.999865 -125.861679
160.999962 -125.838089
161.000058 -126.990509
161.000154 -125.192772
161.000250 -120.291206
161.000346 -120.059410
161.000442 -120.977356
161.000538 -122.587524
161.000635 -124.138466
161.000731 -125.848953
161.000827 -130.758347
161.000923 -137.536926
161.001019 -129.747406
161.001115 -123.843727
161.001212 -123.842751
161.001308 -124.997276
161.001404 -125.045395
161.001500 -125.988960
161.001596 -124.632225
161.001692 -124.515457
161.001788 -127.613258
161.001885 -126.648819
161.001981 -126.644859
161.002077 -133.307190
161.002173 -128.716843
161.002269 -124.473114
161.002365 -123.901588
161.002462 -125.498756
161.002558 -127.445511
161.002654 -122.669739
161.002750 -122.562561
161.002846 -126.791664
161.002942 -129.940277
161.003038 -124.793068
161.003135 -122.692177
161.003231 -122.989815
161.003327 -129.013214
161.003423 -127.390350
161.003519 -126.087784
161.003615 -126.229317
161.003712 -127.483665
161.003808 -126.053558
161.003904 -126.053566
161.004000 -127.661346
161.004096 -129.764282
161.004192 -129.856476
161.004288 -129.878830
161.004385 -132.644516
161.004481 -126.490196
161.004577 -125.873962
161.004673 -125.192352
161.004769 -125.995819
161.004865 -131.840363
161.004962 -123.629608
161.005058 -122.365707
161.005154 -123.480713
161.005250 -128.737473
161.005346 -123.769249
161.005442 -123.724388
161.005538 -127.376396
161.005635 -128.890274
161.005731 -127.531769
161.005827 -127.531837
161.005923 -122.335732
161.006019 -121.086319
161.006115 -121.634743
161.006212 -124.138046
161.006308 -122.547508
161.006404 -122.745857
161.006500 -126.038300
161.006596 -130.294525
161.006692 -126.639526
161.006788 -125.695107
161.006885 -124.924706
161.006981 -125.420708
161.007077 -130.902786
161.007173 -130.616516
161.007269 -124.778595
161.007365 -122.949127
161.007462 -122.823586
161.007558 -123.847191
161.007654 -125.700600
161.007750 -122.687897
161.007846 -122.659737
161.007942 -126.020370
161.008038 -126.553986
161.008135 -127.094757
161.008231 -126.435318
161.008327 -123.771614
161.008423 -122.417854
161.008519 -122.178383
161.008615 -122.728844
161.008712 -125.299812
161.008808 -127.315659
161.008904 -130.791336
161.009000 -126.871407
161.009096 -125.926941
161.009192 -126.268379
161.009288 -128.749863
161.009385 -123.927246
161.009481 -122.928398
161.009577 -123.802948
161.009673 -127.657013
161.009769 -125.989380
161.009865 -125.996620
161.009962 -127.093689
161.010058 -129.406784
161.010154 -127.763420
161.010250 -121.606903
161.010346 -121.136742
161.010442 -121.370094
161.010538 -123.188629
161.010635 -132.540421
161.010731 -131.589478
161.010827 -126.870399
161.010923 -128.106812
161.011019 -127.789162
161.011115 -128.406067
161.011212 -143.588867
161.011308 -132.843781
161.011404 -131.681793
161.011500 -131.738358
161.011596 -130.553528
161.011692 -130.122070
161.011788 -130.529327
161.011885 -125.563576
161.011981 -121.617432
161.012077 -121.062935
161.012173 -121.227173
161.012269 -124.072540
161.012365 -130.411453
161.012462 -126.304535
161.012558 -126.398582
161.012654 -133.375732
161.012750 -129.997986
161.012846 -129.132874
161.012942 -128.516052
161.013038 -123.215973
161.013135 -122.662834
161.013231 -124.151649
161.013327 -127.756149
161.013423 -122.756180
161.013519 -122.749695
161.013615 -123.379257
161.013712 -121.962067
161.013808 -123.016693
161.013904 -124.635262
161.014000 -124.630089
161.014096 -126.567451
161.014192 -130.925385
161.014288 -131.213211
161.014385 -126.422264
161.014481 -126.502815
161.014577 -131.037079
161.014673 -123.613480
161.014769 -123.426476
161.014865 -126.333801
161.014962 -125.895943
161.015058 -124.518326
161.015154 -124.565216
161.015250 -127.422592
161.015346 -129.941742
161.015442 -131.207962
161.015538 -133.804214
161.015635 -126.133759
161.015731 -123.871361
161.015827 -123.854202
161.015923 -128.170441
161.016019 -131.259552
161.016115 -131.067917
161.016212 -125.348068
161.016308 -125.195908
161.016404 -125.718124
161.016500 -122.402481
161.016596 -121.983017
161.016692 -123.188507
161.016788 -127.919647
161.016885 -127.669128
161.016981 -128.457718
161.017077 -124.584923
161.017173 -124.582993
161.017269 -121.056000
161.017365 -119.434120
161.017462 -119.420631
161.017558 -120.484489
161.017654 -123.519379
161.017750 -123.231735
161.017846 -129.094101
161.017942 -126.269814
161.018038 -126.819374
161.018135 -128.260651
161.018231 -128.241516
161.018327 -127.250977
161.018423 -127.520996
161.018519 -129.823807
161.018615 -129.633194
161.018712 -133.832047
161.018808 -127.107849
161.018904 -122.978317
161.019000 -120.753052
161.019096 -120.838257
161.019192 -128.561310
161.019288 -129.090363
161.019385 -125.758263
161.019481 -122.899353
161.019577 -122.823471
161.019673 -123.481148
161.019769 -126.440155
161.019865 -131.746979
161.019962 -133.020782
161.020058 -132.220642
161.020154 -133.204254
161.020250 -135.537292
161.020346 -130.179428
161.020442 -126.825462
161.020538 -126.396202
161.020635 -126.584122
161.020731 -127.385017
161.020827 -130.135757
161.020923 -130.859619
161.021019 -132.101685
161.021115 -126.380974
161.021212 -126.237755
161.021308 -128.671844
161.021404 -126.363609
161.021500 -125.743591
161.021596 -125.846573
161.021692 -127.712334
161.021788 -127.517914
161.021885 -132.150848
161.021981 -126.122238
161.022077 -125.573669
161.022173 -127.333565
161.022269 -135.677643
161.022365 -133.462524
161.022462 -127.870529
161.022558 -125.529625
161.022654 -125.518196
161.022750 -126.044853
161.022846 -127.797020
161.022942 -133.701248
161.023038 -129.191254
161.023135 -126.946159
161.023231 -124.428398
161.023327 -124.475830
161.023423 -130.713486
161.023519 -129.871017
161.023615 -129.570526
161.023712 -132.300446
161.023808 -128.726822
161.023904 -127.785141
161.024000 -128.301544
161.024096 -129.956375
161.024192 -124.402412
161.024288 -123.288628
161.024385 -123.303658
161.024481 -126.327408
161.024577 -122.291069
161.024673 -121.169487
161.024769 -122.452980
161.024865 -124.019875
161.024962 -122.792099
161.025058 -123.940437
161.025154 -133.502991
161.025250 -133.892029
161.025346 -133.801056
161.025442 -129.956680
161.025538 -130.229309
161.025635 -126.302322
161.025731 -125.798798
161.025827 -124.439346
161.025923 -123.752487
161.026019 -123.760483
161.026115 -124.584740
161.026212 -125.819954
161.026308 -127.459717
161.026404 -131.925064
161.026500 -130.779999
161.026596 -127.852058
161.026692 -126.323479
161.026788 -127.216072
161.026885 -125.323090
161.026981 -124.628502
161.027077 -124.680717
161.027173 -126.174164
161.027269 -122.497528
161.027365 -122.438782
161.027462 -123.232239
161.027558 -126.656799
161.027654 -134.822464
161.027750 -130.438522
161.027846 -124.525803
161.027942 -124.348961
161.028038 -127.180367
161.028135 -130.180008
161.028231 -132.489059
161.028327 -133.892090
161.028423 -124.101646
161.028519 -120.559189
161.028615 -120.559418
161.028712 -123.695198
161.028808 -130.173935
161.028904 -127.368362
161.029000 -127.691788
161.029096 -132.915314
161.029192 -122.041290
161.029288 -119.138817
161.029385 -119.093590
161.029481 -120.255142
161.029577 -126.999237
161.029673 -128.745895
161.029769 -130.052887
161.029865 -130.968536
161.029962 -127.659172
161.030058 -127.452721
161.030154 -128.428802
161.030250 -127.474258
161.030346 -129.845291
161.030442 -137.626495
161.030538 -131.739075
161.030635 -126.372215
161.030731 -123.714767
161.030827 -122.527542
161.030923 -122.834877
161.031019 -129.675613
161.031115 -127.754799
161.031212 -124.075539
161.031308 -121.759377
161.031404 -121.045937
161.031500 -121.589478
161.031596 -125.563110
161.031692 -129.702347
161.031788 -126.929985
161.031885 -126.098503
161.031981 -127.039169
161.032077 -138.114609
161.032173 -146.820236
161.032269 -126.586494
161.032365 -124.660034
161.032462 -125.951607
161.032558 -126.432373
161.032654 -125.785385
161.032750 -128.158432
161.032846 -134.244186
161.032942 -134.227463
161.033038 -127.795418
161.033135 -126.232460
161.033231 -126.221733
161.033327 -125.424522
161.033423 -124.264732
161.033519 -125.174942
161.033615 -134.338272
161.033712 -127.395531
161.033808 -126.584885
161.033904 -129.003784
161.034000 -124.900276
161.034096 -121.372025
161.034192 -121.333626
161.034288 -124.075790
161.034385 -126.993996
161.034481 -126.800629
161.034577 -129.140549
161.034673 -135.563065
161.034769 -126.535866
161.034865 -125.482704
161.034962 -126.765663
161.035058 -130.017395
161.035154 -129.733292
161.035250 -124.375839
161.035346 -121.593925
161.035442 -121.671478
161.035538 -122.798546
161.035635 -120.539665
161.035731 -120.727226
161.035827 -123.033157
161.035923 -126.260620
161.036019 -127.477615
161.036115 -127.952446
161.036212 -125.747490
161.036308 -125.761398
161.036404 -130.996964
161.036500 -124.109077
161.036596 -123.276993
161.036692 -123.057526
161.036788 -121.667122
161.036885 -120.441017
161.036981 -120.520943
161.037077 -123.667809
161.037173 -122.668068
161.037269 -122.490097
161.037365 -124.301338
161.037462 -130.526733
161.037558 -133.884766
161.037654 -128.593063
161.037750 -126.904839
161.037846 -127.026146
161.037942 -124.351082
161.038038 -123.294273
161.038135 -124.444130
161.038231 -126.381744
161.038327 -126.419930
161.038423 -134.922058
161.038519 -131.701889
161.038615 -131.700958
161.038712 -133.749161
161.038808 -127.292519
161.038904 -125.300240
161.039000 -124.962044
161.039096 -121.477783
161.039192 -120.374466
161.039288 -120.655518
161.039385 -123.692520
161.039481 -127.213875
161.039577 -125.254692
161.039673 -125.379395
161.039769 -127.454697
161.039865 -126.023796
161.039962 -122.005592
161.040058 -120.047501
161.040154 -120.092628
161.040250 -121.299362
161.040346 -118.887383
161.040442 -118.887390
161.040538 -121.130676
161.040635 -123.759445
161.040731 -122.599937
161.040827 -122.604446
161.040923 -122.504738
161.041019 -121.446465
161.041115 -121.432022
161.041212 -122.215446
161.041308 -124.882629
161.041404 -128.611191
161.041500 -126.343834
161.041596 -125.036598
161.041692 -125.655151
161.041788 -126.553490
161.041885 -122.725174
161.041981 -120.585960
161.042077 -120.539490
161.042173 -124.926254
161.042269 -119.996552
161.042365 -120.223259
161.042462 -127.275696
161.042558 -126.555626
161.042654 -128.048340
161.042750 -126.363998
161.042846 -126.416939
161.042942 -128.619324
161.043038 -131.629562
161.043135 -137.321548
161.043231 -124.477501
161.043327 -122.784492
161.043423 -123.563324
161.043519 -129.872101
161.043615 -128.755341
161.043712 -125.510765
161.043808 -123.239853
161.043904 -120.967537
161.044000 -119.846832
161.044096 -119.858330
161.044192 -121.933830
161.044288 -127.127052
161.044385 -132.622818
161.044481 -128.792831
161.044577 -124.296570
161.044673 -122.149200
161.044769 -119.957344
161.044865 -119.305885
161.044962 -119.797546
161.045058 -125.514793
161.045154 -134.616898
161.045250 -127.553329
161.045346 -123.674919
161.045442 -123.606911
161.045538 -124.643631
161.045635 -124.913460
161.045731 -123.094101
161.045827 -123.044136
161.045923 -124.554871
161.046019 -131.542206
161.046115 -133.354065
161.046212 -125.333969
161.046308 -123.413597
161.046404 -123.441750
161.046500 -125.025040
161.046596 -126.673019
161.046692 -126.551903
161.046788 -126.521828
161.046885 -128.212387
161.046981 -121.750610
161.047077 -120.363098
161.047173 -119.315033
161.047269 -119.543854
161.047365 -125.357536
161.047462 -129.134171
161.047558 -132.399933
161.047654 -129.030853
161.047750 -129.033325
161.047846 -127.594490
161.047942 -127.626572
161.048038 -134.965698
161.048135 -135.818817
161.048231 -132.349457
161.048327 -131.511612
161.048423 -127.241936
161.048519 -124.359009
161.048615 -124.545113
161.048712 -131.335297
161.048808 -129.055893
161.048904 -126.586792
161.049000 -126.592278
161.049096 -129.195877
161.049192 -134.856339
161.049288 -124.641228
161.049385 -123.022568
161.049481 -123.072182
161.049577 -126.614670
161.049673 -131.082886
161.049769 -122.384621
161.049865 -122.084915
161.049962 -124.500282
161.050058 -135.345688
161.050154 -132.945175
161.050250 -134.285492
161.050346 -126.644005
161.050442 -125.850143
161.050538 -125.860542
161.050635 -128.780014
161.050731 -134.479019
161.050827 -130.999420
161.050923 -125.429756
161.051019 -125.202110
161.051115 -126.902977
161.051212 -129.486267
161.051308 -129.473953
161.051404 -132.285782
161.051500 -130.042465
161.051596 -130.034531
161.051692 -133.871307
161.051788 -130.571060
161.051885 -123.690353
161.051981 -123.351578
161.052077 -125.531395
161.052173 -122.050163
161.052269 -120.337967
161.052365 -120.439110
161.052462 -126.694244
161.052558 -128.190414
161.052654 -126.560432
161.052750 -126.821991
161.052846 -134.684097
161.052942 -131.814575
161.053038 -131.529572
161.053135 -130.130310
161.053231 -128.140091
161.053327 -128.954208
161.053423 -142.591782
161.053519 -131.896210
161.053615 -125.659058
161.053712 -123.197296
161.053808 -123.197655
161.053904 -126.422714
161.054000 -127.951698
161.054096 -126.916435
161.054192 -126.097992
161.054288 -128.482254
161.054385 -136.560379
161.054481 -125.864029
161.054577 -124.675018
161.054673 -126.977577
161.054769 -122.859436
161.054865 -122.879265
161.054962 -127.153938
161.055058 -131.540115
161.055154 -133.691498
161.055250 -127.174294
161.055346 -122.298180
161.055442 -120.936180
161.055538 -121.158920
161.055635 -124.950233
161.055731 -123.934731
161.055827 -123.968636
161.055923 -127.442146
161.056019 -128.686035
161.056115 -134.222610
161.056212 -132.833725
161.056308 -135.650452
161.056404 -139.494034
161.056500 -130.097351
161.056596 -120.223831
161.056692 -117.718781
161.056788 -117.761627
161.056885 -121.704445
161.056981 -121.704704
161.057077 -120.843216
161.057173 -122.517754
161.057269 -131.086334
161.057365 -128.777740
161.057462 -122.926186
161.057558 -120.362518
161.057654 -120.362915
161.057750 -123.321907
161.057846 -130.590530
161.057942 -129.945389
161.058038 -129.867630
161.058135 -131.909409
161.058231 -125.560631
161.058327 -125.319405
161.058423 -124.172325
161.058519 -124.209633
161.058615 -127.736763
161.058712 -127.932014
161.058808 -133.658737
161.058904 -125.702019
161.059000 -121.659416
161.059096 -121.392586
161.059192 -122.217560
161.059288 -125.773773
161.059385 -126.816299
161.059481 -124.489365
161.059577 -124.953758
161.059673 -131.588409
161.059769 -125.083961
161.059865 -123.623703
161.059962 -123.669304
161.060058 -122.851486
161.060154 -123.686150
161.060250 -124.754997
161.060346 -124.638245
161.060442 -126.199333
161.060538 -123.204536
161.060635 -123.014961
161.060731 -121.574753
161.060827 -121.612862
161.060923 -124.945755
161.061019 -124.052864
161.061115 -123.670334
161.061212 -124.611542
161.061308 -130.152237
161.061404 -138.111649
161.061500 -139.248047
161.061596 -132.365646
161.061692 -132.365662
161.061788 -131.483490
161.061885 -125.966721
161.061981 -125.616516
161.062077 -128.091064
161.062173 -126.721107
161.062269 -123.722923
161.062365 -124.043602
161.062462 -127.764748
161.062558 -128.126831
161.062654 -132.088959
161.062750 -131.285065
161.062846 -128.066437
161.062942 -127.785980
161.063038 -127.059807
161.063135 -123.592461
161.063231 -121.747429
161.063327 -121.747162
161.063423 -124.729843
161.063519 -130.435852
161.063615 -129.636261
161.063712 -128.818924
161.063808 -124.351028
161.063904 -122.717979
161.064000 -122.765038
161.064096 -124.252159
161.064192 -125.720039
161.064288 -123.218307
161.064385 -123.095581
161.064481 -125.967873
161.064577 -129.382111
161.064673 -129.181076
161.064769 -122.964355
161.064865 -120.608398
161.064962 -120.575005
161.065058 -120.274506
161.065154 -120.972191
161.065250 -127.713898
161.065346 -127.016838
161.065442 -128.303391
161.065538 -127.938805
161.065635 -126.409386
161.065731 -126.414894
161.065827 -126.964272
161.065923 -129.486404
161.066019 -125.631943
161.066115 -125.753662
161.066212 -126.966019
161.066308 -126.971970
161.066404 -130.344681
161.066500 -133.197144
161.066596 -124.882446
161.066692 -121.460274
161.066788 -121.429985
161.066885 -122.353981
161.066981 -124.377518
161.067077 -124.242332
161.067173 -125.578484
161.067269 -131.857346
161.067365 -137.156433
161.067462 -131.233566
161.067558 -131.202408
161.067654 -125.599785
161.067750 -123.804588
161.067846 -124.617538
161.067942 -128.457581
161.068038 -124.140808
161.068135 -123.849045
161.068231 -122.774033
161.068327 -121.788376
161.068423 -121.834732
161.068519 -126.708069
161.068615 -123.822578
161.068712 -124.633873
161.068808 -127.551872
161.068904 -126.095299
161.069000 -126.641830
161.069096 -130.917831
161.069192 -126.627243
161.069288 -125.333740
161.069385 -126.090714
161.069481 -132.341095
161.069577 -130.365631
161.069673 -128.626022
161.069769 -126.988564
161.069865 -128.280334
161.069962 -128.764679
161.070058 -127.916008
161.070154 -127.551819
161.070250 -128.802979
161.070346 -128.752609
161.070442 -128.819397
161.070538 -122.509689
161.070635 -119.996300
161.070731 -120.056328
161.070827 -125.192551
161.070923 -133.850449
161.071019 -130.881210
161.071115 -130.827469
161.071212 -127.944061
161.071308 -125.306007
161.071404 -125.267685
161.071500 -125.671356
161.071596 -126.200310
161.071692 -128.750305
161.071788 -125.962799
161.071885 -126.068184
161.071981 -126.657906
161.072077 -125.077240
161.072173 -122.920326
161.072269 -122.890633
161.072365 -124.355659
161.072462 -129.234634
161.072558 -128.422852
161.072654 -131.839401
161.072750 -124.089188
161.072846 -123.561462
161.072942 -125.962715
161.073038 -127.970505
161.073135 -127.896492
161.073231 -129.047928
161.073327 -129.104889
161.073423 -132.504868
161.073519 -121.682404
161.073615 -120.603745
161.073712 -121.365540
161.073808 -125.577141
161.073904 -125.794731
161.074000 -124.046188
161.074096 -124.011070
161.074192 -126.030411
161.074288 -127.738327
161.074385 -128.994446
161.074481 -127.604141
161.074577 -126.163254
161.074673 -126.398315
161.074769 -128.823196
161.074865 -123.685623
161.074962 -119.979530
161.075058 -119.506058
161.075154 -120.021271
161.075250 -122.875168
161.075346 -124.480980
161.075442 -127.490433
161.075538 -125.162415
161.075635 -125.171616
161.075731 -125.888733
161.075827 -124.604416
161.075923 -122.917488
161.076019 -122.068398
161.076115 -122.263664
161.076212 -126.976646
161.076308 -125.819633
161.076404 -125.674927
161.076500 -125.906219
161.076596 -123.611526
161.076692 -123.610451
161.076788 -128.147217
161.076885 -127.814384
161.076981 -125.897408
161.077077 -125.949158
161.077173 -127.016602
161.077269 -125.613510
161.077365 -125.356636
161.077462 -126.080597
161.077558 -131.133316
161.077654 -131.477768
161.077750 -130.938187
161.077846 -133.581345
161.077942 -127.594284
161.078038 -127.526711
161.078135 -128.784073
161.078231 -128.585999
161.078327 -130.728943
161.078423 -128.908615
161.078519 -125.929688
161.078615 -123.263306
161.078712 -123.338554
161.078808 -129.060638
161.078904 -130.147186
161.079000 -131.988052
161.079096 -134.393112
161.079192 -131.681030
161.079288 -127.347939
161.079385 -126.026573
161.079481 -125.931961
161.079577 -126.758026
161.079673 -126.834732
161.079769 -127.639420
161.079865 -127.816376
161.079962 -128.005402
161.080058 -133.795349
161.080154 -133.532440
161.080250 -132.238815
161.080346 -132.295395
161.080442 -124.953613
161.080538 -122.671577
161.080635 -122.847542
161.080731 -127.141129
161.080827 -130.344330
161.080923 -123.545555
161.081019 -120.606728
161.081115 -119.281967
161.081212 -119.148300
161.081308 -119.381248
161.081404 -122.283501
161.081500 -128.198151
161.081596 -129.332047
161.081692 -129.248444
161.081788 -131.543625
161.081885 -131.160370
161.081981 -132.976151
161.082077 -129.184265
161.082173 -126.576813
161.082269 -126.562187
161.082365 -125.209351
161.082462 -123.101334
161.082558 -123.051598
161.082654 -124.071259
161.082750 -125.212349
161.082846 -127.359749
161.082942 -127.119911
161.083038 -130.801437
161.083135 -131.122696
161.083231 -131.107498
161.083327 -134.166077
161.083423 -136.625183
161.083519 -131.364044
161.083615 -130.149628
161.083712 -131.374786
161.083808 -128.618149
161.083904 -127.082153
161.084000 -125.997704
161.084096 -124.789246
161.084192 -125.190742
161.084288 -132.294281
161.084385 -126.599754
161.084481 -126.589981
161.084577 -132.836945
161.084673 -129.455032
161.084769 -129.610931
161.084865 -124.298241
161.084962 -121.866516
161.085058 -121.668060
161.085154 -121.945206
161.085250 -124.118767
161.085346 -129.420792
161.085442 -131.603867
161.085538 -129.728790
161.085635 -129.794281
161.085731 -128.695892
161.085827 -125.841431
161.085923 -126.118050
161.086019 -129.235046
161.086115 -128.409164
161.086212 -130.643494
161.086308 -124.433182
161.086404 -123.471817
161.086500 -123.444878
161.086596 -125.469276
161.086692 -128.337173
161.086788 -129.656540
161.086885 -127.852737
161.086981 -127.992615
161.087077 -126.545250
161.087173 -126.574173
161.087269 -130.504410
161.087365 -128.319672
161.087462 -128.419189
161.087558 -127.615997
161.087654 -127.078468
161.087750 -130.549973
161.087846 -124.303017
161.087942 -123.249199
161.088038 -123.812225
161.088135 -128.816696
161.088231 -124.464417
161.088327 -123.483925
161.088423 -124.028023
161.088519 -128.913040
161.088615 -133.757111
161.088712 -129.495529
161.088808 -124.411461
161.088904 -122.385376
161.089000 -121.770523
161.089096 -121.799492
161.089192 -124.350601
161.089288 -128.208496
161.089385 -128.397934
161.089481 -122.709541
161.089577 -122.651283
161.089673 -126.672569
161.089769 -128.867661
161.089865 -123.898132
161.089962 -123.565659
161.090058 -124.267708
161.090154 -125.896622
161.090250 -126.245804
161.090346 -123.538132
161.090442 -122.478638
161.090538 -123.591141
161.090635 -127.129662
161.090731 -126.685097
161.090827 -126.535049
161.090923 -126.449699
161.091019 -123.979111
161.091115 -124.096199
161.091212 -127.070259
161.091308 -130.239273
161.091404 -129.313828
161.091500 -124.149460
161.091596 -123.403419
161.091692 -124.752136
161.091788 -129.286774
161.091885 -129.083191
161.091981 -132.561401
161.092077 -123.570381
161.092173 -121.020660
161.092269 -120.990433
161.092365 -121.414497
161.092462 -121.632576
161.092558 -121.843903
161.092654 -121.335793
161.092750 -122.138100
161.092846 -122.473572
161.092942 -122.334061
161.093038 -123.075508
161.093135 -123.696922
161.093231 -125.597267
161.093327 -126.151611
161.093423 -122.974770
161.093519 -122.747810
161.093615 -123.095558
161.093712 -125.622398
161.093808 -126.299728
161.093904 -125.661446
161.094000 -122.669716
161.094096 -122.305962
161.094192 -123.765312
161.094288 -130.831192
161.094385 -125.107780
161.094481 -122.781075
161.094577 -122.781090
161.094673 -126.222145
161.094769 -128.617630
161.094865 -129.069504
161.094962 -128.712906
161.095058 -124.640640
161.095154 -122.777786
161.095250 -122.903656
161.095346 -127.632324
161.095442 -129.994812
161.095538 -129.430481
161.095635 -132.517273
161.095731 -124.412727
161.095827 -123.862595
161.095923 -125.440880
161.096019 -122.178291
161.096115 -121.804100
161.096212 -122.626488
161.096308 -125.329437
161.096404 -121.886581
161.096500 -121.669060
161.096596 -122.361557
161.096692 -122.060349
161.096788 -122.871613
161.096885 -125.959084
161.096981 -129.842621
161.097077 -123.520599
161.097173 -123.019196
161.097269 -123.944382
161.097365 -125.900955
161.097462 -123.834030
161.097558 -122.794487
161.097654 -122.836525
161.097750 -123.101341
161.097846 -123.344055
161.097942 -123.721130
161.098038 -129.357834
161.098135 -125.610382
161.098231 -125.411217
161.098327 -125.579224
161.098423 -125.661438
161.098519 -130.233551
161.098615 -126.297905
161.098712 -123.557884
161.098808 -124.041397
161.098904 -133.584137
161.099000 -129.929138
161.099096 -126.398720
161.099192 -126.816330
161.099288 -127.764297
161.099385 -127.751579
161.099481 -128.110382
161.099577 -125.060867
161.099673 -125.045921
161.099769 -127.984810
161.099865 -126.063972
161.099962 -126.120331
161.100058 -129.113373
161.100154 -127.246918
161.100250 -122.167580
161.100346 -121.910225
161.100442 -123.404060
161.100538 -123.865173
161.100635 -124.018028
161.100731 -128.347885
161.100827 -134.047302
161.100923 -132.929825
161.101019 -132.661102
161.101115 -133.421295
161.101212 -127.452126
161.101308 -126.742271
161.101404 -122.041420
161.101500 -121.740730
161.101596 -123.414459
161.101692 -127.481750
161.101788 -129.305054
161.101885 -125.218811
161.101981 -124.378044
161.102077 -124.543900
161.102173 -123.620056
161.102269 -123.129623
161.102365 -125.004662
161.102462 -131.517242
161.102558 -128.481750
161.102654 -128.558472
161.102750 -134.710617
161.102846 -134.231140
161.102942 -132.612808
161.103038 -127.386391
161.103135 -126.560822
161.103231 -122.273613
161.103327 -121.802544
161.103423 -123.290421
161.103519 -120.664070
161.103615 -120.424370
161.103712 -122.268639
161.103808 -126.729187
161.103904 -122.362312
161.104000 -122.277145
161.104096 -123.642151
161.104192 -125.902786
161.104288 -125.880539
161.104385 -128.264694
161.104481 -132.414169
161.104577 -137.007217
161.104673 -131.177002
161.104769 -131.156754
161.104865 -128.241333
161.104962 -126.993179
161.105058 -127.669640
161.105154 -126.465500
161.105250 -124.929001
161.105346 -125.433220
161.105442 -122.081810
161.105538 -119.758919
161.105635 -118.880722
161.105731 -118.952034
161.105827 -122.645622
161.105923 -124.667976
161.106019 -124.298851
161.106115 -125.752609
161.106212 -121.208008
161.106308 -120.029282
161.106404 -120.316528
161.106500 -122.744781
161.106596 -124.486351
161.106692 -127.057297
161.106788 -130.061325
161.106885 -131.780914
161.106981 -131.897202
161.107077 -131.976364
161.107173 -127.708725
161.107269 -126.781273
161.107365 -127.610535
161.107462 -130.731003
161.107558 -130.638474
161.107654 -130.591293
161.107750 -129.109222
161.107846 -124.564392
161.107942 -124.564232
161.108038 -125.871384
161.108135 -122.013138
161.108231 -122.009071
161.108327 -124.134850
161.108423 -128.232529
161.108519 -129.895706
161.108615 -134.070343
161.108712 -134.022629
161.108808 -133.253006
161.108904 -131.932281
161.109000 -131.448685
161.109096 -124.869881
161.109192 -123.205811
161.109288 -123.824516
161.109385 -123.218651
161.109481 -122.076752
161.109577 -121.521683
161.109673 -121.622147
161.109769 -124.114166
161.109865 -124.345367
161.109962 -124.692871
161.110058 -128.405182
161.110154 -127.954544
161.110250 -132.158066
161.110346 -131.756104
161.110442 -128.096466
161.110538 -125.057518
161.110635 -125.038521
161.110731 -127.072472
161.110827 -127.453659
161.110923 -129.779556
161.111019 -121.960304
161.111115 -119.461403
161.111212 -119.491699
161.111308 -121.946793
161.111404 -122.165756
161.111500 -122.215454
161.111596 -129.360535
161.111692 -126.915695
161.111788 -126.877594
161.111885 -127.631363
161.111981 -132.302979
161.112077 -130.033035
161.112173 -127.280067
161.112269 -127.380486
161.112365 -125.917213
161.112462 -124.155663
161.112558 -124.411957
161.112654 -125.786552
161.112750 -126.738586
161.112846 -131.064072
161.112942 -125.134048
161.113038 -121.494957
161.113135 -121.402275
161.113231 -123.917564
161.113327 -127.475304
161.113423 -125.948242
161.113519 -126.047424
161.113615 -126.190109
161.113712 -132.972443
161.113808 -134.650711
161.113904 -131.258148
161.114000 -132.600937
161.114096 -123.993965
161.114192 -122.478989
161.114288 -122.735931
161.114385 -125.016823
161.114481 -125.041733
161.114577 -127.366356
161.114673 -128.060211
161.114769 -128.064377
161.114865 -130.843903
161.114962 -127.614334
161.115058 -124.819901
161.115154 -125.491150
161.115250 -133.838257
161.115346 -130.941010
161.115442 -131.047653
161.115538 -132.640533
161.115635 -132.850250
161.115731 -127.810295
161.115827 -122.893761
161.115923 -122.826309
161.116019 -125.661552
161.116115 -120.433632
161.116212 -119.631660
161.116308 -120.513466
161.116404 -124.427116
161.116500 -126.296036
161.116596 -132.065125
161.116692 -126.569275
161.116788 -126.728638
161.116885 -131.829239
161.116981 -132.025009
161.117077 -123.513054
161.117173 -122.895058
161.117269 -124.244820
161.117365 -131.282684
161.117462 -133.501770
161.117558 -138.627625
161.117654 -123.172516
161.117750 -120.723152
161.117846 -120.758476
161.117942 -122.889610
161.118038 -127.268951
161.118135 -125.124466
161.118231 -124.785736
161.118327 -126.267853
161.118423 -133.037064
161.118519 -138.232941
161.118615 -130.799088
161.118712 -130.800415
161.118808 -124.493477
161.118904 -119.858337
161.119000 -118.509827
161.119096 -118.634987
161.119192 -125.686775
161.119288 -122.661957
161.119385 -122.625519
161.119481 -124.644829
161.119577 -128.299774
161.119673 -130.084717
161.119769 -128.282425
161.119865 -128.331818
161.119962 -128.305069
161.120058 -129.753967
161.120154 -127.805908
161.120250 -126.457039
161.120346 -126.813919
161.120442 -122.435776
161.120538 -122.433945
161.120635 -129.627975
161.120731 -131.179779
161.120827 -129.447449
161.120923 -124.530212
161.121019 -123.722076
161.121115 -125.488411
161.121212 -139.075211
161.121308 -134.911346
161.121404 -128.064056
161.121500 -127.723328
161.121596 -131.838211
161.121692 -135.197266
161.121788 -129.657379
161.121885 -125.496887
161.121981 -124.688278
161.122077 -125.034340
161.122173 -124.291733
161.122269 -125.486099
161.122365 -122.830597
161.122462 -122.541710
161.122558 -124.054710
161.122654 -123.290077
161.122750 -123.605156
161.122846 -122.988586
161.122942 -121.869247
161.123038 -122.579414
161.123135 -127.957069
161.123231 -124.539368
161.123327 -123.781212
161.123423 -124.117859
161.123519 -127.359474
161.123615 -134.527832
161.123712 -133.172760
161.123808 -131.311066
161.123904 -126.411705
161.124000 -126.418526
161.124096 -129.661285
161.124192 -134.488373
161.124288 -125.921272
161.124385 -122.602875
161.124481 -122.600838
161.124577 -122.943779
161.124673 -123.782570
161.124769 -126.657814
161.124865 -126.056839
161.124962 -123.732445
161.125058 -121.941284
161.125154 -122.245193
161.125250 -125.449631
161.125346 -124.759438
161.125442 -124.870491
161.125538 -123.597687
161.125635 -122.244995
161.125731 -122.741287
161.125827 -130.453430
161.125923 -130.395065
161.126019 -134.109497
161.126115 -127.609680
161.126212 -127.285133
161.126308 -129.622650
161.126404 -140.122925
161.126500 -133.695007
161.126596 -131.679977
161.126692 -127.589989
161.126788 -125.442001
161.126885 -126.103867
161.126981 -130.760590
161.127077 -137.453033
161.127173 -138.414764
161.127269 -131.481567
161.127365 -126.007233
161.127462 -125.973816
161.127558 -129.835876
161.127654 -129.030914
161.127750 -130.001801
161.127846 -133.092407
161.127942 -129.985672
161.128038 -128.400711
161.128135 -128.588364
161.128231 -124.330009
161.128327 -122.811958
161.128423 -120.506508
161.128519 -119.697563
161.128615 -120.236214
161.128712 -124.584213
161.128808 -119.128555
161.128904 -117.895836
161.129000 -118.374786
161.129096 -125.158432
161.129192 -123.352715
161.129288 -123.478722
161.129385 -125.975105
161.129481 -126.299370
161.129577 -129.699280
161.129673 -127.364700
161.129769 -124.333130
161.129865 -120.819183
161.129962 -120.579559
161.130058 -121.140877
161.130154 -124.413063
161.130250 -126.803940
161.130346 -128.482727
161.130442 -130.389404
161.130538 -125.997864
161.130635 -125.996056
161.130731 -127.481125
161.130827 -127.809631
161.130923 -130.402344
161.131019 -136.504791
161.131115 -131.048706
161.131212 -130.807785
161.131308 -129.748825
161.131404 -125.399635
161.131500 -125.125237
161.131596 -124.630615
161.131692 -122.480530
161.131788 -121.710075
161.131885 -121.577850
161.131981 -122.903816
161.132077 -133.245316
161.132173 -130.307007
161.132269 -130.280243
161.132365 -132.738251
161.132462 -130.598755
161.132558 -128.188736
161.132654 -122.810638
161.132750 -120.993469
161.132846 -121.135086
161.132942 -125.088158
161.133038 -128.339371
161.133135 -127.201149
161.133231 -127.022079
161.133327 -128.482758
161.133423 -122.441467
161.133519 -121.680840
161.133615 -122.671799
161.133712 -126.627022
161.133808 -128.829208
161.133904 -128.814575
161.134000 -134.117371
161.134096 -131.210953
161.134192 -123.533226
161.134288 -122.392120
161.134385 -123.191002
161.134481 -129.533096
161.134577 -127.091988
161.134673 -125.553177
161.134769 -125.721176
161.134865 -127.435776
161.134962 -123.350525
161.135058 -123.934113
161.135154 -130.072037
161.135250 -125.548065
161.135346 -124.350670
161.135442 -124.402000
161.135538 -129.686981
161.135635 -129.384811
161.135731 -130.371826
161.135827 -126.322823
161.135923 -125.780380
161.136019 -123.737846
161.136115 -123.671631
161.136212 -125.777092
161.136308 -128.424591
161.136404 -128.620529
161.136500 -127.403542
161.136596 -127.568611
161.136692 -130.345703
161.136788 -123.461617
161.136885 -123.208794
161.136981 -126.514397
161.137077 -122.816605
161.137173 -121.335876
161.137269 -121.231934
161.137365 -121.513397
161.137462 -126.668854
161.137558 -127.610313
161.137654 -127.793915
161.137750 -126.678780
161.137846 -125.275993
161.137942 -126.166893
161.138038 -128.765320
161.138135 -128.647049
161.138231 -130.117096
161.138327 -124.164925
161.138423 -123.868134
161.138519 -126.746773
161.138615 -127.478271
161.138712 -126.818138
161.138808 -123.466957
161.138904 -119.931068
161.139000 -119.886055
161.139096 -122.448143
161.139192 -124.452126
161.139288 -130.242599
161.139385 -128.735031
161.139481 -131.852142
161.139577 -128.138580
161.139673 -128.234192
161.139769 -131.282166
161.139865 -123.863297
161.139962 -123.074036
161.140058 -123.769928
161.140154 -133.582840
161.140250 -133.487778
161.140346 -125.057678
161.140442 -123.878441
161.140538 -124.642418
161.140635 -126.626511
161.140731 -126.763824
161.140827 -131.657318
161.140923 -131.624008
161.141019 -125.856956
161.141115 -123.140450
161.141212 -123.096794
161.141308 -125.388527
161.141404 -130.586960
161.141500 -132.623062
161.141596 -128.098541
161.141692 -128.108749
161.141788 -132.071686
161.141885 -139.724167
161.141981 -143.027100
161.142077 -130.202911
161.142173 -128.022949
161.142269 -128.442215
161.142365 -125.322647
161.142462 -125.292809
161.142558 -126.571220
161.142654 -123.703575
161.142750 -123.789795
161.142846 -127.331345
161.142942 -132.751526
161.143038 -128.059601
161.143135 -127.503670
161.143231 -128.872925
161.143327 -128.587250
161.143423 -128.683304
161.143519 -127.102440
161.143615 -127.218796
161.143712 -129.950699
161.143808 -128.421021
161.143904 -128.278824
161.144000 -130.832428
161.144096 -121.232666
161.144192 -119.358910
161.144288 -119.416985
161.144385 -121.957001
161.144481 -126.626251
161.144577 -132.032578
161.144673 -125.320175
161.144769 -124.529831
161.144865 -125.628418
161.144962 -132.898560
161.145058 -126.438477
161.145154 -124.918144
161.145250 -123.135941
161.145346 -123.138710
161.145442 -125.362083
161.145538 -127.035965
161.145635 -126.700638
161.145731 -124.638405
161.145827 -120.219917
161.145923 -120.187042
161.146019 -122.595360
161.146115 -121.356804
161.146212 -119.224106
161.146308 -119.179222
161.146404 -120.449097
161.146500 -122.714157
161.146596 -127.563339
161.146692 -128.176422
161.146788 -127.561417
161.146885 -128.624237
161.146981 -132.009735
161.147077 -135.252625
161.147173 -126.796844
161.147269 -120.096390
161.147365 -119.236404
161.147462 -119.734070
161.147558 -125.480469
161.147654 -130.516632
161.147750 -130.765564
161.147846 -137.694107
161.147942 -130.276794
161.148038 -123.706161
161.148135 -122.545265
161.148231 -122.682037
161.148327 -125.105934
161.148423 -128.371597
161.148519 -129.736954
161.148615 -130.908905
161.148712 -124.669571
161.148808 -123.912254
161.148904 -123.924690
161.149000 -124.726685
161.149096 -123.254128
161.149192 -123.620384
161.149288 -130.512131
161.149385 -130.421585
161.149481 -128.787674
161.149577 -128.601669
161.149673 -126.487709
161.149769 -125.130112
161.149865 -126.304329
161.149962 -127.414040
161.150058 -123.608047
161.150154 -123.460701
161.150250 -126.607132
161.150346 -136.358856
161.150442 -134.145004
161.150538 -134.661209
161.150635 -127.435799
161.150731 -124.943771
161.150827 -123.165985
161.150923 -122.444771
161.151019 -122.511818
161.151115 -126.336090
161.151212 -130.516983
161.151308 -130.809326
161.151404 -123.135925
161.151500 -119.873184
161.151596 -119.867966
161.151692 -122.936089
161.151788 -131.164490
161.151885 -129.697845
161.151981 -130.277649
161.152077 -125.484596
161.152173 -123.758522
161.152269 -124.287674
161.152365 -121.136406
161.152462 -120.467201
161.152558 -121.526375
161.152654 -120.403145
161.152750 -120.458382
161.152846 -124.639015
161.152942 -125.861023
161.153038 -125.899406
161.153135 -124.825325
161.153231 -125.017761
161.153327 -129.690170
161.153423 -122.472076
161.153519 -122.152328
161.153615 -121.317024
161.153712 -120.856087
161.153808 -121.591934
161.153904 -124.179718
161.154000 -121.559258
161.154096 -121.299507
161.154192 -121.915260
161.154288 -128.822784
161.154385 -120.399994
161.154481 -120.101990
161.154577 -124.190987
161.154673 -120.612328
161.154769 -120.921967
161.154865 -127.944214
161.154962 -132.099838
161.155058 -125.838280
161.155154 -125.853539
161.155250 -129.307098
161.155346 -119.546310
161.155442 -118.748650
161.155538 -120.033012
161.155635 -125.881775
161.155731 -125.956505
161.155827 -125.570770
161.155923 -127.463303
161.156019 -128.888016
161.156115 -132.750702
161.156212 -127.224892
161.156308 -126.768929
161.156404 -126.931267
161.156500 -128.096695
161.156596 -125.237617
161.156692 -125.072021
161.156788 -126.943817
161.156885 -133.034058
161.156981 -132.172440
161.157077 -127.146637
161.157173 -125.902344
161.157269 -124.747643
161.157365 -122.768562
161.157462 -122.768997
161.157558 -126.999344
161.157654 -128.349670
161.157750 -128.332855
161.157846 -132.475754
161.157942 -132.617035
161.158038 -126.258659
161.158135 -123.017288
161.158231 -123.045975
161.158327 -126.417122
161.158423 -134.735733
161.158519 -127.378540
161.158615 -125.687691
161.158712 -125.729897
161.158808 -125.975029
161.158904 -127.970886
161.159000 -131.154968
161.159096 -138.872940
161.159192 -137.551102
161.159288 -135.832291
161.159385 -136.035172
161.159481 -130.092285
161.159577 -121.153694
161.159673 -120.660576
161.159769 -123.195168
161.159865 -126.967682
161.159962 -127.052650
161.160058 -130.942596
161.160154 -125.011604
161.160250 -125.013382
161.160346 -127.491646
161.160442 -121.945679
161.160538 -120.140358
161.160635 -120.157234
161.160731 -121.641380
161.160827 -125.015419
161.160923 -127.589020
161.161019 -128.533325
161.161115 -126.692619
161.161212 -123.557007
161.161308 -123.721489
161.161404 -127.964569
161.161500 -126.417458
161.161596 -126.595161
161.161692 -131.225220
161.161788 -127.039436
161.161885 -124.213493
161.161981 -122.187805
161.162077 -121.753181
161.162173 -122.394081
161.162269 -125.984192
161.162365 -123.215874
161.162462 -123.227608
161.162558 -124.898689
161.162654 -129.713165
161.162750 -125.615211
161.162846 -125.527237
161.162942 -129.990799
161.163038 -129.387970
161.163135 -126.747665
161.163231 -126.748901
161.163327 -127.994484
161.163423 -124.205490
161.163519 -124.566818
161.163615 -130.863174
161.163712 -139.385468
161.163808 -133.210938
161.163904 -126.936737
161.164000 -124.498032
161.164096 -124.252174
161.164192 -126.525894
161.164288 -123.340782
161.164385 -124.332787
161.164481 -124.067703
161.164577 -124.081841
161.164673 -126.294350
161.164769 -126.477242
161.164865 -129.143845
161.164962 -123.838928
161.165058 -123.765381
161.165154 -126.076378
161.165250 -131.240952
161.165346 -124.782959
161.165442 -124.304947
161.165538 -125.787468
161.165635 -128.655090
161.165731 -131.002670
161.165827 -125.324486
161.165923 -125.239120
161.166019 -126.968010
161.166115 -120.248299
161.166212 -119.823875
161.166308 -120.564285
161.166404 -125.870903
161.166500 -124.865585
161.166596 -122.898987
161.166692 -122.899887
161.166788 -123.946594
161.166885 -125.608299
161.166981 -126.958916
161.167077 -121.190147
161.167173 -119.190872
161.167269 -119.737900
161.167365 -124.492416
161.167462 -123.481941
161.167558 -124.378090
161.167654 -126.945709
161.167750 -128.939606
161.167846 -127.592247
161.167942 -128.200241
161.168038 -124.998955
161.168135 -124.730240
161.168231 -126.683403
161.168327 -130.472076
161.168423 -130.766037
161.168519 -131.005463
161.168615 -127.795670
161.168712 -124.472252
161.168808 -124.448051
161.168904 -127.117210
161.169000 -127.775391
161.169096 -124.431862
161.169192 -123.418091
161.169288 -120.052513
161.169385 -120.046646
161.169481 -122.082153
161.169577 -121.730019
161.169673 -123.030090
161.169769 -128.385544
161.169865 -127.078072
161.169962 -121.781136
161.170058 -120.858353
161.170154 -121.468727
161.170250 -123.411369
161.170346 -124.557381
161.170442 -130.357529
161.170538 -130.633774
161.170635 -131.654053
161.170731 -124.534698
161.170827 -123.438202
161.170923 -123.635429
161.171019 -128.990280
161.171115 -133.497757
161.171212 -138.832581
161.171308 -137.969254
161.171404 -126.726135
161.171500 -121.464546
161.171596 -119.429031
161.171692 -119.432030
161.171788 -121.519783
161.171885 -125.992744
161.171981 -128.493149
161.172077 -124.996521
161.172173 -124.640564
161.172269 -125.550087
161.172365 -132.520233
161.172462 -129.990860
161.172558 -127.329681
161.172654 -127.849365
161.172750 -134.490189
161.172846 -129.540848
161.172942 -125.472908
161.173038 -125.415833
161.173135 -125.428520
161.173231 -126.425148
161.173327 -127.766586
161.173423 -128.063095
161.173519 -127.875175
161.173615 -127.520187
161.173712 -127.546288
161.173808 -127.716599
161.173904 -127.314743
161.174000 -124.738182
161.174096 -124.682678
161.174192 -125.868141
161.174288 -124.494995
161.174385 -124.055008
161.174481 -125.474380
161.174577 -125.614197
161.174673 -125.223946
161.174769 -122.861443
161.174865 -119.962456
161.174962 -119.963402
161.175058 -122.396492
161.175154 -120.282875
161.175250 -120.282410
161.175346 -124.964439
161.175442 -123.715813
161.175538 -122.183220
161.175635 -122.746071
161.175731 -128.910278
161.175827 -128.903656
161.175923 -123.356712
161.176019 -122.048531
161.176115 -121.863197
161.176212 -122.145287
161.176308 -124.361954
161.176404 -126.907761
161.176500 -127.968742
161.176596 -123.812683
161.176692 -120.612297
161.176788 -120.040810
161.176885 -121.008522
161.176981 -123.884697
161.177077 -124.180313
161.177173 -134.530853
161.177269 -130.748215
161.177365 -124.288727
161.177462 -122.558838
161.177558 -122.535370
161.177654 -123.155441
161.177750 -124.761650
161.177846 -126.551773
161.177942 -128.854019
161.178038 -130.695160
161.178135 -129.525955
161.178231 -126.688164
161.178327 -124.575653
161.178423 -126.237068
161.178519 -127.445320
161.178615 -127.444244
161.178712 -131.620911
161.178808 -127.320976
161.178904 -123.975815
161.179000 -124.362129
161.179096 -132.655640
161.179192 -121.659737
161.179288 -119.067368
161.179385 -119.050278
161.179481 -120.138641
161.179577 -122.132095
161.179673 -122.051819
161.179769 -124.273499
161.179865 -132.355637
161.179962 -132.344055
161.180058 -141.068619
161.180154 -132.103287
161.180250 -131.806183
161.180346 -125.726334
161.180442 -125.020615
161.180538 -121.753647
161.180635 -120.288818
161.180731 -120.357498
161.180827 -123.482735
161.180923 -129.537827
161.181019 -123.368553
161.181115 -121.305725
161.181212 -121.417259
161.181308 -124.744347
161.181404 -122.374763
161.181500 -122.408615
161.181596 -127.764351
161.181692 -120.821442
161.181788 -120.665657
161.181885 -123.587593
161.181981 -129.334686
161.182077 -123.650337
161.182173 -120.063156
161.182269 -120.086838
161.182365 -123.801369
161.182462 -131.556259
161.182558 -128.497864
161.182654 -128.437225
161.182750 -129.183868
161.182846 -134.741486
161.182942 -133.486160
161.183038 -134.377228
161.183135 -134.480606
161.183231 -133.348892
161.183327 -133.261520
161.183423 -128.103500
161.183519 -120.648743
161.183615 -118.756676
161.183712 -118.815765
161.183808 -121.887566
161.183904 -124.862396
161.184000 -122.324211
161.184096 -122.511177
161.184192 -122.647179
161.184288 -120.526642
161.184385 -120.583130
161.184481 -127.694397
161.184577 -128.007416
161.184673 -129.402420
161.184769 -133.113815
161.184865 -122.788963
161.184962 -118.994347
161.185058 -118.946594
161.185154 -120.642143
161.185250 -124.673904
161.185346 -126.548286
161.185442 -123.183517
161.185538 -123.335045
161.185635 -127.945702
161.185731 -127.120026
161.185827 -127.591454
161.185923 -126.776924
161.186019 -127.159348
161.186115 -123.291794
161.186212 -121.857201
161.186308 -122.644310
161.186404 -129.805725
161.186500 -123.213936
161.186596 -121.930931
161.186692 -122.963394
161.186788 -129.554810
161.186885 -129.330109
161.186981 -125.882454
161.187077 -121.639130
161.187173 -121.528702
161.187269 -122.007011
161.187365 -126.851021
161.187462 -125.814293
161.187558 -121.110840
161.187654 -120.298248
161.187750 -121.123940
161.187846 -130.484985
161.187942 -134.502167
161.188038 -133.553955
161.188135 -133.547775
161.188231 -129.763504
161.188327 -129.410583
161.188423 -126.925476
161.188519 -124.715057
161.188615 -125.016579
161.188712 -129.663879
161.188808 -134.106064
161.188904 -126.874260
161.189000 -124.470657
161.189096 -124.790276
161.189192 -128.420212
161.189288 -126.842712
161.189385 -128.979675
161.189481 -126.446877
161.189577 -127.759171
161.189673 -125.030098
161.189769 -125.342209
161.189865 -132.165512
161.189962 -125.713547
161.190058 -120.259766
161.190154 -119.627792
161.190250 -120.826820
161.190346 -124.264397
161.190442 -123.833519
161.190538 -125.577431
161.190635 -128.226410
161.190731 -127.894035
161.190827 -122.965904
161.190923 -122.192596
161.191019 -122.802811
161.191115 -125.117485
161.191212 -126.979485
161.191308 -129.740051
161.191404 -122.806633
161.191500 -122.601318
161.191596 -124.503891
161.191692 -124.830162
161.191788 -125.281967
161.191885 -126.452171
161.191981 -126.310600
161.192077 -121.175827
161.192173 -121.052826
161.192269 -122.507423
161.192365 -127.605713
161.192462 -125.362984
161.192558 -125.020935
161.192654 -126.068527
161.192750 -128.072891
161.192846 -129.168777
161.192942 -123.353897
161.193038 -120.288147
161.193135 -120.253792
161.193231 -122.612465
161.193327 -130.264145
161.193423 -136.263199
161.193519 -124.090477
161.193615 -120.569672
161.193712 -120.612373
161.193808 -121.557991
161.193904 -122.644989
161.194000 -123.216957
161.194096 -124.670769
161.194192 -128.568649
161.194288 -124.617233
161.194385 -123.749908
161.194481 -124.134682
161.194577 -120.848114
161.194673 -119.240067
161.194769 -119.838005
161.194865 -124.606056
161.194962 -126.102890
161.195058 -126.908798
161.195154 -132.285156
161.195250 -134.944199
161.195346 -130.226059
161.195442 -128.702454
161.195538 -128.701920
161.195635 -127.734215
161.195731 -124.429161
161.195827 -124.429558
161.195923 -124.302406
161.196019 -124.192535
161.196115 -125.454193
161.196212 -127.628197
161.196308 -125.883865
161.196404 -126.010132
161.196500 -129.609604
161.196596 -127.383949
161.196692 -125.261040
161.196788 -125.044182
161.196885 -127.000420
161.196981 -131.949615
161.197077 -127.649483
161.197173 -125.599602
161.197269 -126.542679
161.197365 -121.549538
161.197462 -119.852219
161.197558 -119.968414
161.197654 -122.463150
161.197750 -123.025146
161.197846 -123.591995
161.197942 -124.858673
161.198038 -124.911217
161.198135 -128.223282
161.198231 -131.795761
161.198327 -126.469040
161.198423 -125.962006
161.198519 -119.687256
161.198615 -119.183975
161.198712 -120.769951
161.198808 -118.695740
161.198904 -118.765755
161.199000 -124.416748
161.199096 -131.864853
161.199192 -124.905693
161.199288 -121.792572
161.199385 -121.349838
161.199481 -122.969971
161.199577 -122.934265
161.199673 -123.877151
161.199769 -129.843262
161.199865 -127.403030
161.199962 -123.147919
161.200058 -120.503937
161.200154 -120.497978
161.200250 -123.040306
161.200346 -131.343582
161.200442 -125.581116
161.200538 -125.595032
161.200635 -128.452499
161.200731 -128.517349
161.200827 -128.391327
161.200923 -126.085625
161.201019 -125.964607
161.201115 -127.587997
161.201212 -129.770599
161.201308 -127.899773
161.201404 -126.348129
161.201500 -125.898361
161.201596 -125.911194
161.201692 -131.897354
161.201788 -130.547638
161.201885 -125.745148
161.201981 -125.239182
161.202077 -124.529472
161.202173 -122.818565
161.202269 -121.791359
161.202365 -121.826546
161.202462 -126.326820
161.202558 -129.479950
161.202654 -130.155945
161.202750 -125.494659
161.202846 -123.841064
161.202942 -125.061783
161.203038 -137.662476
161.203135 -134.660004
161.203231 -133.222382
161.203327 -126.301331
161.203423 -120.405228
161.203519 -118.495537
161.203615 -118.491951
161.203712 -119.812599
161.203808 -123.416580
161.203904 -127.547440
161.204000 -126.554771
161.204096 -126.459946
161.204192 -127.920670
161.204288 -126.246803
161.204385 -126.246292
161.204481 -127.942696
161.204577 -134.286789
161.204673 -128.138809
161.204769 -128.059280
161.204865 -131.412857
161.204962 -134.899506
161.205058 -132.852142
161.205154 -128.507141
161.205250 -125.893806
161.205346 -125.903687
161.205442 -129.355103
161.205538 -129.959442
161.205635 -125.427345
161.205731 -125.220917
161.205827 -126.136772
161.205923 -128.036682
161.206019 -131.784317
161.206115 -133.798370
161.206212 -126.682968
161.206308 -126.215500
161.206404 -128.557648
161.206500 -123.882988
161.206596 -123.689453
161.206692 -126.899689
161.206788 -134.589844
161.206885 -134.419800
161.206981 -136.223984
161.207077 -130.725372
161.207173 -123.309456
161.207269 -123.140778
161.207365 -125.551872
161.207462 -132.206833
161.207558 -125.219017
161.207654 -123.424477
161.207750 -123.585068
161.207846 -129.451385
161.207942 -126.678352
161.208038 -124.950882
161.208135 -126.400818
161.208231 -122.899940
161.208327 -121.520088
161.208423 -121.855522
161.208519 -127.327133
161.208615 -133.078598
161.208712 -125.738045
161.208808 -124.982986
161.208904 -125.485344
161.209000 -126.154205
161.209096 -130.923996
161.209192 -133.757385
161.209288 -134.270813
161.209385 -135.705704
161.209481 -136.797699
161.209577 -129.156601
161.209673 -126.487411
161.209769 -124.803947
161.209865 -124.809692
161.209962 -130.211029
161.210058 -130.400848
161.210154 -125.054771
161.210250 -124.220985
161.210346 -126.256989
161.210442 -128.256668
161.210538 -126.418190
161.210635 -127.081841
161.210731 -128.283096
161.210827 -129.081650
161.210923 -137.647583
161.211019 -135.116653
161.211115 -129.154709
161.211212 -129.077042
161.211308 -128.831238
161.211404 -126.563469
161.211500 -126.926605
161.211596 -128.741806
161.211692 -132.415939
161.211788 -125.438942
161.211885 -124.228249
161.211981 -125.169853
161.212077 -126.938469
161.212173 -120.684525
161.212269 -120.644989
161.212365 -120.216621
161.212462 -119.520935
161.212558 -121.254616
161.212654 -122.690781
161.212750 -123.174759
161.212846 -127.718597
161.212942 -136.608627
161.213038 -126.360275
161.213135 -125.018883
161.213231 -124.825172
161.213327 -122.048241
161.213423 -122.066086
161.213519 -126.280769
161.213615 -126.198746
161.213712 -122.267708
161.213808 -121.732109
161.213904 -120.853683
161.214000 -119.453476
161.214096 -119.466202
161.214192 -120.266685
161.214288 -121.816536
161.214385 -124.443398
161.214481 -125.579971
161.214577 -129.261780
161.214673 -120.932930
161.214769 -120.426079
161.214865 -121.792709
161.214962 -126.836143
161.215058 -131.608719
161.215154 -131.321152
161.215250 -130.335754
161.215346 -124.793510
161.215442 -124.817795
161.215538 -130.090271
161.215635 -131.694641
161.215731 -129.197617
161.215827 -126.840691
161.215923 -126.718445
161.216019 -125.290581
161.216115 -124.223839
161.216212 -124.296715
161.216308 -127.877670
161.216404 -122.891518
161.216500 -122.844597
161.216596 -123.802078
161.216692 -124.894943
161.216788 -125.620209
161.216885 -131.079559
161.216981 -126.885773
161.217077 -127.027977
161.217173 -124.405930
161.217269 -124.519722
161.217365 -127.646919
161.217462 -126.637428
161.217558 -128.280594
161.217654 -127.727882
161.217750 -121.878983
161.217846 -121.647461
161.217942 -125.024429
161.218038 -119.379410
161.218135 -119.208496
161.218231 -121.220451
161.218327 -129.559235
161.218423 -126.111794
161.218519 -125.664612
161.218615 -127.648148
161.218712 -132.493469
161.218808 -132.946091
161.218904 -132.024750
161.219000 -128.111328
161.219096 -125.775101
161.219192 -126.535728
161.219288 -125.287315
161.219385 -122.803802
161.219481 -120.890251
161.219577 -120.654839
161.219673 -122.160088
161.219769 -127.094162
161.219865 -126.305077
161.219962 -128.254318
161.220058 -124.253738
161.220154 -124.221069
161.220250 -127.877396
161.220346 -128.372696
161.220442 -127.442223
161.220538 -126.455025
161.220635 -126.503304
161.220731 -123.129990
161.220827 -122.124741
161.220923 -122.032738
161.221019 -122.693665
161.221115 -128.005661
161.221212 -127.316010
161.221308 -128.822052
161.221404 -127.738914
161.221500 -126.269867
161.221596 -126.269882
161.221692 -128.556839
161.221788 -129.934937
161.221885 -123.749245
161.221981 -123.823860
161.222077 -132.097229
161.222173 -127.623367
161.222269 -124.108353
161.222365 -124.112236
161.222462 -127.157166
161.222558 -128.566910
161.222654 -128.799728
161.222750 -136.117645
161.222846 -136.644684
161.222942 -136.756607
161.223038 -130.846893
161.223135 -126.041061
161.223231 -125.604561
161.223327 -126.957664
161.223423 -130.798416
161.223519 -133.744415
161.223615 -125.363556
161.223712 -120.675240
161.223808 -119.659248
161.223904 -119.587181
161.224000 -119.651237
161.224096 -121.678215
161.224192 -127.265388
161.224288 -131.757401
161.224385 -131.459595
161.224481 -130.797592
161.224577 -128.680786
161.224673 -128.832199
161.224769 -129.890244
161.224865 -126.966240
161.224962 -125.422501
161.225058 -125.824280
161.225154 -125.823669
161.225250 -128.546570
161.225346 -128.457321
161.225442 -126.295403
161.225538 -125.945473
161.225635 -129.866653
161.225731 -133.771805
161.225827 -133.066086
161.225923 -132.513016
161.226019 -129.092392
161.226115 -126.885124
161.226212 -126.846100
161.226308 -128.915909
161.226404 -128.160950
161.226500 -121.558861
161.226596 -120.499695
161.226692 -121.074623
161.226788 -129.745529
161.226885 -131.370163
161.226981 -133.077026
161.227077 -133.567368
161.227173 -133.573807
161.227269 -124.771408
161.227365 -122.895370
161.227462 -123.363304
161.227558 -123.006187
161.227654 -121.507683
161.227750 -121.521141
161.227846 -122.294838
161.227942 -121.206230
161.228038 -120.282265
161.228135 -120.238976
161.228231 -120.665131
161.228327 -121.711327
161.228423 -122.745934
161.228519 -127.050247
161.228615 -129.595016
161.228712 -126.077187
161.228808 -122.357170
161.228904 -122.291443
161.229000 -125.638168
161.229096 -137.225967
161.229192 -131.321793
161.229288 -126.869347
161.229385 -124.342499
161.229481 -124.333496
161.229577 -125.822105
161.229673 -125.839684
161.229769 -128.973679
161.229865 -129.640900
161.229962 -126.157448
161.230058 -126.089264
161.230154 -126.283058
161.230250 -127.728607
161.230346 -127.059013
161.230442 -127.521057
161.230538 -132.793671
161.230635 -133.429703
161.230731 -125.316330
161.230827 -124.806473
161.230923 -126.716278
161.231019 -130.255249
161.231115 -129.994171
161.231212 -123.070389
161.231308 -119.464363
161.231404 -119.433884
161.231500 -121.422203
161.231596 -127.277794
161.231692 -123.762962
161.231788 -121.656746
161.231885 -121.388885
161.231981 -122.166786
161.232077 -128.180038
161.232173 -122.766212
161.232269 -122.566925
161.232365 -124.768471
161.232462 -131.605774
161.232558 -130.736496
161.232654 -134.531799
161.232750 -135.621475
161.232846 -133.786530
161.232942 -127.248749
161.233038 -126.864944
161.233135 -127.599899
161.233231 -129.540024
161.233327 -123.181282
161.233423 -122.515083
161.233519 -118.491859
161.233615 -117.830650
161.233712 -118.423584
161.233808 -121.313004
161.233904 -121.184868
161.234000 -121.370781
161.234096 -125.733154
161.234192 -120.733734
161.234288 -120.703636
161.234385 -123.344627
161.234481 -124.163658
161.234577 -124.180397
161.234673 -126.429253
161.234769 -128.373764
161.234865 -131.084366
161.234962 -127.429489
161.235058 -124.488991
161.235154 -124.491280
161.235250 -129.982834
161.235346 -135.301300
161.235442 -128.477341
161.235538 -127.856461
161.235635 -127.906303
161.235731 -127.051476
161.235827 -127.965080
161.235923 -126.256134
161.236019 -126.264389
161.236115 -132.148849
161.236212 -129.878784
161.236308 -125.844780
161.236404 -119.943687
161.236500 -119.928398
161.236596 -120.814873
161.236692 -123.893753
161.236788 -127.756622
161.236885 -123.999199
161.236981 -123.767288
161.237077 -126.060257
161.237173 -125.097267
161.237269 -121.913124
161.237365 -120.486633
161.237462 -120.724457
161.237558 -124.707687
161.237654 -121.591690
161.237750 -121.543854
161.237846 -123.922913
161.237942 -128.787659
161.238038 -128.264511
161.238135 -128.866791
161.238231 -128.218124
161.238327 -128.339722
161.238423 -135.025406
161.238519 -125.704109
161.238615 -123.953209
161.238712 -124.109993
161.238808 -128.328674
161.238904 -129.960587
161.239000 -125.606682
161.239096 -124.953430
161.239192 -125.653557
161.239288 -125.572723
161.239385 -126.008034
161.239481 -121.774590
161.239577 -121.763756
161.239673 -119.206856
161.239769 -119.185570
161.239865 -122.583794
161.239962 -129.723312
161.240058 -129.768860
161.240154 -123.028877
161.240250 -122.474548
161.240346 -123.984497
161.240442 -128.441254
161.240538 -130.282303
161.240635 -126.015083
161.240731 -126.027367
161.240827 -123.795059
161.240923 -120.848015
161.241019 -120.887306
161.241115 -125.114883
161.241212 -124.480804
161.241308 -121.149826
161.241404 -120.668884
161.241500 -121.624504
161.241596 -125.733131
161.241692 -125.044090
161.241788 -126.099915
161.241885 -130.333725
161.241981 -133.288589
161.242077 -124.234039
161.242173 -122.071877
161.242269 -122.149498
161.242365 -123.607826
161.242462 -125.401466
161.242558 -125.600967
161.242654 -122.279449
161.242750 -121.981903
161.242846 -122.872375
161.242942 -130.217529
161.243038 -128.975250
161.243135 -125.981918
161.243231 -125.808533
161.243327 -127.919975
161.243423 -127.757339
161.243519 -128.678146
161.243615 -128.299652
161.243712 -130.480179
161.243808 -128.757416
161.243904 -125.643982
161.244000 -124.030281
161.244096 -123.930458
161.244192 -126.236153
161.244288 -126.702637
161.244385 -126.424377
161.244481 -127.259758
161.244577 -130.216766
161.244673 -126.417999
161.244769 -122.385857
161.244865 -121.035736
161.244962 -121.045906
161.245058 -123.655029
161.245154 -124.119553
161.245250 -124.172539
161.245346 -127.897316
161.245442 -120.846321
161.245538 -118.094017
161.245635 -118.101303
161.245731 -120.517769
161.245827 -126.151085
161.245923 -126.599312
161.246019 -126.492882
161.246115 -128.850235
161.246212 -124.141121
161.246308 -123.059875
161.246404 -123.571312
161.246500 -127.650650
161.246596 -128.967773
161.246692 -125.043915
161.246788 -125.011063
161.246885 -127.588684
161.246981 -126.656410
161.247077 -129.015900
161.247173 -129.305679
161.247269 -129.423752
161.247365 -126.078651
161.247462 -126.139839
161.247558 -125.947754
161.247654 -124.519257
161.247750 -124.560669
161.247846 -126.974335
161.247942 -127.420876
161.248038 -125.125145
161.248135 -125.123703
161.248231 -127.421410
161.248327 -125.129463
161.248423 -122.121162
161.248519 -120.443130
161.248615 -120.423149
161.248712 -120.698479
161.248808 -121.106827
161.248904 -125.716042
161.249000 -126.912613
161.249096 -126.528290
161.249192 -129.476501
161.249288 -123.872116
161.249385 -123.832153
161.249481 -127.857185
161.249577 -135.439560
161.249673 -129.314423
161.249769 -128.785431
161.249865 -131.084854
161.249962 -122.365608
161.250058 -120.626724
161.250154 -120.918549
161.250250 -123.334869
161.250346 -123.574203
161.250442 -125.313766
161.250538 -121.209908
161.250635 -121.234009
161.250731 -124.010498
161.250827 -125.724747
161.250923 -127.065796
161.251019 -132.663651
161.251115 -134.018158
161.251212 -126.841431
161.251308 -122.417336
161.251404 -122.415283
161.251500 -126.503418
161.251596 -124.447762
161.251692 -124.341377
161.251788 -126.327866
161.251885 -126.666870
161.251981 -128.382141
161.252077 -136.778778
161.252173 -132.325302
161.252269 -129.673798
161.252365 -129.602936
161.252462 -130.749100
161.252558 -131.790848
161.252654 -126.739616
161.252750 -126.198738
161.252846 -127.509155
161.252942 -129.155792
161.253038 -123.396904
161.253135 -123.018074
161.253231 -123.347610
161.253327 -123.758240
161.253423 -125.061966
161.253519 -124.469856
161.253615 -127.654732
161.253712 -132.503967
161.253808 -135.973846
161.253904 -131.267151
161.254000 -131.394409
161.254096 -133.318573
161.254192 -125.471199
161.254288 -124.569130
161.254385 -126.045464
161.254481 -127.574348
161.254577 -124.912727
161.254673 -124.081528
161.254769 -124.589600
161.254865 -132.359802
161.254962 -134.682297
161.255058 -125.527817
161.255154 -124.800400
161.255250 -126.355637
161.255346 -127.379028
161.255442 -127.423172
161.255538 -127.545105
161.255635 -125.518417
161.255731 -125.575569
161.255827 -126.590996
161.255923 -121.791473
161.256019 -120.586288
161.256115 -119.493683
161.256212 -119.493690
161.256308 -123.084824
161.256404 -130.815155
161.256500 -132.003494
161.256596 -132.850403
161.256692 -128.948395
161.256788 -128.933807
161.256885 -122.176361
161.256981 -121.408440
161.257077 -122.890976
161.257173 -125.934982
161.257269 -121.643890
161.257365 -121.325188
161.257462 -122.990974
161.257558 -130.460648
161.257654 -123.571510
161.257750 -123.053299
161.257846 -124.605118
161.257942 -128.871033
161.258038 -128.620270
161.258135 -135.216125
161.258231 -131.296661
161.258327 -122.910736
161.258423 -122.881584
161.258519 -121.046669
161.258615 -120.834251
161.258712 -124.077705
161.258808 -123.765182
161.258904 -122.637100
161.259000 -123.040710
161.259096 -123.702545
161.259192 -119.642921
161.259288 -118.887161
161.259385 -119.107834
161.259481 -123.049889
161.259577 -122.765907
161.259673 -122.786247
161.259769 -124.841011
161.259865 -129.812790
161.259962 -129.794815
161.260058 -125.972519
161.260154 -125.229126
161.260250 -124.126358
161.260346 -124.898155
161.260442 -126.986343
161.260538 -127.013748
161.260635 -124.348022
161.260731 -120.491913
161.260827 -119.638885
161.260923 -120.036034
161.261019 -123.524796
161.261115 -118.738510
161.261212 -118.735794
161.261308 -122.329796
161.261404 -133.836548
161.261500 -133.563400
161.261596 -123.411415
161.261692 -122.226593
161.261788 -124.428024
161.261885 -128.169464
161.261981 -128.531143
161.262077 -129.785583
161.262173 -125.481194
161.262269 -125.210609
161.262365 -125.884094
161.262462 -129.374146
161.262558 -138.242126
161.262654 -133.699265
161.262750 -126.684319
161.262846 -123.948700
161.262942 -124.140610
161.263038 -125.042671
161.263135 -124.853607
161.263231 -125.477119
161.263327 -122.339500
161.263423 -121.665146
161.263519 -122.382477
161.263615 -128.398880
161.263712 -126.230873
161.263808 -124.459198
161.263904 -122.669670
161.264000 -121.743820
161.264096 -121.927116
161.264192 -122.077026
161.264288 -120.408264
161.264385 -121.016899
161.264481 -122.927048
161.264577 -121.557877
161.264673 -122.918488
161.264769 -128.738892
161.264865 -120.775429
161.264962 -118.652077
161.265058 -118.821136
161.265154 -124.631630
161.265250 -123.798645
161.265346 -123.798653
161.265442 -126.687897
161.265538 -127.123428
161.265635 -125.172852
161.265731 -122.574959
161.265827 -121.846207
161.265923 -122.747093
161.266019 -124.277946
161.266115 -123.498985
161.266212 -125.822220
161.266308 -129.886703
161.266404 -122.766685
161.266500 -120.323982
161.266596 -120.464508
161.266692 -123.361046
161.266788 -124.118759
161.266885 -126.010818
161.266981 -125.823166
161.267077 -124.792953
161.267173 -123.244888
161.267269 -123.327019
161.267365 -127.097610
161.267462 -124.969543
161.267558 -124.975090
161.267654 -129.726517
161.267750 -130.845490
161.267846 -128.498978
161.267942 -121.364502
161.268038 -119.216415
161.268135 -119.612724
161.268231 -126.317993
161.268327 -123.886734
161.268423 -122.369827
161.268519 -122.564003
161.268615 -122.926155
161.268712 -120.161247
161.268808 -120.305832
161.268904 -119.910919
161.269000 -119.547920
161.269096 -120.385910
161.269192 -122.760033
161.269288 -128.798935
161.269385 -131.053024
161.269481 -125.872627
161.269577 -124.980537
161.269673 -126.008278
161.269769 -123.756279
161.269865 -123.768478
161.269962 -126.605438
161.270058 -129.204987
161.270154 -122.127968
161.270250 -122.122002
161.270346 -127.224854
161.270442 -127.075996
161.270538 -127.730904
161.270635 -131.470078
161.270731 -130.347748
161.270827 -130.408676
161.270923 -125.735542
161.271019 -122.750099
161.271115 -123.227936
161.271212 -120.506920
161.271308 -119.182922
161.271404 -119.649231
161.271500 -124.709389
161.271596 -127.600121
161.271692 -126.449509
161.271788 -126.448608
161.271885 -130.128540
161.271981 -130.046143
161.272077 -137.715668
161.272173 -127.453445
161.272269 -123.397003
161.272365 -123.364182
161.272462 -123.893082
161.272558 -125.648918
161.272654 -122.740463
161.272750 -122.590057
161.272846 -127.999466
161.272942 -124.775604
161.273038 -125.052238
161.273135 -129.280121
161.273231 -128.986633
161.273327 -127.059555
161.273423 -127.048004
161.273519 -131.012604
161.273615 -139.448944
161.273712 -133.355331
161.273808 -128.677673
161.273904 -124.395470
161.274000 -123.599365
161.274096 -123.004578
161.274192 -122.257675
161.274288 -122.347565
161.274385 -122.913818
161.274481 -121.680305
161.274577 -121.764481
161.274673 -124.941620
161.274769 -129.897156
161.274865 -125.151726
161.274962 -121.067856
161.275058 -121.084602
161.275154 -123.240898
161.275250 -124.234993
161.275346 -127.802963
161.275442 -124.171112
161.275538 -122.424423
161.275635 -122.449150
161.275731 -125.843735
161.275827 -126.886925
161.275923 -136.498032
161.276019 -142.099182
161.276115 -134.660950
161.276212 -134.676651
161.276308 -128.002869
161.276404 -127.042976
161.276500 -127.373566
161.276596 -128.046707
161.276692 -126.555824
161.276788 -128.522003
161.276885 -129.710800
161.276981 -129.851425
161.277077 -131.170517
161.277173 -128.320587
161.277269 -128.325241
161.277365 -125.747360
161.277462 -124.820671
161.277558 -128.023529
161.277654 -126.482689
161.277750 -127.274467
161.277846 -124.615662
161.277942 -120.619827
161.278038 -120.561684
161.278135 -121.887253
161.278231 -126.252876
161.278327 -125.584625
161.278423 -128.755234
161.278519 -130.454437
161.278615 -135.143692
161.278712 -135.636047
161.278808 -125.453018
161.278904 -123.605591
161.279000 -124.491585
161.279096 -130.790009
161.279192 -133.336136
161.279288 -126.417877
161.279385 -122.066025
161.279481 -121.733208
161.279577 -122.428490
161.279673 -126.824783
161.279769 -125.656982
161.279865 -124.426941
161.279962 -122.967430
161.280058 -119.917915
161.280154 -120.264328
161.280250 -128.955978
161.280346 -125.963028
161.280442 -125.922142
161.280538 -124.556572
161.280635 -122.204071
161.280731 -122.242035
161.280827 -126.035233
161.280923 -127.642853
161.281019 -127.100487
161.281115 -127.234474
161.281212 -121.349556
161.281308 -116.325424
161.281404 -116.024071
161.281500 -117.670456
161.281596 -125.129906
161.281692 -121.485313
161.281788 -121.369034
161.281885 -122.372375
161.281981 -124.440720
161.282077 -127.164268
161.282173 -132.398590
161.282269 -128.340027
161.282365 -123.370262
161.282462 -122.772469
161.282558 -122.766083
161.282654 -125.336662
161.282750 -127.316124
161.282846 -126.524803
161.282942 -127.139809
161.283038 -125.421364
161.283135 -122.764153
161.283231 -121.583931
161.283327 -122.258095
161.283423 -132.379440
161.283519 -135.410141
161.283615 -129.130753
161.283712 -125.895744
161.283808 -126.761635
161.283904 -142.637238
161.284000 -128.229523
161.284096 -123.085983
161.284192 -122.723640
161.284288 -123.236984
161.284385 -122.869751
161.284481 -120.287788
161.284577 -120.358528
161.284673 -125.711899
161.284769 -128.211365
161.284865 -124.269897
161.284962 -124.496628
161.285058 -125.152016
161.285154 -125.210373
161.285250 -129.907303
161.285346 -129.358795
161.285442 -121.575554
161.285538 -119.406975
161.285635 -119.591820
161.285731 -122.971443
161.285827 -129.765930
161.285923 -125.864082
161.286019 -121.894432
161.286115 -121.715569
161.286212 -123.981667
161.286308 -126.863235
161.286404 -124.597137
161.286500 -124.682686
161.286596 -122.452736
161.286692 -118.316864
161.286788 -118.305794
161.286885 -121.371689
161.286981 -129.051163
161.287077 -120.347366
161.287173 -119.076027
161.287269 -119.586708
161.287365 -122.797585
161.287462 -122.910988
161.287558 -123.924370
161.287654 -124.625328
161.287750 -125.521103
161.287846 -126.566765
161.287942 -126.611496
161.288038 -125.508881
161.288135 -124.586525
161.288231 -125.045792
161.288327 -130.693420
161.288423 -125.715607
161.288519 -125.730621
161.288615 -126.896751
161.288712 -128.476669
161.288808 -126.053230
161.288904 -126.859970
161.289000 -122.021042
161.289096 -122.057961
161.289192 -120.435112
161.289288 -120.279282
161.289385 -122.042122
161.289481 -128.713638
161.289577 -128.528076
161.289673 -127.429001
161.289769 -126.670273
161.289865 -128.124298
161.289962 -127.199303
161.290058 -127.198410
161.290154 -129.511261
161.290250 -129.563477
161.290346 -128.878891
161.290442 -127.579781
161.290538 -127.598801
161.290635 -124.012611
161.290731 -122.067429
161.290827 -122.495850
161.290923 -127.391930
161.291019 -129.970032
161.291115 -127.202835
161.291212 -127.282867
161.291308 -120.819504
161.291404 -120.610214
161.291500 -123.036316
161.291596 -127.049095
161.291692 -127.900795
161.291788 -127.349022
161.291885 -127.430588
161.291981 -132.308472
161.292077 -131.956238
161.292173 -131.548965
161.292269 -130.338989
161.292365 -130.340393
161.292462 -135.842499
161.292558 -129.951096
161.292654 -129.974426
161.292750 -131.940018
161.292846 -126.997627
161.292942 -127.066658
161.293038 -127.426277
161.293135 -123.095482
161.293231 -122.704575
161.293327 -124.690506
161.293423 -127.983383
161.293519 -133.307327
161.293615 -128.315750
161.293712 -128.293243
161.293808 -127.178902
161.293904 -125.166168
161.294000 -125.741234
161.294096 -125.493408
161.294192 -127.392654
161.294288 -136.494034
161.294385 -128.899017
161.294481 -120.393158
161.294577 -119.275391
161.294673 -120.138878
161.294769 -121.937889
161.294865 -121.803169
161.294962 -125.707230
161.295058 -122.335495
161.295154 -122.325432
161.295250 -124.715515
161.295346 -122.804253
161.295442 -122.799629
161.295538 -128.037888
161.295635 -123.149780
161.295731 -121.136490
161.295827 -121.074806
161.295923 -122.561279
161.296019 -127.832474
161.296115 -126.035484
161.296212 -123.558945
161.296308 -122.851295
161.296404 -123.566833
161.296500 -124.253761
161.296596 -122.773544
161.296692 -123.080742
161.296788 -127.643074
161.296885 -125.363136
161.296981 -126.225342
161.297077 -134.084549
161.297173 -127.332687
161.297269 -125.876457
161.297365 -126.929482
161.297462 -128.967712
161.297558 -124.984222
161.297654 -124.300797
161.297750 -126.195213
161.297846 -134.248230
161.297942 -129.333740
161.298038 -122.586105
161.298135 -121.321411
161.298231 -122.304810
161.298327 -131.771759
161.298423 -127.205437
161.298519 -127.683418
161.298615 -120.561157
161.298712 -120.263901
161.298808 -123.146149
161.298904 -129.120636
161.299000 -128.860748
161.299096 -128.654633
161.299192 -124.859673
161.299288 -122.744667
161.299385 -122.778992
161.299481 -127.838310
161.299577 -127.565308
161.299673 -129.026932
161.299769 -122.464836
161.299865 -118.299171
161.299962 -117.783501
161.300058 -118.852921
161.300154 -125.725876
161.300250 -132.392349
161.300346 -124.969269
161.300442 -124.776405
161.300538 -121.772728
161.300635 -121.478699
161.300731 -123.621704
161.300827 -121.283020
161.300923 -119.470718
161.301019 -119.808960
161.301115 -121.903610
161.301212 -124.638611
161.301308 -120.191750
161.301404 -119.377007
161.301500 -120.097336
161.301596 -124.125969
161.301692 -122.006935
161.301788 -121.997314
161.301885 -125.402534
161.301981 -124.687477
161.302077 -120.382217
161.302173 -120.406281
161.302269 -125.861900
161.302365 -126.026932
161.302462 -125.808205
161.302558 -128.652573
161.302654 -128.833893
161.302750 -129.056107
161.302846 -129.310822
161.302942 -131.506973
161.303038 -123.635689
161.303135 -119.794044
161.303231 -118.742256
161.303327 -118.021118
161.303423 -116.225067
161.303519 -116.211769
161.303615 -118.601006
161.303712 -119.678917
161.303808 -117.575417
161.303904 -117.148476
161.304000 -117.474983
161.304096 -123.394753
161.304192 -124.346062
161.304288 -125.214935
161.304385 -124.505707
161.304481 -125.413254
161.304577 -132.448853
161.304673 -131.568558
161.304769 -126.255600
161.304865 -126.220093
161.304962 -128.703842
161.305058 -134.797821
161.305154 -124.294762
161.305250 -121.609352
161.305346 -121.491028
161.305442 -122.097824
161.305538 -125.295998
161.305635 -126.941879
161.305731 -120.044861
161.305827 -119.420815
161.305923 -120.279510
161.306019 -126.082695
161.306115 -124.623009
161.306212 -124.598206
161.306308 -123.921677
161.306404 -121.818466
161.306500 -122.263412
161.306596 -123.520752
161.306692 -123.504616
161.306788 -123.608246
161.306885 -121.091759
161.306981 -121.161179
161.307077 -124.724838
161.307173 -132.120743
161.307269 -133.525452
161.307365 -132.538071
161.307462 -126.377518
161.307558 -123.797852
161.307654 -119.415581
161.307750 -118.279396
161.307846 -118.808838
161.307942 -123.441895
161.308038 -121.461990
161.308135 -121.730583
161.308231 -127.407318
161.308327 -126.279015
161.308423 -125.077171
161.308519 -125.174950
161.308615 -123.719139
161.308712 -123.333969
161.308808 -126.505989
161.308904 -128.593582
161.309000 -128.149963
161.309096 -130.246429
161.309192 -124.491791
161.309288 -124.442856
161.309385 -128.935226
161.309481 -126.064049
161.309577 -123.495079
161.309673 -119.987663
161.309769 -119.957146
161.309865 -121.470627
161.309962 -127.371956
161.310058 -133.256683
161.310154 -136.144775
161.310250 -138.541077
161.310346 -133.303741
161.310442 -129.685074
161.310538 -129.016678
161.310635 -124.577011
161.310731 -124.050148
161.310827 -126.415115
161.310923 -124.240921
161.311019 -124.785568
161.311115 -135.710938
161.311212 -126.699562
161.311308 -123.279449
161.311404 -123.534798
161.311500 -130.625519
161.311596 -133.561066
161.311692 -133.644821
161.311788 -121.020081
161.311885 -117.885422
161.311981 -117.879219
161.312077 -119.712372
161.312173 -125.673172
161.312269 -136.280151
161.312365 -136.103683
161.312462 -131.289536
161.312558 -120.628174
161.312654 -117.171249
161.312750 -117.168053
161.312846 -119.009926
161.312942 -123.129204
161.313038 -124.591827
161.313135 -124.675346
161.313231 -123.782379
161.313327 -121.195946
161.313423 -121.268845
161.313519 -126.710899
161.313615 -127.475204
161.313712 -129.876114
161.313808 -124.551117
161.313904 -118.685722
161.314000 -118.351387
161.314096 -119.663963
161.314192 -122.669136
161.314288 -124.730843
161.314385 -128.908798
161.314481 -126.838211
161.314577 -124.735260
161.314673 -121.346405
161.314769 -121.243217
161.314865 -123.103539
161.314962 -128.616135
161.315058 -130.571655
161.315154 -123.032761
161.315250 -119.395576
161.315346 -118.633728
161.315442 -119.081093
161.315538 -122.526100
161.315635 -128.634491
161.315731 -123.966217
161.315827 -123.897766
161.315923 -126.348869
161.316019 -124.275101
161.316115 -122.763405
161.316212 -123.149315
161.316308 -124.158165
161.316404 -125.708733
161.316500 -126.551537
161.316596 -125.654427
161.316692 -126.136292
161.316788 -126.133247
161.316885 -122.104721
161.316981 -122.127251
161.317077 -126.897064
161.317173 -129.988098
161.317269 -125.749298
161.317365 -125.741104
161.317462 -125.441307
161.317558 -122.646889
161.317654 -122.640045
161.317750 -123.569855
161.317846 -123.580849
161.317942 -124.021805
161.318038 -123.073563
161.318135 -124.247787
161.318231 -122.360275
161.318327 -122.188522
161.318423 -126.223778
161.318519 -124.327545
161.318615 -124.471054
161.318712 -129.867020
161.318808 -124.116554
161.318904 -121.631729
161.319000 -121.823097
161.319096 -122.691101
161.319192 -120.400345
161.319288 -120.474304
161.319385 -125.976540
161.319481 -120.928001
161.319577 -118.614868
161.319673 -118.423569
161.319769 -118.694695
161.319865 -119.173729
161.319962 -121.364204
161.320058 -127.322624
161.320154 -127.314934
161.320250 -121.221756
161.320346 -120.740631
161.320442 -121.180511
161.320538 -119.907967
161.320635 -119.909454
161.320731 -120.980202
161.320827 -123.393227
161.320923 -123.927856
161.321019 -123.820068
161.321115 -124.878723
161.321212 -125.701279
161.321308 -121.825188
161.321404 -120.585693
161.321500 -121.119354
161.321596 -131.754303
161.321692 -129.062958
161.321788 -129.158920
161.321885 -124.118240
161.321981 -122.394310
161.322077 -123.419731
161.322173 -122.386543
161.322269 -121.146530
161.322365 -121.643784
161.322462 -124.344559
161.322558 -124.876427
161.322654 -125.798088
161.322750 -126.099052
161.322846 -127.078873
161.322942 -129.702530
161.323038 -129.982590
161.323135 -130.008087
161.323231 -119.191711
161.323327 -116.644478
161.323423 -116.699974
161.323519 -120.433037
161.323615 -123.301086
161.323712 -117.378006
161.323808 -116.013069
161.323904 -116.082825
161.324000 -117.999512
161.324096 -122.106201
161.324192 -128.410583
161.324288 -126.237495
161.324385 -124.816772
161.324481 -126.090851
161.324577 -122.976852
161.324673 -122.854866
161.324769 -124.019104
161.324865 -122.231636
161.324962 -122.436462
161.325058 -124.920578
161.325154 -120.722786
161.325250 -120.824112
161.325346 -125.182976
161.325442 -124.421326
161.325538 -124.631699
161.325635 -120.268997
161.325731 -120.342010
161.325827 -124.399376
161.325923 -126.161118
161.326019 -128.318069
161.326115 -128.872589
161.326212 -131.155807
161.326308 -134.555420
161.326404 -133.725357
161.326500 -136.103302
161.326596 -140.904282
161.326692 -137.675873
161.326788 -139.408249
161.326885 -129.691711
161.326981 -120.737671
161.327077 -119.245010
161.327173 -119.299644
161.327269 -121.475243
161.327365 -122.295258
161.327462 -122.384491
161.327558 -124.539841
161.327654 -123.892876
161.327750 -124.955238
161.327846 -122.870308
161.327942 -120.227287
161.328038 -120.190117
161.328135 -122.459152
161.328231 -125.232666
161.328327 -126.422325
161.328423 -132.395767
161.328519 -127.753807
161.328615 -125.762939
161.328712 -126.262497
161.328808 -135.683350
161.328904 -133.553070
161.329000 -123.799980
161.329096 -123.339417
161.329192 -126.697014
161.329288 -125.109947
161.329385 -125.520035
161.329481 -122.287270
161.329577 -120.056770
161.329673 -120.118736
161.329769 -123.870064
161.329865 -123.723228
161.329962 -123.824326
161.330058 -124.240158
161.330154 -129.119385
161.330250 -124.987831
161.330346 -123.626617
161.330442 -120.930283
161.330538 -120.420372
161.330635 -121.297173
161.330731 -129.025574
161.330827 -125.668854
161.330923 -124.825066
161.331019 -125.782799
161.331115 -124.717651
161.331212 -124.618866
161.331308 -124.478935
161.331404 -124.507980
161.331500 -131.594650
161.331596 -134.029602
161.331692 -123.443748
161.331788 -120.561310
161.331885 -120.561356
161.331981 -122.456673
161.332077 -125.912125
161.332173 -131.084152
161.332269 -126.841904
161.332365 -127.051392
161.332462 -126.828186
161.332558 -126.799400
161.332654 -132.415741
161.332750 -132.530518
161.332846 -131.857254
161.332942 -127.236519
161.333038 -123.337936
161.333135 -120.691788
161.333231 -120.865440
161.333327 -123.898239
161.333423 -124.375221
161.333519 -130.621353
161.333615 -130.185501
161.333712 -121.849831
161.333808 -119.716087
161.333904 -120.147858
161.334000 -120.931870
161.334096 -120.875725
161.334192 -122.816185
161.334288 -122.628433
161.334385 -120.121605
161.334481 -118.141777
161.334577 -116.881767
161.334673 -117.137794
161.334769 -121.946854
161.334865 -121.481995
161.334962 -121.441338
161.335058 -123.111130
161.335154 -121.815987
161.335250 -121.981712
161.335346 -121.751511
161.335442 -121.792595
161.335538 -127.374779
161.335635 -125.343941
161.335731 -125.305260
161.335827 -127.176353
161.335923 -124.862946
161.336019 -124.026199
161.336115 -127.071434
161.336212 -122.299423
161.336308 -122.262611
161.336404 -119.015923
161.336500 -118.570374
161.336596 -119.753662
161.336692 -127.867355
161.336788 -124.518524
161.336885 -120.615364
161.336981 -120.232841
161.337077 -120.588585
161.337173 -118.940155
161.337269 -118.861771
161.337365 -120.097122
161.337462 -125.239365
161.337558 -126.514832
161.337654 -126.367798
161.337750 -128.944397
161.337846 -132.303024
161.337942 -125.575134
161.338038 -122.868385
161.338135 -121.510452
161.338231 -121.759102
161.338327 -125.306526
161.338423 -123.746681
161.338519 -121.381874
161.338615 -121.914543
161.338712 -126.427353
161.338808 -122.992195
161.338904 -122.768990
161.339000 -123.669701
161.339096 -127.547653
161.339192 -121.589729
161.339288 -121.263962
161.339385 -123.157982
161.339481 -130.001312
161.339577 -125.664185
161.339673 -125.193962
161.339769 -126.968315
161.339865 -127.016830
161.339962 -121.737358
161.340058 -119.592079
161.340154 -119.947899
161.340250 -124.804222
161.340346 -122.913483
161.340442 -124.361977
161.340538 -124.696213
161.340635 -124.103851
161.340731 -124.039169
161.340827 -121.870544
161.340923 -123.943077
161.341019 -120.781380
161.341115 -120.627411
161.341212 -123.528404
161.341308 -132.931961
161.341404 -135.951080
161.341500 -132.263641
161.341596 -125.894180
161.341692 -121.403877
161.341788 -121.404655
161.341885 -124.921455
161.341981 -126.520889
161.342077 -125.947586
161.342173 -127.426369
161.342269 -124.440407
161.342365 -123.681328
161.342462 -123.712585
161.342558 -124.029259
161.342654 -129.620026
161.342750 -128.108582
161.342846 -120.787804
161.342942 -120.767563
161.343038 -123.821381
161.343135 -126.442108
161.343231 -121.563728
161.343327 -121.581703
161.343423 -122.811974
161.343519 -122.149033
161.343615 -121.434433
161.343712 -121.191185
161.343808 -122.048523
161.343904 -126.308487
161.344000 -121.613029
161.344096 -121.458153
161.344192 -122.595757
161.344288 -120.826637
161.344385 -121.064301
161.344481 -126.838158
161.344577 -123.464699
161.344673 -123.389351
161.344769 -126.368500
161.344865 -124.002357
161.344962 -122.235336
161.345058 -121.552460
161.345154 -121.946587
161.345250 -122.218796
161.345346 -122.271294
161.345442 -122.172218
161.345538 -123.074539
161.345635 -123.450493
161.345731 -120.440796
161.345827 -120.096420
161.345923 -120.480110
161.346019 -124.859055
161.346115 -127.332977
161.346212 -127.214378
161.346308 -122.590805
161.346404 -122.845245
161.346500 -118.727699
161.346596 -117.648819
161.346692 -117.686737
161.346788 -121.185318
161.346885 -127.732346
161.346981 -126.305351
161.347077 -123.239342
161.347173 -120.860657
161.347269 -122.219757
161.347365 -129.352310
161.347462 -123.206955
161.347558 -122.501259
161.347654 -123.010719
161.347750 -122.700752
161.347846 -119.927948
161.347942 -119.895729
161.348038 -122.886101
161.348135 -134.834778
161.348231 -133.088837
161.348327 -128.659622
161.348423 -127.145287
161.348519 -121.892036
161.348615 -119.249130
161.348712 -119.360214
161.348808 -123.698128
161.348904 -134.043869
161.349000 -134.045578
161.349096 -123.349785
161.349192 -119.890709
161.349288 -119.969383
161.349385 -126.539276
161.349481 -130.284134
161.349577 -125.439575
161.349673 -125.400368
161.349769 -124.262947
161.349865 -124.934029
161.349962 -134.261948
161.350058 -127.863678
161.350154 -124.216270
161.350250 -124.462677
161.350346 -120.262695
161.350442 -118.312294
161.350538 -118.333641
161.350635 -121.028305
161.350731 -125.108528
161.350827 -124.511436
161.350923 -126.168449
161.351019 -129.396210
161.351115 -121.452888
161.351212 -119.927185
161.351308 -120.104774
161.351404 -122.697372
161.351500 -120.436081
161.351596 -120.925812
161.351692 -124.614548
161.351788 -123.969185
161.351885 -128.972626
161.351981 -128.055115
161.352077 -121.778786
161.352173 -116.128922
161.352269 -115.714096
161.352365 -115.937370
161.352462 -118.721817
161.352558 -127.904472
161.352654 -124.006432
161.352750 -123.872726
161.352846 -127.144554
161.352942 -125.139420
161.353038 -125.584282
161.353135 -119.884491
161.353231 -119.944221
161.353327 -121.600609
161.353423 -121.431412
161.353519 -119.592758
161.353615 -119.354546
161.353712 -119.523346
161.353808 -122.067123
161.353904 -117.122322
161.354000 -117.149940
161.354096 -120.238899
161.354192 -124.422409
161.354288 -121.495316
161.354385 -120.771774
161.354481 -118.941452
161.354577 -116.292061
161.354673 -116.294571
161.354769 -119.719788
161.354865 -120.292717
161.354962 -122.109802
161.355058 -122.107559
161.355154 -118.844292
161.355250 -118.832802
161.355346 -118.282097
161.355442 -116.140884
161.355538 -116.119545
161.355635 -118.344307
161.355731 -127.197227
161.355827 -128.974335
161.355923 -130.415314
161.356019 -129.739670
161.356115 -129.958633
161.356212 -124.052635
161.356308 -118.870804
161.356404 -117.113800
161.356500 -117.050446
161.356596 -118.642036
161.356692 -122.550598
161.356788 -121.728004
161.356885 -123.147781
161.356981 -125.474693
161.357077 -122.968208
161.357173 -121.921692
161.357269 -122.000359
161.357365 -121.006271
161.357462 -121.863480
161.357558 -125.968231
161.357654 -122.671852
161.357750 -121.932480
161.357846 -122.523293
161.357942 -127.003883
161.358038 -130.280914
161.358135 -123.989021
161.358231 -123.924141
161.358327 -127.058006
161.358423 -125.494316
161.358519 -125.426567
161.358615 -123.538895
161.358712 -123.073708
161.358808 -125.124092
161.358904 -123.694267
161.359000 -126.102623
161.359096 -122.645477
161.359192 -119.686203
161.359288 -119.670906
161.359385 -119.733681
161.359481 -118.423515
161.359577 -118.428635
161.359673 -120.583366
161.359769 -123.597244
161.359865 -123.103081
161.359962 -125.884514
161.360058 -122.799049
161.360154 -123.045906
161.360250 -126.789841
161.360346 -121.180740
161.360442 -121.299637
161.360538 -122.598488
161.360635 -122.504562
161.360731 -122.991379
161.360827 -120.413574
161.360923 -118.008888
161.361019 -118.015579
161.361115 -121.154022
161.361212 -119.666634
161.361308 -121.463387
161.361404 -122.723259
161.361500 -123.084221
161.361596 -126.763306
161.361692 -126.036354
161.361788 -123.275085
161.361885 -121.967918
161.361981 -121.095787
161.362077 -121.556648
161.362173 -120.666481
161.362269 -119.534058
161.362365 -120.781013
161.362462 -127.200821
161.362558 -126.089188
161.362654 -124.565735
161.362750 -124.357933
161.362846 -124.971611
161.362942 -131.417038
161.363038 -133.971970
161.363135 -126.786125
161.363231 -124.028023
161.363327 -124.002815
161.363423 -125.702309
161.363519 -125.662376
161.363615 -122.568253
161.363712 -122.452019
161.363808 -120.790863
161.363904 -119.172401
161.364000 -119.489441
161.364096 -121.239807
161.364192 -118.083847
161.364288 -118.092224
161.364385 -121.435806
161.364481 -123.474380
161.364577 -121.041801
161.364673 -121.026306
161.364769 -122.770187
161.364865 -118.778809
161.364962 -118.454086
161.365058 -122.373116
161.365154 -121.662926
161.365250 -121.258575
161.365346 -122.161377
161.365442 -126.673706
161.365538 -123.224205
161.365635 -122.438637
161.365731 -120.748314
161.365827 -120.882042
161.365923 -125.452629
161.366019 -122.441544
161.366115 -122.498199
161.366212 -117.999161
161.366308 -116.469658
161.366404 -117.108734
161.366500 -117.003098
161.366596 -116.946640
161.366692 -117.840874
161.366788 -115.659218
161.366885 -114.528168
161.366981 -114.563454
161.367077 -115.207481
161.367173 -114.906403
161.367269 -116.186317
161.367365 -119.136841
161.367462 -115.539986
161.367558 -115.541481
161.367654 -120.262901
161.367750 -124.739334
161.367846 -120.349754
161.367942 -119.294937
161.368038 -119.331200
161.368135 -119.907852
161.368231 -123.395302
161.368327 -120.540825
161.368423 -116.189957
161.368519 -116.230347
161.368615 -123.866310
161.368712 -123.470879
161.368808 -124.717911
161.368904 -125.431358
161.369000 -119.626747
161.369096 -117.273109
161.369192 -116.000885
161.369288 -115.994942
161.369385 -116.632431
161.369481 -115.660492
161.369577 -115.938576
161.369673 -121.969398
161.369769 -120.091774
161.369865 -120.426178
161.369962 -119.434196
161.370058 -119.732780
161.370154 -117.993683
161.370250 -115.052254
161.370346 -115.061722
161.370442 -117.822701
161.370538 -124.715065
161.370635 -128.305496
161.370731 -123.025536
161.370827 -121.647789
161.370923 -120.394287
161.371019 -122.477501
161.371115 -120.236809
161.371212 -120.182198
161.371308 -123.013412
161.371404 -125.965286
161.371500 -128.139053
161.371596 -123.022934
161.371692 -123.013206
161.371788 -125.021950
161.371885 -121.204559
161.371981 -118.968506
161.372077 -119.118744
161.372173 -119.684715
161.372269 -115.466377
161.372365 -115.444939
161.372462 -119.922615
161.372558 -116.364227
161.372654 -115.869614
161.372750 -115.885483
161.372846 -116.427132
161.372942 -116.452782
161.373038 -123.383934
161.373135 -123.196541
161.373231 -115.911774
161.373327 -115.293900
161.373423 -112.962402
161.373519 -112.967781
161.373615 -117.773003
161.373712 -115.625793
161.373808 -115.724495
161.373904 -115.655319
161.374000 -115.410446
161.374096 -116.593788
161.374192 -118.752930
161.374288 -121.146255
161.374385 -113.213181
161.374481 -112.324249
161.374577 -112.779800
161.374673 -118.466034
161.374769 -120.691856
161.374865 -120.597420
161.374962 -121.737518
161.375058 -120.623672
161.375154 -120.766090
161.375250 -122.758804
161.375346 -121.197441
161.375442 -120.451744
161.375538 -114.265594
161.375635 -114.081604
161.375731 -115.947807
161.375827 -121.437462
161.375923 -120.512100
161.376019 -121.003845
161.376115 -117.760582
161.376212 -117.135994
161.376308 -116.112686
161.376404 -116.109619
161.376500 -117.384628
161.376596 -118.273407
161.376692 -116.354546
161.376788 -116.586372
161.376885 -122.172371
161.376981 -119.005348
161.377077 -113.732338
161.377173 -113.041382
161.377269 -113.540192
161.377365 -117.228691
161.377462 -118.211281
161.377558 -117.392372
161.377654 -113.168556
161.377750 -113.032166
161.377846 -115.315247
161.377942 -123.035484
161.378038 -123.634857
161.378135 -123.583336
161.378231 -117.864487
161.378327 -117.102150
161.378423 -117.856949
161.378519 -121.853951
161.378615 -119.118011
161.378712 -119.117149
161.378808 -122.891190
161.378904 -122.054710
161.379000 -123.841812
161.379096 -123.040916
161.379192 -117.141838
161.379288 -117.045654
161.379385 -119.835899
161.379481 -117.638351
161.379577 -115.690292
161.379673 -116.001701
161.379769 -117.787605
161.379865 -121.251793
161.379962 -121.215378
161.380058 -113.239845
161.380154 -110.749947
161.380250 -110.758240
161.380346 -111.970070
161.380442 -114.282143
161.380538 -120.737251
161.380635 -120.699280
161.380731 -120.885269
161.380827 -117.225548
161.380923 -117.217926
161.381019 -124.461037
161.381115 -124.321510
161.381212 -124.255211
161.381308 -120.269958
161.381404 -115.235268
161.381500 -114.738434
161.381596 -116.286819
161.381692 -120.941925
161.381788 -120.822433
161.381885 -124.866013
161.381981 -121.825287
161.382077 -119.715660
161.382173 -117.683357
161.382269 -116.934792
161.382365 -116.933456
161.382462 -119.102234
161.382558 -123.626160
161.382654 -120.343048
161.382750 -120.110695
161.382846 -116.303604
161.382942 -114.265236
161.383038 -114.413429
161.383135 -119.151367
161.383231 -116.536057
161.383327 -116.669624
161.383423 -120.982117
161.383519 -123.423782
161.383615 -119.481247
161.383712 -116.631058
161.383808 -116.933914
161.383904 -111.252106
161.384000 -110.983925
161.384096 -112.590721
161.384192 -120.890648
161.384288 -124.206345
161.384385 -122.365944
161.384481 -121.032898
161.384577 -123.121033
161.384673 -120.312164
161.384769 -121.108490
161.384865 -114.539001
161.384962 -112.022141
161.385058 -112.056633
161.385154 -115.384048
161.385250 -115.821632
161.385346 -115.838898
161.385442 -114.399673
161.385538 -114.397964
161.385635 -115.836586
161.385731 -113.452995
161.385827 -113.378807
161.385923 -113.460091
161.386019 -115.005928
161.386115 -116.150650
161.386212 -117.602859
161.386308 -122.712898
161.386404 -114.499367
161.386500 -113.958374
161.386596 -114.287399
161.386692 -114.948669
161.386788 -116.761559
161.386885 -122.653030
161.386981 -121.792656
161.387077 -118.603996
161.387173 -115.496964
161.387269 -115.579292
161.387365 -117.463631
161.387462 -116.061508
161.387558 -117.235390
161.387654 -115.146591
161.387750 -115.223991
161.387846 -121.329681
161.387942 -122.266777
161.388038 -122.985657
161.388135 -115.173622
161.388231 -114.087296
161.388327 -115.389992
161.388423 -116.479919
161.388519 -114.582481
161.388615 -114.826355
161.388712 -115.766457
161.388808 -118.857208
161.388904 -123.664352
161.389000 -119.273338
161.389096 -118.420570
161.389192 -118.494003
161.389288 -120.195435
161.389385 -122.497719
161.389481 -117.525276
161.389577 -112.207878
161.389673 -112.234283
161.389769 -109.483788
161.389865 -108.901344
161.389962 -109.080254
161.390058 -109.898949
161.390154 -114.225990
161.390250 -121.751129
161.390346 -120.913528
161.390442 -114.517563
161.390538 -114.417130
161.390635 -119.164764
161.390731 -116.785400
161.390827 -113.033760
161.390923 -112.137817
161.391019 -113.484238
161.391115 -113.623253
161.391212 -112.545135
161.391308 -112.621460
161.391404 -110.782013
161.391500 -109.862946
161.391596 -110.598976
161.391692 -116.164841
161.391788 -113.848274
161.391885 -111.039612
161.391981 -111.155304
161.392077 -114.694336
161.392173 -114.596008
161.392269 -116.258568
161.392365 -117.701332
161.392462 -114.885994
161.392558 -112.019501
161.392654 -111.234718
161.392750 -111.738045
161.392846 -116.471481
161.392942 -116.341568
161.393038 -116.442177
161.393135 -114.094788
161.393231 -114.137833
161.393327 -119.495209
161.393423 -116.937363
161.393519 -112.031052
161.393615 -110.274506
161.393712 -110.349037
161.393808 -112.283768
161.393904 -112.412964
161.394000 -114.953407
161.394096 -108.649117
161.394192 -108.288002
161.394288 -110.365372
161.394385 -112.186653
161.394481 -108.854416
161.394577 -108.849770
161.394673 -111.520798
161.394769 -117.920715
161.394865 -113.924690
161.394962 -108.724724
161.395058 -107.293625
161.395154 -107.874519
161.395250 -113.826767
161.395346 -117.882133
161.395442 -116.600128
161.395538 -111.507637
161.395635 -111.505249
161.395731 -115.206245
161.395827 -111.501984
161.395923 -108.633408
161.396019 -108.708488
161.396115 -109.145683
161.396212 -113.357460
161.396308 -111.810493
161.396404 -110.056679
161.396500 -109.239258
161.396596 -108.160820
161.396692 -108.461830
161.396788 -113.176804
161.396885 -112.512871
161.396981 -112.645042
161.397077 -113.302643
161.397173 -115.011917
161.397269 -118.393692
161.397365 -115.292740
161.397462 -111.908447
161.397558 -111.732964
161.397654 -105.609207
161.397750 -105.043365
161.397846 -106.678841
161.397942 -112.124268
161.398038 -110.695496
161.398135 -109.420708
161.398231 -109.789528
161.398327 -104.601982
161.398423 -104.516083
161.398519 -103.453934
161.398615 -102.687912
161.398712 -103.591614
161.398808 -114.063904
161.398904 -108.595657
161.399000 -105.491989
161.399096 -105.484573
161.399192 -106.978355
161.399288 -110.716934
161.399385 -112.643669
161.399481 -106.052002
161.399577 -106.060783
161.399673 -112.763260
161.399769 -109.926537
161.399865 -110.128189
161.399962 -113.812508
161.400058 -115.392265
161.400154 -110.745186
161.400250 -110.776093
161.400346 -109.190788
161.400442 -109.096527
161.400538 -108.378983
161.400635 -103.176727
161.400731 -100.759087
161.400827 -99.550545
161.400923 -99.558540
161.401019 -102.774147
161.401115 -106.593460
161.401212 -107.610115
161.401308 -113.728729
161.401404 -106.395218
161.401500 -104.724861
161.401596 -106.036293
161.401692 -109.506729
161.401788 -110.426323
161.401885 -113.162064
161.401981 -108.244087
161.402077 -104.519226
161.402173 -100.887497
161.402269 -100.062065
161.402365 -100.764130
161.402462 -107.191978
161.402558 -111.848686
161.402654 -105.720856
161.402750 -100.756607
161.402846 -97.240700
161.402942 -95.909515
161.403038 -95.941696
161.403135 -97.916779
161.403231 -103.730629
161.403327 -109.017509
161.403423 -110.926109
161.403519 -106.843796
161.403615 -106.833351
161.403712 -105.435478
161.403808 -104.970085
161.403904 -105.723221
161.404000 -112.426231
161.404096 -113.403519
161.404192 -113.782768
161.404288 -104.748329
161.404385 -99.848839
161.404481 -98.725769
161.404577 -98.816345
161.404673 -101.462334
161.404769 -103.317101
161.404865 -101.829407
161.404962 -102.507141
161.405058 -108.777458
161.405154 -108.760704
161.405250 -110.872589
161.405346 -103.779541
161.405442 -97.794785
161.405538 -93.886200
161.405635 -93.597679
161.405731 -95.288101
161.405827 -101.906303
161.405923 -101.145493
161.406019 -97.784706
161.406115 -97.568672
161.406212 -100.325569
161.406308 -99.148346
161.406404 -95.788841
161.406500 -95.537987
161.406596 -95.674583
161.406692 -97.182663
161.406788 -104.059288
161.406885 -99.516670
161.406981 -95.479485
161.407077 -95.477196
161.407173 -99.341782
161.407269 -95.646828
161.407365 -95.402908
161.407462 -97.197746
161.407558 -98.649681
161.407654 -97.643562
161.407750 -98.165947
161.407846 -93.953339
161.407942 -89.702591
161.408038 -89.413322
161.408135 -90.945938
161.408231 -96.470634
161.408327 -95.301460
161.408423 -95.873482
161.408519 -94.839279
161.408615 -93.258652
161.408712 -94.201019
161.408808 -98.937584
161.408904 -96.434631
161.409000 -94.447685
161.409096 -92.936813
161.409192 -92.936790
161.409288 -96.161148
161.409385 -99.149727
161.409481 -98.218941
161.409577 -97.545937
161.409673 -97.713074
161.409769 -99.737999
161.409865 -103.451569
161.409962 -93.790009
161.410058 -90.045135
161.410154 -90.060799
161.410250 -96.522209
161.410346 -94.707718
161.410442 -96.108818
161.410538 -102.604645
161.410635 -103.515305
161.410731 -95.776939
161.410827 -95.456551
161.410923 -97.070854
161.411019 -98.297432
161.411115 -98.299454
161.411212 -100.021744
161.411308 -106.462090
161.411404 -103.853371
161.411500 -99.942635
161.411596 -99.332085
161.411692 -99.341240
161.411788 -93.430931
161.411885 -92.953079
161.411981 -93.562874
161.412077 -95.548836
161.412173 -99.116966
161.412269 -101.258072
161.412365 -99.447212
161.412462 -98.226990
161.412558 -98.994118
161.412654 -98.272522
161.412750 -97.057434
161.412846 -97.320984
161.412942 -99.764175
161.413038 -102.140671
161.413135 -106.923790
161.413231 -101.212372
161.413327 -96.430145
161.413423 -95.902222
161.413519 -96.427818
161.413615 -99.377655
161.413712 -104.563812
161.413808 -111.633980
161.413904 -105.311440
161.414000 -102.294060
161.414096 -102.368546
161.414192 -107.901566
161.414288 -109.237976
161.414385 -105.027863
161.414481 -104.275459
161.414577 -105.084534
161.414673 -106.879364
161.414769 -103.237350
161.414865 -103.076118
161.414962 -105.198387
161.415058 -112.494186
161.415154 -106.950760
161.415250 -106.815483
161.415346 -108.948502
161.415442 -112.650841
161.415538 -113.559341
161.415635 -115.791237
161.415731 -116.231995
161.415827 -111.002197
161.415923 -105.912399
161.416019 -105.743744
161.416115 -107.994713
161.416212 -106.346176
161.416308 -105.144890
161.416404 -105.394043
161.416500 -108.995743
161.416596 -109.451103
161.416692 -108.412186
161.416788 -104.005760
161.416885 -103.451683
161.416981 -104.844627
161.417077 -103.004723
161.417173 -101.840401
161.417269 -101.018227
161.417365 -101.129860
161.417462 -104.431061
161.417558 -111.045563
161.417654 -112.712105
161.417750 -113.176407
161.417846 -116.332977
161.417942 -116.382942
161.418038 -106.810562
161.418135 -105.069489
161.418231 -105.907768
161.418327 -107.647049
161.418423 -104.761574
161.418519 -104.553871
161.418615 -105.411713
161.418712 -103.566177
161.418808 -103.369003
161.418904 -103.717033
161.419000 -104.440941
161.419096 -106.498779
161.419192 -110.096687
161.419288 -118.069954
161.419385 -117.948257
161.419481 -113.174080
161.419577 -108.873688
161.419673 -108.704155
161.419769 -109.304626
161.419865 -113.190620
161.419962 -109.705406
161.420058 -109.682137
161.420154 -110.065933
161.420250 -115.022270
161.420346 -110.453629
161.420442 -110.965973
161.420538 -112.560387
161.420635 -112.381493
161.420731 -114.415451
161.420827 -111.469513
161.420923 -110.554688
161.421019 -111.740860
161.421115 -114.166069
161.421212 -111.576050
161.421308 -109.121391
161.421404 -107.386543
161.421500 -106.832573
161.421596 -107.364792
161.421692 -111.745384
161.421788 -118.113602
161.421885 -110.285095
161.421981 -108.145012
161.422077 -108.568733
161.422173 -112.037361
161.422269 -114.948730
161.422365 -112.718552
161.422462 -112.260590
161.422558 -112.393684
161.422654 -112.569618
161.422750 -114.109566
161.422846 -116.160461
161.422942 -114.431038
161.423038 -108.717369
161.423135 -108.472488
161.423231 -108.237595
161.423327 -107.679054
161.423423 -108.682793
161.423519 -111.359482
161.423615 -111.314354
161.423712 -115.400711
161.423808 -114.781059
161.423904 -115.733604
161.424000 -118.299828
161.424096 -117.083000
161.424192 -110.942413
161.424288 -106.280769
161.424385 -105.672211
161.424481 -106.403717
161.424577 -110.356804
161.424673 -112.829796
161.424769 -113.914909
161.424865 -116.189034
161.424962 -115.081352
161.425058 -117.669945
161.425154 -117.909836
161.425250 -114.154266
161.425346 -114.158516
161.425442 -121.530777
161.425538 -118.646843
161.425635 -113.119232
161.425731 -111.067154
161.425827 -111.653839
161.425923 -115.450417
161.426019 -116.232246
161.426115 -112.028130
161.426212 -111.572823
161.426308 -112.699570
161.426404 -116.180176
161.426500 -112.415413
161.426596 -108.948730
161.426692 -108.895714
161.426788 -111.722214
161.426885 -119.823395
161.426981 -119.819382
161.427077 -122.210495
161.427173 -122.008362
161.427269 -123.916328
161.427365 -118.991714
161.427462 -114.559853
161.427558 -114.677086
161.427654 -122.434700
161.427750 -116.154922
161.427846 -116.429596
161.427942 -117.172638
161.428038 -117.172661
161.428135 -122.153122
161.428231 -123.436600
161.428327 -123.066795
161.428423 -124.027000
161.428519 -123.483940
161.428615 -123.156227
161.428712 -117.779854
161.428808 -112.712204
161.428904 -112.998802
161.429000 -116.631027
161.429096 -115.910263
161.429192 -113.438011
161.429288 -112.001274
161.429385 -111.912231
161.429481 -112.828255
161.429577 -115.784370
161.429673 -116.699669
161.429769 -114.995354
161.429865 -114.803802
161.429962 -112.448982
161.430058 -110.196144
161.430154 -110.145538
161.430250 -111.451683
161.430346 -116.954140
161.430442 -117.557655
161.430538 -117.200279
161.430635 -118.136124
161.430731 -113.515022
161.430827 -113.606339
161.430923 -120.912224
161.431019 -117.915588
161.431115 -117.967644
161.431212 -117.896194
161.431308 -114.457565
161.431404 -114.440399
161.431500 -115.440636
161.431596 -119.036598
161.431692 -130.322510
161.431788 -123.505051
161.431885 -123.480431
161.431981 -126.766838
161.432077 -117.995262
161.432173 -114.556854
161.432269 -114.714302
161.432365 -121.622681
161.432462 -123.850021
161.432558 -126.014618
161.432654 -122.984825
161.432750 -124.886497
161.432846 -120.783150
161.432942 -115.793251
161.433038 -116.034241
161.433135 -119.550575
161.433231 -119.783661
161.433327 -127.444855
161.433423 -119.760490
161.433519 -116.401672
161.433615 -114.144531
161.433712 -114.593933
161.433808 -115.555923
161.433904 -115.551300
161.434000 -116.026672
161.434096 -114.230515
161.434192 -112.918663
161.434288 -113.119392
161.434385 -113.166710
161.434481 -111.385063
161.434577 -111.613976
161.434673 -114.617699
161.434769 -120.197182
161.434865 -114.862053
161.434962 -114.860840
161.435058 -119.802124
161.435154 -117.391792
161.435250 -119.358574
161.435346 -115.653168
161.435442 -113.321838
161.435538 -112.730606
161.435635 -113.463249
161.435731 -114.804108
161.435827 -116.039619
161.435923 -123.091537
161.436019 -116.538834
161.436115 -114.692795
161.436212 -114.853058
161.436308 -117.358391
161.436404 -115.829659
161.436500 -115.195343
161.436596 -115.557205
161.436692 -118.281860
161.436788 -121.970955
161.436885 -120.177872
161.436981 -122.734253
161.437077 -118.631142
161.437173 -119.054161
161.437269 -123.365227
161.437365 -120.516685
161.437462 -120.336769
161.437558 -121.935982
161.437654 -123.726852
161.437750 -119.759483
161.437846 -119.521782
161.437942 -119.926125
161.438038 -119.328224
161.438135 -121.014847
161.438231 -117.953659
161.438327 -113.678841
161.438423 -113.418770
161.438519 -114.860817
161.438615 -122.014961
161.438712 -119.594788
161.438808 -119.607689
161.438904 -120.468384
161.439000 -126.356293
161.439096 -123.209740
161.439192 -113.512985
161.439288 -112.497726
161.439385 -113.173698
161.439481 -118.294731
161.439577 -122.428398
161.439673 -122.372910
161.439769 -124.501411
161.439865 -117.913673
161.439962 -115.896484
161.440058 -116.009758
161.440154 -117.135353
161.440250 -117.368401
161.440346 -117.993629
161.440442 -120.291847
161.440538 -122.707199
161.440635 -122.829147
161.440731 -122.188217
161.440827 -121.878754
161.440923 -121.936516
161.441019 -126.606743
161.441115 -127.491638
161.441212 -122.621460
161.441308 -119.446449
161.441404 -120.218262
161.441500 -121.640038
161.441596 -121.636505
161.441692 -126.349731
161.441788 -119.530647
161.441885 -119.437721
161.441981 -121.687508
161.442077 -119.796173
161.442173 -120.101578
161.442269 -119.068802
161.442365 -117.376595
161.442462 -116.937698
161.442558 -116.807175
161.442654 -119.152496
161.442750 -118.248940
161.442846 -116.511841
161.442942 -117.322266
161.443038 -122.114639
161.443135 -120.590469
161.443231 -116.526115
161.443327 -116.417755
161.443423 -117.885170
161.443519 -119.467567
161.443615 -119.331474
161.443712 -119.430817
161.443808 -122.853333
161.443904 -120.991516
161.444000 -121.863472
161.444096 -117.142021
161.444192 -116.363503
161.444288 -116.827179
161.444385 -117.098564
161.444481 -118.627357
161.444577 -121.319023
161.444673 -121.239052
161.444769 -121.877335
161.444865 -121.708710
161.444962 -120.690094
161.445058 -120.208244
161.445154 -121.752579
161.445250 -124.778015
161.445346 -124.490791
161.445442 -126.176949
161.445538 -128.681900
161.445635 -127.264168
161.445731 -124.833275
161.445827 -119.951042
161.445923 -119.835365
161.446019 -120.736130
161.446115 -122.831924
161.446212 -118.770004
161.446308 -118.276627
161.446404 -120.118538
161.446500 -121.840385
161.446596 -115.304733
161.446692 -114.678192
161.446788 -115.975761
161.446885 -117.452560
161.446981 -116.728485
161.447077 -118.588501
161.447173 -117.944443
161.447269 -117.476135
161.447365 -114.896141
161.447462 -114.671913
161.447558 -116.449364
161.447654 -124.920891
161.447750 -126.774803
161.447846 -127.746025
161.447942 -119.331200
161.448038 -116.826187
161.448135 -117.265869
161.448231 -122.948441
161.448327 -122.406639
161.448423 -123.765068
161.448519 -126.410400
161.448615 -125.084106
161.448712 -125.929611
161.448808 -117.389343
161.448904 -117.002846
161.449000 -118.446396
161.449096 -123.249809
161.449192 -125.992043
161.449288 -129.450668
161.449385 -124.801086
161.449481 -122.175835
161.449577 -118.971428
161.449673 -118.876373
161.449769 -119.102219
161.449865 -116.433022
161.449962 -116.429031
161.450058 -119.567551
161.450154 -122.228241
161.450250 -120.177666
161.450346 -118.653976
161.450442 -119.047211
161.450538 -122.586395
161.450635 -126.869865
161.450731 -119.911438
161.450827 -118.524536
161.450923 -118.756599
161.451019 -119.615700
161.451115 -120.144058
161.451212 -123.019478
161.451308 -120.555595
161.451404 -120.556007
161.451500 -117.459846
161.451596 -115.594681
161.451692 -116.036163
161.451788 -119.226814
161.451885 -128.997742
161.451981 -126.979012
161.452077 -118.774689
161.452173 -118.553825
161.452269 -120.382454
161.452365 -127.464043
161.452462 -124.591629
161.452558 -124.628296
161.452654 -123.093224
161.452750 -122.156723
161.452846 -122.664757
161.452942 -116.419533
161.453038 -115.945953
161.453135 -116.907227
161.453231 -118.865059
161.453327 -120.312027
161.453423 -120.938980
161.453519 -124.363922
161.453615 -121.612000
161.453712 -121.353424
161.453808 -123.085617
161.453904 -122.940147
161.454000 -115.872650
161.454096 -115.668633
161.454192 -118.200653
161.454288 -122.421684
161.454385 -121.471260
161.454481 -122.269318
161.454577 -126.901421
161.454673 -125.941780
161.454769 -118.740898
161.454865 -117.461624
161.454962 -117.473442
161.455058 -118.490143
161.455154 -118.606819
161.455250 -120.020653
161.455346 -119.128151
161.455442 -119.660835
161.455538 -120.073807
161.455635 -117.712349
161.455731 -116.922050
161.455827 -117.548630
161.455923 -126.711952
161.456019 -132.748230
161.456115 -129.392563
161.456212 -128.686798
161.456308 -121.553970
161.456404 -119.020210
161.456500 -118.493683
161.456596 -119.414543
161.456692 -128.005478
161.456788 -124.778870
161.456885 -123.937653
161.456981 -124.513336
161.457077 -128.157776
161.457173 -122.350533
161.457269 -122.239830
161.457365 -122.620193
161.457462 -121.021843
161.457558 -122.208801
161.457654 -124.337830
161.457750 -122.138084
161.457846 -117.830956
161.457942 -118.195724
161.458038 -119.918785
161.458135 -119.278816
161.458231 -120.710335
161.458327 -127.758690
161.458423 -127.344093
161.458519 -126.411606
161.458615 -126.318611
161.458712 -121.985222
161.458808 -116.602554
161.458904 -115.234962
161.459000 -115.418297
161.459096 -119.202827
161.459192 -119.621880
161.459288 -120.257889
161.459385 -126.157784
161.459481 -125.531853
161.459577 -123.883942
161.459673 -118.752808
161.459769 -117.612312
161.459865 -117.974930
161.459962 -123.368462
161.460058 -126.063377
161.460154 -126.542007
161.460250 -122.127434
161.460346 -120.727562
161.460442 -118.657593
161.460538 -118.673325
161.460635 -120.999023
161.460731 -121.547966
161.460827 -121.548935
161.460923 -122.865456
161.461019 -126.560966
161.461115 -122.448494
161.461212 -119.888206
161.461308 -119.847626
161.461404 -122.148582
161.461500 -123.585114
161.461596 -123.739212
161.461692 -118.415009
161.461788 -117.958183
161.461885 -119.006691
161.461981 -122.459282
161.462077 -120.746193
161.462173 -118.248199
161.462269 -117.332909
161.462365 -117.601486
161.462462 -121.461395
161.462558 -123.494286
161.462654 -118.930809
161.462750 -118.918312
161.462846 -120.537819
161.462942 -121.843262
161.463038 -122.588928
161.463135 -125.121376
161.463231 -119.683868
161.463327 -119.045273
161.463423 -120.495834
161.463519 -129.762863
161.463615 -128.817398
161.463712 -131.240524
161.463808 -124.995407
161.463904 -122.804512
161.464000 -123.066727
161.464096 -125.659241
161.464192 -126.277985
161.464288 -127.033241
161.464385 -123.309074
161.464481 -123.262184
161.464577 -127.995567
161.464673 -126.906082
161.464769 -126.898712
161.464865 -126.500092
161.464962 -120.496407
161.465058 -120.402435
161.465154 -123.502151
161.465250 -125.424583
161.465346 -125.276253
161.465442 -128.722000
161.465538 -119.097580
161.465635 -117.161789
161.465731 -117.472565
161.465827 -121.440407
161.465923 -116.889389
161.466019 -116.889374
161.466115 -121.112770
161.466212 -132.069458
161.466308 -123.435768
161.466404 -123.151474
161.466500 -124.956375
161.466596 -125.905472
161.466692 -125.912575
161.466788 -131.024780
161.466885 -127.400696
161.466981 -117.660637
161.467077 -113.864288
161.467173 -113.775459
161.467269 -114.705353
161.467365 -117.577377
161.467462 -123.855934
161.467558 -125.261765
161.467654 -127.907066
161.467750 -129.182755
161.467846 -126.824287
161.467942 -126.786674
161.468038 -128.613754
161.468135 -124.144882
161.468231 -124.068138
161.468327 -124.441063
161.468423 -128.775223
161.468519 -129.199890
161.468615 -123.540047
161.468712 -122.152489
161.468808 -124.213654
161.468904 -127.880829
161.469000 -127.631683
161.469096 -131.646759
161.469192 -128.461060
161.469288 -121.119202
161.469385 -119.737129
161.469481 -120.267685
161.469577 -127.776222
161.469673 -128.812271
161.469769 -122.750320
161.469865 -121.613655
161.469962 -124.012337
161.470058 -127.162590
161.470154 -127.536476
161.470250 -125.608681
161.470346 -121.751404
161.470442 -121.692261
161.470538 -123.816460
161.470635 -128.382492
161.470731 -128.689438
161.470827 -122.732010
161.470923 -120.511002
161.471019 -120.627548
161.471115 -122.044785
161.471212 -121.123932
161.471308 -121.476654
161.471404 -124.154755
161.471500 -124.687759
161.471596 -124.664627
161.471692 -123.837631
161.471788 -124.810715
161.471885 -127.537376
161.471981 -125.339012
161.472077 -125.914055
161.472173 -127.522224
161.472269 -119.650299
161.472365 -117.696098
161.472462 -117.772774
161.472558 -120.607124
161.472654 -123.662979
161.472750 -120.688484
161.472846 -117.495003
161.472942 -117.493073
161.473038 -119.938629
161.473135 -123.963043
161.473231 -123.868843
161.473327 -123.992653
161.473423 -124.079323
161.473519 -122.761398
161.473615 -121.336998
161.473712 -121.794128
161.473808 -123.351112
161.473904 -124.371490
161.474000 -128.610535
161.474096 -119.471512
161.474192 -118.504906
161.474288 -119.879143
161.474385 -129.617783
161.474481 -131.066696
161.474577 -131.020645
161.474673 -134.992111
161.474769 -127.878967
161.474865 -122.612862
161.474962 -122.138092
161.475058 -122.421165
161.475154 -127.089523
161.475250 -127.549713
161.475346 -123.308945
161.475442 -121.805656
161.475538 -122.259453
161.475635 -130.251236
161.475731 -128.189270
161.475827 -128.087280
161.475923 -131.279739
161.476019 -135.980408
161.476115 -130.521957
161.476212 -124.179169
161.476308 -123.846672
161.476404 -125.469048
161.476500 -124.751160
161.476596 -125.458878
161.476692 -120.973030
161.476788 -118.586853
161.476885 -118.653030
161.476981 -122.217262
161.477077 -123.914459
161.477173 -123.905136
161.477269 -124.878464
161.477365 -126.093658
161.477462 -128.207672
161.477558 -126.916321
161.477654 -124.950378
161.477750 -124.979263
161.477846 -128.190659
161.477942 -126.111618
161.478038 -121.985893
161.478135 -120.331444
161.478231 -120.403625
161.478327 -125.220413
161.478423 -122.774261
161.478519 -122.651993
161.478615 -124.152779
161.478712 -129.820435
161.478808 -121.449173
161.478904 -120.472595
161.479000 -121.644981
161.479096 -127.184761
161.479192 -129.553040
161.479288 -127.742500
161.479385 -124.840462
161.479481 -123.105354
161.479577 -122.849724
161.479673 -122.906487
161.479769 -128.018646
161.479865 -126.063286
161.479962 -124.664001
161.480058 -125.807518
161.480154 -130.010986
161.480250 -129.345169
161.480346 -122.727852
161.480442 -118.826950
161.480538 -118.256721
161.480635 -118.719955
161.480731 -122.895988
161.480827 -120.183174
161.480923 -117.554977
161.481019 -117.575798
161.481115 -120.816772
161.481212 -123.060440
161.481308 -118.684006
161.481404 -117.882782
161.481500 -118.034912
161.481596 -121.953445
161.481692 -125.707176
161.481788 -128.242813
161.481885 -131.059586
161.481981 -123.263725
161.482077 -121.961403
161.482173 -123.010216
161.482269 -125.962631
161.482365 -125.666931
161.482462 -127.207642
161.482558 -126.161575
161.482654 -125.848045
161.482750 -124.948502
161.482846 -120.217789
161.482942 -120.053436
161.483038 -121.635887
161.483135 -129.728546
161.483231 -125.569847
161.483327 -125.295303
161.483423 -124.580589
161.483519 -125.024887
161.483615 -128.072723
161.483712 -124.530968
161.483808 -124.480995
161.483904 -126.773132
161.484000 -125.089699
161.484096 -118.442719
161.484192 -118.261169
161.484288 -120.422348
161.484385 -126.126312
161.484481 -125.821060
161.484577 -129.317200
161.484673 -126.041313
161.484769 -121.341866
161.484865 -121.145210
161.484962 -122.558800
161.485058 -122.237785
161.485154 -117.071594
161.485250 -116.686104
161.485346 -118.110451
161.485442 -124.778305
161.485538 -124.655624
161.485635 -124.770073
161.485731 -129.463440
161.485827 -124.225662
161.485923 -124.694519
161.486019 -120.824074
161.486115 -120.814140
161.486212 -121.386681
161.486308 -119.675987
161.486404 -119.675941
161.486500 -122.116898
161.486596 -123.683937
161.486692 -119.187424
161.486788 -119.187431
161.486885 -122.632355
161.486981 -127.111038
161.487077 -132.617020
161.487173 -127.550003
161.487269 -120.901375
161.487365 -120.830078
161.487462 -125.858116
161.487558 -123.886749
161.487654 -124.179375
161.487750 -128.034225
161.487846 -128.097443
161.487942 -125.037727
161.488038 -122.198853
161.488135 -122.720016
161.488231 -124.030594
161.488327 -121.289627
161.488423 -120.685326
161.488519 -121.498306
161.488615 -125.522057
161.488712 -127.284187
161.488808 -129.658066
161.488904 -119.261093
161.489000 -118.831528
161.489096 -121.301201
161.489192 -128.877838
161.489288 -124.845673
161.489385 -124.855354
161.489481 -124.610924
161.489577 -124.620132
161.489673 -125.705254
161.489769 -122.000526
161.489865 -122.081108
161.489962 -122.699593
161.490058 -122.687569
161.490154 -123.516571
161.490250 -123.602089
161.490346 -129.528854
161.490442 -128.834900
161.490538 -126.824577
161.490635 -127.788261
161.490731 -129.072342
161.490827 -128.464874
161.490923 -130.289063
161.491019 -123.879333
161.491115 -123.846062
161.491212 -122.534782
161.491308 -118.515411
161.491404 -118.228897
161.491500 -119.032364
161.491596 -123.317856
161.491692 -119.016922
161.491788 -117.194313
161.491885 -117.481239
161.491981 -123.779968
161.492077 -128.494400
161.492173 -124.690353
161.492269 -124.847664
161.492365 -125.255165
161.492462 -124.433327
161.492558 -124.348412
161.492654 -126.576569
161.492750 -124.626114
161.492846 -121.408981
161.492942 -121.478928
161.493038 -121.709663
161.493135 -117.414429
161.493231 -117.263115
161.493327 -118.921066
161.493423 -127.894691
161.493519 -128.389084
161.493615 -128.411972
161.493712 -131.820328
161.493808 -128.042068
161.493904 -122.740646
161.494000 -120.561722
161.494096 -120.532738
161.494192 -122.230293
161.494288 -127.868416
161.494385 -123.511131
161.494481 -119.030350
161.494577 -117.851036
161.494673 -118.001923
161.494769 -121.341606
161.494865 -127.528801
161.494962 -122.847260
161.495058 -122.523026
161.495154 -125.945641
161.495250 -124.876587
161.495346 -125.373833
161.495442 -131.761856
161.495538 -127.191879
161.495635 -126.163033
161.495731 -126.148582
161.495827 -128.884399
161.495923 -124.508026
161.496019 -122.738426
161.496115 -123.010025
161.496212 -128.026367
161.496308 -132.397522
161.496404 -130.064102
161.496500 -130.053986
161.496596 -133.650528
161.496692 -128.539932
161.496788 -123.445999
161.496885 -123.405746
161.496981 -121.935478
161.497077 -119.901131
161.497173 -119.959335
161.497269 -122.157387
161.497365 -126.527695
161.497462 -125.027939
161.497558 -126.025452
161.497654 -132.198486
161.497750 -132.121170
161.497846 -125.962479
161.497942 -124.135025
161.498038 -124.151108
161.498135 -128.903625
161.498231 -122.505714
161.498327 -119.301292
161.498423 -119.386192
161.498519 -122.165176
161.498615 -124.153992
161.498712 -123.190651
161.498808 -120.940323
161.498904 -120.025879
161.499000 -120.511368
161.499096 -128.608749
161.499192 -129.496765
161.499288 -127.476158
161.499385 -121.279320
161.499481 -120.531784
161.499577 -121.604202
161.499673 -124.126251
161.499769 -124.140144
161.499865 -127.781296
161.499962 -129.850403
161.500058 -123.807480
161.500154 -123.043831
161.500250 -123.334900
161.500346 -123.129578
161.500442 -123.149475
161.500538 -124.969048
161.500635 -125.589912
161.500731 -128.175110
161.500827 -136.508347
161.500923 -123.103424
161.501019 -117.403152
161.501115 -117.390999
161.501212 -122.560448
161.501308 -126.947517
161.501404 -129.611557
161.501500 -128.705048
161.501596 -124.808441
161.501692 -117.491196
161.501788 -116.377823
161.501885 -116.880074
161.501981 -122.065880
161.502077 -123.269951
161.502173 -123.062759
161.502269 -124.319336
161.502365 -126.709335
161.502462 -130.624771
161.502558 -131.920319
161.502654 -127.411972
161.502750 -122.922691
161.502846 -121.192223
161.502942 -121.220810
161.503038 -120.909683
161.503135 -120.654091
161.503231 -121.226715
161.503327 -123.461235
161.503423 -122.136848
161.503519 -122.022079
161.503615 -123.443344
161.503712 -125.655655
161.503808 -134.825546
161.503904 -127.868477
161.504000 -123.805603
161.504096 -123.627457
161.504192 -124.145676
161.504288 -128.550705
161.504385 -124.585617
161.504481 -124.892220
161.504577 -124.457237
161.504673 -122.439377
161.504769 -121.212547
161.504865 -121.271172
161.504962 -126.786835
161.505058 -136.089996
161.505154 -125.175583
161.505250 -124.399979
161.505346 -126.518570
161.505442 -129.969177
161.505538 -127.620140
161.505635 -126.686035
161.505731 -126.687820
161.505827 -128.469070
161.505923 -125.603073
161.506019 -119.729248
161.506115 -119.720955
161.506212 -124.395523
161.506308 -123.884766
161.506404 -122.356064
161.506500 -119.226509
161.506596 -119.557541
161.506692 -123.806473
161.506788 -130.157303
161.506885 -130.033356
161.506981 -127.519020
161.507077 -127.529701
161.507173 -131.915878
161.507269 -126.627525
161.507365 -126.751434
161.507462 -128.744720
161.507558 -127.264755
161.507654 -126.221329
161.507750 -121.472679
161.507846 -121.428673
161.507942 -124.185707
161.508038 -126.261330
161.508135 -126.462250
161.508231 -124.643547
161.508327 -125.128906
161.508423 -133.309830
161.508519 -133.996445
161.508615 -121.083260
161.508712 -118.507927
161.508808 -118.546730
161.508904 -121.368645
161.509000 -121.496300
161.509096 -120.154289
161.509192 -120.178146
161.509288 -122.885696
161.509385 -125.405106
161.509481 -131.576523
161.509577 -123.972801
161.509673 -119.378151
161.509769 -119.175461
161.509865 -121.483490
161.509962 -119.808365
161.510058 -119.223724
161.510154 -120.416725
161.510250 -125.901413
161.510346 -123.867729
161.510442 -123.903107
161.510538 -126.742165
161.510635 -124.613480
161.510731 -121.507103
161.510827 -121.686249
161.510923 -126.035660
161.511019 -125.801926
161.511115 -127.717781
161.511212 -127.245399
161.511308 -124.866280
161.511404 -123.947617
161.511500 -124.293022
161.511596 -130.716217
161.511692 -125.170296
161.511788 -125.152641
161.511885 -123.900864
161.511981 -123.770065
161.512077 -126.126244
161.512173 -125.481689
161.512269 -124.217506
161.512365 -125.279533
161.512462 -130.830734
161.512558 -131.054520
161.512654 -127.980667
161.512750 -126.958382
161.512846 -127.312805
161.512942 -130.500488
161.513038 -124.277733
161.513135 -121.979622
161.513231 -121.983215
161.513327 -125.739799
161.513423 -126.504715
161.513519 -126.549477
161.513615 -125.480339
161.513712 -125.451012
161.513808 -128.309540
161.513904 -127.323082
161.514000 -130.544357
161.514096 -126.437180
161.514192 -126.322609
161.514288 -126.798607
161.514385 -125.446022
161.514481 -125.520706
161.514577 -128.455643
161.514673 -124.953079
161.514769 -125.082466
161.514865 -130.766586
161.514962 -129.631729
161.515058 -127.825020
161.515154 -127.047752
161.515250 -126.842979
161.515346 -127.048866
161.515442 -129.307587
161.515538 -126.959145
161.515635 -123.549934
161.515731 -123.045784
161.515827 -124.032372
161.515923 -125.008904
161.516019 -124.422127
161.516115 -127.902908
161.516212 -121.886795
161.516308 -121.883995
161.516404 -126.426666
161.516500 -125.997314
161.516596 -125.903412
161.516692 -128.882874
161.516788 -122.779640
161.516885 -122.781052
161.516981 -127.196838
161.517077 -129.368347
161.517173 -123.439774
161.517269 -121.025070
161.517365 -121.057297
161.517462 -125.403816
161.517558 -125.240555
161.517654 -124.908226
161.517750 -128.028442
161.517846 -124.316566
161.517942 -124.317024
161.518038 -126.359520
161.518135 -121.892113
161.518231 -121.822517
161.518327 -122.859993
161.518423 -122.524292
161.518519 -123.516914
161.518615 -126.855263
161.518712 -124.926125
161.518808 -123.646294
161.518904 -123.492760
161.519000 -123.842522
161.519096 -123.829773
161.519192 -124.560074
161.519288 -126.768646
161.519385 -126.818619
161.519481 -128.482071
161.519577 -128.473068
161.519673 -130.475006
161.519769 -130.729065
161.519865 -123.427544
161.519962 -121.731575
161.520058 -122.693489
161.520154 -125.913704
161.520250 -125.912819
161.520346 -125.419724
161.520442 -125.419121
161.520538 -131.588058
161.520635 -135.837555
161.520731 -145.114288
161.520827 -123.222557
161.520923 -117.718460
161.521019 -117.193504
161.521115 -117.523102
161.521212 -120.733894
161.521308 -125.086632
161.521404 -127.571899
161.521500 -127.180321
161.521596 -127.415154
161.521692 -126.527657
161.521788 -121.435799
161.521885 -121.332527
161.521981 -124.374947
161.522077 -123.486259
161.522173 -123.537132
161.522269 -126.899773
161.522365 -125.663727
161.522462 -123.953491
161.522558 -123.252007
161.522654 -123.188133
161.522750 -126.288849
161.522846 -126.010727
161.522942 -126.004524
161.523038 -127.545403
161.523135 -127.944305
161.523231 -125.956779
161.523327 -123.564995
161.523423 -122.537216
161.523519 -122.349670
161.523615 -124.481232
161.523712 -129.889984
161.523808 -129.999451
161.523904 -127.959038
161.524000 -120.552231
161.524096 -119.424881
161.524192 -120.309624
161.524288 -127.147835
161.524385 -122.109329
161.524481 -122.050957
161.524577 -125.970894
161.524673 -127.591393
161.524769 -123.712547
161.524865 -123.690384
161.524962 -126.303505
161.525058 -131.870544
161.525154 -131.920746
161.525250 -123.675278
161.525346 -123.186653
161.525442 -125.161232
161.525538 -126.920143
161.525635 -126.588417
161.525731 -130.141785
161.525827 -128.043625
161.525923 -130.367767
161.526019 -127.632912
161.526115 -120.195663
161.526212 -119.880188
161.526308 -121.290436
161.526404 -126.540596
161.526500 -134.530502
161.526596 -125.530647
161.526692 -120.863068
161.526788 -120.574982
161.526885 -119.938179
161.526981 -119.945404
161.527077 -122.585907
161.527173 -127.953827
161.527269 -127.939217
161.527365 -132.694992
161.527462 -131.591705
161.527558 -131.009552
161.527654 -125.018105
161.527750 -121.311386
161.527846 -121.527351
161.527942 -127.604500
161.528038 -127.638016
161.528135 -128.413757
161.528231 -120.830750
161.528327 -120.526596
161.528423 -122.247292
161.528519 -127.626495
161.528615 -126.032127
161.528712 -125.748070
161.528808 -127.664558
161.528904 -129.713226
161.529000 -126.108315
161.529096 -126.589729
161.529192 -131.268204
161.529288 -131.879715
161.529385 -128.226761
161.529481 -128.290848
161.529577 -127.454170
161.529673 -124.919174
161.529769 -126.534454
161.529865 -128.623550
161.529962 -123.186768
161.530058 -122.919960
161.530154 -126.154358
161.530250 -137.757309
161.530346 -134.317535
161.530442 -123.864334
161.530538 -122.585281
161.530635 -123.292038
161.530731 -125.687698
161.530827 -126.260582
161.530923 -126.081238
161.531019 -122.811768
161.531115 -122.670837
161.531212 -126.400368
161.531308 -129.336044
161.531404 -126.614250
161.531500 -126.763512
161.531596 -122.980255
161.531692 -122.612061
161.531788 -124.201874
161.531885 -126.837273
161.531981 -126.597397
161.532077 -128.558182
161.532173 -123.131340
161.532269 -122.881866
161.532365 -125.785599
161.532462 -133.275208
161.532558 -128.628906
161.532654 -128.679962
161.532750 -131.412827
161.532846 -129.389374
161.532942 -129.771103
161.533038 -130.959457
161.533135 -130.130188
161.533231 -129.151199
161.533327 -130.405685
161.533423 -128.570328
161.533519 -130.692184
161.533615 -133.577545
161.533712 -127.351807
161.533808 -119.794777
161.533904 -119.051697
161.534000 -119.657761
161.534096 -120.497360
161.534192 -120.049797
161.534288 -121.840714
161.534385 -131.150223
161.534481 -132.343216
161.534577 -132.163666
161.534673 -127.094482
161.534769 -125.121895
161.534865 -123.300682
161.534962 -123.386902
161.535058 -128.351044
161.535154 -126.119347
161.535250 -123.747154
161.535346 -123.761169
161.535442 -127.553528
161.535538 -138.671112
161.535635 -130.793182
161.535731 -126.488029
161.535827 -124.795273
161.535923 -124.239868
161.536019 -123.849518
161.536115 -124.281013
161.536212 -124.547684
161.536308 -122.861641
161.536404 -122.941658
161.536500 -125.933525
161.536596 -126.972641
161.536692 -127.161537
161.536788 -128.430374
161.536885 -133.452499
161.536981 -133.296432
161.537077 -131.830658
161.537173 -126.881943
161.537269 -126.548149
161.537365 -127.262222
161.537462 -124.407578
161.537558 -123.652504
161.537654 -124.390907
161.537750 -130.712616
161.537846 -130.664932
161.537942 -131.719391
161.538038 -131.596710
161.538135 -133.862610
161.538231 -131.430466
161.538327 -124.829941
161.538423 -119.548134
161.538519 -119.098518
161.538615 -119.183556
161.538712 -119.853424
161.538808 -121.667900
161.538904 -123.993347
161.539000 -123.993355
161.539096 -124.400299
161.539192 -122.840347
161.539288 -118.591141
161.539385 -118.591133
161.539481 -123.674026
161.539577 -124.804512
161.539673 -126.550728
161.539769 -124.396820
161.539865 -124.597427
161.539962 -123.734512
161.540058 -121.854759
161.540154 -120.613647
161.540250 -120.642258
161.540346 -123.742714
161.540442 -128.182968
161.540538 -127.063286
161.540635 -128.886917
161.540731 -130.523605
161.540827 -128.208206
161.540923 -123.805580
161.541019 -120.830826
161.541115 -119.973366
161.541212 -120.181854
161.541308 -123.575615
161.541404 -126.147675
161.541500 -126.707283
161.541596 -126.646751
161.541692 -128.762619
161.541788 -126.273361
161.541885 -126.259216
161.541981 -127.850281
161.542077 -125.376427
161.542173 -125.794884
161.542269 -130.953751
161.542365 -130.930725
161.542462 -125.142639
161.542558 -124.752113
161.542654 -126.144348
161.542750 -122.230530
161.542846 -121.618111
161.542942 -122.976082
161.543038 -121.917442
161.543135 -121.193146
161.543231 -123.101074
161.543327 -130.520477
161.543423 -130.282059
161.543519 -127.387444
161.543615 -126.511703
161.543712 -127.314484
161.543808 -125.385231
161.543904 -125.462929
161.544000 -124.831329
161.544096 -122.631508
161.544192 -123.007034
161.544288 -127.373283
161.544385 -132.868027
161.544481 -126.876762
161.544577 -122.688591
161.544673 -122.672607
161.544769 -125.468590
161.544865 -126.074501
161.544962 -122.404152
161.545058 -122.098442
161.545154 -123.508789
161.545250 -121.972137
161.545346 -119.486534
161.545442 -119.501289
161.545538 -121.338615
161.545635 -122.879913
161.545731 -124.097008
161.545827 -126.009254
161.545923 -122.887062
161.546019 -122.604141
161.546115 -124.473686
161.546212 -133.709061
161.546308 -133.766052
161.546404 -128.406723
161.546500 -125.034676
161.546596 -125.058571
161.546692 -130.808243
161.546788 -129.106354
161.546885 -127.553452
161.546981 -129.160828
161.547077 -127.846924
161.547173 -125.653000
161.547269 -126.014153
161.547365 -124.641914
161.547462 -123.113739
161.547558 -124.032326
161.547654 -129.438705
161.547750 -129.440826
161.547846 -123.480400
161.547942 -122.810623
161.548038 -125.889587
161.548135 -126.841682
161.548231 -126.928596
161.548327 -131.276611
161.548423 -127.225960
161.548519 -127.676811
161.548615 -125.586769
161.548712 -123.634621
161.548808 -122.785492
161.548904 -121.996834
161.549000 -122.363159
161.549096 -126.921486
161.549192 -129.724609
161.549288 -135.086060
161.549385 -133.935928
161.549481 -135.359909
161.549577 -127.192886
161.549673 -120.385117
161.549769 -120.272034
161.549865 -122.328934
161.549962 -127.927437
161.550058 -124.743195
161.550154 -122.228432
161.550250 -122.229065
161.550346 -123.177849
161.550442 -126.240807
161.550538 -130.957153
161.550635 -131.807159
161.550731 -131.181747
161.550827 -127.587151
161.550923 -126.989861
161.551019 -128.611160
161.551115 -128.515549
161.551212 -127.822662
161.551308 -130.098236
161.551404 -125.428627
161.551500 -124.000946
161.551596 -124.397354
161.551692 -126.580147
161.551788 -125.902191
161.551885 -126.554443
161.551981 -124.068718
161.552077 -123.840797
161.552173 -127.633926
161.552269 -137.493561
161.552365 -129.449753
161.552462 -119.815376
161.552558 -117.537659
161.552654 -117.545166
161.552750 -120.152840
161.552846 -125.950546
161.552942 -125.136826
161.553038 -122.525169
161.553135 -122.515686
161.553231 -124.546654
161.553327 -134.730728
161.553423 -128.323349
161.553519 -125.013214
161.553615 -125.115112
161.553712 -125.294647
161.553808 -121.719292
161.553904 -120.913155
161.554000 -121.204552
161.554096 -124.967834
161.554192 -120.941826
161.554288 -120.766342
161.554385 -122.624565
161.554481 -130.474869
161.554577 -125.012260
161.554673 -121.162529
161.554769 -120.698555
161.554865 -121.270042
161.554962 -123.985825
161.555058 -123.054054
161.555154 -123.811066
161.555250 -132.263260
161.555346 -133.216614
161.555442 -123.565987
161.555538 -123.217171
161.555635 -123.761299
161.555731 -121.227516
161.555827 -120.033195
161.555923 -120.460510
161.556019 -124.986191
161.556115 -124.500153
161.556212 -123.835381
161.556308 -123.429977
161.556404 -124.167419
161.556500 -124.417656
161.556596 -122.134605
161.556692 -122.124016
161.556788 -125.097939
161.556885 -125.991478
161.556981 -125.941811
161.557077 -126.305191
161.557173 -126.089798
161.557269 -128.695053
161.557365 -132.220947
161.557462 -129.963226
161.557558 -126.970009
161.557654 -124.384979
161.557750 -125.238617
161.557846 -128.290283
161.557942 -126.113228
161.558038 -120.880486
161.558135 -119.645432
161.558231 -119.750900
161.558327 -121.045380
161.558423 -123.079536
161.558519 -128.291550
161.558615 -130.553513
161.558712 -124.479919
161.558808 -123.433250
161.558904 -123.807747
161.559000 -130.804947
161.559096 -122.684166
161.559192 -121.314140
161.559288 -122.032593
161.559385 -129.921921
161.559481 -129.427963
161.559577 -126.386986
161.559673 -122.623528
161.559769 -122.642540
161.559865 -125.672897
161.559962 -125.705185
161.560058 -125.459137
161.560154 -128.407974
161.560250 -131.713852
161.560346 -125.157288
161.560442 -125.730644
161.560538 -121.380653
161.560635 -119.311424
161.560731 -119.053680
161.560827 -119.297813
161.560923 -119.063637
161.561019 -119.054710
161.561115 -121.249344
161.561212 -121.511047
161.561308 -121.418381
161.561404 -123.778419
161.561500 -128.423676
161.561596 -127.487488
161.561692 -128.949738
161.561788 -130.964050
161.561885 -132.045807
161.561981 -129.405960
161.562077 -125.682617
161.562173 -119.558563
161.562269 -119.486496
161.562365 -121.888626
161.562462 -127.011078
161.562558 -127.188293
161.562654 -127.842461
161.562750 -131.157516
161.562846 -126.274864
161.562942 -124.495697
161.563038 -124.531448
161.563135 -126.398788
161.563231 -121.797478
161.563327 -120.202316
161.563423 -120.347832
161.563519 -122.037804
161.563615 -125.091736
161.563712 -130.941833
161.563808 -130.147812
161.563904 -128.935028
161.564000 -129.723541
161.564096 -130.272293
161.564192 -125.021217
161.564288 -124.597801
161.564385 -124.875587
161.564481 -125.432388
161.564577 -126.811783
161.564673 -124.923065
161.564769 -124.900307
161.564865 -126.248383
161.564962 -126.309113
161.565058 -131.304886
161.565154 -131.276672
161.565250 -126.867897
161.565346 -126.284576
161.565442 -126.824715
161.565538 -128.429062
161.565635 -127.185188
161.565731 -127.165749
161.565827 -125.640434
161.565923 -126.169693
161.566019 -123.239738
161.566115 -123.149109
161.566212 -125.204544
161.566308 -127.876030
161.566404 -136.431107
161.566500 -134.209824
161.566596 -129.560471
161.566692 -128.859192
161.566788 -127.032532
161.566885 -127.007355
161.566981 -130.935043
161.567077 -132.594147
161.567173 -127.539459
161.567269 -128.187103
161.567365 -122.093918
161.567462 -121.707123
161.567558 -122.782326
161.567654 -124.685593
161.567750 -127.832672
161.567846 -134.027008
161.567942 -138.429016
161.568038 -131.033478
161.568135 -126.088135
161.568231 -122.211487
161.568327 -122.123596
161.568423 -124.877808
161.568519 -133.519791
161.568615 -133.905518
161.568712 -132.961349
161.568808 -127.532852
161.568904 -123.584213
161.569000 -120.854172
161.569096 -120.855675
161.569192 -122.212929
161.569288 -121.967270
161.569385 -124.554733
161.569481 -123.215103
161.569577 -121.656090
161.569673 -121.626099
161.569769 -122.110344
161.569865 -125.434090
161.569962 -129.433350
161.570058 -131.934799
161.570154 -135.313965
161.570250 -135.271896
161.570346 -136.732300
161.570442 -136.469208
161.570538 -126.087860
161.570635 -121.336761
161.570731 -121.310646
161.570827 -124.484528
161.570923 -136.110641
161.571019 -131.121155
161.571115 -129.924728
161.571212 -131.861023
161.571308 -133.152954
161.571404 -126.535034
161.571500 -121.532219
161.571596 -121.455238
161.571692 -124.036926
161.571788 -128.667007
161.571885 -133.526047
161.571981 -135.097000
161.572077 -134.783920
161.572173 -134.310989
161.572269 -130.456329
161.572365 -126.327454
161.572462 -125.907722
161.572558 -123.442719
161.572654 -123.223618
161.572750 -124.737801
161.572846 -122.863731
161.572942 -122.934990
161.573038 -125.585632
161.573135 -127.012039
161.573231 -127.608856
161.573327 -135.853958
161.573423 -126.576027
161.573519 -123.778137
161.573615 -123.788628
161.573712 -123.398170
161.573808 -122.429230
161.573904 -123.078552
161.574000 -127.251991
161.574096 -130.017807
161.574192 -130.247330
161.574288 -131.377396
161.574385 -129.262787
161.574481 -127.860199
161.574577 -127.791634
161.574673 -130.815155
161.574769 -127.794746
161.574865 -124.812363
161.574962 -125.179520
161.575058 -132.071213
161.575154 -123.028915
161.575250 -121.186462
161.575346 -121.268806
161.575442 -123.560547
161.575538 -124.350792
161.575635 -126.341736
161.575731 -132.352982
161.575827 -131.148438
161.575923 -125.568108
161.576019 -122.506279
161.576115 -121.801796
161.576212 -122.382050
161.576308 -128.116409
161.576404 -133.331665
161.576500 -126.655785
161.576596 -124.885223
161.576692 -124.894089
161.576788 -127.362755
161.576885 -134.363052
161.576981 -133.919464
161.577077 -134.488449
161.577173 -129.830154
161.577269 -127.564484
161.577365 -127.878624
161.577462 -126.074287
161.577558 -123.326576
161.577654 -123.236275
161.577750 -124.576836
161.577846 -124.243027
161.577942 -124.100609
161.578038 -126.255936
161.578135 -127.620834
161.578231 -130.825485
161.578327 -124.843315
161.578423 -124.238556
161.578519 -126.150795
161.578615 -128.238327
161.578712 -124.202873
161.578808 -124.202599
161.578904 -127.163223
161.579000 -128.797760
161.579096 -130.160370
161.579192 -129.395950
161.579288 -128.797745
161.579385 -128.996338
161.579481 -130.376678
161.579577 -128.226837
161.579673 -122.386726
161.579769 -122.223007
161.579865 -124.341270
161.579962 -129.434769
161.580058 -128.047867
161.580154 -121.140274
161.580250 -120.326607
161.580346 -120.984756
161.580442 -124.873878
161.580538 -121.383453
161.580635 -121.449440
161.580731 -126.615639
161.580827 -125.190788
161.580923 -125.057243
161.581019 -127.495117
161.581115 -130.329361
161.581212 -127.834007
161.581308 -127.502495
161.581404 -125.145676
161.581500 -121.663460
161.581596 -120.855827
161.581692 -120.845917
161.581788 -121.695419
161.581885 -125.004578
161.581981 -122.566795
161.582077 -123.560638
161.582173 -132.240204
161.582269 -131.860703
161.582365 -133.764877
161.582462 -131.174728
161.582558 -131.750061
161.582654 -133.789673
161.582750 -128.995529
161.582846 -125.830788
161.582942 -124.117188
161.583038 -124.087654
161.583135 -127.447105
161.583231 -132.823532
161.583327 -127.754593
161.583423 -127.338333
161.583519 -125.869583
161.583615 -121.306129
161.583712 -121.038528
161.583808 -123.027618
161.583904 -123.257431
161.584000 -123.144928
161.584096 -125.089493
161.584192 -123.238602
161.584288 -122.501328
161.584385 -124.686768
161.584481 -125.523430
161.584577 -124.588875
161.584673 -121.840073
161.584769 -121.861839
161.584865 -125.787140
161.584962 -123.686737
161.585058 -123.979050
161.585154 -128.989700
161.585250 -130.192032
161.585346 -130.238647
161.585442 -126.791748
161.585538 -126.736832
161.585635 -128.894547
161.585731 -130.119339
161.585827 -125.471756
161.585923 -124.804077
161.586019 -125.892876
161.586115 -119.905334
161.586212 -119.761787
161.586308 -121.674263
161.586404 -127.619614
161.586500 -129.112656
161.586596 -128.757294
161.586692 -123.281120
161.586788 -121.390923
161.586885 -121.331856
161.586981 -122.744003
161.587077 -130.474991
161.587173 -130.552475
161.587269 -122.911484
161.587365 -119.464767
161.587462 -119.372971
161.587558 -120.971336
161.587654 -128.328110
161.587750 -125.752213
161.587846 -126.184662
161.587942 -120.829643
161.588038 -120.595978
161.588135 -123.976738
161.588231 -129.343521
161.588327 -129.256989
161.588423 -125.331886
161.588519 -124.068443
161.588615 -124.311180
161.588712 -125.667435
161.588808 -131.630478
161.588904 -130.765457
161.589000 -124.022240
161.589096 -123.489861
161.589192 -123.668777
161.589288 -124.869453
161.589385 -129.616150
161.589481 -127.481972
161.589577 -123.462021
161.589673 -122.577385
161.589769 -122.585381
161.589865 -122.900276
161.589962 -120.607132
161.590058 -120.570389
161.590154 -124.082924
161.590250 -122.236076
161.590346 -122.118568
161.590442 -121.904922
161.590538 -118.960815
161.590635 -118.981644
161.590731 -121.693489
161.590827 -129.747818
161.590923 -128.012390
161.591019 -128.474655
161.591115 -126.322685
161.591212 -126.328079
161.591308 -128.278641
161.591404 -123.985847
161.591500 -123.997490
161.591596 -127.599258
161.591692 -129.012695
161.591788 -126.932442
161.591885 -127.490730
161.591981 -130.459518
161.592077 -122.613243
161.592173 -122.455276
161.592269 -124.652878
161.592365 -127.169296
161.592462 -130.271439
161.592558 -124.818398
161.592654 -121.696655
161.592750 -121.707352
161.592846 -123.942024
161.592942 -127.966599
161.593038 -127.959938
161.593135 -128.218018
161.593231 -125.214523
161.593327 -123.436371
161.593423 -123.503014
161.593519 -127.704391
161.593615 -126.977020
161.593712 -126.956177
161.593808 -132.022690
161.593904 -126.943520
161.594000 -125.846680
161.594096 -124.645348
161.594192 -122.507423
161.594288 -120.831047
161.594385 -121.282288
161.594481 -131.331177
161.594577 -131.189743
161.594673 -129.613220
161.594769 -126.587128
161.594865 -120.468735
161.594962 -118.938339
161.595058 -118.979218
161.595154 -122.757431
161.595250 -127.494774
161.595346 -121.221947
161.595442 -121.058067
161.595538 -122.430649
161.595635 -123.850342
161.595731 -125.304878
161.595827 -122.325584
161.595923 -121.196983
161.596019 -121.279251
161.596115 -120.616699
161.596212 -120.693848
161.596308 -123.402000
161.596404 -125.978630
161.596500 -130.519699
161.596596 -130.521240
161.596692 -119.754410
161.596788 -117.944702
161.596885 -118.208107
161.596981 -123.761993
161.597077 -121.788841
161.597173 -119.307365
161.597269 -119.502411
161.597365 -124.599403
161.597462 -127.839256
161.597558 -127.677643
161.597654 -126.506569
161.597750 -125.251633
161.597846 -126.107513
161.597942 -133.537140
161.598038 -138.931488
161.598135 -136.447998
161.598231 -123.186195
161.598327 -121.073250
161.598423 -121.188667
161.598519 -124.323685
161.598615 -123.232620
161.598712 -122.557968
161.598808 -123.613533
161.598904 -127.250854
161.599000 -125.570396
161.599096 -126.859138
161.599192 -123.737350
161.599288 -123.570915
161.599385 -125.099876
161.599481 -129.526260
161.599577 -127.097343
161.599673 -122.754868
161.599769 -122.812897
161.599865 -122.648994
161.599962 -121.277870
161.600058 -121.547119
161.600154 -123.901482
161.600250 -127.663925
161.600346 -127.616310
161.600442 -131.021057
161.600538 -124.110115
161.600635 -122.844414
161.600731 -122.870850
161.600827 -123.440857
161.600923 -126.881927
161.601019 -131.655991
161.601115 -125.572205
161.601212 -125.345009
161.601308 -126.286507
161.601404 -126.805801
161.601500 -130.911301
161.601596 -138.823990
161.601692 -124.036865
161.601788 -120.456146
161.601885 -120.545937
161.601981 -126.174767
161.602077 -126.878929
161.602173 -126.878487
161.602269 -133.136795
161.602365 -125.653793
161.602462 -121.073952
161.602558 -120.068314
161.602654 -120.841255
161.602750 -123.327522
161.602846 -121.464714
161.602942 -121.619667
161.603038 -125.210732
161.603135 -122.882332
161.603231 -122.853355
161.603327 -126.132011
161.603423 -120.798088
161.603519 -120.798843
161.603615 -127.220207
161.603712 -121.441948
161.603808 -121.363708
161.603904 -124.213234
161.604000 -129.361542
161.604096 -130.178436
161.604192 -122.646935
161.604288 -121.951118
161.604385 -123.160553
161.604481 -131.475311
161.604577 -130.493652
161.604673 -130.559525
161.604769 -132.981857
161.604865 -132.984360
161.604962 -125.635155
161.605058 -125.018692
161.605154 -127.271988
161.605250 -127.012703
161.605346 -124.437927
161.605442 -122.315666
161.605538 -123.216736
161.605635 -128.433731
161.605731 -125.023010
161.605827 -122.675339
161.605923 -121.867088
161.606019 -122.439415
161.606115 -127.383263
161.606212 -129.446655
161.606308 -129.936325
161.606404 -132.228027
161.606500 -133.092712
161.606596 -129.808548
161.606692 -129.885574
161.606788 -123.480377
161.606885 -122.519958
161.606981 -124.252815
161.607077 -130.145523
161.607173 -130.248962
161.607269 -133.556854
161.607365 -129.197479
161.607462 -128.815567
161.607558 -129.744186
161.607654 -130.902100
161.607750 -130.019348
161.607846 -132.474960
161.607942 -130.360367
161.608038 -126.343346
161.608135 -124.269905
161.608231 -124.375816
161.608327 -127.189217
161.608423 -125.306274
161.608519 -125.636040
161.608615 -127.678589
161.608712 -127.455658
161.608808 -130.343369
161.608904 -130.588104
161.609000 -130.451035
161.609096 -130.031555
161.609192 -123.469337
161.609288 -123.525414
161.609385 -129.322357
161.609481 -136.877106
161.609577 -139.375793
161.609673 -127.999939
161.609769 -127.923683
161.609865 -132.519836
161.609962 -125.851555
161.610058 -125.595551
161.610154 -128.116745
161.610250 -128.604904
161.610346 -126.923676
161.610442 -124.710892
161.610538 -124.726868
161.610635 -126.324417
161.610731 -132.853043
161.610827 -131.291443
161.610923 -124.555412
161.611019 -124.426468
161.611115 -127.467621
161.611212 -132.405777
161.611308 -127.650009
161.611404 -125.074829
161.611500 -120.892342
161.611596 -120.541893
161.611692 -121.495918
161.611788 -126.623604
161.611885 -122.265129
161.611981 -122.141899
161.612077 -123.347191
161.612173 -125.326210
161.612269 -126.491631
161.612365 -128.595642
161.612462 -133.140411
161.612558 -133.410614
161.612654 -133.895599
161.612750 -125.030357
161.612846 -124.514275
161.612942 -127.891296
161.613038 -137.651688
161.613135 -130.373260
161.613231 -123.083893
161.613327 -121.928581
161.613423 -122.333702
161.613519 -128.014297
161.613615 -123.507729
161.613712 -121.780502
161.613808 -121.744629
161.613904 -122.525177
161.614000 -127.401947
161.614096 -133.989288
161.614192 -128.485657
161.614288 -125.772362
161.614385 -125.494698
161.614481 -128.249115
161.614577 -132.599731
161.614673 -130.015732
161.614769 -127.822670
161.614865 -125.204025
161.614962 -125.693718
161.615058 -133.200333
161.615154 -132.928528
161.615250 -138.503815
161.615346 -133.516296
161.615442 -125.633186
161.615538 -125.313858
161.615635 -125.473549
161.615731 -124.881775
161.615827 -125.054199
161.615923 -127.122383
161.616019 -128.257355
161.616115 -127.566582
161.616212 -124.850677
161.616308 -122.788345
161.616404 -120.742836
161.616500 -120.824806
161.616596 -125.986862
161.616692 -131.284424
161.616788 -131.020386
161.616885 -134.431519
161.616981 -125.099976
161.617077 -123.822830
161.617173 -124.093643
161.617269 -122.682190
161.617365 -119.825264
161.617462 -119.780853
161.617558 -121.552544
161.617654 -125.476883
161.617750 -123.524094
161.617846 -123.866943
161.617942 -128.107056
161.618038 -123.194183
161.618135 -122.823128
161.618231 -123.427948
161.618327 -126.479012
161.618423 -129.511734
161.618519 -126.775131
161.618615 -127.108795
161.618712 -129.208405
161.618808 -129.261154
161.618904 -126.837761
161.619000 -123.590919
161.619096 -122.025932
161.619192 -121.974785
161.619288 -123.863281
161.619385 -128.082153
161.619481 -123.273026
161.619577 -122.792496
161.619673 -124.782600
161.619769 -128.384995
161.619865 -128.440460
161.619962 -132.414398
161.620058 -130.140152
161.620154 -130.083649
161.620250 -125.406357
161.620346 -123.656013
161.620442 -123.750031
161.620538 -123.973534
161.620635 -122.682808
161.620731 -123.280075
161.620827 -128.733215
161.620923 -122.754593
161.621019 -122.313072
161.621115 -123.377388
161.621212 -129.801468
161.621308 -134.998352
161.621404 -133.466156
161.621500 -133.646393
161.621596 -123.917076
161.621692 -121.742317
161.621788 -121.975433
161.621885 -127.432610
161.621981 -123.377312
161.622077 -121.614609
161.622173 -121.914291
161.622269 -125.652962
161.622365 -124.923347
161.622462 -126.860519
161.622558 -139.787064
161.622654 -132.629578
161.622750 -130.325836
161.622846 -130.141113
161.622942 -128.101669
161.623038 -123.474083
161.623135 -123.193199
161.623231 -122.649414
161.623327 -122.721619
161.623423 -124.043106
161.623519 -123.306229
161.623615 -123.327110
161.623712 -124.034714
161.623808 -124.333740
161.623904 -124.685577
161.624000 -124.586639
161.624096 -123.082047
161.624192 -123.792053
161.624288 -126.700165
161.624385 -125.234138
161.624481 -125.884979
161.624577 -132.130219
161.624673 -131.438324
161.624769 -131.522293
161.624865 -134.398636
161.624962 -125.238251
161.625058 -122.383644
161.625154 -122.482674
161.625250 -126.113174
161.625346 -124.557381
161.625442 -121.353516
161.625538 -121.474754
161.625635 -123.795403
161.625731 -121.585144
161.625827 -121.592499
161.625923 -125.857834
161.626019 -124.849396
161.626115 -124.889374
161.626212 -128.701019
161.626308 -129.523865
161.626404 -126.581017
161.626500 -126.214691
161.626596 -127.788513
161.626692 -127.255356
161.626788 -127.467110
161.626885 -131.326309
161.626981 -124.754883
161.627077 -124.029373
161.627173 -124.323364
161.627269 -124.243919
161.627365 -125.318169
161.627462 -129.548050
161.627558 -124.004074
161.627654 -121.018150
161.627750 -120.305481
161.627846 -120.349213
161.627942 -121.852356
161.628038 -127.813942
161.628135 -126.592888
161.628231 -130.210938
161.628327 -133.043274
161.628423 -134.734573
161.628519 -125.536179
161.628615 -122.583771
161.628712 -122.130676
161.628808 -122.555008
161.628904 -129.203156
161.629000 -126.931549
161.629096 -125.513977
161.629192 -125.603874
161.629288 -128.569290
161.629385 -130.544281
161.629481 -129.905029
161.629577 -130.023712
161.629673 -129.931229
161.629769 -127.520195
161.629865 -121.154846
161.629962 -119.895599
161.630058 -120.245041
161.630154 -122.306564
161.630250 -121.673073
161.630346 -124.153030
161.630442 -133.285965
161.630538 -129.644592
161.630635 -129.973251
161.630731 -121.670479
161.630827 -120.481903
161.630923 -120.680260
161.631019 -124.125771
161.631115 -121.814621
161.631212 -121.831223
161.631308 -126.354263
161.631404 -126.259743
161.631500 -125.999809
161.631596 -128.049973
161.631692 -120.816620
161.631788 -120.747406
161.631885 -123.168442
161.631981 -119.599701
161.632077 -119.699013
161.632173 -125.090500
161.632269 -129.322327
161.632365 -135.758575
161.632462 -132.914612
161.632558 -132.225220
161.632654 -133.482788
161.632750 -130.125305
161.632846 -123.772697
161.632942 -122.484650
161.633038 -122.541977
161.633135 -123.003365
161.633231 -121.549698
161.633327 -121.829826
161.633423 -128.552490
161.633519 -125.009666
161.633615 -124.598175
161.633712 -125.842224
161.633808 -121.790192
161.633904 -121.469322
161.634000 -123.053749
161.634096 -131.226410
161.634192 -126.457932
161.634288 -126.522209
161.634385 -123.901237
161.634481 -122.717728
161.634577 -122.183762
161.634673 -121.029335
161.634769 -120.907806
161.634865 -121.866280
161.634962 -126.764153
161.635058 -127.546806
161.635154 -130.168152
161.635250 -124.688721
161.635346 -123.521469
161.635442 -123.545525
161.635538 -125.440514
161.635635 -126.025566
161.635731 -126.055946
161.635827 -121.749298
161.635923 -120.351814
161.636019 -120.099220
161.636115 -120.723572
161.636212 -127.127869
161.636308 -133.104248
161.636404 -128.191330
161.636500 -128.317673
161.636596 -124.299065
161.636692 -123.171875
161.636788 -123.102196
161.636885 -122.792084
161.636981 -123.353462
161.637077 -127.935852
161.637173 -122.028069
161.637269 -121.766052
161.637365 -123.962784
161.637462 -132.641266
161.637558 -126.342857
161.637654 -126.397964
161.637750 -129.502762
161.637846 -125.308548
161.637942 -124.826012
161.638038 -125.227043
161.638135 -127.615921
161.638231 -129.586014
161.638327 -129.879791
161.638423 -130.365387
161.638519 -125.135605
161.638615 -124.426720
161.638712 -125.317497
161.638808 -133.684891
161.638904 -132.231186
161.639000 -128.942154
161.639096 -129.079712
161.639192 -128.710983
161.639288 -128.698303
161.639385 -128.228577
161.639481 -127.412498
161.639577 -129.760239
161.639673 -134.850815
161.639769 -133.445007
161.639865 -132.983185
161.639962 -133.097366
161.640058 -129.583633
161.640154 -128.448608
161.640250 -125.497704
161.640346 -124.861954
161.640442 -126.081734
161.640538 -123.814888
161.640635 -123.670731
161.640731 -122.466553
161.640827 -122.228729
161.640923 -124.232452
161.641019 -122.480881
161.641115 -122.336021
161.641212 -123.884811
161.641308 -123.310555
161.641404 -123.349358
161.641500 -123.856583
161.641596 -124.135185
161.641692 -126.941628
161.641788 -128.133469
161.641885 -124.410309
161.641981 -123.494339
161.642077 -124.219017
161.642173 -137.138123
161.642269 -133.558701
161.642365 -125.488960
161.642462 -120.721558
161.642558 -120.711555
161.642654 -125.174431
161.642750 -128.916519
161.642846 -125.569771
161.642942 -125.657478
161.643038 -127.523811
161.643135 -126.562325
161.643231 -122.035942
161.643327 -122.011673
161.643423 -124.419701
161.643519 -124.818794
161.643615 -127.947334
161.643712 -132.727966
161.643808 -132.545914
161.643904 -128.569504
161.644000 -124.670479
161.644096 -124.426743
161.644192 -123.334427
161.644288 -123.309517
161.644385 -123.540039
161.644481 -122.708176
161.644577 -122.450813
161.644673 -121.397598
161.644769 -121.466949
161.644865 -123.400681
161.644962 -125.908798
161.645058 -126.256317
161.645154 -127.420158
161.645250 -128.768082
161.645346 -130.699402
161.645442 -129.558685
161.645538 -127.182655
161.645635 -127.072891
161.645731 -121.820511
161.645827 -119.900299
161.645923 -120.379036
161.646019 -122.371643
161.646115 -122.599754
161.646212 -126.459663
161.646308 -124.179756
161.646404 -124.113777
161.646500 -124.740326
161.646596 -126.576149
161.646692 -131.941315
161.646788 -131.839584
161.646885 -132.824234
161.646981 -127.477837
161.647077 -122.362892
161.647173 -120.816185
161.647269 -120.855690
161.647365 -123.258263
161.647462 -128.822983
161.647558 -126.224609
161.647654 -123.536522
161.647750 -122.805176
161.647846 -123.117661
161.647942 -128.798645
161.648038 -140.207199
161.648135 -130.273315
161.648231 -125.528336
161.648327 -123.979904
161.648423 -122.746178
161.648519 -122.339279
161.648615 -122.433304
161.648712 -124.147453
161.648808 -128.411163
161.648904 -122.364639
161.649000 -120.242073
161.649096 -120.206261
161.649192 -121.614723
161.649288 -126.908737
161.649385 -133.835052
161.649481 -136.032837
161.649577 -133.065445
161.649673 -123.016273
161.649769 -122.012779
161.649865 -123.359344
161.649962 -133.179306
161.650058 -132.600967
161.650154 -132.581482
161.650250 -124.679359
161.650346 -123.183624
161.650442 -124.606499
161.650538 -127.534302
161.650635 -124.528954
161.650731 -123.218376
161.650827 -123.048233
161.650923 -123.540535
161.651019 -126.630028
161.651115 -124.292084
161.651212 -124.295288
161.651308 -125.897423
161.651404 -122.553246
161.651500 -122.430771
161.651596 -124.329414
161.651692 -122.836670
161.651788 -122.118858
161.651885 -122.297668
161.651981 -124.640160
161.652077 -131.868927
161.652173 -136.116013
161.652269 -134.196579
161.652365 -131.962204
161.652462 -129.779541
161.652558 -126.070900
161.652654 -123.290092
161.652750 -123.344650
161.652846 -123.075378
161.652942 -122.024994
161.653038 -122.969856
161.653135 -129.044067
161.653231 -126.391327
161.653327 -124.970894
161.653423 -125.008125
161.653519 -127.866249
161.653615 -132.522400
161.653712 -132.822662
161.653808 -130.137741
161.653904 -130.280228
161.654000 -130.182968
161.654096 -131.291016
161.654192 -127.200485
161.654288 -126.018486
161.654385 -126.650795
161.654481 -122.385651
161.654577 -122.242615
161.654673 -124.433365
161.654769 -130.950775
161.654865 -131.612854
161.654962 -130.795853
161.655058 -132.699921
161.655154 -124.949997
161.655250 -120.451881
161.655346 -120.305122
161.655442 -121.785629
161.655538 -127.306129
161.655635 -131.589890
161.655731 -131.958923
161.655827 -123.432602
161.655923 -123.313133
161.656019 -125.361771
161.656115 -128.016998
161.656212 -126.597000
161.656308 -125.030968
161.656404 -121.336479
161.656500 -120.114624
161.656596 -120.468536
161.656692 -125.305595
161.656788 -130.475616
161.656885 -136.476578
161.656981 -133.095551
161.657077 -126.297134
161.657173 -125.852882
161.657269 -127.724525
161.657365 -131.723404
161.657462 -131.551651
161.657558 -129.528915
161.657654 -131.610626
161.657750 -126.609123
161.657846 -124.914864
161.657942 -124.992958
161.658038 -129.026321
161.658135 -126.102409
161.658231 -125.786346
161.658327 -126.765762
161.658423 -131.754761
161.658519 -131.256409
161.658615 -130.539261
161.658712 -126.709213
161.658808 -126.650810
161.658904 -129.843140
161.659000 -133.237900
161.659096 -127.222366
161.659192 -124.300888
161.659288 -121.677216
161.659385 -120.692543
161.659481 -120.800644
161.659577 -123.547264
161.659673 -131.016937
161.659769 -131.784027
161.659865 -125.699211
161.659962 -123.192551
161.660058 -122.958931
161.660154 -123.259163
161.660250 -126.221222
161.660346 -135.869003
161.660442 -134.019897
161.660538 -130.446136
161.660635 -130.785629
161.660731 -132.796402
161.660827 -127.183640
161.660923 -125.503571
161.661019 -125.839798
161.661115 -126.694611
161.661212 -129.083038
161.661308 -125.088531
161.661404 -124.058334
161.661500 -124.466545
161.661596 -131.498093
161.661692 -128.715271
161.661788 -124.754425
161.661885 -124.715698
161.661981 -123.911171
161.662077 -124.027710
161.662173 -129.449722
161.662269 -129.307205
161.662365 -129.548782
161.662462 -128.522324
161.662558 -126.940697
161.662654 -125.477623
161.662750 -126.701576
161.662846 -133.891663
161.662942 -125.951149
161.663038 -119.703171
161.663135 -119.022430
161.663231 -119.296829
161.663327 -123.668274
161.663423 -123.537109
161.663519 -124.973061
161.663615 -123.925774
161.663712 -122.674355
161.663808 -122.120682
161.663904 -121.882492
161.664000 -122.541794
161.664096 -123.220421
161.664192 -123.884567
161.664288 -131.179626
161.664385 -129.482697
161.664481 -124.951630
161.664577 -121.851799
161.664673 -121.649368
161.664769 -122.303978
161.664865 -123.008003
161.664962 -123.055801
161.665058 -124.730492
161.665154 -121.588150
161.665250 -118.116432
161.665346 -118.204231
161.665442 -124.046051
161.665538 -133.106781
161.665635 -127.658768
161.665731 -124.683937
161.665827 -124.615585
161.665923 -124.574562
161.666019 -125.148651
161.666115 -122.671913
161.666212 -117.773941
161.666308 -117.798561
161.666404 -121.940224
161.666500 -123.920578
161.666596 -125.388092
161.666692 -128.725693
161.666788 -126.248848
161.666885 -125.776382
161.666981 -126.713234
161.667077 -126.419273
161.667173 -125.015419
161.667269 -125.016907
161.667365 -125.662704
161.667462 -125.180389
161.667558 -122.373985
161.667654 -120.107590
161.667750 -120.028793
161.667846 -121.091690
161.667942 -124.905693
161.668038 -129.189560
161.668135 -128.961304
161.668231 -129.809006
161.668327 -128.926285
161.668423 -128.610291
161.668519 -129.437057
161.668615 -126.565529
161.668712 -125.405991
161.668808 -125.380013
161.668904 -125.719963
161.669000 -123.961014
161.669096 -124.122177
161.669192 -125.831268
161.669288 -126.426849
161.669385 -126.422989
161.669481 -124.378159
161.669577 -123.126373
161.669673 -123.351524
161.669769 -128.631866
161.669865 -127.380493
161.669962 -126.408073
161.670058 -127.376541
161.670154 -123.496246
161.670250 -123.394386
161.670346 -127.137314
161.670442 -123.693222
161.670538 -123.430855
161.670635 -125.892235
161.670731 -124.907227
161.670827 -124.288887
161.670923 -123.890923
161.671019 -124.289032
161.671115 -131.992371
161.671212 -124.788818
161.671308 -123.921722
161.671404 -124.675354
161.671500 -124.091270
161.671596 -124.120880
161.671692 -125.541763
161.671788 -127.167725
161.671885 -134.997131
161.671981 -137.395081
161.672077 -137.484329
161.672173 -138.911804
161.672269 -133.396439
161.672365 -127.994789
161.672462 -127.539726
161.672558 -130.573441
161.672654 -126.931267
161.672750 -126.205818
161.672846 -128.009125
161.672942 -127.574165
161.673038 -127.995689
161.673135 -126.621124
161.673231 -127.295784
161.673327 -127.460663
161.673423 -127.734138
161.673519 -128.567184
161.673615 -130.139465
161.673712 -134.852554
161.673808 -124.411095
161.673904 -121.459351
161.674000 -121.547997
161.674096 -127.939903
161.674192 -126.663719
161.674288 -126.578270
161.674385 -124.688705
161.674481 -124.816338
161.674577 -122.696388
161.674673 -122.015602
161.674769 -121.995422
161.674865 -122.570335
161.674962 -121.662247
161.675058 -122.012184
161.675154 -125.713882
161.675250 -127.021011
161.675346 -125.507904
161.675442 -125.836868
161.675538 -131.766647
161.675635 -131.697845
161.675731 -134.158585
161.675827 -133.721756
161.675923 -125.445984
161.676019 -124.946999
161.676115 -125.510254
161.676212 -126.929581
161.676308 -121.709877
161.676404 -121.199310
161.676500 -122.199951
161.676596 -127.824661
161.676692 -127.272957
161.676788 -124.328491
161.676885 -123.102798
161.676981 -123.569122
161.677077 -125.866722
161.677173 -127.060333
161.677269 -127.621300
161.677365 -127.755081
161.677462 -128.498550
161.677558 -128.508682
161.677654 -133.117172
161.677750 -131.231277
161.677846 -131.413742
161.677942 -128.468933
161.678038 -124.188553
161.678135 -123.359863
161.678231 -123.583351
161.678327 -122.571075
161.678423 -122.299850
161.678519 -124.278877
161.678615 -123.075401
161.678712 -122.711319
161.678808 -124.647987
161.678904 -130.883713
161.679000 -130.507538
161.679096 -130.395264
161.679192 -131.073318
161.679288 -139.123383
161.679385 -126.966949
161.679481 -123.460815
161.679577 -123.568680
161.679673 -124.748184
161.679769 -123.785072
161.679865 -124.080154
161.679962 -130.297226
161.680058 -133.597534
161.680154 -133.675873
161.680250 -127.732422
161.680346 -122.327202
161.680442 -122.325035
161.680538 -128.211639
161.680635 -122.355225
161.680731 -121.718742
161.680827 -122.255577
161.680923 -124.621796
161.681019 -122.196327
161.681115 -121.331711
161.681212 -121.459839
161.681308 -122.557411
161.681404 -123.069527
161.681500 -127.476349
161.681596 -130.058945
161.681692 -127.592186
161.681788 -127.503143
161.681885 -130.325058
161.681981 -129.367676
161.682077 -128.698654
161.682173 -128.484741
161.682269 -128.086868
161.682365 -127.673492
161.682462 -129.329376
161.682558 -127.839600
161.682654 -130.031769
161.682750 -137.213547
161.682846 -130.356949
161.682942 -130.181046
161.683038 -134.001434
161.683135 -144.942490
161.683231 -140.492767
161.683327 -140.160568
161.683423 -129.310883
161.683519 -124.987724
161.683615 -122.598129
161.683712 -122.338966
161.683808 -123.142258
161.683904 -120.481339
161.684000 -120.222969
161.684096 -121.693298
161.684192 -126.070709
161.684288 -124.019150
161.684385 -124.122246
161.684481 -123.607231
161.684577 -121.390846
161.684673 -121.440849
161.684769 -121.734749
161.684865 -121.732193
161.684962 -123.754364
161.685058 -121.944321
161.685154 -121.915871
161.685250 -125.223099
161.685346 -120.953575
161.685442 -120.773285
161.685538 -122.764938
161.685635 -122.296593
161.685731 -121.819077
161.685827 -123.242203
161.685923 -123.717209
161.686019 -123.604477
161.686115 -123.939743
161.686212 -125.994270
161.686308 -121.836517
161.686404 -118.622116
161.686500 -118.586517
161.686596 -121.101715
161.686692 -126.402191
161.686788 -126.526596
161.686885 -133.385696
161.686981 -126.359932
161.687077 -125.545540
161.687173 -125.798859
161.687269 -126.580765
161.687365 -127.021355
161.687462 -124.906136
161.687558 -126.639061
161.687654 -127.143143
161.687750 -127.586754
161.687846 -125.445236
161.687942 -125.385399
161.688038 -126.747795
161.688135 -126.730759
161.688231 -126.590004
161.688327 -126.935783
161.688423 -128.129227
161.688519 -128.080948
161.688615 -134.250809
161.688712 -132.389938
161.688808 -127.948433
161.688904 -123.825165
161.689000 -120.510277
161.689096 -119.482834
161.689192 -119.658226
161.689288 -122.247566
161.689385 -123.448166
161.689481 -124.268761
161.689577 -125.702026
161.689673 -125.468391
161.689769 -125.720627
161.689865 -123.956474
161.689962 -124.059448
161.690058 -129.236069
161.690154 -128.817352
161.690250 -131.019363
161.690346 -128.481796
161.690442 -125.375954
161.690538 -125.380707
161.690635 -128.786682
161.690731 -128.249268
161.690827 -125.888802
161.690923 -122.774315
161.691019 -122.877937
161.691115 -128.593979
161.691212 -127.134270
161.691308 -127.179909
161.691404 -128.812393
161.691500 -130.376495
161.691596 -131.662766
161.691692 -133.127975
161.691788 -133.829834
161.691885 -130.747009
161.691981 -130.647934
161.692077 -132.806458
161.692173 -129.373276
161.692269 -126.388283
161.692365 -125.935799
161.692462 -125.645103
161.692558 -126.115860
161.692654 -124.180939
161.692750 -123.717918
161.692846 -124.475700
161.692942 -125.393669
161.693038 -124.100601
161.693135 -124.681786
161.693231 -123.203896
161.693327 -123.244919
161.693423 -125.687965
161.693519 -124.463631
161.693615 -122.529861
161.693712 -122.585442
161.693808 -126.488968
161.693904 -131.977417
161.694000 -131.077911
161.694096 -131.518906
161.694192 -126.192505
161.694288 -123.440460
161.694385 -123.394333
161.694481 -123.846390
161.694577 -122.256477
161.694673 -123.558922
161.694769 -132.866638
161.694865 -134.667694
161.694962 -125.983307
161.695058 -122.214989
161.695154 -121.967522
161.695250 -122.235313
161.695346 -124.433350
161.695442 -130.302460
161.695538 -134.031494
161.695635 -126.381363
161.695731 -126.353500
161.695827 -130.125626
161.695923 -127.388016
161.696019 -126.981796
161.696115 -129.762665
161.696212 -131.342056
161.696308 -131.481506
161.696404 -134.803452
161.696500 -134.664871
161.696596 -132.527985
161.696692 -131.497314
161.696788 -131.482727
161.696885 -127.351227
161.696981 -123.834846
161.697077 -123.687599
161.697173 -122.993279
161.697269 -122.847893
161.697365 -119.318214
161.697462 -119.358070
161.697558 -125.798294
161.697654 -123.653473
161.697750 -125.120659
161.697846 -130.187729
161.697942 -129.234802
161.698038 -129.457108
161.698135 -132.235596
161.698231 -131.984970
161.698327 -124.164886
161.698423 -123.906708
161.698519 -127.640945
161.698615 -126.231514
161.698712 -127.423233
161.698808 -131.461838
161.698904 -133.419632
161.699000 -128.863754
161.699096 -128.325226
161.699192 -126.605461
161.699288 -127.258148
161.699385 -133.613388
161.699481 -133.616028
161.699577 -127.674812
161.699673 -126.464890
161.699769 -126.468208
161.699865 -124.569199
161.699962 -124.204666
161.700058 -125.251122
161.700154 -125.246307
161.700250 -124.703033
161.700346 -126.575035
161.700442 -130.356018
161.700538 -131.606445
161.700635 -130.620453
161.700731 -131.533188
161.700827 -128.592636
161.700923 -126.216919
161.701019 -124.772064
161.701115 -124.950294
161.701212 -122.324089
161.701308 -121.444481
161.701404 -121.186737
161.701500 -121.519012
161.701596 -124.575401
161.701692 -126.114868
161.701788 -124.461311
161.701885 -124.497414
161.701981 -124.311584
161.702077 -123.948013
161.702173 -124.516380
161.702269 -128.148224
161.702365 -127.982109
161.702462 -131.447708
161.702558 -129.394379
161.702654 -125.871681
161.702750 -125.923882
161.702846 -132.923859
161.702942 -139.191422
161.703038 -132.521912
161.703135 -131.211411
161.703231 -131.206940
161.703327 -128.036697
161.703423 -127.720924
161.703519 -126.466064
161.703615 -123.766830
161.703712 -121.027008
161.703808 -120.845070
161.703904 -121.462257
161.704000 -122.810707
161.704096 -128.537369
161.704192 -121.997971
161.704288 -120.932838
161.704385 -121.126602
161.704481 -123.821060
161.704577 -126.709785
161.704673 -129.708496
161.704769 -125.624573
161.704865 -125.624191
161.704962 -128.758560
161.705058 -129.213776
161.705154 -130.164825
161.705250 -129.318832
161.705346 -129.776108
161.705442 -128.912033
161.705538 -127.908707
161.705635 -129.177704
161.705731 -133.109314
161.705827 -126.116806
161.705923 -125.467560
161.706019 -128.280838
161.706115 -127.300179
161.706212 -127.426682
161.706308 -129.986496
161.706404 -124.499413
161.706500 -123.227264
161.706596 -123.349571
161.706692 -126.217422
161.706788 -128.614044
161.706885 -129.748062
161.706981 -130.128006
161.707077 -138.352295
161.707173 -136.567230
161.707269 -132.942108
161.707365 -133.595718
161.707462 -125.025284
161.707558 -124.585823
161.707654 -125.546211
161.707750 -123.227257
161.707846 -123.945915
161.707942 -133.676498
161.708038 -136.547302
161.708135 -136.437393
161.708231 -129.862991
161.708327 -126.603973
161.708423 -127.012375
161.708519 -127.921989
161.708615 -129.697861
161.708712 -138.190475
161.708808 -134.102295
161.708904 -129.104538
161.709000 -123.778870
161.709096 -123.393280
161.709192 -124.233063
161.709288 -126.252571
161.709385 -127.414055
161.709481 -126.059425
161.709577 -123.842392
161.709673 -123.900574
161.709769 -127.916016
161.709865 -133.227341
161.709962 -130.718719
161.710058 -129.003738
161.710154 -124.494926
161.710250 -121.482590
161.710346 -121.084587
161.710442 -121.637291
161.710538 -125.515129
161.710635 -120.689240
161.710731 -120.659866
161.710827 -125.391563
161.710923 -125.922394
161.711019 -125.920219
161.711115 -127.743919
161.711212 -128.709946
161.711308 -128.720764
161.711404 -128.716492
161.711500 -128.529938
161.711596 -130.916336
161.711692 -127.751602
161.711788 -125.691185
161.711885 -123.013504
161.711981 -121.507271
161.712077 -120.626869
161.712173 -120.788460
161.712269 -123.662315
161.712365 -119.273499
161.712462 -119.264336
161.712558 -120.254311
161.712654 -122.499626
161.712750 -130.312805
161.712846 -131.837891
161.712942 -131.786041
161.713038 -129.281631
161.713135 -128.263885
161.713231 -130.185226
161.713327 -130.645142
161.713423 -129.800385
161.713519 -130.473114
161.713615 -126.191948
161.713712 -125.100571
161.713808 -124.680214
161.713904 -125.159721
161.714000 -128.313416
161.714096 -125.110756
161.714192 -125.293144
161.714288 -122.374115
161.714385 -122.091141
161.714481 -122.736259
161.714577 -125.565926
161.714673 -127.626068
161.714769 -127.587402
161.714865 -128.690399
161.714962 -128.773178
161.715058 -130.028198
161.715154 -130.032379
161.715250 -131.328079
161.715346 -127.939552
161.715442 -127.439560
161.715538 -128.683624
161.715635 -138.933975
161.715731 -130.235626
161.715827 -128.412155
161.715923 -128.399185
161.716019 -129.832626
161.716115 -127.311554
161.716212 -124.011238
161.716308 -123.733292
161.716404 -125.699455
161.716500 -129.987701
161.716596 -128.141449
161.716692 -127.656586
161.716788 -129.463028
161.716885 -144.841034
161.716981 -135.819946
161.717077 -134.212997
161.717173 -126.826523
161.717269 -126.273346
161.717365 -129.472321
161.717462 -128.229752
161.717558 -127.631607
161.717654 -129.017258
161.717750 -134.898773
161.717846 -134.833038
161.717942 -133.800461
161.718038 -131.089203
161.718135 -131.663635
161.718231 -126.847054
161.718327 -124.456543
161.718423 -125.523064
161.718519 -127.500740
161.718615 -121.247734
161.718712 -119.208900
161.718808 -119.247139
161.718904 -122.561691
161.719000 -130.336151
161.719096 -123.963402
161.719192 -123.866585
161.719288 -125.280800
161.719385 -124.218193
161.719481 -123.772957
161.719577 -124.823341
161.719673 -127.395004
161.719769 -129.691681
161.719865 -141.411911
161.719962 -129.537704
161.720058 -125.403374
161.720154 -125.492340
161.720250 -134.375473
161.720346 -134.262924
161.720442 -126.450294
161.720538 -124.906761
161.720635 -125.525818
161.720731 -130.157715
161.720827 -130.545227
161.720923 -132.836594
161.721019 -132.183151
161.721115 -129.471085
161.721212 -127.941826
161.721308 -124.658928
161.721404 -124.739586
161.721500 -129.559586
161.721596 -131.825485
161.721692 -128.430267
161.721788 -127.269432
161.721885 -128.852264
161.721981 -131.787689
161.722077 -127.898254
161.722173 -127.157310
161.722269 -129.001251
161.722365 -129.833771
161.722462 -126.836876
161.722558 -124.204132
161.722654 -124.218040
161.722750 -127.977081
161.722846 -127.655251
161.722942 -122.078033
161.723038 -121.764709
161.723135 -123.402039
161.723231 -130.697403
161.723327 -133.037537
161.723423 -124.847450
161.723519 -123.434502
161.723615 -123.707924
161.723712 -125.784111
161.723808 -123.058792
161.723904 -123.058151
161.724000 -125.371918
161.724096 -123.123016
161.724192 -122.771500
161.724288 -124.507187
161.724385 -131.384430
161.724481 -132.591492
161.724577 -127.154434
161.724673 -127.149696
161.724769 -131.534271
161.724865 -126.760071
161.724962 -126.661812
161.725058 -129.371536
161.725154 -126.292824
161.725250 -126.559303
161.725346 -131.531540
161.725442 -132.171219
161.725538 -138.188889
161.725635 -129.088089
161.725731 -129.093735
161.725827 -125.478096
161.725923 -125.481361
161.726019 -124.614845
161.726115 -123.274277
161.726212 -124.187057
161.726308 -128.552246
161.726404 -127.408127
161.726500 -128.594589
161.726596 -135.103500
161.726692 -129.312378
161.726788 -124.004646
161.726885 -123.236389
161.726981 -124.191391
161.727077 -133.368546
161.727173 -132.813690
161.727269 -131.565338
161.727365 -122.691315
161.727462 -119.405853
161.727558 -118.858788
161.727654 -119.169548
161.727750 -124.685303
161.727846 -134.723846
161.727942 -134.301697
161.728038 -131.084518
161.728135 -128.968735
161.728231 -128.884903
161.728327 -129.842987
161.728423 -130.196289
161.728519 -128.269501
161.728615 -128.259155
161.728712 -128.575378
161.728808 -127.116913
161.728904 -127.242271
161.729000 -131.086121
161.729096 -129.866745
161.729192 -126.857895
161.729288 -126.315636
161.729385 -127.490616
161.729481 -132.828613
161.729577 -129.982178
161.729673 -130.035309
161.729769 -128.527130
161.729865 -128.548965
161.729962 -132.144791
161.730058 -132.068588
161.730154 -133.636398
161.730250 -128.153854
161.730346 -128.143250
161.730442 -134.408218
161.730538 -133.083206
161.730635 -123.541794
161.730731 -122.765068
161.730827 -125.408394
161.730923 -130.999756
161.731019 -123.557358
161.731115 -123.489677
161.731212 -126.528885
161.731308 -132.379883
161.731404 -126.474960
161.731500 -123.370842
161.731596 -121.339394
161.731692 -121.227867
161.731788 -122.730888
161.731885 -130.942596
161.731981 -131.985458
161.732077 -130.580978
161.732173 -127.052551
161.732269 -127.125244
161.732365 -127.988472
161.732462 -128.181122
161.732558 -129.323730
161.732654 -127.262115
161.732750 -127.369064
161.732846 -131.222946
161.732942 -132.560104
161.733038 -132.793442
161.733135 -127.404541
161.733231 -122.999863
161.733327 -118.464066
161.733423 -117.751282
161.733519 -118.484390
161.733615 -125.462799
161.733712 -125.901924
161.733808 -126.690559
161.733904 -130.527359
161.734000 -129.052383
161.734096 -128.025116
161.734192 -128.071594
161.734288 -127.907494
161.734385 -125.250458
161.734481 -125.685753
161.734577 -127.015701
161.734673 -127.365524
161.734769 -133.275208
161.734865 -130.439041
161.734962 -131.145859
161.735058 -124.461540
161.735154 -120.641457
161.735250 -120.676201
161.735346 -125.925667
161.735442 -126.821815
161.735538 -124.173264
161.735635 -124.252968
161.735731 -128.596619
161.735827 -131.733780
161.735923 -126.044823
161.736019 -125.413910
161.736115 -127.435287
161.736212 -124.967140
161.736308 -124.964958
161.736404 -128.969955
161.736500 -128.702530
161.736596 -126.469841
161.736692 -126.532364
161.736788 -131.136795
161.736885 -129.555786
161.736981 -124.711250
161.737077 -124.636993
161.737173 -129.561707
161.737269 -124.352051
161.737365 -123.607948
161.737462 -123.410706
161.737558 -123.497910
161.737654 -123.052971
161.737750 -121.584480
161.737846 -121.835197
161.737942 -124.749573
161.738038 -125.295677
161.738135 -124.900360
161.738231 -121.356964
161.738327 -120.202759
161.738423 -120.569450
161.738519 -124.553772
161.738615 -121.906662
161.738712 -121.542175
161.738808 -121.992577
161.738904 -125.398949
161.739000 -130.534500
161.739096 -127.535591
161.739192 -127.533546
161.739288 -128.835403
161.739385 -131.234421
161.739481 -124.521736
161.739577 -124.078461
161.739673 -125.535301
161.739769 -125.526901
161.739865 -125.958557
161.739962 -129.034851
161.740058 -122.313011
161.740154 -121.504494
161.740250 -122.613724
161.740346 -129.343536
161.740442 -127.311577
161.740538 -125.559319
161.740635 -125.561890
161.740731 -128.402161
161.740827 -134.105225
161.740923 -126.711906
161.741019 -126.695641
161.741115 -127.155952
161.741212 -124.285126
161.741308 -124.376892
161.741404 -128.418930
161.741500 -125.296364
161.741596 -125.016846
161.741692 -124.441849
161.741788 -124.800652
161.741885 -130.821136
161.741981 -126.179367
161.742077 -125.849869
161.742173 -125.559448
161.742269 -125.514915
161.742365 -131.638855
161.742462 -136.652100
161.742558 -129.337494
161.742654 -126.744316
161.742750 -127.167694
161.742846 -133.659866
161.742942 -124.165894
161.743038 -122.641327
161.743135 -123.033005
161.743231 -126.765984
161.743327 -125.758911
161.743423 -128.246353
161.743519 -134.472931
161.743615 -126.542191
161.743712 -126.543091
161.743808 -123.017693
161.743904 -122.741676
161.744000 -121.782700
161.744096 -121.745537
161.744192 -122.787827
161.744288 -129.145828
161.744385 -128.575958
161.744481 -126.842270
161.744577 -126.042557
161.744673 -126.669609
161.744769 -128.717422
161.744865 -122.224579
161.744962 -122.069595
161.745058 -125.551758
161.745154 -130.743515
161.745250 -124.580566
161.745346 -124.260323
161.745442 -121.820198
161.745538 -119.203377
161.745635 -119.258766
161.745731 -121.220871
161.745827 -120.287376
161.745923 -121.343628
161.746019 -127.928032
161.746115 -127.107063
161.746212 -123.619591
161.746308 -123.621864
161.746404 -124.994888
161.746500 -129.211304
161.746596 -124.507019
161.746692 -123.265381
161.746788 -124.025055
161.746885 -129.920532
161.746981 -125.725136
161.747077 -123.729668
161.747173 -124.188522
161.747269 -131.185318
161.747365 -124.874527
161.747462 -124.281357
161.747558 -126.496887
161.747654 -122.399078
161.747750 -122.177773
161.747846 -124.570381
161.747942 -123.687889
161.748038 -123.237473
161.748135 -124.731262
161.748231 -125.829033
161.748327 -124.156494
161.748423 -121.006622
161.748519 -120.680496
161.748615 -121.891800
161.748712 -129.718674
161.748808 -125.726791
161.748904 -125.290260
161.749000 -127.068710
161.749096 -133.763580
161.749192 -133.408463
161.749288 -136.367752
161.749385 -125.482773
161.749481 -120.690567
161.749577 -120.080582
161.749673 -120.538109
161.749769 -123.851776
161.749865 -129.586746
161.749962 -122.151375
161.750058 -119.945137
161.750154 -120.029015
161.750250 -120.459770
161.750346 -119.559494
161.750442 -119.757637
161.750538 -121.477898
161.750635 -124.798988
161.750731 -124.440201
161.750827 -123.796974
161.750923 -125.639938
161.751019 -125.771332
161.751115 -124.678864
161.751212 -123.881958
161.751308 -123.910164
161.751404 -127.508568
161.751500 -123.128044
161.751596 -123.115395
161.751692 -125.585152
161.751788 -123.290710
161.751885 -123.305000
161.751981 -125.937675
161.752077 -124.091705
161.752173 -124.024330
161.752269 -121.360107
161.752365 -121.133575
161.752462 -123.398987
161.752558 -133.045776
161.752654 -126.689751
161.752750 -122.734756
161.752846 -122.743256
161.752942 -127.395676
161.753038 -129.737274
161.753135 -129.630173
161.753231 -127.672958
161.753327 -127.673744
161.753423 -132.208328
161.753519 -129.865128
161.753615 -126.090767
161.753712 -125.575050
161.753808 -125.969139
161.753904 -129.155045
161.754000 -129.718292
161.754096 -126.645042
161.754192 -124.916237
161.754288 -122.534981
161.754385 -121.350891
161.754481 -121.484581
161.754577 -127.083298
161.754673 -126.544609
161.754769 -125.717354
161.754865 -126.346481
161.754962 -126.446419
161.755058 -125.641579
161.755154 -123.267525
161.755250 -123.054802
161.755346 -124.319435
161.755442 -123.873451
161.755538 -124.343987
161.755635 -129.436813
161.755731 -126.864349
161.755827 -124.095039
161.755923 -124.171318
161.756019 -124.898254
161.756115 -125.793472
161.756212 -125.532089
161.756308 -125.635437
161.756404 -129.389114
161.756500 -129.515930
161.756596 -128.892593
161.756692 -126.209595
161.756788 -124.061966
161.756885 -123.660400
161.756981 -125.213455
161.757077 -124.681221
161.757173 -124.680084
161.757269 -126.545120
161.757365 -128.551224
161.757462 -132.997620
161.757558 -132.997360
161.757654 -136.760300
161.757750 -134.709656
161.757846 -130.397781
161.757942 -130.765839
161.758038 -133.865372
161.758135 -123.871101
161.758231 -121.681602
161.758327 -121.935806
161.758423 -128.284424
161.758519 -135.466293
161.758615 -135.678497
161.758712 -132.125031
161.758808 -129.171188
161.758904 -129.171326
161.759000 -135.087143
161.759096 -131.027313
161.759192 -130.882248
161.759288 -127.137383
161.759385 -123.764023
161.759481 -123.802040
161.759577 -122.782570
161.759673 -121.070564
161.759769 -122.276604
161.759865 -129.569199
161.759962 -127.415779
161.760058 -128.164352
161.760154 -127.329781
161.760250 -128.423508
161.760346 -138.150253
161.760442 -137.770477
161.760538 -125.163811
161.760635 -121.974190
161.760731 -121.940620
161.760827 -123.673943
161.760923 -131.145859
161.761019 -128.739288
161.761115 -126.595039
161.761212 -126.673462
161.761308 -131.117477
161.761404 -136.272141
161.761500 -132.784821
161.761596 -131.789124
161.761692 -131.699326
161.761788 -129.185654
161.761885 -125.549164
161.761981 -126.392738
161.762077 -127.778625
161.762173 -127.806000
161.762269 -122.860909
161.762365 -121.711472
161.762462 -121.757561
161.762558 -123.342773
161.762654 -125.680519
161.762750 -125.708694
161.762846 -127.605240
161.762942 -127.611275
161.763038 -126.916214
161.763135 -128.381210
161.763231 -133.061569
161.763327 -125.916100
161.763423 -122.714249
161.763519 -122.775009
161.763615 -125.214340
161.763712 -128.892609
161.763808 -128.847977
161.763904 -132.152084
161.764000 -134.190247
161.764096 -134.356964
161.764192 -125.163918
161.764288 -121.129692
161.764385 -121.235413
161.764481 -126.983604
161.764577 -122.945160
161.764673 -122.753708
161.764769 -125.963814
161.764865 -127.584648
161.764962 -127.610840
161.765058 -129.624985
161.765154 -125.090103
161.765250 -125.065231
161.765346 -127.332031
161.765442 -133.822556
161.765538 -130.041489
161.765635 -129.920486
161.765731 -128.673126
161.765827 -124.887077
161.765923 -125.029335
161.766019 -133.049850
161.766115 -133.866898
161.766212 -129.844757
161.766308 -126.322327
161.766404 -126.197884
161.766500 -126.600143
161.766596 -127.336372
161.766692 -124.043419
161.766788 -121.024673
161.766885 -120.472328
161.766981 -121.035179
161.767077 -124.555122
161.767173 -126.742798
161.767269 -127.897354
161.767365 -130.605652
161.767462 -125.766457
161.767558 -123.848488
161.767654 -124.449860
161.767750 -126.784134
161.767846 -126.784264
161.767942 -128.493439
161.768038 -133.600540
161.768135 -133.934250
161.768231 -132.734787
161.768327 -127.823868
161.768423 -122.473969
161.768519 -121.001671
161.768615 -121.140694
161.768712 -123.444206
161.768808 -124.734459
161.768904 -122.196999
161.769000 -122.778023
161.769096 -125.560638
161.769192 -125.928902
161.769288 -128.795898
161.769385 -131.238647
161.769481 -133.284714
161.769577 -131.377289
161.769673 -131.668701
161.769769 -138.421371
161.769865 -135.558212
161.769962 -128.492462
161.770058 -128.256668
161.770154 -129.785126
161.770250 -129.679077
161.770346 -132.742569
161.770442 -134.102386
161.770538 -126.096069
161.770635 -125.810577
161.770731 -128.535004
161.770827 -129.975830
161.770923 -122.735779
161.771019 -121.234894
161.771115 -121.358200
161.771212 -124.473946
161.771308 -133.042465
161.771404 -127.768318
161.771500 -127.757011
161.771596 -132.128448
161.771692 -137.337662
161.771788 -131.406174
161.771885 -126.214539
161.771981 -123.576477
161.772077 -123.417908
161.772173 -124.172287
161.772269 -128.230667
161.772365 -125.240669
161.772462 -125.963867
161.772558 -130.322647
161.772654 -127.881149
161.772750 -127.413322
161.772846 -128.389557
161.772942 -130.244171
161.773038 -130.248154
161.773135 -124.946930
161.773231 -122.283867
161.773327 -123.129288
161.773423 -125.497269
161.773519 -125.392502
161.773615 -128.971069
161.773712 -127.625946
161.773808 -129.251785
161.773904 -125.764206
161.774000 -125.024246
161.774096 -125.431122
161.774192 -129.817520
161.774288 -134.180511
161.774385 -128.838882
161.774481 -122.166420
161.774577 -122.115356
161.774673 -126.731979
161.774769 -125.706421
161.774865 -127.150139
161.774962 -126.788071
161.775058 -129.018082
161.775154 -130.614319
161.775250 -131.078278
161.775346 -124.323761
161.775442 -123.680573
161.775538 -125.519852
161.775635 -124.901924
161.775731 -124.801483
161.775827 -120.526848
161.775923 -119.307312
161.776019 -119.639580
161.776115 -123.714333
161.776212 -127.809425
161.776308 -128.150604
161.776404 -123.955338
161.776500 -123.155151
161.776596 -121.158745
161.776692 -120.118408
161.776788 -120.160019
161.776885 -123.156685
161.776981 -127.576805
161.777077 -127.580765
161.777173 -124.673729
161.777269 -123.324608
161.777365 -123.089348
161.777462 -123.091705
161.777558 -124.544113
161.777654 -126.645599
161.777750 -127.578484
161.777846 -136.256012
161.777942 -129.629425
161.778038 -126.616295
161.778135 -119.199211
161.778231 -117.331642
161.778327 -117.892448
161.778423 -126.539436
161.778519 -129.178848
161.778615 -128.939453
161.778712 -130.376740
161.778808 -123.534454
161.778904 -122.105713
161.779000 -122.547081
161.779096 -122.686356
161.779192 -122.518623
161.779288 -122.291801
161.779385 -121.863663
161.779481 -122.082489
161.779577 -124.702660
161.779673 -122.415154
161.779769 -122.358879
161.779865 -125.102020
161.779962 -134.445786
161.780058 -127.637390
161.780154 -125.933052
161.780250 -126.403442
161.780346 -127.432594
161.780442 -124.288208
161.780538 -124.320290
161.780635 -125.842270
161.780731 -126.029617
161.780827 -129.012268
161.780923 -127.851456
161.781019 -127.355415
161.781115 -123.494530
161.781212 -123.082962
161.781308 -125.094948
161.781404 -123.691422
161.781500 -123.535332
161.781596 -125.851021
161.781692 -125.099281
161.781788 -125.060371
161.781885 -127.173584
161.781981 -131.696869
161.782077 -142.202103
161.782173 -127.653069
161.782269 -123.371506
161.782365 -121.680824
161.782462 -120.895676
161.782558 -120.998680
161.782654 -127.332703
161.782750 -132.665298
161.782846 -127.121460
161.782942 -127.466354
161.783038 -133.333786
161.783135 -134.710632
161.783231 -131.971832
161.783327 -128.914627
161.783423 -128.663528
161.783519 -126.958206
161.783615 -123.732506
161.783712 -123.768608
161.783808 -129.430527
161.783904 -131.313309
161.784000 -131.453491
161.784096 -125.781631
161.784192 -121.425613
161.784288 -121.364075
161.784385 -122.973549
161.784481 -127.411163
161.784577 -127.782631
161.784673 -125.692665
161.784769 -125.202492
161.784865 -123.100403
161.784962 -122.037712
161.785058 -122.048637
161.785154 -122.748108
161.785250 -122.869308
161.785346 -122.903999
161.785442 -123.722031
161.785538 -124.952873
161.785635 -126.144463
161.785731 -132.029022
161.785827 -134.594650
161.785923 -131.200928
161.786019 -128.435760
161.786115 -126.591164
161.786212 -126.623901
161.786308 -126.562447
161.786404 -126.815910
161.786500 -131.159058
161.786596 -127.583069
161.786692 -126.790703
161.786788 -127.002495
161.786885 -130.872391
161.786981 -127.271255
161.787077 -127.329384
161.787173 -122.417450
161.787269 -119.203857
161.787365 -119.218369
161.787462 -120.697701
161.787558 -126.242722
161.787654 -127.831505
161.787750 -127.639526
161.787846 -126.163681
161.787942 -125.958588
161.788038 -125.440048
161.788135 -129.053696
161.788231 -130.629547
161.788327 -130.210175
161.788423 -132.742767
161.788519 -132.438797
161.788615 -126.518570
161.788712 -124.921440
161.788808 -125.801308
161.788904 -122.728584
161.789000 -121.122520
161.789096 -121.342468
161.789192 -128.160751
161.789288 -130.936096
161.789385 -120.469315
161.789481 -119.587296
161.789577 -121.168221
161.789673 -133.671432
161.789769 -128.397827
161.789865 -124.998604
161.789962 -125.553078
161.790058 -137.399460
161.790154 -134.144135
161.790250 -133.418549
161.790346 -132.646713
161.790442 -127.012566
161.790538 -125.833481
161.790635 -124.244751
161.790731 -124.017456
161.790827 -124.844566
161.790923 -126.697578
161.791019 -123.247414
161.791115 -123.275436
161.791212 -124.809731
161.791308 -127.124275
161.791404 -125.686798
161.791500 -124.579704
161.791596 -124.914894
161.791692 -125.569572
161.791788 -126.751617
161.791885 -126.723648
161.791981 -127.311302
161.792077 -128.742615
161.792173 -131.228638
161.792269 -128.195282
161.792365 -128.747894
161.792462 -125.394188
161.792558 -123.257866
161.792654 -124.010002
161.792750 -132.804077
161.792846 -131.992477
161.792942 -132.515305
161.793038 -135.615707
161.793135 -134.429047
161.793231 -128.029587
161.793327 -123.167137
161.793423 -121.913391
161.793519 -121.938225
161.793615 -123.342415
161.793712 -121.912941
161.793808 -121.364754
161.793904 -122.736801
161.794000 -124.470337
161.794096 -124.535133
161.794192 -126.729263
161.794288 -128.364304
161.794385 -130.683609
161.794481 -127.773125
161.794577 -125.507187
161.794673 -126.808853
161.794769 -132.082108
161.794865 -125.658661
161.794962 -123.070030
161.795058 -122.889275
161.795154 -124.232613
161.795250 -127.722572
161.795346 -127.521103
161.795442 -129.355469
161.795538 -134.598495
161.795635 -130.851273
161.795731 -123.258217
161.795827 -122.035004
161.795923 -122.582474
161.796019 -130.096313
161.796115 -135.208176
161.796212 -127.816101
161.796308 -125.460907
161.796404 -125.747917
161.796500 -123.918304
161.796596 -123.428055
161.796692 -124.240295
161.796788 -130.184189
161.796885 -132.716721
161.796981 -133.478439
161.797077 -128.674332
161.797173 -128.511871
161.797269 -127.914879
161.797365 -126.634094
161.797462 -126.525879
161.797558 -127.476646
161.797654 -129.880463
161.797750 -122.452133
161.797846 -117.929901
161.797942 -117.813217
161.798038 -120.152557
161.798135 -122.402763
161.798231 -125.524422
161.798327 -123.823166
161.798423 -124.112686
161.798519 -124.945313
161.798615 -121.096352
161.798712 -120.589104
161.798808 -121.513046
161.798904 -125.299698
161.799000 -126.376114
161.799096 -128.009995
161.799192 -131.674896
161.799288 -136.721481
161.799385 -133.823364
161.799481 -122.849434
161.799577 -121.873657
161.799673 -123.069733
161.799769 -122.768372
161.799865 -122.619072
161.799962 -124.968979
161.800058 -129.081009
161.800154 -128.342331
161.800250 -130.906998
161.800346 -125.875038
161.800442 -125.867882
161.800538 -130.044022
161.800635 -128.052292
161.800731 -125.689598
161.800827 -125.687988
161.800923 -127.980446
161.801019 -122.959297
161.801115 -121.813370
161.801212 -123.158264
161.801308 -123.484367
161.801404 -123.478615
161.801500 -131.421799
161.801596 -132.385208
161.801692 -130.672150
161.801788 -130.130615
161.801885 -126.324585
161.801981 -126.400688
161.802077 -131.935822
161.802173 -135.595200
161.802269 -132.353241
161.802365 -129.974152
161.802462 -130.076431
161.802558 -132.860519
161.802654 -129.389603
161.802750 -124.896896
161.802846 -123.826309
161.802942 -123.942551
161.803038 -125.089340
161.803135 -123.283508
161.803231 -123.135300
161.803327 -123.907562
161.803423 -128.313416
161.803519 -130.217072
161.803615 -127.137085
161.803712 -127.266335
161.803808 -131.317856
161.803904 -128.604294
161.804000 -129.453400
161.804096 -125.718742
161.804192 -122.437790
161.804288 -122.443810
161.804385 -125.960548
161.804481 -122.255783
161.804577 -122.255127
161.804673 -124.686600
161.804769 -127.205078
161.804865 -132.704224
161.804962 -134.016266
161.805058 -133.638260
161.805154 -132.960648
161.805250 -130.065887
161.805346 -129.999237
161.805442 -131.605942
161.805538 -123.316147
161.805635 -123.111992
161.805731 -124.418190
161.805827 -125.215324
161.805923 -126.822525
161.806019 -125.182236
161.806115 -127.360123
161.806212 -127.283592
161.806308 -127.779465
161.806404 -126.720726
161.806500 -126.226707
161.806596 -123.075272
161.806692 -122.904884
161.806788 -124.296783
161.806885 -128.635391
161.806981 -125.554070
161.807077 -124.428955
161.807173 -126.080666
161.807269 -132.197098
161.807365 -131.502533
161.807462 -127.098343
161.807558 -126.438965
161.807654 -128.388153
161.807750 -133.848862
161.807846 -128.604141
161.807942 -128.568115
161.808038 -125.830414
161.808135 -126.077667
161.808231 -127.811172
161.808327 -124.505066
161.808423 -124.498383
161.808519 -127.891624
161.808615 -126.467628
161.808712 -126.096207
161.808808 -126.439178
161.808904 -125.861099
161.809000 -124.572388
161.809096 -125.295532
161.809192 -127.206871
161.809288 -128.185883
161.809385 -124.290970
161.809481 -123.598686
161.809577 -123.679436
161.809673 -124.230377
161.809769 -125.603851
161.809865 -130.755707
161.809962 -125.215637
161.810058 -124.798141
161.810154 -125.310455
161.810250 -123.291718
161.810346 -123.311974
161.810442 -127.910927
161.810538 -141.353088
161.810635 -133.699081
161.810731 -133.749985
161.810827 -141.674911
161.810923 -135.510864
161.811019 -128.660889
161.811115 -128.660889
161.811212 -125.573059
161.811308 -123.569939
161.811404 -123.664017
161.811500 -123.576035
161.811596 -123.131973
161.811692 -123.278999
161.811788 -123.509972
161.811885 -127.413193
161.811981 -125.800156
161.812077 -125.763962
161.812173 -130.167770
161.812269 -134.864929
161.812365 -130.385605
161.812462 -126.078491
161.812558 -125.703964
161.812654 -125.853081
161.812750 -131.509674
161.812846 -125.470490
161.812942 -125.465080
161.813038 -128.685791
161.813135 -130.699112
161.813231 -130.698044
161.813327 -126.786964
161.813423 -119.390114
161.813519 -118.693871
161.813615 -119.376488
161.813712 -123.982101
161.813808 -128.141769
161.813904 -129.939362
161.814000 -125.632553
161.814096 -124.483795
161.814192 -124.833214
161.814288 -124.658272
161.814385 -124.270134
161.814481 -125.067039
161.814577 -125.754478
161.814673 -127.665581
161.814769 -125.535995
161.814865 -125.310753
161.814962 -127.250542
161.815058 -129.680832
161.815154 -130.443939
161.815250 -126.284027
161.815346 -126.283524
161.815442 -127.199867
161.815538 -126.987190
161.815635 -124.602509
161.815731 -124.304314
161.815827 -126.186890
161.815923 -122.840981
161.816019 -122.362213
161.816115 -124.050323
161.816212 -125.415131
161.816308 -125.418121
161.816404 -125.300499
161.816500 -127.439819
161.816596 -139.476532
161.816692 -126.418472
161.816788 -124.241447
161.816885 -124.526039
161.816981 -128.550095
161.817077 -125.001793
161.817173 -123.976112
161.817269 -124.126595
161.817365 -121.945671
161.817462 -121.847382
161.817558 -123.752464
161.817654 -125.308662
161.817750 -124.155640
161.817846 -124.588867
161.817942 -128.212021
161.818038 -123.257378
161.818135 -123.256378
161.818231 -127.266251
161.818327 -134.919128
161.818423 -131.198135
161.818519 -130.965607
161.818615 -133.000580
161.818712 -131.791412
161.818808 -126.826111
161.818904 -123.119400
161.819000 -123.114037
161.819096 -125.811264
161.819192 -124.585258
161.819288 -123.926697
161.819385 -123.804199
161.819481 -122.873482
161.819577 -123.043358
161.819673 -128.267944
161.819769 -126.347153
161.819865 -126.860825
161.819962 -121.218559
161.820058 -120.742462
161.820154 -121.306114
161.820250 -124.857948
161.820346 -135.145554
161.820442 -134.762115
161.820538 -132.187119
161.820635 -130.479385
161.820731 -131.860077
161.820827 -129.276184
161.820923 -127.520439
161.821019 -127.699020
161.821115 -131.200363
161.821212 -129.907486
161.821308 -130.571320
161.821404 -128.569595
161.821500 -125.463249
161.821596 -125.154602
161.821692 -125.512047
161.821788 -128.643051
161.821885 -129.574539
161.821981 -129.428818
161.822077 -134.207855
161.822173 -128.786423
161.822269 -123.743599
161.822365 -123.693398
161.822462 -127.048256
161.822558 -132.838455
161.822654 -129.182755
161.822750 -129.172623
161.822846 -129.877380
161.822942 -129.855423
161.823038 -123.915092
161.823135 -123.705460
161.823231 -124.114288
161.823327 -123.578110
161.823423 -126.044907
161.823519 -124.871994
161.823615 -124.704346
161.823712 -127.656052
161.823808 -130.123383
161.823904 -130.407028
161.824000 -126.080589
161.824096 -124.834709
161.824192 -125.146996
161.824288 -128.433487
161.824385 -122.792831
161.824481 -120.387169
161.824577 -121.210320
161.824673 -126.991714
161.824769 -126.782043
161.824865 -123.471886
161.824962 -121.735847
161.825058 -121.739342
161.825154 -123.913376
161.825250 -126.691681
161.825346 -125.691376
161.825442 -125.733635
161.825538 -127.592491
161.825635 -134.787292
161.825731 -133.590958
161.825827 -127.402245
161.825923 -127.224319
161.826019 -124.347496
161.826115 -123.410065
161.826212 -122.082550
161.826308 -121.397285
161.826404 -121.964722
161.826500 -128.526413
161.826596 -134.396927
161.826692 -129.996674
161.826788 -125.611618
161.826885 -123.689262
161.826981 -123.648384
161.827077 -125.528831
161.827173 -132.205811
161.827269 -130.419861
161.827365 -129.656342
161.827462 -126.937508
161.827558 -126.637405
161.827654 -128.376755
161.827750 -125.136620
161.827846 -124.682816
161.827942 -125.147774
161.828038 -127.638275
161.828135 -129.459824
161.828231 -129.875305
161.828327 -132.774719
161.828423 -132.553955
161.828519 -133.488449
161.828615 -132.128540
161.828712 -127.313324
161.828808 -127.014633
161.828904 -126.766380
161.829000 -126.905487
161.829096 -129.902893
161.829192 -130.573380
161.829288 -131.122330
161.829385 -132.512192
161.829481 -127.480362
161.829577 -126.224060
161.829673 -126.770676
161.829769 -126.280151
161.829865 -125.046860
161.829962 -125.537018
161.830058 -125.206947
161.830154 -123.112312
161.830250 -123.115761
161.830346 -125.772156
161.830442 -125.506599
161.830538 -124.180275
161.830635 -124.589355
161.830731 -129.637024
161.830827 -129.547836
161.830923 -133.023254
161.831019 -124.653069
161.831115 -123.331238
161.831212 -123.392265
161.831308 -127.936287
161.831404 -128.058502
161.831500 -124.998680
161.831596 -125.269218
161.831692 -124.389572
161.831788 -124.299042
161.831885 -121.826149
161.831981 -121.416969
161.832077 -122.888870
161.832173 -132.749100
161.832269 -126.974403
161.832365 -124.054871
161.832462 -122.677971
161.832558 -122.215271
161.832654 -122.313911
161.832750 -123.505135
161.832846 -127.175171
161.832942 -129.915253
161.833038 -127.789650
161.833135 -130.157227
161.833231 -127.231079
161.833327 -123.335617
161.833423 -123.431915
161.833519 -130.417587
161.833615 -129.963623
161.833712 -130.745270
161.833808 -122.056923
161.833904 -120.621758
161.834000 -121.329460
161.834096 -130.267349
161.834192 -126.825241
161.834288 -124.500908
161.834385 -124.941048
161.834481 -132.222229
161.834577 -128.851913
161.834673 -128.297379
161.834769 -127.088554
161.834865 -128.013672
161.834962 -135.284866
161.835058 -130.242889
161.835154 -130.214935
161.835250 -130.159973
161.835346 -126.546822
161.835442 -126.008301
161.835538 -123.408180
161.835635 -122.841934
161.835731 -122.697403
161.835827 -121.509842
161.835923 -122.617828
161.836019 -128.344482
161.836115 -127.569466
161.836212 -129.400391
161.836308 -136.115234
161.836404 -127.073395
161.836500 -124.017342
161.836596 -123.858734
161.836692 -125.573669
161.836788 -129.880676
161.836885 -122.444168
161.836981 -120.612144
161.837077 -120.641388
161.837173 -122.499954
161.837269 -123.442322
161.837365 -126.208412
161.837462 -130.624329
161.837558 -130.206131
161.837654 -129.552750
161.837750 -131.994263
161.837846 -126.832466
161.837942 -121.894974
161.838038 -121.337967
161.838135 -122.248283
161.838231 -129.431030
161.838327 -132.775681
161.838423 -130.507492
161.838519 -130.747498
161.838615 -132.260178
161.838712 -129.192764
161.838808 -125.324356
161.838904 -124.308014
161.839000 -125.446625
161.839096 -132.737411
161.839192 -125.644249
161.839288 -125.724785
161.839385 -125.480881
161.839481 -125.835930
161.839577 -129.237900
161.839673 -133.309662
161.839769 -130.834015
161.839865 -132.161865
161.839962 -133.189499
161.840058 -133.035660
161.840154 -126.188072
161.840250 -123.925079
161.840346 -125.773529
161.840442 -128.597794
161.840538 -129.730820
161.840635 -139.521881
161.840731 -129.564316
161.840827 -128.936996
161.840923 -127.256897
161.841019 -126.065285
161.841115 -127.361450
161.841212 -120.710861
161.841308 -120.377007
161.841404 -121.110542
161.841500 -125.243820
161.841596 -130.914185
161.841692 -128.017426
161.841788 -125.604538
161.841885 -122.202591
161.841981 -121.302307
161.842077 -121.360626
161.842173 -123.000748
161.842269 -128.013916
161.842365 -135.346024
161.842462 -140.348007
161.842558 -126.837921
161.842654 -122.979652
161.842750 -120.374207
161.842846 -117.805229
161.842942 -117.764977
161.843038 -120.003616
161.843135 -127.770805
161.843231 -131.934433
161.843327 -133.342072
161.843423 -144.003525
161.843519 -138.833572
161.843615 -135.516556
161.843712 -125.795944
161.843808 -122.445641
161.843904 -122.446938
161.844000 -124.387665
161.844096 -125.578773
161.844192 -124.109695
161.844288 -120.838486
161.844385 -120.910294
161.844481 -124.980751
161.844577 -128.785889
161.844673 -127.719368
161.844769 -128.250351
161.844865 -131.554291
161.844962 -129.633148
161.845058 -125.633415
161.845154 -124.951118
161.845250 -125.622650
161.845346 -130.642700
161.845442 -137.313660
161.845538 -132.623749
161.845635 -127.600769
161.845731 -127.198166
161.845827 -124.085655
161.845923 -122.577721
161.846019 -124.263397
161.846115 -123.677353
161.846212 -123.054245
161.846308 -122.755447
161.846404 -122.686722
161.846500 -123.937637
161.846596 -127.853096
161.846692 -127.766495
161.846788 -127.761368
161.846885 -130.620407
161.846981 -128.995209
161.847077 -130.205826
161.847173 -134.636642
161.847269 -136.866989
161.847365 -132.346909
161.847462 -131.140839
161.847558 -126.481407
161.847654 -122.913139
161.847750 -122.861092
161.847846 -125.916313
161.847942 -129.280487
161.848038 -128.303024
161.848135 -129.707642
161.848231 -125.941299
161.848327 -125.931885
161.848423 -130.665131
161.848519 -132.103546
161.848615 -125.341858
161.848712 -124.696487
161.848808 -124.244591
161.848904 -123.567329
161.849000 -123.584343
161.849096 -123.974358
161.849192 -122.770027
161.849288 -123.400146
161.849385 -125.296700
161.849481 -124.659462
161.849577 -124.653877
161.849673 -124.261887
161.849769 -121.693344
161.849865 -121.448395
161.849962 -122.973068
161.850058 -130.207382
161.850154 -131.392944
161.850250 -126.147522
161.850346 -125.352448
161.850442 -126.940376
161.850538 -126.187103
161.850635 -125.924454
161.850731 -126.156380
161.850827 -125.580299
161.850923 -125.059608
161.851019 -125.401917
161.851115 -127.048706
161.851212 -124.647240
161.851308 -122.579201
161.851404 -122.451866
161.851500 -125.933655
161.851596 -128.002014
161.851692 -121.457512
161.851788 -120.537514
161.851885 -120.838577
161.851981 -123.682343
161.852077 -128.873672
161.852173 -131.264877
161.852269 -128.025467
161.852365 -128.036896
161.852462 -121.855728
161.852558 -118.729416
161.852654 -118.764954
161.852750 -121.812210
161.852846 -127.893997
161.852942 -127.734634
161.853038 -124.517273
161.853135 -123.906120
161.853231 -125.165611
161.853327 -131.909836
161.853423 -121.865837
161.853519 -121.289200
161.853615 -123.491234
161.853712 -126.164711
161.853808 -124.593674
161.853904 -125.213463
161.854000 -132.927063
161.854096 -132.982147
161.854192 -126.250801
161.854288 -125.539726
161.854385 -125.920868
161.854481 -127.088837
161.854577 -126.442070
161.854673 -126.532661
161.854769 -128.461121
161.854865 -127.214363
161.854962 -127.218506
161.855058 -125.201241
161.855154 -124.157997
161.855250 -126.423401
161.855346 -127.052979
161.855442 -123.927139
161.855538 -122.297081
161.855635 -122.229828
161.855731 -123.075539
161.855827 -127.637680
161.855923 -127.739250
161.856019 -125.634544
161.856115 -123.870132
161.856212 -123.148972
161.856308 -123.986893
161.856404 -126.935692
161.856500 -130.290298
161.856596 -132.416656
161.856692 -133.816528
161.856788 -128.748764
161.856885 -128.755676
161.856981 -129.914856
161.857077 -133.221191
161.857173 -130.859619
161.857269 -125.366043
161.857365 -121.978958
161.857462 -121.700989
161.857558 -122.034470
161.857654 -122.053238
161.857750 -122.061852
161.857846 -126.578957
161.857942 -130.532135
161.858038 -130.614594
161.858135 -131.957458
161.858231 -122.907959
161.858327 -121.790802
161.858423 -123.295639
161.858519 -134.257782
161.858615 -131.112793
161.858712 -131.087097
161.858808 -127.395538
161.858904 -121.349289
161.859000 -121.334953
161.859096 -120.749405
161.859192 -120.178169
161.859288 -121.702026
161.859385 -129.564529
161.859481 -134.182053
161.859577 -134.337021
161.859673 -126.394859
161.859769 -123.052078
161.859865 -122.752861
161.859962 -124.337372
161.860058 -121.208008
161.860154 -119.520470
161.860250 -119.792542
161.860346 -123.333015
161.860442 -128.402634
161.860538 -137.672806
161.860635 -135.252441
161.860731 -127.561623
161.860827 -125.410957
161.860923 -124.504272
161.861019 -123.014946
161.861115 -121.384979
161.861212 -121.068527
161.861308 -123.171501
161.861404 -124.105255
161.861500 -124.226715
161.861596 -131.048218
161.861692 -139.353226
161.861788 -134.615250
161.861885 -132.783249
161.861981 -130.431686
161.862077 -130.950394
161.862173 -126.117096
161.862269 -122.196411
161.862365 -122.102409
161.862462 -123.023087
161.862558 -125.653755
161.862654 -131.656601
161.862750 -128.820557
161.862846 -124.216537
161.862942 -123.430176
161.863038 -123.734848
161.863135 -127.993378
161.863231 -125.220642
161.863327 -125.213173
161.863423 -130.484497
161.863519 -125.699074
161.863615 -124.415627
161.863712 -124.214233
161.863808 -124.616798
161.863904 -127.520569
161.864000 -124.332237
161.864096 -124.846191
161.864192 -131.063965
161.864288 -131.063416
161.864385 -131.692123
161.864481 -128.609116
161.864577 -125.863495
161.864673 -125.862885
161.864769 -129.420151
161.864865 -121.977188
161.864962 -121.771255
161.865058 -124.596413
161.865154 -137.049179
161.865250 -121.278763
161.865346 -116.332512
161.865442 -116.273125
161.865538 -118.990601
161.865635 -126.083183
161.865731 -124.818672
161.865827 -124.851845
161.865923 -128.966690
161.866019 -128.880707
161.866115 -126.978745
161.866212 -127.216438
161.866308 -127.710670
161.866404 -126.549622
161.866500 -127.675926
161.866596 -122.912079
161.866692 -121.720520
161.866788 -121.817841
161.866885 -124.589943
161.866981 -128.740036
161.867077 -131.776703
161.867173 -131.448944
161.867269 -134.630951
161.867365 -132.460419
161.867462 -130.706909
161.867558 -129.055145
161.867654 -128.395874
161.867750 -126.676292
161.867846 -121.103798
161.867942 -121.236359
161.868038 -130.526520
161.868135 -126.769547
161.868231 -125.231544
161.868327 -125.638161
161.868423 -122.666130
161.868519 -122.665512
161.868615 -124.731140
161.868712 -128.014771
161.868808 -128.343521
161.868904 -127.325058
161.869000 -125.476593
161.869096 -123.934959
161.869192 -124.284615
161.869288 -129.559021
161.869385 -125.560471
161.869481 -124.511147
161.869577 -124.458488
161.869673 -125.236412
161.869769 -126.212906
161.869865 -125.506714
161.869962 -123.834747
161.870058 -123.842682
161.870154 -127.653221
161.870250 -121.516304
161.870346 -119.283875
161.870442 -119.452576
161.870538 -126.617691
161.870635 -127.553406
161.870731 -127.945908
161.870827 -130.730225
161.870923 -130.532776
161.871019 -129.860580
161.871115 -127.254097
161.871212 -125.295601
161.871308 -125.657265
161.871404 -127.143608
161.871500 -126.996239
161.871596 -130.543610
161.871692 -128.748184
161.871788 -128.799805
161.871885 -133.543900
161.871981 -133.760132
161.872077 -135.743378
161.872173 -134.757507
161.872269 -125.294106
161.872365 -124.270706
161.872462 -124.544975
161.872558 -122.523041
161.872654 -122.001930
161.872750 -122.499367
161.872846 -124.324829
161.872942 -131.726318
161.873038 -130.719376
161.873135 -133.112732
161.873231 -125.478065
161.873327 -124.376495
161.873423 -126.148468
161.873519 -125.602119
161.873615 -126.146851
161.873712 -123.785049
161.873808 -124.241425
161.873904 -126.681801
161.874000 -126.430389
161.874096 -126.173897
161.874192 -126.903061
161.874288 -130.582001
161.874385 -131.812668
161.874481 -128.187729
161.874577 -125.757706
161.874673 -122.708214
161.874769 -121.401138
161.874865 -122.352226
161.874962 -127.397049
161.875058 -126.311134
161.875154 -125.373131
161.875250 -126.763382
161.875346 -134.707520
161.875442 -126.444092
161.875538 -123.188629
161.875635 -123.148247
161.875731 -126.165611
161.875827 -139.681046
161.875923 -128.870773
161.876019 -127.538750
161.876115 -128.668457
161.876212 -128.926941
161.876308 -131.724335
161.876404 -128.867783
161.876500 -127.146767
161.876596 -127.911980
161.876692 -125.760506
161.876788 -123.115440
161.876885 -123.342896
161.876981 -128.729523
161.877077 -124.460518
161.877173 -124.430649
161.877269 -127.117920
161.877365 -128.385101
161.877462 -129.331512
161.877558 -138.094223
161.877654 -131.478394
161.877750 -126.309288
161.877846 -121.955864
161.877942 -121.853165
161.878038 -121.357224
161.878135 -121.387001
161.878231 -127.173798
161.878327 -124.207870
161.878423 -124.266632
161.878519 -124.603111
161.878615 -124.572456
161.878712 -124.985687
161.878808 -125.614815
161.878904 -125.603699
161.879000 -120.567352
161.879096 -115.739662
161.879192 -115.731392
161.879288 -118.669342
161.879385 -123.170341
161.879481 -129.273697
161.879577 -127.395119
161.879673 -128.779816
161.879769 -123.789162
161.879865 -123.565605
161.879962 -124.845764
161.880058 -125.133446
161.880154 -125.187828
161.880250 -129.330338
161.880346 -125.435738
161.880442 -123.428108
161.880538 -123.279152
161.880635 -123.002968
161.880731 -124.290779
161.880827 -129.277832
161.880923 -128.486801
161.881019 -125.271202
161.881115 -122.614044
161.881212 -122.718758
161.881308 -127.830086
161.881404 -127.914162
161.881500 -121.368195
161.881596 -121.247856
161.881692 -123.488747
161.881788 -130.467102
161.881885 -132.178131
161.881981 -128.217468
161.882077 -126.320839
161.882173 -126.194138
161.882269 -126.895798
161.882365 -127.789177
161.882462 -124.581337
161.882558 -124.234734
161.882654 -124.549896
161.882750 -127.782005
161.882846 -131.359787
161.882942 -122.413788
161.883038 -121.536942
161.883135 -122.405701
161.883231 -123.974358
161.883327 -123.833534
161.883423 -124.849510
161.883519 -129.871094
161.883615 -134.400223
161.883712 -133.769730
161.883808 -131.155396
161.883904 -130.694397
161.884000 -127.173302
161.884096 -126.175186
161.884192 -128.126755
161.884288 -128.898987
161.884385 -130.023865
161.884481 -133.394653
161.884577 -132.109848
161.884673 -127.087677
161.884769 -127.043175
161.884865 -127.465179
161.884962 -127.193268
161.885058 -127.552727
161.885154 -126.995476
161.885250 -127.537704
161.885346 -124.463264
161.885442 -123.336594
161.885538 -124.138710
161.885635 -132.695190
161.885731 -130.433258
161.885827 -129.421555
161.885923 -125.314484
161.886019 -124.415398
161.886115 -125.349983
161.886212 -129.792419
161.886308 -128.309631
161.886404 -124.080490
161.886500 -124.036667
161.886596 -126.323196
161.886692 -128.284576
161.886788 -129.952103
161.886885 -129.842911
161.886981 -133.257187
161.887077 -134.356995
161.887173 -126.472763
161.887269 -122.030655
161.887365 -120.291290
161.887462 -120.347130
161.887558 -122.948204
161.887654 -126.782776
161.887750 -130.879211
161.887846 -128.310669
161.887942 -127.473755
161.888038 -128.046738
161.888135 -127.316582
161.888231 -127.293411
161.888327 -130.799454
161.888423 -129.600845
161.888519 -127.451530
161.888615 -126.055687
161.888712 -126.069542
161.888808 -126.839622
161.888904 -128.455704
161.889000 -128.597351
161.889096 -130.644485
161.889192 -134.954422
161.889288 -134.801086
161.889385 -134.413315
161.889481 -133.651215
161.889577 -122.994011
161.889673 -119.549950
161.889769 -119.403610
161.889865 -120.611237
161.889962 -125.687767
161.890058 -126.891663
161.890154 -130.435730
161.890250 -128.616180
161.890346 -128.770981
161.890442 -132.407776
161.890538 -128.371094
161.890635 -122.828804
161.890731 -122.785744
161.890827 -124.879570
161.890923 -128.645920
161.891019 -128.118988
161.891115 -126.184242
161.891212 -125.925812
161.891308 -126.230553
161.891404 -128.739059
161.891500 -128.332840
161.891596 -125.682999
161.891692 -123.543510
161.891788 -123.561256
161.891885 -128.260391
161.891981 -130.274796
161.892077 -129.989792
161.892173 -131.526733
161.892269 -128.456863
161.892365 -124.111771
161.892462 -123.884186
161.892558 -125.757431
161.892654 -130.728119
161.892750 -130.754257
161.892846 -128.624283
161.892942 -125.919518
161.893038 -123.965965
161.893135 -122.272919
161.893231 -122.289474
161.893327 -127.513611
161.893423 -129.401291
161.893519 -132.274231
161.893615 -126.199951
161.893712 -119.958672
161.893808 -118.355011
161.893904 -118.564972
161.894000 -123.799004
161.894096 -125.572815
161.894192 -123.504143
161.894288 -123.508820
161.894385 -125.753883
161.894481 -129.789276
161.894577 -125.987877
161.894673 -124.879936
161.894769 -125.095688
161.894865 -129.861038
161.894962 -130.861328
161.895058 -130.031738
161.895154 -127.231766
161.895250 -127.241493
161.895346 -125.693451
161.895442 -121.632736
161.895538 -121.535912
161.895635 -123.589134
161.895731 -126.465538
161.895827 -129.195099
161.895923 -126.794289
161.896019 -126.905746
161.896115 -130.105576
161.896212 -127.976387
161.896308 -128.908188
161.896404 -124.658417
161.896500 -120.209679
161.896596 -119.429871
161.896692 -119.499199
161.896788 -123.637062
161.896885 -129.388336
161.896981 -129.517441
161.897077 -126.101753
161.897173 -125.985321
161.897269 -126.869118
161.897365 -129.684738
161.897462 -123.846283
161.897558 -122.194412
161.897654 -122.587021
161.897750 -128.831116
161.897846 -136.561646
161.897942 -131.962875
161.898038 -123.634071
161.898135 -122.183815
161.898231 -121.446480
161.898327 -121.392433
161.898423 -122.343010
161.898519 -129.131989
161.898615 -135.653305
161.898712 -139.026947
161.898808 -130.380463
161.898904 -127.548248
161.899000 -124.993225
161.899096 -124.895691
161.899192 -127.704277
161.899288 -128.621887
161.899385 -121.347893
161.899481 -120.899643
161.899577 -121.751282
161.899673 -121.051414
161.899769 -121.486923
161.899865 -123.866409
161.899962 -126.296715
161.900058 -129.374298
161.900154 -126.045296
161.900250 -126.050735
161.900346 -128.044617
161.900442 -125.454781
161.900538 -125.384567
161.900635 -126.604736
161.900731 -125.783051
161.900827 -122.543198
161.900923 -122.077271
161.901019 -123.158524
161.901115 -130.324142
161.901212 -125.774254
161.901308 -125.688530
161.901404 -128.065063
161.901500 -126.711441
161.901596 -125.156242
161.901692 -124.805626
161.901788 -124.941208
161.901885 -126.990837
161.901981 -124.148735
161.902077 -124.148476
161.902173 -127.777222
161.902269 -126.265816
161.902365 -124.839539
161.902462 -122.547821
161.902558 -122.125504
161.902654 -122.309280
161.902750 -122.821266
161.902846 -124.667160
161.902942 -129.554199
161.903038 -133.935669
161.903135 -128.808365
161.903231 -127.844864
161.903327 -124.868080
161.903423 -124.071869
161.903519 -126.405525
161.903615 -128.533203
161.903712 -127.480537
161.903808 -129.938354
161.903904 -127.880486
161.904000 -123.287491
161.904096 -121.662109
161.904192 -121.609154
161.904288 -122.820358
161.904385 -127.138443
161.904481 -128.633499
161.904577 -131.151428
161.904673 -135.253967
161.904769 -130.254486
161.904865 -128.577225
161.904962 -125.653084
161.905058 -121.588638
161.905154 -120.526978
161.905250 -120.696014
161.905346 -126.750420
161.905442 -124.711929
161.905538 -124.778519
161.905635 -126.247452
161.905731 -125.940567
161.905827 -125.818306
161.905923 -125.832420
161.906019 -129.111603
161.906115 -134.406921
161.906212 -134.021133
161.906308 -132.742722
161.906404 -128.817245
161.906500 -126.995811
161.906596 -126.955162
161.906692 -128.386703
161.906788 -119.009689
161.906885 -117.898819
161.906981 -118.628563
161.907077 -125.331383
161.907173 -129.330276
161.907269 -129.806870
161.907365 -122.176971
161.907462 -121.743271
161.907558 -123.129448
161.907654 -125.262993
161.907750 -127.282394
161.907846 -127.859016
161.907942 -129.920670
161.908038 -132.325806
161.908135 -137.587738
161.908231 -130.411011
161.908327 -128.313126
161.908423 -128.314163
161.908519 -129.447983
161.908615 -125.031937
161.908712 -124.941513
161.908808 -126.748482
161.908904 -137.375229
161.909000 -125.391685
