702.296000 -133.007019
702.296010 -133.976578
702.296019 -135.324036
702.296029 -136.936508
702.296038 -138.274399
702.296048 -137.005386
702.296058 -135.282013
702.296067 -133.791534
702.296077 -132.694260
702.296087 -131.986038
702.296096 -131.631149
702.296106 -131.560181
702.296115 -131.586441
702.296125 -131.815933
702.296135 -132.269485
702.296144 -132.893127
702.296154 -133.611084
702.296163 -134.329559
702.296173 -134.946533
702.296183 -135.384949
702.296192 -135.620010
702.296202 -135.653137
702.296212 -135.554749
702.296221 -135.430984
702.296231 -135.322662
702.296240 -135.247833
702.296250 -135.218109
702.296260 -135.218018
702.296269 -135.247147
702.296279 -135.344589
702.296288 -135.521042
702.296298 -135.785568
702.296308 -136.151398
702.296317 -136.635178
702.296327 -137.255966
702.296337 -137.978912
702.296346 -138.750061
702.296356 -139.311707
702.296365 -138.357864
702.296375 -136.726089
702.296385 -134.900574
702.296394 -133.186920
702.296404 -131.699707
702.296413 -130.464935
702.296423 -129.474213
702.296433 -128.709030
702.296442 -128.143005
702.296452 -127.763885
702.296462 -127.549255
702.296471 -127.476273
702.296481 -127.475685
702.296490 -127.515923
702.296500 -127.632614
702.296510 -127.779610
702.296519 -127.902687
702.296529 -127.862129
702.296538 -127.639229
702.296548 -127.294563
702.296558 -126.870590
702.296567 -126.418892
702.296577 -125.985069
702.296587 -125.603691
702.296596 -125.297638
702.296606 -125.080582
702.296615 -124.959221
702.296625 -124.932289
702.296635 -124.935608
702.296644 -125.008301
702.296654 -125.172836
702.296663 -125.422783
702.296673 -125.749878
702.296683 -126.145378
702.296692 -126.600693
702.296702 -127.109848
702.296712 -127.669548
702.296721 -128.280869
702.296731 -128.945847
702.296740 -129.666092
702.296750 -130.434814
702.296760 -131.232803
702.296769 -132.018997
702.296779 -132.731491
702.296788 -133.289825
702.296798 -133.619019
702.296808 -133.431137
702.296817 -132.931427
702.296827 -132.220291
702.296837 -131.358917
702.296846 -130.413681
702.296856 -129.451370
702.296865 -128.523972
702.296875 -127.675316
702.296885 -126.938301
702.296894 -126.335861
702.296904 -125.885559
702.296913 -125.599358
702.296923 -125.486389
702.296933 -125.484680
702.296942 -125.551155
702.296952 -125.792366
702.296962 -126.198204
702.296971 -126.741547
702.296981 -127.370613
702.296990 -128.007950
702.297000 -128.562973
702.297010 -128.972488
702.297019 -129.243134
702.297029 -129.456177
702.297038 -129.727112
702.297048 -130.143066
702.297058 -130.740875
702.297067 -131.515442
702.297077 -132.274551
702.297087 -132.147339
702.297096 -130.997879
702.297106 -129.612198
702.297115 -128.326645
702.297125 -127.283951
702.297135 -126.525925
702.297144 -126.057701
702.297154 -125.877663
702.297163 -125.862488
702.297173 -125.988129
702.297183 -126.401382
702.297192 -127.144089
702.297202 -128.267410
702.297212 -129.861923
702.297221 -132.100922
702.297231 -135.354568
702.297240 -140.631638
702.297250 -143.340134
702.297260 -137.626343
702.297269 -134.462708
702.297279 -132.413071
702.297288 -130.985382
702.297298 -129.934448
702.297308 -129.120178
702.297317 -128.458420
702.297327 -127.898224
702.297337 -127.415047
702.297346 -127.001419
702.297356 -126.663406
702.297365 -126.413483
702.297375 -126.269348
702.297385 -126.241600
702.297394 -126.248619
702.297404 -126.366951
702.297413 -126.656151
702.297423 -127.142380
702.297433 -127.853180
702.297442 -128.813721
702.297452 -130.030411
702.297462 -131.442444
702.297471 -132.797333
702.297481 -133.143005
702.297490 -131.908737
702.297500 -130.449707
702.297510 -129.117493
702.297519 -128.015060
702.297529 -127.147949
702.297538 -126.492828
702.297548 -126.023438
702.297558 -125.717377
702.297567 -125.559189
702.297577 -125.518852
702.297587 -125.532043
702.297596 -125.658257
702.297606 -125.916061
702.297615 -126.319633
702.297625 -126.875877
702.297635 -127.588196
702.297644 -128.436874
702.297654 -129.397629
702.297663 -130.407516
702.297673 -131.338623
702.297683 -132.011795
702.297692 -132.089752
702.297702 -131.597107
702.297712 -130.957962
702.297721 -130.292297
702.297731 -129.661407
702.297740 -129.120956
702.297750 -128.687805
702.297760 -128.374527
702.297769 -128.191849
702.297779 -128.142288
702.297788 -128.149277
702.297798 -128.271545
702.297808 -128.563889
702.297817 -129.047333
702.297827 -129.729599
702.297837 -130.630112
702.297846 -131.763260
702.297856 -133.112717
702.297865 -134.591980
702.297875 -135.975433
702.297885 -136.890274
702.297894 -136.723541
702.297904 -136.168732
702.297913 -135.634872
702.297923 -135.132980
702.297933 -134.553375
702.297942 -133.771255
702.297952 -132.763809
702.297962 -131.630325
702.297971 -130.517838
702.297981 -129.545624
702.297990 -128.786133
702.298000 -128.276581
702.298010 -128.034393
702.298019 -128.018539
702.298029 -128.068970
702.298038 -128.387024
702.298048 -128.998062
702.298058 -129.916840
702.298067 -131.168213
702.298077 -132.787888
702.298087 -134.825562
702.298096 -137.314117
702.298106 -140.107834
702.298115 -142.169785
702.298125 -140.437195
702.298135 -138.580353
702.298144 -137.026047
702.298154 -135.751740
702.298163 -134.666031
702.298173 -133.675568
702.298183 -132.741867
702.298192 -131.845612
702.298202 -130.989151
702.298212 -130.189285
702.298221 -129.471313
702.298231 -128.858795
702.298240 -128.372742
702.298250 -128.027924
702.298260 -127.836021
702.298269 -127.796356
702.298279 -127.804260
702.298288 -127.935287
702.298298 -128.235001
702.298308 -128.706345
702.298317 -129.350403
702.298327 -130.165741
702.298337 -131.142929
702.298346 -132.256012
702.298356 -133.445404
702.298365 -134.601471
702.298375 -135.565903
702.298385 -136.199799
702.298394 -136.477921
702.298404 -136.418457
702.298413 -136.278229
702.298423 -136.062744
702.298433 -135.699432
702.298442 -135.136185
702.298452 -134.398346
702.298462 -133.578384
702.298471 -132.781937
702.298481 -132.088318
702.298490 -131.539658
702.298500 -131.150635
702.298510 -130.914688
702.298519 -130.814163
702.298529 -130.807724
702.298538 -130.821991
702.298548 -130.907318
702.298558 -131.035294
702.298567 -131.172012
702.298577 -131.283951
702.298587 -131.321945
702.298596 -131.205963
702.298606 -130.985397
702.298615 -130.665176
702.298625 -130.262421
702.298635 -129.806671
702.298644 -129.333023
702.298654 -128.878082
702.298663 -128.473694
702.298673 -128.145905
702.298683 -127.912468
702.298692 -127.784866
702.298702 -127.761414
702.298712 -127.767624
702.298721 -127.860641
702.298731 -128.058792
702.298740 -128.354752
702.298750 -128.739288
702.298760 -129.204208
702.298769 -129.743805
702.298779 -130.358170
702.298788 -131.055008
702.298798 -131.851517
702.298808 -132.773682
702.298817 -133.853943
702.298827 -135.120361
702.298837 -136.569870
702.298846 -138.093170
702.298856 -139.336792
702.298865 -139.063324
702.298875 -137.832458
702.298885 -136.537354
702.298894 -135.390884
702.298904 -134.419815
702.298913 -133.580658
702.298923 -132.809662
702.298933 -132.053711
702.298942 -131.285248
702.298952 -130.508179
702.298962 -129.747589
702.298971 -129.035995
702.298981 -128.401077
702.298990 -127.859901
702.299000 -127.418221
702.299010 -127.072128
702.299019 -126.810516
702.299029 -126.617493
702.299038 -126.470978
702.299048 -126.359016
702.299058 -126.270065
702.299067 -126.195221
702.299077 -126.131516
702.299087 -126.077568
702.299096 -126.032242
702.299106 -126.000870
702.299115 -125.982956
702.299125 -125.974808
702.299135 -125.971291
702.299144 -125.966705
702.299154 -125.956902
702.299163 -125.938721
702.299173 -125.905998
702.299183 -125.848335
702.299192 -125.767609
702.299202 -125.655952
702.299212 -125.508247
702.299221 -125.325356
702.299231 -125.118988
702.299240 -124.910728
702.299250 -124.730583
702.299260 -124.611137
702.299269 -124.575478
702.299279 -124.580696
702.299288 -124.686676
702.299298 -124.943352
702.299308 -125.386192
702.299317 -126.048279
702.299327 -126.966614
702.299337 -128.183929
702.299346 -129.738663
702.299356 -131.622665
702.299365 -133.611008
702.299375 -134.595520
702.299385 -133.134201
702.299394 -131.543686
702.299404 -130.239029
702.299413 -129.286133
702.299423 -128.655746
702.299433 -128.297516
702.299442 -128.193222
702.299452 -128.193726
702.299462 -128.321594
702.299471 -128.670135
702.299481 -129.244904
702.299490 -130.069092
702.299500 -131.187805
702.299510 -132.653137
702.299519 -134.576401
702.299529 -136.998550
702.299538 -139.384033
702.299548 -137.141861
702.299558 -134.413223
702.299567 -132.174286
702.299577 -130.429855
702.299587 -129.087250
702.299596 -128.070770
702.299606 -127.329002
702.299615 -126.828857
702.299625 -126.549614
702.299635 -126.477470
702.299644 -126.480598
702.299654 -126.621864
702.299663 -126.978149
702.299673 -127.560547
702.299683 -128.387527
702.299692 -129.483322
702.299702 -130.877243
702.299712 -132.589523
702.299721 -134.586914
702.299731 -136.633926
702.299740 -138.065247
702.299750 -137.322968
702.299760 -136.334442
702.299769 -135.640228
702.299779 -135.371155
702.299788 -135.369247
702.299798 -135.569168
702.299808 -136.273849
702.299817 -137.553162
702.299827 -139.515793
702.299837 -142.222382
702.299846 -144.970154
702.299856 -142.546188
702.299865 -140.372330
702.299875 -139.011078
702.299885 -138.406937
702.299894 -138.367462
702.299904 -138.467178
702.299913 -139.076172
702.299923 -139.909058
702.299933 -138.929703
702.299942 -136.816467
702.299952 -134.690765
702.299962 -132.916565
702.299971 -131.553375
702.299981 -130.579193
702.299990 -129.961624
702.300000 -129.674850
702.300010 -129.651260
702.300019 -129.703247
702.300029 -130.040039
702.300038 -130.681351
702.300048 -131.642273
702.300058 -132.945969
702.300067 -134.624130
702.300077 -136.724640
702.300087 -139.308136
702.300096 -142.434784
702.300106 -146.028000
702.300115 -149.272217
702.300125 -148.883789
702.300135 -147.168198
702.300144 -145.481934
702.300154 -143.773590
702.300163 -141.967987
702.300173 -140.045975
702.300183 -138.063980
702.300192 -136.110016
702.300202 -134.256516
702.300212 -132.560028
702.300221 -131.056030
702.300231 -129.764160
702.300240 -128.691422
702.300250 -127.839050
702.300260 -127.203773
702.300269 -126.781052
702.300279 -126.564705
702.300288 -126.533821
702.300298 -126.548233
702.300308 -126.722099
702.300317 -127.072861
702.300327 -127.579185
702.300337 -128.208771
702.300346 -128.912506
702.300356 -129.626495
702.300365 -130.279327
702.300375 -130.816086
702.300385 -131.220001
702.300394 -131.520752
702.300404 -131.775055
702.300413 -132.043198
702.300423 -132.372711
702.300433 -132.797607
702.300442 -133.345535
702.300452 -134.049454
702.300462 -134.961914
702.300471 -136.172455
702.300481 -137.842819
702.300490 -140.289978
702.300500 -144.197830
702.300510 -149.517502
702.300519 -142.281403
702.300529 -138.077866
702.300538 -135.237244
702.300548 -133.178543
702.300558 -131.651352
702.300567 -130.523300
702.300577 -129.719101
702.300587 -129.189255
702.300596 -128.891602
702.300606 -128.799286
702.300615 -128.795349
702.300625 -128.878540
702.300635 -129.086380
702.300644 -129.367706
702.300654 -129.654617
702.300663 -129.876968
702.300673 -129.952805
702.300683 -129.814362
702.300692 -129.614197
702.300702 -129.401657
702.300712 -129.207718
702.300721 -129.066147
702.300731 -129.003387
702.300740 -129.001678
702.300750 -129.036362
702.300760 -129.183517
702.300769 -129.465698
702.300779 -129.907928
702.300788 -130.538330
702.300798 -131.385864
702.300808 -132.491791
702.300817 -133.920227
702.300827 -135.761200
702.300837 -138.166962
702.300846 -141.405533
702.300856 -145.801697
702.300865 -145.835129
702.300875 -142.076950
702.300885 -139.419281
702.300894 -137.494720
702.300904 -136.029068
702.300913 -134.852509
702.300923 -133.875992
702.300933 -133.041245
702.300942 -132.309006
702.300952 -131.656586
702.300962 -131.069168
702.300971 -130.537430
702.300981 -130.051666
702.300990 -129.600632
702.301000 -129.172668
702.301010 -128.759918
702.301019 -128.353271
702.301029 -127.947212
702.301038 -127.541138
702.301048 -127.139977
702.301058 -126.753433
702.301067 -126.394775
702.301077 -126.078835
702.301087 -125.820114
702.301096 -125.630928
702.301106 -125.520042
702.301115 -125.490204
702.301125 -125.491516
702.301135 -125.544228
702.301144 -125.670876
702.301154 -125.858994
702.301163 -126.091324
702.301173 -126.348213
702.301183 -126.610451
702.301192 -126.863747
702.301202 -127.102676
702.301212 -127.334534
702.301221 -127.580528
702.301231 -127.875137
702.301240 -128.263504
702.301250 -128.799469
702.301260 -129.542480
702.301269 -130.554794
702.301279 -131.887955
702.301288 -133.528488
702.301298 -135.203964
702.301308 -135.339249
702.301317 -133.667755
702.301327 -131.980087
702.301337 -130.618927
702.301346 -129.624008
702.301356 -128.924561
702.301365 -128.482407
702.301375 -128.220642
702.301385 -128.055374
702.301394 -127.905014
702.301404 -127.710503
702.301413 -127.452141
702.301423 -127.153336
702.301433 -126.862816
702.301442 -126.631989
702.301452 -126.499100
702.301462 -126.476212
702.301471 -126.484001
702.301481 -126.586365
702.301490 -126.782913
702.301500 -127.060287
702.301510 -127.384262
702.301519 -127.719337
702.301529 -128.032898
702.301538 -128.299026
702.301548 -128.480286
702.301558 -128.564438
702.301567 -128.449860
702.301577 -128.239899
702.301587 -127.963165
702.301596 -127.660408
702.301606 -127.373428
702.301615 -127.136276
702.301625 -126.971329
702.301635 -126.889267
702.301644 -126.882957
702.301654 -126.892235
702.301663 -126.976807
702.301673 -127.138306
702.301683 -127.373817
702.301692 -127.685455
702.301702 -128.081543
702.301712 -128.577347
702.301721 -129.192032
702.301731 -129.944641
702.301740 -130.841904
702.301750 -131.858658
702.301760 -132.897537
702.301769 -133.749603
702.301779 -133.894150
702.301788 -133.183578
702.301798 -132.272064
702.301808 -131.354874
702.301817 -130.518692
702.301827 -129.780792
702.301837 -129.135941
702.301846 -128.587479
702.301856 -128.127106
702.301865 -127.741005
702.301875 -127.418541
702.301885 -127.144653
702.301894 -126.888840
702.301904 -126.611992
702.301913 -126.278015
702.301923 -125.867767
702.301933 -125.388832
702.301942 -124.872505
702.301952 -124.361702
702.301962 -123.897957
702.301971 -123.513809
702.301981 -123.230705
702.301990 -123.051125
702.302000 -122.993431
702.302010 -122.989433
702.302019 -123.065056
702.302029 -123.265617
702.302038 -123.599808
702.302048 -124.072853
702.302058 -124.689667
702.302067 -125.452972
702.302077 -126.355186
702.302087 -127.366539
702.302096 -128.411911
702.302106 -129.350128
702.302115 -129.982666
702.302125 -130.014816
702.302135 -129.627670
702.302144 -129.230469
702.302154 -128.950958
702.302163 -128.838669
702.302173 -128.816147
702.302183 -128.938766
702.302192 -129.215408
702.302202 -129.593658
702.302212 -129.960510
702.302221 -130.130676
702.302231 -129.749390
702.302240 -129.140671
702.302250 -128.445007
702.302260 -127.779716
702.302269 -127.214645
702.302279 -126.782875
702.302288 -126.493828
702.302298 -126.344788
702.302308 -126.315399
702.302317 -126.326096
702.302327 -126.424911
702.302337 -126.623451
702.302346 -126.904984
702.302356 -127.261696
702.302365 -127.681572
702.302375 -128.155991
702.302385 -128.678329
702.302394 -129.243408
702.302404 -129.842697
702.302413 -130.460739
702.302423 -131.066757
702.302433 -131.610733
702.302442 -132.022659
702.302452 -132.188995
702.302462 -131.909958
702.302471 -131.456146
702.302481 -130.914352
702.302490 -130.363052
702.302500 -129.859283
702.302510 -129.437576
702.302519 -129.114624
702.302529 -128.892731
702.302538 -128.763443
702.302548 -128.708588
702.302558 -128.701248
702.302567 -128.702972
702.302577 -128.718018
702.302587 -128.728378
702.302596 -128.723648
702.302606 -128.723892
702.302615 -128.748672
702.302625 -128.851044
702.302635 -129.087265
702.302644 -129.514221
702.302654 -130.162582
702.302663 -131.090500
702.302673 -132.304581
702.302683 -133.709198
702.302692 -134.964417
702.302702 -134.903229
702.302712 -133.806931
702.302721 -132.744461
702.302731 -131.986221
702.302740 -131.616287
702.302750 -131.564697
702.302760 -131.657684
702.302769 -132.125961
702.302779 -133.052490
702.302788 -134.505325
702.302798 -136.623459
702.302808 -139.702988
702.302817 -144.426407
702.302827 -147.366226
702.302837 -142.451752
702.302846 -139.541534
702.302856 -137.741440
702.302865 -136.649765
702.302875 -136.089508
702.302885 -135.967896
702.302894 -135.980743
702.302904 -136.266068
702.302913 -136.949646
702.302923 -137.985718
702.302933 -139.190308
702.302942 -139.858170
702.302952 -138.578033
702.302962 -136.890945
702.302971 -135.282379
702.302981 -133.904129
702.302990 -132.766983
702.303000 -131.844742
702.303010 -131.110443
702.303019 -130.546753
702.303029 -130.145905
702.303038 -129.908676
702.303048 -129.839340
702.303058 -129.840424
702.303067 -129.948608
702.303077 -130.238663
702.303087 -130.712616
702.303096 -131.363922
702.303106 -132.173965
702.303115 -133.103088
702.303125 -134.082245
702.303135 -135.003769
702.303144 -135.726471
702.303154 -136.046432
702.303163 -135.566696
702.303173 -134.776672
702.303183 -133.824036
702.303192 -132.846741
702.303202 -131.951141
702.303212 -131.198990
702.303221 -130.621170
702.303231 -130.226639
702.303240 -130.006180
702.303250 -129.929947
702.303260 -129.912964
702.303269 -129.961548
702.303279 -130.060913
702.303288 -130.158112
702.303298 -130.211731
702.303308 -130.185669
702.303317 -130.114502
702.303327 -130.062546
702.303337 -130.048492
702.303346 -130.066345
702.303356 -130.157623
702.303365 -130.356323
702.303375 -130.703217
702.303385 -131.236862
702.303394 -132.009918
702.303404 -133.090744
702.303413 -134.593597
702.303423 -136.700073
702.303433 -139.645828
702.303442 -142.949356
702.303452 -139.221085
702.303462 -135.954819
702.303471 -133.562866
702.303481 -131.825378
702.303490 -130.577606
702.303500 -129.718628
702.303510 -129.186066
702.303519 -128.938904
702.303529 -128.904007
702.303538 -128.948151
702.303548 -129.188248
702.303558 -129.631805
702.303567 -130.242310
702.303577 -130.969193
702.303587 -131.744965
702.303596 -132.497330
702.303606 -133.172409
702.303615 -133.763077
702.303625 -134.305817
702.303635 -134.841980
702.303644 -135.303406
702.303654 -135.481262
702.303663 -134.770203
702.303673 -133.567856
702.303683 -132.162491
702.303692 -130.799622
702.303702 -129.612259
702.303712 -128.657547
702.303721 -127.958000
702.303731 -127.520790
702.303740 -127.365738
702.303750 -127.365608
702.303760 -127.513374
702.303769 -127.998657
702.303779 -128.877502
702.303788 -130.260620
702.303798 -132.359192
702.303808 -135.638596
702.303817 -141.320541
702.303827 -138.388046
702.303837 -133.644318
702.303846 -130.655411
702.303856 -128.586914
702.303865 -127.098236
702.303875 -126.022881
702.303885 -125.269707
702.303894 -124.785713
702.303904 -124.540443
702.303913 -124.503036
702.303923 -124.518318
702.303933 -124.714821
702.303942 -125.134727
702.303952 -125.790596
702.303962 -126.705406
702.303971 -127.922997
702.303981 -129.501770
702.303990 -131.518280
702.304000 -134.023285
702.304010 -136.752136
702.304019 -137.033661
702.304029 -134.867142
702.304038 -133.008072
702.304048 -131.642105
702.304058 -130.699142
702.304067 -130.101639
702.304077 -129.802292
702.304087 -129.744827
702.304096 -129.754425
702.304106 -129.921661
702.304115 -130.274704
702.304125 -130.787659
702.304135 -131.438339
702.304144 -132.204117
702.304154 -133.063171
702.304163 -133.987823
702.304173 -134.941406
702.304183 -135.866516
702.304192 -136.678757
702.304202 -137.264313
702.304212 -137.339249
702.304221 -136.774323
702.304231 -135.902878
702.304240 -134.842239
702.304250 -133.698456
702.304260 -132.550995
702.304269 -131.454193
702.304279 -130.443008
702.304288 -129.539124
702.304298 -128.754944
702.304308 -128.097900
702.304317 -127.571617
702.304327 -127.178467
702.304337 -126.919449
702.304346 -126.795357
702.304356 -126.786507
702.304365 -126.806404
702.304375 -126.952301
702.304385 -127.230911
702.304394 -127.638634
702.304404 -128.167175
702.304413 -128.801926
702.304423 -129.504684
702.304433 -130.238388
702.304442 -130.942154
702.304452 -131.535126
702.304462 -131.939194
702.304471 -132.064957
702.304481 -131.860962
702.304490 -131.571686
702.304500 -131.233017
702.304510 -130.889526
702.304519 -130.541916
702.304529 -130.167358
702.304538 -129.736389
702.304548 -129.227112
702.304558 -128.639725
702.304567 -127.998604
702.304577 -127.346237
702.304587 -126.730103
702.304596 -126.194077
702.304606 -125.772583
702.304615 -125.491173
702.304625 -125.366600
702.304635 -125.361473
702.304644 -125.405251
702.304654 -125.610153
702.304663 -125.983994
702.304673 -126.517555
702.304683 -127.192055
702.304692 -127.977066
702.304702 -128.827454
702.304712 -129.685730
702.304721 -130.490387
702.304731 -131.196396
702.304740 -131.796082
702.304750 -132.330765
702.304760 -132.883499
702.304769 -133.567902
702.304779 -134.529480
702.304788 -135.975769
702.304798 -138.279251
702.304808 -142.349777
702.304817 -145.601425
702.304827 -138.286148
702.304837 -134.073135
702.304846 -131.182068
702.304856 -129.056686
702.304865 -127.458527
702.304875 -126.263763
702.304885 -125.399590
702.304894 -124.818512
702.304904 -124.486458
702.304913 -124.376312
702.304923 -124.371460
702.304933 -124.464050
702.304942 -124.724495
702.304952 -125.129593
702.304962 -125.645370
702.304971 -126.229156
702.304981 -126.827911
702.304990 -127.374153
702.305000 -127.804161
702.305010 -128.060989
702.305019 -127.942184
702.305029 -127.582237
702.305038 -127.078133
702.305048 -126.485283
702.305058 -125.851944
702.305067 -125.218742
702.305077 -124.618675
702.305087 -124.079407
702.305096 -123.624718
702.305106 -123.276138
702.305115 -123.053505
702.305125 -122.976334
702.305135 -122.972092
702.305144 -123.064674
702.305154 -123.340027
702.305163 -123.828041
702.305173 -124.561722
702.305183 -125.586494
702.305192 -126.969711
702.305202 -128.817917
702.305212 -131.313812
702.305221 -134.783981
702.305231 -139.581055
702.305240 -138.310654
702.305250 -134.942200
702.305260 -132.794891
702.305269 -131.426270
702.305279 -130.589752
702.305288 -130.127243
702.305298 -129.922882
702.305308 -129.886551
702.305317 -129.890915
702.305327 -129.969376
702.305337 -130.123779
702.305346 -130.347015
702.305356 -130.653809
702.305365 -131.054153
702.305375 -131.545715
702.305385 -132.128433
702.305394 -132.739883
702.305404 -133.274857
702.305413 -133.594971
702.305423 -133.633408
702.305433 -133.455093
702.305442 -133.284409
702.305452 -133.163391
702.305462 -133.076111
702.305471 -132.991898
702.305481 -132.837830
702.305490 -132.596603
702.305500 -132.295151
702.305510 -131.998505
702.305519 -131.785187
702.305529 -131.712601
702.305538 -131.716583
702.305548 -131.878281
702.305558 -132.289978
702.305567 -133.007751
702.305577 -134.077316
702.305587 -135.572998
702.305596 -137.609558
702.305606 -140.334106
702.305615 -143.770630
702.305625 -145.139297
702.305635 -142.289124
702.305644 -139.971252
702.305654 -138.238571
702.305663 -136.894989
702.305673 -135.783264
702.305683 -134.812515
702.305692 -133.916595
702.305702 -133.050583
702.305712 -132.206879
702.305721 -131.384842
702.305731 -130.592072
702.305740 -129.840408
702.305750 -129.143707
702.305760 -128.514832
702.305769 -127.964058
702.305779 -127.497231
702.305788 -127.116333
702.305798 -126.818878
702.305808 -126.599770
702.305817 -126.451698
702.305827 -126.367645
702.305837 -126.341187
702.305846 -126.341217
702.305856 -126.369293
702.305865 -126.451538
702.305875 -126.591805
702.305885 -126.797096
702.305894 -127.077278
702.305904 -127.442581
702.305913 -127.894257
702.305923 -128.437820
702.305933 -129.067123
702.305942 -129.750092
702.305952 -130.413010
702.305962 -130.926086
702.305971 -130.867203
702.305981 -130.185272
702.305990 -129.219772
702.306000 -128.142654
702.306010 -127.080101
702.306019 -126.106133
702.306029 -125.259514
702.306038 -124.560440
702.306048 -124.019882
702.306058 -123.644783
702.306067 -123.439743
702.306077 -123.396919
702.306087 -123.408775
702.306096 -123.554802
702.306106 -123.879829
702.306115 -124.385216
702.306125 -125.072098
702.306135 -125.941162
702.306144 -126.993774
702.306154 -128.230850
702.306163 -129.649704
702.306173 -131.224213
702.306183 -132.849945
702.306192 -134.215225
702.306202 -134.109390
702.306212 -132.690414
702.306221 -131.069168
702.306231 -129.549255
702.306240 -128.230057
702.306250 -127.130211
702.306260 -126.243973
702.306269 -125.559555
702.306279 -125.065186
702.306288 -124.749817
702.306298 -124.603889
702.306308 -124.585670
702.306317 -124.618431
702.306327 -124.785263
702.306337 -125.096115
702.306346 -125.536797
702.306356 -126.098335
702.306365 -126.767937
702.306375 -127.520264
702.306385 -128.309357
702.306394 -129.057693
702.306404 -129.652069
702.306413 -129.950699
702.306423 -129.631592
702.306433 -129.136963
702.306442 -128.602539
702.306452 -128.133011
702.306462 -127.795174
702.306471 -127.629059
702.306481 -127.618423
702.306490 -127.658470
702.306500 -127.898193
702.306510 -128.357224
702.306519 -129.040344
702.306529 -129.943604
702.306538 -131.047852
702.306548 -132.301453
702.306558 -133.601105
702.306567 -134.782974
702.306577 -135.682434
702.306587 -136.256241
702.306596 -136.644135
702.306606 -137.078857
702.306615 -137.788116
702.306625 -138.986603
702.306635 -140.944382
702.306644 -144.128571
702.306654 -149.067657
702.306663 -143.861847
702.306673 -140.024200
702.306683 -137.498322
702.306692 -135.806946
702.306702 -134.712875
702.306712 -134.089432
702.306721 -133.863449
702.306731 -133.860504
702.306740 -133.988159
702.306750 -134.430344
702.306760 -135.162415
702.306769 -136.158737
702.306779 -137.387466
702.306788 -138.795761
702.306798 -140.249542
702.306808 -141.408691
702.306817 -140.786987
702.306827 -139.194626
702.306837 -137.506531
702.306846 -136.021378
702.306856 -134.836365
702.306865 -133.968231
702.306875 -133.409485
702.306885 -133.144455
702.306894 -133.124771
702.306904 -133.157990
702.306913 -133.435699
702.306923 -133.968109
702.306933 -134.755219
702.306942 -135.814743
702.306952 -137.191193
702.306962 -138.922577
702.306971 -140.962646
702.306981 -142.506821
702.306990 -140.036591
702.307000 -137.190353
702.307010 -134.721893
702.307019 -132.691208
702.307029 -131.024612
702.307038 -129.659973
702.307048 -128.545944
702.307058 -127.640358
702.307067 -126.913506
702.307077 -126.344650
702.307087 -125.921707
702.307096 -125.639267
702.307106 -125.499039
702.307115 -125.486618
702.307125 -125.508110
702.307135 -125.678802
702.307144 -126.026855
702.307154 -126.570946
702.307163 -127.327919
702.307173 -128.304184
702.307183 -129.469879
702.307192 -130.703415
702.307202 -131.709518
702.307212 -131.644989
702.307221 -130.745239
702.307231 -129.787994
702.307240 -129.014282
702.307250 -128.524918
702.307260 -128.360199
702.307269 -128.360275
702.307279 -128.536560
702.307288 -129.089401
702.307298 -130.072693
702.307308 -131.560852
702.307317 -133.632034
702.307327 -136.147751
702.307337 -136.366501
702.307346 -133.660049
702.307356 -131.282013
702.307365 -129.459152
702.307375 -128.108093
702.307385 -127.135834
702.307394 -126.472328
702.307404 -126.067146
702.307413 -125.881119
702.307423 -125.848526
702.307433 -125.881821
702.307442 -126.039139
702.307452 -126.319641
702.307462 -126.686325
702.307471 -127.096062
702.307481 -127.499748
702.307490 -127.847000
702.307500 -128.093903
702.307510 -128.195618
702.307519 -128.058319
702.307529 -127.825111
702.307538 -127.528313
702.307548 -127.199623
702.307558 -126.867966
702.307567 -126.558624
702.307577 -126.289383
702.307587 -126.081879
702.307596 -125.947098
702.307606 -125.890060
702.307615 -125.887978
702.307625 -125.910179
702.307635 -126.000961
702.307644 -126.151276
702.307654 -126.346764
702.307663 -126.572426
702.307673 -126.815147
702.307683 -127.067574
702.307692 -127.330276
702.307702 -127.613785
702.307712 -127.938087
702.307721 -128.331055
702.307731 -128.824295
702.307740 -129.447845
702.307750 -130.220383
702.307760 -131.130630
702.307769 -132.104019
702.307779 -132.960770
702.307788 -133.371780
702.307798 -132.888809
702.307808 -132.283081
702.307817 -131.804581
702.307827 -131.597778
702.307837 -131.595276
702.307846 -131.741272
702.307856 -132.281601
702.307865 -133.246002
702.307875 -134.600784
702.307885 -136.070892
702.307894 -135.937469
702.307904 -134.049896
702.307913 -132.098450
702.307923 -130.446060
702.307933 -129.140060
702.307942 -128.148514
702.307952 -127.429268
702.307962 -126.946472
702.307971 -126.671631
702.307981 -126.583359
702.307990 -126.583351
702.308000 -126.665710
702.308010 -126.906715
702.308019 -127.298759
702.308029 -127.838707
702.308038 -128.527237
702.308048 -129.366974
702.308058 -130.338425
702.308067 -131.411865
702.308077 -132.498322
702.308087 -133.371429
702.308096 -133.267273
702.308106 -132.282669
702.308115 -131.098694
702.308125 -129.972076
702.308135 -129.021332
702.308144 -128.287750
702.308154 -127.778992
702.308163 -127.491524
702.308173 -127.412163
702.308183 -127.414093
702.308192 -127.546486
702.308202 -127.885185
702.308212 -128.429749
702.308221 -129.184906
702.308231 -130.158646
702.308240 -131.362366
702.308250 -132.802490
702.308260 -134.461578
702.308269 -136.239655
702.308279 -137.846680
702.308288 -138.732773
702.308298 -138.058670
702.308308 -137.264908
702.308317 -136.637070
702.308327 -136.272110
702.308337 -136.169891
702.308346 -136.171814
702.308356 -136.334030
702.308365 -136.737717
702.308375 -137.352798
702.308385 -138.144989
702.308394 -139.076706
702.308404 -140.071564
702.308413 -141.035828
702.308423 -141.836731
702.308433 -142.320740
702.308442 -142.381180
702.308452 -142.355301
702.308462 -142.373596
702.308471 -142.638245
702.308481 -143.331879
702.308490 -144.478165
702.308500 -145.451309
702.308510 -143.628143
702.308519 -141.428345
702.308529 -139.672012
702.308538 -138.557404
702.308548 -138.134537
702.308558 -138.123230
702.308567 -138.488403
702.308577 -139.849792
702.308587 -142.857605
702.308596 -150.210449
702.308606 -141.064453
702.308615 -136.092499
702.308625 -132.827408
702.308635 -130.467911
702.308644 -128.699982
702.308654 -127.366592
702.308663 -126.378494
702.308673 -125.681183
702.308683 -125.236832
702.308692 -125.018974
702.308702 -124.989677
702.308712 -125.009003
702.308721 -125.190735
702.308731 -125.548714
702.308740 -126.065071
702.308750 -126.717201
702.308760 -127.473900
702.308769 -128.295807
702.308779 -129.138306
702.308788 -129.963852
702.308798 -130.755264
702.308808 -131.526306
702.308817 -132.312820
702.308827 -133.149567
702.308837 -134.029099
702.308846 -134.849579
702.308856 -135.310791
702.308865 -134.590347
702.308875 -133.437027
702.308885 -132.138672
702.308894 -130.870377
702.308904 -129.687805
702.308913 -128.621170
702.308923 -127.678452
702.308933 -126.854630
702.308942 -126.147751
702.308952 -125.560738
702.308962 -125.099022
702.308971 -124.769905
702.308981 -124.580307
702.308990 -124.529922
702.309000 -124.536659
702.309010 -124.643509
702.309019 -124.900993
702.309029 -125.299088
702.309038 -125.840729
702.309048 -126.512245
702.309058 -127.288780
702.309067 -128.131424
702.309077 -128.985367
702.309087 -129.786789
702.309096 -130.478470
702.309106 -131.033813
702.309115 -131.468002
702.309125 -131.831497
702.309135 -132.185791
702.309144 -132.586487
702.309154 -133.072433
702.309163 -133.667023
702.309173 -134.378525
702.309183 -135.203720
702.309192 -136.124252
702.309202 -137.100815
702.309212 -138.054337
702.309221 -138.847534
702.309231 -139.250015
702.309240 -138.749527
702.309250 -137.982513
702.309260 -137.163879
702.309269 -136.444382
702.309279 -135.907639
702.309288 -135.594330
702.309298 -135.518082
702.309308 -135.524200
702.309317 -135.708405
702.309327 -136.160339
702.309337 -136.901901
702.309346 -137.976151
702.309356 -139.453079
702.309365 -141.411102
702.309375 -143.876038
702.309385 -146.444412
702.309394 -145.511627
702.309404 -143.404358
702.309413 -141.781387
702.309423 -140.661530
702.309433 -139.790787
702.309442 -138.767502
702.309452 -137.291443
702.309462 -135.419525
702.309471 -133.449448
702.309481 -131.628815
702.309490 -130.078049
702.309500 -128.834976
702.309510 -127.901566
702.309519 -127.265892
702.309529 -126.912750
702.309538 -126.821541
702.309548 -126.824554
702.309558 -126.969681
702.309567 -127.325844
702.309577 -127.851913
702.309587 -128.478516
702.309596 -129.102646
702.309606 -129.599838
702.309615 -129.850052
702.309625 -129.741333
702.309635 -129.542053
702.309644 -129.401291
702.309654 -129.375946
702.309663 -129.395813
702.309673 -129.553604
702.309683 -129.914841
702.309692 -130.487488
702.309702 -131.255798
702.309712 -132.169540
702.309721 -133.114838
702.309731 -133.895813
702.309740 -134.170898
702.309750 -133.676224
702.309760 -133.017609
702.309769 -132.366669
702.309779 -131.811447
702.309788 -131.378296
702.309798 -131.060760
702.309808 -130.819321
702.309817 -130.639633
702.309827 -130.490494
702.309837 -130.346115
702.309846 -130.191483
702.309856 -130.024521
702.309865 -129.854156
702.309875 -129.695892
702.309885 -129.566025
702.309894 -129.477814
702.309904 -129.432617
702.309913 -129.428940
702.309923 -129.435760
702.309933 -129.489746
702.309942 -129.591476
702.309952 -129.738342
702.309962 -129.931900
702.309971 -130.180115
702.309981 -130.499863
702.309990 -130.916962
702.310000 -131.467590
702.310010 -132.197540
702.310019 -133.165115
702.310029 -134.445267
702.310038 -136.134872
702.310048 -138.343811
702.310058 -141.048996
702.310067 -142.519928
702.310077 -139.873840
702.310087 -137.375412
702.310096 -135.396408
702.310106 -133.850342
702.310115 -132.622498
702.310125 -131.624435
702.310135 -130.792648
702.310144 -130.084000
702.310154 -129.471680
702.310163 -128.942688
702.310173 -128.494553
702.310183 -128.133179
702.310192 -127.869423
702.310202 -127.717407
702.310212 -127.685822
702.310221 -127.692505
702.310231 -127.810043
702.310240 -128.079666
702.310250 -128.515213
702.310260 -129.128433
702.310269 -129.924225
702.310279 -130.902283
702.310288 -132.053787
702.310298 -133.359711
702.310308 -134.786469
702.310317 -136.286163
702.310327 -137.794250
702.310337 -139.235001
702.310346 -140.515671
702.310356 -141.520798
702.310365 -142.093079
702.310375 -141.442032
702.310385 -140.267410
702.310394 -138.815033
702.310404 -137.316895
702.310413 -135.929947
702.310423 -134.740280
702.310433 -133.789795
702.310442 -133.092896
702.310452 -132.648849
702.310462 -132.442764
702.310471 -132.399536
702.310481 -132.434113
702.310490 -132.603088
702.310500 -132.823746
702.310510 -132.972336
702.310519 -132.716797
702.310529 -132.188248
702.310538 -131.510025
702.310548 -130.800995
702.310558 -130.152008
702.310567 -129.618668
702.310577 -129.229309
702.310587 -128.996063
702.310596 -128.921814
702.310606 -128.920227
702.310615 -129.005844
702.310625 -129.243256
702.310635 -129.628052
702.310644 -130.149902
702.310654 -130.804626
702.310663 -131.581360
702.310673 -132.465179
702.310683 -133.432083
702.310692 -134.443069
702.310702 -135.435669
702.310712 -136.326645
702.310721 -137.035080
702.310731 -137.534454
702.310740 -137.890045
702.310750 -138.244293
702.310760 -138.772369
702.310769 -139.659149
702.310779 -141.122375
702.310788 -143.488068
702.310798 -147.307480
702.310808 -147.834015
702.310817 -142.992218
702.310827 -139.678452
702.310837 -137.310196
702.310846 -135.518997
702.310856 -134.101013
702.310865 -132.933121
702.310875 -131.940689
702.310885 -131.076950
702.310894 -130.312607
702.310904 -129.623535
702.310913 -128.985229
702.310923 -128.356079
702.310933 -127.732712
702.310942 -127.103554
702.310952 -126.473785
702.310962 -125.866951
702.310971 -125.320251
702.310981 -124.877106
702.310990 -124.580978
702.311000 -124.472923
702.311010 -124.471626
702.311019 -124.592682
702.311029 -124.979675
702.311038 -125.678780
702.311048 -126.762627
702.311058 -128.336777
702.311067 -130.589569
702.311077 -133.914413
702.311087 -139.287888
702.311096 -139.683441
702.311106 -134.927582
702.311115 -132.161469
702.311125 -130.420380
702.311135 -129.312347
702.311144 -128.648041
702.311154 -128.325699
702.311163 -128.272202
702.311173 -128.287674
702.311183 -128.503738
702.311192 -128.961182
702.311202 -129.658630
702.311212 -130.594971
702.311221 -131.792923
702.311231 -133.247192
702.311240 -134.876450
702.311250 -136.385849
702.311260 -136.752869
702.311269 -135.551239
702.311279 -134.183533
702.311288 -132.966919
702.311298 -131.990189
702.311308 -131.256744
702.311317 -130.748489
702.311327 -130.444412
702.311337 -130.326675
702.311346 -130.323822
702.311356 -130.381638
702.311365 -130.605286
702.311375 -130.995743
702.311385 -131.553589
702.311394 -132.293274
702.311404 -133.239746
702.311413 -134.434082
702.311423 -135.948746
702.311433 -137.913315
702.311442 -140.587479
702.311452 -144.552292
702.311462 -149.721130
702.311471 -143.445328
702.311481 -139.406555
702.311490 -136.572830
702.311500 -134.421692
702.311510 -132.707443
702.311519 -131.290924
702.311529 -130.082184
702.311538 -129.032318
702.311548 -128.100128
702.311558 -127.259758
702.311567 -126.497543
702.311577 -125.809723
702.311587 -125.198807
702.311596 -124.670197
702.311606 -124.228973
702.311615 -123.878242
702.311625 -123.617889
702.311635 -123.444458
702.311644 -123.351105
702.311654 -123.327759
702.311663 -123.328491
702.311673 -123.365829
702.311683 -123.452530
702.311692 -123.581100
702.311702 -123.749367
702.311712 -123.962730
702.311721 -124.235039
702.311731 -124.588554
702.311740 -125.052658
702.311750 -125.663506
702.311760 -126.464378
702.311769 -127.509377
702.311779 -128.870422
702.311788 -130.655029
702.311798 -133.045837
702.311808 -136.413925
702.311817 -141.747131
702.311827 -146.225082
702.311837 -140.279144
702.311846 -137.344818
702.311856 -135.706131
702.311865 -134.817642
702.311875 -134.422470
702.311885 -134.350723
702.311894 -134.365112
702.311904 -134.505142
702.311913 -134.648666
702.311923 -134.330215
702.311933 -133.661850
702.311942 -132.756531
702.311952 -131.760269
702.311962 -130.787384
702.311971 -129.894379
702.311981 -129.126236
702.311990 -128.504044
702.312000 -128.033585
702.312010 -127.717941
702.312019 -127.560020
702.312029 -127.547440
702.312038 -127.565224
702.312048 -127.741905
702.312058 -128.103592
702.312067 -128.671463
702.312077 -129.478256
702.312087 -130.576111
702.312096 -132.051331
702.312106 -134.057373
702.312115 -136.835190
702.312125 -140.891190
702.312135 -142.278152
702.312144 -137.582581
702.312154 -134.309341
702.312163 -131.966263
702.312173 -130.221817
702.312183 -128.902008
702.312192 -127.906677
702.312202 -127.173798
702.312212 -126.659317
702.312221 -126.326668
702.312231 -126.140694
702.312240 -126.062416
702.312250 -126.028984
702.312260 -126.020058
702.312269 -126.010040
702.312279 -125.913757
702.312288 -125.734413
702.312298 -125.490288
702.312308 -125.215233
702.312317 -124.950317
702.312327 -124.734154
702.312337 -124.596565
702.312346 -124.548042
702.312356 -124.543449
702.312365 -124.627052
702.312375 -124.805534
702.312385 -125.083748
702.312394 -125.442032
702.312404 -125.848793
702.312413 -126.260345
702.312423 -126.623360
702.312433 -126.883583
702.312442 -126.951134
702.312452 -126.752716
702.312462 -126.437584
702.312471 -126.049942
702.312481 -125.632805
702.312490 -125.221947
702.312500 -124.843842
702.312510 -124.516075
702.312519 -124.248436
702.312529 -124.044052
702.312538 -123.901825
702.312548 -123.817741
702.312558 -123.785706
702.312567 -123.784927
702.312577 -123.799187
702.312587 -123.853020
702.312596 -123.943909
702.312606 -124.071770
702.312615 -124.239227
702.312625 -124.451828
702.312635 -124.716980
702.312644 -125.043266
702.312654 -125.438820
702.312663 -125.910461
702.312673 -126.461670
702.312683 -127.091537
702.312692 -127.792244
702.312702 -128.548309
702.312712 -129.334793
702.312721 -130.119156
702.312731 -130.864624
702.312740 -131.538132
702.312750 -132.116638
702.312760 -132.591721
702.312769 -132.965363
702.312779 -133.242981
702.312788 -133.425888
702.312798 -133.477966
702.312808 -133.319794
702.312817 -133.021347
702.312827 -132.580338
702.312837 -132.011780
702.312846 -131.350327
702.312856 -130.646561
702.312865 -129.956436
702.312875 -129.333145
702.312885 -128.819733
702.312894 -128.448578
702.312904 -128.240494
702.312913 -128.191574
702.312923 -128.197083
702.312933 -128.321915
702.312942 -128.605072
702.312952 -129.016907
702.312962 -129.506561
702.312971 -130.001617
702.312981 -130.415802
702.312990 -130.664078
702.313000 -130.643143
702.313010 -130.422272
702.313019 -130.137787
702.313029 -129.831253
702.313038 -129.527664
702.313048 -129.238632
702.313058 -128.968872
702.313067 -128.718506
702.313077 -128.485992
702.313087 -128.268127
702.313096 -128.062622
702.313106 -127.869232
702.313115 -127.692924
702.313125 -127.543785
702.313135 -127.436928
702.313144 -127.389076
702.313154 -127.385063
702.313163 -127.414154
702.313173 -127.512535
702.313183 -127.703201
702.313192 -127.988480
702.313202 -128.369690
702.313212 -128.852219
702.313221 -129.454147
702.313231 -130.213821
702.313240 -131.199219
702.313250 -132.519699
702.313260 -134.352722
702.313269 -137.004196
702.313279 -140.991226
702.313288 -142.244064
702.313298 -137.720352
702.313308 -134.714371
702.313317 -132.737701
702.313327 -131.466049
702.313337 -130.729965
702.313346 -130.432358
702.313356 -130.419128
702.313365 -130.507645
702.313375 -130.892883
702.313385 -131.499954
702.313394 -132.183517
702.313404 -132.728668
702.313413 -132.720352
702.313423 -132.255844
702.313433 -131.732727
702.313442 -131.290619
702.313452 -130.987595
702.313462 -130.824860
702.313471 -130.767944
702.313481 -130.761780
702.313490 -130.741592
702.313500 -130.647385
702.313510 -130.438644
702.313519 -130.107224
702.313529 -129.677719
702.313538 -129.198669
702.313548 -128.726578
702.313558 -128.313828
702.313567 -128.000046
702.313577 -127.808159
702.313587 -127.741821
702.313596 -127.741524
702.313606 -127.782593
702.313615 -127.887085
702.313625 -127.989204
702.313635 -127.899773
702.313644 -127.632561
702.313654 -127.243652
702.313663 -126.792931
702.313673 -126.339333
702.313683 -125.926300
702.313692 -125.577583
702.313702 -125.301674
702.313712 -125.095024
702.313721 -124.946121
702.313731 -124.837814
702.313740 -124.751236
702.313750 -124.670151
702.313760 -124.587196
702.313769 -124.507324
702.313779 -124.449181
702.313788 -124.436623
702.313798 -124.441231
702.313808 -124.516876
702.313817 -124.708794
702.313827 -125.046432
702.313837 -125.554176
702.313846 -126.251694
702.313856 -127.151939
702.313865 -128.255646
702.313875 -129.573288
702.313885 -131.095856
702.313894 -132.797455
702.313904 -134.632278
702.313913 -136.525436
702.313923 -138.296661
702.313933 -139.661072
702.313942 -139.115616
702.313952 -137.224091
702.313962 -135.090317
702.313971 -133.092300
702.313981 -131.352631
702.313990 -129.891388
702.314000 -128.696777
702.314010 -127.749527
702.314019 -127.031464
702.314029 -126.527184
702.314038 -126.225464
702.314048 -126.118690
702.314058 -126.118408
702.314067 -126.203857
702.314077 -126.480537
702.314087 -126.952599
702.314096 -127.625900
702.314106 -128.506699
702.314115 -129.593674
702.314125 -130.862137
702.314135 -132.225952
702.314144 -133.482193
702.314154 -134.306259
702.314163 -134.084702
702.314173 -133.507568
702.314183 -133.015472
702.314192 -132.758453
702.314202 -132.741943
702.314212 -132.809341
702.314221 -133.214828
702.314231 -134.028534
702.314240 -135.340942
702.314250 -137.330338
702.314260 -140.376678
702.314269 -145.459106
702.314279 -145.129074
702.314288 -139.803864
702.314298 -136.477493
702.314308 -134.172974
702.314317 -132.512634
702.314327 -131.320450
702.314337 -130.511932
702.314346 -130.048706
702.314356 -129.916946
702.314365 -129.919266
702.314375 -130.134171
702.314385 -130.723373
702.314394 -131.740204
702.314404 -133.289825
702.314413 -135.574188
702.314423 -138.967010
702.314433 -143.807709
702.314442 -140.372070
702.314452 -136.856033
702.314462 -134.552597
702.314471 -133.022125
702.314481 -132.018570
702.314490 -131.399612
702.314500 -131.072388
702.314510 -130.968765
702.314519 -130.955597
702.314529 -131.033890
702.314538 -131.219940
702.314548 -131.485550
702.314558 -131.795883
702.314567 -132.123047
702.314577 -132.447189
702.314587 -132.756073
702.314596 -133.043320
702.314606 -133.307526
702.314615 -133.549118
702.314625 -133.769043
702.314635 -133.965897
702.314644 -134.134628
702.314654 -134.266022
702.314663 -134.343262
702.314673 -134.323151
702.314683 -134.207611
702.314692 -134.030716
702.314702 -133.805252
702.314712 -133.545807
702.314721 -133.262299
702.314731 -132.957443
702.314740 -132.623657
702.314750 -132.247009
702.314760 -131.813049
702.314769 -131.317535
702.314779 -130.771790
702.314788 -130.203857
702.314798 -129.650269
702.314808 -129.147507
702.314817 -128.722610
702.314827 -128.388596
702.314837 -128.122940
702.314846 -127.911018
702.314856 -127.714684
702.314865 -127.478111
702.314875 -127.149429
702.314885 -126.702820
702.314894 -126.150436
702.314904 -125.536278
702.314913 -124.916588
702.314923 -124.342567
702.314933 -123.851768
702.314942 -123.467766
702.314952 -123.202759
702.314962 -123.060478
702.314971 -123.033096
702.314981 -123.038773
702.314990 -123.130714
702.315000 -123.324989
702.315010 -123.606483
702.315019 -123.956856
702.315029 -124.355675
702.315038 -124.783157
702.315048 -125.223015
702.315058 -125.665993
702.315067 -126.110023
702.315077 -126.559021
702.315087 -127.017624
702.315096 -127.486359
702.315106 -127.956352
702.315115 -128.407761
702.315125 -128.809448
702.315135 -129.124512
702.315144 -129.316498
702.315154 -129.248459
702.315163 -128.997360
702.315173 -128.642365
702.315183 -128.231979
702.315192 -127.816803
702.315202 -127.443329
702.315212 -127.148849
702.315221 -126.961922
702.315231 -126.901993
702.315240 -126.902298
702.315250 -126.980835
702.315260 -127.205231
702.315269 -127.581924
702.315279 -128.111298
702.315288 -128.789917
702.315298 -129.606934
702.315308 -130.539337
702.315317 -131.540939
702.315327 -132.530869
702.315337 -133.389267
702.315346 -133.986084
702.315356 -134.204208
702.315365 -134.036697
702.315375 -133.823334
702.315385 -133.690414
702.315394 -133.638519
702.315404 -133.691849
702.315413 -133.924484
702.315423 -134.330948
702.315433 -134.887695
702.315442 -135.442352
702.315452 -135.315536
702.315462 -134.232925
702.315471 -132.756348
702.315481 -131.217178
702.315490 -129.799942
702.315500 -128.574707
702.315510 -127.558670
702.315519 -126.749146
702.315529 -126.138542
702.315538 -125.713188
702.315548 -125.477150
702.315558 -125.422516
702.315567 -125.427589
702.315577 -125.563164
702.315587 -125.881447
702.315596 -126.375687
702.315606 -127.026970
702.315615 -127.788895
702.315625 -128.565201
702.315635 -129.189560
702.315644 -129.248459
702.315654 -128.628738
702.315663 -127.788834
702.315673 -126.908081
702.315683 -126.097252
702.315692 -125.410797
702.315702 -124.870674
702.315712 -124.483887
702.315721 -124.250679
702.315731 -124.165825
702.315740 -124.163155
702.315750 -124.219864
702.315760 -124.414948
702.315769 -124.741951
702.315779 -125.188034
702.315788 -125.735100
702.315798 -126.361160
702.315808 -127.042778
702.315817 -127.761993
702.315827 -128.513107
702.315837 -129.308014
702.315846 -130.173935
702.315856 -131.142227
702.315865 -132.224075
702.315875 -133.367126
702.315885 -134.387741
702.315894 -134.776215
702.315904 -133.984146
702.315913 -132.940613
702.315923 -131.935913
702.315933 -131.107117
702.315942 -130.498016
702.315952 -130.113327
702.315962 -129.942947
702.315971 -129.921890
702.315981 -129.973434
702.315990 -130.189133
702.316000 -130.573715
702.316010 -131.106476
702.316019 -131.763733
702.316029 -132.522476
702.316038 -133.346970
702.316048 -134.174500
702.316058 -134.937775
702.316067 -135.525299
702.316077 -135.593155
702.316087 -134.931229
702.316096 -133.943344
702.316106 -132.827286
702.316115 -131.741669
702.316125 -130.780289
702.316135 -129.988113
702.316144 -129.381180
702.316154 -128.959290
702.316163 -128.713120
702.316173 -128.628021
702.316183 -128.624435
702.316192 -128.684830
702.316202 -128.860062
702.316212 -129.126831
702.316221 -129.455658
702.316231 -129.816299
702.316240 -130.181396
702.316250 -130.530106
702.316260 -130.851410
702.316269 -131.141235
702.316279 -131.398117
702.316288 -131.641174
702.316298 -131.878708
702.316308 -132.111618
702.316317 -132.327927
702.316327 -132.498962
702.316337 -132.518417
702.316346 -132.281631
702.316356 -131.874313
702.316365 -131.344818
702.316375 -130.767258
702.316385 -130.215256
702.316394 -129.747696
702.316404 -129.403778
702.316413 -129.206512
702.316423 -129.159882
702.316433 -129.163818
702.316442 -129.271011
702.316452 -129.506866
702.316462 -129.831299
702.316471 -130.179977
702.316481 -130.469620
702.316490 -130.581894
702.316500 -130.375427
702.316510 -130.058975
702.316519 -129.694397
702.316529 -129.301270
702.316538 -128.912094
702.316548 -128.503006
702.316558 -128.036499
702.316567 -127.484642
702.316577 -126.846451
702.316587 -126.151451
702.316596 -125.446678
702.316606 -124.781441
702.316615 -124.195854
702.316625 -123.718628
702.316635 -123.368202
702.316644 -123.156685
702.316654 -123.092270
702.316663 -123.092827
702.316673 -123.185661
702.316683 -123.444023
702.316692 -123.887970
702.316702 -124.538002
702.316712 -125.423294
702.316721 -126.586006
702.316731 -128.075989
702.316740 -129.934753
702.316750 -132.116425
702.316760 -134.200470
702.316769 -134.197357
702.316779 -132.687531
702.316788 -131.382599
702.316798 -130.502914
702.316808 -130.060928
702.316817 -129.991379
702.316827 -130.034424
702.316837 -130.412231
702.316846 -131.205109
702.316856 -132.460266
702.316865 -134.283966
702.316875 -136.897568
702.316885 -140.855560
702.316894 -147.913040
702.316904 -143.905914
702.316913 -139.773376
702.316923 -137.435791
702.316933 -136.088272
702.316942 -135.453583
702.316952 -135.366455
702.316962 -135.442368
702.316971 -136.084824
702.316981 -137.552368
702.316990 -140.321884
702.317000 -146.029205
702.317010 -142.793945
702.317019 -137.123627
702.317029 -133.654480
702.317038 -131.233795
702.317048 -129.457123
702.317058 -128.134857
702.317067 -127.160812
702.317077 -126.469040
702.317087 -126.013733
702.317096 -125.760582
702.317106 -125.678764
702.317115 -125.667641
702.317125 -125.745209
702.317135 -125.924622
702.317144 -126.184135
702.317154 -126.484413
702.317163 -126.785065
702.317173 -127.051201
702.317183 -127.257866
702.317192 -127.412521
702.317202 -127.542519
702.317212 -127.683022
702.317221 -127.856598
702.317231 -128.101837
702.317240 -128.441269
702.317250 -128.885574
702.317260 -129.425613
702.317269 -130.036819
702.317279 -130.693512
702.317288 -131.334900
702.317298 -131.879379
702.317308 -132.239517
702.317317 -132.218018
702.317327 -131.879166
702.317337 -131.414200
702.317346 -130.898926
702.317356 -130.392700
702.317365 -129.940063
702.317375 -129.573273
702.317385 -129.316742
702.317394 -129.188583
702.317404 -129.175369
702.317413 -129.218262
702.317423 -129.426117
702.317433 -129.832306
702.317442 -130.455124
702.317452 -131.308395
702.317462 -132.393005
702.317471 -133.681396
702.317481 -135.085556
702.317490 -136.424622
702.317500 -137.452164
702.317510 -138.023636
702.317519 -138.237869
702.317529 -138.353561
702.317538 -138.458313
702.317548 -138.556778
702.317558 -138.130707
702.317567 -137.204468
702.317577 -135.947906
702.317587 -134.622192
702.317596 -133.413940
702.317606 -132.415405
702.317615 -131.665482
702.317625 -131.179413
702.317635 -130.965714
702.317644 -130.955826
702.317654 -131.014465
702.317663 -131.327759
702.317673 -131.889984
702.317683 -132.622482
702.317692 -133.325943
702.317702 -133.273499
702.317712 -132.270035
702.317721 -130.995758
702.317731 -129.750366
702.317740 -128.674469
702.317750 -127.807228
702.317760 -127.141792
702.317769 -126.650909
702.317779 -126.298462
702.317788 -126.043518
702.317798 -125.846138
702.317808 -125.672295
702.317817 -125.501762
702.317827 -125.331253
702.317837 -125.174911
702.317846 -125.058502
702.317856 -125.009842
702.317865 -125.004074
702.317875 -125.070938
702.317885 -125.260185
702.317894 -125.607162
702.317904 -126.136978
702.317913 -126.874748
702.317923 -127.848412
702.317933 -129.088440
702.317942 -130.626465
702.317952 -132.478653
702.317962 -134.587936
702.317971 -136.650131
702.317981 -137.761688
702.317990 -136.718140
702.318000 -135.532028
702.318010 -134.474396
702.318019 -133.610245
702.318029 -132.911789
702.318038 -132.326660
702.318048 -131.819183
702.318058 -131.372437
702.318067 -130.984085
702.318077 -130.656082
702.318087 -130.389252
702.318096 -130.176895
702.318106 -130.005280
702.318115 -129.854462
702.318125 -129.704163
702.318135 -129.538269
702.318144 -129.350983
702.318154 -129.146500
702.318163 -128.937332
702.318173 -128.736984
702.318183 -128.555191
702.318192 -128.392990
702.318202 -128.242569
702.318212 -128.090302
702.318221 -127.923538
702.318231 -127.739365
702.318240 -127.550430
702.318250 -127.386223
702.318260 -127.288269
702.318269 -127.280563
702.318279 -127.304222
702.318288 -127.481789
702.318298 -127.867317
702.318308 -128.504929
702.318317 -129.437057
702.318327 -130.696915
702.318337 -132.280624
702.318346 -134.049271
702.318356 -135.521957
702.318365 -135.206177
702.318375 -134.088943
702.318385 -133.143860
702.318394 -132.567871
702.318404 -132.404205
702.318413 -132.407608
702.318423 -132.681335
702.318433 -133.419571
702.318442 -134.685959
702.318452 -136.559265
702.318462 -138.904297
702.318471 -138.303375
702.318481 -135.114944
702.318490 -132.329041
702.318500 -130.118851
702.318510 -128.387772
702.318519 -127.043167
702.318529 -126.020180
702.318538 -125.269180
702.318548 -124.765968
702.318558 -124.486771
702.318567 -124.408386
702.318577 -124.409058
702.318587 -124.523727
702.318596 -124.802292
702.318606 -125.226563
702.318615 -125.773758
702.318625 -126.421677
702.318635 -127.153992
702.318644 -127.966034
702.318654 -128.869308
702.318663 -129.884720
702.318673 -130.993820
702.318683 -132.177063
702.318692 -133.228210
702.318702 -133.201660
702.318712 -131.925888
702.318721 -130.391388
702.318731 -128.940414
702.318740 -127.699593
702.318750 -126.693474
702.318760 -125.909866
702.318769 -125.327332
702.318779 -124.923080
702.318788 -124.676926
702.318798 -124.571388
702.318808 -124.565750
702.318817 -124.592606
702.318827 -124.729111
702.318837 -124.972252
702.318846 -125.315269
702.318856 -125.753319
702.318865 -126.282463
702.318875 -126.900581
702.318885 -127.606987
702.318894 -128.404709
702.318904 -129.299683
702.318913 -130.301193
702.318923 -131.414398
702.318933 -132.625290
702.318942 -133.863602
702.318952 -134.945450
702.318962 -135.421158
702.318971 -134.614090
702.318981 -133.443649
702.318990 -132.174835
702.319000 -130.937332
702.319010 -129.772888
702.319019 -128.698257
702.319029 -127.739609
702.319038 -126.911484
702.319048 -126.232658
702.319058 -125.723206
702.319067 -125.403572
702.319077 -125.293694
702.319087 -125.293709
702.319096 -125.408478
702.319106 -125.775780
702.319115 -126.426506
702.319125 -127.400726
702.319135 -128.755844
702.319144 -130.572342
702.319154 -132.939987
702.319163 -135.782028
702.319173 -137.153275
702.319183 -134.698074
702.319192 -132.455872
702.319202 -130.733383
702.319212 -129.447632
702.319221 -128.494598
702.319231 -127.785637
702.319240 -127.265869
702.319250 -126.900597
702.319260 -126.660240
702.319269 -126.525574
702.319279 -126.476837
702.319288 -126.466385
702.319298 -126.526054
702.319308 -126.668571
702.319317 -126.881248
702.319327 -127.159882
702.319337 -127.482895
702.319346 -127.822594
702.319356 -128.152557
702.319365 -128.462326
702.319375 -128.769226
702.319385 -129.123215
702.319394 -129.600876
702.319404 -130.299011
702.319413 -131.336365
702.319423 -132.877609
702.319433 -135.202667
702.319442 -138.946747
702.319452 -146.425888
702.319462 -141.230164
702.319471 -136.729416
702.319481 -134.171692
702.319490 -132.618484
702.319500 -131.727371
702.319510 -131.332672
702.319519 -131.289627
702.319529 -131.335907
702.319538 -131.663773
702.319548 -132.246460
702.319558 -132.994202
702.319567 -133.783493
702.319577 -134.450638
702.319587 -134.759171
702.319596 -134.246078
702.319606 -133.357132
702.319615 -132.255081
702.319625 -131.083740
702.319635 -129.951950
702.319644 -128.927765
702.319654 -128.046188
702.319663 -127.317238
702.319673 -126.734070
702.319683 -126.277824
702.319692 -125.922073
702.319702 -125.636345
702.319712 -125.391113
702.319721 -125.161934
702.319731 -124.933914
702.319740 -124.702751
702.319750 -124.473824
702.319760 -124.258522
702.319769 -124.070412
702.319779 -123.922012
702.319788 -123.822937
702.319798 -123.778687
702.319808 -123.766350
702.319817 -123.790787
702.319827 -123.867035
702.319837 -123.998459
702.319846 -124.188011
702.319856 -124.437157
702.319865 -124.749634
702.319875 -125.131340
702.319885 -125.586746
702.319894 -126.121292
702.319904 -126.748070
702.319913 -127.472717
702.319923 -128.297318
702.319933 -129.217957
702.319942 -130.223236
702.319952 -131.292145
702.319962 -132.393982
702.319971 -133.491898
702.319981 -134.548325
702.319990 -135.525391
702.320000 -136.330124
702.320010 -136.852661
702.320019 -136.305954
702.320029 -135.113876
702.320038 -133.586334
702.320048 -131.987778
702.320058 -130.479630
702.320067 -129.136963
702.320077 -127.987190
702.320087 -127.036644
702.320096 -126.282837
702.320106 -125.712921
702.320115 -125.326851
702.320125 -125.118256
702.320135 -125.073174
702.320144 -125.078644
702.320154 -125.197197
702.320163 -125.457520
702.320173 -125.835182
702.320183 -126.292953
702.320192 -126.777374
702.320202 -127.219719
702.320212 -127.547699
702.320221 -127.691414
702.320231 -127.531494
702.320240 -127.289909
702.320250 -127.030121
702.320260 -126.802734
702.320269 -126.642792
702.320279 -126.571945
702.320288 -126.569786
702.320298 -126.603951
702.320308 -126.746994
702.320317 -127.007980
702.320327 -127.393593
702.320337 -127.912666
702.320346 -128.576752
702.320356 -129.402420
702.320365 -130.411026
702.320375 -131.629242
702.320385 -133.062012
702.320394 -134.733292
702.320404 -136.573257
702.320413 -138.287704
702.320423 -138.953415
702.320433 -137.885773
702.320442 -136.686417
702.320452 -135.655853
702.320462 -134.810089
702.320471 -134.139145
702.320481 -133.541611
702.320490 -132.906143
702.320500 -132.151917
702.320510 -131.264267
702.320519 -130.297272
702.320529 -129.337296
702.320538 -128.466721
702.320548 -127.746231
702.320558 -127.215866
702.320567 -126.900696
702.320577 -126.815422
702.320587 -126.818626
702.320596 -126.984756
702.320606 -127.415222
702.320615 -128.131058
702.320625 -129.162079
702.320635 -130.549713
702.320644 -132.348236
702.320654 -134.601990
702.320663 -137.209030
702.320673 -139.385635
702.320683 -137.923126
702.320692 -136.155289
702.320702 -134.772858
702.320712 -133.811447
702.320721 -133.212830
702.320731 -132.916702
702.320740 -132.863541
702.320750 -132.874634
702.320760 -133.043045
702.320769 -133.375732
702.320779 -133.814041
702.320788 -134.281189
702.320798 -134.686615
702.320808 -134.953110
702.320817 -135.040176
702.320827 -135.003296
702.320837 -135.002380
702.320846 -135.049042
702.320856 -135.263031
702.320865 -135.681610
702.320875 -136.320572
702.320885 -137.158920
702.320894 -138.048721
702.320904 -138.656525
702.320913 -138.136566
702.320923 -137.209930
702.320933 -136.274734
702.320942 -135.502151
702.320952 -134.941452
702.320962 -134.571976
702.320971 -134.329300
702.320981 -134.110031
702.320990 -133.789520
702.321000 -133.260757
702.321010 -132.493042
702.321019 -131.547424
702.321029 -130.535461
702.321038 -129.565186
702.321048 -128.716751
702.321058 -128.043869
702.321067 -127.583565
702.321077 -127.366112
702.321087 -127.337509
702.321096 -127.423286
702.321106 -127.794716
702.321115 -128.536499
702.321125 -129.734131
702.321135 -131.519745
702.321144 -134.076843
702.321154 -137.363190
702.321163 -136.546677
702.321173 -133.432755
702.321183 -131.156067
702.321192 -129.626785
702.321202 -128.676010
702.321212 -128.187302
702.321221 -128.067444
702.321231 -128.078079
702.321240 -128.291855
702.321250 -128.750107
702.321260 -129.364059
702.321269 -130.007095
702.321279 -130.528000
702.321288 -130.785812
702.321298 -130.631546
702.321308 -130.368912
702.321317 -130.116043
702.321327 -129.899338
702.321337 -129.765930
702.321346 -129.717560
702.321356 -129.717255
702.321365 -129.750305
702.321375 -129.858612
702.321385 -130.038910
702.321394 -130.286942
702.321404 -130.597717
702.321413 -130.962433
702.321423 -131.368195
702.321433 -131.797211
702.321442 -132.227692
702.321452 -132.633316
702.321462 -132.986053
702.321471 -133.256424
702.321481 -133.418396
702.321490 -133.352188
702.321500 -133.124985
702.321510 -132.795486
702.321519 -132.399750
702.321529 -131.981308
702.321538 -131.583618
702.321548 -131.239838
702.321558 -130.986771
702.321567 -130.852142
702.321577 -130.826874
702.321587 -130.852203
702.321596 -130.994965
702.321606 -131.276154
702.321615 -131.679626
702.321625 -132.171829
702.321635 -132.700394
702.321644 -133.195099
702.321654 -133.581024
702.321663 -133.777405
702.321673 -133.700073
702.321683 -133.439514
702.321692 -133.091141
702.321702 -132.684143
702.321712 -132.235748
702.321721 -131.758636
702.321731 -131.264023
702.321740 -130.766998
702.321750 -130.285202
702.321760 -129.839264
702.321769 -129.449417
702.321779 -129.134644
702.321788 -128.910126
702.321798 -128.786530
702.321808 -128.761963
702.321817 -128.768723
702.321827 -128.855835
702.321837 -129.038330
702.321846 -129.304810
702.321856 -129.635010
702.321865 -129.999878
702.321875 -130.367401
702.321885 -130.705276
702.321894 -130.983383
702.321904 -131.182465
702.321913 -131.300034
702.321923 -131.355240
702.321933 -131.385010
702.321942 -131.433945
702.321952 -131.541992
702.321962 -131.756073
702.321971 -132.093414
702.321981 -132.534897
702.321990 -133.001022
702.322000 -133.331635
702.322010 -132.878815
702.322019 -132.052521
702.322029 -131.049637
702.322038 -130.044449
702.322048 -129.135910
702.322058 -128.345459
702.322067 -127.686920
702.322077 -127.156998
702.322087 -126.739349
702.322096 -126.421577
702.322106 -126.200027
702.322115 -126.081268
702.322125 -126.041611
702.322135 -126.070000
702.322144 -126.230743
702.322154 -126.559677
702.322163 -127.112450
702.322173 -127.945129
702.322183 -129.135422
702.322192 -130.805573
702.322202 -133.175354
702.322212 -136.725403
702.322221 -142.848724
702.322231 -141.348785
702.322240 -136.572754
702.322250 -133.827377
702.322260 -132.085114
702.322269 -130.961929
702.322279 -130.272110
702.322288 -129.910522
702.322298 -129.807556
702.322308 -129.804016
702.322317 -129.911026
702.322327 -130.168396
702.322337 -130.521271
702.322346 -130.896759
702.322356 -131.212891
702.322365 -131.378235
702.322375 -131.284698
702.322385 -131.060944
702.322394 -130.804001
702.322404 -130.556961
702.322413 -130.337738
702.322423 -130.142548
702.322433 -129.949371
702.322442 -129.738815
702.322452 -129.491669
702.322462 -129.193741
702.322471 -128.839294
702.322481 -128.436615
702.322490 -128.005508
702.322500 -127.568672
702.322510 -127.149895
702.322519 -126.771431
702.322529 -126.451714
702.322538 -126.204086
702.322548 -126.035965
702.322558 -125.949028
702.322567 -125.926689
702.322577 -125.932999
702.322587 -125.998253
702.322596 -126.113358
702.322606 -126.270958
702.322615 -126.457771
702.322625 -126.663544
702.322635 -126.882523
702.322644 -127.113533
702.322654 -127.358582
702.322663 -127.608421
702.322673 -127.875488
702.322683 -128.157059
702.322692 -128.445999
702.322702 -128.732697
702.322712 -129.011505
702.322721 -129.287979
702.322731 -129.586655
702.322740 -129.953964
702.322750 -130.458572
702.322760 -131.191513
702.322769 -132.272156
702.322779 -133.820160
702.322788 -136.046783
702.322798 -138.904602
702.322808 -137.530273
702.322817 -134.063980
702.322827 -131.338943
702.322837 -129.305481
702.322846 -127.801163
702.322856 -126.710312
702.322865 -125.951797
702.322875 -125.473038
702.322885 -125.235336
702.322894 -125.194992
702.322904 -125.205643
702.322913 -125.355690
702.322923 -125.659637
702.322933 -126.093384
702.322942 -126.634346
702.322952 -127.260658
702.322962 -127.952057
702.322971 -128.684509
702.322981 -129.434540
702.322990 -130.182770
702.323000 -130.901657
702.323010 -131.559082
702.323019 -132.124039
702.323029 -132.575363
702.323038 -132.913391
702.323048 -133.162460
702.323058 -133.367203
702.323067 -133.579269
702.323077 -133.842712
702.323087 -134.192535
702.323096 -134.675125
702.323106 -135.320175
702.323115 -136.160965
702.323125 -137.244324
702.323135 -138.649139
702.323144 -140.507690
702.323154 -143.010162
702.323163 -146.015610
702.323173 -143.122681
702.323183 -139.304703
702.323192 -136.248749
702.323202 -133.819168
702.323212 -131.856659
702.323221 -130.256973
702.323231 -128.954117
702.323240 -127.904289
702.323250 -127.077904
702.323260 -126.453812
702.323269 -126.016960
702.323279 -125.756165
702.323288 -125.663292
702.323298 -125.662895
702.323308 -125.732323
702.323317 -125.956123
702.323327 -126.330009
702.323337 -126.852463
702.323346 -127.520058
702.323356 -128.330215
702.323365 -129.280716
702.323375 -130.371475
702.323385 -131.603912
702.323394 -132.980911
702.323404 -134.494873
702.323413 -136.085907
702.323423 -137.521500
702.323433 -137.740540
702.323442 -136.259155
702.323452 -134.493820
702.323462 -132.855148
702.323471 -131.485870
702.323481 -130.418869
702.323490 -129.654266
702.323500 -129.176498
702.323510 -128.968323
702.323519 -128.958969
702.323529 -129.025192
702.323538 -129.319626
702.323548 -129.801880
702.323558 -130.384552
702.323567 -130.928482
702.323577 -131.265900
702.323587 -130.984650
702.323596 -130.507034
702.323606 -129.989319
702.323615 -129.530273
702.323625 -129.180191
702.323635 -128.957962
702.323644 -128.866684
702.323654 -128.864014
702.323663 -128.905106
702.323673 -129.073456
702.323683 -129.376740
702.323692 -129.830902
702.323702 -130.463486
702.323712 -131.306671
702.323721 -132.403732
702.323731 -133.807190
702.323740 -135.547638
702.323750 -137.523209
702.323760 -139.158920
702.323769 -137.840698
702.323779 -135.938919
702.323788 -134.234787
702.323798 -132.819550
702.323808 -131.707336
702.323817 -130.847778
702.323827 -130.192505
702.323837 -129.704819
702.323846 -129.358704
702.323856 -129.136230
702.323865 -129.024231
702.323875 -128.977310
702.323885 -129.000122
702.323894 -129.135620
702.323904 -129.391342
702.323913 -129.806808
702.323923 -130.445053
702.323933 -131.392960
702.323942 -132.788086
702.323952 -134.870865
702.323962 -138.051804
702.323971 -143.313995
702.323981 -139.658691
702.323990 -135.254105
702.324000 -132.378998
702.324010 -130.373917
702.324019 -128.933365
702.324029 -127.895035
702.324038 -127.161560
702.324048 -126.669395
702.324058 -126.376030
702.324067 -126.253006
702.324077 -126.247032
702.324087 -126.283287
702.324096 -126.458740
702.324106 -126.776344
702.324115 -127.245674
702.324125 -127.891380
702.324135 -128.749725
702.324144 -129.879898
702.324154 -131.380417
702.324163 -133.423599
702.324173 -136.344559
702.324183 -140.857559
702.324192 -142.213242
702.324202 -137.141586
702.324212 -133.922943
702.324221 -131.741394
702.324231 -130.208740
702.324240 -129.131546
702.324250 -128.400070
702.324260 -127.943810
702.324269 -127.712326
702.324279 -127.659584
702.324288 -127.665428
702.324298 -127.768456
702.324308 -127.988403
702.324317 -128.293060
702.324327 -128.646057
702.324337 -129.010712
702.324346 -129.354935
702.324356 -129.643280
702.324365 -129.845261
702.324375 -129.921661
702.324385 -129.797745
702.324394 -129.586624
702.324404 -129.310547
702.324413 -128.991455
702.324423 -128.644836
702.324433 -128.288193
702.324442 -127.936775
702.324452 -127.601250
702.324462 -127.291428
702.324471 -127.016029
702.324481 -126.783577
702.324490 -126.601913
702.324500 -126.478973
702.324510 -126.422462
702.324519 -126.418396
702.324529 -126.440544
702.324538 -126.535156
702.324548 -126.715996
702.324558 -126.988670
702.324567 -127.354042
702.324577 -127.806526
702.324587 -128.330887
702.324596 -128.899399
702.324606 -129.471024
702.324615 -129.996201
702.324625 -130.429382
702.324635 -130.745514
702.324644 -130.949570
702.324654 -131.068787
702.324663 -131.133896
702.324673 -131.124176
702.324683 -130.992386
702.324692 -130.716064
702.324702 -130.274124
702.324712 -129.692123
702.324721 -129.033875
702.324731 -128.376709
702.324740 -127.787987
702.324750 -127.317146
702.324760 -126.995743
702.324769 -126.842468
702.324779 -126.832764
702.324788 -126.867340
702.324798 -127.073769
702.324808 -127.453987
702.324817 -127.994423
702.324827 -128.679840
702.324837 -129.462402
702.324846 -130.252380
702.324856 -130.902908
702.324865 -131.127914
702.324875 -130.616837
702.324885 -129.856613
702.324894 -129.014603
702.324904 -128.206665
702.324913 -127.496193
702.324923 -126.912827
702.324933 -126.466423
702.324942 -126.156815
702.324952 -125.990501
702.324962 -125.958961
702.324971 -125.966240
702.324981 -126.082870
702.324990 -126.340675
702.325000 -126.741333
702.325010 -127.288445
702.325019 -127.985893
702.325029 -128.836594
702.325038 -129.836853
702.325048 -130.968048
702.325058 -132.179138
702.325067 -133.366348
702.325077 -134.367889
702.325087 -135.021896
702.325096 -135.274445
702.325106 -135.178848
702.325115 -135.143784
702.325125 -135.147919
702.325135 -135.266464
702.325144 -135.563171
702.325154 -136.026031
702.325163 -136.603638
702.325173 -137.202194
702.325183 -137.687332
702.325192 -137.849152
702.325202 -137.512955
702.325212 -137.039642
702.325221 -136.553467
702.325231 -136.130127
702.325240 -135.788055
702.325250 -135.538071
702.325260 -135.333405
702.325269 -135.101242
702.325279 -134.763763
702.325288 -134.270493
702.325298 -133.624237
702.325308 -132.876526
702.325317 -132.098953
702.325327 -131.355118
702.325337 -130.689133
702.325346 -130.124969
702.325356 -129.671478
702.325365 -129.320190
702.325375 -129.070236
702.325385 -128.907318
702.325394 -128.814972
702.325404 -128.775650
702.325413 -128.771378
702.325423 -128.773590
702.325433 -128.796127
702.325442 -128.836075
702.325452 -128.892639
702.325462 -128.972458
702.325471 -129.088791
702.325481 -129.261505
702.325490 -129.514847
702.325500 -129.876831
702.325510 -130.383774
702.325519 -131.075623
702.325529 -131.999237
702.325538 -133.209305
702.325548 -134.760864
702.325558 -136.662598
702.325567 -138.672012
702.325577 -139.084824
702.325587 -137.209869
702.325596 -135.335159
702.325606 -133.823517
702.325615 -132.705307
702.325625 -131.944992
702.325635 -131.506577
702.325644 -131.367554
702.325654 -131.367722
702.325663 -131.522339
702.325673 -131.980667
702.325683 -132.772720
702.325692 -133.950562
702.325702 -135.576279
702.325712 -137.625351
702.325721 -139.400482
702.325731 -137.104065
702.325740 -134.451172
702.325750 -132.192459
702.325760 -130.384232
702.325769 -128.961685
702.325779 -127.861427
702.325788 -127.037384
702.325798 -126.457062
702.325808 -126.097763
702.325817 -125.942535
702.325827 -125.930138
702.325837 -125.978455
702.325846 -126.193230
702.325856 -126.568237
702.325865 -127.097649
702.325875 -127.768082
702.325885 -128.566208
702.325894 -129.480469
702.325904 -130.505753
702.325913 -131.649017
702.325923 -132.937164
702.325933 -134.426941
702.325942 -136.220215
702.325952 -138.493271
702.325962 -141.566971
702.325971 -146.000458
702.325981 -146.794983
702.325990 -142.317719
702.326000 -139.287338
702.326010 -137.128830
702.326019 -135.490662
702.326029 -134.200470
702.326038 -133.136780
702.326048 -132.225067
702.326058 -131.423065
702.326067 -130.713989
702.326077 -130.097122
702.326087 -129.580978
702.326096 -129.175629
702.326106 -128.888168
702.326115 -128.719833
702.326125 -128.665253
702.326135 -128.665237
702.326144 -128.709854
702.326154 -128.834824
702.326163 -129.017517
702.326173 -129.226898
702.326183 -129.424377
702.326192 -129.577927
702.326202 -129.648819
702.326212 -129.542435
702.326221 -129.354538
702.326231 -129.117020
702.326240 -128.873596
702.326250 -128.672073
702.326260 -128.557755
702.326269 -128.544586
702.326279 -128.564087
702.326288 -128.728424
702.326298 -129.085587
702.326308 -129.666321
702.326317 -130.506714
702.326327 -131.653564
702.326337 -133.174606
702.326346 -135.166306
702.326356 -137.729385
702.326365 -140.656586
702.326375 -140.171555
702.326385 -137.387314
702.326394 -135.099655
702.326404 -133.380493
702.326413 -132.122726
702.326423 -131.233276
702.326433 -130.643967
702.326442 -130.300018
702.326452 -130.152252
702.326462 -130.140076
702.326471 -130.150925
702.326481 -130.243759
702.326490 -130.378189
702.326500 -130.506958
702.326510 -130.594360
702.326519 -130.576065
702.326529 -130.461426
702.326538 -130.276337
702.326548 -130.020004
702.326558 -129.690994
702.326567 -129.299942
702.326577 -128.854080
702.326587 -128.358566
702.326596 -127.829735
702.326606 -127.283966
702.326615 -126.738533
702.326625 -126.212456
702.326635 -125.725952
702.326644 -125.299492
702.326654 -124.952835
702.326663 -124.703590
702.326673 -124.566536
702.326683 -124.544167
702.326692 -124.553085
702.326702 -124.671249
702.326712 -124.925087
702.326721 -125.315651
702.326731 -125.840240
702.326740 -126.486870
702.326750 -127.248154
702.326760 -128.111237
702.326769 -129.057602
702.326779 -130.067078
702.326788 -131.119583
702.326798 -132.200821
702.326808 -133.304886
702.326817 -134.435593
702.326827 -135.596420
702.326837 -136.771484
702.326846 -137.888565
702.326856 -138.785141
702.326865 -139.081482
702.326875 -138.427124
702.326885 -137.498672
702.326894 -136.495804
702.326904 -135.528976
702.326913 -134.631302
702.326923 -133.844894
702.326933 -133.181427
702.326942 -132.649597
702.326952 -132.260315
702.326962 -132.025330
702.326971 -131.956863
702.326981 -131.958237
702.326990 -132.073914
702.327000 -132.391113
702.327010 -132.934860
702.327019 -133.744019
702.327029 -134.880325
702.327038 -136.451706
702.327048 -138.661560
702.327058 -141.956833
702.327067 -147.545792
702.327077 -145.908371
702.327087 -140.829269
702.327096 -137.680923
702.327106 -135.494690
702.327115 -133.890564
702.327125 -132.676956
702.327135 -131.734695
702.327144 -130.973297
702.327154 -130.314636
702.327163 -129.689072
702.327173 -129.042221
702.327183 -128.344330
702.327192 -127.595856
702.327202 -126.822029
702.327212 -126.061073
702.327221 -125.351044
702.327231 -124.723404
702.327240 -124.200516
702.327250 -123.796768
702.327260 -123.520447
702.327269 -123.375290
702.327279 -123.352661
702.327288 -123.361687
702.327298 -123.476913
702.327308 -123.714897
702.327317 -124.066292
702.327327 -124.518288
702.327337 -125.055557
702.327346 -125.662880
702.327356 -126.329498
702.327365 -127.054611
702.327375 -127.851906
702.327385 -128.750687
702.327394 -129.785767
702.327404 -130.987503
702.327413 -132.395386
702.327423 -133.971176
702.327433 -135.505920
702.327442 -136.497238
702.327452 -135.654999
702.327462 -134.511627
702.327471 -133.430099
702.327481 -132.519592
702.327490 -131.777023
702.327500 -131.166962
702.327510 -130.675430
702.327519 -130.286316
702.327529 -129.998062
702.327538 -129.816437
702.327548 -129.753372
702.327558 -129.750031
702.327567 -129.833679
702.327577 -130.073578
702.327587 -130.488174
702.327596 -131.092896
702.327606 -131.905334
702.327615 -132.949570
702.327625 -134.257538
702.327635 -135.866623
702.327644 -137.789215
702.327654 -139.879166
702.327663 -141.395264
702.327673 -139.870483
702.327683 -138.045914
702.327692 -136.478714
702.327702 -135.270889
702.327712 -134.398865
702.327721 -133.813644
702.327731 -133.442917
702.327740 -133.240387
702.327750 -133.140015
702.327760 -133.063477
702.327769 -132.935989
702.327779 -132.712418
702.327788 -132.393692
702.327798 -132.026642
702.327808 -131.681412
702.327817 -131.430099
702.327827 -131.334732
702.327837 -131.334732
702.327846 -131.448593
702.327856 -131.817902
702.327865 -132.488892
702.327875 -133.504318
702.327885 -134.876846
702.327894 -136.470322
702.327904 -137.454285
702.327913 -135.817047
702.327923 -133.822891
702.327933 -132.056076
702.327942 -130.644669
702.327952 -129.562897
702.327962 -128.779510
702.327971 -128.265747
702.327981 -127.988892
702.327990 -127.909531
702.328000 -127.905922
702.328010 -128.040710
702.328019 -128.316315
702.328029 -128.711700
702.328038 -129.172913
702.328048 -129.624329
702.328058 -129.963226
702.328067 -130.101746
702.328077 -129.900635
702.328087 -129.611069
702.328096 -129.328720
702.328106 -129.123489
702.328115 -129.040176
702.328125 -129.029892
702.328135 -129.103302
702.328144 -129.323700
702.328154 -129.695984
702.328163 -130.234039
702.328173 -130.948227
702.328183 -131.857773
702.328192 -133.001541
702.328202 -134.444580
702.328212 -136.275513
702.328221 -138.674988
702.328231 -141.835709
702.328240 -145.293259
702.328250 -142.373535
702.328260 -139.588608
702.328269 -137.606003
702.328279 -136.242874
702.328288 -135.333649
702.328298 -134.763718
702.328308 -134.451904
702.328317 -134.338226
702.328327 -134.312729
702.328337 -134.388214
702.328346 -134.584351
702.328356 -134.910904
702.328365 -135.370743
702.328375 -135.948456
702.328385 -136.554733
702.328394 -137.071564
702.328404 -136.754471
702.328413 -135.613251
702.328423 -134.066437
702.328433 -132.407608
702.328442 -130.816208
702.328452 -129.373138
702.328462 -128.107742
702.328471 -127.025612
702.328481 -126.127151
702.328490 -125.408379
702.328500 -124.861908
702.328510 -124.478958
702.328519 -124.251175
702.328529 -124.171257
702.328538 -124.170982
702.328548 -124.230957
702.328558 -124.421272
702.328567 -124.733757
702.328577 -125.160416
702.328587 -125.694092
702.328596 -126.325943
702.328606 -127.047607
702.328615 -127.856102
702.328625 -128.744476
702.328635 -129.704697
702.328644 -130.728683
702.328654 -131.813980
702.328663 -132.972794
702.328673 -134.246735
702.328683 -135.724518
702.328692 -137.571472
702.328702 -140.100021
702.328712 -144.039795
702.328721 -152.242340
702.328731 -144.679474
702.328740 -140.125671
702.328750 -137.325790
702.328760 -135.439148
702.328769 -134.152328
702.328779 -133.314682
702.328788 -132.846466
702.328798 -132.703186
702.328808 -132.701477
702.328817 -132.866989
702.328827 -133.336426
702.328837 -134.134460
702.328846 -135.313004
702.328856 -136.971573
702.328865 -139.283905
702.328875 -142.484436
702.328885 -145.004242
702.328894 -141.018936
702.328904 -137.702850
702.328913 -135.184906
702.328923 -133.216141
702.328933 -131.628067
702.328942 -130.313644
702.328952 -129.224167
702.328962 -128.324799
702.328971 -127.598022
702.328981 -127.039040
702.328990 -126.651672
702.329000 -126.446838
702.329010 -126.419441
702.329019 -126.441437
702.329029 -126.658211
702.329038 -127.126259
702.329048 -127.879715
702.329058 -128.977234
702.329067 -130.492661
702.329077 -132.517075
702.329087 -135.075729
702.329096 -137.602234
702.329106 -135.880707
702.329115 -133.514526
702.329125 -131.650452
702.329135 -130.298050
702.329144 -129.358978
702.329154 -128.763626
702.329163 -128.462967
702.329173 -128.404907
702.329183 -128.414581
702.329192 -128.582611
702.329202 -128.929367
702.329212 -129.408203
702.329221 -129.956055
702.329231 -130.489319
702.329240 -130.912308
702.329250 -131.143417
702.329260 -130.982574
702.329269 -130.720001
702.329279 -130.469193
702.329288 -130.322113
702.329298 -130.311554
702.329308 -130.350311
702.329317 -130.605515
702.329327 -131.117477
702.329337 -131.884140
702.329346 -132.838974
702.329356 -133.798691
702.329365 -134.454575
702.329375 -134.241577
702.329385 -133.815567
702.329394 -133.575302
702.329404 -133.563690
702.329413 -133.656647
702.329423 -134.057938
702.329433 -134.605667
702.329442 -134.392990
702.329452 -133.136917
702.329462 -131.574860
702.329471 -130.086212
702.329481 -128.818146
702.329490 -127.787621
702.329500 -126.952713
702.329510 -126.262436
702.329519 -125.677948
702.329529 -125.153511
702.329538 -124.656425
702.329548 -124.169228
702.329558 -123.689346
702.329567 -123.224762
702.329577 -122.789375
702.329587 -122.398186
702.329596 -122.064896
702.329606 -121.800529
702.329615 -121.613586
702.329625 -121.510262
702.329635 -121.485718
702.329644 -121.491882
702.329654 -121.573853
702.329663 -121.749779
702.329673 -122.029541
702.329683 -122.422020
702.329692 -122.939682
702.329702 -123.600349
702.329712 -124.428413
702.329721 -125.457520
702.329731 -126.732788
702.329740 -128.314514
702.329750 -130.274963
702.329760 -132.660019
702.329769 -135.262283
702.329779 -136.244781
702.329788 -134.341476
702.329798 -132.580002
702.329808 -131.274078
702.329817 -130.404938
702.329827 -129.906845
702.329837 -129.720123
702.329846 -129.712341
702.329856 -129.788300
702.329865 -130.054001
702.329875 -130.476242
702.329885 -130.997574
702.329894 -131.561874
702.329904 -132.126923
702.329913 -132.680298
702.329923 -133.242508
702.329933 -133.834457
702.329942 -134.467484
702.329952 -135.113647
702.329962 -135.611740
702.329971 -135.310654
702.329981 -134.452179
702.329990 -133.432312
702.330000 -132.476059
702.330010 -131.702408
702.330019 -131.156631
702.330029 -130.847519
702.330038 -130.759186
702.330048 -130.760849
702.330058 -130.906067
702.330067 -131.247696
702.330077 -131.781982
702.330087 -132.501801
702.330096 -133.406723
702.330106 -134.504395
702.330115 -135.811417
702.330125 -137.352081
702.330135 -139.149597
702.330144 -141.205231
702.330154 -143.445541
702.330163 -145.644241
702.330173 -147.413467
702.330183 -148.346146
702.330192 -146.941544
702.330202 -144.404037
702.330212 -141.495544
702.330221 -138.774246
702.330231 -136.428711
702.330240 -134.480225
702.330250 -132.899963
702.330260 -131.649490
702.330269 -130.688507
702.330279 -129.985886
702.330288 -129.511246
702.330298 -129.232758
702.330308 -129.115738
702.330317 -129.095734
702.330327 -129.115707
702.330337 -129.196121
702.330346 -129.286087
702.330356 -129.324783
702.330365 -129.201141
702.330375 -128.985825
702.330385 -128.709229
702.330394 -128.409332
702.330404 -128.107361
702.330413 -127.846306
702.330423 -127.648193
702.330433 -127.528168
702.330442 -127.496162
702.330452 -127.497795
702.330462 -127.566895
702.330471 -127.742744
702.330481 -128.029160
702.330490 -128.423111
702.330500 -128.910217
702.330510 -129.459106
702.330519 -130.016281
702.330529 -130.507858
702.330538 -130.854935
702.330548 -130.963425
702.330558 -130.785355
702.330567 -130.555099
702.330577 -130.353195
702.330587 -130.241714
702.330596 -130.234161
702.330606 -130.263992
702.330615 -130.444794
702.330625 -130.790802
702.330635 -131.281830
702.330644 -131.854294
702.330654 -132.378052
702.330663 -132.550491
702.330673 -132.035080
702.330683 -131.276855
702.330692 -130.469727
702.330702 -129.750595
702.330712 -129.191483
702.330721 -128.822754
702.330731 -128.652603
702.330740 -128.641937
702.330750 -128.680359
702.330760 -128.890335
702.330769 -129.286545
702.330779 -129.869751
702.330788 -130.642273
702.330798 -131.612717
702.330808 -132.794754
702.330817 -134.200211
702.330827 -135.809921
702.330837 -137.485046
702.330846 -138.790756
702.330856 -138.129333
702.330865 -136.684570
702.330875 -135.250824
702.330885 -134.027710
702.330894 -133.048950
702.330904 -132.295593
702.330913 -131.737366
702.330923 -131.347443
702.330933 -131.108292
702.330942 -131.011963
702.330952 -130.992020
702.330962 -131.073868
702.330971 -131.305954
702.330981 -131.737534
702.330990 -132.378693
702.331000 -133.228363
702.331010 -134.244156
702.331019 -135.231064
702.331029 -135.615768
702.331038 -134.776779
702.331048 -133.719391
702.331058 -132.778595
702.331067 -132.104279
702.331077 -131.744064
702.331087 -131.682327
702.331096 -131.701950
702.331106 -131.949463
702.331115 -132.471069
702.331125 -133.201538
702.331135 -134.002853
702.331144 -134.610764
702.331154 -134.019821
702.331163 -132.810730
702.331173 -131.373886
702.331183 -129.940048
702.331192 -128.620026
702.331202 -127.456291
702.331212 -126.461044
702.331221 -125.633415
702.331231 -124.966736
702.331240 -124.451149
702.331250 -124.074608
702.331260 -123.823097
702.331269 -123.680878
702.331279 -123.633362
702.331288 -123.633156
702.331298 -123.665886
702.331308 -123.765190
702.331317 -123.921249
702.331327 -124.128555
702.331337 -124.387482
702.331346 -124.705017
702.331356 -125.095680
702.331365 -125.581650
702.331375 -126.194290
702.331385 -126.976334
702.331394 -127.988121
702.331404 -129.317947
702.331413 -131.103287
702.331423 -133.559738
702.331433 -136.901352
702.331442 -137.527283
702.331452 -133.620132
702.331462 -130.594589
702.331471 -128.373688
702.331481 -126.739807
702.331490 -125.555305
702.331500 -124.734627
702.331510 -124.227295
702.331519 -123.999191
702.331529 -123.977440
702.331538 -124.023491
702.331548 -124.277100
702.331558 -124.737297
702.331567 -125.378654
702.331577 -126.169930
702.331587 -127.064209
702.331596 -128.003113
702.331606 -128.912827
702.331615 -129.692001
702.331625 -130.224365
702.331635 -130.249237
702.331644 -129.801437
702.331654 -129.201447
702.331663 -128.571823
702.331673 -127.999596
702.331683 -127.536072
702.331692 -127.206299
702.331702 -127.017799
702.331712 -126.959778
702.331721 -126.959221
702.331731 -127.032394
702.331740 -127.218925
702.331750 -127.499435
702.331760 -127.848785
702.331769 -128.237839
702.331779 -128.635529
702.331788 -129.013107
702.331798 -129.350281
702.331808 -129.641205
702.331817 -129.897018
702.331827 -130.143646
702.331837 -130.413635
702.331846 -130.735733
702.331856 -131.092606
702.331865 -131.491394
702.331875 -131.869507
702.331885 -132.119461
702.331894 -131.858459
702.331904 -131.380341
702.331913 -130.834991
702.331923 -130.351105
702.331933 -130.006851
702.331942 -129.823700
702.331952 -129.770126
702.331962 -129.763367
702.331971 -129.685608
702.331981 -129.430359
702.331990 -128.967941
702.332000 -128.364655
702.332010 -127.735229
702.332019 -127.182617
702.332029 -126.772659
702.332038 -126.535118
702.332048 -126.470383
702.332058 -126.470360
702.332067 -126.544258
702.332077 -126.739288
702.332087 -127.004120
702.332096 -127.277023
702.332106 -127.497620
702.332115 -127.608139
702.332125 -127.567116
702.332135 -127.440704
702.332144 -127.299469
702.332154 -127.175362
702.332163 -127.085068
702.332173 -127.042130
702.332183 -127.041000
702.332192 -127.064209
702.332202 -127.160332
702.332212 -127.341995
702.332221 -127.625404
702.332231 -128.033524
702.332240 -128.597260
702.332250 -129.358398
702.332260 -130.372772
702.332269 -131.702774
702.332279 -133.448074
702.332288 -135.732468
702.332298 -138.566040
702.332308 -140.780930
702.332317 -138.495392
702.332327 -136.413101
702.332337 -134.999847
702.332346 -134.214600
702.332356 -133.987030
702.332365 -133.988647
702.332375 -134.290436
702.332385 -135.128723
702.332394 -136.562988
702.332404 -138.727539
702.332413 -141.890579
702.332423 -146.505127
702.332433 -148.829880
702.332442 -145.422882
702.332452 -143.425537
702.332462 -142.302505
702.332471 -141.539352
702.332481 -140.624451
702.332490 -139.261765
702.332500 -137.551605
702.332510 -135.781998
702.332519 -134.165863
702.332529 -132.797348
702.332538 -131.704346
702.332548 -130.887909
702.332558 -130.344040
702.332567 -130.072037
702.332577 -130.045059
702.332587 -130.081070
702.332596 -130.394257
702.332606 -131.057861
702.332615 -132.158707
702.332625 -133.855652
702.332635 -136.489197
702.332644 -140.931473
702.332654 -142.181107
702.332663 -136.214050
702.332673 -132.496658
702.332683 -129.882263
702.332692 -127.926048
702.332702 -126.422531
702.332712 -125.262222
702.332721 -124.380936
702.332731 -123.738617
702.332740 -123.308952
702.332750 -123.074173
702.332760 -123.013252
702.332769 -123.018921
702.332779 -123.141869
702.332788 -123.425552
702.332798 -123.862579
702.332808 -124.438538
702.332817 -125.130852
702.332827 -125.903252
702.332837 -126.700783
702.332846 -127.448158
702.332856 -128.062134
702.332865 -128.479553
702.332875 -128.675903
702.332885 -128.718460
702.332894 -128.707581
702.332904 -128.733047
702.332913 -128.850220
702.332923 -129.129837
702.332933 -129.634476
702.332942 -130.420792
702.332952 -131.556671
702.332962 -133.135544
702.332971 -135.306015
702.332981 -138.333740
702.332990 -142.734818
702.333000 -147.843414
702.333010 -143.567307
702.333019 -141.102310
702.333029 -139.892288
702.333038 -139.545914
702.333048 -139.546173
702.333058 -139.890900
702.333067 -140.855835
702.333077 -142.418900
702.333087 -144.587891
702.333096 -147.098297
702.333106 -147.132996
702.333115 -144.477707
702.333125 -141.961594
702.333135 -139.772797
702.333144 -137.892456
702.333154 -136.252518
702.333163 -134.802399
702.333173 -133.510254
702.333183 -132.353409
702.333192 -131.314728
702.333202 -130.380692
702.333212 -129.540634
702.333221 -128.787079
702.333231 -128.115540
702.333240 -127.524498
702.333250 -127.015045
702.333260 -126.590309
702.333269 -126.254959
702.333279 -126.014915
702.333288 -125.877037
702.333298 -125.843933
702.333308 -125.849388
702.333317 -125.941612
702.333327 -126.165932
702.333337 -126.538773
702.333346 -127.084038
702.333356 -127.837234
702.333365 -128.854050
702.333375 -130.226440
702.333385 -132.119110
702.333394 -134.866211
702.333404 -139.295883
702.333413 -142.570602
702.333423 -136.163315
702.333433 -132.377411
702.333442 -129.808090
702.333452 -127.953667
702.333462 -126.594452
702.333471 -125.618858
702.333481 -124.965256
702.333490 -124.598610
702.333500 -124.498100
702.333510 -124.500168
702.333519 -124.662064
702.333529 -125.075676
702.333538 -125.749123
702.333548 -126.688408
702.333558 -127.889114
702.333567 -129.310242
702.333577 -130.812561
702.333587 -132.073853
702.333596 -132.480194
702.333606 -131.882431
702.333615 -131.292450
702.333625 -130.944168
702.333635 -130.904449
702.333644 -130.939255
702.333654 -131.327438
702.333663 -132.148865
702.333673 -133.445084
702.333683 -135.218307
702.333692 -137.195908
702.333702 -137.097412
702.333712 -134.872025
702.333721 -132.757446
702.333731 -131.044006
702.333740 -129.713257
702.333750 -128.698593
702.333760 -127.939629
702.333769 -127.383308
702.333779 -126.990601
702.333788 -126.735184
702.333798 -126.590614
702.333808 -126.536110
702.333817 -126.525932
702.333827 -126.556503
702.333837 -126.642738
702.333846 -126.792336
702.333856 -127.009926
702.333865 -127.305649
702.333875 -127.694443
702.333885 -128.188995
702.333894 -128.802139
702.333904 -129.550491
702.333913 -130.431732
702.333923 -131.418335
702.333933 -132.437210
702.333942 -133.354843
702.333952 -133.998627
702.333962 -134.146866
702.333971 -133.830841
702.333981 -133.452377
702.333990 -133.077148
702.334000 -132.744751
702.334010 -132.460373
702.334019 -132.205307
702.334029 -131.968277
702.334038 -131.754349
702.334048 -131.581070
702.334058 -131.470474
702.334067 -131.419479
702.334077 -131.410706
702.334087 -131.476776
702.334096 -131.620895
702.334106 -131.824478
702.334115 -132.081970
702.334125 -132.395081
702.334135 -132.776657
702.334144 -133.253983
702.334154 -133.863602
702.334163 -134.640762
702.334173 -135.604401
702.334183 -136.797913
702.334192 -138.222794
702.334202 -139.833176
702.334212 -141.498184
702.334221 -142.977646
702.334231 -144.018829
702.334240 -144.573441
702.334250 -144.788971
702.334260 -144.368469
702.334269 -143.346359
702.334279 -141.728561
702.334288 -139.834930
702.334298 -137.982376
702.334308 -136.340164
702.334317 -134.963898
702.334327 -133.855011
702.334337 -132.988403
702.334346 -132.324661
702.334356 -131.811172
702.334365 -131.384262
702.334375 -130.973755
702.334385 -130.516220
702.334394 -129.972244
702.334404 -129.337662
702.334413 -128.639191
702.334423 -127.918510
702.334433 -127.215508
702.334442 -126.559853
702.334452 -125.968948
702.334462 -125.450439
702.334471 -125.005417
702.334481 -124.628777
702.334490 -124.319580
702.334500 -124.076103
702.334510 -123.898041
702.334519 -123.788391
702.334529 -123.753258
702.334538 -123.753456
702.334548 -123.802704
702.334558 -123.947311
702.334567 -124.199249
702.334577 -124.569458
702.334587 -125.065834
702.334596 -125.690536
702.334606 -126.436295
702.334615 -127.281815
702.334625 -128.184845
702.334635 -129.062698
702.334644 -129.798859
702.334654 -130.250305
702.334663 -129.789032
702.334673 -128.891205
702.334683 -127.752480
702.334692 -126.552971
702.334702 -125.422302
702.334712 -124.438255
702.334721 -123.642586
702.334731 -123.055855
702.334740 -122.686882
702.334750 -122.538551
702.334760 -122.534981
702.334769 -122.607445
702.334779 -122.892883
702.334788 -123.389984
702.334798 -124.090889
702.334808 -124.982399
702.334817 -126.043068
702.334827 -127.238426
702.334837 -128.516983
702.334846 -129.809326
702.334856 -131.038971
702.334865 -132.145279
702.334875 -133.110931
702.334885 -133.968582
702.334894 -134.779709
702.334904 -135.598984
702.334913 -136.436996
702.334923 -137.222397
702.334933 -137.773666
702.334942 -137.375671
702.334952 -136.491272
702.334962 -135.468567
702.334971 -134.506668
702.334981 -133.706375
702.334990 -133.106995
702.335000 -132.716156
702.335010 -132.528458
702.335019 -132.512939
702.335029 -132.531876
702.335038 -132.711136
702.335048 -133.046661
702.335058 -133.514389
702.335067 -134.083008
702.335077 -134.714554
702.335087 -135.366745
702.335096 -136.002121
702.335106 -136.598953
702.335115 -137.159592
702.335125 -137.705170
702.335135 -138.232239
702.335144 -138.754593
702.335154 -139.231110
702.335163 -139.514664
702.335173 -139.073563
702.335183 -138.215424
702.335192 -137.114380
702.335202 -135.946304
702.335212 -134.839996
702.335221 -133.874985
702.335231 -133.100510
702.335240 -132.549576
702.335250 -132.249924
702.335260 -132.199814
702.335269 -132.227539
702.335279 -132.490662
702.335288 -133.083282
702.335298 -134.028503
702.335308 -135.315140
702.335317 -136.800430
702.335327 -137.998764
702.335337 -137.051941
702.335346 -135.545700
702.335356 -134.161530
702.335365 -133.076843
702.335375 -132.305267
702.335385 -131.813660
702.335394 -131.557510
702.335404 -131.489655
702.335413 -131.490128
702.335423 -131.562943
702.335433 -131.724884
702.335442 -131.922470
702.335452 -132.101944
702.335462 -132.210052
702.335471 -132.070984
702.335481 -131.795700
702.335490 -131.414673
702.335500 -130.982834
702.335510 -130.567474
702.335519 -130.237335
702.335529 -130.049911
702.335538 -130.023926
702.335548 -130.061142
702.335558 -130.332870
702.335567 -130.918228
702.335577 -131.865265
702.335587 -133.177979
702.335596 -134.663452
702.335606 -134.893539
702.335615 -133.001175
702.335625 -130.955093
702.335635 -129.215439
702.335644 -127.857742
702.335654 -126.853691
702.335663 -126.156822
702.335673 -125.722450
702.335683 -125.508507
702.335692 -125.454155
702.335702 -125.455948
702.335712 -125.574257
702.335721 -125.772552
702.335731 -126.016495
702.335740 -126.268730
702.335750 -126.498894
702.335760 -126.692245
702.335769 -126.848999
702.335779 -126.986908
702.335788 -127.124641
702.335798 -127.288269
702.335808 -127.502647
702.335817 -127.792870
702.335827 -128.184845
702.335837 -128.707458
702.335846 -129.392212
702.335856 -130.279312
702.335865 -131.424438
702.335875 -132.898499
702.335885 -134.802261
702.335894 -137.280884
702.335904 -140.484985
702.335913 -143.950974
702.335923 -141.751984
702.335933 -139.081528
702.335942 -137.082962
702.335952 -135.577667
702.335962 -134.398499
702.335971 -133.430634
702.335981 -132.583008
702.335990 -131.795944
702.336000 -131.036316
702.336010 -130.291290
702.336019 -129.563644
702.336029 -128.864700
702.336038 -128.210403
702.336048 -127.617882
702.336058 -127.104546
702.336067 -126.687576
702.336077 -126.385048
702.336087 -126.216446
702.336096 -126.184982
702.336106 -126.204353
702.336115 -126.374855
702.336125 -126.758568
702.336135 -127.388802
702.336144 -128.292984
702.336154 -129.455658
702.336163 -130.705231
702.336173 -131.071976
702.336183 -129.516769
702.336192 -127.614136
702.336202 -125.861809
702.336212 -124.409073
702.336221 -123.270798
702.336231 -122.426743
702.336240 -121.852394
702.336250 -121.526497
702.336260 -121.431656
702.336269 -121.432358
702.336279 -121.558334
702.336288 -121.895149
702.336298 -122.438072
702.336308 -123.186363
702.336317 -124.144447
702.336327 -125.324387
702.336337 -126.750511
702.336346 -128.468658
702.336356 -130.565033
702.336365 -133.209244
702.336375 -136.764572
702.336385 -142.086655
702.336394 -142.445633
702.336404 -137.634659
702.336413 -134.585312
702.336423 -132.456039
702.336433 -130.883362
702.336442 -129.689713
702.336452 -128.772964
702.336462 -128.065567
702.336471 -127.515862
702.336481 -127.081924
702.336490 -126.728867
702.336500 -126.430931
702.336510 -126.173332
702.336519 -125.954300
702.336529 -125.784225
702.336538 -125.683685
702.336548 -125.649788
702.336558 -125.671539
702.336567 -125.804832
702.336577 -126.093170
702.336587 -126.585037
702.336596 -127.329086
702.336606 -128.390961
702.336615 -129.868759
702.336625 -131.926453
702.336635 -134.872818
702.336644 -139.515503
702.336654 -144.532898
702.336663 -138.271866
702.336673 -134.871979
702.336683 -132.749039
702.336692 -131.337616
702.336702 -130.373611
702.336712 -129.702164
702.336721 -129.219467
702.336731 -128.853561
702.336740 -128.560715
702.336750 -128.324463
702.336760 -128.153290
702.336769 -128.073700
702.336779 -128.071854
702.336788 -128.123184
702.336798 -128.343506
702.336808 -128.777832
702.336817 -129.468826
702.336827 -130.450882
702.336837 -131.724121
702.336846 -133.165787
702.336856 -134.339264
702.336865 -133.509628
702.336875 -132.031693
702.336885 -130.651337
702.336894 -129.575455
702.336904 -128.838501
702.336913 -128.420868
702.336923 -128.286911
702.336933 -128.286819
702.336942 -128.390686
702.336952 -128.669449
702.336962 -129.036591
702.336971 -129.380295
702.336981 -129.580673
702.336990 -129.378098
702.337000 -129.057602
702.337010 -128.718857
702.337019 -128.441879
702.337029 -128.277313
702.337038 -128.243774
702.337048 -128.251068
702.337058 -128.373337
702.337067 -128.642792
702.337077 -129.046799
702.337087 -129.589890
702.337096 -130.265778
702.337106 -131.071503
702.337115 -132.009003
702.337125 -133.088196
702.337135 -134.326401
702.337144 -135.748306
702.337154 -137.378967
702.337163 -139.226242
702.337173 -141.230911
702.337183 -143.151138
702.337192 -144.423096
702.337202 -143.432449
702.337212 -141.900787
702.337221 -140.248993
702.337231 -138.651474
702.337240 -137.200760
702.337250 -135.933167
702.337260 -134.867844
702.337269 -134.011505
702.337279 -133.359406
702.337288 -132.897842
702.337298 -132.604294
702.337308 -132.448349
702.337317 -132.391479
702.337327 -132.386734
702.337337 -132.388519
702.337346 -132.357086
702.337356 -132.254227
702.337365 -132.070236
702.337375 -131.810364
702.337385 -131.491592
702.337394 -131.135803
702.337404 -130.759811
702.337413 -130.387222
702.337423 -130.047287
702.337433 -129.765305
702.337442 -129.570267
702.337452 -129.493317
702.337462 -129.491211
702.337471 -129.567459
702.337481 -129.811539
702.337490 -130.256561
702.337500 -130.913452
702.337510 -131.757614
702.337519 -132.693069
702.337529 -133.504211
702.337538 -133.661652
702.337548 -132.980087
702.337558 -132.135925
702.337567 -131.339554
702.337577 -130.664307
702.337587 -130.100510
702.337596 -129.632843
702.337606 -129.206909
702.337615 -128.774719
702.337625 -128.306976
702.337635 -127.797943
702.337644 -127.259186
702.337654 -126.710602
702.337663 -126.171089
702.337673 -125.655495
702.337683 -125.174164
702.337692 -124.735161
702.337702 -124.345963
702.337712 -124.015251
702.337721 -123.753021
702.337731 -123.570847
702.337740 -123.480888
702.337750 -123.470573
702.337760 -123.495613
702.337769 -123.626457
702.337779 -123.883728
702.337788 -124.275742
702.337798 -124.808517
702.337808 -125.484131
702.337817 -126.298996
702.337827 -127.239113
702.337837 -128.273331
702.337846 -129.342316
702.337856 -130.350250
702.337865 -131.172943
702.337875 -131.703415
702.337885 -131.876633
702.337894 -131.704300
702.337904 -131.494614
702.337913 -131.290329
702.337923 -131.097382
702.337933 -130.907043
702.337942 -130.675293
702.337952 -130.355438
702.337962 -129.918121
702.337971 -129.363770
702.337981 -128.721848
702.337990 -128.037430
702.338000 -127.356255
702.338010 -126.715965
702.338019 -126.144058
702.338029 -125.655350
702.338038 -125.264847
702.338048 -124.987900
702.338058 -124.833786
702.338067 -124.799248
702.338077 -124.810722
702.338087 -124.929092
702.338096 -125.194801
702.338106 -125.614693
702.338115 -126.191566
702.338125 -126.921989
702.338135 -127.791557
702.338144 -128.768661
702.338154 -129.797867
702.338163 -130.801102
702.338173 -131.695969
702.338183 -132.435623
702.338192 -133.042374
702.338202 -133.603226
702.338212 -134.231689
702.338221 -135.033691
702.338231 -136.094818
702.338240 -137.476578
702.338250 -139.203720
702.338260 -141.198822
702.338269 -143.117264
702.338279 -144.220505
702.338288 -143.759583
702.338298 -143.367416
702.338308 -143.277222
702.338317 -143.385483
702.338327 -143.857941
702.338337 -144.640671
702.338346 -144.876328
702.338356 -143.278290
702.338365 -141.152283
702.338375 -139.080338
702.338385 -137.262192
702.338394 -135.726257
702.338404 -134.459198
702.338413 -133.441391
702.338423 -132.657089
702.338433 -132.091888
702.338442 -131.731369
702.338452 -131.556976
702.338462 -131.523239
702.338471 -131.539642
702.338481 -131.665649
702.338490 -131.883926
702.338500 -132.167267
702.338510 -132.495712
702.338519 -132.871643
702.338529 -133.326965
702.338538 -133.922653
702.338548 -134.747696
702.338558 -135.923782
702.338567 -137.594086
702.338577 -140.027100
702.338587 -143.443665
702.338596 -142.695709
702.338606 -138.685425
702.338615 -135.668259
702.338625 -133.425522
702.338635 -131.712234
702.338644 -130.386459
702.338654 -129.362366
702.338663 -128.576416
702.338673 -127.984604
702.338683 -127.555092
702.338692 -127.264999
702.338702 -127.097618
702.338712 -127.036186
702.338721 -127.023849
702.338731 -127.082275
702.338740 -127.223412
702.338750 -127.446022
702.338760 -127.741791
702.338769 -128.093063
702.338779 -128.473770
702.338788 -128.846542
702.338798 -129.166061
702.338808 -129.372269
702.338817 -129.447235
702.338827 -129.340668
702.338837 -129.204056
702.338846 -129.109756
702.338856 -129.077774
702.338865 -129.114105
702.338875 -129.278748
702.338885 -129.635422
702.338894 -130.227982
702.338904 -131.098114
702.338913 -132.292023
702.338923 -133.852966
702.338933 -135.771530
702.338942 -137.781845
702.338952 -138.339935
702.338962 -136.700699
702.338971 -135.086823
702.338981 -133.855026
702.338990 -133.046936
702.339000 -132.628799
702.339010 -132.529282
702.339019 -132.537796
702.339029 -132.745682
702.339038 -133.105148
702.339048 -133.446381
702.339058 -133.424759
702.339067 -132.948883
702.339077 -132.367691
702.339087 -131.866333
702.339096 -131.568039
702.339106 -131.503342
702.339115 -131.540756
702.339125 -131.820770
702.339135 -132.430756
702.339144 -133.392334
702.339154 -134.733765
702.339163 -136.502899
702.339173 -138.790848
702.339183 -141.798294
702.339192 -145.872604
702.339202 -149.625961
702.339212 -144.364182
702.339221 -140.432404
702.339231 -137.469727
702.339240 -135.153137
702.339250 -133.300507
702.339260 -131.816360
702.339269 -130.642593
702.339279 -129.740356
702.339288 -129.080597
702.339298 -128.641006
702.339308 -128.401398
702.339317 -128.337250
702.339327 -128.338242
702.339337 -128.432358
702.339346 -128.630936
702.339356 -128.863800
702.339365 -128.977325
702.339375 -128.638977
702.339385 -128.016022
702.339394 -127.213303
702.339404 -126.364822
702.339413 -125.579231
702.339423 -124.925529
702.339433 -124.440720
702.339442 -124.126846
702.339452 -123.998993
702.339462 -123.995125
702.339471 -124.047768
702.339481 -124.249115
702.339490 -124.561890
702.339500 -124.924294
702.339510 -125.256279
702.339519 -125.477951
702.339529 -125.458260
702.339538 -125.288376
702.339548 -125.112793
702.339558 -125.001373
702.339567 -124.986465
702.339577 -124.997047
702.339587 -125.100777
702.339596 -125.328255
702.339606 -125.646164
702.339615 -125.992691
702.339625 -126.271973
702.339635 -126.347191
702.339644 -126.071541
702.339654 -125.652557
702.339663 -125.171333
702.339673 -124.696785
702.339683 -124.273430
702.339692 -123.924011
702.339702 -123.656136
702.339712 -123.468658
702.339721 -123.356270
702.339731 -123.312836
702.339740 -123.311470
702.339750 -123.328484
702.339760 -123.406258
702.339769 -123.548149
702.339779 -123.758423
702.339788 -124.044388
702.339798 -124.415062
702.339808 -124.880280
702.339817 -125.448830
702.339827 -126.127243
702.339837 -126.917000
702.339846 -127.812447
702.339856 -128.796417
702.339865 -129.836395
702.339875 -130.881134
702.339885 -131.865234
702.339894 -132.725571
702.339904 -133.431152
702.339913 -134.004150
702.339923 -134.514755
702.339933 -135.046341
702.339942 -135.654312
702.339952 -136.313782
702.339962 -136.853165
702.339971 -136.290466
702.339981 -135.029846
702.339990 -133.521423
702.340000 -132.046463
702.340010 -130.726974
702.340019 -129.585052
702.340029 -128.607285
702.340038 -127.787964
702.340048 -127.105721
702.340058 -126.545166
702.340067 -126.097878
702.340077 -125.760475
702.340087 -125.532700
702.340096 -125.414436
702.340106 -125.392746
702.340115 -125.404236
702.340125 -125.497826
702.340135 -125.687782
702.340144 -125.963943
702.340154 -126.313591
702.340163 -126.725403
702.340173 -127.184166
702.340183 -127.677086
702.340192 -128.191071
702.340202 -128.712463
702.340212 -129.227036
702.340221 -129.720444
702.340231 -130.181702
702.340240 -130.607864
702.340250 -131.010010
702.340260 -131.415268
702.340269 -131.865936
702.340279 -132.411942
702.340288 -133.101166
702.340298 -133.957947
702.340308 -134.937057
702.340317 -135.822311
702.340327 -135.504395
702.340337 -134.085007
702.340346 -132.421265
702.340356 -130.860535
702.340365 -129.532455
702.340375 -128.465546
702.340385 -127.655106
702.340394 -127.088646
702.340404 -126.755600
702.340413 -126.649704
702.340423 -126.649170
702.340433 -126.771584
702.340442 -127.126633
702.340452 -127.729416
702.340462 -128.604279
702.340471 -129.785675
702.340481 -131.328171
702.340490 -133.315063
702.340500 -135.848297
702.340510 -138.941925
702.340519 -141.824249
702.340529 -140.162003
702.340538 -138.275909
702.340548 -136.957474
702.340558 -136.154083
702.340567 -135.750290
702.340577 -135.565750
702.340587 -135.371597
702.340596 -134.921234
702.340606 -134.088333
702.340615 -132.963333
702.340625 -131.756760
702.340635 -130.652588
702.340644 -129.761475
702.340654 -129.141129
702.340663 -128.823349
702.340673 -128.781372
702.340683 -128.833374
702.340692 -129.198837
702.340702 -129.953049
702.340712 -131.177216
702.340721 -132.985489
702.340731 -135.563416
702.340740 -139.118011
702.340750 -142.045700
702.340760 -139.044388
702.340769 -136.933472
702.340779 -135.848587
702.340788 -135.617950
702.340798 -135.647354
702.340808 -136.305893
702.340817 -137.991943
702.340827 -141.297592
702.340837 -148.415009
702.340846 -141.428726
702.340856 -136.945526
702.340865 -134.215378
702.340875 -132.433990
702.340885 -131.285034
702.340894 -130.608337
702.340904 -130.305893
702.340913 -130.241653
702.340923 -130.278809
702.340933 -130.486862
702.340942 -130.742874
702.340952 -130.784210
702.340962 -130.255020
702.340971 -129.413971
702.340981 -128.429321
702.340990 -127.449348
702.341000 -126.562569
702.341010 -125.809258
702.341019 -125.200958
702.341029 -124.734940
702.341038 -124.400902
702.341048 -124.184692
702.341058 -124.069107
702.341067 -124.030502
702.341077 -124.029884
702.341087 -124.048035
702.341096 -124.101021
702.341106 -124.164856
702.341115 -124.216774
702.341125 -124.223045
702.341135 -124.168266
702.341144 -124.084656
702.341154 -123.989365
702.341163 -123.897301
702.341173 -123.839539
702.341183 -123.827438
702.341192 -123.843330
702.341202 -123.936066
702.341212 -124.146828
702.341221 -124.507484
702.341231 -125.054672
702.341240 -125.832108
702.341250 -126.895485
702.341260 -128.318512
702.341269 -130.201141
702.341279 -132.659805
702.341288 -135.662689
702.341298 -137.343475
702.341308 -134.949142
702.341317 -132.883728
702.341327 -131.437759
702.341337 -130.515167
702.341346 -130.006332
702.341356 -129.825043
702.341365 -129.804993
702.341375 -129.903198
702.341385 -130.181656
702.341394 -130.608093
702.341404 -131.138199
702.341413 -131.741989
702.341423 -132.410400
702.341433 -133.159027
702.341442 -134.020798
702.341452 -134.993195
702.341462 -136.068878
702.341471 -137.088760
702.341481 -137.356949
702.341490 -136.228836
702.341500 -134.729416
702.341510 -133.210281
702.341519 -131.786438
702.341529 -130.475571
702.341538 -129.271805
702.341548 -128.149261
702.341558 -127.097946
702.341567 -126.123604
702.341577 -125.242004
702.341587 -124.471329
702.341596 -123.827324
702.341606 -123.320969
702.341615 -122.958496
702.341625 -122.741951
702.341635 -122.670570
702.341644 -122.669281
702.341654 -122.742050
702.341663 -122.952866
702.341673 -123.299988
702.341683 -123.782112
702.341692 -124.401031
702.341702 -125.164177
702.341712 -126.087730
702.341721 -127.202927
702.341731 -128.565521
702.341740 -130.273727
702.341750 -132.515732
702.341760 -135.709167
702.341769 -141.057709
702.341779 -142.257736
702.341788 -136.004593
702.341798 -132.380280
702.341808 -129.874771
702.341817 -128.009720
702.341827 -126.574425
702.341837 -125.457840
702.341846 -124.594650
702.341856 -123.943497
702.341865 -123.477112
702.341875 -123.177071
702.341885 -123.031097
702.341894 -123.014160
702.341904 -123.031136
702.341913 -123.169067
702.341923 -123.440926
702.341933 -123.848839
702.341942 -124.392998
702.341952 -125.074821
702.341962 -125.897522
702.341971 -126.866211
702.341981 -127.988846
702.341990 -129.275970
702.342000 -130.741013
702.342010 -132.397995
702.342019 -134.256607
702.342029 -136.307678
702.342038 -138.493423
702.342048 -140.651108
702.342058 -142.485275
702.342067 -143.716980
702.342077 -144.383911
702.342087 -144.787430
702.342096 -145.044296
702.342106 -144.420380
702.342115 -142.725937
702.342125 -140.371170
702.342135 -137.907181
702.342144 -135.623840
702.342154 -133.611374
702.342163 -131.880905
702.342173 -130.420273
702.342183 -129.212555
702.342192 -128.242111
702.342202 -127.495537
702.342212 -126.962151
702.342221 -126.633667
702.342231 -126.504547
702.342240 -126.502136
702.342250 -126.572372
702.342260 -126.837776
702.342269 -127.305580
702.342279 -127.985939
702.342288 -128.895065
702.342298 -130.056351
702.342308 -131.499878
702.342317 -133.258163
702.342327 -135.340927
702.342337 -137.639435
702.342346 -139.650986
702.342356 -139.504593
702.342365 -138.016357
702.342375 -136.558075
702.342385 -135.294250
702.342394 -134.237289
702.342404 -133.389008
702.342413 -132.736649
702.342423 -132.278854
702.342433 -132.018509
702.342442 -131.951599
702.342452 -131.958603
702.342462 -132.096924
702.342471 -132.424026
702.342481 -132.919159
702.342490 -133.549911
702.342500 -134.273087
702.342510 -135.025436
702.342519 -135.722137
702.342529 -136.283478
702.342538 -136.638687
702.342548 -136.634506
702.342558 -136.346207
702.342567 -135.969360
702.342577 -135.587555
702.342587 -135.268372
702.342596 -135.060272
702.342606 -134.992355
702.342615 -134.991547
702.342625 -135.082092
702.342635 -135.332169
702.342644 -135.738571
702.342654 -136.287125
702.342663 -136.954208
702.342673 -137.702621
702.342683 -138.477081
702.342692 -139.165573
702.342702 -139.650177
702.342712 -139.410095
702.342721 -138.593475
702.342731 -137.483780
702.342740 -136.273087
702.342750 -135.094803
702.342760 -134.031555
702.342769 -133.135040
702.342779 -132.418686
702.342788 -131.883850
702.342798 -131.525284
702.342808 -131.335495
702.342817 -131.285751
702.342827 -131.291077
702.342837 -131.423050
702.342846 -131.677689
702.342856 -132.055557
702.342865 -132.540863
702.342875 -133.116959
702.342885 -133.764404
702.342894 -134.459396
702.342904 -135.142075
702.342913 -135.751923
702.342923 -136.179840
702.342933 -135.887024
702.342942 -135.057724
702.342952 -133.937332
702.342962 -132.715912
702.342971 -131.531113
702.342981 -130.458618
702.342990 -129.531006
702.343000 -128.756821
702.343010 -128.132904
702.343019 -127.651276
702.343029 -127.303467
702.343038 -127.083458
702.343048 -126.989464
702.343058 -126.985901
702.343067 -127.024521
702.343077 -127.195503
702.343087 -127.511147
702.343096 -127.978752
702.343106 -128.598053
702.343115 -129.353302
702.343125 -130.200287
702.343135 -131.055191
702.343144 -131.797211
702.343154 -132.311325
702.343163 -132.558167
702.343173 -132.562286
702.343183 -132.526001
702.343192 -132.521545
702.343202 -132.516205
702.343212 -132.428436
702.343221 -132.187683
702.343231 -131.783936
702.343240 -131.282883
702.343250 -130.791840
702.343260 -130.412430
702.343269 -130.217697
702.343279 -130.204666
702.343288 -130.247406
702.343298 -130.482697
702.343308 -130.865814
702.343317 -131.278732
702.343327 -131.248810
702.343337 -130.533585
702.343346 -129.540695
702.343356 -128.517288
702.343365 -127.624374
702.343375 -126.934639
702.343385 -126.468979
702.343394 -126.222115
702.343404 -126.164604
702.343413 -126.173653
702.343423 -126.298203
702.343433 -126.552788
702.343442 -126.888878
702.343452 -127.247284
702.343462 -127.566162
702.343471 -127.795364
702.343481 -127.897034
702.343490 -127.893585
702.343500 -127.851563
702.343510 -127.831947
702.343519 -127.853180
702.343529 -127.952637
702.343538 -128.150497
702.343548 -128.459320
702.343558 -128.868073
702.343567 -129.350494
702.343577 -129.869888
702.343587 -130.388428
702.343596 -130.883423
702.343606 -131.359772
702.343615 -131.854019
702.343625 -132.423523
702.343635 -133.132431
702.343644 -134.035461
702.343654 -135.161407
702.343663 -136.469193
702.343673 -137.747253
702.343683 -138.206314
702.343692 -137.045685
702.343702 -135.603867
702.343712 -134.270309
702.343721 -133.187958
702.343731 -132.389725
702.343740 -131.872406
702.343750 -131.622314
702.343760 -131.581696
702.343769 -131.619995
702.343779 -131.836456
702.343788 -132.225525
702.343798 -132.716644
702.343808 -133.212860
702.343817 -133.610947
702.343827 -133.828186
702.343837 -133.878876
702.343846 -133.819412
702.343856 -133.765152
702.343865 -133.725540
702.343875 -133.705246
702.343885 -133.689743
702.343894 -133.684280
702.343904 -133.686127
702.343913 -133.733704
702.343923 -133.896866
702.343933 -134.252335
702.343942 -134.879044
702.343952 -135.858109
702.343962 -137.270584
702.343971 -139.226959
702.343981 -141.886917
702.343990 -145.482376
702.344000 -150.391098
702.344010 -156.764435
702.344019 -152.189423
702.344029 -146.347031
702.344038 -141.718933
702.344048 -138.051819
702.344058 -135.141876
702.344067 -132.835693
702.344077 -131.020569
702.344087 -129.611908
702.344096 -128.542130
702.344106 -127.752464
702.344115 -127.187340
702.344125 -126.790504
702.344135 -126.505890
702.344144 -126.281891
702.344154 -126.080513
702.344163 -125.884674
702.344173 -125.700348
702.344183 -125.550240
702.344192 -125.463737
702.344202 -125.447639
702.344212 -125.467506
702.344221 -125.570015
702.344231 -125.787086
702.344240 -126.130295
702.344250 -126.600296
702.344260 -127.198433
702.344269 -127.930290
702.344279 -128.809647
702.344288 -129.859024
702.344298 -131.104507
702.344308 -132.553131
702.344317 -134.123657
702.344327 -135.490952
702.344337 -135.375717
702.344346 -134.082153
702.344356 -132.765305
702.344365 -131.720749
702.344375 -131.044983
702.344385 -130.774612
702.344394 -130.770981
702.344404 -130.949463
702.344413 -131.643326
702.344423 -133.011215
702.344433 -135.380997
702.344442 -139.708496
702.344452 -142.699615
702.344462 -135.662003
702.344471 -131.721939
702.344481 -129.084030
702.344490 -127.197502
702.344500 -125.824654
702.344510 -124.841339
702.344519 -124.174072
702.344529 -123.773827
702.344538 -123.602875
702.344548 -123.569069
702.344558 -123.618332
702.344567 -123.800957
702.344577 -124.073547
702.344587 -124.370956
702.344596 -124.586937
702.344606 -124.632111
702.344615 -124.402840
702.344625 -124.082512
702.344635 -123.743958
702.344644 -123.444412
702.344654 -123.217461
702.344663 -123.074860
702.344673 -123.010498
702.344683 -122.987839
702.344692 -123.001221
702.344702 -123.052444
702.344712 -123.122314
702.344721 -123.194267
702.344731 -123.258987
702.344740 -123.318962
702.344750 -123.384613
702.344760 -123.472191
702.344769 -123.604004
702.344779 -123.815063
702.344788 -124.136528
702.344798 -124.601227
702.344808 -125.243736
702.344817 -126.101219
702.344827 -127.207878
702.344837 -128.588028
702.344846 -130.256851
702.344856 -132.103836
702.344865 -133.668427
702.344875 -133.077621
702.344885 -131.496902
702.344894 -129.978088
702.344904 -128.724731
702.344913 -127.752525
702.344923 -127.041451
702.344933 -126.568275
702.344942 -126.303238
702.344952 -126.221527
702.344962 -126.221573
702.344971 -126.301483
702.344981 -126.522850
702.344990 -126.866447
702.345000 -127.314476
702.345010 -127.848755
702.345019 -128.462219
702.345029 -129.149399
702.345038 -129.906540
702.345048 -130.742645
702.345058 -131.659561
702.345067 -132.628586
702.345077 -133.540421
702.345087 -134.110916
702.345096 -133.323029
702.345106 -132.036057
702.345115 -130.601563
702.345125 -129.240234
702.345135 -128.046127
702.345144 -127.047073
702.345154 -126.243599
702.345163 -125.626480
702.345173 -125.183746
702.345183 -124.903198
702.345192 -124.773163
702.345202 -124.762756
702.345212 -124.782616
702.345221 -124.921066
702.345231 -125.178375
702.345240 -125.545670
702.345250 -126.015648
702.345260 -126.583611
702.345269 -127.248634
702.345279 -128.013947
702.345288 -128.886551
702.345298 -129.875320
702.345308 -130.984726
702.345317 -132.204300
702.345327 -133.486847
702.345337 -134.720474
702.345346 -135.716537
702.345356 -136.281616
702.345365 -136.102112
702.345375 -135.676529
702.345385 -135.203461
702.345394 -134.715820
702.345404 -134.205292
702.345413 -133.667099
702.345423 -133.124039
702.345433 -132.627197
702.345442 -132.238953
702.345452 -132.018661
702.345462 -131.993134
702.345471 -132.015533
702.345481 -132.268982
702.345490 -132.809082
702.345500 -133.653702
702.345510 -134.780060
702.345519 -136.035477
702.345529 -136.795563
702.345538 -135.467056
702.345548 -133.643539
702.345558 -131.868683
702.345567 -130.340485
702.345577 -129.101028
702.345587 -128.148270
702.345596 -127.473564
702.345606 -127.070869
702.345615 -126.939529
702.345625 -126.939621
702.345635 -127.084030
702.345644 -127.511917
702.345654 -128.235138
702.345663 -129.269669
702.345673 -130.633728
702.345683 -132.346375
702.345692 -134.416931
702.345702 -136.816727
702.345712 -139.371841
702.345721 -141.478226
702.345731 -140.771240
702.345740 -138.777817
702.345750 -136.787140
702.345760 -135.065918
702.345769 -133.699387
702.345779 -132.722717
702.345788 -132.159805
702.345798 -132.026642
702.345808 -132.041046
702.345817 -132.414764
702.345827 -133.352692
702.345837 -134.931580
702.345846 -137.010239
702.345856 -136.446274
702.345865 -133.402603
702.345875 -130.730362
702.345885 -128.645126
702.345894 -127.056641
702.345904 -125.867035
702.345913 -125.003326
702.345923 -124.413811
702.345933 -124.061646
702.345942 -123.920578
702.345952 -123.915924
702.345962 -123.972176
702.345971 -124.203285
702.345981 -124.605133
702.345990 -125.172379
702.346000 -125.901161
702.346010 -126.788132
702.346019 -127.826736
702.346029 -129.002518
702.346038 -130.281372
702.346048 -131.587250
702.346058 -132.761597
702.346067 -133.533295
702.346077 -132.914902
702.346087 -131.696350
702.346096 -130.270645
702.346106 -128.857742
702.346115 -127.573509
702.346125 -126.473732
702.346135 -125.584641
702.346144 -124.918854
702.346154 -124.482491
702.346163 -124.278816
702.346173 -124.263008
702.346183 -124.309906
702.346192 -124.575111
702.346202 -125.076553
702.346212 -125.814835
702.346221 -126.788498
702.346231 -127.991470
702.346240 -129.404526
702.346250 -130.976257
702.346260 -132.580185
702.346269 -133.956238
702.346279 -134.713211
702.346288 -134.070892
702.346298 -133.159912
702.346308 -132.229462
702.346317 -131.396545
702.346327 -130.705093
702.346337 -130.163651
702.346346 -129.772934
702.346356 -129.534424
702.346365 -129.442841
702.346375 -129.441360
702.346385 -129.491653
702.346394 -129.671310
702.346404 -129.965027
702.346413 -130.341461
702.346423 -130.742783
702.346433 -131.073303
702.346442 -131.032104
702.346452 -130.527740
702.346462 -129.780777
702.346471 -128.931839
702.346481 -128.106323
702.346490 -127.389359
702.346500 -126.829529
702.346510 -126.451981
702.346519 -126.266655
702.346529 -126.252457
702.346538 -126.274467
702.346548 -126.467400
702.346558 -126.828186
702.346567 -127.326012
702.346577 -127.912773
702.346587 -128.519958
702.346596 -129.065735
702.346606 -129.475922
702.346615 -129.714722
702.346625 -129.790314
702.346635 -129.757568
702.346644 -129.754059
702.346654 -129.762711
702.346663 -129.850037
702.346673 -130.087204
702.346683 -130.525818
702.346692 -131.227585
702.346702 -132.270767
702.346712 -133.751450
702.346721 -135.745667
702.346731 -138.047058
702.346740 -137.822479
702.346750 -135.352554
702.346760 -133.252487
702.346769 -131.752914
702.346779 -130.814575
702.346788 -130.389252
702.346798 -130.339951
702.346808 -130.461884
702.346817 -131.059616
702.346827 -132.271683
702.346837 -134.307800
702.346846 -137.694183
702.346856 -144.260269
702.346865 -141.586594
702.346875 -136.538116
702.346885 -133.749466
702.346894 -132.059631
702.346904 -131.071136
702.346913 -130.591171
702.346923 -130.500427
702.346933 -130.513657
702.346942 -130.738052
702.346952 -131.127502
702.346962 -131.467468
702.346971 -130.959915
702.346981 -129.962509
702.346990 -128.705627
702.347000 -127.390503
702.347010 -126.129349
702.347019 -124.968712
702.347029 -123.922836
702.347038 -122.993538
702.347048 -122.178558
702.347058 -121.474602
702.347067 -120.878052
702.347077 -120.385422
702.347087 -119.993774
702.347096 -119.701515
702.347106 -119.508987
702.347115 -119.418907
702.347125 -119.413429
702.347135 -119.436218
702.347144 -119.567245
702.347154 -119.818329
702.347163 -120.194427
702.347173 -120.696960
702.347183 -121.321350
702.347192 -122.054214
702.347202 -122.870842
702.347212 -123.732422
702.347221 -124.585922
702.347231 -125.365486
702.347240 -125.996582
702.347250 -126.393089
702.347260 -126.387100
702.347269 -126.026619
702.347279 -125.530113
702.347288 -124.995789
702.347298 -124.507729
702.347308 -124.125549
702.347317 -123.883415
702.347327 -123.789024
702.347337 -123.788200
702.347346 -123.849075
702.347356 -124.048546
702.347365 -124.361160
702.347375 -124.751114
702.347385 -125.175415
702.347394 -125.589088
702.347404 -125.951775
702.347413 -126.235229
702.347423 -126.428406
702.347433 -126.538834
702.347442 -126.589027
702.347452 -126.611565
702.347462 -126.642845
702.347471 -126.718506
702.347481 -126.869881
702.347490 -127.123383
702.347500 -127.499992
702.347510 -128.017120
702.347519 -128.689438
702.347529 -129.530655
702.347538 -130.553131
702.347548 -131.766281
702.347558 -133.168167
702.347567 -134.727783
702.347577 -136.348099
702.347587 -137.819138
702.347596 -138.828171
702.347606 -138.732956
702.347615 -137.753235
702.347625 -136.335220
702.347635 -134.651306
702.347644 -132.854095
702.347654 -131.086502
702.347663 -129.449280
702.347673 -127.997284
702.347683 -126.751633
702.347692 -125.710342
702.347702 -124.852127
702.347712 -124.163834
702.347721 -123.615486
702.347731 -123.172783
702.347740 -122.801430
702.347750 -122.474228
702.347760 -122.177765
702.347769 -121.916878
702.347779 -121.713257
702.347788 -121.599586
702.347798 -121.590630
702.347808 -121.612778
702.347817 -121.788589
702.347827 -122.146492
702.347837 -122.726257
702.347846 -123.555397
702.347856 -124.655426
702.347865 -126.037544
702.347875 -127.682602
702.347885 -129.489059
702.347894 -131.182892
702.347904 -132.318558
702.347913 -132.485062
702.347923 -132.273224
702.347933 -132.220169
702.347942 -132.309921
702.347952 -132.730011
702.347962 -133.586426
702.347971 -134.972626
702.347981 -137.049866
702.347990 -140.111725
702.348000 -144.524963
702.348010 -142.568039
702.348019 -138.587463
702.348029 -135.868469
702.348038 -134.027008
702.348048 -132.872162
702.348058 -132.348373
702.348067 -132.320343
702.348077 -132.489960
702.348087 -133.403183
702.348096 -135.196976
702.348106 -136.085876
702.348115 -132.215424
702.348125 -128.722656
702.348135 -126.054817
702.348144 -124.058586
702.348154 -122.587326
702.348163 -121.537766
702.348173 -120.834358
702.348183 -120.414764
702.348192 -120.220444
702.348202 -120.186333
702.348212 -120.191147
702.348221 -120.264870
702.348231 -120.384430
702.348240 -120.511795
702.348250 -120.641296
702.348260 -120.804733
702.348269 -121.065292
702.348279 -121.508072
702.348288 -122.237221
702.348298 -123.386566
702.348308 -125.145744
702.348317 -127.776939
702.348327 -131.169998
702.348337 -127.866447
702.348346 -124.389381
702.348356 -121.909721
702.348365 -120.200195
702.348375 -119.088890
702.348385 -118.463760
702.348394 -118.284218
702.348404 -118.284355
702.348413 -118.525581
702.348423 -119.158379
702.348433 -120.134056
702.348442 -121.306076
702.348452 -122.318748
702.348462 -122.175224
702.348471 -121.295601
702.348481 -120.503571
702.348490 -120.058609
702.348500 -119.984924
702.348510 -120.084778
702.348519 -120.679382
702.348529 -121.984322
702.348538 -124.246063
702.348548 -127.657722
702.348558 -125.551239
702.348567 -121.475296
702.348577 -118.503700
702.348587 -116.328156
702.348596 -114.707230
702.348606 -113.493874
702.348615 -112.593750
702.348625 -111.941444
702.348635 -111.488899
702.348644 -111.199898
702.348654 -111.047844
702.348663 -111.007813
702.348673 -111.011024
702.348683 -111.091682
702.348692 -111.275658
702.348702 -111.569412
702.348712 -111.966286
702.348721 -112.482346
702.348731 -113.115578
702.348740 -113.847099
702.348750 -114.624222
702.348760 -115.337090
702.348769 -115.808182
702.348779 -115.375145
702.348788 -114.497795
702.348798 -113.403099
702.348808 -112.247215
702.348817 -111.120407
702.348827 -110.064735
702.348837 -109.096603
702.348846 -108.221138
702.348856 -107.439217
702.348865 -106.750282
702.348875 -106.152954
702.348885 -105.644775
702.348894 -105.221710
702.348904 -104.877747
702.348913 -104.604729
702.348923 -104.392700
702.348933 -104.230453
702.348942 -104.106621
702.348952 -104.010864
702.348962 -103.935242
702.348971 -103.875229
702.348981 -103.830322
702.348990 -103.803886
702.349000 -103.799950
702.349010 -103.802399
702.349019 -103.834068
702.349029 -103.907486
702.349038 -104.030556
702.349048 -104.210091
702.349058 -104.452232
702.349067 -104.763504
702.349077 -105.151886
702.349087 -105.626816
702.349096 -106.195923
702.349106 -106.855408
702.349115 -107.568718
702.349125 -108.230469
702.349135 -108.546150
702.349144 -107.875717
702.349154 -106.799416
702.349163 -105.584946
702.349173 -104.426476
702.349183 -103.422012
702.349192 -102.609184
702.349202 -101.995903
702.349212 -101.576637
702.349221 -101.339951
702.349231 -101.271286
702.349240 -101.271683
702.349250 -101.356514
702.349260 -101.577797
702.349269 -101.918953
702.349279 -102.363518
702.349288 -102.895462
702.349298 -103.492599
702.349308 -104.142426
702.349317 -104.831268
702.349327 -105.542763
702.349337 -106.260971
702.349346 -106.973007
702.349356 -107.673042
702.349365 -108.365540
702.349375 -109.065338
702.349385 -109.793304
702.349394 -110.567818
702.349404 -111.376045
702.349413 -112.228561
702.349423 -113.100639
702.349433 -113.963684
702.349442 -114.812469
702.349452 -115.694717
702.349462 -116.726166
702.349471 -118.091225
702.349481 -120.004593
702.349490 -122.822342
702.349500 -126.445587
702.349510 -122.469734
702.349519 -119.032402
702.349529 -116.635590
702.349538 -114.998337
702.349548 -113.928871
702.349558 -113.305534
702.349567 -113.049545
702.349577 -113.037468
702.349587 -113.107262
702.349596 -113.423569
702.349606 -113.938339
702.349615 -114.578873
702.349625 -115.258194
702.349635 -115.886238
702.349644 -116.395447
702.349654 -116.766815
702.349663 -117.033752
702.349673 -117.260376
702.349683 -117.513969
702.349692 -117.848709
702.349702 -118.299240
702.349712 -118.876091
702.349721 -119.555153
702.349731 -120.260796
702.349740 -120.857628
702.349750 -121.191795
702.349760 -120.966660
702.349769 -120.685234
702.349779 -120.527611
702.349788 -120.522293
702.349798 -120.604500
702.349808 -120.959290
702.349817 -121.636063
702.349827 -122.583488
702.349837 -123.613152
702.349846 -124.283051
702.349856 -123.538704
702.349865 -122.521996
702.349875 -121.602432
702.349885 -120.937035
702.349894 -120.562325
702.349904 -120.448341
702.349913 -120.439796
702.349923 -120.602829
702.349933 -120.926445
702.349942 -121.367958
702.349952 -121.854271
702.349962 -122.321411
702.349971 -122.736000
702.349981 -123.109016
702.349990 -123.489105
702.350000 -123.942581
702.350010 -124.535789
702.350019 -125.328972
702.350029 -126.381454
702.350038 -127.765495
702.350048 -129.593063
702.350058 -132.065948
702.350067 -135.555084
702.350077 -139.643173
702.350087 -134.728897
702.350096 -130.930725
702.350106 -128.139420
702.350115 -125.993500
702.350125 -124.322495
702.350135 -123.021141
702.350144 -122.032425
702.350154 -121.324852
702.350163 -120.882004
702.350173 -120.697578
702.350183 -120.691719
702.350192 -120.773834
702.350202 -121.119972
702.350212 -121.754135
702.350221 -122.705444
702.350231 -124.017738
702.350240 -125.754654
702.350250 -128.001999
702.350260 -130.837326
702.350269 -134.095581
702.350279 -136.293488
702.350288 -135.059372
702.350298 -134.351334
702.350308 -134.312424
702.350317 -134.545151
702.350327 -135.814636
702.350337 -138.616043
702.350346 -144.707504
702.350356 -141.433365
702.350365 -136.262695
702.350375 -133.329391
702.350385 -131.490021
702.350394 -130.329056
702.350404 -129.622253
702.350413 -129.211487
702.350423 -128.959595
702.350433 -128.741028
702.350442 -128.456833
702.350452 -128.057724
702.350462 -127.549637
702.350471 -126.972534
702.350481 -126.371742
702.350490 -125.766144
702.350500 -125.191429
702.350510 -124.667580
702.350519 -124.208321
702.350529 -123.830772
702.350538 -123.555756
702.350548 -123.406982
702.350558 -123.392136
702.350567 -123.407982
702.350577 -123.579140
702.350587 -123.932610
702.350596 -124.464401
702.350606 -125.137650
702.350615 -125.856659
702.350625 -126.446045
702.350635 -126.492027
702.350644 -125.946861
702.350654 -125.273193
702.350663 -124.652237
702.350673 -124.184502
702.350683 -123.908806
702.350692 -123.813156
702.350702 -123.808151
702.350712 -123.892242
702.350721 -124.122650
702.350731 -124.468681
702.350740 -124.894730
702.350750 -125.372246
702.350760 -125.888687
702.350769 -126.453178
702.350779 -127.097115
702.350788 -127.869583
702.350798 -128.831604
702.350808 -130.047775
702.350817 -131.565506
702.350827 -133.327087
702.350837 -134.878815
702.350846 -133.636154
702.350856 -131.524399
702.350865 -129.562805
702.350875 -127.953293
702.350885 -126.703316
702.350894 -125.784607
702.350904 -125.169662
702.350913 -124.831848
702.350923 -124.740501
702.350933 -124.743355
702.350942 -124.897041
702.350952 -125.259949
702.350962 -125.777122
702.350971 -126.359154
702.350981 -126.882797
702.350990 -127.225693
702.351000 -127.265244
702.351010 -127.140907
702.351019 -127.085739
702.351029 -127.086296
702.351038 -127.189026
702.351048 -127.487534
702.351058 -127.952225
702.351067 -128.559341
702.351077 -129.186142
702.351087 -129.629410
702.351096 -129.440720
702.351106 -128.875458
702.351115 -128.229843
702.351125 -127.636711
702.351135 -127.156479
702.351144 -126.799103
702.351154 -126.545433
702.351163 -126.362854
702.351173 -126.215858
702.351183 -126.076515
702.351192 -125.931259
702.351202 -125.785004
702.351212 -125.658333
702.351221 -125.581528
702.351231 -125.556129
702.351240 -125.584198
702.351250 -125.707878
702.351260 -125.966698
702.351269 -126.380966
702.351279 -126.943237
702.351288 -127.637787
702.351298 -128.417511
702.351308 -129.172363
702.351317 -129.732101
702.351327 -129.691025
702.351337 -129.140991
702.351346 -128.452164
702.351356 -127.769875
702.351365 -127.178024
702.351375 -126.709564
702.351385 -126.378944
702.351394 -126.193550
702.351404 -126.143242
702.351413 -126.146370
702.351423 -126.236305
702.351433 -126.450325
702.351442 -126.781876
702.351452 -127.219147
702.351462 -127.744308
702.351471 -128.326950
702.351481 -128.916977
702.351490 -129.437653
702.351500 -129.791412
702.351510 -129.698013
702.351519 -129.262619
702.351529 -128.679489
702.351538 -128.047638
702.351548 -127.427864
702.351558 -126.864586
702.351567 -126.384293
702.351577 -125.984497
702.351587 -125.650566
702.351596 -125.361069
702.351606 -125.092422
702.351615 -124.824295
702.351625 -124.544510
702.351635 -124.252632
702.351644 -123.958870
702.351654 -123.680611
702.351663 -123.436333
702.351673 -123.240166
702.351683 -123.098335
702.351692 -122.991463
702.351702 -122.924683
702.351712 -122.881310
702.351721 -122.843521
702.351731 -122.797882
702.351740 -122.740685
702.351750 -122.678337
702.351760 -122.625275
702.351769 -122.596466
702.351779 -122.588936
702.351788 -122.612671
702.351798 -122.676224
702.351808 -122.782669
702.351817 -122.928925
702.351827 -123.108521
702.351837 -123.308365
702.351846 -123.517136
702.351856 -123.728729
702.351865 -123.943741
702.351875 -124.168442
702.351885 -124.412117
702.351894 -124.683540
702.351904 -124.987953
702.351913 -125.325363
702.351923 -125.689713
702.351933 -126.069572
702.351942 -126.450424
702.351952 -126.818344
702.351962 -127.165016
702.351971 -127.492340
702.351981 -127.814911
702.351990 -128.156189
702.352000 -128.536423
702.352010 -129.001312
702.352019 -129.583939
702.352029 -130.314987
702.352038 -131.228195
702.352048 -132.366608
702.352058 -133.794098
702.352067 -135.596634
702.352077 -137.815887
702.352087 -139.998871
702.352096 -137.826508
702.352106 -134.968231
702.352115 -132.572662
702.352125 -130.706253
702.352135 -129.301132
702.352144 -128.296051
702.352154 -127.651917
702.352163 -127.348434
702.352173 -127.309967
702.352183 -127.381897
702.352192 -127.763794
702.352202 -128.521637
702.352212 -129.692139
702.352221 -131.371658
702.352231 -133.674545
702.352240 -136.640915
702.352250 -139.223724
702.352260 -136.784637
702.352269 -134.578445
702.352279 -133.040039
702.352288 -132.071564
702.352298 -131.552567
702.352308 -131.392242
702.352317 -131.392090
702.352327 -131.519791
702.352337 -131.872223
702.352346 -132.384720
702.352356 -132.982544
702.352365 -133.575150
702.352375 -134.061844
702.352385 -134.349503
702.352394 -134.176514
702.352404 -133.782837
702.352413 -133.287704
702.352423 -132.772034
702.352433 -132.300980
702.352442 -131.923203
702.352452 -131.670029
702.352462 -131.572708
702.352471 -131.570297
702.352481 -131.656204
702.352490 -131.943344
702.352500 -132.462692
702.352510 -133.253693
702.352519 -134.377914
702.352529 -135.937363
702.352538 -138.121033
702.352548 -141.318619
702.352558 -146.390823
702.352567 -144.914383
702.352577 -140.154526
702.352587 -137.006088
702.352596 -134.712845
702.352606 -132.925751
702.352615 -131.463043
702.352625 -130.217636
702.352635 -129.124359
702.352644 -128.144821
702.352654 -127.261787
702.352663 -126.472519
702.352673 -125.784332
702.352683 -125.208946
702.352692 -124.755531
702.352702 -124.431458
702.352712 -124.252068
702.352721 -124.215919
702.352731 -124.223053
702.352740 -124.347008
702.352750 -124.623405
702.352760 -125.048294
702.352769 -125.612732
702.352779 -126.300163
702.352788 -127.082565
702.352798 -127.917137
702.352808 -128.747849
702.352817 -129.516418
702.352827 -130.185120
702.352837 -130.758209
702.352846 -131.283951
702.352856 -131.832947
702.352865 -132.462128
702.352875 -133.159775
702.352885 -133.914474
702.352894 -134.578720
702.352904 -134.735031
702.352913 -134.089722
702.352923 -133.214478
702.352933 -132.337799
702.352942 -131.596191
702.352952 -131.052048
702.352962 -130.730103
702.352971 -130.631149
702.352981 -130.629074
702.352990 -130.780487
702.353000 -131.152130
702.353010 -131.737289
702.353019 -132.483841
702.353029 -133.261673
702.353038 -133.798294
702.353048 -133.253738
702.353058 -132.244827
702.353067 -131.127518
702.353077 -130.099167
702.353087 -129.244736
702.353096 -128.580612
702.353106 -128.094727
702.353115 -127.787285
702.353125 -127.642380
702.353135 -127.631516
702.353144 -127.650101
702.353154 -127.810844
702.353163 -128.138199
702.353173 -128.662476
702.353183 -129.433365
702.353192 -130.527725
702.353202 -132.067078
702.353212 -134.266174
702.353221 -137.577469
702.353231 -143.271118
702.353240 -142.863037
702.353250 -137.737427
702.353260 -134.842773
702.353269 -133.055923
702.353279 -131.984528
702.353288 -131.463120
702.353298 -131.389023
702.353308 -131.425369
702.353317 -131.864670
702.353327 -132.822052
702.353337 -134.383514
702.353346 -136.605286
702.353356 -138.731552
702.353365 -135.774551
702.353375 -132.725159
702.353385 -130.281784
702.353394 -128.382492
702.353404 -126.908157
702.353413 -125.770477
702.353423 -124.908646
702.353433 -124.280304
702.353442 -123.854134
702.353452 -123.605583
702.353462 -123.512993
702.353471 -123.511307
702.353481 -123.556267
702.353490 -123.714272
702.353500 -123.965378
702.353510 -124.287071
702.353519 -124.657547
702.353529 -125.057251
702.353538 -125.472099
702.353548 -125.895325
702.353558 -126.329872
702.353567 -126.787575
702.353577 -127.288513
702.353587 -127.858246
702.353596 -128.526047
702.353606 -129.322983
702.353615 -130.281219
702.353625 -131.431244
702.353635 -132.792755
702.353644 -134.341202
702.353654 -135.906433
702.353663 -136.888229
702.353673 -135.618530
702.353683 -133.871201
702.353692 -132.141556
702.353702 -130.597137
702.353712 -129.262329
702.353721 -128.109268
702.353731 -127.133133
702.353740 -126.308701
702.353750 -125.612724
702.353760 -125.023415
702.353769 -124.520195
702.353779 -124.084343
702.353788 -123.700310
702.353798 -123.357140
702.353808 -123.049934
702.353817 -122.779243
702.353827 -122.549759
702.353837 -122.367256
702.353846 -122.235710
702.353856 -122.153564
702.353865 -122.104607
702.353875 -122.075813
702.353885 -122.066933
702.353894 -122.058540
702.353904 -122.027954
702.353913 -121.955360
702.353923 -121.864067
702.353933 -121.777946
702.353942 -121.724129
702.353952 -121.703751
702.353962 -121.726479
702.353971 -121.820061
702.353981 -122.013443
702.353990 -122.327118
702.354000 -122.775085
702.354010 -123.368149
702.354019 -124.110764
702.354029 -124.992180
702.354038 -125.967773
702.354048 -126.930183
702.354058 -127.690254
702.354067 -127.900787
702.354077 -127.430191
702.354087 -126.863892
702.354096 -126.388924
702.354106 -126.113121
702.354115 -126.064606
702.354125 -126.091843
702.354135 -126.349327
702.354144 -126.900703
702.354154 -127.766525
702.354163 -128.946198
702.354173 -130.401230
702.354183 -131.984695
702.354192 -133.321915
702.354202 -133.429550
702.354212 -132.444366
702.354221 -131.357910
702.354231 -130.374512
702.354240 -129.533844
702.354250 -128.858536
702.354260 -128.346542
702.354269 -127.994781
702.354279 -127.804512
702.354288 -127.767715
702.354298 -127.777893
702.354308 -127.902802
702.354317 -128.182007
702.354327 -128.603012
702.354337 -129.142746
702.354346 -129.767563
702.354356 -130.431580
702.354365 -131.078537
702.354375 -131.644485
702.354385 -132.067245
702.354394 -132.298553
702.354404 -132.140533
702.354413 -131.812332
702.354423 -131.399780
702.354433 -130.973267
702.354442 -130.596268
702.354452 -130.320435
702.354462 -130.185822
702.354471 -130.178452
702.354481 -130.222427
702.354490 -130.451370
702.354500 -130.882950
702.354510 -131.507141
702.354519 -132.266449
702.354529 -133.004822
702.354538 -133.219620
702.354548 -132.358261
702.354558 -131.140793
702.354567 -129.884247
702.354577 -128.767349
702.354587 -127.858978
702.354596 -127.173737
702.354606 -126.701065
702.354615 -126.419128
702.354625 -126.298225
702.354635 -126.290176
702.354644 -126.303482
702.354654 -126.395515
702.354663 -126.535049
702.354673 -126.688232
702.354683 -126.833664
702.354692 -126.965919
702.354702 -127.095345
702.354712 -127.242554
702.354721 -127.431343
702.354731 -127.682816
702.354740 -128.011337
702.354750 -128.422440
702.354760 -128.911118
702.354769 -129.460770
702.354779 -130.041824
702.354788 -130.607071
702.354798 -131.105850
702.354808 -131.481430
702.354817 -131.682236
702.354827 -131.480911
702.354837 -131.113205
702.354846 -130.633408
702.354856 -130.101059
702.354865 -129.567780
702.354875 -129.071823
702.354885 -128.632248
702.354894 -128.264008
702.354904 -127.970657
702.354913 -127.748535
702.354923 -127.591133
702.354933 -127.491974
702.354942 -127.446945
702.354952 -127.444283
702.354962 -127.455879
702.354971 -127.523445
702.354981 -127.658836
702.354990 -127.875412
702.355000 -128.189575
702.355010 -128.619995
702.355019 -129.187927
702.355029 -129.917816
702.355038 -130.840271
702.355048 -131.997116
702.355058 -133.439896
702.355067 -135.255661
702.355077 -137.570847
702.355087 -140.447876
702.355096 -142.682709
702.355106 -139.812393
702.355115 -137.095703
702.355125 -135.013474
702.355135 -133.486633
702.355144 -132.418152
702.355154 -131.747711
702.355163 -131.446167
702.355173 -131.422150
702.355183 -131.510178
702.355192 -131.960938
702.355202 -132.853729
702.355212 -134.301956
702.355221 -136.540024
702.355231 -140.097656
702.355240 -145.994461
702.355250 -139.592010
702.355260 -135.418579
702.355269 -132.556305
702.355279 -130.434265
702.355288 -128.792557
702.355298 -127.496727
702.355308 -126.470657
702.355317 -125.668716
702.355327 -125.062225
702.355337 -124.632423
702.355346 -124.362091
702.355356 -124.239441
702.355365 -124.231552
702.355375 -124.253510
702.355385 -124.387268
702.355394 -124.616341
702.355404 -124.906410
702.355413 -125.211830
702.355423 -125.480095
702.355433 -125.663589
702.355442 -125.713058
702.355452 -125.633423
702.355462 -125.560349
702.355471 -125.548126
702.355481 -125.557289
702.355490 -125.679832
702.355500 -125.974251
702.355510 -126.480621
702.355519 -127.238235
702.355529 -128.290619
702.355538 -129.680954
702.355548 -131.461029
702.355558 -133.678101
702.355567 -136.181931
702.355577 -137.889206
702.355587 -136.226913
702.355596 -134.523636
702.355606 -133.244873
702.355615 -132.426300
702.355625 -132.019882
702.355635 -131.971695
702.355644 -132.015884
702.355654 -132.405685
702.355663 -133.206345
702.355673 -134.462204
702.355683 -136.235931
702.355692 -138.519806
702.355702 -140.725449
702.355712 -138.607040
702.355721 -136.018341
702.355731 -133.859909
702.355740 -132.158813
702.355750 -130.828171
702.355760 -129.793503
702.355769 -129.011810
702.355779 -128.440796
702.355788 -128.045685
702.355798 -127.793205
702.355808 -127.649155
702.355817 -127.576706
702.355827 -127.538124
702.355837 -127.503342
702.355846 -127.446037
702.355856 -127.357895
702.355865 -127.244728
702.355875 -127.123405
702.355885 -127.017784
702.355894 -126.953056
702.355904 -126.939995
702.355913 -126.953880
702.355923 -127.042770
702.355933 -127.240280
702.355942 -127.566246
702.355952 -128.041397
702.355962 -128.689728
702.355971 -129.543594
702.355981 -130.647659
702.355990 -132.051254
702.356000 -133.846603
702.356010 -136.085358
702.356019 -138.439209
702.356029 -137.347153
702.356038 -134.686890
702.356048 -132.399582
702.356058 -130.613174
702.356067 -129.257339
702.356077 -128.254990
702.356087 -127.544876
702.356096 -127.079529
702.356106 -126.820190
702.356115 -126.734375
702.356125 -126.734077
702.356135 -126.793083
702.356144 -126.968033
702.356154 -127.222237
702.356163 -127.504898
702.356173 -127.765266
702.356183 -127.886345
702.356192 -127.600235
702.356202 -127.072327
702.356212 -126.376923
702.356221 -125.614204
702.356231 -124.871803
702.356240 -124.210075
702.356250 -123.664223
702.356260 -123.246811
702.356269 -122.977692
702.356279 -122.862907
702.356288 -122.858948
702.356298 -122.908615
702.356308 -123.121780
702.356317 -123.500023
702.356327 -124.057777
702.356337 -124.796562
702.356346 -125.699188
702.356356 -126.705681
702.356365 -127.677101
702.356375 -128.382080
702.356385 -128.304291
702.356394 -127.711731
702.356404 -127.064835
702.356413 -126.519073
702.356423 -126.139320
702.356433 -125.931648
702.356442 -125.852600
702.356452 -125.826111
702.356462 -125.843109
702.356471 -125.828262
702.356481 -125.625000
702.356490 -125.283783
702.356500 -124.855522
702.356510 -124.416000
702.356519 -124.037292
702.356529 -123.774590
702.356538 -123.665565
702.356548 -123.654129
702.356558 -123.735641
702.356567 -124.002037
702.356577 -124.478683
702.356587 -125.178711
702.356596 -126.115837
702.356606 -127.303909
702.356615 -128.752731
702.356625 -130.452148
702.356635 -132.324127
702.356644 -134.108521
702.356654 -135.255081
702.356663 -134.398102
702.356673 -133.199020
702.356683 -132.008560
702.356692 -130.948135
702.356702 -130.060806
702.356712 -129.335220
702.356721 -128.755554
702.356731 -128.306046
702.356740 -127.970490
702.356750 -127.732559
702.356760 -127.576019
702.356769 -127.488068
702.356779 -127.462029
702.356788 -127.462257
702.356798 -127.502159
702.356808 -127.622032
702.356817 -127.846970
702.356827 -128.210617
702.356837 -128.753326
702.356846 -129.521851
702.356856 -130.571350
702.356865 -131.970749
702.356875 -133.812195
702.356885 -136.224075
702.356894 -139.361404
702.356904 -143.136551
702.356913 -144.471237
702.356923 -142.545822
702.356933 -141.418915
702.356942 -141.147583
702.356952 -141.162720
702.356962 -141.728592
702.356971 -143.192078
702.356981 -145.914825
702.356990 -151.286102
702.357000 -150.451462
702.357010 -144.019287
702.357019 -140.166245
702.357029 -137.417236
702.357038 -135.329071
702.357048 -133.721863
702.357058 -132.512466
702.357067 -131.663971
702.357077 -131.166031
702.357087 -131.026184
702.357096 -131.030121
702.357106 -131.291382
702.357115 -132.018784
702.357125 -133.342697
702.357135 -135.522232
702.357144 -139.120422
702.357154 -143.517334
702.357163 -137.594696
702.357173 -133.832870
702.357183 -131.344147
702.357192 -129.627594
702.357202 -128.452301
702.357212 -127.696106
702.357221 -127.282730
702.357231 -127.163780
702.357240 -127.164452
702.357250 -127.311119
702.357260 -127.702759
702.357269 -128.323044
702.357279 -129.155090
702.357288 -130.187363
702.357298 -131.373810
702.357308 -132.594818
702.357317 -133.599640
702.357327 -133.736435
702.357337 -132.889587
702.357346 -131.839005
702.357356 -130.813751
702.357365 -129.911194
702.357375 -129.156326
702.357385 -128.533234
702.357394 -128.039307
702.357404 -127.662018
702.357413 -127.392136
702.357423 -127.228561
702.357433 -127.175545
702.357442 -127.174835
702.357452 -127.262985
702.357462 -127.505409
702.357471 -127.942543
702.357481 -128.610855
702.357490 -129.574966
702.357500 -130.920288
702.357510 -132.762619
702.357519 -135.243103
702.357529 -138.295807
702.357538 -138.412415
702.357548 -135.468567
702.357558 -133.086014
702.357567 -131.327286
702.357577 -130.048172
702.357587 -129.132050
702.357596 -128.498184
702.357606 -128.091187
702.357615 -127.872711
702.357625 -127.815399
702.357635 -127.816635
702.357644 -127.905533
702.357654 -128.126877
702.357663 -128.471558
702.357673 -128.930649
702.357683 -129.493317
702.357692 -130.145172
702.357702 -130.868317
702.357712 -131.643265
702.357721 -132.453171
702.357731 -133.288391
702.357740 -134.145309
702.357750 -134.978256
702.357760 -135.765472
702.357769 -136.392181
702.357779 -136.470352
702.357788 -135.825974
702.357798 -134.950180
702.357808 -134.055496
702.357817 -133.269226
702.357827 -132.639282
702.357837 -132.161194
702.357846 -131.800446
702.357856 -131.508423
702.357865 -131.240311
702.357875 -130.971146
702.357885 -130.706696
702.357894 -130.479111
702.357904 -130.334778
702.357913 -130.302490
702.357923 -130.318909
702.357933 -130.458588
702.357942 -130.759842
702.357952 -131.232712
702.357962 -131.839737
702.357971 -132.503479
702.357981 -133.112808
702.357990 -133.559921
702.358000 -133.808014
702.358010 -133.920837
702.358019 -134.017670
702.358029 -134.194916
702.358038 -134.418045
702.358048 -134.575058
702.358058 -134.042465
702.358067 -133.011429
702.358077 -131.714233
702.358087 -130.408340
702.358096 -129.249969
702.358106 -128.304214
702.358115 -127.571144
702.358125 -127.052437
702.358135 -126.725082
702.358144 -126.551567
702.358154 -126.483315
702.358163 -126.463272
702.358173 -126.432396
702.358183 -126.344376
702.358192 -126.180031
702.358202 -125.954124
702.358212 -125.706696
702.358221 -125.487823
702.358231 -125.343712
702.358240 -125.307114
702.358250 -125.311058
702.358260 -125.415909
702.358269 -125.675667
702.358279 -126.095940
702.358288 -126.685585
702.358298 -127.453293
702.358308 -128.399963
702.358317 -129.522171
702.358327 -130.806091
702.358337 -132.216797
702.358346 -133.675156
702.358356 -135.028107
702.358365 -136.038895
702.358375 -136.217941
702.358385 -135.378616
702.358394 -134.100784
702.358404 -132.557434
702.358413 -130.917816
702.358423 -129.305374
702.358433 -127.813499
702.358442 -126.504532
702.358452 -125.417213
702.358462 -124.574944
702.358471 -123.993141
702.358481 -123.684158
702.358490 -123.639160
702.358500 -123.661728
702.358510 -123.943008
702.358519 -124.551628
702.358529 -125.520973
702.358538 -126.896439
702.358548 -128.729889
702.358558 -131.035782
702.358567 -133.573471
702.358577 -134.964508
702.358587 -133.545151
702.358596 -132.252121
702.358606 -131.426834
702.358615 -131.083649
702.358625 -131.069489
702.358635 -131.188721
702.358644 -131.724731
702.358654 -132.709747
702.358663 -134.209824
702.358673 -136.340744
702.358683 -139.128540
702.358692 -139.910629
702.358702 -136.610184
702.358712 -133.778290
702.358721 -131.622101
702.358731 -130.009872
702.358740 -128.831436
702.358750 -128.015778
702.358760 -127.511932
702.358769 -127.302261
702.358779 -127.285324
702.358788 -127.370918
702.358798 -127.704277
702.358808 -128.280075
702.358817 -129.044617
702.358827 -129.870209
702.358837 -130.498932
702.358846 -130.146637
702.358856 -129.203644
702.358865 -128.125778
702.358875 -127.125565
702.358885 -126.301949
702.358894 -125.690117
702.358904 -125.297363
702.358913 -125.120232
702.358923 -125.106094
702.358933 -125.144501
702.358942 -125.350250
702.358952 -125.723251
702.358962 -126.224068
702.358971 -126.791557
702.358981 -127.341843
702.358990 -127.785225
702.359000 -128.060928
702.359010 -128.169861
702.359019 -128.141678
702.359029 -128.138382
702.359038 -128.147156
702.359048 -128.209030
702.359058 -128.333588
702.359067 -128.517700
702.359077 -128.737381
702.359087 -128.971161
702.359096 -129.208893
702.359106 -129.453125
702.359115 -129.713684
702.359125 -129.997589
702.359135 -130.298233
702.359144 -130.585922
702.359154 -130.794708
702.359163 -130.713776
702.359173 -130.294876
702.359183 -129.645065
702.359192 -128.844818
702.359202 -127.987579
702.359212 -127.150551
702.359221 -126.386589
702.359231 -125.726479
702.359240 -125.186005
702.359250 -124.770988
702.359260 -124.481674
702.359269 -124.314964
702.359279 -124.263908
702.359288 -124.262596
702.359298 -124.327843
702.359308 -124.491432
702.359317 -124.735207
702.359327 -125.042442
702.359337 -125.388733
702.359346 -125.739548
702.359356 -126.058640
702.359365 -126.318024
702.359375 -126.509468
702.359385 -126.649773
702.359394 -126.776382
702.359404 -126.935356
702.359413 -127.162430
702.359423 -127.484222
702.359433 -127.925072
702.359442 -128.475418
702.359452 -129.095886
702.359462 -129.713181
702.359471 -130.229553
702.359481 -130.543472
702.359490 -130.635376
702.359500 -130.556915
702.359510 -130.509003
702.359519 -130.511368
702.359529 -130.630066
702.359538 -130.913574
702.359548 -131.405869
702.359558 -132.113724
702.359567 -133.021515
702.359577 -134.107010
702.359587 -135.274063
702.359596 -136.314713
702.359606 -136.784241
702.359615 -136.029648
702.359625 -134.944687
702.359635 -133.791702
702.359644 -132.705780
702.359654 -131.722290
702.359663 -130.872238
702.359673 -130.154999
702.359683 -129.563232
702.359692 -129.089554
702.359702 -128.728607
702.359712 -128.476990
702.359721 -128.333359
702.359731 -128.285767
702.359740 -128.280563
702.359750 -128.369522
702.359760 -128.551529
702.359769 -128.836700
702.359779 -129.217178
702.359788 -129.675644
702.359798 -130.183853
702.359808 -130.701599
702.359817 -131.180298
702.359827 -131.571732
702.359837 -131.843353
702.359846 -131.975235
702.359856 -132.003372
702.359865 -131.957230
702.359875 -131.927948
702.359885 -131.920776
702.359894 -131.965378
702.359904 -132.085251
702.359913 -132.306107
702.359923 -132.618225
702.359933 -132.964523
702.359942 -133.151550
702.359952 -132.617264
702.359962 -131.628876
702.359971 -130.385773
702.359981 -129.105911
702.359990 -127.932198
702.360000 -126.935753
702.360010 -126.145195
702.360019 -125.568321
702.360029 -125.203506
702.360038 -125.044800
702.360048 -125.035629
702.360058 -125.080658
702.360067 -125.299377
702.360077 -125.689133
702.360087 -126.228554
702.360096 -126.888321
702.360106 -127.628708
702.360115 -128.399200
702.360125 -129.141510
702.360135 -129.796112
702.360144 -130.312363
702.360154 -130.655533
702.360163 -130.757965
702.360173 -130.549088
702.360183 -130.206497
702.360192 -129.768066
702.360202 -129.271576
702.360212 -128.748840
702.360221 -128.221588
702.360231 -127.698029
702.360240 -127.194885
702.360250 -126.718330
702.360260 -126.274483
702.360269 -125.871063
702.360279 -125.517624
702.360288 -125.224579
702.360298 -125.001579
702.360308 -124.855919
702.360317 -124.791206
702.360327 -124.787941
702.360337 -124.807014
702.360346 -124.898399
702.360356 -125.056900
702.360365 -125.271744
702.360375 -125.531639
702.360385 -125.827034
702.360394 -126.152252
702.360404 -126.507790
702.360413 -126.901405
702.360423 -127.348709
702.360433 -127.871559
702.360442 -128.495193
702.360452 -129.241257
702.360462 -130.114487
702.360471 -131.074768
702.360481 -131.988724
702.360490 -132.590363
702.360500 -131.946213
702.360510 -130.924133
702.360519 -129.828888
702.360529 -128.842331
702.360538 -128.039749
702.360548 -127.442444
702.360558 -127.049698
702.360567 -126.853508
702.360577 -126.826973
702.360587 -126.844620
702.360596 -127.004082
702.360606 -127.338196
702.360615 -127.842560
702.360625 -128.511673
702.360635 -129.332977
702.360644 -130.276215
702.360654 -131.274475
702.360663 -132.205185
702.360673 -132.899551
702.360683 -133.184067
702.360692 -133.008850
702.360702 -132.839767
702.360712 -132.795853
702.360721 -132.863281
702.360731 -133.191269
702.360740 -133.855804
702.360750 -134.888947
702.360760 -136.114700
702.360769 -136.107971
702.360779 -134.140884
702.360788 -131.945618
702.360798 -130.008301
702.360808 -128.423004
702.360817 -127.168213
702.360827 -126.201942
702.360837 -125.485222
702.360846 -124.986214
702.360856 -124.680038
702.360865 -124.547943
702.360875 -124.540993
702.360885 -124.576965
702.360894 -124.759300
702.360904 -125.092972
702.360913 -125.582375
702.360923 -126.239639
702.360933 -127.086342
702.360942 -128.156647
702.360952 -129.501831
702.360962 -131.196899
702.360971 -133.343369
702.360981 -136.020721
702.360990 -138.888718
702.361000 -138.053513
702.361010 -135.554672
702.361019 -133.539169
702.361029 -132.050690
702.361038 -130.974640
702.361048 -130.222275
702.361058 -129.738678
702.361067 -129.474899
702.361077 -129.389893
702.361087 -129.379303
702.361096 -129.497543
702.361106 -129.772751
702.361115 -130.247009
702.361125 -130.960114
702.361135 -131.966461
702.361144 -133.320145
702.361154 -135.014008
702.361163 -136.750275
702.361173 -136.551620
702.361183 -134.660843
702.361192 -132.861816
702.361202 -131.462143
702.361212 -130.488220
702.361221 -129.907059
702.361231 -129.674149
702.361240 -129.666550
702.361250 -129.766449
702.361260 -130.172073
702.361269 -130.875641
702.361279 -131.859421
702.361288 -133.089523
702.361298 -134.486801
702.361308 -135.880478
702.361317 -136.982925
702.361327 -137.453766
702.361337 -137.052200
702.361346 -136.573471
702.361356 -136.164902
702.361365 -135.879898
702.361375 -135.724213
702.361385 -135.686462
702.361394 -135.688522
702.361404 -135.763962
702.361413 -135.952377
702.361423 -136.272247
702.361433 -136.767441
702.361442 -137.517059
702.361452 -138.660477
702.361462 -140.452835
702.361471 -143.350098
702.361481 -148.277359
702.361490 -142.540833
702.361500 -137.838058
702.361510 -134.563965
702.361519 -132.125641
702.361529 -130.278931
702.361538 -128.882080
702.361548 -127.853668
702.361558 -127.142532
702.361567 -126.713600
702.361577 -126.540092
702.361587 -126.533928
702.361596 -126.599350
702.361606 -126.867958
702.361615 -127.319496
702.361625 -127.922745
702.361635 -128.641876
702.361644 -129.442612
702.361654 -130.304245
702.361663 -131.237442
702.361673 -132.299454
702.361683 -133.603989
702.361692 -135.334290
702.361702 -137.727310
702.361712 -141.123627
702.361721 -142.660736
702.361731 -138.559280
702.361740 -135.550934
702.361750 -133.498718
702.361760 -132.136734
702.361769 -131.305679
702.361779 -130.920807
702.361788 -130.878998
702.361798 -130.922089
702.361808 -131.266174
702.361817 -131.911789
702.361827 -132.806564
702.361837 -133.866928
702.361846 -134.955704
702.361856 -135.876160
702.361865 -136.432739
702.361875 -136.350449
702.361885 -136.007431
702.361894 -135.691650
702.361904 -135.510010
702.361913 -135.495041
702.361923 -135.517822
702.361933 -135.722153
702.361942 -136.068512
702.361952 -136.413849
702.361962 -136.185654
702.361971 -135.396240
702.361981 -134.357224
702.361990 -133.290421
702.362000 -132.330170
702.362010 -131.528076
702.362019 -130.888443
702.362029 -130.391983
702.362038 -130.009872
702.362048 -129.710083
702.362058 -129.462784
702.362067 -129.243118
702.362077 -129.034546
702.362087 -128.829803
702.362096 -128.631958
702.362106 -128.452515
702.362115 -128.310104
702.362125 -128.227814
702.362135 -128.220581
702.362144 -128.231491
702.362154 -128.348053
702.362163 -128.605316
702.362173 -129.032074
702.362183 -129.660141
702.362192 -130.525772
702.362202 -131.673035
702.362212 -133.155716
702.362221 -135.031311
702.362231 -137.307449
702.362240 -139.689606
702.362250 -140.212799
702.362260 -138.432098
702.362269 -136.800598
702.362279 -135.600296
702.362288 -134.835434
702.362298 -134.473602
702.362308 -134.443436
702.362317 -134.497040
702.362327 -134.910934
702.362337 -135.738998
702.362346 -137.000534
702.362356 -138.591080
702.362365 -139.515350
702.362375 -137.453934
702.362385 -135.036728
702.362394 -132.917694
702.362404 -131.198181
702.362413 -129.840683
702.362423 -128.792892
702.362433 -128.009933
702.362442 -127.457115
702.362452 -127.104324
702.362462 -126.937653
702.362471 -126.917519
702.362481 -126.943611
702.362490 -127.113464
702.362500 -127.443695
702.362510 -127.936310
702.362519 -128.600403
702.362529 -129.453720
702.362538 -130.526703
702.362548 -131.861023
702.362558 -133.513809
702.362567 -135.570343
702.362577 -138.019608
702.362587 -140.179474
702.362596 -137.842255
702.362606 -135.204742
702.362615 -132.962158
702.362625 -131.136719
702.362635 -129.652222
702.362644 -128.439209
702.362654 -127.453087
702.362663 -126.663521
702.362673 -126.047874
702.362683 -125.590691
702.362692 -125.281067
702.362702 -125.108162
702.362712 -125.064445
702.362721 -125.066292
702.362731 -125.147255
702.362740 -125.339546
702.362750 -125.627647
702.362760 -125.990143
702.362769 -126.398933
702.362779 -126.819351
702.362788 -127.212753
702.362798 -127.541740
702.362808 -127.777443
702.362817 -127.907249
702.362827 -127.900085
702.362837 -127.831940
702.362846 -127.779778
702.362856 -127.773918
702.362865 -127.800224
702.362875 -127.944633
702.362885 -128.263184
702.362894 -128.808823
702.362904 -129.641891
702.362913 -130.838486
702.362923 -132.494110
702.362933 -134.690292
702.362942 -137.189301
702.362952 -136.449951
702.362962 -133.661377
702.362971 -131.281204
702.362981 -129.434692
702.362990 -128.034515
702.363000 -126.997200
702.363010 -126.256790
702.363019 -125.787186
702.363029 -125.568687
702.363038 -125.553131
702.363048 -125.593933
702.363058 -125.866623
702.363067 -126.403152
702.363077 -127.235565
702.363087 -128.419693
702.363096 -130.051987
702.363106 -132.310883
702.363115 -135.564590
702.363125 -140.678055
702.363135 -141.323502
702.363144 -136.511810
702.363154 -133.608276
702.363163 -131.722443
702.363173 -130.476868
702.363183 -129.693710
702.363192 -129.273499
702.363202 -129.166840
702.363212 -129.172882
702.363221 -129.370697
702.363231 -129.859619
702.363240 -130.645172
702.363250 -131.738632
702.363260 -133.144424
702.363269 -134.818909
702.363279 -136.557800
702.363288 -137.809677
702.363298 -137.037750
702.363308 -135.797684
702.363317 -134.655029
702.363327 -133.743805
702.363337 -133.074539
702.363346 -132.623734
702.363356 -132.363861
702.363365 -132.269119
702.363375 -132.251480
702.363385 -132.315872
702.363394 -132.477432
702.363404 -132.721924
702.363413 -133.006592
702.363423 -133.276947
702.363433 -133.467575
702.363442 -133.365814
702.363452 -133.007813
702.363462 -132.454269
702.363471 -131.752747
702.363481 -130.970749
702.363490 -130.176407
702.363500 -129.428436
702.363510 -128.773209
702.363519 -128.243515
702.363529 -127.860886
702.363538 -127.637413
702.363548 -127.575363
702.363558 -127.578125
702.363567 -127.681831
702.363577 -127.942245
702.363587 -128.349167
702.363596 -128.890320
702.363606 -129.551987
702.363615 -130.321472
702.363625 -131.172546
702.363635 -132.093994
702.363644 -133.057709
702.363654 -134.006348
702.363663 -134.845413
702.363673 -135.460114
702.363683 -135.777832
702.363692 -135.762360
702.363702 -135.719528
702.363712 -135.721024
702.363721 -135.844711
702.363731 -136.233856
702.363740 -136.974289
702.363750 -138.158325
702.363760 -139.907959
702.363769 -142.367432
702.363779 -145.386459
702.363788 -144.281235
702.363798 -141.135880
702.363808 -138.622299
702.363817 -136.680420
702.363827 -135.133865
702.363837 -133.846085
702.363846 -132.718842
702.363856 -131.684341
702.363865 -130.699982
702.363875 -129.744781
702.363885 -128.814392
702.363894 -127.915878
702.363904 -127.062347
702.363913 -126.269218
702.363923 -125.551872
702.363933 -124.924347
702.363942 -124.398445
702.363952 -123.983414
702.363962 -123.685471
702.363971 -123.507118
702.363981 -123.446632
702.363990 -123.446564
702.364000 -123.497108
702.364010 -123.644661
702.364019 -123.868362
702.364029 -124.139809
702.364038 -124.425819
702.364048 -124.693916
702.364058 -124.920998
702.364067 -125.100838
702.364077 -125.247162
702.364087 -125.388359
702.364096 -125.558586
702.364106 -125.781227
702.364115 -126.069580
702.364125 -126.436768
702.364135 -126.863228
702.364144 -127.303757
702.364154 -127.690514
702.364163 -127.934196
702.364173 -127.922279
702.364183 -127.690895
702.364192 -127.407379
702.364202 -127.142349
702.364212 -126.945778
702.364221 -126.846703
702.364231 -126.836258
702.364240 -126.852730
702.364250 -126.959969
702.364260 -127.170898
702.364269 -127.472733
702.364279 -127.849419
702.364288 -128.283310
702.364298 -128.756470
702.364308 -129.251923
702.364317 -129.754608
702.364327 -130.251999
702.364337 -130.733917
702.364346 -131.192230
702.364356 -131.620239
702.364365 -132.012390
702.364375 -132.363937
702.364385 -132.672394
702.364394 -132.938156
702.364404 -133.166138
702.364413 -133.367020
702.364423 -133.558578
702.364433 -133.765945
702.364442 -134.022217
702.364452 -134.369537
702.364462 -134.860229
702.364471 -135.561737
702.364481 -136.548752
702.364490 -137.946732
702.364500 -139.906601
702.364510 -142.450958
702.364519 -142.562256
702.364529 -139.085480
702.364538 -136.051926
702.364548 -133.656158
702.364558 -131.766068
702.364567 -130.264175
702.364577 -129.065857
702.364587 -128.122086
702.364596 -127.390305
702.364606 -126.838165
702.364615 -126.439293
702.364625 -126.171646
702.364635 -126.016060
702.364644 -125.951500
702.364654 -125.946220
702.364663 -125.964897
702.364673 -126.042915
702.364683 -126.171898
702.364692 -126.337990
702.364702 -126.526184
702.364712 -126.719673
702.364721 -126.900421
702.364731 -127.048820
702.364740 -127.151604
702.364750 -127.217163
702.364760 -127.264824
702.364769 -127.330139
702.364779 -127.451614
702.364788 -127.677757
702.364798 -128.076859
702.364808 -128.716003
702.364817 -129.658539
702.364827 -131.002167
702.364837 -132.872559
702.364846 -135.367538
702.364856 -138.136932
702.364865 -136.908005
702.364875 -134.390564
702.364885 -132.498749
702.364894 -131.255554
702.364904 -130.571014
702.364913 -130.381851
702.364923 -130.384918
702.364933 -130.677887
702.364942 -131.466248
702.364952 -132.802673
702.364962 -134.748550
702.364971 -137.164627
702.364981 -137.623123
702.364990 -135.085281
702.365000 -132.857773
702.365010 -131.222488
702.365019 -130.121475
702.365029 -129.479034
702.365038 -129.244659
702.365048 -129.242432
702.365058 -129.392258
702.365067 -129.911545
702.365077 -130.801453
702.365087 -132.050400
702.365096 -133.582214
702.365106 -135.116608
702.365115 -135.788239
702.365125 -134.733490
702.365135 -133.521042
702.365144 -132.483200
702.365154 -131.668671
702.365163 -131.072906
702.365173 -130.649918
702.365183 -130.335495
702.365192 -130.072403
702.365202 -129.820313
702.365212 -129.562500
702.365221 -129.307175
702.365231 -129.082031
702.365240 -128.925583
702.365250 -128.867676
702.365260 -128.865906
702.365269 -128.985901
702.365279 -129.282730
702.365288 -129.806793
702.365298 -130.563126
702.365308 -131.587982
702.365317 -132.852234
702.365327 -134.199051
702.365337 -135.223434
702.365346 -134.649628
702.365356 -133.503601
702.365365 -132.395584
702.365375 -131.509094
702.365385 -130.882553
702.365394 -130.498779
702.365404 -130.320145
702.365413 -130.279449
702.365423 -130.284210
702.365433 -130.354523
702.365442 -130.474899
702.365452 -130.595276
702.365462 -130.675507
702.365471 -130.717667
702.365481 -130.747559
702.365490 -130.806458
702.365500 -130.938522
702.365510 -131.210403
702.365519 -131.682983
702.365529 -132.422363
702.365538 -133.510498
702.365548 -135.065155
702.365558 -137.284851
702.365567 -140.564972
702.365577 -145.844269
702.365587 -146.593475
702.365596 -142.063034
702.365606 -139.611923
702.365615 -138.348953
702.365625 -137.941635
702.365635 -137.941238
702.365644 -138.306732
702.365654 -139.510590
702.365663 -141.855072
702.365673 -146.330627
702.365683 -150.224655
702.365692 -142.807144
702.365702 -138.967880
702.365712 -136.492737
702.365721 -134.783813
702.365731 -133.582657
702.365740 -132.752792
702.365750 -132.210831
702.365760 -131.894287
702.365769 -131.757584
702.365779 -131.746368
702.365788 -131.756607
702.365798 -131.838699
702.365808 -131.939545
702.365817 -131.910706
702.365827 -131.678162
702.365837 -131.298813
702.365846 -130.821320
702.365856 -130.308380
702.365865 -129.811737
702.365875 -129.354630
702.365885 -128.972443
702.365894 -128.669724
702.365904 -128.441376
702.365913 -128.277176
702.365923 -128.163071
702.365933 -128.083466
702.365942 -128.020996
702.365952 -127.957474
702.365962 -127.873466
702.365971 -127.749313
702.365981 -127.565849
702.365990 -127.307861
702.366000 -126.967613
702.366010 -126.546494
702.366019 -126.065155
702.366029 -125.552025
702.366038 -125.035980
702.366048 -124.553215
702.366058 -124.134834
702.366067 -123.806030
702.366077 -123.585632
702.366087 -123.486900
702.366096 -123.468391
702.366106 -123.518417
702.366115 -123.685059
702.366125 -123.988853
702.366135 -124.430222
702.366144 -125.007629
702.366154 -125.716972
702.366163 -126.548531
702.366173 -127.481239
702.366183 -128.472061
702.366192 -129.443344
702.366202 -130.276672
702.366212 -130.838486
702.366221 -130.926361
702.366231 -130.585693
702.366240 -130.145844
702.366250 -129.696732
702.366260 -129.292603
702.366269 -128.951431
702.366279 -128.712738
702.366288 -128.594696
702.366298 -128.586884
702.366308 -128.614594
702.366317 -128.789505
702.366327 -129.136276
702.366337 -129.670837
702.366346 -130.407623
702.366356 -131.357407
702.366365 -132.521561
702.366375 -133.874741
702.366385 -135.324356
702.366394 -136.636597
702.366404 -137.358368
702.366413 -136.606094
702.366423 -135.548416
702.366433 -134.467194
702.366442 -133.481766
702.366452 -132.625244
702.366462 -131.899902
702.366471 -131.302795
702.366481 -130.835068
702.366490 -130.504257
702.366500 -130.323715
702.366510 -130.297180
702.366519 -130.311050
702.366529 -130.486374
702.366538 -130.869720
702.366548 -131.478302
702.366558 -132.314270
702.366567 -133.332794
702.366577 -134.362030
702.366587 -134.730042
702.366596 -133.535873
702.366606 -131.895172
702.366615 -130.230606
702.366625 -128.726868
702.366635 -127.436058
702.366644 -126.352264
702.366654 -125.476242
702.366663 -124.798897
702.366673 -124.310120
702.366683 -124.002220
702.366692 -123.870132
702.366702 -123.854652
702.366712 -123.910522
702.366721 -124.120850
702.366731 -124.499008
702.366740 -125.043129
702.366750 -125.750931
702.366760 -126.619820
702.366769 -127.646988
702.366779 -128.830643
702.366788 -130.172577
702.366798 -131.683075
702.366808 -133.389313
702.366817 -135.343384
702.366827 -137.652649
702.366837 -140.535599
702.366846 -144.329941
702.366856 -147.594849
702.366865 -143.441101
702.366875 -140.283646
702.366885 -138.075882
702.366894 -136.550812
702.366904 -135.561432
702.366913 -135.039001
702.366923 -134.937393
702.366933 -134.959244
702.366942 -135.327408
702.366952 -136.163101
702.366962 -137.468872
702.366971 -139.089859
702.366981 -139.952301
702.366990 -138.161591
702.367000 -136.143875
702.367010 -134.439392
702.367019 -133.121384
702.367029 -132.137604
702.367038 -131.413391
702.367048 -130.872131
702.367058 -130.438828
702.367067 -130.037033
702.367077 -129.602386
702.367087 -129.088120
702.367096 -128.467239
702.367106 -127.739708
702.367115 -126.929222
702.367125 -126.074913
702.367135 -125.220711
702.367144 -124.407394
702.367154 -123.667938
702.367163 -123.026123
702.367173 -122.497269
702.367183 -122.089806
702.367192 -121.805481
702.367202 -121.643158
702.367212 -121.599762
702.367221 -121.600914
702.367231 -121.673546
702.367240 -121.854530
702.367250 -122.137207
702.367260 -122.514946
702.367269 -122.979988
702.367279 -123.521767
702.367288 -124.134964
702.367298 -124.808426
702.367308 -125.525986
702.367317 -126.263245
702.367327 -126.984955
702.367337 -127.644966
702.367346 -128.192200
702.367356 -128.585205
702.367365 -128.792374
702.367375 -128.853424
702.367385 -128.817322
702.367394 -128.775208
702.367404 -128.764038
702.367413 -128.815811
702.367423 -128.962799
702.367433 -129.207062
702.367442 -129.556870
702.367452 -130.009521
702.367462 -130.546432
702.367471 -131.137009
702.367481 -131.741074
702.367490 -132.315552
702.367500 -132.827820
702.367510 -133.271240
702.367519 -133.670349
702.367529 -134.071213
702.367538 -134.519745
702.367548 -135.038849
702.367558 -135.574615
702.367567 -136.059830
702.367577 -136.375763
702.367587 -136.174042
702.367596 -135.782425
702.367606 -135.401917
702.367615 -135.160568
702.367625 -135.097672
702.367635 -135.112808
702.367644 -135.320236
702.367654 -135.781204
702.367663 -136.452606
702.367673 -137.224579
702.367683 -137.889633
702.367692 -137.929138
702.367702 -137.238693
702.367712 -136.344559
702.367721 -135.440353
702.367731 -134.626129
702.367740 -133.936707
702.367750 -133.376251
702.367760 -132.936127
702.367769 -132.599060
702.367779 -132.349655
702.367788 -132.182098
702.367798 -132.082047
702.367808 -132.035812
702.367817 -132.028519
702.367827 -132.030472
702.367837 -132.056946
702.367846 -132.110413
702.367856 -132.193115
702.367865 -132.312653
702.367875 -132.480499
702.367885 -132.709152
702.367894 -133.010422
702.367904 -133.393295
702.367913 -133.864258
702.367923 -134.404465
702.367933 -135.013062
702.367942 -135.638199
702.367952 -136.145889
702.367962 -135.745483
702.367971 -134.501129
702.367981 -132.817932
702.367990 -131.024200
702.368000 -129.325836
702.368010 -127.818520
702.368019 -126.539574
702.368029 -125.501343
702.368038 -124.706802
702.368048 -124.156670
702.368058 -123.851936
702.368067 -123.781670
702.368077 -123.795967
702.368087 -123.995201
702.368096 -124.459068
702.368106 -125.201294
702.368115 -126.238258
702.368125 -127.582817
702.368135 -129.222672
702.368144 -131.053574
702.368154 -132.732086
702.368163 -133.373367
702.368173 -132.456329
702.368183 -131.438080
702.368192 -130.562103
702.368202 -129.828217
702.368212 -129.232132
702.368221 -128.709457
702.368231 -128.206802
702.368240 -127.697815
702.368250 -127.184097
702.368260 -126.686607
702.368269 -126.231071
702.368279 -125.837997
702.368288 -125.505577
702.368298 -125.244125
702.368308 -125.054916
702.368317 -124.934563
702.368327 -124.881165
702.368337 -124.866226
702.368346 -124.908325
702.368356 -125.038452
702.368365 -125.285095
702.368375 -125.681801
702.368385 -126.260376
702.368394 -127.054688
702.368404 -128.102402
702.368413 -129.448059
702.368423 -131.149124
702.368433 -133.274780
702.368442 -135.919312
702.368452 -139.167938
702.368462 -142.615723
702.368471 -141.921387
702.368481 -139.426025
702.368490 -137.310043
702.368500 -135.572922
702.368510 -134.136292
702.368519 -132.934723
702.368529 -131.933762
702.368538 -131.100357
702.368548 -130.399139
702.368558 -129.804535
702.368567 -129.273163
702.368577 -128.764709
702.368587 -128.253708
702.368596 -127.739212
702.368606 -127.244537
702.368615 -126.808853
702.368625 -126.474785
702.368635 -126.280495
702.368644 -126.244415
702.368654 -126.255577
702.368663 -126.408890
702.368673 -126.757492
702.368683 -127.304008
702.368692 -128.032608
702.368702 -128.905563
702.368712 -129.854263
702.368721 -130.776215
702.368731 -131.555450
702.368740 -132.113586
702.368750 -132.457535
702.368760 -132.668289
702.368769 -132.855881
702.368779 -133.094666
702.368788 -133.431549
702.368798 -133.882538
702.368808 -134.447647
702.368817 -135.120926
702.368827 -135.900665
702.368837 -136.796097
702.368846 -137.832001
702.368856 -139.045456
702.368865 -140.465256
702.368875 -142.017776
702.368885 -143.090561
702.368894 -141.239441
702.368904 -138.726944
702.368913 -136.305817
702.368923 -134.180389
702.368933 -132.364426
702.368942 -130.832306
702.368952 -129.557053
702.368962 -128.517334
702.368971 -127.697197
702.368981 -127.084755
702.368990 -126.670273
702.369000 -126.445244
702.369010 -126.390472
702.369019 -126.398994
702.369029 -126.526657
702.369038 -126.809624
702.369048 -127.233086
702.369058 -127.775528
702.369067 -128.410843
702.369077 -129.108185
702.369087 -129.834534
702.369096 -130.557083
702.369106 -131.247696
702.369115 -131.885086
702.369125 -132.456451
702.369135 -132.955505
702.369144 -133.377167
702.369154 -133.743652
702.369163 -134.074493
702.369173 -134.395844
702.369183 -134.740479
702.369192 -135.144577
702.369202 -135.646408
702.369212 -136.283676
702.369221 -137.070511
702.369231 -138.034973
702.369240 -139.142975
702.369250 -140.237061
702.369260 -140.857361
702.369269 -139.953979
702.369279 -138.677902
702.369288 -137.419998
702.369298 -136.358536
702.369308 -135.541367
702.369317 -134.961731
702.369327 -134.589813
702.369337 -134.384811
702.369346 -134.298798
702.369356 -134.276382
702.369365 -134.267456
702.369375 -134.216293
702.369385 -134.087173
702.369394 -133.863434
702.369404 -133.550491
702.369413 -133.172226
702.369423 -132.760712
702.369433 -132.346558
702.369442 -131.950394
702.369452 -131.579468
702.369462 -131.227020
702.369471 -130.877823
702.369481 -130.515884
702.369490 -130.135605
702.369500 -129.747818
702.369510 -129.380066
702.369519 -129.069443
702.369529 -128.854980
702.369538 -128.768936
702.369548 -128.755081
702.369558 -128.842819
702.369567 -129.088242
702.369577 -129.513474
702.369587 -130.111359
702.369596 -130.855057
702.369606 -131.687683
702.369615 -132.516495
702.369625 -133.225204
702.369635 -133.726395
702.369644 -134.023041
702.369654 -134.214813
702.369663 -134.434341
702.369673 -134.721893
702.369683 -135.105408
702.369692 -135.250534
702.369702 -134.364532
702.369712 -132.894562
702.369721 -131.238342
702.369731 -129.684662
702.369740 -128.359070
702.369750 -127.296280
702.369760 -126.494804
702.369769 -125.940681
702.369779 -125.616768
702.369788 -125.505913
702.369798 -125.505623
702.369808 -125.591850
702.369817 -125.858368
702.369827 -126.290253
702.369837 -126.873215
702.369846 -127.594704
702.369856 -128.445221
702.369865 -129.420181
702.369875 -130.522034
702.369885 -131.760101
702.369894 -133.145706
702.369904 -134.671936
702.369913 -136.256195
702.369923 -137.624496
702.369933 -137.928162
702.369942 -136.951462
702.369952 -135.906082
702.369962 -135.122238
702.369971 -134.751022
702.369981 -134.734528
702.369990 -134.889267
702.370000 -135.625702
702.370010 -137.131226
702.370019 -139.613449
702.370029 -140.973343
702.370038 -136.890457
702.370048 -133.528564
702.370058 -131.058945
702.370067 -129.258804
702.370077 -127.970047
702.370087 -127.095261
702.370096 -126.573067
702.370106 -126.364967
702.370115 -126.356697
702.370125 -126.446877
702.370135 -126.803955
702.370144 -127.427986
702.370154 -128.314941
702.370163 -129.460770
702.370173 -130.856506
702.370183 -132.479507
702.370192 -134.285904
702.370202 -136.211151
702.370212 -138.202393
702.370221 -140.265335
702.370231 -142.261505
702.370240 -142.956390
702.370250 -140.345322
702.370260 -137.538361
702.370269 -135.189087
702.370279 -133.359650
702.370288 -131.996460
702.370298 -131.040741
702.370308 -130.444611
702.370317 -130.170090
702.370327 -130.143433
702.370337 -130.184952
702.370346 -130.448303
702.370356 -130.922989
702.370365 -131.548370
702.370375 -132.226425
702.370385 -132.807068
702.370394 -132.973297
702.370404 -132.411087
702.370413 -131.547134
702.370423 -130.547104
702.370433 -129.539841
702.370442 -128.605194
702.370452 -127.788330
702.370462 -127.115280
702.370471 -126.609116
702.370481 -126.283470
702.370490 -126.151794
702.370500 -126.149612
702.370510 -126.229057
702.370519 -126.532677
702.370529 -127.084053
702.370538 -127.910011
702.370548 -129.042648
702.370558 -130.516937
702.370567 -132.354706
702.370577 -134.503296
702.370587 -136.644638
702.370596 -137.770096
702.370606 -136.678635
702.370615 -135.441299
702.370625 -134.260635
702.370635 -133.184616
702.370644 -132.158417
702.370654 -131.155472
702.370663 -130.192780
702.370673 -129.308594
702.370683 -128.539520
702.370692 -127.908974
702.370702 -127.425270
702.370712 -127.084320
702.370721 -126.872337
702.370731 -126.768051
702.370740 -126.737206
702.370750 -126.731094
702.370760 -126.757889
702.370769 -126.792480
702.370779 -126.790184
702.370788 -126.691132
702.370798 -126.520668
702.370808 -126.286079
702.370817 -126.002960
702.370827 -125.689377
702.370837 -125.362335
702.370846 -125.034676
702.370856 -124.715050
702.370865 -124.407913
702.370875 -124.114899
702.370885 -123.835854
702.370894 -123.570656
702.370904 -123.320145
702.370913 -123.087708
702.370923 -122.879471
702.370933 -122.704582
702.370942 -122.573822
702.370952 -122.498451
702.370962 -122.479309
702.370971 -122.486832
702.370981 -122.549950
702.370990 -122.685318
702.371000 -122.889671
702.371010 -123.151848
702.371019 -123.465508
702.371029 -123.816978
702.371038 -124.193626
702.371048 -124.584473
702.371058 -124.972763
702.371067 -125.359695
702.371077 -125.736870
702.371087 -126.088493
702.371096 -126.390739
702.371106 -126.608582
702.371115 -126.709297
702.371125 -126.640442
702.371135 -126.455551
702.371144 -126.216675
702.371154 -125.951752
702.371163 -125.682182
702.371173 -125.421211
702.371183 -125.175354
702.371192 -124.946266
702.371202 -124.733147
702.371212 -124.534309
702.371221 -124.349243
702.371231 -124.179787
702.371240 -124.031013
702.371250 -123.911621
702.371260 -123.833649
702.371269 -123.808258
702.371279 -123.809029
702.371288 -123.864815
702.371298 -124.010582
702.371308 -124.270271
702.371317 -124.666031
702.371327 -125.221443
702.371337 -125.962212
702.371346 -126.916504
702.371356 -128.115753
702.371365 -129.593323
702.371375 -131.378723
702.371385 -133.469849
702.371394 -135.736664
702.371404 -137.674667
702.371413 -137.519928
702.371423 -135.974731
702.371433 -134.303406
702.371442 -132.660614
702.371452 -131.121994
702.371462 -129.693726
702.371471 -128.389206
702.371481 -127.223816
702.371490 -126.208961
702.371500 -125.350449
702.371510 -124.649483
702.371519 -124.104622
702.371529 -123.713440
702.371538 -123.474068
702.371548 -123.385979
702.371558 -123.385376
702.371567 -123.450264
702.371577 -123.673790
702.371587 -124.065598
702.371596 -124.639503
702.371606 -125.416153
702.371615 -126.425423
702.371625 -127.711906
702.371635 -129.344604
702.371644 -131.438766
702.371654 -134.206619
702.371663 -138.106659
702.371673 -144.328766
702.371683 -143.153427
702.371692 -138.916962
702.371702 -136.420334
702.371712 -134.803268
702.371721 -133.677795
702.371731 -132.810791
702.371740 -132.041794
702.371750 -131.262466
702.371760 -130.422989
702.371769 -129.531921
702.371779 -128.636887
702.371788 -127.798058
702.371798 -127.069519
702.371808 -126.492989
702.371817 -126.098343
702.371827 -125.907227
702.371837 -125.894615
702.371846 -125.936111
702.371856 -126.197762
702.371865 -126.701607
702.371875 -127.449814
702.371885 -128.429504
702.371894 -129.625305
702.371904 -130.976364
702.371913 -132.363419
702.371923 -133.600037
702.371933 -134.479706
702.371942 -134.794342
702.371952 -134.304794
702.371962 -133.578873
702.371971 -132.760239
702.371981 -131.991318
702.371990 -131.395538
702.372000 -131.070023
702.372010 -131.036301
702.372019 -131.094177
702.372029 -131.540146
702.372038 -132.494049
702.372048 -134.111908
702.372058 -136.629044
702.372067 -140.264343
702.372077 -140.138199
702.372087 -136.511047
702.372096 -133.973160
702.372106 -132.278061
702.372115 -131.173553
702.372125 -130.497177
702.372135 -130.138184
702.372144 -130.016281
702.372154 -129.993027
702.372163 -130.075317
702.372173 -130.279938
702.372183 -130.618317
702.372192 -131.094009
702.372202 -131.678558
702.372212 -132.338638
702.372221 -132.948288
702.372231 -133.016769
702.372240 -132.249802
702.372250 -131.227600
702.372260 -130.233124
702.372269 -129.434586
702.372279 -128.909286
702.372288 -128.690750
702.372298 -128.682831
702.372308 -128.788925
702.372317 -129.243912
702.372327 -130.105637
702.372337 -131.471390
702.372346 -133.542191
702.372356 -136.778015
702.372365 -142.355698
702.372375 -138.556656
702.372385 -133.694305
702.372394 -130.444061
702.372404 -128.034470
702.372413 -126.141907
702.372423 -124.606354
702.372433 -123.338593
702.372442 -122.285019
702.372452 -121.411140
702.372462 -120.693573
702.372471 -120.120529
702.372481 -119.682297
702.372490 -119.372147
702.372500 -119.185532
702.372510 -119.118866
702.372519 -119.118599
702.372529 -119.166443
702.372538 -119.324562
702.372548 -119.589531
702.372558 -119.954414
702.372567 -120.409821
702.372577 -120.943451
702.372587 -121.540909
702.372596 -122.187332
702.372606 -122.870819
702.372615 -123.586098
702.372625 -124.337784
702.372635 -125.141129
702.372644 -126.020485
702.372654 -127.005562
702.372663 -128.127914
702.372673 -129.418274
702.372683 -130.905655
702.372692 -132.617401
702.372702 -134.581192
702.372712 -136.825256
702.372721 -139.374680
702.372731 -142.210953
702.372740 -145.086578
702.372750 -146.797073
702.372760 -145.132675
702.372769 -143.270782
702.372779 -141.624237
702.372788 -140.222763
702.372798 -139.070160
702.372808 -138.129486
702.372817 -137.375351
702.372827 -136.793442
702.372837 -136.381851
702.372846 -136.148849
702.372856 -136.101715
702.372865 -136.112442
702.372875 -136.295975
702.372885 -136.709854
702.372894 -137.388412
702.372904 -138.347916
702.372913 -139.572403
702.372923 -140.978806
702.372933 -142.363876
702.372942 -143.438461
702.372952 -144.081741
702.372962 -144.571457
702.372971 -145.427963
702.372981 -147.302933
702.372990 -151.289963
702.373000 -149.887268
702.373010 -143.453491
702.373019 -139.394180
702.373029 -136.494186
702.373038 -134.303909
702.373048 -132.607574
702.373058 -131.282150
702.373067 -130.247620
702.373077 -129.447113
702.373087 -128.837051
702.373096 -128.383209
702.373106 -128.058456
702.373115 -127.842735
702.373125 -127.722923
702.373135 -127.691582
702.373144 -127.692734
702.373154 -127.752090
702.373163 -127.905518
702.373173 -128.160950
702.373183 -128.528809
702.373192 -129.020782
702.373202 -129.651001
702.373212 -130.437576
702.373221 -131.406921
702.373231 -132.599396
702.373240 -134.081085
702.373250 -135.960358
702.373260 -138.410004
702.373269 -141.597473
702.373279 -143.388412
702.373288 -139.773605
702.373298 -136.752335
702.373308 -134.501389
702.373317 -132.845230
702.373327 -131.657944
702.373337 -130.864777
702.373346 -130.420471
702.373356 -130.292679
702.373365 -130.293610
702.373375 -130.453705
702.373385 -130.851212
702.373394 -131.389587
702.373404 -131.888412
702.373413 -131.788330
702.373423 -131.029037
702.373433 -130.045853
702.373442 -129.072281
702.373452 -128.252106
702.373462 -127.658310
702.373471 -127.329018
702.373481 -127.270012
702.373490 -127.291710
702.373500 -127.573669
702.373510 -128.223267
702.373519 -129.303757
702.373529 -130.919937
702.373538 -133.262802
702.373548 -136.656006
702.373558 -141.148178
702.373567 -137.853088
702.373577 -134.579620
702.373587 -132.309784
702.373596 -130.669312
702.373606 -129.434280
702.373615 -128.449783
702.373625 -127.625763
702.373635 -126.917328
702.373644 -126.311241
702.373654 -125.813042
702.373663 -125.436020
702.373673 -125.193733
702.373683 -125.095573
702.373692 -125.079109
702.373702 -125.145325
702.373712 -125.338776
702.373721 -125.662628
702.373731 -126.091042
702.373740 -126.581940
702.373750 -127.074928
702.373760 -127.497856
702.373769 -127.779915
702.373779 -127.884621
702.373788 -127.833969
702.373798 -127.778275
702.373808 -127.763268
702.373817 -127.842079
702.373827 -128.074280
702.373837 -128.544373
702.373846 -129.317062
702.373856 -130.475418
702.373865 -132.148575
702.373875 -134.578476
702.373885 -138.327850
702.373894 -145.281708
702.373904 -141.126175
702.373913 -136.434296
702.373923 -133.555176
702.373933 -131.531616
702.373942 -129.993408
702.373952 -128.756973
702.373962 -127.720528
702.373971 -126.827492
702.373981 -126.049385
702.373990 -125.375015
702.374000 -124.803116
702.374010 -124.337112
702.374019 -123.981857
702.374029 -123.741974
702.374038 -123.621498
702.374048 -123.606911
702.374058 -123.623901
702.374067 -123.750175
702.374077 -124.007339
702.374087 -124.400246
702.374096 -124.935493
702.374106 -125.622269
702.374115 -126.473145
702.374125 -127.504555
702.374135 -128.736282
702.374144 -130.186569
702.374154 -131.853409
702.374163 -133.655289
702.374173 -135.289917
702.374183 -135.799988
702.374192 -134.691345
702.374202 -133.441849
702.374212 -132.361404
702.374221 -131.536774
702.374231 -130.969376
702.374240 -130.632172
702.374250 -130.481842
702.374260 -130.455475
702.374269 -130.456619
702.374279 -130.399063
702.374288 -130.136261
702.374298 -129.616425
702.374308 -128.867264
702.374317 -127.985687
702.374327 -127.082855
702.374337 -126.247292
702.374346 -125.537567
702.374356 -124.989937
702.374365 -124.627792
702.374375 -124.468971
702.374385 -124.463036
702.374394 -124.531006
702.374404 -124.833870
702.374413 -125.403847
702.374423 -126.276779
702.374433 -127.501457
702.374442 -129.138885
702.374452 -131.235458
702.374462 -133.659103
702.374471 -135.213654
702.374481 -133.361877
702.374490 -131.465149
702.374500 -129.983292
702.374510 -128.923660
702.374519 -128.216125
702.374529 -127.792496
702.374538 -127.597610
702.374548 -127.575218
702.374558 -127.588844
702.374567 -127.734505
702.374577 -128.013306
702.374587 -128.413208
702.374596 -128.928604
702.374606 -129.545609
702.374615 -130.242386
702.374625 -130.999512
702.374635 -131.753784
702.374644 -132.410828
702.374654 -132.874161
702.374663 -133.069183
702.374673 -133.085922
702.374683 -133.052597
702.374692 -133.068283
702.374702 -133.179337
702.374712 -133.361298
702.374721 -133.431854
702.374731 -132.850082
702.374740 -131.774109
702.374750 -130.409851
702.374760 -128.996323
702.374769 -127.685921
702.374779 -126.546761
702.374788 -125.599182
702.374798 -124.841553
702.374808 -124.263611
702.374817 -123.852814
702.374827 -123.597168
702.374837 -123.486069
702.374846 -123.478859
702.374856 -123.511185
702.374865 -123.665443
702.374875 -123.943039
702.374885 -124.338585
702.374894 -124.846367
702.374904 -125.459007
702.374913 -126.166664
702.374923 -126.955925
702.374933 -127.808807
702.374942 -128.701508
702.374952 -129.603714
702.374962 -130.477859
702.374971 -131.277527
702.374981 -131.951263
702.374990 -132.468567
702.375000 -132.809464
702.375010 -132.982254
702.375019 -132.997284
702.375029 -132.967728
702.375038 -132.967270
702.375048 -133.004028
702.375058 -133.169312
702.375067 -133.523972
702.375077 -134.133942
702.375087 -135.082657
702.375096 -136.495438
702.375106 -138.591248
702.375115 -141.812347
702.375125 -147.002884
702.375135 -143.323868
702.375144 -139.005615
702.375154 -136.150574
702.375163 -134.145859
702.375173 -132.703674
702.375183 -131.673126
702.375192 -130.965744
702.375202 -130.520142
702.375212 -130.299423
702.375221 -130.261353
702.375231 -130.276611
702.375240 -130.430588
702.375250 -130.747543
702.375260 -131.221481
702.375269 -131.856567
702.375279 -132.670715
702.375288 -133.702499
702.375298 -135.023483
702.375308 -136.765350
702.375317 -139.184631
702.375327 -142.844208
702.375337 -148.152924
702.375346 -141.582153
702.375356 -137.256805
702.375365 -134.175888
702.375375 -131.801956
702.375385 -129.892883
702.375394 -128.325714
702.375404 -127.032944
702.375413 -125.973495
702.375423 -125.121704
702.375433 -124.466408
702.375442 -123.997520
702.375452 -123.706711
702.375462 -123.585159
702.375471 -123.580154
702.375481 -123.621170
702.375490 -123.796318
702.375500 -124.082703
702.375510 -124.439621
702.375519 -124.812775
702.375529 -125.140442
702.375538 -125.368301
702.375548 -125.454758
702.375558 -125.366180
702.375567 -125.257408
702.375577 -125.177711
702.375587 -125.159676
702.375596 -125.164055
702.375606 -125.241066
702.375615 -125.423904
702.375625 -125.723076
702.375635 -126.147697
702.375644 -126.705582
702.375654 -127.418549
702.375663 -128.313019
702.375673 -129.426086
702.375683 -130.805847
702.375692 -132.536652
702.375702 -134.732468
702.375712 -137.522812
702.375721 -140.790253
702.375731 -141.469284
702.375740 -139.089554
702.375750 -137.270615
702.375760 -136.109955
702.375769 -135.478668
702.375779 -135.235504
702.375788 -135.209000
702.375798 -135.186890
702.375808 -134.904953
702.375817 -134.225250
702.375827 -133.220657
702.375837 -132.087158
702.375846 -130.991287
702.375856 -130.020432
702.375865 -129.187424
702.375875 -128.496002
702.375885 -127.936852
702.375894 -127.490074
702.375904 -127.142303
702.375913 -126.890457
702.375923 -126.742195
702.375933 -126.699898
702.375942 -126.705353
702.375952 -126.832085
702.375962 -127.122635
702.375971 -127.619431
702.375981 -128.361786
702.375990 -129.400299
702.376000 -130.807053
702.376010 -132.696930
702.376019 -135.279297
702.376029 -139.008881
702.376038 -145.180450
702.376048 -145.024689
702.376058 -140.389938
702.376067 -137.873871
702.376077 -136.383102
702.376087 -135.497803
702.376096 -135.011108
702.376106 -134.762878
702.376115 -134.605438
702.376125 -134.391769
702.376135 -134.003601
702.376144 -133.395462
702.376154 -132.609741
702.376163 -131.737717
702.376173 -130.870773
702.376183 -130.074295
702.376192 -129.386795
702.376202 -128.827576
702.376212 -128.404083
702.376221 -128.116989
702.376231 -127.960274
702.376240 -127.911896
702.376250 -127.909042
702.376260 -127.966133
702.376269 -128.091171
702.376279 -128.245285
702.376288 -128.365204
702.376298 -128.396149
702.376308 -128.265152
702.376317 -128.083618
702.376327 -127.907295
702.376337 -127.786903
702.376346 -127.753441
702.376356 -127.754219
702.376365 -127.801598
702.376375 -127.935974
702.376385 -128.122971
702.376394 -128.313553
702.376404 -128.457718
702.376413 -128.516815
702.376423 -128.468658
702.376433 -128.428848
702.376442 -128.425934
702.376452 -128.441406
702.376462 -128.518509
702.376471 -128.664673
702.376481 -128.866928
702.376490 -129.079956
702.376500 -129.232483
702.376510 -129.269516
702.376519 -129.119797
702.376529 -128.912964
702.376538 -128.703354
702.376548 -128.538864
702.376558 -128.454071
702.376567 -128.425797
702.376577 -128.466370
702.376587 -128.618973
702.376596 -128.896301
702.376606 -129.322174
702.376615 -129.912552
702.376625 -130.685379
702.376635 -131.653000
702.376644 -132.800858
702.376654 -134.030701
702.376663 -135.062393
702.376673 -134.912003
702.376683 -133.811905
702.376692 -132.605591
702.376702 -131.562576
702.376712 -130.779572
702.376721 -130.275497
702.376731 -130.039536
702.376740 -130.009567
702.376750 -130.033493
702.376760 -130.245026
702.376769 -130.644485
702.376779 -131.195221
702.376788 -131.858154
702.376798 -132.594559
702.376808 -133.371170
702.376817 -134.160461
702.376827 -134.935898
702.376837 -135.656357
702.376846 -136.250656
702.376856 -136.615662
702.376865 -136.335724
702.376875 -135.727051
702.376885 -134.949768
702.376894 -134.121628
702.376904 -133.328842
702.376913 -132.626740
702.376923 -132.049606
702.376933 -131.617615
702.376942 -131.341736
702.376952 -131.224411
702.376962 -131.219467
702.376971 -131.258270
702.376981 -131.420242
702.376990 -131.664413
702.377000 -131.911880
702.377010 -131.959122
702.377019 -131.569489
702.377029 -130.907898
702.377038 -130.077408
702.377048 -129.194824
702.377058 -128.350006
702.377067 -127.597443
702.377077 -126.965309
702.377087 -126.464729
702.377096 -126.097649
702.377106 -125.860519
702.377115 -125.744644
702.377125 -125.727959
702.377135 -125.741241
702.377144 -125.845703
702.377154 -126.048836
702.377163 -126.341774
702.377173 -126.716904
702.377183 -127.168205
702.377192 -127.692513
702.377202 -128.289856
702.377212 -128.964371
702.377221 -129.723312
702.377231 -130.575684
702.377240 -131.513367
702.377250 -132.536285
702.377260 -133.612411
702.377269 -134.665482
702.377279 -135.575729
702.377288 -136.225174
702.377298 -136.588303
702.377308 -136.771927
702.377317 -136.950378
702.377327 -137.253128
702.377337 -137.747589
702.377346 -138.430206
702.377356 -139.134506
702.377365 -139.539078
702.377375 -139.285553
702.377385 -139.053116
702.377394 -139.025818
702.377404 -139.140213
702.377413 -139.524536
702.377423 -138.814972
702.377433 -136.354233
702.377442 -133.489227
702.377452 -130.907898
702.377462 -128.758606
702.377471 -127.019180
702.377481 -125.636948
702.377490 -124.562309
702.377500 -123.754196
702.377510 -123.179657
702.377519 -122.812210
702.377529 -122.630913
702.377538 -122.604477
702.377548 -122.619255
702.377558 -122.764778
702.377567 -123.057922
702.377577 -123.492218
702.377587 -124.062592
702.377596 -124.764198
702.377606 -125.589699
702.377615 -126.526581
702.377625 -127.553261
702.377635 -128.637085
702.377644 -129.734726
702.377654 -130.798874
702.377663 -131.786331
702.377673 -132.644470
702.377683 -133.307465
702.377692 -133.703003
702.377702 -133.318878
702.377712 -132.563644
702.377721 -131.642532
702.377731 -130.729553
702.377740 -129.939850
702.377750 -129.333618
702.377760 -128.936157
702.377769 -128.753738
702.377779 -128.729431
702.377788 -128.783707
702.377798 -129.018265
702.377808 -129.447922
702.377817 -130.062561
702.377827 -130.852905
702.377837 -131.810440
702.377846 -132.921371
702.377856 -134.161530
702.377865 -135.498550
702.377875 -136.815796
702.377885 -137.830368
702.377894 -137.365738
702.377904 -135.938614
702.377913 -134.275482
702.377923 -132.654770
702.377933 -131.185440
702.377942 -129.896255
702.377952 -128.786728
702.377962 -127.846756
702.377971 -127.064163
702.377981 -126.427292
702.377990 -125.925415
702.378000 -125.548721
702.378010 -125.288071
702.378019 -125.134071
702.378029 -125.076637
702.378038 -125.075630
702.378048 -125.104111
702.378058 -125.202469
702.378067 -125.355125
702.378077 -125.542953
702.378087 -125.743973
702.378096 -125.933983
702.378106 -126.086639
702.378115 -126.174904
702.378125 -126.069794
702.378135 -125.857704
702.378144 -125.554794
702.378154 -125.193199
702.378163 -124.814217
702.378173 -124.459969
702.378183 -124.167877
702.378192 -123.968018
702.378202 -123.883522
702.378212 -123.881935
702.378221 -123.932281
702.378231 -124.122658
702.378240 -124.471237
702.378250 -124.992699
702.378260 -125.701431
702.378269 -126.613304
702.378279 -127.743103
702.378288 -129.091217
702.378298 -130.605057
702.378308 -132.080002
702.378317 -132.970078
702.378327 -131.978317
702.378337 -130.637833
702.378346 -129.355591
702.378356 -128.288971
702.378365 -127.478203
702.378375 -126.926735
702.378385 -126.630241
702.378394 -126.572868
702.378404 -126.585106
702.378413 -126.794357
702.378423 -127.269478
702.378433 -128.024918
702.378442 -129.082596
702.378452 -130.466614
702.378462 -132.213104
702.378471 -134.357208
702.378481 -136.870163
702.378490 -139.410431
702.378500 -140.254013
702.378510 -138.638031
702.378519 -137.019867
702.378529 -135.660172
702.378538 -134.565414
702.378548 -133.712051
702.378558 -133.058716
702.378567 -132.573059
702.378577 -132.229034
702.378587 -132.003754
702.378596 -131.877533
702.378606 -131.834564
702.378615 -131.834366
702.378625 -131.865967
702.378635 -131.966156
702.378644 -132.148605
702.378654 -132.433899
702.378663 -132.853333
702.378673 -133.450958
702.378683 -134.284729
702.378692 -135.433167
702.378702 -137.004959
702.378712 -139.144470
702.378721 -141.935043
702.378731 -143.856247
702.378740 -140.822662
702.378750 -138.081863
702.378760 -136.019485
702.378769 -134.515427
702.378779 -133.446671
702.378788 -132.727661
702.378798 -132.300232
702.378808 -132.124023
702.378817 -132.098755
702.378827 -132.171402
702.378837 -132.425003
702.378846 -132.879303
702.378856 -133.544922
702.378865 -134.455612
702.378875 -135.679947
702.378885 -137.303741
702.378894 -139.500748
702.378904 -142.310333
702.378913 -142.246765
702.378923 -138.769104
702.378933 -135.899887
702.378942 -133.745956
702.378952 -132.171539
702.378962 -131.076553
702.378971 -130.403275
702.378981 -130.125473
702.378990 -130.116806
702.379000 -130.242355
702.379010 -130.777740
702.379019 -131.789322
702.379029 -133.392807
702.379038 -135.817291
702.379048 -139.539185
702.379058 -144.651718
702.379067 -139.390594
702.379077 -135.897217
702.379087 -133.605347
702.379096 -132.046707
702.379106 -130.986725
702.379115 -130.297562
702.379125 -129.905151
702.379135 -129.764374
702.379144 -129.762985
702.379154 -129.849655
702.379163 -130.146393
702.379173 -130.649399
702.379183 -131.359039
702.379192 -132.278854
702.379202 -133.389923
702.379212 -134.692947
702.379221 -136.147980
702.379231 -137.659271
702.379240 -139.067657
702.379250 -140.213196
702.379260 -141.085876
702.379269 -141.903412
702.379279 -143.033844
702.379288 -144.966064
702.379298 -148.511154
702.379308 -151.429459
702.379317 -144.269974
702.379327 -139.960159
702.379337 -136.973022
702.379346 -134.761795
702.379356 -133.083542
702.379365 -131.810791
702.379375 -130.870026
702.379385 -130.216644
702.379394 -129.823624
702.379404 -129.675842
702.379413 -129.674164
702.379423 -129.766953
702.379433 -130.096725
702.379442 -130.670944
702.379452 -131.501175
702.379462 -132.604126
702.379471 -134.002136
702.379481 -135.721664
702.379490 -137.788345
702.379500 -140.205566
702.379510 -142.877655
702.379519 -145.365173
702.379529 -145.782761
702.379538 -143.775650
702.379548 -141.483124
702.379558 -139.285294
702.379567 -137.352692
702.379577 -135.739258
702.379587 -134.463852
702.379596 -133.525299
702.379606 -132.927185
702.379615 -132.662186
702.379625 -132.647598
702.379635 -132.713501
702.379644 -133.040085
702.379654 -133.543060
702.379663 -134.013626
702.379673 -133.629257
702.379683 -132.595428
702.379692 -131.331146
702.379702 -130.097275
702.379712 -129.028091
702.379721 -128.175186
702.379731 -127.553513
702.379740 -127.166008
702.379750 -127.013252
702.379760 -127.010567
702.379769 -127.099724
702.379779 -127.430923
702.379788 -128.017075
702.379798 -128.871353
702.379808 -130.008041
702.379817 -131.437805
702.379827 -133.156143
702.379837 -135.114487
702.379846 -137.164307
702.379856 -138.989777
702.379865 -140.167175
702.379875 -139.827621
702.379885 -138.513092
702.379894 -136.763733
702.379904 -134.844971
702.379913 -132.974121
702.379923 -131.275528
702.379933 -129.800735
702.379942 -128.561493
702.379952 -127.552162
702.379962 -126.761307
702.379971 -126.177452
702.379981 -125.791359
702.379990 -125.598137
702.380000 -125.566162
702.380010 -125.598061
702.380019 -125.797661
702.380029 -126.211510
702.380038 -126.865189
702.380048 -127.799606
702.380058 -129.079346
702.380067 -130.809418
702.380077 -133.172195
702.380087 -136.516632
702.380096 -141.514816
702.380106 -142.475052
702.380115 -138.570801
702.380125 -136.404617
702.380135 -135.367020
702.380144 -135.155212
702.380154 -135.189850
702.380163 -135.809448
702.380173 -137.321655
702.380183 -140.087021
702.380192 -145.304764
702.380202 -146.980774
702.380212 -141.001678
702.380221 -137.934555
702.380231 -136.180298
702.380240 -135.249191
702.380250 -134.935654
702.380260 -134.934006
702.380269 -135.150238
702.380279 -135.866241
702.380288 -137.114426
702.380298 -139.003998
702.380308 -141.808044
702.380317 -146.269363
702.380327 -153.814880
702.380337 -146.135071
702.380346 -142.179993
702.380356 -139.691208
702.380365 -137.975891
702.380375 -136.759491
702.380385 -135.906876
702.380394 -135.332703
702.380404 -134.962296
702.380413 -134.702988
702.380423 -134.428864
702.380433 -133.994171
702.380442 -133.294327
702.380452 -132.332565
702.380462 -131.212082
702.380471 -130.064148
702.380481 -128.990128
702.380490 -128.050079
702.380500 -127.271889
702.380510 -126.664963
702.380519 -126.228600
702.380529 -125.957642
702.380538 -125.844925
702.380548 -125.840630
702.380558 -125.882652
702.380567 -126.061409
702.380577 -126.369278
702.380587 -126.788460
702.380596 -127.290634
702.380606 -127.830727
702.380615 -128.343262
702.380625 -128.748444
702.380635 -128.976791
702.380644 -128.868973
702.380654 -128.654785
702.380663 -128.454086
702.380673 -128.344437
702.380683 -128.338593
702.380692 -128.381729
702.380702 -128.603485
702.380712 -129.034943
702.380721 -129.693817
702.380731 -130.586929
702.380740 -131.714752
702.380750 -133.075821
702.380760 -134.631531
702.380769 -136.280334
702.380779 -137.818268
702.380788 -138.957520
702.380798 -139.506302
702.380808 -139.445999
702.380817 -139.307480
702.380827 -139.253708
702.380837 -139.254135
702.380846 -139.330154
702.380856 -139.509872
702.380865 -139.718842
702.380875 -139.759155
702.380885 -139.361588
702.380894 -138.634796
702.380904 -137.647278
702.380913 -136.504028
702.380923 -135.301727
702.380933 -134.108963
702.380942 -132.969650
702.380952 -131.910278
702.380962 -130.945419
702.380971 -130.080826
702.380981 -129.315659
702.380990 -128.642319
702.381000 -128.048050
702.381010 -127.515388
702.381019 -127.025322
702.381029 -126.560623
702.381038 -126.111145
702.381048 -125.677315
702.381058 -125.271744
702.381067 -124.917114
702.381077 -124.642639
702.381087 -124.479660
702.381096 -124.449127
702.381106 -124.459198
702.381115 -124.610687
702.381125 -124.961945
702.381135 -125.541138
702.381144 -126.379036
702.381154 -127.511864
702.381163 -128.986679
702.381173 -130.868454
702.381183 -133.253845
702.381192 -136.293747
702.381202 -140.218460
702.381212 -145.146362
702.381221 -147.393204
702.381231 -145.314087
702.381240 -143.905655
702.381250 -142.638733
702.381260 -141.074387
702.381269 -139.217926
702.381279 -137.321899
702.381288 -135.581451
702.381298 -134.072693
702.381308 -132.801376
702.381317 -131.740265
702.381327 -130.859482
702.381337 -130.142365
702.381346 -129.566025
702.381356 -129.113861
702.381365 -128.775391
702.381375 -128.545746
702.381385 -128.424423
702.381394 -128.395157
702.381404 -128.410019
702.381413 -128.520050
702.381423 -128.746719
702.381433 -129.098755
702.381442 -129.578278
702.381452 -130.184250
702.381462 -130.910172
702.381471 -131.742416
702.381481 -132.656158
702.381490 -133.599091
702.381500 -134.507538
702.381510 -135.283020
702.381519 -135.787445
702.381529 -135.506683
702.381538 -134.733887
702.381548 -133.726563
702.381558 -132.647003
702.381567 -131.609543
702.381577 -130.678802
702.381587 -129.884735
702.381596 -129.235733
702.381606 -128.727646
702.381615 -128.349838
702.381625 -128.089066
702.381635 -127.933662
702.381644 -127.875870
702.381654 -127.875397
702.381663 -127.915482
702.381673 -128.059387
702.381683 -128.322388
702.381692 -128.724777
702.381702 -129.288651
702.381712 -130.029083
702.381721 -130.986649
702.381731 -132.192703
702.381740 -133.683945
702.381750 -135.508820
702.381760 -137.732498
702.381769 -140.415680
702.381779 -143.362305
702.381788 -143.227692
702.381798 -140.188370
702.381808 -137.414932
702.381817 -135.087814
702.381827 -133.140900
702.381837 -131.505920
702.381846 -130.133972
702.381856 -128.990707
702.381865 -128.050507
702.381875 -127.294113
702.381885 -126.706512
702.381894 -126.276062
702.381904 -125.993797
702.381913 -125.852959
702.381923 -125.825172
702.381933 -125.848366
702.381942 -125.976013
702.381952 -126.232201
702.381962 -126.613571
702.381971 -127.115707
702.381981 -127.732323
702.381990 -128.452835
702.382000 -129.249252
702.382010 -130.106171
702.382019 -130.989807
702.382029 -131.861679
702.382038 -132.691727
702.382048 -133.477036
702.382058 -134.258377
702.382067 -135.121323
702.382077 -136.148224
702.382087 -137.448288
702.382096 -138.965851
702.382106 -139.158829
702.382115 -136.642166
702.382125 -133.890244
702.382135 -131.485321
702.382144 -129.497040
702.382154 -127.883751
702.382163 -126.597397
702.382173 -125.600647
702.382183 -124.863716
702.382192 -124.373512
702.382202 -124.124016
702.382212 -124.092201
702.382221 -124.113960
702.382231 -124.347893
702.382240 -124.835640
702.382250 -125.590897
702.382260 -126.625328
702.382269 -127.928505
702.382279 -129.410706
702.382288 -130.773254
702.382298 -131.030243
702.382308 -129.921371
702.382317 -128.695496
702.382327 -127.658531
702.382337 -126.905685
702.382346 -126.450584
702.382356 -126.282967
702.382365 -126.281395
702.382375 -126.377571
702.382385 -126.713280
702.382394 -127.271156
702.382404 -128.005371
702.382413 -128.838913
702.382423 -129.652878
702.382433 -130.301025
702.382442 -130.652786
702.382452 -130.644699
702.382462 -130.465637
702.382471 -130.301575
702.382481 -130.179749
702.382490 -130.045883
702.382500 -129.859467
702.382510 -129.534653
702.382519 -129.002045
702.382529 -128.249100
702.382538 -127.329193
702.382548 -126.331841
702.382558 -125.345795
702.382567 -124.439926
702.382577 -123.661240
702.382587 -123.040627
702.382596 -122.599312
702.382606 -122.352798
702.382615 -122.301468
702.382625 -122.313919
702.382635 -122.504089
702.382644 -122.944427
702.382654 -123.662727
702.382663 -124.693398
702.382673 -126.069359
702.382683 -127.779488
702.382692 -129.604523
702.382702 -130.291336
702.382712 -128.637238
702.382721 -126.832413
702.382731 -125.310074
702.382740 -124.144661
702.382750 -123.315796
702.382760 -122.790169
702.382769 -122.539612
702.382779 -122.507851
702.382788 -122.543365
702.382798 -122.786293
702.382808 -123.256996
702.382817 -123.946190
702.382827 -124.844711
702.382837 -125.941154
702.382846 -127.219460
702.382856 -128.653015
702.382865 -130.185715
702.382875 -131.748962
702.382885 -133.205582
702.382894 -134.336090
702.382904 -134.802414
702.382913 -134.230362
702.382923 -133.456528
702.382933 -132.688599
702.382942 -132.034576
702.382952 -131.534637
702.382962 -131.192291
702.382971 -130.992279
702.382981 -130.910919
702.382990 -130.906418
702.383000 -130.921600
702.383010 -130.998901
702.383019 -131.119125
702.383029 -131.249161
702.383038 -131.365692
702.383048 -131.440125
702.383058 -131.428940
702.383067 -131.329636
702.383077 -131.222061
702.383087 -131.167603
702.383096 -131.161926
702.383106 -131.282959
702.383115 -131.628845
702.383125 -132.321716
702.383135 -133.503479
702.383144 -135.399246
702.383154 -138.468124
702.383163 -143.936264
702.383173 -141.144180
702.383183 -136.331619
702.383192 -133.360367
702.383202 -131.377197
702.383212 -130.035416
702.383221 -129.164139
702.383231 -128.665894
702.383240 -128.478119
702.383250 -128.473587
702.383260 -128.555801
702.383269 -128.861328
702.383279 -129.360153
702.383288 -130.018478
702.383298 -130.804031
702.383308 -131.691467
702.383317 -132.670914
702.383327 -133.758789
702.383337 -135.002579
702.383346 -136.480743
702.383356 -138.242233
702.383365 -140.367767
702.383375 -142.659866
702.383385 -143.903244
702.383394 -142.656860
702.383404 -141.689774
702.383413 -141.459625
702.383423 -141.502426
702.383433 -142.300842
702.383442 -144.427902
702.383452 -143.384689
702.383462 -138.103958
702.383471 -134.024597
702.383481 -130.897095
702.383490 -128.423248
702.383500 -126.425278
702.383510 -124.795128
702.383519 -123.462540
702.383529 -122.379082
702.383538 -121.509102
702.383548 -120.825218
702.383558 -120.305229
702.383567 -119.930634
702.383577 -119.685349
702.383587 -119.555290
702.383596 -119.525635
702.383606 -119.527870
702.383615 -119.592010
702.383625 -119.737679
702.383635 -119.956306
702.383644 -120.240540
702.383654 -120.584229
702.383663 -120.982353
702.383673 -121.431107
702.383683 -121.927780
702.383692 -122.471092
702.383702 -123.061295
702.383712 -123.700638
702.383721 -124.393669
702.383731 -125.147850
702.383740 -125.974503
702.383750 -126.889748
702.383760 -127.916916
702.383769 -129.089645
702.383779 -130.458008
702.383788 -132.097778
702.383798 -134.093323
702.383808 -136.573059
702.383817 -139.429779
702.383827 -139.000656
702.383837 -135.836166
702.383846 -133.112732
702.383856 -130.942169
702.383865 -129.217499
702.383875 -127.843033
702.383885 -126.767540
702.383894 -125.949562
702.383904 -125.361115
702.383913 -124.979385
702.383923 -124.789307
702.383933 -124.759834
702.383942 -124.778702
702.383952 -124.932953
702.383962 -125.233101
702.383971 -125.653725
702.383981 -126.158882
702.383990 -126.700836
702.384000 -127.221931
702.384010 -127.665253
702.384019 -127.991302
702.384029 -128.176819
702.384038 -128.264771
702.384048 -128.294830
702.384058 -128.293060
702.384067 -128.251144
702.384077 -128.097595
702.384087 -127.797302
702.384096 -127.317673
702.384106 -126.673309
702.384115 -125.922707
702.384125 -125.142899
702.384135 -124.403557
702.384144 -123.755562
702.384154 -123.230553
702.384163 -122.845909
702.384173 -122.609177
702.384183 -122.519043
702.384192 -122.517853
702.384202 -122.576202
702.384212 -122.785202
702.384221 -123.148804
702.384231 -123.674629
702.384240 -124.378090
702.384250 -125.285538
702.384260 -126.439751
702.384269 -127.908875
702.384279 -129.793381
702.384288 -132.295624
702.384298 -135.816284
702.384308 -141.222076
702.384317 -140.583191
702.384327 -136.258408
702.384337 -133.591965
702.384346 -131.828110
702.384356 -130.617523
702.384365 -129.776215
702.384375 -129.191544
702.384385 -128.788147
702.384394 -128.514160
702.384404 -128.337234
702.384413 -128.242859
702.384423 -128.210617
702.384433 -128.222641
702.384442 -128.324356
702.384452 -128.542969
702.384462 -128.923462
702.384471 -129.507004
702.384481 -130.342148
702.384490 -131.470840
702.384500 -132.979797
702.384510 -134.956192
702.384519 -137.460175
702.384529 -140.240845
702.384538 -140.885834
702.384548 -138.987473
702.384558 -137.458328
702.384567 -136.495529
702.384577 -136.003403
702.384587 -135.886826
702.384596 -135.891449
702.384606 -136.082260
702.384615 -136.381577
702.384625 -136.583389
702.384635 -136.358658
702.384644 -135.913742
702.384654 -135.444290
702.384663 -135.065582
702.384673 -134.834991
702.384683 -134.751266
702.384692 -134.735580
702.384702 -134.822235
702.384712 -135.000076
702.384721 -135.238693
702.384731 -135.513840
702.384740 -135.801849
702.384750 -136.059006
702.384760 -136.227203
702.384769 -136.022049
702.384779 -135.519119
702.384788 -134.790512
702.384798 -133.958527
702.384808 -133.148987
702.384817 -132.453522
702.384827 -131.924683
702.384837 -131.587051
702.384846 -131.446320
702.384856 -131.441422
702.384865 -131.496475
702.384875 -131.719818
702.384885 -132.078766
702.384894 -132.538651
702.384904 -133.042221
702.384913 -133.519760
702.384923 -133.900223
702.384933 -134.132263
702.384942 -134.143875
702.384952 -134.022675
702.384962 -133.920624
702.384971 -133.912704
702.384981 -133.953979
702.384990 -134.242050
702.385000 -134.937500
702.385010 -136.271439
702.385019 -138.668045
702.385029 -143.250397
702.385038 -141.530853
702.385048 -135.768677
702.385058 -132.135803
702.385067 -129.596100
702.385077 -127.752838
702.385087 -126.426170
702.385096 -125.510338
702.385106 -124.938713
702.385115 -124.662971
702.385125 -124.624207
702.385135 -124.640045
702.385144 -124.822052
702.385154 -125.146317
702.385163 -125.529381
702.385173 -125.871696
702.385183 -126.084030
702.385192 -126.040390
702.385202 -125.905663
702.385212 -125.820786
702.385221 -125.817223
702.385231 -125.865967
702.385240 -126.098274
702.385250 -126.557739
702.385260 -127.273369
702.385269 -128.267990
702.385279 -129.551880
702.385288 -131.131546
702.385298 -132.995605
702.385308 -135.073761
702.385317 -137.174866
702.385327 -138.831833
702.385337 -138.130585
702.385346 -135.763535
702.385356 -133.099716
702.385365 -130.604446
702.385375 -128.428299
702.385385 -126.595108
702.385394 -125.095787
702.385404 -123.909470
702.385413 -123.014076
702.385423 -122.389000
702.385433 -122.019478
702.385442 -121.894302
702.385452 -121.894211
702.385462 -122.003685
702.385471 -122.337112
702.385481 -122.883591
702.385490 -123.628868
702.385500 -124.554207
702.385510 -125.634521
702.385519 -126.840576
702.385529 -128.144547
702.385538 -129.532776
702.385548 -131.020721
702.385558 -132.667801
702.385567 -134.587906
702.385577 -136.970352
702.385587 -140.148636
702.385596 -144.841675
702.385606 -153.761337
702.385615 -147.709366
702.385625 -144.664856
702.385635 -143.502258
702.385644 -143.414429
702.385654 -143.599060
702.385663 -144.715302
702.385673 -145.719299
702.385683 -142.671021
702.385692 -139.498306
702.385702 -137.005325
702.385712 -135.171341
702.385721 -133.889114
702.385731 -133.076416
702.385740 -132.680496
702.385750 -132.631699
702.385760 -132.670456
702.385769 -133.030685
702.385779 -133.753357
702.385788 -134.828308
702.385798 -136.211441
702.385808 -137.751450
702.385817 -139.069077
702.385827 -139.335587
702.385837 -138.644119
702.385846 -138.032654
702.385856 -137.720963
702.385865 -137.676422
702.385875 -137.720978
702.385885 -138.020782
702.385894 -138.451599
702.385904 -138.240524
702.385913 -137.109177
702.385923 -135.610138
702.385933 -134.101471
702.385942 -132.762222
702.385952 -131.643661
702.385962 -130.737991
702.385971 -130.012772
702.385981 -129.425308
702.385990 -128.928955
702.386000 -128.479370
702.386010 -128.041458
702.386019 -127.596596
702.386029 -127.145409
702.386038 -126.705719
702.386048 -126.305397
702.386058 -125.975441
702.386067 -125.741432
702.386077 -125.619949
702.386087 -125.612015
702.386096 -125.641174
702.386106 -125.820236
702.386115 -126.170250
702.386125 -126.703758
702.386135 -127.435501
702.386144 -128.384430
702.386154 -129.575424
702.386163 -131.032928
702.386173 -132.740448
702.386183 -134.472107
702.386192 -134.609528
702.386202 -132.533157
702.386212 -130.262329
702.386221 -128.234238
702.386231 -126.526184
702.386240 -125.121773
702.386250 -123.990433
702.386260 -123.104317
702.386269 -122.440742
702.386279 -121.981010
702.386288 -121.709488
702.386298 -121.613014
702.386308 -121.612526
702.386317 -121.681221
702.386327 -121.906113
702.386337 -122.284103
702.386346 -122.817307
702.386356 -123.515221
702.386365 -124.397034
702.386375 -125.494240
702.386385 -126.854935
702.386394 -128.551834
702.386404 -130.678253
702.386413 -133.402618
702.386423 -136.964661
702.386433 -141.158218
702.386442 -139.612228
702.386452 -137.083847
702.386462 -135.463928
702.386471 -134.541840
702.386481 -134.141876
702.386490 -134.096603
702.386500 -134.151398
702.386510 -134.489075
702.386519 -135.082352
702.386529 -135.843445
702.386538 -136.646271
702.386548 -137.312363
702.386558 -137.571213
702.386567 -137.141312
702.386577 -136.534760
702.386587 -135.912308
702.386596 -135.353821
702.386606 -134.924835
702.386615 -134.637390
702.386625 -134.472687
702.386635 -134.397278
702.386644 -134.374741
702.386654 -134.374100
702.386663 -134.381592
702.386673 -134.421051
702.386683 -134.530975
702.386692 -134.779175
702.386702 -135.259079
702.386712 -136.090805
702.386721 -137.449249
702.386731 -139.642609
702.386740 -143.384369
702.386750 -149.621338
702.386760 -141.962357
702.386769 -137.754578
702.386779 -135.031311
702.386788 -133.153793
702.386798 -131.858475
702.386808 -131.015961
702.386817 -130.558975
702.386827 -130.447342
702.386837 -130.453781
702.386846 -130.689011
702.386856 -131.260452
702.386865 -132.157547
702.386875 -133.359665
702.386885 -134.696854
702.386894 -135.424454
702.386904 -134.003143
702.386913 -132.141678
702.386923 -130.368195
702.386933 -128.845932
702.386942 -127.583252
702.386952 -126.560776
702.386962 -125.756599
702.386971 -125.143181
702.386981 -124.697945
702.386990 -124.403122
702.387000 -124.244537
702.387010 -124.208252
702.387019 -124.211273
702.387029 -124.295174
702.387038 -124.490273
702.387048 -124.792839
702.387058 -125.200584
702.387067 -125.711533
702.387077 -126.322029
702.387087 -127.023582
702.387096 -127.798393
702.387106 -128.613434
702.387115 -129.415710
702.387125 -130.132736
702.387135 -130.687500
702.387144 -131.026794
702.387154 -131.094986
702.387163 -130.937241
702.387173 -130.737549
702.387183 -130.543045
702.387192 -130.385010
702.387202 -130.284866
702.387212 -130.257828
702.387221 -130.259521
702.387231 -130.325882
702.387240 -130.501724
702.387250 -130.808182
702.387260 -131.265015
702.387269 -131.898331
702.387279 -132.754852
702.387288 -133.879547
702.387298 -135.315735
702.387308 -137.060135
702.387317 -138.879486
702.387327 -139.244125
702.387337 -137.419312
702.387346 -135.506531
702.387356 -133.903458
702.387365 -132.667297
702.387375 -131.771484
702.387385 -131.176331
702.387394 -130.847534
702.387404 -130.771683
702.387413 -130.778076
702.387423 -130.956390
702.387433 -131.375595
702.387442 -132.028793
702.387452 -132.891953
702.387462 -133.886047
702.387471 -134.804474
702.387481 -134.961090
702.387490 -133.978317
702.387500 -132.731796
702.387510 -131.547852
702.387519 -130.582306
702.387529 -129.893875
702.387538 -129.503754
702.387548 -129.414063
702.387558 -129.424149
702.387567 -129.671051
702.387577 -130.264511
702.387587 -131.230347
702.387596 -132.625610
702.387606 -134.465622
702.387615 -136.537781
702.387625 -137.022430
702.387635 -134.918350
702.387644 -132.817612
702.387654 -131.091614
702.387663 -129.744095
702.387673 -128.716660
702.387683 -127.951454
702.387692 -127.408737
702.387702 -127.064041
702.387712 -126.897079
702.387721 -126.877525
702.387731 -126.894760
702.387740 -127.047554
702.387750 -127.346741
702.387760 -127.774269
702.387769 -128.315887
702.387779 -128.941925
702.387788 -129.605530
702.387798 -130.243561
702.387808 -130.784409
702.387817 -131.168945
702.387827 -131.372131
702.387837 -131.335144
702.387846 -131.186325
702.387856 -131.038254
702.387865 -130.933853
702.387875 -130.902512
702.387885 -130.903488
702.387894 -130.962357
702.387904 -131.107300
702.387913 -131.310547
702.387923 -131.516861
702.387933 -131.631577
702.387942 -131.432449
702.387952 -131.079544
702.387962 -130.645782
702.387971 -130.212692
702.387981 -129.845276
702.387990 -129.586884
702.388000 -129.457626
702.388010 -129.442062
702.388019 -129.476791
702.388029 -129.668579
702.388038 -130.049393
702.388048 -130.638336
702.388058 -131.454330
702.388067 -132.505936
702.388077 -133.760529
702.388087 -135.068573
702.388096 -136.046478
702.388106 -135.338181
702.388115 -134.017471
702.388125 -132.651535
702.388135 -131.436844
702.388144 -130.422699
702.388154 -129.603821
702.388163 -128.958832
702.388173 -128.464294
702.388183 -128.097626
702.388192 -127.838646
702.388202 -127.669312
702.388212 -127.574913
702.388221 -127.542244
702.388231 -127.536888
702.388240 -127.572113
702.388250 -127.658127
702.388260 -127.808907
702.388269 -128.036682
702.388279 -128.359695
702.388288 -128.801849
702.388298 -129.394928
702.388308 -130.181763
702.388317 -131.224503
702.388327 -132.620590
702.388337 -134.541077
702.388346 -137.336609
702.388356 -141.947723
702.388365 -146.904266
702.388375 -139.394745
702.388385 -135.453400
702.388394 -132.876419
702.388404 -131.063431
702.388413 -129.778473
702.388423 -128.903488
702.388433 -128.376709
702.388442 -128.166229
702.388452 -128.160583
702.388462 -128.258362
702.388471 -128.650955
702.388481 -129.351395
702.388490 -130.375504
702.388500 -131.746124
702.388510 -133.490753
702.388519 -135.634766
702.388529 -138.180099
702.388538 -141.045425
702.388548 -143.930420
702.388558 -146.109299
702.388567 -145.039886
702.388577 -142.432022
702.388587 -139.661865
702.388596 -137.156845
702.388606 -135.031204
702.388615 -133.284012
702.388625 -131.883865
702.388635 -130.796463
702.388644 -129.993210
702.388654 -129.452454
702.388663 -129.159348
702.388673 -129.091736
702.388683 -129.104721
702.388692 -129.284027
702.388702 -129.695190
702.388712 -130.339005
702.388721 -131.216919
702.388731 -132.329712
702.388740 -133.673691
702.388750 -135.225739
702.388760 -136.929108
702.388769 -138.681839
702.388779 -140.250351
702.388788 -141.284760
702.388798 -141.192917
702.388808 -140.547928
702.388817 -139.848831
702.388827 -139.142502
702.388837 -138.333328
702.388846 -137.274200
702.388856 -135.890793
702.388865 -134.258423
702.388875 -132.538956
702.388885 -130.878922
702.388894 -129.367981
702.388904 -128.048355
702.388913 -126.933144
702.388923 -126.020882
702.388933 -125.302689
702.388942 -124.766373
702.388952 -124.398537
702.388962 -124.185875
702.388971 -124.116196
702.388981 -124.116188
702.388990 -124.180511
702.389000 -124.373558
702.389010 -124.697189
702.389019 -125.161697
702.389029 -125.788223
702.389038 -126.610863
702.389048 -127.680412
702.389058 -129.070740
702.389067 -130.858368
702.389077 -133.190140
702.389087 -136.118378
702.389096 -138.288635
702.389106 -135.573761
702.389115 -133.084610
702.389125 -131.228378
702.389135 -129.905472
702.389144 -129.001617
702.389154 -128.434464
702.389163 -128.145813
702.389173 -128.081253
702.389183 -128.090820
702.389192 -128.231262
702.389202 -128.528946
702.389212 -128.944260
702.389221 -129.435593
702.389231 -129.964279
702.389240 -130.502548
702.389250 -131.043594
702.389260 -131.606018
702.389269 -132.232315
702.389279 -132.981827
702.389288 -133.911865
702.389298 -135.088837
702.389308 -136.587891
702.389317 -138.380325
702.389327 -140.042542
702.389337 -138.738449
702.389346 -136.410431
702.389356 -134.247177
702.389365 -132.446091
702.389375 -130.995041
702.389385 -129.848450
702.389394 -128.963898
702.389404 -128.306931
702.389413 -127.847778
702.389423 -127.558929
702.389433 -127.411476
702.389442 -127.373405
702.389452 -127.373581
702.389462 -127.409111
702.389471 -127.478706
702.389481 -127.544121
702.389490 -127.558365
702.389500 -127.498772
702.389510 -127.421822
702.389519 -127.366104
702.389529 -127.361313
702.389538 -127.376839
702.389548 -127.500175
702.389558 -127.778877
702.389567 -128.249405
702.389577 -128.964523
702.389587 -129.970108
702.389596 -131.309708
702.389606 -132.999252
702.389615 -134.915726
702.389625 -136.493988
702.389635 -135.436615
702.389644 -133.749847
702.389654 -132.240845
702.389663 -131.041153
702.389673 -130.121399
702.389683 -129.413971
702.389692 -128.843948
702.389702 -128.341339
702.389712 -127.851624
702.389721 -127.348335
702.389731 -126.837181
702.389740 -126.350266
702.389750 -125.931274
702.389760 -125.622871
702.389769 -125.458641
702.389779 -125.435486
702.389788 -125.461685
702.389798 -125.632545
702.389808 -125.980019
702.389817 -126.498894
702.389827 -127.168846
702.389837 -127.956474
702.389846 -128.815674
702.389856 -129.691086
702.389865 -130.527603
702.389875 -131.283173
702.389885 -131.934784
702.389894 -132.471313
702.389904 -132.858353
702.389913 -132.983704
702.389923 -132.637497
702.389933 -132.023804
702.389942 -131.227783
702.389952 -130.360870
702.389962 -129.518387
702.389971 -128.763046
702.389981 -128.126144
702.389990 -127.616043
702.390000 -127.224411
702.390010 -126.932144
702.390019 -126.713936
702.390029 -126.543388
702.390038 -126.397942
702.390048 -126.263123
702.390058 -126.133934
702.390067 -126.013474
702.390077 -125.908958
702.390087 -125.827522
702.390096 -125.772575
702.390106 -125.740761
702.390115 -125.726654
702.390125 -125.733978
702.390135 -125.763191
702.390144 -125.812515
702.390154 -125.880249
702.390163 -125.965614
702.390173 -126.077126
702.390183 -126.219536
702.390192 -126.385185
702.390202 -126.581306
702.390212 -126.801025
702.390221 -127.027924
702.390231 -127.238174
702.390240 -127.402710
702.390250 -127.490837
702.390260 -127.387047
702.390269 -127.188187
702.390279 -126.910126
702.390288 -126.572868
702.390298 -126.197662
702.390308 -125.802643
702.390317 -125.412254
702.390327 -125.053925
702.390337 -124.752022
702.390346 -124.531242
702.390356 -124.415588
702.390365 -124.402985
702.390375 -124.424774
702.390385 -124.584549
702.390394 -124.920090
702.390404 -125.459984
702.390413 -126.241295
702.390423 -127.318146
702.390433 -128.777420
702.390442 -130.775192
702.390452 -133.636398
702.390462 -138.238632
702.390471 -145.370804
702.390481 -137.082718
702.390490 -133.044540
702.390500 -130.453354
702.390510 -128.620453
702.390519 -127.269630
702.390529 -126.261322
702.390538 -125.515244
702.390548 -124.980888
702.390558 -124.624969
702.390567 -124.425186
702.390577 -124.366592
702.390587 -124.366920
702.390596 -124.441162
702.390606 -124.642128
702.390615 -124.965973
702.390625 -125.407616
702.390635 -125.956924
702.390644 -126.592674
702.390654 -127.275055
702.390663 -127.938217
702.390673 -128.489822
702.390683 -128.828995
702.390692 -128.657745
702.390702 -128.201767
702.390712 -127.602409
702.390721 -126.936302
702.390731 -126.259781
702.390740 -125.611298
702.390750 -125.016205
702.390760 -124.491745
702.390769 -124.049797
702.390779 -123.699051
702.390788 -123.446617
702.390798 -123.299606
702.390808 -123.263123
702.390817 -123.265999
702.390827 -123.355354
702.390837 -123.578026
702.390846 -123.944923
702.390856 -124.465057
702.390865 -125.136353
702.390875 -125.951286
702.390885 -126.893654
702.390894 -127.914040
702.390904 -128.926422
702.390913 -129.815002
702.390923 -130.474243
702.390933 -130.872787
702.390942 -131.078018
702.390952 -131.212555
702.390962 -131.392166
702.390971 -131.679001
702.390981 -132.112244
702.390990 -132.684860
702.391000 -133.309799
702.391010 -133.803345
702.391019 -133.470337
702.391029 -132.548462
702.391038 -131.378510
702.391048 -130.168549
702.391058 -129.037109
702.391067 -128.038116
702.391077 -127.192261
702.391087 -126.506378
702.391096 -125.980766
702.391106 -125.612160
702.391115 -125.392822
702.391125 -125.309715
702.391135 -125.307739
702.391144 -125.342537
702.391154 -125.462990
702.391163 -125.635658
702.391173 -125.822968
702.391183 -125.992767
702.391192 -126.128059
702.391202 -126.232445
702.391212 -126.328728
702.391221 -126.451576
702.391231 -126.638802
702.391240 -126.925896
702.391250 -127.344093
702.391260 -127.920891
702.391269 -128.681702
702.391279 -129.650330
702.391288 -130.846939
702.391298 -132.279099
702.391308 -133.915390
702.391317 -135.623993
702.391327 -137.076828
702.391337 -137.537216
702.391346 -136.585815
702.391356 -135.285370
702.391365 -133.818863
702.391375 -132.271042
702.391385 -130.712341
702.391394 -129.213989
702.391404 -127.834709
702.391413 -126.614197
702.391423 -125.574249
702.391433 -124.725006
702.391442 -124.070328
702.391452 -123.612274
702.391462 -123.353775
702.391471 -123.294540
702.391481 -123.301346
702.391490 -123.466713
702.391500 -123.868683
702.391510 -124.536674
702.391519 -125.515663
702.391529 -126.873253
702.391538 -128.710602
702.391548 -131.160172
702.391558 -134.225677
702.391567 -135.526794
702.391577 -132.721497
702.391587 -130.355133
702.391596 -128.623947
702.391606 -127.390656
702.391615 -126.527054
702.391625 -125.936119
702.391635 -125.541962
702.391644 -125.281815
702.391654 -125.103195
702.391663 -124.963699
702.391673 -124.833054
702.391683 -124.694542
702.391692 -124.544945
702.391702 -124.391960
702.391712 -124.250900
702.391721 -124.140106
702.391731 -124.073273
702.391740 -124.062294
702.391750 -124.071922
702.391760 -124.147728
702.391769 -124.306931
702.391779 -124.549599
702.391788 -124.869514
702.391798 -125.253838
702.391808 -125.684036
702.391817 -126.137543
702.391827 -126.590942
702.391837 -127.024170
702.391846 -127.423897
702.391856 -127.784569
702.391865 -128.097763
702.391875 -128.361664
702.391885 -128.578232
702.391894 -128.735153
702.391904 -128.816727
702.391913 -128.745575
702.391923 -128.637939
702.391933 -128.544556
702.391942 -128.517746
702.391952 -128.521591
702.391962 -128.620148
702.391971 -128.881516
702.391981 -129.334564
702.391990 -129.985245
702.392000 -130.856812
702.392010 -131.948837
702.392019 -133.252899
702.392029 -134.758194
702.392038 -136.462585
702.392048 -138.381302
702.392058 -140.416702
702.392067 -142.278076
702.392077 -141.351379
702.392087 -138.983322
702.392096 -136.759613
702.392106 -134.938126
702.392115 -133.505814
702.392125 -132.429169
702.392135 -131.659317
702.392144 -131.150314
702.392154 -130.863815
702.392163 -130.766373
702.392173 -130.755600
702.392183 -130.828003
702.392192 -131.018509
702.392202 -131.305740
702.392212 -131.648209
702.392221 -131.989288
702.392231 -132.283463
702.392240 -132.474472
702.392250 -132.399475
702.392260 -132.133118
702.392269 -131.760971
702.392279 -131.335632
702.392288 -130.910461
702.392298 -130.532120
702.392308 -130.239685
702.392317 -130.063812
702.392327 -130.023056
702.392337 -130.028564
702.392346 -130.151825
702.392356 -130.446686
702.392365 -130.922501
702.392375 -131.585815
702.392385 -132.438614
702.392394 -133.474060
702.392404 -134.647858
702.392413 -135.866608
702.392423 -136.957458
702.392433 -137.634171
702.392442 -137.095901
702.392452 -136.202560
702.392462 -135.216980
702.392471 -134.284821
702.392481 -133.474930
702.392490 -132.790039
702.392500 -132.215240
702.392510 -131.731384
702.392519 -131.323593
702.392529 -130.984406
702.392538 -130.716003
702.392548 -130.528275
702.392558 -130.434479
702.392567 -130.427948
702.392577 -130.446960
702.392587 -130.571930
702.392596 -130.793884
702.392606 -131.102570
702.392615 -131.478836
702.392625 -131.888794
702.392635 -132.299591
702.392644 -132.692932
702.392654 -133.074066
702.392663 -133.471786
702.392673 -133.926102
702.392683 -134.461563
702.392692 -135.078644
702.392702 -135.760086
702.392712 -136.397430
702.392721 -136.751648
702.392731 -136.186401
702.392740 -135.231384
702.392750 -134.094345
702.392760 -132.933075
702.392769 -131.833023
702.392779 -130.832901
702.392788 -129.948914
702.392798 -129.190033
702.392808 -128.562790
702.392817 -128.074158
702.392827 -127.725266
702.392837 -127.519081
702.392846 -127.458000
702.392856 -127.456009
702.392865 -127.550430
702.392875 -127.766640
702.392885 -128.079956
702.392894 -128.438614
702.392904 -128.769165
702.392913 -128.962250
702.392923 -128.861633
702.392933 -128.532608
702.392942 -128.105423
702.392952 -127.648140
702.392962 -127.211479
702.392971 -126.825027
702.392981 -126.502174
702.392990 -126.245399
702.393000 -126.044426
702.393010 -125.901634
702.393019 -125.817757
702.393029 -125.793442
702.393038 -125.793938
702.393048 -125.836327
702.393058 -125.956139
702.393067 -126.169441
702.393077 -126.496170
702.393087 -126.959167
702.393096 -127.582573
702.393106 -128.386398
702.393115 -129.413193
702.393125 -130.708145
702.393135 -132.337814
702.393144 -134.415298
702.393154 -137.153885
702.393163 -140.987137
702.393173 -146.314713
702.393183 -141.164063
702.393192 -137.367340
702.393202 -134.695740
702.393212 -132.714310
702.393221 -131.210541
702.393231 -130.073257
702.393240 -129.237701
702.393250 -128.659256
702.393260 -128.300568
702.393269 -128.121262
702.393279 -128.059540
702.393288 -128.038620
702.393298 -128.045944
702.393308 -127.950630
702.393317 -127.677826
702.393327 -127.258102
702.393337 -126.753090
702.393346 -126.247543
702.393356 -125.819717
702.393365 -125.529404
702.393375 -125.417320
702.393385 -125.401161
702.393394 -125.515839
702.393404 -125.844009
702.393413 -126.421486
702.393423 -127.264328
702.393433 -128.381393
702.393442 -129.754440
702.393452 -131.283310
702.393462 -132.671143
702.393471 -133.094070
702.393481 -132.122864
702.393490 -130.992676
702.393500 -129.988586
702.393510 -129.201172
702.393519 -128.640518
702.393529 -128.291977
702.393538 -128.136368
702.393548 -128.118698
702.393558 -128.157120
702.393567 -128.341415
702.393577 -128.681839
702.393587 -129.177002
702.393596 -129.832977
702.393606 -130.663223
702.393615 -131.687164
702.393625 -132.946426
702.393635 -134.489990
702.393644 -136.368301
702.393654 -138.567581
702.393663 -140.754501
702.393673 -140.997467
702.393683 -139.295563
702.393692 -137.717010
702.393702 -136.527145
702.393712 -135.730362
702.393721 -135.267227
702.393731 -135.070374
702.393740 -135.039719
702.393750 -135.064728
702.393760 -135.150467
702.393769 -134.989029
702.393779 -134.427399
702.393788 -133.551071
702.393798 -132.508698
702.393808 -131.461227
702.393817 -130.523727
702.393827 -129.763428
702.393837 -129.216202
702.393846 -128.900955
702.393856 -128.820038
702.393865 -128.827927
702.393875 -129.003052
702.393885 -129.426743
702.393894 -130.086136
702.393904 -130.962418
702.393913 -132.008636
702.393923 -133.128799
702.393933 -134.165039
702.393942 -134.911270
702.393952 -134.892105
702.393962 -134.059601
702.393971 -132.844177
702.393981 -131.411041
702.393990 -129.917953
702.394000 -128.485626
702.394010 -127.190002
702.394019 -126.070648
702.394029 -125.143356
702.394038 -124.409454
702.394048 -123.862183
702.394058 -123.490120
702.394067 -123.278442
702.394077 -123.209686
702.394087 -123.201599
702.394096 -123.264572
702.394106 -123.419418
702.394115 -123.648705
702.394125 -123.924797
702.394135 -124.220032
702.394144 -124.509949
702.394154 -124.777451
702.394163 -125.015747
702.394173 -125.229164
702.394183 -125.431595
702.394192 -125.642647
702.394202 -125.884209
702.394212 -126.178307
702.394221 -126.543068
702.394231 -127.002548
702.394240 -127.582619
702.394250 -128.310120
702.394260 -129.217773
702.394269 -130.347305
702.394279 -131.754379
702.394288 -133.517288
702.394298 -135.753159
702.394308 -138.642090
702.394317 -142.400818
702.394327 -146.381302
702.394337 -143.295410
702.394346 -140.760208
702.394356 -138.974380
702.394365 -137.663177
702.394375 -136.671021
702.394385 -135.874466
702.394394 -135.200211
702.394404 -134.612076
702.394413 -134.099030
702.394423 -133.670532
702.394433 -133.351013
702.394442 -133.178513
702.394452 -133.157379
702.394462 -133.200134
702.394471 -133.467300
702.394481 -134.018478
702.394490 -134.829315
702.394500 -135.655991
702.394510 -134.615936
702.394519 -132.475479
702.394529 -130.200531
702.394538 -128.173615
702.394548 -126.481506
702.394558 -125.115570
702.394567 -124.046410
702.394577 -123.244225
702.394587 -122.683212
702.394596 -122.341095
702.394606 -122.198196
702.394615 -122.185081
702.394625 -122.235809
702.394635 -122.434410
702.394644 -122.772507
702.394654 -123.225517
702.394663 -123.764595
702.394673 -124.356522
702.394683 -124.964310
702.394692 -125.549652
702.394702 -126.076729
702.394712 -126.517227
702.394721 -126.854851
702.394731 -127.087967
702.394740 -127.227928
702.394750 -127.292091
702.394760 -127.284027
702.394769 -127.226501
702.394779 -127.129257
702.394788 -126.977493
702.394798 -126.755623
702.394808 -126.455299
702.394817 -126.082550
702.394827 -125.658394
702.394837 -125.214439
702.394846 -124.785721
702.394856 -124.405365
702.394865 -124.101051
702.394875 -123.895035
702.394885 -123.804230
702.394894 -123.795319
702.394904 -123.842003
702.394913 -124.017822
702.394923 -124.338478
702.394933 -124.806969
702.394942 -125.421051
702.394952 -126.169144
702.394962 -127.023926
702.394971 -127.932327
702.394981 -128.807098
702.394990 -129.531631
702.395000 -129.997620
702.395010 -130.090744
702.395019 -129.886414
702.395029 -129.662506
702.395038 -129.497391
702.395048 -129.436615
702.395058 -129.432648
702.395067 -129.505600
702.395077 -129.711548
702.395087 -130.055954
702.395096 -130.533356
702.395106 -131.131210
702.395115 -131.828384
702.395125 -132.591202
702.395135 -133.370209
702.395144 -134.098480
702.395154 -134.686401
702.395163 -135.036530
702.395173 -134.743149
702.395183 -134.064453
702.395192 -133.116928
702.395202 -132.020844
702.395212 -130.893356
702.395221 -129.825043
702.395231 -128.875732
702.395240 -128.081757
702.395250 -127.463295
702.395260 -127.031685
702.395269 -126.793167
702.395279 -126.743225
702.395288 -126.751213
702.395298 -126.909538
702.395308 -127.275749
702.395317 -127.858681
702.395327 -128.671402
702.395337 -129.732315
702.395346 -131.063995
702.395356 -132.684830
702.395365 -134.572937
702.395375 -136.541092
702.395385 -137.981094
702.395394 -136.876968
702.395404 -135.320648
702.395413 -133.875107
702.395423 -132.666046
702.395433 -131.691925
702.395442 -130.924423
702.395452 -130.335480
702.395462 -129.903091
702.395471 -129.610703
702.395481 -129.445587
702.395490 -129.387848
702.395500 -129.378342
702.395510 -129.453934
702.395519 -129.615021
702.395529 -129.867935
702.395538 -130.213440
702.395548 -130.655746
702.395558 -131.206192
702.395567 -131.883438
702.395577 -132.711411
702.395587 -133.708801
702.395596 -134.857864
702.395606 -136.016281
702.395615 -136.513702
702.395625 -135.190826
702.395635 -133.384613
702.395644 -131.593613
702.395654 -130.019196
702.395663 -128.710953
702.395673 -127.666496
702.395683 -126.870789
702.395692 -126.306892
702.395702 -125.959969
702.395712 -125.817268
702.395721 -125.812111
702.395731 -125.866386
702.395740 -126.100189
702.395750 -126.513481
702.395760 -127.101868
702.395769 -127.857750
702.395779 -128.780670
702.395788 -129.866653
702.395798 -131.090271
702.395808 -132.365021
702.395817 -133.470749
702.395827 -133.783325
702.395837 -132.880661
702.395846 -131.729721
702.395856 -130.624512
702.395865 -129.695404
702.395875 -128.978958
702.395885 -128.471222
702.395894 -128.149231
702.395904 -127.980667
702.395913 -127.913582
702.395923 -127.889137
702.395933 -127.911003
702.395942 -127.961128
702.395952 -128.015503
702.395962 -128.071426
702.395971 -128.148117
702.395981 -128.282852
702.395990 -128.512497
702.396000 -128.879654
