690.163000 -136.000076
690.163010 -134.681915
690.163019 -133.521332
690.163029 -132.500488
690.163038 -131.607086
690.163048 -130.830978
690.163058 -130.167358
690.163067 -129.613235
690.163077 -129.169998
690.163087 -128.840637
690.163096 -128.631332
690.163106 -128.549057
690.163115 -128.540955
690.163125 -128.602173
690.163135 -128.795822
690.163144 -129.130844
690.163154 -129.595184
690.163163 -130.154892
690.163173 -130.738968
690.163183 -131.231812
690.163192 -131.442490
690.163202 -131.095413
690.163212 -130.573639
690.163221 -130.015015
690.163231 -129.518265
690.163240 -129.140320
690.163250 -128.903717
690.163260 -128.811050
690.163269 -128.800385
690.163279 -128.869095
690.163288 -129.061874
690.163298 -129.388962
690.163308 -129.855011
690.163317 -130.473206
690.163327 -131.274551
690.163337 -132.309265
690.163346 -133.664307
690.163356 -135.477249
690.163365 -138.025635
690.163375 -141.944427
690.163385 -149.421448
690.163394 -144.017242
690.163404 -139.704376
690.163413 -137.213501
690.163423 -135.697464
690.163433 -134.840134
690.163442 -134.496887
690.163452 -134.481293
690.163462 -134.589844
690.163471 -135.090866
690.163481 -136.000198
690.163490 -137.363083
690.163500 -139.303146
690.163510 -142.155289
690.163519 -146.960663
690.163529 -149.307709
690.163538 -141.870102
690.163548 -137.440277
690.163558 -134.199493
690.163567 -131.623688
690.163577 -129.495773
690.163587 -127.717323
690.163596 -126.232292
690.163606 -125.002747
690.163615 -124.000519
690.163625 -123.201843
690.163635 -122.584518
690.163644 -122.126778
690.163654 -121.806496
690.163663 -121.602303
690.163673 -121.494995
690.163683 -121.464531
690.163692 -121.464195
690.163702 -121.523071
690.163712 -121.654907
690.163721 -121.878204
690.163731 -122.212830
690.163740 -122.682709
690.163750 -123.313614
690.163760 -124.121147
690.163769 -125.107056
690.163779 -126.272194
690.163788 -127.553673
690.163798 -128.791992
690.163808 -129.720047
690.163817 -129.942307
690.163827 -129.524200
690.163837 -129.111298
690.163846 -128.859680
690.163856 -128.812347
690.163865 -128.819824
690.163875 -128.991913
690.163885 -129.349152
690.163894 -129.789078
690.163904 -130.134705
690.163913 -129.759308
690.163923 -128.978683
690.163933 -128.027451
690.163942 -127.091805
690.163952 -126.286919
690.163962 -125.669067
690.163971 -125.263412
690.163981 -125.079712
690.163990 -125.066238
690.164000 -125.123558
690.164010 -125.398438
690.164019 -125.910110
690.164029 -126.666397
690.164038 -127.679749
690.164048 -128.966537
690.164058 -130.550735
690.164067 -132.463409
690.164077 -134.747116
690.164087 -137.447220
690.164096 -140.568756
690.164106 -143.799347
690.164115 -144.871887
690.164125 -142.655533
690.164135 -140.345413
690.164144 -138.206436
690.164154 -136.293274
690.164163 -134.589188
690.164173 -133.085220
690.164183 -131.773514
690.164192 -130.646347
690.164202 -129.695404
690.164212 -128.913376
690.164221 -128.292984
690.164231 -127.827324
690.164240 -127.507439
690.164250 -127.320778
690.164260 -127.246315
690.164269 -127.225830
690.164279 -127.251564
690.164288 -127.301666
690.164298 -127.323570
690.164308 -127.213837
690.164317 -126.999710
690.164327 -126.721481
690.164337 -126.433975
690.164346 -126.194458
690.164356 -126.051369
690.164365 -126.025299
690.164375 -126.034470
690.164385 -126.145561
690.164394 -126.395409
690.164404 -126.749596
690.164413 -127.130096
690.164423 -127.410065
690.164433 -127.132057
690.164442 -126.522865
690.164452 -125.749489
690.164462 -124.956291
690.164471 -124.244400
690.164481 -123.667107
690.164490 -123.244789
690.164500 -122.969933
690.164510 -122.835457
690.164519 -122.811882
690.164529 -122.830154
690.164538 -122.934563
690.164548 -123.131332
690.164558 -123.408226
690.164567 -123.760704
690.164577 -124.191010
690.164587 -124.697289
690.164596 -125.275505
690.164606 -125.925240
690.164615 -126.613297
690.164625 -127.274246
690.164635 -127.815788
690.164644 -128.147110
690.164654 -128.087219
690.164663 -127.807625
690.164673 -127.470039
690.164683 -127.130302
690.164692 -126.817993
690.164702 -126.545006
690.164712 -126.318680
690.164721 -126.147606
690.164731 -126.046646
690.164740 -126.018410
690.164750 -126.034393
690.164760 -126.132446
690.164769 -126.360405
690.164779 -126.736122
690.164788 -127.272560
690.164798 -127.979324
690.164808 -128.860428
690.164817 -129.916519
690.164827 -131.142471
690.164837 -132.530472
690.164846 -134.064819
690.164856 -135.714996
690.164865 -137.457031
690.164875 -139.223526
690.164885 -140.856827
690.164894 -142.035904
690.164904 -141.724747
690.164913 -140.482132
690.164923 -139.029175
690.164933 -137.584763
690.164942 -136.233582
690.164952 -134.987274
690.164962 -133.833359
690.164971 -132.772049
690.164981 -131.791641
690.164990 -130.886597
690.165000 -130.061035
690.165010 -129.324982
690.165019 -128.693863
690.165029 -128.182800
690.165038 -127.805595
690.165048 -127.561813
690.165058 -127.460571
690.165067 -127.449982
690.165077 -127.502762
690.165087 -127.680336
690.165096 -127.978622
690.165106 -128.380585
690.165115 -128.868988
690.165125 -129.435562
690.165135 -130.087036
690.165144 -130.855103
690.165154 -131.800522
690.165163 -133.025391
690.165173 -134.693024
690.165183 -137.105255
690.165192 -140.970596
690.165202 -149.032043
690.165212 -141.815857
690.165221 -137.224991
690.165231 -134.440247
690.165240 -132.592346
690.165250 -131.359467
690.165260 -130.586609
690.165269 -130.183029
690.165279 -130.073883
690.165288 -130.084335
690.165298 -130.231689
690.165308 -130.557449
690.165317 -130.976700
690.165327 -131.386765
690.165337 -131.684601
690.165346 -131.731049
690.165356 -131.521301
690.165365 -131.248413
690.165375 -130.987595
690.165385 -130.806107
690.165394 -130.757294
690.165404 -130.762833
690.165413 -130.913162
690.165423 -131.307938
690.165433 -131.993042
690.165442 -132.990616
690.165452 -134.242920
690.165462 -135.451218
690.165471 -135.159119
690.165481 -133.617569
690.165490 -132.003510
690.165500 -130.631912
690.165510 -129.567154
690.165519 -128.773743
690.165529 -128.215576
690.165538 -127.848495
690.165548 -127.619026
690.165558 -127.476563
690.165567 -127.380600
690.165577 -127.306152
690.165587 -127.249062
690.165596 -127.221352
690.165606 -127.212791
690.165615 -127.253799
690.165625 -127.369164
690.165635 -127.593468
690.165644 -127.943787
690.165654 -128.428070
690.165663 -129.044846
690.165673 -129.769913
690.165683 -130.592194
690.165692 -131.479050
690.165702 -132.392868
690.165712 -133.297577
690.165721 -134.178253
690.165731 -135.052353
690.165740 -135.982773
690.165750 -137.064026
690.165760 -138.394333
690.165769 -140.086273
690.165779 -141.920380
690.165788 -140.643356
690.165798 -137.682587
690.165808 -134.972321
690.165817 -132.738586
690.165827 -130.936493
690.165837 -129.491592
690.165846 -128.339584
690.165856 -127.446892
690.165865 -126.778793
690.165875 -126.308182
690.165885 -126.013123
690.165894 -125.875076
690.165904 -125.848877
690.165913 -125.878197
690.165923 -126.008713
690.165933 -126.255287
690.165942 -126.610275
690.165952 -127.071579
690.165962 -127.645187
690.165971 -128.348816
690.165981 -129.215958
690.165990 -130.295715
690.166000 -131.650391
690.166010 -133.387222
690.166019 -135.547623
690.166029 -137.708298
690.166038 -135.938324
690.166048 -133.239075
690.166058 -130.949265
690.166067 -129.153931
690.166077 -127.777916
690.166087 -126.742592
690.166096 -125.982025
690.166106 -125.440224
690.166115 -125.064964
690.166125 -124.806976
690.166135 -124.619316
690.166144 -124.462135
690.166154 -124.306786
690.166163 -124.140579
690.166173 -123.965462
690.166183 -123.795563
690.166192 -123.650208
690.166202 -123.545860
690.166212 -123.499908
690.166221 -123.496292
690.166231 -123.534721
690.166240 -123.661140
690.166250 -123.885857
690.166260 -124.209976
690.166269 -124.628304
690.166279 -125.127129
690.166288 -125.683098
690.166298 -126.261726
690.166308 -126.820595
690.166317 -127.315033
690.166327 -127.711227
690.166337 -127.995613
690.166346 -128.180389
690.166356 -128.295425
690.166365 -128.378021
690.166375 -128.460281
690.166385 -128.562286
690.166394 -128.684296
690.166404 -128.836304
690.166413 -129.003448
690.166423 -129.161942
690.166433 -129.284119
690.166442 -129.341476
690.166452 -129.275085
690.166462 -129.172958
690.166471 -129.070816
690.166481 -129.007889
690.166490 -128.995361
690.166500 -129.009659
690.166510 -129.129974
690.166519 -129.410675
690.166529 -129.897186
690.166538 -130.643372
690.166548 -131.705902
690.166558 -133.116486
690.166567 -134.740936
690.166577 -135.301239
690.166587 -133.250595
690.166596 -130.954941
690.166606 -128.961395
690.166615 -127.355225
690.166625 -126.105202
690.166635 -125.166389
690.166644 -124.500069
690.166654 -124.075203
690.166663 -123.867477
690.166673 -123.841759
690.166683 -123.867989
690.166692 -124.066582
690.166702 -124.458778
690.166712 -125.045319
690.166721 -125.833931
690.166731 -126.840065
690.166740 -128.091797
690.166750 -129.634964
690.166760 -131.536194
690.166769 -133.917358
690.166779 -136.972931
690.166788 -140.789139
690.166798 -141.203003
690.166808 -137.844009
690.166817 -135.215775
690.166827 -133.203079
690.166837 -131.604431
690.166846 -130.308578
690.166856 -129.236374
690.166865 -128.341354
690.166875 -127.598274
690.166885 -126.993294
690.166894 -126.520164
690.166904 -126.175407
690.166913 -125.957039
690.166923 -125.861809
690.166933 -125.849236
690.166942 -125.884926
690.166952 -126.017952
690.166962 -126.248795
690.166971 -126.560204
690.166981 -126.929764
690.166990 -127.329285
690.167000 -127.726654
690.167010 -128.088089
690.167019 -128.382797
690.167029 -128.587784
690.167038 -128.688934
690.167048 -128.590103
690.167058 -128.401215
690.167067 -128.137848
690.167077 -127.827095
690.167087 -127.491386
690.167096 -127.156509
690.167106 -126.848770
690.167115 -126.594421
690.167125 -126.416740
690.167135 -126.335983
690.167144 -126.326958
690.167154 -126.367142
690.167163 -126.520782
690.167173 -126.801147
690.167183 -127.207291
690.167192 -127.730705
690.167202 -128.355438
690.167212 -129.055145
690.167221 -129.792847
690.167231 -130.518219
690.167240 -131.171188
690.167250 -131.687057
690.167260 -132.016083
690.167269 -132.100601
690.167279 -131.964981
690.167288 -131.830994
690.167298 -131.784653
690.167308 -131.791428
690.167317 -131.923447
690.167327 -132.282684
690.167337 -132.932037
690.167346 -133.887177
690.167356 -135.062561
690.167365 -136.109650
690.167375 -135.404541
690.167385 -133.847977
690.167394 -132.298584
690.167404 -131.022064
690.167413 -130.073822
690.167423 -129.439545
690.167433 -129.084183
690.167442 -128.967163
690.167452 -128.957565
690.167462 -129.042328
690.167471 -129.257553
690.167481 -129.553558
690.167490 -129.870667
690.167500 -130.157608
690.167510 -130.387222
690.167519 -130.563477
690.167529 -130.720200
690.167538 -130.908066
690.167548 -131.184189
690.167558 -131.605408
690.167567 -132.229721
690.167577 -133.121094
690.167587 -134.349670
690.167596 -136.003586
690.167606 -138.180923
690.167615 -140.715698
690.167625 -140.457657
690.167635 -137.582413
690.167644 -135.019455
690.167654 -132.935059
690.167663 -131.224823
690.167673 -129.819885
690.167683 -128.647476
690.167692 -127.661606
690.167702 -126.833260
690.167712 -126.145569
690.167721 -125.587715
690.167731 -125.152710
690.167740 -124.833298
690.167750 -124.621681
690.167760 -124.503204
690.167769 -124.466164
690.167779 -124.466942
690.167788 -124.504440
690.167798 -124.602943
690.167808 -124.751640
690.167817 -124.942772
690.167827 -125.172073
690.167837 -125.438538
690.167846 -125.742966
690.167856 -126.086456
690.167865 -126.468262
690.167875 -126.883896
690.167885 -127.322159
690.167894 -127.761673
690.167904 -128.166229
690.167913 -128.483765
690.167923 -128.627304
690.167933 -128.397385
690.167942 -128.008011
690.167952 -127.539207
690.167962 -127.079803
690.167971 -126.706184
690.167981 -126.478020
690.167990 -126.424698
690.168000 -126.440536
690.168010 -126.632210
690.168019 -127.089226
690.168029 -127.845444
690.168038 -128.955673
690.168048 -130.492966
690.168058 -132.534653
690.168067 -135.062256
690.168077 -137.405563
690.168087 -135.611740
690.168096 -133.437851
690.168106 -131.736023
690.168115 -130.519745
690.168125 -129.702087
690.168135 -129.184875
690.168144 -128.914749
690.168154 -128.818192
690.168163 -128.790054
690.168173 -128.794418
690.168183 -128.743073
690.168192 -128.536270
690.168202 -128.206436
690.168212 -127.814278
690.168221 -127.443520
690.168231 -127.171509
690.168240 -127.054276
690.168250 -127.052322
690.168260 -127.113228
690.168269 -127.357574
690.168279 -127.781021
690.168288 -128.334366
690.168298 -128.930283
690.168308 -129.447495
690.168317 -129.772400
690.168327 -129.767349
690.168337 -129.600159
690.168346 -129.460266
690.168356 -129.408447
690.168365 -129.402695
690.168375 -129.466064
690.168385 -129.620972
690.168394 -129.838959
690.168404 -130.069489
690.168413 -130.256714
690.168423 -130.317947
690.168433 -130.151703
690.168442 -129.863159
690.168452 -129.478363
690.168462 -129.044769
690.168471 -128.602188
690.168481 -128.186371
690.168490 -127.829285
690.168500 -127.556671
690.168510 -127.390045
690.168519 -127.339371
690.168529 -127.345886
690.168538 -127.438423
690.168548 -127.678688
690.168558 -128.077713
690.168567 -128.645035
690.168577 -129.389267
690.168587 -130.312439
690.168596 -131.401566
690.168606 -132.604584
690.168615 -133.795685
690.168625 -134.749298
690.168635 -135.166656
690.168644 -134.782394
690.168654 -134.341568
690.168663 -134.028900
690.168673 -133.927292
690.168683 -133.933746
690.168692 -134.079620
690.168702 -134.415375
690.168712 -134.881134
690.168721 -135.326218
690.168731 -135.296921
690.168740 -134.599289
690.168750 -133.581085
690.168760 -132.425705
690.168769 -131.255341
690.168779 -130.149078
690.168788 -129.161682
690.168798 -128.316681
690.168808 -127.629654
690.168817 -127.111237
690.168827 -126.767036
690.168837 -126.597588
690.168846 -126.564285
690.168856 -126.598221
690.168865 -126.758064
690.168875 -127.059982
690.168885 -127.480431
690.168894 -127.989738
690.168904 -128.552811
690.168913 -129.131363
690.168923 -129.685776
690.168933 -130.175507
690.168942 -130.563248
690.168952 -130.841888
690.168962 -131.013000
690.168971 -131.100632
690.168981 -131.146637
690.168990 -131.203644
690.169000 -131.323135
690.169010 -131.551132
690.169019 -131.924530
690.169029 -132.474091
690.169038 -133.225189
690.169048 -134.197617
690.169058 -135.384338
690.169067 -136.679718
690.169077 -137.666595
690.169087 -136.314316
690.169096 -134.294922
690.169106 -132.257828
690.169115 -130.456955
690.169125 -128.945587
690.169135 -127.716728
690.169144 -126.749359
690.169154 -126.023575
690.169163 -125.523247
690.169173 -125.238075
690.169183 -125.161255
690.169192 -125.163544
690.169202 -125.302773
690.169212 -125.666229
690.169221 -126.275772
690.169231 -127.167702
690.169240 -128.400040
690.169250 -130.048965
690.169260 -132.240112
690.169269 -135.120697
690.169279 -138.324615
690.169288 -136.394180
690.169298 -133.605713
690.169308 -131.517700
690.169317 -130.029907
690.169327 -129.000763
690.169337 -128.352921
690.169346 -128.023514
690.169356 -127.960152
690.169365 -127.970322
690.169375 -128.161880
690.169385 -128.565598
690.169394 -129.138733
690.169404 -129.812576
690.169413 -130.481232
690.169423 -131.006454
690.169433 -131.236786
690.169442 -130.993713
690.169452 -130.670151
690.169462 -130.380188
690.169471 -130.195313
690.169481 -130.143585
690.169490 -130.145523
690.169500 -130.258698
690.169510 -130.519089
690.169519 -130.928986
690.169529 -131.488480
690.169538 -132.208496
690.169548 -133.116959
690.169558 -134.271149
690.169567 -135.774109
690.169577 -137.819427
690.169587 -140.814941
690.169596 -145.781509
690.169606 -147.356537
690.169615 -141.122162
690.169625 -137.489594
690.169635 -135.012283
690.169644 -133.209244
690.169654 -131.861328
690.169663 -130.847397
690.169673 -130.086304
690.169683 -129.516006
690.169692 -129.081711
690.169702 -128.734024
690.169712 -128.430023
690.169721 -128.138901
690.169731 -127.846954
690.169740 -127.559166
690.169750 -127.295105
690.169760 -127.081894
690.169769 -126.947212
690.169779 -126.906693
690.169788 -126.914551
690.169798 -127.001244
690.169808 -127.217316
690.169817 -127.566589
690.169827 -128.046219
690.169837 -128.647018
690.169846 -129.352890
690.169856 -130.140289
690.169865 -130.968140
690.169875 -131.792236
690.169885 -132.552826
690.169894 -133.170792
690.169904 -133.560425
690.169913 -133.510101
690.169923 -133.184402
690.169933 -132.825211
690.169942 -132.563263
690.169952 -132.496246
690.169962 -132.505951
690.169971 -132.745773
690.169981 -133.374435
690.169990 -134.512955
690.170000 -136.351456
690.170010 -139.224396
690.170019 -143.439102
690.170029 -140.573959
690.170038 -136.777145
690.170048 -134.219131
690.170058 -132.499893
690.170067 -131.385284
690.170077 -130.746506
690.170087 -130.508026
690.170096 -130.499756
690.170106 -130.614838
690.170115 -131.006302
690.170125 -131.581726
690.170135 -132.162170
690.170144 -132.361420
690.170154 -131.821167
690.170163 -131.111526
690.170173 -130.474640
690.170183 -130.062103
690.170192 -129.946869
690.170202 -129.951538
690.170212 -130.170120
690.170221 -130.759369
690.170231 -131.746521
690.170240 -133.160080
690.170250 -135.028412
690.170260 -137.376968
690.170269 -140.225342
690.170279 -143.634048
690.170288 -147.392532
690.170298 -143.988007
690.170308 -139.186356
690.170317 -135.355087
690.170327 -132.348190
690.170337 -129.974518
690.170346 -128.104782
690.170356 -126.653503
690.170365 -125.562111
690.170375 -124.787697
690.170385 -124.298546
690.170394 -124.069069
690.170404 -124.044464
690.170413 -124.078560
690.170423 -124.307228
690.170433 -124.734573
690.170442 -125.335876
690.170452 -126.077980
690.170462 -126.911911
690.170471 -127.766609
690.170481 -128.544357
690.170490 -129.134903
690.170500 -129.449905
690.170510 -129.239548
690.170519 -128.855621
690.170529 -128.403351
690.170538 -127.941277
690.170548 -127.519867
690.170558 -127.171143
690.170567 -126.914085
690.170577 -126.762878
690.170587 -126.726585
690.170596 -126.730080
690.170606 -126.818489
690.170615 -127.041267
690.170625 -127.407310
690.170635 -127.919556
690.170644 -128.575943
690.170654 -129.364853
690.170663 -130.261200
690.170673 -131.218430
690.170683 -132.165939
690.170692 -133.014755
690.170702 -133.688965
690.170712 -134.166275
690.170721 -134.498779
690.170731 -134.786804
690.170740 -135.139374
690.170750 -135.650482
690.170760 -136.399353
690.170769 -137.466644
690.170779 -138.954849
690.170788 -141.061508
690.170798 -144.271011
690.170808 -150.192230
690.170817 -147.975891
690.170827 -141.810410
690.170837 -137.878754
690.170846 -134.917603
690.170856 -132.516418
690.170865 -130.501312
690.170875 -128.784973
690.170885 -127.319191
690.170894 -126.073708
690.170904 -125.028313
690.170913 -124.167274
690.170923 -123.477890
690.170933 -122.948013
690.170942 -122.566078
690.170952 -122.319572
690.170962 -122.195595
690.170971 -122.173355
690.170981 -122.179985
690.170990 -122.258430
690.171000 -122.416084
690.171010 -122.639824
690.171019 -122.918488
690.171029 -123.244774
690.171038 -123.615356
690.171048 -124.025772
690.171058 -124.486671
690.171067 -125.007195
690.171077 -125.596573
690.171087 -126.259720
690.171096 -126.991814
690.171106 -127.767334
690.171115 -128.527863
690.171125 -129.171249
690.171135 -129.565186
690.171144 -129.275482
690.171154 -128.672638
690.171163 -127.925636
690.171173 -127.145226
690.171183 -126.405220
690.171192 -125.750801
690.171202 -125.206207
690.171212 -124.793541
690.171221 -124.530029
690.171231 -124.426193
690.171240 -124.422783
690.171250 -124.490112
690.171260 -124.725906
690.171269 -125.132782
690.171279 -125.701347
690.171288 -126.407089
690.171298 -127.201347
690.171308 -128.000122
690.171317 -128.685730
690.171327 -129.137863
690.171337 -129.205322
690.171346 -128.971741
690.171356 -128.712234
690.171365 -128.512527
690.171375 -128.423767
690.171385 -128.419357
690.171394 -128.475037
690.171404 -128.681580
690.171413 -129.054901
690.171423 -129.606201
690.171433 -130.351852
690.171442 -131.316010
690.171452 -132.538849
690.171462 -134.085815
690.171471 -136.074768
690.171481 -138.724258
690.171490 -142.554794
690.171500 -149.142334
690.171510 -146.078506
690.171519 -141.412598
690.171529 -138.575333
690.171538 -136.654114
690.171548 -135.308273
690.171558 -134.380676
690.171567 -133.789307
690.171577 -133.494080
690.171587 -133.450348
690.171596 -133.478836
690.171606 -133.747421
690.171615 -134.318420
690.171625 -135.242950
690.171635 -136.598434
690.171644 -138.459290
690.171654 -140.657257
690.171663 -139.985886
690.171673 -136.948853
690.171683 -134.215973
690.171692 -132.004532
690.171702 -130.241959
690.171712 -128.845535
690.171721 -127.754082
690.171731 -126.927055
690.171740 -126.337631
690.171750 -125.970055
690.171760 -125.815819
690.171769 -125.807518
690.171779 -125.873955
690.171788 -126.148766
690.171798 -126.652695
690.171808 -127.407951
690.171817 -128.452972
690.171827 -129.851883
690.171837 -131.713440
690.171846 -134.207687
690.171856 -137.443481
690.171865 -137.934097
690.171875 -134.228317
690.171885 -131.185257
690.171894 -128.818283
690.171904 -126.940536
690.171913 -125.422989
690.171923 -124.183578
690.171933 -123.168541
690.171942 -122.340309
690.171952 -121.671349
690.171962 -121.140511
690.171971 -120.731674
690.171981 -120.432503
690.171990 -120.234482
690.172000 -120.132217
690.172010 -120.115685
690.172019 -120.123695
690.172029 -120.209396
690.172038 -120.392181
690.172048 -120.675453
690.172058 -121.062378
690.172067 -121.561935
690.172077 -122.178535
690.172087 -122.913635
690.172096 -123.762154
690.172106 -124.707657
690.172115 -125.714600
690.172125 -126.720314
690.172135 -127.632576
690.172144 -128.347855
690.172154 -128.795914
690.172163 -128.977173
690.172173 -128.918915
690.172183 -128.860168
690.172192 -128.843124
690.172202 -128.847305
690.172212 -128.924545
690.172221 -129.089325
690.172231 -129.314651
690.172240 -129.557098
690.172250 -129.768051
690.172260 -129.912064
690.172269 -129.978653
690.172279 -130.020996
690.172288 -130.097855
690.172298 -130.278320
690.172308 -130.647171
690.172317 -131.283875
690.172327 -132.278656
690.172337 -133.750183
690.172346 -135.879807
690.172356 -138.940613
690.172365 -142.898361
690.172375 -140.264465
690.172385 -137.039108
690.172394 -134.829895
690.172404 -133.358780
690.172413 -132.403458
690.172423 -131.860367
690.172433 -131.644897
690.172442 -131.613541
690.172452 -131.688828
690.172462 -131.926376
690.172471 -132.280869
690.172481 -132.657303
690.172490 -132.945099
690.172500 -132.906586
690.172510 -132.553696
690.172519 -132.056168
690.172529 -131.488373
690.172538 -130.903656
690.172548 -130.328354
690.172558 -129.763306
690.172567 -129.220596
690.172577 -128.710602
690.172587 -128.242767
690.172596 -127.829666
690.172606 -127.483353
690.172615 -127.201057
690.172625 -126.985619
690.172635 -126.828323
690.172644 -126.709183
690.172654 -126.605865
690.172663 -126.501976
690.172673 -126.397156
690.172683 -126.311264
690.172692 -126.274376
690.172702 -126.283791
690.172712 -126.367981
690.172721 -126.622414
690.172731 -127.108696
690.172740 -127.874969
690.172750 -129.008194
690.172760 -130.566055
690.172769 -132.495590
690.172779 -134.233383
690.172788 -132.624283
690.172798 -130.485977
690.172808 -128.680786
690.172817 -127.320961
690.172827 -126.366844
690.172837 -125.761833
690.172846 -125.457527
690.172856 -125.402771
690.172865 -125.413239
690.172875 -125.592400
690.172885 -125.956879
690.172894 -126.463974
690.172904 -127.061752
690.172913 -127.689186
690.172923 -128.280655
690.172933 -128.780746
690.172942 -129.159805
690.172952 -129.425980
690.172962 -129.617401
690.172971 -129.787354
690.172981 -129.967819
690.172990 -130.205383
690.173000 -130.513885
690.173010 -130.877670
690.173019 -131.257034
690.173029 -131.594177
690.173038 -131.836700
690.173048 -131.948502
690.173058 -131.970993
690.173067 -131.990143
690.173077 -132.056412
690.173087 -132.213959
690.173096 -132.522644
690.173106 -133.006653
690.173115 -133.667389
690.173125 -134.467590
690.173135 -135.295776
690.173144 -135.919296
690.173154 -135.424606
690.173163 -134.298843
690.173173 -132.953705
690.173183 -131.613037
690.173192 -130.381073
690.173202 -129.289642
690.173212 -128.340088
690.173221 -127.521072
690.173231 -126.819855
690.173240 -126.224739
690.173250 -125.728500
690.173260 -125.328064
690.173269 -125.025337
690.173279 -124.825722
690.173288 -124.737129
690.173298 -124.717834
690.173308 -124.769722
690.173317 -124.930313
690.173327 -125.223808
690.173337 -125.649071
690.173346 -126.194328
690.173356 -126.832718
690.173365 -127.515709
690.173375 -128.173065
690.173385 -128.724731
690.173394 -129.113297
690.173404 -129.338379
690.173413 -129.463989
690.173423 -129.591599
690.173433 -129.826935
690.173442 -130.264465
690.173452 -130.987457
690.173462 -132.072525
690.173471 -133.571274
690.173481 -135.396729
690.173490 -136.770477
690.173500 -135.008255
690.173510 -132.989258
690.173519 -131.368332
690.173529 -130.268280
690.173538 -129.693069
690.173548 -129.600113
690.173558 -129.654510
690.173567 -130.212570
690.173577 -131.514542
690.173587 -133.950821
690.173596 -138.711777
690.173606 -140.245697
690.173615 -133.328873
690.173625 -129.490799
690.173635 -126.913902
690.173644 -125.058403
690.173654 -123.687233
690.173663 -122.672615
690.173673 -121.936287
690.173683 -121.426346
690.173692 -121.106346
690.173702 -120.949921
690.173712 -120.927078
690.173721 -120.937546
690.173731 -121.046738
690.173740 -121.268288
690.173750 -121.593071
690.173760 -122.010086
690.173769 -122.508492
690.173779 -123.078972
690.173788 -123.715614
690.173798 -124.418877
690.173808 -125.197098
690.173817 -126.066452
690.173827 -127.047211
690.173837 -128.155029
690.173846 -129.384018
690.173856 -130.673782
690.173865 -131.863068
690.173875 -132.677643
690.173885 -132.522690
690.173894 -131.867950
690.173904 -131.172836
690.173913 -130.569916
690.173923 -130.097244
690.173933 -129.721436
690.173942 -129.427567
690.173952 -129.174271
690.173962 -128.921921
690.173971 -128.647095
690.173981 -128.349960
690.173990 -128.051071
690.174000 -127.783379
690.174010 -127.579605
690.174019 -127.450111
690.174029 -127.396332
690.174038 -127.380669
690.174048 -127.389709
690.174058 -127.335686
690.174067 -127.068367
690.174077 -126.567307
690.174087 -125.868698
690.174096 -125.070343
690.174106 -124.280861
690.174115 -123.585335
690.174125 -123.039391
690.174135 -122.676346
690.174144 -122.516685
690.174154 -122.508171
690.174163 -122.575798
690.174173 -122.865173
690.174183 -123.403107
690.174192 -124.221748
690.174202 -125.364456
690.174212 -126.901352
690.174221 -128.949036
690.174231 -131.701523
690.174240 -135.386841
690.174250 -137.723114
690.174260 -134.183945
690.174269 -131.469055
690.174279 -129.556702
690.174288 -128.204666
690.174298 -127.253319
690.174308 -126.602379
690.174317 -126.184311
690.174327 -125.950485
690.174337 -125.862862
690.174346 -125.850700
690.174356 -125.891296
690.174365 -126.011932
690.174375 -126.207901
690.174385 -126.469444
690.174394 -126.793259
690.174404 -127.179611
690.174413 -127.628105
690.174423 -128.132248
690.174433 -128.673233
690.174442 -129.204407
690.174452 -129.674850
690.174462 -130.021729
690.174471 -130.116287
690.174481 -129.840958
690.174490 -129.411453
690.174500 -128.906891
690.174510 -128.405396
690.174519 -127.971718
690.174529 -127.654533
690.174538 -127.488808
690.174548 -127.464813
690.174558 -127.499268
690.174567 -127.703117
690.174577 -128.111908
690.174587 -128.731552
690.174596 -129.559784
690.174606 -130.576736
690.174615 -131.724319
690.174625 -132.868423
690.174635 -133.766479
690.174644 -133.878021
690.174654 -133.180939
690.174663 -132.325089
690.174673 -131.505356
690.174683 -130.817993
690.174692 -130.298996
690.174702 -129.957336
690.174712 -129.787170
690.174721 -129.756546
690.174731 -129.775467
690.174740 -129.900787
690.174750 -130.134216
690.174760 -130.437164
690.174769 -130.763916
690.174779 -131.064011
690.174788 -131.291931
690.174798 -131.415833
690.174808 -131.345016
690.174817 -131.210266
690.174827 -131.081360
690.174837 -131.015564
690.174846 -131.009323
690.174856 -131.064407
690.174865 -131.265549
690.174875 -131.636459
690.174885 -132.159103
690.174894 -132.755432
690.174904 -133.257172
690.174913 -133.114670
690.174923 -132.383087
690.174933 -131.462341
690.174942 -130.561615
690.174952 -129.802444
690.174962 -129.239807
690.174971 -128.893112
690.174981 -128.767258
690.174990 -128.765060
690.175000 -128.862869
690.175010 -129.180511
690.175019 -129.718185
690.175029 -130.481064
690.175038 -131.484238
690.175048 -132.738098
690.175058 -134.242844
690.175067 -135.957397
690.175077 -137.708984
690.175087 -139.043274
690.175096 -138.521210
690.175106 -137.169739
690.175115 -135.754639
690.175125 -134.461197
690.175135 -133.333572
690.175144 -132.376266
690.175154 -131.587723
690.175163 -130.972809
690.175173 -130.541519
690.175183 -130.309601
690.175192 -130.272385
690.175202 -130.286865
690.175212 -130.484741
690.175221 -130.913544
690.175231 -131.539398
690.175240 -132.240891
690.175250 -132.633453
690.175260 -131.773117
690.175269 -130.430862
690.175279 -128.989334
690.175288 -127.677010
690.175298 -126.581665
690.175308 -125.723289
690.175317 -125.094666
690.175327 -124.680069
690.175337 -124.456001
690.175346 -124.400085
690.175356 -124.404732
690.175365 -124.509377
690.175375 -124.748436
690.175385 -125.100510
690.175394 -125.544106
690.175404 -126.059647
690.175413 -126.631317
690.175423 -127.250298
690.175433 -127.915878
690.175442 -128.637543
690.175452 -129.432510
690.175462 -130.325623
690.175471 -131.345551
690.175481 -132.525711
690.175490 -133.902527
690.175500 -135.517975
690.175510 -137.413651
690.175519 -139.608215
690.175529 -141.971741
690.175538 -143.854401
690.175548 -142.524765
690.175558 -140.546265
690.175567 -138.693954
690.175577 -137.072830
690.175587 -135.658463
690.175596 -134.413696
690.175606 -133.311127
690.175615 -132.336273
690.175625 -131.483170
690.175635 -130.750580
690.175644 -130.140152
690.175654 -129.662140
690.175663 -129.323532
690.175673 -129.130829
690.175683 -129.086426
690.175692 -129.091095
690.175702 -129.210083
690.175712 -129.492111
690.175721 -129.938370
690.175731 -130.545364
690.175740 -131.300369
690.175750 -132.178146
690.175760 -133.134781
690.175769 -134.107559
690.175779 -135.023972
690.175788 -135.827530
690.175798 -136.505569
690.175808 -137.093506
690.175817 -137.621140
690.175827 -138.094177
690.175837 -138.458023
690.175846 -138.130844
690.175856 -137.239456
690.175865 -136.057373
690.175875 -134.823380
690.175885 -133.699417
690.175894 -132.764328
690.175904 -132.048904
690.175913 -131.559219
690.175923 -131.291199
690.175933 -131.221558
690.175942 -131.234207
690.175952 -131.373947
690.175962 -131.689484
690.175971 -132.155869
690.175981 -132.744995
690.175990 -133.437256
690.176000 -134.238068
690.176010 -135.205399
690.176019 -136.477295
690.176029 -138.330597
690.176038 -141.371719
690.176048 -147.647751
690.176058 -143.050034
690.176067 -137.347992
690.176077 -133.803619
690.176087 -131.292572
690.176096 -129.426834
690.176106 -128.024261
690.176115 -126.982582
690.176125 -126.237259
690.176135 -125.743149
690.176144 -125.466087
690.176154 -125.377937
690.176163 -125.377945
690.176173 -125.454269
690.176183 -125.671158
690.176192 -126.005630
690.176202 -126.434258
690.176212 -126.933594
690.176221 -127.480629
690.176231 -128.054428
690.176240 -128.637405
690.176250 -129.217804
690.176260 -129.789673
690.176269 -130.353348
690.176279 -130.913483
690.176288 -131.476440
690.176298 -132.046387
690.176308 -132.621582
690.176317 -133.190247
690.176327 -133.728287
690.176337 -134.201691
690.176346 -134.575729
690.176356 -134.831909
690.176365 -134.982605
690.176375 -135.074646
690.176385 -135.175781
690.176394 -135.359116
690.176404 -135.688309
690.176413 -136.215302
690.176423 -136.966171
690.176433 -137.924591
690.176442 -139.036346
690.176452 -140.091248
690.176462 -140.505142
690.176471 -139.568192
690.176481 -138.249466
690.176490 -136.790604
690.176500 -135.327026
690.176510 -133.892395
690.176519 -132.484009
690.176529 -131.110657
690.176538 -129.796585
690.176548 -128.573441
690.176558 -127.472534
690.176567 -126.519455
690.176577 -125.733871
690.176587 -125.128983
690.176596 -124.713982
690.176606 -124.494286
690.176615 -124.441010
690.176625 -124.473099
690.176635 -124.650604
690.176644 -125.023567
690.176654 -125.582100
690.176663 -126.304367
690.176673 -127.143867
690.176683 -128.012039
690.176692 -128.760544
690.176702 -129.196106
690.176712 -128.785355
690.176721 -128.105194
690.176731 -127.337006
690.176740 -126.605301
690.176750 -125.981339
690.176760 -125.502014
690.176769 -125.185036
690.176779 -125.037170
690.176788 -125.005936
690.176798 -125.056602
690.176808 -125.231766
690.176817 -125.537354
690.176827 -125.930580
690.176837 -126.347839
690.176846 -126.712273
690.176856 -126.954773
690.176865 -127.001251
690.176875 -126.899178
690.176885 -126.793350
690.176894 -126.735535
690.176904 -126.725525
690.176913 -126.783340
690.176923 -126.925537
690.176933 -127.168976
690.176942 -127.502731
690.176952 -127.909065
690.176962 -128.366821
690.176971 -128.852890
690.176981 -129.344116
690.176990 -129.818542
690.177000 -130.257446
690.177010 -130.647125
690.177019 -130.981079
690.177029 -131.261246
690.177038 -131.497665
690.177048 -131.705826
690.177058 -131.900085
690.177067 -132.085587
690.177077 -132.229477
690.177087 -132.236938
690.177096 -131.884567
690.177106 -131.219223
690.177115 -130.287796
690.177125 -129.206360
690.177135 -128.100128
690.177144 -127.063980
690.177154 -126.157761
690.177163 -125.414932
690.177173 -124.853935
690.177183 -124.485031
690.177192 -124.315193
690.177202 -124.303253
690.177212 -124.347748
690.177221 -124.589424
690.177231 -125.056099
690.177240 -125.763954
690.177250 -126.737572
690.177260 -128.017532
690.177269 -129.673233
690.177279 -131.835419
690.177288 -134.780212
690.177298 -139.230652
690.177308 -148.056229
690.177317 -140.071655
690.177327 -135.774399
690.177337 -133.045029
690.177346 -131.089722
690.177356 -129.602661
690.177365 -128.427170
690.177375 -127.476334
690.177385 -126.700172
690.177394 -126.064468
690.177404 -125.549156
690.177413 -125.145744
690.177423 -124.854240
690.177433 -124.681114
690.177442 -124.633026
690.177452 -124.637062
690.177462 -124.736122
690.177471 -124.994499
690.177481 -125.431511
690.177490 -126.068855
690.177500 -126.928658
690.177510 -128.023834
690.177519 -129.328995
690.177529 -130.701401
690.177538 -131.751495
690.177548 -131.121002
690.177558 -129.846863
690.177567 -128.578308
690.177577 -127.522171
690.177587 -126.731491
690.177596 -126.203911
690.177606 -125.921219
690.177615 -125.852585
690.177625 -125.864052
690.177635 -126.015701
690.177644 -126.364227
690.177654 -126.903511
690.177663 -127.633865
690.177673 -128.550919
690.177683 -129.652679
690.177692 -130.931778
690.177702 -132.326431
690.177712 -133.678482
690.177721 -134.714218
690.177731 -135.163589
690.177740 -134.928146
690.177750 -134.777237
690.177760 -134.766632
690.177769 -134.877502
690.177779 -135.268417
690.177788 -135.943787
690.177798 -136.821335
690.177808 -137.690933
690.177817 -138.258347
690.177827 -138.051605
690.177837 -137.676620
690.177846 -137.442490
690.177856 -137.409866
690.177865 -137.439362
690.177875 -137.736374
690.177885 -138.358612
690.177894 -139.325577
690.177904 -140.692383
690.177913 -142.583069
690.177923 -145.106461
690.177933 -147.795227
690.177942 -144.015717
690.177952 -140.293060
690.177962 -137.319061
690.177971 -134.954788
690.177981 -133.071930
690.177990 -131.564636
690.178000 -130.365234
690.178010 -129.428146
690.178019 -128.722000
690.178029 -128.224823
690.178038 -127.921890
690.178048 -127.803719
690.178058 -127.797005
690.178067 -127.865837
690.178077 -128.106628
690.178087 -128.527390
690.178096 -129.131165
690.178106 -129.920883
690.178115 -130.896530
690.178125 -132.050018
690.178135 -133.344223
690.178144 -134.719193
690.178154 -136.042709
690.178163 -137.087677
690.178173 -137.282639
690.178183 -136.322372
690.178192 -134.942795
690.178202 -133.398270
690.178212 -131.858765
690.178221 -130.418854
690.178231 -129.127426
690.178240 -128.005661
690.178250 -127.059280
690.178260 -126.287155
690.178269 -125.684250
690.178279 -125.243591
690.178288 -124.957832
690.178298 -124.819756
690.178308 -124.800018
690.178317 -124.823097
690.178327 -124.962036
690.178337 -125.232063
690.178346 -125.630196
690.178356 -126.155914
690.178365 -126.811813
690.178375 -127.605110
690.178385 -128.548950
690.178394 -129.664291
690.178404 -130.979492
690.178413 -132.524231
690.178423 -134.298965
690.178433 -136.163910
690.178442 -137.577118
690.178452 -136.361420
690.178462 -134.618484
690.178471 -132.998032
690.178481 -131.661743
690.178490 -130.621979
690.178500 -129.854813
690.178510 -129.333115
690.178519 -129.031433
690.178529 -128.923615
690.178538 -128.911011
690.178548 -128.987656
690.178558 -129.180389
690.178567 -129.450623
690.178577 -129.728210
690.178587 -129.924637
690.178596 -129.908218
690.178606 -129.687683
690.178615 -129.399719
690.178625 -129.103287
690.178635 -128.835129
690.178644 -128.603256
690.178654 -128.392578
690.178663 -128.172211
690.178673 -127.908264
690.178683 -127.573891
690.178692 -127.157944
690.178702 -126.665070
690.178712 -126.111290
690.178721 -125.516975
690.178731 -124.902390
690.178740 -124.285042
690.178750 -123.680038
690.178760 -123.100342
690.178769 -122.557442
690.178779 -122.061569
690.178788 -121.621689
690.178798 -121.245010
690.178808 -120.936691
690.178817 -120.699333
690.178827 -120.532646
690.178837 -120.433212
690.178846 -120.394775
690.178856 -120.388443
690.178865 -120.409195
690.178875 -120.466789
690.178885 -120.558807
690.178894 -120.678802
690.178904 -120.824585
690.178913 -120.999496
690.178923 -121.213097
690.178933 -121.480934
690.178942 -121.823906
690.178952 -122.266930
690.178962 -122.837799
690.178971 -123.566086
690.178981 -124.482605
690.178990 -125.618797
690.179000 -127.006714
690.179010 -128.677505
690.179019 -130.658966
690.179029 -132.968475
690.179038 -135.605484
690.179048 -138.556915
690.179058 -141.895905
690.179067 -146.149780
690.179077 -153.258743
690.179087 -145.118225
690.179096 -140.066559
690.179106 -136.642609
690.179115 -134.117920
690.179125 -132.197861
690.179135 -130.735611
690.179144 -129.648163
690.179154 -128.884872
690.179163 -128.418472
690.179173 -128.241165
690.179183 -128.237259
690.179192 -128.354202
690.179202 -128.768051
690.179212 -129.499649
690.179221 -130.562683
690.179231 -131.932877
690.179240 -133.445984
690.179250 -134.598145
690.179260 -133.616272
690.179269 -132.181381
690.179279 -130.866913
690.179288 -129.836716
690.179298 -129.108536
690.179308 -128.657776
690.179317 -128.454025
690.179327 -128.424103
690.179337 -128.470566
690.179346 -128.688721
690.179356 -129.099762
690.179365 -129.708374
690.179375 -130.533981
690.179385 -131.611206
690.179394 -132.948471
690.179404 -134.546280
690.179413 -136.207916
690.179423 -136.705719
690.179433 -135.038193
690.179442 -133.184219
690.179452 -131.588547
690.179462 -130.341827
690.179471 -129.428452
690.179481 -128.806000
690.179490 -128.448685
690.179500 -128.320236
690.179510 -128.317383
690.179519 -128.384857
690.179529 -128.601501
690.179538 -128.922241
690.179548 -129.288452
690.179558 -129.631302
690.179567 -129.883987
690.179577 -129.898819
690.179587 -129.621201
690.179596 -129.184875
690.179606 -128.644867
690.179615 -128.064316
690.179625 -127.503967
690.179635 -127.014633
690.179644 -126.636368
690.179654 -126.398087
690.179663 -126.319542
690.179673 -126.319824
690.179683 -126.424232
690.179692 -126.728928
690.179702 -127.255173
690.179712 -128.032303
690.179721 -129.105682
690.179731 -130.550049
690.179740 -132.500137
690.179750 -135.227463
690.179760 -139.400772
690.179769 -147.729416
690.179779 -141.243607
690.179788 -136.898209
690.179798 -134.320190
690.179808 -132.642349
690.179817 -131.544922
690.179827 -130.878952
690.179837 -130.566132
690.179846 -130.526459
690.179856 -130.565262
690.179865 -130.856033
690.179875 -131.434021
690.179885 -132.307755
690.179894 -133.499649
690.179904 -135.045502
690.179913 -136.990906
690.179923 -139.352661
690.179933 -141.940430
690.179942 -143.724777
690.179952 -142.281082
690.179962 -140.796921
690.179971 -139.697723
690.179981 -139.015732
690.179990 -138.706482
690.180000 -138.673096
690.180010 -138.697342
690.180019 -138.891830
690.180029 -139.157578
690.180038 -138.799149
690.180048 -137.746353
690.180058 -136.276505
690.180067 -134.690933
690.180077 -133.191147
690.180087 -131.867462
690.180096 -130.748047
690.180106 -129.832718
690.180115 -129.108200
690.180125 -128.560913
690.180135 -128.176758
690.180144 -127.938461
690.180154 -127.828430
690.180163 -127.813484
690.180173 -127.824730
690.180183 -127.911621
690.180192 -128.068497
690.180202 -128.273361
690.180212 -128.503601
690.180221 -128.738419
690.180231 -128.961929
690.180240 -129.165741
690.180250 -129.348709
690.180260 -129.514496
690.180269 -129.656647
690.180279 -129.775970
690.180288 -129.868057
690.180298 -129.907181
690.180308 -129.828049
690.180317 -129.682999
690.180327 -129.489822
690.180337 -129.275970
690.180346 -129.072845
690.180356 -128.910110
690.180365 -128.812881
690.180375 -128.790085
690.180385 -128.801086
690.180394 -128.889633
690.180404 -129.088058
690.180413 -129.400864
690.180423 -129.826233
690.180433 -130.354584
690.180442 -130.968170
690.180452 -131.642502
690.180462 -132.353622
690.180471 -133.089508
690.180481 -133.864883
690.180490 -134.726349
690.180500 -135.748322
690.180510 -137.005096
690.180519 -138.499161
690.180529 -139.932587
690.180538 -139.213486
690.180548 -137.174728
690.180558 -135.176666
690.180567 -133.515228
690.180577 -132.219421
690.180587 -131.252441
690.180596 -130.569275
690.180606 -130.127426
690.180615 -129.888351
690.180625 -129.813843
690.180635 -129.813721
690.180644 -129.855637
690.180654 -129.969116
690.180663 -130.101212
690.180673 -130.158051
690.180683 -129.967636
690.180692 -129.603943
690.180702 -129.099762
690.180712 -128.515289
690.180721 -127.915665
690.180731 -127.353065
690.180740 -126.856262
690.180750 -126.445351
690.180760 -126.135384
690.180769 -125.927788
690.180779 -125.821861
690.180788 -125.801582
690.180798 -125.818443
690.180808 -125.921951
690.180817 -126.142120
690.180827 -126.493927
690.180837 -126.997833
690.180846 -127.678314
690.180856 -128.564072
690.180865 -129.678497
690.180875 -131.054794
690.180885 -132.729111
690.180894 -134.711823
690.180904 -136.939133
690.180913 -139.132980
690.180923 -140.678604
690.180933 -140.786972
690.180942 -140.387802
690.180952 -140.221512
690.180962 -140.218842
690.180971 -140.377777
690.180981 -140.738235
690.180990 -140.957993
690.181000 -140.128433
690.181010 -138.716003
690.181019 -137.104202
690.181029 -135.574142
690.181038 -134.249283
690.181048 -133.152023
690.181058 -132.284943
690.181067 -131.635132
690.181077 -131.173798
690.181087 -130.871475
690.181096 -130.698929
690.181106 -130.631027
690.181115 -130.620712
690.181125 -130.647430
690.181135 -130.732117
690.181144 -130.869492
690.181154 -131.025299
690.181163 -131.182556
690.181173 -131.317535
690.181183 -131.409576
690.181192 -131.453506
690.181202 -131.503113
690.181212 -131.599960
690.181221 -131.826828
690.181231 -132.261429
690.181240 -132.953934
690.181250 -133.978943
690.181260 -135.358139
690.181269 -136.954941
690.181279 -137.990051
690.181288 -136.420639
690.181298 -134.470718
690.181308 -132.708694
690.181317 -131.257675
690.181327 -130.098892
690.181337 -129.187943
690.181346 -128.482819
690.181356 -127.950974
690.181365 -127.568207
690.181375 -127.318153
690.181385 -127.190422
690.181394 -127.170532
690.181404 -127.179955
690.181413 -127.281731
690.181423 -127.497414
690.181433 -127.829193
690.181442 -128.278488
690.181452 -128.844620
690.181462 -129.524643
690.181471 -130.311630
690.181481 -131.196564
690.181490 -132.169373
690.181500 -133.226578
690.181510 -134.379120
690.181519 -135.667038
690.181529 -137.172745
690.181538 -139.044327
690.181548 -141.477249
690.181558 -144.837372
690.181567 -148.008377
690.181577 -143.793198
690.181587 -140.512711
690.181596 -138.188599
690.181606 -136.500702
690.181615 -135.220123
690.181625 -134.162918
690.181635 -133.168228
690.181644 -132.111694
690.181654 -130.942398
690.181663 -129.690567
690.181673 -128.435211
690.181683 -127.257660
690.181692 -126.218353
690.181702 -125.353470
690.181712 -124.681511
690.181721 -124.210114
690.181731 -123.940826
690.181740 -123.869560
690.181750 -123.871902
690.181760 -123.999939
690.181769 -124.318977
690.181779 -124.818039
690.181788 -125.482010
690.181798 -126.297127
690.181808 -127.234978
690.181817 -128.255402
690.181827 -129.304138
690.181837 -130.312775
690.181846 -131.181015
690.181856 -131.795624
690.181865 -131.814178
690.181875 -131.116730
690.181885 -130.072922
690.181894 -128.861008
690.181904 -127.630745
690.181913 -126.476425
690.181923 -125.446831
690.181933 -124.556267
690.181942 -123.823036
690.181952 -123.247910
690.181962 -122.830360
690.181971 -122.570374
690.181981 -122.470573
690.181990 -122.466446
690.182000 -122.536919
690.182010 -122.779518
690.182019 -123.214279
690.182029 -123.865112
690.182038 -124.767357
690.182048 -125.975044
690.182058 -127.565369
690.182067 -129.687866
690.182077 -132.620712
690.182087 -136.972061
690.182096 -142.861588
690.182106 -137.288788
690.182115 -134.079056
690.182125 -132.188629
690.182135 -131.115707
690.182144 -130.633194
690.182154 -130.575714
690.182163 -130.639542
690.182173 -131.090546
690.182183 -131.960266
690.182192 -133.215500
690.182202 -134.740265
690.182212 -136.180817
690.182221 -136.492569
690.182231 -135.523788
690.182240 -134.585266
690.182250 -133.960709
690.182260 -133.732956
690.182269 -133.732407
690.182279 -133.888687
690.182288 -134.418686
690.182298 -135.246964
690.182308 -136.137039
690.182317 -136.147797
690.182327 -134.924332
690.182337 -133.470337
690.182346 -132.157486
690.182356 -131.125656
690.182365 -130.405457
690.182375 -129.992188
690.182385 -129.871658
690.182394 -129.872665
690.182404 -130.034393
690.182413 -130.463989
690.182423 -131.144806
690.182433 -132.042938
690.182442 -133.080612
690.182452 -134.089020
690.182462 -134.781494
690.182471 -134.340591
690.182481 -133.436371
690.182490 -132.436157
690.182500 -131.499100
690.182510 -130.685776
690.182519 -130.008041
690.182529 -129.457306
690.182538 -129.020767
690.182548 -128.687225
690.182558 -128.450348
690.182567 -128.307556
690.182577 -128.259140
690.182587 -128.255753
690.182596 -128.304443
690.182606 -128.438309
690.182615 -128.639725
690.182625 -128.883881
690.182635 -129.142014
690.182644 -129.368637
690.182654 -129.516357
690.182663 -129.455505
690.182673 -129.245560
690.182683 -128.948761
690.182692 -128.600220
690.182702 -128.232605
690.182712 -127.867973
690.182721 -127.537590
690.182731 -127.266731
690.182740 -127.077660
690.182750 -126.993767
690.182760 -126.988808
690.182769 -127.039314
690.182779 -127.240234
690.182788 -127.624733
690.182798 -128.226395
690.182808 -129.087097
690.182817 -130.265884
690.182827 -131.853088
690.182837 -134.006561
690.182846 -137.046021
690.182856 -141.806900
690.182865 -149.163040
690.182875 -141.643555
690.182885 -138.055618
690.182894 -135.914642
690.182904 -134.575470
690.182913 -133.761047
690.182923 -133.321274
690.182933 -133.148880
690.182942 -133.101089
690.182952 -133.109650
690.182962 -133.067230
690.182971 -132.747177
690.182981 -132.179703
690.182990 -131.455948
690.183000 -130.716431
690.183010 -130.087830
690.183019 -129.662750
690.183029 -129.503754
690.183038 -129.506836
690.183048 -129.676437
690.183058 -130.230347
690.183067 -131.249573
690.183077 -132.859100
690.183087 -135.259003
690.183096 -138.655975
690.183106 -140.128616
690.183115 -136.605362
690.183125 -134.003204
690.183135 -132.271545
690.183144 -131.180756
690.183154 -130.579727
690.183163 -130.373581
690.183173 -130.372025
690.183183 -130.498245
690.183192 -130.904343
690.183202 -131.546707
690.183212 -132.359497
690.183221 -133.274994
690.183231 -134.161896
690.183240 -134.802063
690.183250 -134.358368
690.183260 -133.229843
690.183269 -131.811966
690.183279 -130.340866
690.183288 -128.953033
690.183298 -127.712273
690.183308 -126.645073
690.183317 -125.758415
690.183327 -125.049622
690.183337 -124.519699
690.183346 -124.162933
690.183356 -123.972481
690.183365 -123.929367
690.183375 -123.940277
690.183385 -124.055870
690.183394 -124.304596
690.183404 -124.665771
690.183413 -125.110062
690.183423 -125.597206
690.183433 -126.076653
690.183442 -126.494324
690.183452 -126.805992
690.183462 -126.993149
690.183471 -127.053734
690.183481 -127.052483
690.183490 -127.047104
690.183500 -127.068489
690.183510 -127.128098
690.183519 -127.247505
690.183529 -127.427292
690.183538 -127.663246
690.183548 -127.931366
690.183558 -128.200699
690.183567 -128.440872
690.183577 -128.630905
690.183587 -128.766129
690.183596 -128.858261
690.183606 -128.928802
690.183615 -128.998306
690.183625 -129.063583
690.183635 -129.138382
690.183644 -129.219025
690.183654 -129.297073
690.183663 -129.371521
690.183673 -129.454880
690.183683 -129.572662
690.183692 -129.757523
690.183702 -130.039841
690.183712 -130.431992
690.183721 -130.929977
690.183731 -131.520782
690.183740 -132.146637
690.183750 -132.714981
690.183760 -133.116531
690.183769 -133.150696
690.183779 -132.817047
690.183788 -132.343307
690.183798 -131.795471
690.183808 -131.218506
690.183817 -130.640274
690.183827 -130.082001
690.183837 -129.563019
690.183846 -129.103607
690.183856 -128.724060
690.183865 -128.444397
690.183875 -128.282669
690.183885 -128.249374
690.183894 -128.255539
690.183904 -128.376648
690.183913 -128.657181
690.183923 -129.104874
690.183933 -129.723572
690.183942 -130.509262
690.183952 -131.446014
690.183962 -132.494812
690.183971 -133.580078
690.183981 -134.573486
690.183990 -135.303665
690.184000 -135.462830
690.184010 -134.919846
690.184019 -134.113586
690.184029 -133.152451
690.184038 -132.104523
690.184048 -131.029083
690.184058 -129.970627
690.184067 -128.957397
690.184077 -128.011063
690.184087 -127.146057
690.184096 -126.371025
690.184106 -125.689659
690.184115 -125.102753
690.184125 -124.608940
690.184135 -124.206764
690.184144 -123.894768
690.184154 -123.672279
690.184163 -123.535698
690.184173 -123.492798
690.184183 -123.492989
690.184192 -123.548790
690.184202 -123.709030
690.184212 -123.980499
690.184221 -124.370560
690.184231 -124.885101
690.184240 -125.526810
690.184250 -126.289368
690.184260 -127.150078
690.184269 -128.056519
690.184279 -128.915970
690.184288 -129.600632
690.184298 -129.996094
690.184308 -129.919373
690.184317 -129.662384
690.184327 -129.421097
690.184337 -129.271362
690.184346 -129.242233
690.184356 -129.252960
690.184365 -129.385071
690.184375 -129.669220
690.184385 -130.124298
690.184394 -130.771896
690.184404 -131.645767
690.184413 -132.804428
690.184423 -134.348160
690.184433 -136.457291
690.184442 -139.500031
690.184452 -144.455307
690.184462 -149.146683
690.184471 -142.324020
690.184481 -138.868500
690.184490 -136.756149
690.184500 -135.414856
690.184510 -134.585556
690.184519 -134.116852
690.184529 -133.893860
690.184538 -133.804123
690.184548 -133.753021
690.184558 -133.659790
690.184567 -133.468170
690.184577 -133.206757
690.184587 -132.942841
690.184596 -132.755661
690.184606 -132.684830
690.184615 -132.700638
690.184625 -132.846039
690.184635 -133.153519
690.184644 -133.564850
690.184654 -133.926559
690.184663 -133.704208
690.184673 -133.031723
690.184683 -132.216827
690.184692 -131.462418
690.184702 -130.890640
690.184712 -130.555252
690.184721 -130.450409
690.184731 -130.461838
690.184740 -130.610901
690.184750 -130.946091
690.184760 -131.405273
690.184769 -131.888260
690.184779 -132.274414
690.184788 -132.408508
690.184798 -132.171860
690.184808 -131.847000
690.184817 -131.529495
690.184827 -131.291779
690.184837 -131.182327
690.184846 -131.166306
690.184856 -131.237396
690.184865 -131.488083
690.184875 -131.970459
690.184885 -132.731781
690.184894 -133.842773
690.184904 -135.414474
690.184913 -137.636780
690.184923 -140.850266
690.184933 -145.448257
690.184942 -143.695709
690.184952 -140.100754
690.184962 -137.770248
690.184971 -136.194016
690.184981 -135.082352
690.184990 -134.171066
690.185000 -133.224136
690.185010 -132.093369
690.185019 -130.774460
690.185029 -129.375305
690.185038 -128.022278
690.185048 -126.804276
690.185058 -125.766190
690.185067 -124.922569
690.185077 -124.265518
690.185087 -123.781021
690.185096 -123.460701
690.185106 -123.285995
690.185115 -123.232239
690.185125 -123.235252
690.185135 -123.303398
690.185144 -123.468338
690.185154 -123.728172
690.185163 -124.084007
690.185173 -124.543953
690.185183 -125.121964
690.185192 -125.837326
690.185202 -126.713097
690.185212 -127.776726
690.185221 -129.059464
690.185231 -130.597305
690.185240 -132.425476
690.185250 -134.554794
690.185260 -136.862778
690.185269 -138.779297
690.185279 -137.932129
690.185288 -136.082886
690.185298 -134.282715
690.185308 -132.649643
690.185317 -131.228760
690.185327 -129.988708
690.185337 -128.906387
690.185346 -127.966011
690.185356 -127.156807
690.185365 -126.469292
690.185375 -125.894867
690.185385 -125.424980
690.185394 -125.052132
690.185404 -124.769981
690.185413 -124.575180
690.185423 -124.467377
690.185433 -124.446449
690.185442 -124.450897
690.185452 -124.534737
690.185462 -124.733215
690.185471 -125.066055
690.185481 -125.558922
690.185490 -126.243004
690.185500 -127.155510
690.185510 -128.336349
690.185519 -129.816055
690.185529 -131.564209
690.185538 -133.328827
690.185548 -134.002411
690.185558 -132.634445
690.185567 -131.129990
690.185577 -129.872711
690.185587 -128.943512
690.185596 -128.332138
690.185606 -128.011185
690.185615 -127.947449
690.185625 -127.957451
690.185635 -128.156219
690.185644 -128.603256
690.185654 -129.306915
690.185663 -130.292496
690.185673 -131.608582
690.185683 -133.343918
690.185692 -135.658539
690.185702 -138.896042
690.185712 -143.994095
690.185721 -151.095856
690.185731 -143.877701
690.185740 -140.724075
690.185750 -139.126556
690.185760 -138.483047
690.185769 -138.407379
690.185779 -138.578934
690.185788 -139.308304
690.185798 -140.483017
690.185808 -141.016052
690.185817 -139.141373
690.185827 -136.992584
690.185837 -135.188141
690.185846 -133.849960
690.185856 -132.959274
690.185865 -132.479538
690.185875 -132.365448
690.185885 -132.381088
690.185894 -132.647751
690.185904 -133.273529
690.185913 -134.249359
690.185923 -135.589752
690.185933 -137.291595
690.185942 -139.268829
690.185952 -141.176788
690.185962 -141.888580
690.185971 -140.703949
690.185981 -139.392441
690.185990 -138.224854
690.186000 -137.202850
690.186010 -136.306091
690.186019 -135.485535
690.186029 -134.704437
690.186038 -133.951996
690.186048 -133.238922
690.186058 -132.591187
690.186067 -132.039734
690.186077 -131.615158
690.186087 -131.343536
690.186096 -131.244385
690.186106 -131.243759
690.186115 -131.326538
690.186125 -131.612061
690.186135 -132.110672
690.186144 -132.831238
690.186154 -133.781403
690.186163 -134.970352
690.186173 -136.404755
690.186183 -138.073822
690.186192 -139.871277
690.186202 -141.370560
690.186212 -140.419296
690.186221 -138.437744
690.186231 -136.473190
690.186240 -134.783554
690.186250 -133.416382
690.186260 -132.365845
690.186269 -131.616699
690.186279 -131.157333
690.186288 -130.980850
690.186298 -130.976898
690.186308 -131.085953
690.186317 -131.473129
690.186327 -132.143448
690.186337 -133.090134
690.186346 -134.284012
690.186356 -135.642395
690.186365 -136.990051
690.186375 -138.060730
690.186385 -138.644745
690.186394 -138.643005
690.186404 -138.329254
690.186413 -137.860855
690.186423 -137.142670
690.186433 -136.123810
690.186442 -134.880280
690.186452 -133.558868
690.186462 -132.287399
690.186471 -131.143036
690.186481 -130.161331
690.186490 -129.354523
690.186500 -128.723907
690.186510 -128.267838
690.186519 -127.984344
690.186529 -127.872879
690.186538 -127.869530
690.186548 -127.934303
690.186558 -128.169876
690.186567 -128.579437
690.186577 -129.158890
690.186587 -129.892899
690.186596 -130.745224
690.186606 -131.641617
690.186615 -132.459122
690.186625 -133.043167
690.186635 -133.200104
690.186644 -132.919907
690.186654 -132.593002
690.186663 -132.324234
690.186673 -132.135025
690.186683 -132.066772
690.186692 -132.055557
690.186702 -132.099945
690.186712 -132.201294
690.186721 -132.336731
690.186731 -132.485535
690.186740 -132.646484
690.186750 -132.836258
690.186760 -133.072769
690.186769 -133.356277
690.186779 -133.648407
690.186788 -133.860001
690.186798 -133.700012
690.186808 -133.272598
690.186817 -132.724045
690.186827 -132.169006
690.186837 -131.689926
690.186846 -131.329071
690.186856 -131.095871
690.186865 -130.980408
690.186875 -130.951736
690.186885 -130.957458
690.186894 -131.012802
690.186904 -131.111557
690.186913 -131.237198
690.186923 -131.371658
690.186933 -131.486313
690.186942 -131.563889
690.186952 -131.516479
690.186962 -131.335968
690.186971 -131.032440
690.186981 -130.618423
690.186990 -130.123688
690.187000 -129.586243
690.187010 -129.040176
690.187019 -128.504959
690.187029 -127.993515
690.187038 -127.524429
690.187048 -127.103447
690.187058 -126.738228
690.187067 -126.439995
690.187077 -126.225517
690.187087 -126.115417
690.187096 -126.097931
690.187106 -126.133965
690.187115 -126.306053
690.187125 -126.657219
690.187135 -127.211823
690.187144 -127.991730
690.187154 -129.009750
690.187163 -130.254059
690.187173 -131.647278
690.187183 -132.973129
690.187192 -133.843842
690.187202 -133.435516
690.187212 -132.708221
690.187221 -132.078049
690.187231 -131.684860
690.187240 -131.575256
690.187250 -131.578400
690.187260 -131.774139
690.187269 -132.277359
690.187279 -133.087463
690.187288 -134.179291
690.187298 -135.430725
690.187308 -136.462631
690.187317 -135.514832
690.187327 -133.779984
690.187337 -131.988937
690.187346 -130.401703
690.187356 -129.085556
690.187365 -128.045959
690.187375 -127.275398
690.187385 -126.768326
690.187394 -126.518333
690.187404 -126.489792
690.187413 -126.537888
690.187423 -126.842522
690.187433 -127.454414
690.187442 -128.405899
690.187452 -129.739716
690.187462 -131.500748
690.187471 -133.688065
690.187481 -136.052155
690.187490 -137.468719
690.187500 -136.280701
690.187510 -135.208374
690.187519 -134.646194
690.187529 -134.567673
690.187538 -134.683670
690.187548 -135.376389
690.187558 -136.793427
690.187567 -139.168198
690.187577 -142.519714
690.187587 -140.341125
690.187596 -136.707870
690.187606 -134.073135
690.187615 -132.200699
690.187625 -130.883133
690.187635 -129.990128
690.187644 -129.437195
690.187654 -129.163345
690.187663 -129.111191
690.187673 -129.118484
690.187683 -129.255707
690.187692 -129.526123
690.187702 -129.880432
690.187712 -130.273376
690.187721 -130.674362
690.187731 -131.076431
690.187740 -131.500305
690.187750 -131.986496
690.187760 -132.585938
690.187769 -133.348846
690.187779 -134.321701
690.187788 -135.544022
690.187798 -137.052185
690.187808 -138.875015
690.187817 -141.033295
690.187827 -143.522354
690.187837 -146.279739
690.187846 -148.988998
690.187856 -150.074600
690.187865 -147.379044
690.187875 -144.241669
690.187885 -141.349487
690.187894 -138.892441
690.187904 -136.856461
690.187913 -135.200699
690.187923 -133.888000
690.187933 -132.886322
690.187942 -132.165970
690.187952 -131.712616
690.187962 -131.520081
690.187971 -131.505737
690.187981 -131.587280
690.187990 -131.924210
690.188000 -132.554932
690.188010 -133.525879
690.188019 -134.916473
690.188029 -136.865341
690.188038 -139.624344
690.188048 -143.651276
690.188058 -147.205536
690.188067 -142.792603
690.188077 -139.845215
690.188087 -137.914963
690.188096 -136.631973
690.188106 -135.812256
690.188115 -135.343811
690.188125 -135.175613
690.188135 -135.167053
690.188144 -135.296448
690.188154 -135.723297
690.188163 -136.491592
690.188173 -137.642654
690.188183 -139.193237
690.188192 -141.159958
690.188202 -143.389633
690.188212 -145.399017
690.188221 -146.524414
690.188231 -146.549713
690.188240 -145.993942
690.188250 -144.867126
690.188260 -143.193604
690.188269 -141.413513
690.188279 -139.907700
690.188288 -138.849548
690.188298 -138.304550
690.188308 -138.235077
690.188317 -138.315613
690.188327 -138.955246
690.188337 -140.384247
690.188346 -143.002213
690.188356 -148.068451
690.188365 -147.964539
690.188375 -141.693619
690.188385 -137.998901
690.188394 -135.421326
690.188404 -133.493073
690.188413 -131.998535
690.188423 -130.824829
690.188433 -129.906326
690.188442 -129.201843
690.188452 -128.683136
690.188462 -128.326660
690.188471 -128.108185
690.188481 -128.010101
690.188490 -127.996925
690.188500 -128.007416
690.188510 -128.071869
690.188519 -128.172470
690.188529 -128.278687
690.188538 -128.363419
690.188548 -128.396393
690.188558 -128.323441
690.188567 -128.188782
690.188577 -128.001556
690.188587 -127.767044
690.188596 -127.490524
690.188606 -127.177528
690.188615 -126.833679
690.188625 -126.464539
690.188635 -126.075417
690.188644 -125.671089
690.188654 -125.256447
690.188663 -124.836502
690.188673 -124.417618
690.188683 -124.007744
690.188692 -123.616890
690.188702 -123.256828
690.188712 -122.940796
690.188721 -122.682617
690.188731 -122.496155
690.188740 -122.394539
690.188750 -122.378738
690.188760 -122.390129
690.188769 -122.493919
690.188779 -122.715881
690.188788 -123.065254
690.188798 -123.551003
690.188808 -124.182091
690.188817 -124.967377
690.188827 -125.910011
690.188837 -127.019722
690.188846 -128.295166
690.188856 -129.717361
690.188865 -131.227310
690.188875 -132.698593
690.188885 -133.934540
690.188894 -134.764206
690.188904 -135.202911
690.188913 -135.466644
690.188923 -135.820694
690.188933 -136.442841
690.188942 -137.490143
690.188952 -139.012878
690.188962 -140.612030
690.188971 -138.611343
690.188981 -135.786957
690.188990 -133.276047
690.189000 -131.216248
690.189010 -129.548782
690.189019 -128.202209
690.189029 -127.119759
690.189038 -126.261116
690.189048 -125.598091
690.189058 -125.108513
690.189067 -124.787308
690.189077 -124.629898
690.189087 -124.611343
690.189096 -124.636238
690.189106 -124.809761
690.189115 -125.155899
690.189125 -125.681808
690.189135 -126.392181
690.189144 -127.293953
690.189154 -128.393097
690.189163 -129.690765
690.189173 -131.180222
690.189183 -132.842590
690.189192 -134.635483
690.189202 -136.480118
690.189212 -138.242706
690.189221 -139.739548
690.189231 -140.787537
690.189240 -141.290909
690.189250 -140.864487
690.189260 -140.091263
690.189269 -139.055420
690.189279 -137.856018
690.189288 -136.599915
690.189298 -135.382889
690.189308 -134.274399
690.189317 -133.319046
690.189327 -132.541061
690.189337 -131.953049
690.189346 -131.558594
690.189356 -131.357742
690.189365 -131.325638
690.189375 -131.345703
690.189385 -131.503220
690.189394 -131.813385
690.189404 -132.256561
690.189413 -132.793961
690.189423 -133.379990
690.189433 -133.973602
690.189442 -134.558212
690.189452 -135.152390
690.189462 -135.806732
690.189471 -136.580765
690.189481 -137.517929
690.189490 -138.617111
690.189500 -139.807709
690.189510 -140.930679
690.189519 -141.786316
690.189529 -142.262177
690.189538 -142.397919
690.189548 -142.269684
690.189558 -142.160690
690.189567 -142.113419
690.189577 -142.144501
690.189587 -142.336243
690.189596 -142.898315
690.189606 -144.048248
690.189615 -146.024231
690.189625 -147.387039
690.189635 -142.958588
690.189644 -138.929047
690.189654 -135.731567
690.189663 -133.161499
690.189673 -131.055023
690.189683 -129.310730
690.189692 -127.864853
690.189702 -126.677231
690.189712 -125.720909
690.189721 -124.978226
690.189731 -124.436928
690.189740 -124.089310
690.189750 -123.931007
690.189760 -123.913490
690.189769 -123.961006
690.189779 -124.180443
690.189788 -124.593376
690.189798 -125.205948
690.189808 -126.026749
690.189817 -127.065750
690.189827 -128.334335
690.189837 -129.844788
690.189846 -131.612900
690.189856 -133.666061
690.189865 -136.070602
690.189875 -139.004669
690.189885 -142.945969
690.189894 -148.926331
690.189904 -142.872269
690.189913 -138.341293
690.189923 -135.115784
690.189933 -132.632874
690.189942 -130.638596
690.189952 -128.991516
690.189962 -127.623001
690.189971 -126.491013
690.189981 -125.566689
690.189990 -124.834251
690.190000 -124.286072
690.190010 -123.919754
690.190019 -123.734985
690.190029 -123.706505
690.190038 -123.722572
690.190048 -123.881958
690.190058 -124.203011
690.190067 -124.659615
690.190077 -125.205254
690.190087 -125.768417
690.190096 -126.260109
690.190106 -126.602226
690.190115 -126.754219
690.190125 -126.768585
690.190135 -126.775368
690.190144 -126.840439
690.190154 -127.015251
690.190163 -127.371384
690.190173 -127.941650
690.190183 -128.743988
690.190192 -129.781036
690.190202 -131.031128
690.190212 -132.454254
690.190221 -133.932465
690.190231 -135.232086
690.190240 -136.007507
690.190250 -135.275543
690.190260 -134.093277
690.190269 -132.713287
690.190279 -131.305237
690.190288 -129.974274
690.190298 -128.765579
690.190308 -127.699631
690.190317 -126.783287
690.190327 -126.014091
690.190337 -125.384964
690.190346 -124.886169
690.190356 -124.507401
690.190365 -124.238434
690.190375 -124.070076
690.190385 -123.993935
690.190394 -123.983818
690.190404 -124.003189
690.190413 -124.091484
690.190423 -124.253723
690.190433 -124.484718
690.190442 -124.781151
690.190452 -125.140877
690.190462 -125.558571
690.190471 -126.024200
690.190481 -126.526611
690.190490 -127.046783
690.190500 -127.558334
690.190510 -128.027512
690.190519 -128.417038
690.190529 -128.687408
690.190538 -128.759933
690.190548 -128.556976
690.190558 -128.220734
690.190567 -127.794952
690.190577 -127.334969
690.190587 -126.899506
690.190596 -126.543182
690.190606 -126.313828
690.190615 -126.248924
690.190625 -126.251862
690.190635 -126.393791
690.190644 -126.766281
690.190654 -127.413681
690.190663 -128.383408
690.190673 -129.738968
690.190683 -131.564728
690.190692 -133.945114
690.190702 -136.739395
690.190712 -137.467361
690.190721 -135.016327
690.190731 -132.865219
690.190740 -131.236404
690.190750 -130.043137
690.190760 -129.186356
690.190769 -128.589966
690.190779 -128.196396
690.190788 -127.961441
690.190798 -127.848656
690.190808 -127.818504
690.190817 -127.822800
690.190827 -127.870186
690.190837 -127.953339
690.190846 -128.056534
690.190856 -128.164642
690.190865 -128.267654
690.190875 -128.361603
690.190885 -128.446915
690.190894 -128.527786
690.190904 -128.609314
690.190913 -128.691986
690.190923 -128.794678
690.190933 -128.931610
690.190942 -129.121338
690.190952 -129.388260
690.190962 -129.760315
690.190971 -130.252426
690.190981 -130.889877
690.190990 -131.669479
690.191000 -132.530685
690.191010 -133.311615
690.191019 -133.579422
690.191029 -132.885269
690.191038 -131.940796
690.191048 -131.014603
690.191058 -130.258163
690.191067 -129.735107
690.191077 -129.454956
690.191087 -129.404999
690.191096 -129.417496
690.191106 -129.616287
690.191115 -130.020859
690.191125 -130.577927
690.191135 -131.197952
690.191144 -131.748886
690.191154 -132.083481
690.191163 -131.864899
690.191173 -131.460800
690.191183 -131.030762
690.191192 -130.667664
690.191202 -130.420425
690.191212 -130.307953
690.191221 -130.289093
690.191231 -130.331039
690.191240 -130.482681
690.191250 -130.753616
690.191260 -131.140045
690.191269 -131.645844
690.191279 -132.288116
690.191288 -133.097549
690.191298 -134.122223
690.191308 -135.429382
690.191317 -137.115311
690.191327 -139.282486
690.191337 -142.122757
690.191346 -145.630753
690.191356 -146.284134
690.191365 -143.474091
690.191375 -141.337463
690.191385 -139.868729
690.191394 -138.924591
690.191404 -138.420761
690.191413 -138.303528
690.191423 -138.313919
690.191433 -138.615524
690.191442 -139.392685
690.191452 -140.763138
690.191462 -142.940491
690.191471 -146.016022
690.191481 -144.126251
690.191490 -140.282410
690.191500 -137.416702
690.191510 -135.350784
690.191519 -133.881943
690.191529 -132.882034
690.191538 -132.277145
690.191548 -132.003204
690.191558 -131.963974
690.191567 -131.997543
690.191577 -132.183060
690.191587 -132.453964
690.191596 -132.678375
690.191606 -132.560028
690.191615 -132.205093
690.191625 -131.769806
690.191635 -131.353271
690.191644 -131.021317
690.191654 -130.805756
690.191663 -130.709824
690.191673 -130.704773
690.191683 -130.745819
690.191692 -130.911835
690.191702 -131.195389
690.191712 -131.592255
690.191721 -132.091736
690.191731 -132.663147
690.191740 -133.248901
690.191750 -133.767563
690.191760 -134.137451
690.191769 -134.303757
690.191779 -134.210907
690.191788 -134.026749
690.191798 -133.779938
690.191808 -133.451569
690.191817 -133.021332
690.191827 -132.500320
690.191837 -131.937103
690.191846 -131.403671
690.191856 -130.971436
690.191865 -130.700699
690.191875 -130.632355
690.191885 -130.638809
690.191894 -130.827301
690.191904 -131.295364
690.191913 -132.094009
690.191923 -133.285294
690.191933 -134.926071
690.191942 -136.997559
690.191952 -139.056137
690.191962 -138.233200
690.191971 -136.168777
690.191981 -134.392288
690.191990 -133.043930
690.192000 -132.052170
690.192010 -131.339859
690.192019 -130.841766
690.192029 -130.493668
690.192038 -130.248917
690.192048 -130.078583
690.192058 -129.967529
690.192067 -129.905685
690.192077 -129.858612
690.192087 -129.823944
690.192096 -129.774078
690.192106 -129.684265
690.192115 -129.548706
690.192125 -129.388367
690.192135 -129.248077
690.192144 -129.179428
690.192154 -129.175156
690.192163 -129.250351
690.192173 -129.497543
690.192183 -129.968842
690.192192 -130.707062
690.192202 -131.762329
690.192212 -133.201691
690.192221 -135.125046
690.192231 -137.673157
690.192240 -140.916092
690.192250 -142.852905
690.192260 -139.870285
690.192269 -137.324829
690.192279 -135.426346
690.192288 -134.008789
690.192298 -132.975311
690.192308 -132.240280
690.192317 -131.753555
690.192327 -131.487579
690.192337 -131.426147
690.192346 -131.431870
690.192356 -131.588776
690.192365 -131.972183
690.192375 -132.607468
690.192385 -133.532623
690.192394 -134.796402
690.192404 -136.443771
690.192413 -138.425934
690.192423 -140.252106
690.192433 -138.970444
690.192442 -136.754822
690.192452 -134.752594
690.192462 -133.111160
690.192471 -131.795990
690.192481 -130.749512
690.192490 -129.921387
690.192500 -129.272247
690.192510 -128.769852
690.192519 -128.387283
690.192529 -128.099030
690.192538 -127.873444
690.192548 -127.685951
690.192558 -127.515541
690.192567 -127.336487
690.192577 -127.126404
690.192587 -126.868683
690.192596 -126.554771
690.192606 -126.184097
690.192615 -125.762756
690.192625 -125.301010
690.192635 -124.810867
690.192644 -124.304268
690.192654 -123.792557
690.192663 -123.286018
690.192673 -122.794464
690.192683 -122.327446
690.192692 -121.895020
690.192702 -121.507622
690.192712 -121.176628
690.192721 -120.914055
690.192731 -120.732773
690.192740 -120.646088
690.192750 -120.637497
690.192760 -120.668144
690.192769 -120.813210
690.192779 -121.096207
690.192788 -121.532524
690.192798 -122.138268
690.192808 -122.930145
690.192817 -123.925362
690.192827 -125.140457
690.192837 -126.589066
690.192846 -128.275269
690.192856 -130.180130
690.192865 -132.235535
690.192875 -134.294861
690.192885 -136.152618
690.192894 -137.698456
690.192904 -139.097107
690.192913 -140.771500
690.192923 -143.332397
690.192933 -147.982010
690.192942 -147.982315
690.192952 -141.823181
690.192962 -138.169464
690.192971 -135.700134
690.192981 -133.959564
690.192990 -132.735779
690.193000 -131.909256
690.193010 -131.411636
690.193019 -131.182953
690.193029 -131.137100
690.193038 -131.163895
690.193048 -131.286026
690.193058 -131.471283
690.193067 -131.644287
690.193077 -131.748322
690.193087 -131.800568
690.193096 -131.866608
690.193106 -131.994583
690.193115 -132.278442
690.193125 -132.783249
690.193135 -133.542389
690.193144 -134.617142
690.193154 -136.017883
690.193163 -137.677399
690.193173 -139.312897
690.193183 -140.132095
690.193192 -139.179443
690.193202 -138.091278
690.193212 -137.195526
690.193221 -136.573486
690.193231 -136.213699
690.193240 -136.075928
690.193250 -136.048065
690.193260 -136.105820
690.193269 -136.239822
690.193279 -136.397232
690.193288 -136.471008
690.193298 -136.305435
690.193308 -136.041016
690.193317 -135.761429
690.193327 -135.560333
690.193337 -135.506866
690.193346 -135.524139
690.193356 -135.728104
690.193365 -136.244781
690.193375 -137.157913
690.193385 -138.587799
690.193394 -140.736237
690.193404 -144.009277
690.193413 -149.367966
690.193423 -150.085266
690.193433 -145.917221
690.193442 -143.954498
690.193452 -143.342331
690.193462 -143.342209
690.193471 -143.848114
690.193481 -145.072556
690.193490 -142.286041
690.193500 -138.629227
690.193510 -135.554520
690.193519 -133.143890
690.193529 -131.280228
690.193538 -129.860092
690.193548 -128.807785
690.193558 -128.068802
690.193567 -127.601006
690.193577 -127.370079
690.193587 -127.328941
690.193596 -127.345299
690.193606 -127.497498
690.193615 -127.796104
690.193625 -128.209641
690.193635 -128.694000
690.193644 -129.211288
690.193654 -129.717865
690.193663 -130.160980
690.193673 -130.488770
690.193683 -130.667740
690.193692 -130.647644
690.193702 -130.582733
690.193712 -130.558411
690.193721 -130.597763
690.193731 -130.766708
690.193740 -131.135376
690.193750 -131.701309
690.193760 -132.372330
690.193769 -132.903351
690.193779 -132.272186
690.193788 -131.149841
690.193798 -129.934830
690.193808 -128.868515
690.193817 -128.050568
690.193827 -127.497681
690.193837 -127.175758
690.193846 -127.064140
690.193856 -127.042252
690.193865 -127.095551
690.193875 -127.156303
690.193885 -127.029747
690.193894 -126.671227
690.193904 -126.171211
690.193913 -125.629868
690.193923 -125.142128
690.193933 -124.774590
690.193942 -124.565773
690.193952 -124.509079
690.193962 -124.534828
690.193971 -124.690018
690.193981 -125.035110
690.193990 -125.575890
690.194000 -126.326263
690.194010 -127.317680
690.194019 -128.613113
690.194029 -130.336899
690.194038 -132.743530
690.194048 -136.441315
690.194058 -143.404297
690.194067 -137.347565
690.194077 -132.640991
690.194087 -129.617416
690.194096 -127.473465
690.194106 -125.897789
690.194115 -124.738472
690.194125 -123.903221
690.194135 -123.344193
690.194144 -123.022675
690.194154 -122.907913
690.194163 -122.903542
690.194173 -122.973862
690.194183 -123.195816
690.194192 -123.550568
690.194202 -124.016289
690.194212 -124.574272
690.194221 -125.210388
690.194231 -125.917763
690.194240 -126.696724
690.194250 -127.553032
690.194260 -128.489044
690.194269 -129.485947
690.194279 -130.467911
690.194288 -131.259293
690.194298 -131.322952
690.194308 -130.548782
690.194317 -129.570572
690.194327 -128.636185
690.194337 -127.884323
690.194346 -127.379425
690.194356 -127.151688
690.194365 -127.136024
690.194375 -127.219849
690.194385 -127.601036
690.194394 -128.301132
690.194404 -129.358582
690.194413 -130.781281
690.194423 -132.469193
690.194433 -133.932251
690.194442 -132.674271
690.194452 -130.637329
690.194462 -128.717361
690.194471 -127.100166
690.194481 -125.785782
690.194490 -124.736877
690.194500 -123.916122
690.194510 -123.293503
690.194519 -122.846237
690.194529 -122.558189
690.194538 -122.418777
690.194548 -122.395805
690.194558 -122.422905
690.194567 -122.570206
690.194577 -122.865158
690.194587 -123.317154
690.194596 -123.940834
690.194606 -124.756294
690.194615 -125.790649
690.194625 -127.080063
690.194635 -128.674179
690.194644 -130.643585
690.194654 -133.095062
690.194663 -136.201569
690.194673 -140.265930
690.194683 -145.776047
690.194692 -150.753403
690.194702 -148.808853
690.194712 -148.418564
690.194721 -148.325790
690.194731 -145.961792
690.194740 -142.175583
690.194750 -138.738876
690.194760 -135.963257
690.194769 -133.747772
690.194779 -131.967972
690.194788 -130.525482
690.194798 -129.347229
690.194808 -128.371216
690.194817 -127.560371
690.194827 -126.882492
690.194837 -126.312157
690.194846 -125.831070
690.194856 -125.427147
690.194865 -125.092865
690.194875 -124.824463
690.194885 -124.616608
690.194894 -124.468765
690.194904 -124.382874
690.194913 -124.357719
690.194923 -124.356628
690.194933 -124.392113
690.194942 -124.482475
690.194952 -124.624733
690.194962 -124.813171
690.194971 -125.039909
690.194981 -125.295158
690.194990 -125.567474
690.195000 -125.845131
690.195010 -126.117607
690.195019 -126.377769
690.195029 -126.622696
690.195038 -126.854263
690.195048 -127.077393
690.195058 -127.299446
690.195067 -127.524155
690.195077 -127.758804
690.195087 -128.020813
690.195096 -128.323273
690.195106 -128.682739
690.195115 -129.118637
690.195125 -129.652771
690.195135 -130.307678
690.195144 -131.104279
690.195154 -132.059006
690.195163 -133.178589
690.195173 -134.450531
690.195183 -135.824020
690.195192 -137.177078
690.195202 -138.273056
690.195212 -138.460785
690.195221 -137.396484
690.195231 -135.893799
690.195240 -134.241516
690.195250 -132.616577
690.195260 -131.108307
690.195269 -129.753174
690.195279 -128.558533
690.195288 -127.516113
690.195298 -126.609818
690.195308 -125.821831
690.195317 -125.132431
690.195327 -124.539536
690.195337 -124.038689
690.195346 -123.627281
690.195356 -123.308235
690.195365 -123.089073
690.195375 -122.971870
690.195385 -122.939552
690.195394 -122.948799
690.195404 -123.021141
690.195413 -123.156609
690.195423 -123.334679
690.195433 -123.532364
690.195442 -123.737892
690.195452 -123.960342
690.195462 -124.232697
690.195471 -124.609093
690.195481 -125.158371
690.195490 -125.961884
690.195500 -127.118706
690.195510 -128.765854
690.195519 -131.092346
690.195529 -134.449768
690.195538 -139.086121
690.195548 -136.144867
690.195558 -132.755219
690.195567 -130.511246
690.195577 -128.993607
690.195587 -127.981995
690.195596 -127.317322
690.195606 -126.892120
690.195615 -126.628059
690.195625 -126.468185
690.195635 -126.375969
690.195644 -126.326958
690.195654 -126.309669
690.195663 -126.346931
690.195673 -126.434006
690.195683 -126.618103
690.195692 -126.935066
690.195702 -127.424667
690.195712 -128.135132
690.195721 -129.130798
690.195731 -130.506546
690.195740 -132.422379
690.195750 -135.188171
690.195760 -139.527985
690.195769 -143.776917
690.195779 -137.710693
690.195788 -134.156815
690.195798 -131.851120
690.195808 -130.290710
690.195817 -129.253754
690.195827 -128.629822
690.195837 -128.363083
690.195846 -128.347244
690.195856 -128.430130
690.195865 -128.826385
690.195875 -129.577698
690.195885 -130.738480
690.195894 -132.412720
690.195904 -134.805466
690.195913 -138.364899
690.195923 -144.134094
690.195933 -141.358902
690.195942 -137.082733
690.195952 -134.368515
690.195962 -132.483948
690.195971 -131.101212
690.195981 -130.049484
690.195990 -129.229675
690.196000 -128.582886
690.196010 -128.074951
690.196019 -127.688904
690.196029 -127.418388
690.196038 -127.264000
690.196048 -127.226028
690.196058 -127.228745
690.196067 -127.316124
690.196077 -127.527184
690.196087 -127.860146
690.196096 -128.304794
690.196106 -128.845810
690.196115 -129.468964
690.196125 -130.146027
690.196135 -130.840469
690.196144 -131.509567
690.196154 -132.111008
690.196163 -132.612228
690.196173 -132.999390
690.196183 -133.281097
690.196192 -133.482529
690.196202 -133.636215
690.196212 -133.771576
690.196221 -133.910858
690.196231 -134.066498
690.196240 -134.243515
690.196250 -134.442429
690.196260 -134.663330
690.196269 -134.908112
690.196279 -135.182281
690.196288 -135.491730
690.196298 -135.840210
690.196308 -136.222839
690.196317 -136.622925
690.196327 -137.004211
690.196337 -137.304581
690.196346 -137.178787
690.196356 -136.566376
690.196365 -135.570694
690.196375 -134.327057
690.196385 -133.020187
690.196394 -131.809296
690.196404 -130.804428
690.196413 -130.078186
690.196423 -129.684418
690.196433 -129.629776
690.196442 -129.675812
690.196452 -130.119400
690.196462 -131.120377
690.196471 -132.868881
690.196481 -135.759140
690.196490 -140.681534
690.196500 -139.392990
690.196510 -134.808685
690.196519 -132.033890
690.196529 -130.286942
690.196538 -129.221725
690.196548 -128.679077
690.196558 -128.543167
690.196567 -128.556534
690.196577 -128.782745
690.196587 -129.289780
690.196596 -129.991531
690.196606 -130.758850
690.196615 -131.411026
690.196625 -131.716110
690.196635 -131.342911
690.196644 -130.784531
690.196654 -130.167007
690.196663 -129.564774
690.196673 -129.009995
690.196683 -128.519089
690.196692 -128.114120
690.196702 -127.805260
690.196712 -127.602921
690.196721 -127.515617
690.196731 -127.511375
690.196740 -127.549400
690.196750 -127.703186
690.196760 -127.973175
690.196769 -128.355270
690.196779 -128.838272
690.196788 -129.408264
690.196798 -130.050369
690.196808 -130.751770
690.196817 -131.505630
690.196827 -132.315903
690.196837 -133.201813
690.196846 -134.201996
690.196856 -135.379028
690.196865 -136.815536
690.196875 -138.657242
690.196885 -141.139069
690.196894 -144.605850
690.196904 -147.541351
690.196913 -143.227081
690.196923 -139.897736
690.196933 -137.490814
690.196942 -135.700638
690.196952 -134.339310
690.196962 -133.284348
690.196971 -132.451996
690.196981 -131.786087
690.196990 -131.233276
690.197000 -130.749237
690.197010 -130.301590
690.197019 -129.872787
690.197029 -129.461578
690.197038 -129.079819
690.197048 -128.748062
690.197058 -128.489075
690.197067 -128.325516
690.197077 -128.276184
690.197087 -128.276672
690.197096 -128.361725
690.197106 -128.609863
690.197115 -129.050613
690.197125 -129.724197
690.197135 -130.688736
690.197144 -132.033722
690.197154 -133.909027
690.197163 -136.593994
690.197173 -140.644653
690.197183 -143.471924
690.197192 -138.333740
690.197202 -134.904617
690.197212 -132.498535
690.197221 -130.724564
690.197231 -129.388336
690.197240 -128.373581
690.197250 -127.611221
690.197260 -127.055641
690.197269 -126.673561
690.197279 -126.436508
690.197288 -126.317001
690.197298 -126.277153
690.197308 -126.270569
690.197317 -126.302193
690.197327 -126.338959
690.197337 -126.338959
690.197346 -126.237633
690.197356 -126.060410
690.197365 -125.820648
690.197375 -125.545341
690.197385 -125.269165
690.197394 -125.027779
690.197404 -124.854057
690.197413 -124.775841
690.197423 -124.773766
690.197433 -124.814667
690.197442 -124.981178
690.197452 -125.294991
690.197462 -125.762100
690.197471 -126.378693
690.197481 -127.125244
690.197490 -127.954498
690.197500 -128.778503
690.197510 -129.465897
690.197519 -129.880478
690.197529 -129.767899
690.197538 -129.438263
690.197548 -129.104324
690.197558 -128.853958
690.197567 -128.732086
690.197577 -128.718384
690.197587 -128.736496
690.197596 -128.869156
690.197606 -129.108322
690.197615 -129.410049
690.197625 -129.715790
690.197635 -129.958054
690.197644 -130.033020
690.197654 -129.830902
690.197663 -129.501633
690.197673 -129.092270
690.197683 -128.647797
690.197692 -128.204514
690.197702 -127.788933
690.197712 -127.420677
690.197721 -127.114944
690.197731 -126.883484
690.197740 -126.734932
690.197750 -126.661987
690.197760 -126.653633
690.197769 -126.674515
690.197779 -126.770859
690.197788 -126.943138
690.197798 -127.181602
690.197808 -127.478798
690.197817 -127.833916
690.197827 -128.258026
690.197837 -128.776001
690.197846 -129.427338
690.197856 -130.262436
690.197865 -131.336761
690.197875 -132.689438
690.197885 -134.274017
690.197894 -135.745987
690.197904 -135.243866
690.197913 -133.472412
690.197923 -131.722275
690.197933 -130.272797
690.197942 -129.162735
690.197952 -128.365845
690.197962 -127.824394
690.197971 -127.518997
690.197981 -127.406219
690.197990 -127.382080
690.198000 -127.436020
690.198010 -127.543335
690.198019 -127.633331
690.198029 -127.559792
690.198038 -127.277573
690.198048 -126.860214
690.198058 -126.368233
690.198067 -125.866737
690.198077 -125.408936
690.198087 -125.031639
690.198096 -124.758469
690.198106 -124.604057
690.198115 -124.563133
690.198125 -124.578636
690.198135 -124.690132
690.198144 -124.946121
690.198154 -125.354530
690.198163 -125.923981
690.198173 -126.662506
690.198183 -127.571861
690.198192 -128.646179
690.198202 -129.876541
690.198212 -131.221008
690.198221 -132.595108
690.198231 -133.865906
690.198240 -134.881927
690.198250 -135.548355
690.198260 -135.871597
690.198269 -135.628784
690.198279 -135.140472
690.198288 -134.426559
690.198298 -133.548859
690.198308 -132.608200
690.198317 -131.703140
690.198327 -130.906067
690.198337 -130.258530
690.198346 -129.779358
690.198356 -129.471466
690.198365 -129.327942
690.198375 -129.306198
690.198385 -129.334000
690.198394 -129.468735
690.198404 -129.704224
690.198413 -130.006363
690.198423 -130.333221
690.198433 -130.634232
690.198442 -130.849335
690.198452 -130.765091
690.198462 -130.377975
690.198471 -129.771103
690.198481 -129.008392
690.198490 -128.171692
690.198500 -127.335388
690.198510 -126.553429
690.198519 -125.858856
690.198529 -125.268311
690.198538 -124.787094
690.198548 -124.413475
690.198558 -124.141869
690.198567 -123.965042
690.198577 -123.875488
690.198587 -123.860237
690.198596 -123.866531
690.198606 -123.932907
690.198615 -124.070839
690.198625 -124.278297
690.198635 -124.554909
690.198644 -124.901756
690.198654 -125.321228
690.198663 -125.817162
690.198673 -126.394844
690.198683 -127.057632
690.198692 -127.810776
690.198702 -128.665543
690.198712 -129.626007
690.198721 -130.681458
690.198731 -131.779297
690.198740 -132.772629
690.198750 -133.257645
690.198760 -132.384186
690.198769 -131.052567
690.198779 -129.599564
690.198788 -128.222656
690.198798 -127.007523
690.198808 -125.984528
690.198817 -125.162766
690.198827 -124.543770
690.198837 -124.127655
690.198846 -123.914757
690.198856 -123.882347
690.198865 -123.900070
690.198875 -124.087280
690.198885 -124.480392
690.198894 -125.077110
690.198904 -125.866386
690.198913 -126.818733
690.198923 -127.868393
690.198933 -128.893066
690.198942 -129.714783
690.198952 -130.165924
690.198962 -130.020096
690.198971 -129.706955
690.198981 -129.414078
690.198990 -129.194656
690.199000 -129.049911
690.199010 -128.945282
690.199019 -128.852356
690.199029 -128.733932
690.199038 -128.576874
690.199048 -128.406158
690.199058 -128.265900
690.199067 -128.193954
690.199077 -128.185471
690.199087 -128.290344
690.199096 -128.551346
690.199106 -129.027008
690.199115 -129.738312
690.199125 -130.682404
690.199135 -131.807846
690.199144 -132.966949
690.199154 -133.885452
690.199163 -134.151321
690.199173 -133.779495
690.199183 -133.484650
690.199192 -133.397324
690.199202 -133.471329
690.199212 -133.858047
690.199221 -134.737350
690.199231 -136.216080
690.199240 -138.413742
690.199250 -141.155884
690.199260 -140.016235
690.199269 -136.888565
690.199279 -134.373398
690.199288 -132.470871
690.199298 -131.040344
690.199308 -129.963669
690.199317 -129.188889
690.199327 -128.676208
690.199337 -128.403275
690.199346 -128.351730
690.199356 -128.362396
690.199365 -128.556839
690.199375 -128.998749
690.199385 -129.708954
690.199394 -130.716217
690.199404 -132.053482
690.199413 -133.741714
690.199423 -135.722290
690.199433 -137.638290
690.199442 -137.910614
690.199452 -136.404831
690.199462 -134.868393
690.199471 -133.561966
690.199481 -132.495407
690.199490 -131.602646
690.199500 -130.851242
690.199510 -130.205292
690.199519 -129.643341
690.199529 -129.159607
690.199538 -128.760849
690.199548 -128.460907
690.199558 -128.278046
690.199567 -128.222046
690.199577 -128.232086
690.199587 -128.345383
690.199596 -128.642990
690.199606 -129.157761
690.199615 -129.935043
690.199625 -131.044266
690.199635 -132.598495
690.199644 -134.793686
690.199654 -137.993073
690.199663 -142.977844
690.199673 -141.794357
690.199683 -137.526474
690.199692 -134.888947
690.199702 -133.209976
690.199712 -132.216049
690.199721 -131.744995
690.199731 -131.654404
690.199740 -131.692032
690.199750 -131.947739
690.199760 -132.332825
690.199769 -132.256821
690.199779 -131.376083
690.199788 -130.154678
690.199798 -128.903625
690.199808 -127.812637
690.199817 -126.962265
690.199827 -126.378746
690.199837 -126.066971
690.199846 -126.004494
690.199856 -126.026955
690.199865 -126.259567
690.199875 -126.768921
690.199885 -127.563393
690.199894 -128.636612
690.199904 -129.993988
690.199913 -131.590729
690.199923 -133.257217
690.199933 -134.582321
690.199942 -134.589630
690.199952 -133.727768
690.199962 -132.893494
690.199971 -132.252762
690.199981 -131.873184
690.199990 -131.751572
690.200000 -131.753998
690.200010 -131.891388
690.200019 -132.232056
690.200029 -132.752502
690.200038 -133.431824
690.200048 -134.274628
690.200058 -135.323898
690.200067 -136.644455
690.200077 -138.108368
690.200087 -138.481689
690.200096 -135.974075
690.200106 -133.133453
690.200115 -130.640488
690.200125 -128.590851
690.200135 -126.933891
690.200144 -125.623901
690.200154 -124.612587
690.200163 -123.858711
690.200173 -123.328918
690.200183 -122.995537
690.200192 -122.834717
690.200202 -122.804382
690.200212 -122.825333
690.200221 -122.947380
690.200231 -123.180374
690.200240 -123.501495
690.200250 -123.882614
690.200260 -124.287430
690.200269 -124.670357
690.200279 -124.980331
690.200288 -125.172028
690.200298 -125.143150
690.200308 -124.975082
690.200317 -124.776642
690.200327 -124.606659
690.200337 -124.515297
690.200346 -124.499641
690.200356 -124.543549
690.200365 -124.724838
690.200375 -125.090584
690.200385 -125.674553
690.200394 -126.513466
690.200404 -127.671371
690.200413 -129.234726
690.200423 -131.343826
690.200433 -134.238037
690.200442 -138.275711
690.200452 -141.039459
690.200462 -137.313293
690.200471 -134.796494
690.200481 -133.259430
690.200490 -132.406906
690.200500 -132.109970
690.200510 -132.095428
690.200519 -132.277893
690.200529 -132.839737
690.200538 -133.681686
690.200548 -134.524399
690.200558 -134.111694
690.200567 -132.619263
690.200577 -130.913269
690.200587 -129.336014
690.200596 -128.002594
690.200606 -126.931335
690.200615 -126.112022
690.200625 -125.529259
690.200635 -125.170311
690.200644 -125.022911
690.200654 -125.017097
690.200663 -125.082108
690.200673 -125.349724
690.200683 -125.825317
690.200692 -126.509949
690.200702 -127.403587
690.200712 -128.503555
690.200721 -129.800018
690.200731 -131.271439
690.200740 -132.876999
690.200750 -134.553192
690.200760 -136.215591
690.200769 -137.772263
690.200779 -139.118622
690.200788 -140.066956
690.200798 -140.120972
690.200808 -139.156219
690.200817 -137.872208
690.200827 -136.556198
690.200837 -135.365891
690.200846 -134.362335
690.200856 -133.553452
690.200865 -132.922089
690.200875 -132.436005
690.200885 -132.054794
690.200894 -131.734421
690.200904 -131.435394
690.200913 -131.131073
690.200923 -130.815063
690.200933 -130.499954
690.200942 -130.211243
690.200952 -129.976685
690.200962 -129.819641
690.200971 -129.753525
690.200981 -129.743896
690.200990 -129.784775
690.201000 -129.906876
690.201010 -130.108475
690.201019 -130.371704
690.201029 -130.675430
690.201038 -130.996994
690.201048 -131.315445
690.201058 -131.613235
690.201067 -131.878693
690.201077 -132.105652
690.201087 -132.292816
690.201096 -132.439941
690.201106 -132.542969
690.201115 -132.603256
690.201125 -132.559174
690.201135 -132.425095
690.201144 -132.194412
690.201154 -131.855682
690.201163 -131.406982
690.201173 -130.858353
690.201183 -130.231506
690.201192 -129.555435
690.201202 -128.862198
690.201212 -128.182083
690.201221 -127.541687
690.201231 -126.962059
690.201240 -126.459343
690.201250 -126.041161
690.201260 -125.718056
690.201269 -125.493660
690.201279 -125.367676
690.201288 -125.334106
690.201298 -125.336823
690.201308 -125.394691
690.201317 -125.531982
690.201327 -125.736046
690.201337 -125.984833
690.201346 -126.262215
690.201356 -126.544640
690.201365 -126.804359
690.201375 -127.011925
690.201385 -127.141098
690.201394 -127.115776
690.201404 -126.979553
690.201413 -126.799034
690.201423 -126.612335
690.201433 -126.456360
690.201442 -126.362076
690.201452 -126.341766
690.201462 -126.353622
690.201471 -126.448860
690.201481 -126.661339
690.201490 -127.002831
690.201500 -127.485992
690.201510 -128.127213
690.201519 -128.948334
690.201529 -129.983414
690.201538 -131.295273
690.201548 -132.979858
690.201558 -135.198929
690.201567 -138.220688
690.201577 -142.204849
690.201587 -140.533157
690.201596 -136.824768
690.201606 -134.116714
690.201615 -132.119400
690.201625 -130.598984
690.201635 -129.420471
690.201644 -128.505051
690.201654 -127.792480
690.201663 -127.242561
690.201673 -126.831879
690.201683 -126.551445
690.201692 -126.405159
690.201702 -126.379745
690.201712 -126.407028
690.201721 -126.578026
690.201731 -126.943146
690.201740 -127.529961
690.201750 -128.362595
690.201760 -129.457138
690.201769 -130.837601
690.201779 -132.478729
690.201788 -134.242020
690.201798 -135.740234
690.201808 -135.963516
690.201817 -134.952438
690.201827 -133.806061
690.201837 -132.688049
690.201846 -131.636047
690.201856 -130.649597
690.201865 -129.714981
690.201875 -128.836182
690.201885 -128.030746
690.201894 -127.320030
690.201904 -126.723801
690.201913 -126.256508
690.201923 -125.927597
690.201933 -125.741898
690.201942 -125.697556
690.201952 -125.701012
690.201962 -125.799034
690.201971 -126.037758
690.201981 -126.413338
690.201990 -126.919815
690.202000 -127.550575
690.202010 -128.297836
690.202019 -129.153046
690.202029 -130.103394
690.202038 -131.125031
690.202048 -132.202057
690.202058 -133.297211
690.202067 -134.354477
690.202077 -135.297485
690.202087 -136.046570
690.202096 -136.548126
690.202106 -136.804016
690.202115 -136.807220
690.202125 -136.691345
690.202135 -136.563980
690.202144 -136.453232
690.202154 -136.379120
690.202163 -136.356628
690.202173 -136.356247
690.202183 -136.407089
690.202192 -136.544846
690.202202 -136.791901
690.202212 -137.169174
690.202221 -137.698044
690.202231 -138.395752
690.202240 -139.268829
690.202250 -140.294708
690.202260 -141.384735
690.202269 -142.334747
690.202279 -142.706314
690.202288 -142.054840
690.202298 -141.175766
690.202308 -140.261841
690.202317 -139.343033
690.202327 -138.409500
690.202337 -137.365845
690.202346 -136.140533
690.202356 -134.732086
690.202365 -133.208496
690.202375 -131.662582
690.202385 -130.174042
690.202394 -128.795502
690.202404 -127.557053
690.202413 -126.473289
690.202423 -125.550491
690.202433 -124.785278
690.202442 -124.181755
690.202452 -123.740730
690.202462 -123.461006
690.202471 -123.341522
690.202481 -123.332558
690.202490 -123.381409
690.202500 -123.579285
690.202510 -123.933121
690.202519 -124.439667
690.202529 -125.093323
690.202538 -125.885185
690.202548 -126.802147
690.202558 -127.826897
690.202567 -128.940048
690.202577 -130.127243
690.202587 -131.391266
690.202596 -132.771942
690.202606 -134.371399
690.202615 -136.400620
690.202625 -139.272797
690.202635 -144.090363
690.202644 -144.270599
690.202654 -138.078522
690.202663 -134.266815
690.202673 -131.581238
690.202683 -129.587418
690.202692 -128.092438
690.202702 -126.998337
690.202712 -126.251045
690.202721 -125.821503
690.202731 -125.693108
690.202740 -125.696075
690.202750 -125.874046
690.202760 -126.364723
690.202769 -127.191383
690.202779 -128.384842
690.202788 -129.999420
690.202798 -132.107147
690.202808 -134.693375
690.202817 -137.171906
690.202827 -135.913574
690.202837 -133.823914
690.202846 -132.174850
690.202856 -131.021637
690.202865 -130.304489
690.202875 -129.968903
690.202885 -129.935425
690.202894 -129.998657
690.202904 -130.394577
690.202913 -131.186935
690.202923 -132.448914
690.202933 -134.331116
690.202942 -137.158035
690.202952 -141.745926
690.202962 -144.656570
690.202971 -138.775482
690.202981 -135.326385
690.202990 -133.052170
690.203000 -131.469696
690.203010 -130.368744
690.203019 -129.637360
690.203029 -129.208618
690.203038 -129.040619
690.203048 -129.030121
690.203058 -129.104446
690.203067 -129.375565
690.203077 -129.828140
690.203087 -130.428452
690.203096 -131.127441
690.203106 -131.855423
690.203115 -132.525497
690.203125 -133.054031
690.203135 -133.392227
690.203144 -133.531021
690.203154 -133.488907
690.203163 -133.359879
690.203173 -133.183823
690.203183 -132.959702
690.203192 -132.692215
690.203202 -132.400391
690.203212 -132.115341
690.203221 -131.871292
690.203231 -131.695755
690.203240 -131.603348
690.203250 -131.570923
690.203260 -131.581497
690.203269 -131.647919
690.203279 -131.739456
690.203288 -131.824982
690.203298 -131.836990
690.203308 -131.702499
690.203317 -131.463165
690.203327 -131.128082
690.203337 -130.716980
690.203346 -130.256180
690.203356 -129.776321
690.203365 -129.309662
690.203375 -128.887604
690.203385 -128.537125
690.203394 -128.277756
690.203404 -128.118103
690.203413 -128.052155
690.203423 -128.036774
690.203433 -128.046310
690.203442 -128.037888
690.203452 -127.867630
690.203462 -127.507935
690.203471 -126.960320
690.203481 -126.282425
690.203490 -125.558151
690.203500 -124.865982
690.203510 -124.263634
690.203519 -123.787445
690.203529 -123.457436
690.203538 -123.282310
690.203548 -123.247017
690.203558 -123.263237
690.203567 -123.395752
690.203577 -123.670525
690.203587 -124.074455
690.203596 -124.590797
690.203606 -125.200096
690.203615 -125.881783
690.203625 -126.616806
690.203635 -127.389809
690.203644 -128.191238
690.203654 -129.014496
690.203663 -129.848938
690.203673 -130.663086
690.203683 -131.382172
690.203692 -131.873154
690.203702 -131.628998
690.203712 -130.908493
690.203721 -130.006760
690.203731 -129.099182
690.203740 -128.300278
690.203750 -127.671089
690.203760 -127.240189
690.203769 -127.018105
690.203779 -126.984558
690.203788 -127.006264
690.203798 -127.198959
690.203808 -127.574753
690.203817 -128.134048
690.203827 -128.859146
690.203837 -129.728226
690.203846 -130.714813
690.203856 -131.788055
690.203865 -132.907852
690.203875 -134.013260
690.203885 -134.991714
690.203894 -135.648178
690.203904 -135.156113
690.203913 -134.041611
690.203923 -132.674957
690.203933 -131.279541
690.203942 -129.981094
690.203952 -128.838669
690.203962 -127.878059
690.203971 -127.110222
690.203981 -126.540520
690.203990 -126.172768
690.204000 -126.011368
690.204010 -126.003914
690.204019 -126.062431
690.204029 -126.333748
690.204038 -126.835480
690.204048 -127.581093
690.204058 -128.587265
690.204067 -129.875015
690.204077 -131.470734
690.204087 -133.409531
690.204096 -135.743164
690.204106 -138.562836
690.204115 -142.014587
690.204125 -146.073502
690.204135 -145.268799
690.204144 -141.213791
690.204154 -137.906525
690.204163 -135.267822
690.204173 -133.132492
690.204183 -131.386093
690.204192 -129.954453
690.204202 -128.782822
690.204212 -127.828957
690.204221 -127.057594
690.204231 -126.439529
690.204240 -125.950264
690.204250 -125.570702
690.204260 -125.286598
690.204269 -125.089676
690.204279 -124.977005
690.204288 -124.947083
690.204298 -124.951477
690.204308 -125.020653
690.204317 -125.195976
690.204327 -125.491486
690.204337 -125.923035
690.204346 -126.505722
690.204356 -127.251991
690.204365 -128.166534
690.204375 -129.238129
690.204385 -130.424576
690.204394 -131.633972
690.204404 -132.717987
690.204413 -133.520691
690.204423 -133.984268
690.204433 -134.196152
690.204442 -134.346863
690.204452 -134.549896
690.204462 -134.874130
690.204471 -135.311951
690.204481 -135.811844
690.204490 -136.317551
690.204500 -136.820389
690.204510 -137.388229
690.204519 -138.145264
690.204529 -139.196594
690.204538 -140.449417
690.204548 -140.261520
690.204558 -138.009583
690.204567 -135.639984
690.204577 -133.653793
690.204587 -132.118347
690.204596 -130.995529
690.204606 -130.233841
690.204615 -129.788284
690.204625 -129.621063
690.204635 -129.605713
690.204644 -129.700577
690.204654 -129.997238
690.204663 -130.482483
690.204673 -131.125809
690.204683 -131.892456
690.204692 -132.740936
690.204702 -133.621521
690.204712 -134.476669
690.204721 -135.244919
690.204731 -135.869568
690.204740 -136.310928
690.204750 -136.558609
690.204760 -136.595367
690.204769 -136.506104
690.204779 -136.438797
690.204788 -136.428192
690.204798 -136.456589
690.204808 -136.609619
690.204817 -136.933289
690.204827 -137.445160
690.204837 -138.121078
690.204846 -138.912048
690.204856 -139.674377
690.204865 -140.078369
690.204875 -139.412201
690.204885 -138.392624
690.204894 -137.313736
690.204904 -136.348785
690.204913 -135.624817
690.204923 -135.202835
690.204933 -135.084305
690.204942 -135.109711
690.204952 -135.355438
690.204962 -135.915237
690.204971 -136.674408
690.204981 -137.314514
690.204990 -136.472565
690.205000 -135.064590
690.205010 -133.596497
690.205019 -132.321777
690.205029 -131.317688
690.205038 -130.585892
690.205048 -130.102509
690.205058 -129.834534
690.205067 -129.740891
690.205077 -129.732040
690.205087 -129.789032
690.205096 -129.914597
690.205106 -130.050308
690.205115 -130.037674
690.205125 -129.783859
690.205135 -129.345154
690.205144 -128.763229
690.205154 -128.104767
690.205163 -127.438850
690.205173 -126.821701
690.205183 -126.291206
690.205192 -125.882202
690.205202 -125.613167
690.205212 -125.495583
690.205221 -125.489075
690.205231 -125.536476
690.205240 -125.738159
690.205250 -126.098747
690.205260 -126.610489
690.205269 -127.257195
690.205279 -128.009888
690.205288 -128.824097
690.205298 -129.631836
690.205308 -130.341995
690.205317 -130.847885
690.205327 -130.882477
690.205337 -130.348083
690.205346 -129.511597
690.205356 -128.480637
690.205365 -127.368744
690.205375 -126.271660
690.205385 -125.259300
690.205394 -124.378548
690.205404 -123.659370
690.205413 -123.120941
690.205423 -122.776009
690.205433 -122.634178
690.205442 -122.627060
690.205452 -122.704453
690.205462 -122.996178
690.205471 -123.521530
690.205481 -124.297699
690.205490 -125.344688
690.205500 -126.694054
690.205510 -128.398712
690.205519 -130.514893
690.205529 -133.042816
690.205538 -135.593796
690.205548 -135.399078
690.205558 -133.315536
690.205567 -131.466553
690.205577 -130.016006
690.205587 -128.919098
690.205596 -128.114288
690.205606 -127.553108
690.205615 -127.200226
690.205625 -127.027931
690.205635 -126.996460
690.205644 -127.002480
690.205654 -127.101921
690.205663 -127.289268
690.205673 -127.513412
690.205683 -127.707649
690.205692 -127.733849
690.205702 -127.500450
690.205712 -127.141296
690.205721 -126.732544
690.205731 -126.355270
690.205740 -126.078148
690.205750 -125.952545
690.205760 -125.946297
690.205769 -126.017235
690.205779 -126.302292
690.205788 -126.834755
690.205798 -127.640480
690.205808 -128.760498
690.205817 -130.239365
690.205827 -132.119644
690.205837 -134.363770
690.205846 -136.504440
690.205856 -135.569305
690.205865 -133.310760
690.205875 -131.232452
690.205885 -129.489471
690.205894 -128.043076
690.205904 -126.851501
690.205913 -125.882301
690.205923 -125.106972
690.205933 -124.504768
690.205942 -124.058853
690.205952 -123.753700
690.205962 -123.573616
690.205971 -123.502319
690.205981 -123.493111
690.205990 -123.523880
690.206000 -123.623947
690.206010 -123.792702
690.206019 -124.027924
690.206029 -124.336861
690.206038 -124.737785
690.206048 -125.259933
690.206058 -125.944183
690.206067 -126.837807
690.206077 -128.019867
690.206087 -129.616913
690.206096 -131.842880
690.206106 -135.136093
690.206115 -140.390579
690.206125 -136.921448
690.206135 -132.372467
690.206144 -129.291046
690.206154 -127.034370
690.206163 -125.312416
690.206173 -123.980003
690.206183 -122.956894
690.206192 -122.194550
690.206202 -121.660309
690.206212 -121.323578
690.206221 -121.172737
690.206231 -121.156883
690.206240 -121.189697
690.206250 -121.355476
690.206260 -121.649925
690.206269 -122.052170
690.206279 -122.542503
690.206288 -123.105484
690.206298 -123.733879
690.206308 -124.431831
690.206317 -125.216675
690.206327 -126.117928
690.206337 -127.176155
690.206346 -128.422577
690.206356 -129.924469
690.206365 -131.736786
690.206375 -133.872360
690.206385 -136.159348
690.206394 -137.903046
690.206404 -137.164246
690.206413 -136.052628
690.206423 -135.306686
690.206433 -135.028259
690.206442 -135.019775
690.206452 -135.191971
690.206462 -135.743042
690.206471 -136.426590
690.206481 -135.953247
690.206490 -134.375656
690.206500 -132.568115
690.206510 -130.913391
690.206519 -129.530380
690.206529 -128.423492
690.206538 -127.562210
690.206548 -126.906059
690.206558 -126.412521
690.206567 -126.038185
690.206577 -125.740181
690.206587 -125.478851
690.206596 -125.222786
690.206606 -124.953255
690.206615 -124.667809
690.206625 -124.378082
690.206635 -124.105553
690.206644 -123.875099
690.206654 -123.710587
690.206663 -123.632233
690.206673 -123.625046
690.206683 -123.656631
690.206692 -123.796432
690.206702 -124.061806
690.206712 -124.457146
690.206721 -124.996712
690.206731 -125.689262
690.206740 -126.544319
690.206750 -127.570587
690.206760 -128.771774
690.206769 -130.132080
690.206779 -131.581970
690.206788 -132.930725
690.206798 -133.823120
690.206808 -133.313049
690.206817 -132.360962
690.206827 -131.399231
690.206837 -130.586090
690.206846 -129.973938
690.206856 -129.568039
690.206865 -129.353073
690.206875 -129.294708
690.206885 -129.303986
690.206894 -129.387527
690.206904 -129.563950
690.206913 -129.788361
690.206923 -130.017349
690.206933 -130.216751
690.206942 -130.372635
690.206952 -130.494736
690.206962 -130.613403
690.206971 -130.768845
690.206981 -130.998642
690.206990 -131.317719
690.207000 -131.758072
690.207010 -132.314758
690.207019 -132.957230
690.207029 -133.626709
690.207038 -134.247314
690.207048 -134.759079
690.207058 -135.160812
690.207067 -135.528427
690.207077 -135.987488
690.207087 -136.675659
690.207096 -137.710907
690.207106 -139.146942
690.207115 -140.771088
690.207125 -140.530090
690.207135 -138.332153
690.207144 -136.198074
690.207154 -134.487122
690.207163 -133.216568
690.207173 -132.335617
690.207183 -131.792511
690.207192 -131.542831
690.207202 -131.508804
690.207212 -131.549698
690.207221 -131.778900
690.207231 -132.197205
690.207240 -132.770142
690.207250 -133.461349
690.207260 -134.231003
690.207269 -135.037506
690.207279 -135.835312
690.207288 -136.572464
690.207298 -137.193237
690.207308 -137.672409
690.207317 -137.994659
690.207327 -138.175476
690.207337 -138.256699
690.207346 -138.289215
690.207356 -138.309265
690.207365 -138.351013
690.207375 -138.426682
690.207385 -138.532608
690.207394 -138.653946
690.207404 -138.771774
690.207413 -138.861771
690.207423 -138.920090
690.207433 -138.951874
690.207442 -138.968109
690.207452 -138.993637
690.207462 -139.057831
690.207471 -139.168472
690.207481 -139.306549
690.207490 -139.417130
690.207500 -139.382156
690.207510 -139.197922
690.207519 -138.957397
690.207529 -138.713272
690.207538 -138.486282
690.207548 -138.255280
690.207558 -137.967010
690.207567 -137.571915
690.207577 -137.059738
690.207587 -136.468658
690.207596 -135.860565
690.207606 -135.285309
690.207615 -134.747955
690.207625 -134.230103
690.207635 -133.709656
690.207644 -133.134216
690.207654 -132.461899
690.207663 -131.679886
690.207673 -130.807114
690.207683 -129.884354
690.207692 -128.958313
690.207702 -128.071396
690.207712 -127.257988
690.207721 -126.545967
690.207731 -125.958214
690.207740 -125.515610
690.207750 -125.237808
690.207760 -125.145164
690.207769 -125.145302
690.207779 -125.257088
690.207788 -125.592201
690.207798 -126.184265
690.207808 -127.063461
690.207817 -128.259476
690.207827 -129.784805
690.207837 -131.574051
690.207846 -133.315979
690.207856 -133.963943
690.207865 -132.861267
690.207875 -131.703384
690.207885 -130.804703
690.207894 -130.231430
690.207904 -129.972519
690.207913 -129.940887
690.207923 -130.002029
690.207933 -130.298523
690.207942 -130.852356
690.207952 -131.672577
690.207962 -132.794388
690.207971 -134.297302
690.207981 -136.335419
690.207990 -139.212128
690.208000 -143.729111
690.208010 -146.507523
690.208019 -140.611664
690.208029 -137.011566
690.208038 -134.540054
690.208048 -132.733337
690.208058 -131.381332
690.208067 -130.378220
690.208077 -129.668411
690.208087 -129.226334
690.208096 -129.045212
690.208106 -129.038818
690.208115 -129.134537
690.208125 -129.517059
690.208135 -130.231705
690.208144 -131.335632
690.208154 -132.902206
690.208163 -134.977951
690.208173 -137.330643
690.208183 -137.684982
690.208192 -135.690140
690.208202 -134.050034
690.208212 -133.069336
690.208221 -132.777145
690.208231 -132.778641
690.208240 -133.214691
690.208250 -134.548676
690.208260 -137.133179
690.208269 -141.425552
690.208279 -137.067902
690.208288 -132.970825
690.208298 -130.235825
690.208308 -128.382126
690.208317 -127.158440
690.208327 -126.431450
690.208337 -126.126404
690.208346 -126.106133
690.208356 -126.202141
690.208365 -126.637398
690.208375 -127.425911
690.208385 -128.572617
690.208394 -130.089813
690.208404 -131.985214
690.208413 -134.226822
690.208423 -136.637100
690.208433 -138.708832
690.208442 -139.750854
690.208452 -139.415359
690.208462 -139.035675
690.208471 -138.706772
690.208481 -138.315170
690.208490 -137.739014
690.208500 -136.987686
690.208510 -136.181992
690.208519 -135.458893
690.208529 -134.909805
690.208538 -134.569748
690.208548 -134.418030
690.208558 -134.363251
690.208567 -134.368652
690.208577 -134.349258
690.208587 -134.109360
690.208596 -133.718079
690.208606 -133.282898
690.208615 -132.930054
690.208625 -132.762772
690.208635 -132.738281
690.208644 -132.848938
690.208654 -133.228439
690.208663 -133.921753
690.208673 -134.934143
690.208683 -136.250900
690.208692 -137.822998
690.208702 -139.531952
690.208712 -141.131134
690.208721 -142.198532
690.208731 -141.458725
690.208740 -140.082977
690.208750 -138.624496
690.208760 -137.340881
690.208769 -136.353928
690.208779 -135.720886
690.208788 -135.475769
690.208798 -135.473877
690.208808 -135.654480
690.208817 -136.311005
690.208827 -137.546585
690.208837 -139.564178
690.208846 -142.822021
690.208856 -148.432236
690.208865 -144.848709
690.208875 -140.379974
690.208885 -137.523834
690.208894 -135.541534
690.208904 -134.108124
690.208913 -133.050217
690.208923 -132.256989
690.208933 -131.644257
690.208942 -131.139725
690.208952 -130.679474
690.208962 -130.211914
690.208971 -129.705750
690.208981 -129.153900
690.208990 -128.570526
690.209000 -127.981140
690.209010 -127.412201
690.209019 -126.884163
690.209029 -126.409439
690.209038 -125.992287
690.209048 -125.630951
690.209058 -125.318558
690.209067 -125.044495
690.209077 -124.795181
690.209087 -124.555504
690.209096 -124.311211
690.209106 -124.052605
690.209115 -123.777832
690.209125 -123.495392
690.209135 -123.223175
690.209144 -122.986137
690.209154 -122.812050
690.209163 -122.728615
690.209173 -122.722191
690.209183 -122.761383
690.209192 -122.929123
690.209202 -123.250778
690.209212 -123.749290
690.209221 -124.441589
690.209231 -125.344315
690.209240 -126.473671
690.209250 -127.844933
690.209260 -129.469681
690.209269 -131.350113
690.209279 -133.465988
690.209288 -135.751968
690.209298 -138.064636
690.209308 -140.157181
690.209317 -141.703506
690.209327 -142.089005
690.209337 -141.039658
690.209346 -139.681763
690.209356 -138.366684
690.209365 -137.274017
690.209375 -136.469116
690.209385 -135.959213
690.209394 -135.722931
690.209404 -135.689453
690.209413 -135.717468
690.209423 -135.877655
690.209433 -136.090164
690.209442 -136.212601
690.209452 -135.898834
690.209462 -135.287872
690.209471 -134.444397
690.209481 -133.467255
690.209490 -132.444000
690.209500 -131.464264
690.209510 -130.579788
690.209519 -129.824554
690.209529 -129.222000
690.209538 -128.787704
690.209548 -128.534424
690.209558 -128.469437
690.209567 -128.473267
690.209577 -128.617142
690.209587 -128.980850
690.209596 -129.570267
690.209606 -130.414490
690.209615 -131.522934
690.209625 -132.853424
690.209635 -134.192856
690.209644 -134.561310
690.209654 -133.125931
690.209663 -131.382858
690.209673 -129.763535
690.209683 -128.401291
690.209692 -127.313141
690.209702 -126.484299
690.209712 -125.897240
690.209721 -125.538528
690.209731 -125.401840
690.209740 -125.400322
690.209750 -125.489227
690.209760 -125.811836
690.209769 -126.393120
690.209779 -127.272980
690.209788 -128.511795
690.209798 -130.187912
690.209808 -132.334763
690.209817 -134.551682
690.209827 -133.030716
690.209837 -130.351654
690.209846 -128.067734
690.209856 -126.279915
690.209865 -124.920174
690.209875 -123.919785
690.209885 -123.228195
690.209894 -122.809837
690.209904 -122.637833
690.209913 -122.615227
690.209923 -122.689568
690.209933 -122.940308
690.209942 -123.358635
690.209952 -123.899544
690.209962 -124.499237
690.209971 -125.075317
690.209981 -125.541939
690.209990 -125.839577
690.210000 -125.937378
690.210010 -125.880501
690.210019 -125.801430
690.210029 -125.753006
690.210038 -125.740479
690.210048 -125.750458
690.210058 -125.790451
690.210067 -125.862808
690.210077 -125.967979
690.210087 -126.101196
690.210096 -126.264359
690.210106 -126.465782
690.210115 -126.718575
690.210125 -127.028992
690.210135 -127.405869
690.210144 -127.852112
690.210154 -128.350464
690.210163 -128.861862
690.210173 -129.324615
690.210183 -129.665314
690.210192 -129.796310
690.210202 -129.620636
690.210212 -129.376556
690.210221 -129.142776
690.210231 -128.980331
690.210240 -128.924576
690.210250 -128.929230
690.210260 -129.012619
690.210269 -129.241257
690.210279 -129.618683
690.210288 -130.140045
690.210298 -130.807755
690.210308 -131.617294
690.210317 -132.556915
690.210327 -133.612640
690.210337 -134.760452
690.210346 -135.939026
690.210356 -137.017578
690.210365 -137.773636
690.210375 -137.600372
690.210385 -136.842178
690.210394 -135.968857
690.210404 -135.159180
690.210413 -134.495209
690.210423 -133.996536
690.210433 -133.640472
690.210442 -133.371445
690.210452 -133.104279
690.210462 -132.741531
690.210471 -132.208435
690.210481 -131.491318
690.210490 -130.642426
690.210500 -129.746231
690.210510 -128.881851
690.210519 -128.104462
690.210529 -127.445679
690.210538 -126.918945
690.210548 -126.526505
690.210558 -126.262794
690.210567 -126.117493
690.210577 -126.059074
690.210587 -126.048393
690.210596 -126.110794
690.210606 -126.218102
690.210615 -126.348717
690.210625 -126.474022
690.210635 -126.560104
690.210644 -126.602547
690.210654 -126.610947
690.210663 -126.612984
690.210673 -126.647232
690.210683 -126.744003
690.210692 -126.921410
690.210702 -127.235100
690.210712 -127.713463
690.210721 -128.377518
690.210731 -129.240372
690.210740 -130.303848
690.210750 -131.548401
690.210760 -132.910309
690.210769 -134.234970
690.210779 -135.233353
690.210788 -135.144913
690.210798 -134.219910
690.210808 -133.127701
690.210817 -132.085785
690.210827 -131.199677
690.210837 -130.514725
690.210846 -130.048248
690.210856 -129.792328
690.210865 -129.734589
690.210875 -129.741867
690.210885 -129.902466
690.210894 -130.259674
690.210904 -130.793289
690.210913 -131.473709
690.210923 -132.252029
690.210933 -133.041275
690.210942 -133.688828
690.210952 -133.743790
690.210962 -132.993896
690.210971 -131.934860
690.210981 -130.798080
690.210990 -129.742340
690.211000 -128.855011
690.211010 -128.181152
690.211019 -127.746780
690.211029 -127.573685
690.211038 -127.559822
690.211048 -127.688057
690.211058 -128.127121
690.211067 -128.948608
690.211077 -130.242355
690.211087 -132.131851
690.211096 -134.653122
690.211106 -135.545853
690.211115 -132.219223
690.211125 -129.210510
690.211135 -126.825775
690.211144 -124.941422
690.211154 -123.436462
690.211163 -122.226700
690.211173 -121.255219
690.211183 -120.483200
690.211192 -119.883980
690.211202 -119.439217
690.211212 -119.136581
690.211221 -118.967934
690.211231 -118.923714
690.211240 -118.925255
690.211250 -119.005981
690.211260 -119.208771
690.211269 -119.530251
690.211279 -119.965843
690.211288 -120.508919
690.211298 -121.150505
690.211308 -121.879471
690.211317 -122.683937
690.211327 -123.553505
690.211337 -124.482307
690.211346 -125.470650
690.211356 -126.510422
690.211365 -127.590645
690.211375 -128.679749
690.211385 -129.657272
690.211394 -130.296036
690.211404 -129.806351
690.211413 -128.880646
690.211423 -127.856133
690.211433 -126.909950
690.211442 -126.122116
690.211452 -125.517120
690.211462 -125.087898
690.211471 -124.824219
690.211481 -124.717583
690.211490 -124.704384
690.211500 -124.752281
690.211510 -124.914116
690.211519 -125.191505
690.211529 -125.575699
690.211538 -126.059235
690.211548 -126.633568
690.211558 -127.283501
690.211567 -127.980309
690.211577 -128.672897
690.211587 -129.284698
690.211596 -129.726822
690.211606 -129.896042
690.211615 -129.719452
690.211625 -129.453644
690.211635 -129.188843
690.211644 -128.963959
690.211654 -128.780350
690.211663 -128.610870
690.211673 -128.414536
690.211683 -128.156738
690.211692 -127.826889
690.211702 -127.445511
690.211712 -127.054398
690.211721 -126.701508
690.211731 -126.427773
690.211740 -126.262665
690.211750 -126.218971
690.211760 -126.224449
690.211769 -126.323792
690.211779 -126.563591
690.211788 -126.956551
690.211798 -127.515656
690.211808 -128.246002
690.211817 -129.162949
690.211827 -130.264496
690.211837 -131.486115
690.211846 -132.611374
690.211856 -132.916641
690.211865 -131.914215
690.211875 -130.692657
690.211885 -129.591080
690.211894 -128.747177
690.211904 -128.197754
690.211913 -127.934174
690.211923 -127.903503
690.211933 -127.944191
690.211942 -128.213562
690.211952 -128.716400
690.211962 -129.422211
690.211971 -130.295502
690.211981 -131.296539
690.211990 -132.384521
690.212000 -133.519852
690.212010 -134.632446
690.212019 -135.683517
690.212029 -136.607056
690.212038 -137.337051
690.212048 -137.867859
690.212058 -138.286377
690.212067 -138.729538
690.212077 -139.274338
690.212087 -139.792557
690.212096 -138.823471
690.212106 -137.019485
690.212115 -135.023987
690.212125 -133.222717
690.212135 -131.735504
690.212144 -130.566498
690.212154 -129.678696
690.212163 -129.018631
690.212173 -128.521072
690.212183 -128.111633
690.212192 -127.712830
690.212202 -127.260986
690.212212 -126.724274
690.212221 -126.112755
690.212231 -125.468185
690.212240 -124.845009
690.212250 -124.293190
690.212260 -123.851646
690.212269 -123.547409
690.212279 -123.398270
690.212288 -123.380524
690.212298 -123.407387
690.212308 -123.592102
690.212317 -123.955643
690.212327 -124.497665
690.212337 -125.212624
690.212346 -126.087967
690.212356 -127.101463
690.212365 -128.220551
690.212375 -129.403198
690.212385 -130.599503
690.212394 -131.721832
690.212404 -132.611252
690.212413 -132.741180
690.212423 -131.689896
690.212433 -130.211395
690.212442 -128.661453
690.212452 -127.248802
690.212462 -126.060013
690.212471 -125.119568
690.212481 -124.424568
690.212490 -123.961021
690.212500 -123.709244
690.212510 -123.641312
690.212519 -123.646744
690.212529 -123.748436
690.212538 -123.986877
690.212548 -124.333893
690.212558 -124.762337
690.212567 -125.247604
690.212577 -125.769264
690.212587 -126.299797
690.212596 -126.834419
690.212606 -127.367432
690.212615 -127.897621
690.212625 -128.435089
690.212635 -129.008514
690.212644 -129.669235
690.212654 -130.496048
690.212663 -131.601639
690.212673 -133.157639
690.212683 -135.471756
690.212692 -139.267273
690.212702 -147.544800
690.212712 -139.101395
690.212721 -134.337219
690.212731 -131.259781
690.212740 -129.033325
690.212750 -127.341797
690.212760 -126.032639
690.212769 -125.022491
690.212779 -124.262268
690.212788 -123.721916
690.212798 -123.382042
690.212808 -123.229340
690.212817 -123.215286
690.212827 -123.253357
690.212837 -123.442787
690.212846 -123.779739
690.212856 -124.253174
690.212865 -124.840309
690.212875 -125.510071
690.212885 -126.221039
690.212894 -126.922470
690.212904 -127.559074
690.212913 -128.081741
690.212923 -128.459686
690.212933 -128.688904
690.212942 -128.785019
690.212952 -128.728134
690.212962 -128.625244
690.212971 -128.499146
690.212981 -128.360886
690.212990 -128.218643
690.213000 -128.081451
690.213010 -127.958672
690.213019 -127.858772
690.213029 -127.774689
690.213038 -127.690208
690.213048 -127.584717
690.213058 -127.409683
690.213067 -127.110291
690.213077 -126.651329
690.213087 -126.040199
690.213096 -125.329056
690.213106 -124.592606
690.213115 -123.903114
690.213125 -123.316246
690.213135 -122.869408
690.213144 -122.584900
690.213154 -122.474937
690.213163 -122.473770
690.213173 -122.540001
690.213183 -122.782669
690.213192 -123.203484
690.213202 -123.796349
690.213212 -124.549110
690.213221 -125.437881
690.213231 -126.414528
690.213240 -127.388130
690.213250 -128.207733
690.213260 -128.686600
690.213269 -128.290482
690.213279 -127.619591
690.213288 -126.862801
690.213298 -126.138145
690.213308 -125.509323
690.213317 -125.007156
690.213327 -124.644348
690.213337 -124.430023
690.213346 -124.378571
690.213356 -124.387901
690.213365 -124.540199
690.213375 -124.920135
690.213385 -125.578209
690.213394 -126.591278
690.213404 -128.076630
690.213413 -130.246445
690.213423 -133.552322
690.213433 -138.998566
690.213442 -136.705719
690.213452 -132.365646
690.213462 -129.722229
690.213471 -128.041626
690.213481 -127.004211
690.213490 -126.449799
690.213500 -126.287094
690.213510 -126.287361
690.213519 -126.460152
690.213529 -126.928642
690.213538 -127.666275
690.213548 -128.659378
690.213558 -129.913269
690.213567 -131.466492
690.213577 -133.415054
690.213587 -135.952072
690.213596 -139.324921
690.213606 -143.645737
690.213615 -140.889465
690.213625 -137.678467
690.213635 -135.567963
690.213644 -134.262177
690.213654 -133.594681
690.213663 -133.452591
690.213673 -133.468567
690.213683 -133.848160
690.213692 -134.744873
690.213702 -136.214386
690.213712 -138.335678
690.213721 -140.956299
690.213731 -140.411743
690.213740 -137.233521
690.213750 -134.470306
690.213760 -132.222183
690.213769 -130.366699
690.213779 -128.800751
690.213788 -127.450897
690.213798 -126.281311
690.213808 -125.269875
690.213817 -124.400322
690.213827 -123.661499
690.213837 -123.043663
690.213846 -122.536827
690.213856 -122.129410
690.213865 -121.808487
690.213875 -121.560181
690.213885 -121.371658
690.213894 -121.232353
690.213904 -121.135979
690.213913 -121.078583
690.213923 -121.052429
690.213933 -121.057617
690.213942 -121.104454
690.213952 -121.192810
690.213962 -121.336128
690.213971 -121.532776
690.213981 -121.775459
690.213990 -122.050224
690.214000 -122.336159
690.214010 -122.606796
690.214019 -122.833450
690.214029 -122.991226
690.214038 -123.046661
690.214048 -122.991272
690.214058 -122.888115
690.214067 -122.783127
690.214077 -122.705841
690.214087 -122.671806
690.214096 -122.670105
690.214106 -122.717682
690.214115 -122.827087
690.214125 -123.004639
690.214135 -123.239449
690.214144 -123.512192
690.214154 -123.795540
690.214163 -124.042717
690.214173 -124.222549
690.214183 -124.239273
690.214192 -124.042061
690.214202 -123.727386
690.214212 -123.340141
690.214221 -122.936401
690.214231 -122.570076
690.214240 -122.285400
690.214250 -122.113922
690.214260 -122.072136
690.214269 -122.075935
690.214279 -122.182121
690.214288 -122.435806
690.214298 -122.832840
690.214308 -123.356483
690.214317 -123.995865
690.214327 -124.716484
690.214337 -125.450447
690.214346 -126.073013
690.214356 -126.249069
690.214365 -125.591446
690.214375 -124.571350
690.214385 -123.395782
690.214394 -122.223526
690.214404 -121.144249
690.214413 -120.200546
690.214423 -119.409035
690.214433 -118.774323
690.214442 -118.295341
690.214452 -117.969162
690.214462 -117.792534
690.214471 -117.755692
690.214481 -117.763039
690.214490 -117.879272
690.214500 -118.140839
690.214510 -118.548531
690.214519 -119.103806
690.214529 -119.807640
690.214538 -120.659164
690.214548 -121.652870
690.214558 -122.775635
690.214567 -124.001701
690.214577 -125.289215
690.214587 -126.579590
690.214596 -127.806740
690.214606 -128.911133
690.214615 -129.844055
690.214625 -130.532990
690.214635 -130.478607
690.214644 -129.418259
690.214654 -127.836746
690.214663 -126.050179
690.214673 -124.286766
690.214683 -122.657539
690.214692 -121.202202
690.214702 -119.926323
690.214712 -118.820877
690.214721 -117.870834
690.214731 -117.058937
690.214740 -116.367294
690.214750 -115.778557
690.214760 -115.276741
690.214769 -114.848068
690.214779 -114.481796
690.214788 -114.170662
690.214798 -113.911072
690.214808 -113.702774
690.214817 -113.548302
690.214827 -113.452225
690.214837 -113.420464
690.214846 -113.420525
690.214856 -113.459831
690.214865 -113.575546
690.214875 -113.778679
690.214885 -114.077576
690.214894 -114.481026
690.214904 -114.998642
690.214913 -115.640953
690.214923 -116.415627
690.214933 -117.338783
690.214942 -118.425163
690.214952 -119.688484
690.214962 -121.132942
690.214971 -122.726135
690.214981 -124.327362
690.214990 -125.564461
690.215000 -125.152718
690.215010 -123.818970
690.215019 -122.373108
690.215029 -121.042671
690.215038 -119.897072
690.215048 -118.946678
690.215058 -118.184280
690.215067 -117.599159
690.215077 -117.180534
690.215087 -116.918205
690.215096 -116.801781
690.215106 -116.792450
690.215115 -116.820457
690.215125 -116.961807
690.215135 -117.211761
690.215144 -117.552048
690.215154 -117.967094
690.215163 -118.438683
690.215173 -118.948242
690.215183 -119.478127
690.215192 -120.013908
690.215202 -120.547928
690.215212 -121.083778
690.215221 -121.639824
690.215231 -122.249779
690.215240 -122.954491
690.215250 -123.765656
690.215260 -124.700676
690.215269 -125.653870
690.215279 -126.275024
690.215288 -125.398903
690.215298 -124.073769
690.215308 -122.728165
690.215317 -121.586319
690.215327 -120.724968
690.215337 -120.156303
690.215346 -119.868340
690.215356 -119.815498
690.215365 -119.839622
690.215375 -120.043106
690.215385 -120.445778
690.215394 -121.009453
690.215404 -121.691689
690.215413 -122.450081
690.215423 -123.246956
690.215433 -124.040443
690.215442 -124.766396
690.215452 -125.364784
690.215462 -125.671410
690.215471 -125.236465
690.215481 -124.538734
690.215490 -123.776268
690.215500 -123.110992
690.215510 -122.641640
690.215519 -122.419342
690.215529 -122.404266
690.215538 -122.458618
690.215548 -122.771523
690.215558 -123.366837
690.215567 -124.244560
690.215577 -125.408081
690.215587 -126.868294
690.215596 -128.614105
690.215606 -130.530960
690.215615 -132.185394
690.215625 -131.091278
690.215635 -129.055817
690.215644 -127.189705
690.215654 -125.663872
690.215663 -124.510422
690.215673 -123.657547
690.215683 -123.003891
690.215692 -122.430031
690.215702 -121.817673
690.215712 -121.088379
690.215721 -120.238144
690.215731 -119.329872
690.215740 -118.452660
690.215750 -117.685928
690.215760 -117.086868
690.215769 -116.693764
690.215779 -116.531769
690.215788 -116.525513
690.215798 -116.610146
690.215808 -116.962196
690.215817 -117.604317
690.215827 -118.542290
690.215837 -119.743614
690.215846 -121.069489
690.215856 -122.174995
690.215865 -122.236076
690.215875 -121.541161
690.215885 -120.978577
690.215894 -120.809425
690.215904 -120.818054
690.215913 -121.222237
690.215923 -122.323074
690.215933 -124.416344
690.215942 -127.823730
690.215952 -126.033798
690.215962 -121.682022
690.215971 -118.585205
690.215981 -116.379005
690.215990 -114.805542
690.216000 -113.720207
690.216010 -113.038254
690.216019 -112.705147
690.216029 -112.647545
690.216038 -112.677696
690.216048 -112.905296
690.216058 -113.303658
690.216067 -113.722061
690.216077 -113.722923
690.216087 -113.065155
690.216096 -112.146179
690.216106 -111.201538
690.216115 -110.396492
690.216125 -109.819992
690.216135 -109.501930
690.216144 -109.449425
690.216154 -109.467293
690.216163 -109.723312
690.216173 -110.241188
690.216183 -110.929192
690.216192 -111.566559
690.216202 -111.269981
690.216212 -110.135307
690.216221 -108.741928
690.216231 -107.376068
690.216240 -106.170380
690.216250 -105.169235
690.216260 -104.373085
690.216269 -103.792137
690.216279 -103.432198
690.216288 -103.298035
690.216298 -103.290779
690.216308 -103.397636
690.216317 -103.736008
690.216327 -104.303947
690.216337 -105.047470
690.216346 -105.805908
690.216356 -105.996590
690.216365 -105.007797
690.216375 -103.630280
690.216385 -102.220360
690.216394 -100.964447
690.216404 -99.929413
690.216413 -99.129486
690.216423 -98.560677
690.216433 -98.214699
690.216442 -98.084015
690.216452 -98.082520
690.216462 -98.163712
690.216471 -98.450798
690.216481 -98.946274
690.216490 -99.650429
690.216500 -100.565765
690.216510 -101.691193
690.216519 -103.014099
690.216529 -104.489738
690.216538 -105.996948
690.216548 -107.276222
690.216558 -107.848404
690.216567 -107.148277
690.216577 -106.216957
690.216587 -105.299515
690.216596 -104.506638
690.216606 -103.876335
690.216615 -103.415825
690.216625 -103.120293
690.216635 -102.980095
690.216644 -102.955330
690.216654 -102.983536
690.216663 -103.117630
690.216673 -103.368950
690.216683 -103.724632
690.216692 -104.173134
690.216702 -104.704933
690.216712 -105.313095
690.216721 -105.993164
690.216731 -106.742554
690.216740 -107.559242
690.216750 -108.440018
690.216760 -109.375549
690.216769 -110.342583
690.216779 -111.326859
690.216788 -112.290520
690.216798 -113.180588
690.216808 -113.934349
690.216817 -114.494598
690.216827 -114.830917
690.216837 -114.899239
690.216846 -114.724274
690.216856 -114.472694
690.216865 -114.175797
690.216875 -113.852142
690.216885 -113.512550
690.216894 -113.165497
690.216904 -112.820740
690.216913 -112.491180
690.216923 -112.193016
690.216933 -111.945213
690.216942 -111.764168
690.216952 -111.674805
690.216962 -111.666115
690.216971 -111.701920
690.216981 -111.868942
690.216990 -112.201057
690.217000 -112.727081
690.217010 -113.482590
690.217019 -114.515732
690.217029 -115.898064
690.217038 -117.747070
690.217048 -120.246819
690.217058 -123.783897
690.217067 -128.744904
690.217077 -125.302422
690.217087 -121.620819
690.217096 -119.105659
690.217106 -117.306320
690.217115 -116.004097
690.217125 -115.060997
690.217135 -114.394676
690.217144 -113.949944
690.217154 -113.684975
690.217163 -113.563751
690.217173 -113.522369
690.217183 -113.540237
690.217192 -113.619957
690.217202 -113.738579
690.217212 -113.891884
690.217221 -114.079140
690.217231 -114.318329
690.217240 -114.644516
690.217250 -115.104095
690.217260 -115.747299
690.217269 -116.595627
690.217279 -117.649994
690.217288 -118.825729
690.217298 -119.791252
690.217308 -119.170921
690.217317 -117.796951
690.217327 -116.389786
690.217337 -115.202095
690.217346 -114.307602
690.217356 -113.712784
690.217365 -113.405548
690.217375 -113.353615
690.217385 -113.372002
690.217394 -113.601135
690.217404 -114.087608
690.217413 -114.830231
690.217423 -115.835854
690.217433 -117.120377
690.217442 -118.714462
690.217452 -120.676071
690.217462 -123.114861
690.217471 -126.217110
690.217481 -130.320938
690.217490 -132.201202
690.217500 -127.901840
690.217510 -124.669182
690.217519 -122.264908
690.217529 -120.431595
690.217538 -119.036690
690.217548 -117.998085
690.217558 -117.262466
690.217567 -116.797829
690.217577 -116.580383
690.217587 -116.552338
690.217596 -116.588898
690.217606 -116.804031
690.217615 -117.207748
690.217625 -117.784271
690.217635 -118.521255
690.217644 -119.412743
690.217654 -120.463379
690.217663 -121.694115
690.217673 -123.150795
690.217683 -124.918800
690.217692 -127.152496
690.217702 -130.161285
690.217712 -134.766174
690.217721 -142.009628
690.217731 -134.215790
690.217740 -130.294067
690.217750 -127.800735
690.217760 -126.078270
690.217769 -124.863548
690.217779 -124.028412
690.217788 -123.496742
690.217798 -123.237160
690.217808 -123.197960
690.217817 -123.233391
690.217827 -123.482315
690.217837 -123.992912
690.217846 -124.785538
690.217856 -125.883865
690.217865 -127.274406
690.217875 -128.749985
690.217885 -128.693604
690.217894 -126.566368
690.217904 -124.229294
690.217913 -122.144112
690.217923 -120.395958
690.217933 -118.967377
690.217942 -117.824379
690.217952 -116.935432
690.217962 -116.274330
690.217971 -115.819160
690.217981 -115.551094
690.217990 -115.453384
690.218000 -115.451378
690.218010 -115.511063
690.218019 -115.709854
690.218029 -116.037003
690.218038 -116.481506
690.218048 -117.034477
690.218058 -117.689896
690.218067 -118.445305
690.218077 -119.302689
690.218087 -120.269394
690.218096 -121.359520
690.218106 -122.595924
690.218115 -124.012947
690.218125 -125.647758
690.218135 -127.537476
690.218144 -129.683792
690.218154 -131.782227
690.218163 -131.674057
690.218173 -129.561127
690.218183 -127.472870
690.218192 -125.701988
690.218202 -124.258492
690.218212 -123.097137
690.218221 -122.169937
690.218231 -121.434074
690.218240 -120.851364
690.218250 -120.387115
690.218260 -120.009949
690.218269 -119.692757
690.218279 -119.414154
690.218288 -119.159821
690.218298 -118.922668
690.218308 -118.701897
690.218317 -118.500877
690.218327 -118.323273
690.218337 -118.171532
690.218346 -118.056602
690.218356 -117.982224
690.218365 -117.949738
690.218375 -117.942200
690.218385 -117.961761
690.218394 -118.013832
690.218404 -118.102196
690.218413 -118.219673
690.218423 -118.356613
690.218433 -118.501740
690.218442 -118.643509
690.218452 -118.772491
690.218462 -118.883377
690.218471 -118.977119
690.218481 -119.061737
690.218490 -119.152008
690.218500 -119.267776
690.218510 -119.431839
690.218519 -119.667213
690.218529 -119.995438
690.218538 -120.434723
690.218548 -120.999252
690.218558 -121.698257
690.218567 -122.536263
690.218577 -123.512558
690.218587 -124.621368
690.218596 -125.850197
690.218606 -127.168739
690.218615 -128.516602
690.218625 -129.813446
690.218635 -130.901352
690.218644 -131.580688
690.218654 -131.421509
690.218663 -130.857605
690.218673 -130.228973
690.218683 -129.648804
690.218692 -129.164413
690.218702 -128.774246
690.218712 -128.478745
690.218721 -128.259109
690.218731 -128.095245
690.218740 -127.969986
690.218750 -127.872093
690.218760 -127.795967
690.218769 -127.742149
690.218779 -127.710999
690.218788 -127.699295
690.218798 -127.721054
690.218808 -127.777588
690.218817 -127.888954
690.218827 -128.071304
690.218837 -128.339935
690.218846 -128.710754
690.218856 -129.199173
690.218865 -129.814148
690.218875 -130.547974
690.218885 -131.352509
690.218894 -132.103867
690.218904 -132.546539
690.218913 -131.957840
690.218923 -131.016037
690.218933 -129.987839
690.218942 -129.059235
690.218952 -128.330521
690.218962 -127.854706
690.218971 -127.669815
690.218981 -127.668755
690.218990 -127.819672
690.219000 -128.371170
690.219010 -129.443039
690.219019 -131.270508
690.219029 -134.401520
690.219038 -140.509521
690.219048 -135.094193
690.219058 -130.071136
690.219067 -126.805054
690.219077 -124.456184
690.219087 -122.694725
690.219096 -121.361938
690.219106 -120.374260
690.219115 -119.680283
690.219125 -119.248993
690.219135 -119.062843
690.219144 -119.050064
690.219154 -119.114227
690.219163 -119.403687
690.219173 -119.940460
690.219183 -120.744431
690.219192 -121.848892
690.219202 -123.305817
690.219212 -125.189850
690.219221 -127.585121
690.219231 -130.438568
690.219240 -132.525375
690.219250 -130.366837
690.219260 -128.271194
690.219269 -126.672104
690.219279 -125.500145
690.219288 -124.662842
690.219298 -124.088554
690.219308 -123.709709
690.219317 -123.476357
690.219327 -123.352470
690.219337 -123.302536
690.219346 -123.292427
690.219356 -123.348236
690.219365 -123.448204
690.219375 -123.612480
690.219385 -123.840836
690.219394 -124.131935
690.219404 -124.482391
690.219413 -124.886795
690.219423 -125.339813
690.219433 -125.838989
690.219442 -126.388855
690.219452 -127.004143
690.219462 -127.712578
690.219471 -128.555878
690.219481 -129.589813
690.219490 -130.881760
690.219500 -132.498383
690.219510 -134.442551
690.219519 -136.406509
690.219529 -136.366379
690.219538 -134.533173
690.219548 -132.839767
690.219558 -131.570770
690.219567 -130.739655
690.219577 -130.308594
690.219587 -130.222565
690.219596 -130.234055
690.219606 -130.488724
690.219615 -131.065445
690.219625 -131.964615
690.219635 -133.210403
690.219644 -134.866959
690.219654 -137.036469
690.219663 -139.936249
690.219673 -143.646896
690.219683 -142.420151
690.219692 -138.777191
690.219702 -136.013535
690.219712 -133.925598
690.219721 -132.307480
690.219731 -131.027939
690.219740 -130.002472
690.219750 -129.169388
690.219760 -128.482620
690.219769 -127.910294
690.219779 -127.422539
690.219788 -126.993462
690.219798 -126.602798
690.219808 -126.236740
690.219817 -125.889664
690.219827 -125.563972
690.219837 -125.269295
690.219846 -125.019714
690.219856 -124.832291
690.219865 -124.725166
690.219875 -124.703629
690.219885 -124.717896
690.219894 -124.831352
690.219904 -125.089752
690.219913 -125.522827
690.219923 -126.170021
690.219933 -127.085953
690.219942 -128.351364
690.219952 -130.071945
690.219962 -132.445358
690.219971 -135.726486
690.219981 -138.864105
690.219990 -135.174652
690.220000 -132.188232
690.220010 -130.091888
690.220019 -128.623001
690.220029 -127.634514
690.220038 -127.023499
690.220048 -126.718628
690.220058 -126.659744
690.220067 -126.668434
690.220077 -126.828369
690.220087 -127.149788
690.220096 -127.568329
690.220106 -127.991791
690.220115 -128.297195
690.220125 -128.112457
690.220135 -127.592155
690.220144 -126.911461
690.220154 -126.194603
690.220163 -125.537254
690.220173 -125.000443
690.220183 -124.620880
690.220192 -124.420914
690.220202 -124.390610
690.220212 -124.416641
690.220221 -124.621323
690.220231 -125.048561
690.220240 -125.713348
690.220250 -126.633392
690.220260 -127.828400
690.220269 -129.319962
690.220279 -131.126862
690.220288 -133.251083
690.220298 -135.660370
690.220308 -138.218140
690.220317 -140.575150
690.220327 -142.110794
690.220337 -141.118073
690.220346 -139.234909
690.220356 -137.192734
690.220365 -135.282745
690.220375 -133.620605
690.220385 -132.233307
690.220394 -131.111465
690.220404 -130.231842
690.220413 -129.568237
690.220423 -129.094559
690.220433 -128.786636
690.220442 -128.621765
690.220452 -128.578400
690.220462 -128.573868
690.220471 -128.638550
690.220481 -128.780045
690.220490 -128.982651
690.220500 -129.223862
690.220510 -129.477478
690.220519 -129.714020
690.220529 -129.900589
690.220538 -129.994049
690.220548 -129.889679
690.220558 -129.672043
690.220567 -129.380478
690.220577 -129.052734
690.220587 -128.725616
690.220596 -128.427856
690.220606 -128.176056
690.220615 -127.973213
690.220625 -127.808495
690.220635 -127.649071
690.220644 -127.469513
690.220654 -127.243622
690.220663 -126.948669
690.220673 -126.579903
690.220683 -126.153221
690.220692 -125.701195
690.220702 -125.263428
690.220712 -124.878685
690.220721 -124.578880
690.220731 -124.385826
690.220740 -124.310532
690.220750 -124.309708
690.220760 -124.361679
690.220769 -124.532738
690.220779 -124.806465
690.220788 -125.153534
690.220798 -125.531761
690.220808 -125.887604
690.220817 -126.161942
690.220827 -126.269104
690.220837 -126.061615
690.220846 -125.702888
690.220856 -125.238625
690.220865 -124.723198
690.220875 -124.208672
690.220885 -123.739830
690.220894 -123.352409
690.220904 -123.074837
690.220913 -122.929619
690.220923 -122.912575
690.220933 -122.932365
690.220942 -123.098511
690.220952 -123.445290
690.220962 -123.984215
690.220971 -124.720009
690.220981 -125.640984
690.220990 -126.698280
690.221000 -127.770378
690.221010 -128.635788
690.221019 -128.898529
690.221029 -128.384064
690.221038 -127.757019
690.221048 -127.200989
690.221058 -126.804840
690.221067 -126.598358
690.221077 -126.563766
690.221087 -126.583000
690.221096 -126.742996
690.221106 -127.053642
690.221115 -127.501083
690.221125 -128.057373
690.221135 -128.690796
690.221144 -129.366486
690.221154 -130.050293
690.221163 -130.711685
690.221173 -131.327744
690.221183 -131.877762
690.221192 -132.316895
690.221202 -132.563248
690.221212 -132.191238
690.221221 -131.435715
690.221231 -130.390167
690.221240 -129.208145
690.221250 -128.029190
690.221260 -126.946938
690.221269 -126.013718
690.221279 -125.251045
690.221288 -124.683319
690.221298 -124.318306
690.221308 -124.162300
690.221317 -124.153862
690.221327 -124.223335
690.221337 -124.511703
690.221346 -125.042007
690.221356 -125.826843
690.221365 -126.887329
690.221375 -128.247269
690.221385 -129.902313
690.221394 -131.754105
690.221404 -133.441315
690.221413 -133.823563
690.221423 -132.683441
690.221433 -131.449860
690.221442 -130.364792
690.221452 -129.442749
690.221462 -128.661331
690.221471 -127.984993
690.221481 -127.380287
690.221490 -126.832458
690.221500 -126.342812
690.221510 -125.922310
690.221519 -125.584969
690.221529 -125.339333
690.221538 -125.189629
690.221548 -125.142563
690.221558 -125.146065
690.221567 -125.206047
690.221577 -125.361305
690.221587 -125.598625
690.221596 -125.899849
690.221606 -126.242111
690.221615 -126.599014
690.221625 -126.942673
690.221635 -127.247803
690.221644 -127.495621
690.221654 -127.678375
690.221663 -127.800491
690.221673 -127.877884
690.221683 -127.934677
690.221692 -128.000000
690.221702 -128.104675
690.221712 -128.280563
690.221721 -128.560577
690.221731 -128.981262
690.221740 -129.586914
690.221750 -130.437408
690.221760 -131.621078
690.221769 -133.282211
690.221779 -135.678452
690.221788 -139.301544
690.221798 -142.983841
690.221808 -137.760071
690.221817 -134.162903
690.221827 -131.698822
690.221837 -129.954788
690.221846 -128.715622
690.221856 -127.840401
690.221865 -127.262703
690.221875 -126.916138
690.221885 -126.741966
690.221894 -126.685524
690.221904 -126.671547
690.221913 -126.693649
690.221923 -126.747383
690.221933 -126.819672
690.221942 -126.928841
690.221952 -127.110718
690.221962 -127.415245
690.221971 -127.899849
690.221981 -128.627380
690.221990 -129.670166
690.222000 -131.096588
690.222010 -133.041672
690.222019 -135.649246
690.222029 -138.863495
690.222038 -139.486664
690.222048 -136.794510
690.222058 -134.683899
690.222067 -133.220459
690.222077 -132.229843
690.222087 -131.589478
690.222096 -131.195114
690.222106 -130.953979
690.222115 -130.792343
690.222125 -130.661072
690.222135 -130.538864
690.222144 -130.430176
690.222154 -130.353317
690.222163 -130.327682
690.222173 -130.327866
690.222183 -130.357239
690.222192 -130.431183
690.222202 -130.542358
690.222212 -130.659851
690.222221 -130.747864
690.222231 -130.753967
690.222240 -130.664917
690.222250 -130.538696
690.222260 -130.402939
690.222269 -130.282898
690.222279 -130.196869
690.222288 -130.149033
690.222298 -130.129501
690.222308 -130.145004
690.222317 -130.197998
690.222327 -130.274857
690.222337 -130.379257
690.222346 -130.516632
690.222356 -130.701782
690.222365 -130.961304
690.222375 -131.330490
690.222385 -131.849884
690.222394 -132.559860
690.222404 -133.456818
690.222413 -134.551743
690.222423 -135.715271
690.222433 -136.508347
690.222442 -135.399887
690.222452 -133.751419
690.222462 -132.065384
690.222471 -130.559448
690.222481 -129.288422
690.222490 -128.250183
690.222500 -127.427849
690.222510 -126.803932
690.222519 -126.363960
690.222529 -126.097610
690.222538 -125.998039
690.222548 -125.996620
690.222558 -126.055031
690.222567 -126.270302
690.222577 -126.640862
690.222587 -127.160721
690.222596 -127.816727
690.222606 -128.583786
690.222615 -129.418900
690.222625 -130.259064
690.222635 -131.030075
690.222644 -131.673050
690.222654 -132.177490
690.222663 -132.594528
690.222673 -133.017502
690.222683 -133.548172
690.222692 -134.274048
690.222702 -135.249039
690.222712 -136.450195
690.222721 -137.644531
690.222731 -137.541992
690.222740 -135.946655
690.222750 -134.161270
690.222760 -132.573166
690.222769 -131.287231
690.222779 -130.306549
690.222788 -129.607986
690.222798 -129.165314
690.222808 -128.943680
690.222817 -128.913147
690.222827 -128.934464
690.222837 -129.120270
690.222846 -129.487106
690.222856 -130.026932
690.222865 -130.739914
690.222875 -131.638824
690.222885 -132.752548
690.222894 -134.111359
690.222904 -135.748077
690.222913 -137.630753
690.222923 -139.322769
690.222933 -138.138626
690.222942 -135.964340
690.222952 -133.969574
690.222962 -132.355759
690.222971 -131.120148
690.222981 -130.222565
690.222990 -129.620377
690.223000 -129.270859
690.223010 -129.124115
690.223019 -129.078308
690.223029 -129.092178
690.223038 -129.124039
690.223048 -129.018326
690.223058 -128.721725
690.223067 -128.302261
690.223077 -127.840355
690.223087 -127.419258
690.223096 -127.101181
690.223106 -126.923729
690.223115 -126.882767
690.223125 -126.904488
690.223135 -127.047302
690.223144 -127.346153
690.223154 -127.788887
690.223163 -128.352203
690.223173 -129.020447
690.223183 -129.777573
690.223192 -130.609085
690.223202 -131.510559
690.223212 -132.492004
690.223221 -133.568085
690.223231 -134.767578
690.223240 -136.121124
690.223250 -137.606522
690.223260 -139.086533
690.223269 -140.243668
690.223279 -140.528961
690.223288 -140.050934
690.223298 -139.650330
690.223308 -139.496841
690.223317 -139.505981
690.223327 -139.676575
690.223337 -140.136139
690.223346 -140.751007
690.223356 -141.183884
690.223365 -140.086090
690.223375 -138.127258
690.223385 -135.850143
690.223394 -133.636475
690.223404 -131.646286
690.223413 -129.916611
690.223423 -128.465302
690.223433 -127.278770
690.223442 -126.336777
690.223452 -125.616333
690.223462 -125.091057
690.223471 -124.730835
690.223481 -124.500259
690.223490 -124.359177
690.223500 -124.264160
690.223510 -124.173897
690.223519 -124.055695
690.223529 -123.892303
690.223538 -123.683685
690.223548 -123.443733
690.223558 -123.193123
690.223567 -122.953079
690.223577 -122.741035
690.223587 -122.570015
690.223596 -122.448769
690.223606 -122.383354
690.223615 -122.370026
690.223625 -122.378075
690.223635 -122.436211
690.223644 -122.560051
690.223654 -122.751213
690.223663 -123.010460
690.223673 -123.337906
690.223683 -123.733261
690.223692 -124.196594
690.223702 -124.728767
690.223712 -125.331940
690.223721 -126.008469
690.223731 -126.749725
690.223740 -127.539131
690.223750 -128.349274
690.223760 -129.098572
690.223769 -129.641632
690.223779 -129.462433
690.223788 -128.696045
690.223798 -127.680786
690.223808 -126.593788
690.223817 -125.549408
690.223827 -124.606667
690.223837 -123.791122
690.223846 -123.111740
690.223856 -122.570282
690.223865 -122.166168
690.223875 -121.898720
690.223885 -121.768509
690.223894 -121.751961
690.223904 -121.778069
690.223913 -121.932144
690.223923 -122.238228
690.223933 -122.707397
690.223942 -123.355042
690.223952 -124.202087
690.223962 -125.276535
690.223971 -126.615997
690.223981 -128.269363
690.223990 -130.294189
690.224000 -132.724045
690.224010 -135.394379
690.224019 -137.203766
690.224029 -135.471909
690.224038 -133.551529
690.224048 -131.843094
690.224058 -130.334503
690.224067 -128.961792
690.224077 -127.690186
690.224087 -126.518501
690.224096 -125.463753
690.224106 -124.547600
690.224115 -123.788422
690.224125 -123.199142
690.224135 -122.788017
690.224144 -122.560249
690.224154 -122.512527
690.224163 -122.519737
690.224173 -122.670387
690.224183 -123.017036
690.224192 -123.566704
690.224202 -124.327362
690.224212 -125.322021
690.224221 -126.580002
690.224231 -128.149994
690.224240 -130.112167
690.224250 -132.599152
690.224260 -135.865829
690.224269 -140.104401
690.224279 -139.283234
690.224288 -135.642471
690.224298 -132.993744
690.224308 -131.062576
690.224317 -129.633850
690.224327 -128.598267
690.224337 -127.892853
690.224346 -127.483322
690.224356 -127.354721
690.224365 -127.354958
690.224375 -127.506409
690.224385 -127.946014
690.224394 -128.690735
690.224404 -129.760376
690.224413 -131.156052
690.224423 -132.789032
690.224433 -134.292526
690.224442 -134.200073
690.224452 -132.822372
690.224462 -131.451401
690.224471 -130.353775
690.224481 -129.576294
690.224490 -129.093445
690.224500 -128.862640
690.224510 -128.830734
690.224519 -128.853500
690.224529 -129.018692
690.224538 -129.303467
690.224548 -129.642624
690.224558 -129.960083
690.224567 -130.178284
690.224577 -130.112915
690.224587 -129.828217
690.224596 -129.433563
690.224606 -128.986511
690.224615 -128.534988
690.224625 -128.111526
690.224635 -127.735367
690.224644 -127.415977
690.224654 -127.157784
690.224663 -126.962898
690.224673 -126.833206
690.224683 -126.770058
690.224692 -126.758331
690.224702 -126.773323
690.224712 -126.837868
690.224721 -126.937332
690.224731 -127.045288
690.224740 -127.099998
690.224750 -126.915031
690.224760 -126.521400
690.224769 -125.920677
690.224779 -125.160431
690.224788 -124.311134
690.224798 -123.441071
690.224808 -122.602463
690.224817 -121.830544
690.224827 -121.146698
690.224837 -120.563339
690.224846 -120.087021
690.224856 -119.721153
690.224865 -119.467133
690.224875 -119.325417
690.224885 -119.292122
690.224894 -119.294525
690.224904 -119.373199
690.224913 -119.562592
690.224923 -119.861725
690.224933 -120.269363
690.224942 -120.783325
690.224952 -121.399887
690.224962 -122.111870
690.224971 -122.906425
690.224981 -123.760818
690.224990 -124.637932
690.225000 -125.482193
690.225010 -126.222229
690.225019 -126.785789
690.225029 -127.127769
690.225038 -127.211861
690.225048 -127.078873
690.225058 -126.923798
690.225067 -126.802002
690.225077 -126.753944
690.225087 -126.753922
690.225096 -126.805580
690.225106 -126.981628
690.225115 -127.310760
690.225125 -127.816063
690.225135 -128.522614
690.225144 -129.456451
690.225154 -130.638687
690.225163 -132.064636
690.225173 -133.639359
690.225183 -135.034042
690.225192 -135.073151
690.225202 -133.822968
690.225212 -132.461777
690.225221 -131.263672
690.225231 -130.297134
690.225240 -129.557251
690.225250 -129.020172
690.225260 -128.661728
690.225269 -128.463058
690.225279 -128.408859
690.225288 -128.410065
690.225298 -128.503342
690.225308 -128.753082
690.225317 -129.178589
690.225327 -129.811829
690.225337 -130.702148
690.225346 -131.924408
690.225356 -133.600952
690.225365 -135.951767
690.225375 -139.464264
690.225385 -145.688965
690.225394 -144.337418
690.225404 -139.090561
690.225413 -136.038864
690.225423 -133.979492
690.225433 -132.486481
690.225442 -131.353683
690.225452 -130.459930
690.225462 -129.726257
690.225471 -129.097717
690.225481 -128.538361
690.225490 -128.027863
690.225500 -127.560760
690.225510 -127.142418
690.225519 -126.785217
690.225529 -126.502861
690.225538 -126.297188
690.225548 -126.175194
690.225558 -126.136192
690.225567 -126.131187
690.225577 -126.166763
690.225587 -126.245598
690.225596 -126.348900
690.225606 -126.455925
690.225615 -126.555931
690.225625 -126.651306
690.225635 -126.756554
690.225644 -126.892143
690.225654 -127.078674
690.225663 -127.330833
690.225673 -127.655418
690.225683 -128.050171
690.225692 -128.505600
690.225702 -129.006836
690.225712 -129.538498
690.225721 -130.089691
690.225731 -130.661102
690.225740 -131.270096
690.225750 -131.954285
690.225760 -132.768097
690.225769 -133.749588
690.225779 -134.966110
690.225788 -136.373169
690.225798 -137.620392
690.225808 -136.665878
690.225817 -134.759277
690.225827 -132.907166
690.225837 -131.380310
690.225846 -130.223755
690.225856 -129.423798
690.225865 -128.960312
690.225875 -128.820068
690.225885 -128.821091
690.225894 -129.007034
690.225904 -129.534622
690.225913 -130.444839
690.225923 -131.818573
690.225933 -133.803604
690.225942 -136.729156
690.225952 -141.404572
690.225962 -144.723083
690.225971 -138.987000
690.225981 -135.714661
690.225990 -133.629898
690.226000 -132.276367
690.226010 -131.433197
690.226019 -130.974533
690.226029 -130.810013
690.226038 -130.778854
690.226048 -130.863159
690.226058 -131.030548
690.226067 -131.175613
690.226077 -131.062759
690.226087 -130.704224
690.226096 -130.247162
690.226106 -129.806366
690.226115 -129.477432
690.226125 -129.324463
690.226135 -129.312149
690.226144 -129.387054
690.226154 -129.667953
690.226163 -130.178726
690.226173 -130.906525
690.226183 -131.786331
690.226192 -132.676529
690.226202 -133.347473
690.226212 -133.360321
690.226221 -132.890640
690.226231 -132.422363
690.226240 -132.129257
690.226250 -132.068985
690.226260 -132.109711
690.226269 -132.425339
690.226279 -133.132523
690.226288 -134.309479
690.226298 -136.085464
690.226308 -138.676651
690.226317 -142.270660
690.226327 -142.178543
690.226337 -138.427917
690.226346 -135.644073
690.226356 -133.623795
690.226365 -132.130157
690.226375 -131.011826
690.226385 -130.166321
690.226394 -129.512375
690.226404 -129.007492
690.226413 -128.607071
690.226423 -128.278137
690.226433 -128.002167
690.226442 -127.776543
690.226452 -127.613770
690.226462 -127.534264
690.226471 -127.516983
690.226481 -127.571808
690.226490 -127.745827
690.226500 -128.080109
690.226510 -128.589722
690.226519 -129.282547
690.226529 -130.157547
690.226538 -131.204208
690.226548 -132.400269
690.226558 -133.711517
690.226567 -135.091003
690.226577 -136.482330
690.226587 -137.818344
690.226596 -139.019928
690.226606 -139.984467
690.226615 -140.586929
690.226625 -140.271927
690.226635 -139.321487
690.226644 -137.982788
690.226654 -136.431335
690.226663 -134.833466
690.226673 -133.313660
690.226683 -131.952927
690.226692 -130.797134
690.226702 -129.870941
690.226712 -129.185669
690.226721 -128.745941
690.226731 -128.552460
690.226740 -128.541885
690.226750 -128.601456
690.226760 -128.885178
690.226769 -129.396927
690.226779 -130.116669
690.226788 -131.006912
690.226798 -132.002411
690.226808 -133.002594
690.226817 -133.884979
690.226827 -134.545563
690.226837 -134.951248
690.226846 -135.141983
690.226856 -135.096451
690.226865 -134.966965
690.226875 -134.821365
690.226885 -134.706131
690.226894 -134.669235
690.226904 -134.675522
690.226913 -134.751724
690.226923 -134.932114
690.226933 -135.158875
690.226942 -135.057861
690.226952 -134.434769
690.226962 -133.522430
690.226971 -132.549728
690.226981 -131.706635
690.226990 -131.104767
690.227000 -130.803040
690.227010 -130.772705
690.227019 -130.836136
690.227029 -131.218552
690.227038 -132.002182
690.227048 -133.240112
690.227058 -135.005157
690.227067 -137.339447
690.227077 -139.897537
690.227087 -139.104385
690.227096 -136.578064
690.227106 -134.438477
690.227115 -132.772018
690.227125 -131.486099
690.227135 -130.493713
690.227144 -129.724762
690.227154 -129.144287
690.227163 -128.732605
690.227173 -128.475540
690.227183 -128.365784
690.227192 -128.350876
690.227202 -128.398560
690.227212 -128.566254
690.227221 -128.853485
690.227231 -129.230896
690.227240 -129.651031
690.227250 -130.051056
690.227260 -130.371307
690.227269 -130.584335
690.227279 -130.719131
690.227288 -130.854752
690.227298 -131.097000
690.227308 -131.556793
690.227317 -132.351410
690.227327 -133.625122
690.227337 -135.599854
690.227346 -138.621185
690.227356 -143.223846
690.227365 -139.444031
690.227375 -135.341736
690.227385 -132.526718
690.227394 -130.506790
690.227404 -129.050003
690.227413 -128.028610
690.227423 -127.375404
690.227433 -127.061043
690.227442 -127.026787
690.227452 -127.083359
690.227462 -127.464821
690.227471 -128.254425
690.227481 -129.552994
690.227490 -131.564407
690.227500 -134.726746
690.227510 -140.122894
690.227519 -137.589294
690.227529 -132.840698
690.227538 -129.812988
690.227548 -127.693184
690.227558 -126.133675
690.227567 -124.956657
690.227577 -124.057869
690.227587 -123.370163
690.227596 -122.848312
690.227606 -122.461639
690.227615 -122.190575
690.227625 -122.024574
690.227635 -121.960808
690.227644 -121.960098
690.227654 -122.002831
690.227663 -122.159096
690.227673 -122.442101
690.227683 -122.867226
690.227692 -123.451714
690.227702 -124.213615
690.227712 -125.170181
690.227721 -126.335358
690.227731 -127.712791
690.227740 -129.282928
690.227750 -130.975723
690.227760 -132.631729
690.227769 -133.990463
690.227779 -134.801270
690.227788 -134.754272
690.227798 -134.132294
690.227808 -133.276901
690.227817 -132.260559
690.227827 -131.171448
690.227837 -130.105911
690.227846 -129.142715
690.227856 -128.330658
690.227865 -127.687645
690.227875 -127.214287
690.227885 -126.912926
690.227894 -126.768929
690.227904 -126.736755
690.227913 -126.764694
690.227923 -126.883049
690.227933 -127.110985
690.227942 -127.443871
690.227952 -127.887909
690.227962 -128.462204
690.227971 -129.199112
690.227981 -130.146042
690.227990 -131.369965
690.228000 -132.971725
690.228010 -135.120209
690.228019 -138.145447
690.228029 -142.798309
690.228038 -145.075836
690.228048 -139.663971
690.228058 -136.282333
690.228067 -133.942032
690.228077 -132.214920
690.228087 -130.900879
690.228096 -129.897873
690.228106 -129.152908
690.228115 -128.642166
690.228125 -128.359924
690.228135 -128.299515
690.228144 -128.314606
690.228154 -128.525131
690.228163 -129.011444
690.228173 -129.809586
690.228183 -130.962708
690.228192 -132.486771
690.228202 -134.270660
690.228212 -135.787186
690.228221 -134.802704
690.228231 -133.151535
690.228240 -131.709656
690.228250 -130.639465
690.228260 -129.935486
690.228269 -129.554260
690.228279 -129.444550
690.228288 -129.444748
690.228298 -129.551483
690.228308 -129.807739
690.228317 -130.132507
690.228327 -130.430908
690.228337 -130.603470
690.228346 -130.398071
690.228356 -130.026749
690.228365 -129.548569
690.228375 -129.017029
690.228385 -128.489838
690.228394 -128.017365
690.228404 -127.634850
690.228413 -127.372780
690.228423 -127.258194
690.228433 -127.253174
690.228442 -127.316360
690.228452 -127.561920
690.228462 -128.008972
690.228471 -128.669373
690.228481 -129.520737
690.228490 -130.477539
690.228500 -131.338760
690.228510 -131.643188
690.228519 -131.007431
690.228529 -130.218750
690.228538 -129.546906
690.228548 -129.140167
690.228558 -129.058411
690.228567 -129.076172
690.228577 -129.409821
690.228587 -130.192841
690.228596 -131.499283
690.228606 -133.442764
690.228615 -135.960526
690.228625 -136.330978
690.228635 -133.330765
690.228644 -130.694641
690.228654 -128.646744
690.228663 -127.074188
690.228673 -125.856270
690.228683 -124.920128
690.228692 -124.211327
690.228702 -123.689896
690.228712 -123.329247
690.228721 -123.112381
690.228731 -123.029945
690.228740 -123.027748
690.228750 -123.078178
690.228760 -123.257286
690.228769 -123.565048
690.228779 -124.010460
690.228788 -124.601044
690.228798 -125.343468
690.228808 -126.243919
690.228817 -127.304916
690.228827 -128.521301
690.228837 -129.869049
690.228846 -131.286011
690.228856 -132.639160
690.228865 -133.709015
690.228875 -134.207367
690.228885 -133.700241
690.228894 -132.958832
690.228904 -132.147736
690.228913 -131.355850
690.228923 -130.626068
690.228933 -129.980240
690.228942 -129.431931
690.228952 -128.989929
690.228962 -128.659500
690.228971 -128.441315
690.228981 -128.332153
690.228990 -128.303253
690.229000 -128.323563
690.229010 -128.403152
690.229019 -128.553818
690.229029 -128.755646
690.229038 -128.985779
690.229048 -129.221176
690.229058 -129.439590
690.229067 -129.623627
690.229077 -129.762527
690.229087 -129.855789
690.229096 -129.905533
690.229106 -129.941971
690.229115 -129.989853
690.229125 -130.058945
690.229135 -130.173660
690.229144 -130.350693
690.229154 -130.598785
690.229163 -130.920090
690.229173 -131.310440
690.229183 -131.760742
690.229192 -132.259338
690.229202 -132.795441
690.229212 -133.362411
690.229221 -133.959396
690.229231 -134.590073
690.229240 -135.255875
690.229250 -135.944168
690.229260 -136.610641
690.229269 -137.161316
690.229279 -137.321060
690.229288 -136.713593
690.229298 -135.697067
690.229308 -134.418625
690.229317 -133.018677
690.229327 -131.596405
690.229337 -130.215424
690.229346 -128.914093
690.229356 -127.719597
690.229365 -126.651657
690.229375 -125.720909
690.229385 -124.934708
690.229394 -124.296463
690.229404 -123.811661
690.229413 -123.484291
690.229423 -123.317734
690.229433 -123.293976
690.229442 -123.315376
690.229452 -123.480148
690.229462 -123.813919
690.229471 -124.316696
690.229481 -124.984756
690.229490 -125.806892
690.229500 -126.759216
690.229510 -127.795998
690.229519 -128.839142
690.229529 -129.772079
690.229538 -130.456680
690.229548 -130.739182
690.229558 -130.393204
690.229567 -129.862686
690.229577 -129.254959
690.229587 -128.651367
690.229596 -128.109314
690.229606 -127.668907
690.229615 -127.358246
690.229625 -127.196602
690.229635 -127.173050
690.229644 -127.196640
690.229654 -127.364960
690.229663 -127.702171
690.229673 -128.202042
690.229683 -128.848099
690.229692 -129.608292
690.229702 -130.426804
690.229712 -131.217957
690.229721 -131.871094
690.229731 -132.281418
690.229740 -132.256332
690.229750 -131.935684
690.229760 -131.524429
690.229769 -131.083771
690.229779 -130.643326
690.229788 -130.209244
690.229798 -129.774353
690.229808 -129.328079
690.229817 -128.864120
690.229827 -128.386612
690.229837 -127.910439
690.229846 -127.458969
690.229856 -127.059097
690.229865 -126.736771
690.229875 -126.514069
690.229885 -126.408302
690.229894 -126.396553
690.229904 -126.431686
690.229913 -126.591949
690.229923 -126.890991
690.229933 -127.327553
690.229942 -127.899391
690.229952 -128.593506
690.229962 -129.383423
690.229971 -130.222061
690.229981 -131.044464
690.229990 -131.750336
690.230000 -132.213287
690.230010 -132.015259
690.230019 -131.362946
690.230029 -130.487595
690.230038 -129.527008
690.230048 -128.591812
690.230058 -127.758080
690.230067 -127.075066
690.230077 -126.572113
690.230087 -126.271912
690.230096 -126.187996
690.230106 -126.190262
690.230115 -126.340431
690.230125 -126.735435
690.230135 -127.390915
690.230144 -128.325806
690.230154 -129.560608
690.230163 -131.109299
690.230173 -132.945648
690.230183 -134.900833
690.230192 -136.462601
690.230202 -136.161652
690.230212 -134.983688
690.230221 -133.852219
690.230231 -132.911636
690.230240 -132.151047
690.230250 -131.517059
690.230260 -130.975815
690.230269 -130.487427
690.230279 -130.030106
690.230288 -129.602173
690.230298 -129.217728
690.230308 -128.900742
690.230317 -128.677658
690.230327 -128.565903
690.230337 -128.554550
690.230346 -128.586380
690.230356 -128.757507
690.230365 -129.085251
690.230375 -129.567215
690.230385 -130.192612
690.230394 -130.941818
690.230404 -131.790161
690.230413 -132.715149
690.230423 -133.710083
690.230433 -134.796646
690.230442 -136.032578
690.230452 -137.507126
690.230462 -139.326309
690.230471 -141.557129
690.230481 -143.999588
690.230490 -145.095200
690.230500 -143.555084
690.230510 -142.224518
690.230519 -141.435593
690.230529 -141.182816
690.230538 -141.182678
690.230548 -141.390533
690.230558 -141.934723
690.230567 -142.630798
690.230577 -143.212402
690.230587 -142.694275
690.230596 -141.334930
690.230606 -139.469666
690.230615 -137.407593
690.230625 -135.379730
690.230635 -133.522537
690.230644 -131.908707
690.230654 -130.573471
690.230663 -129.532059
690.230673 -128.793030
690.230683 -128.363907
690.230692 -128.251450
690.230702 -128.256836
690.230712 -128.492859
690.230721 -129.100800
690.230731 -130.143433
690.230740 -131.723328
690.230750 -134.033646
690.230760 -137.484558
690.230769 -143.044250
690.230779 -142.206436
690.230788 -137.930222
690.230798 -135.408569
690.230808 -133.817688
690.230817 -132.787125
690.230827 -132.120514
690.230837 -131.702591
690.230846 -131.468185
690.230856 -131.384674
690.230865 -131.384277
690.230875 -131.463577
690.230885 -131.701447
690.230894 -132.086105
690.230904 -132.629074
690.230913 -133.267365
690.230923 -133.854568
690.230933 -134.014236
690.230942 -133.425995
690.230952 -132.608994
690.230962 -131.781372
690.230971 -131.077103
690.230981 -130.554932
690.230990 -130.230179
690.231000 -130.096664
690.231010 -130.082382
690.231019 -130.137207
690.231029 -130.327606
690.231038 -130.636551
690.231048 -131.023636
690.231058 -131.418091
690.231067 -131.761032
690.231077 -131.976318
690.231087 -131.790512
690.231096 -131.397369
690.231106 -130.898987
690.231115 -130.393723
690.231125 -129.969040
690.231135 -129.692139
690.231144 -129.601883
690.231154 -129.602615
690.231163 -129.741928
690.231173 -130.137909
690.231183 -130.799576
690.231192 -131.700851
690.231202 -132.731552
690.231212 -133.619339
690.231221 -133.539520
690.231231 -132.637833
690.231240 -131.661682
690.231250 -130.868057
690.231260 -130.365860
690.231269 -130.196381
690.231279 -130.196411
690.231288 -130.381531
690.231298 -130.944611
690.231308 -131.924133
690.231317 -133.379791
690.231327 -135.378265
690.231337 -137.859711
690.231346 -139.681122
690.231356 -137.492599
690.231365 -135.298950
690.231375 -133.611664
690.231385 -132.409561
690.231394 -131.595718
690.231404 -131.089600
690.231413 -130.836273
690.231423 -130.765060
690.231433 -130.765823
690.231442 -130.841522
690.231452 -130.978699
690.231462 -131.129196
690.231471 -131.250336
690.231481 -131.314133
690.231490 -131.282669
690.231500 -131.134872
690.231510 -130.865768
690.231519 -130.429199
690.231529 -129.789169
690.231538 -128.957703
690.231548 -127.998474
690.231558 -126.999237
690.231567 -126.040840
690.231577 -125.182037
690.231587 -124.459457
690.231596 -123.892464
690.231606 -123.489586
690.231615 -123.252129
690.231625 -123.176399
690.231635 -123.176430
690.231644 -123.257385
690.231654 -123.492355
690.231663 -123.876862
690.231673 -124.408791
690.231683 -125.090004
690.231692 -125.928795
690.231702 -126.943260
690.231712 -128.166748
690.231721 -129.657547
690.231731 -131.519104
690.231740 -133.948303
690.231750 -137.379883
690.231760 -143.076691
690.231769 -142.978409
690.231779 -137.322281
690.231788 -133.901199
690.231798 -131.466614
690.231808 -129.589752
690.231817 -128.079086
690.231827 -126.830070
690.231837 -125.782959
690.231846 -124.902985
690.231856 -124.169754
690.231865 -123.572601
690.231875 -123.106651
690.231885 -122.771141
690.231894 -122.567665
690.231904 -122.499352
690.231913 -122.497513
690.231923 -122.570221
690.231933 -122.784012
690.231942 -123.144379
690.231952 -123.654465
690.231962 -124.315956
690.231971 -125.128372
690.231981 -126.087326
690.231990 -127.181442
690.232000 -128.386429
690.232010 -129.654907
690.232019 -130.901123
690.232029 -131.987564
690.232038 -132.741104
690.232048 -132.859528
690.232058 -132.364975
690.232067 -131.719818
690.232077 -131.061234
690.232087 -130.477142
690.232096 -130.019775
690.232106 -129.720581
690.232115 -129.599747
690.232125 -129.590179
690.232135 -129.672729
690.232144 -129.952332
690.232154 -130.452393
690.232163 -131.189407
690.232173 -132.185074
690.232183 -133.466919
690.232192 -135.060883
690.232202 -137.018204
690.232212 -139.366974
690.232221 -142.023804
690.232231 -144.483963
690.232240 -145.134933
690.232250 -144.122772
690.232260 -143.178619
690.232269 -142.382858
690.232279 -141.557144
690.232288 -140.481979
690.232298 -139.107330
690.232308 -137.567551
690.232317 -136.046616
690.232327 -134.675980
690.232337 -133.523407
690.232346 -132.615692
690.232356 -131.959396
690.232365 -131.551315
690.232375 -131.384521
690.232385 -131.375687
690.232394 -131.449539
690.232404 -131.733078
690.232413 -132.215027
690.232423 -132.859253
690.232433 -133.595642
690.232442 -134.291595
690.232452 -134.713257
690.232462 -134.162415
690.232471 -133.247604
690.232481 -132.211594
690.232490 -131.237198
690.232500 -130.414108
690.232510 -129.784729
690.232519 -129.372635
690.232529 -129.167175
690.232538 -129.112503
690.232548 -129.135361
690.232558 -129.254059
690.232567 -129.445724
690.232577 -129.648193
690.232587 -129.774048
690.232596 -129.786224
690.232606 -129.657745
690.232615 -129.464951
690.232625 -129.234940
690.232635 -128.971008
690.232644 -128.666809
690.232654 -128.316376
690.232663 -127.923058
690.232673 -127.502113
690.232683 -127.076775
690.232692 -126.671562
690.232702 -126.306458
690.232712 -125.993546
690.232721 -125.735542
690.232731 -125.525864
690.232740 -125.348938
690.232750 -125.182343
690.232760 -125.000084
690.232769 -124.779190
690.232779 -124.506042
690.232788 -124.181610
690.232798 -123.821106
690.232808 -123.449409
690.232817 -123.094101
690.232827 -122.780098
690.232837 -122.526062
690.232846 -122.343948
690.232856 -122.238899
690.232865 -122.204407
690.232875 -122.205582
690.232885 -122.253174
690.232894 -122.357277
690.232904 -122.510185
690.232913 -122.698227
690.232923 -122.909317
690.232933 -123.136574
690.232942 -123.381592
690.232952 -123.656738
690.232962 -123.985023
690.232971 -124.398170
690.232981 -124.933891
690.232990 -125.633865
690.233000 -126.542648
690.233010 -127.706955
690.233019 -129.171936
690.233029 -130.961258
690.233038 -132.995895
690.233048 -134.853607
690.233058 -134.821594
690.233067 -133.376556
690.233077 -131.983124
690.233087 -130.853149
690.233096 -129.985245
690.233106 -129.321228
690.233115 -128.790314
690.233125 -128.323273
690.233135 -127.862251
690.233144 -127.372704
690.233154 -126.851158
690.233163 -126.322655
690.233173 -125.829216
690.233183 -125.415672
690.233192 -125.120750
690.233202 -124.973289
690.233212 -124.949409
690.233221 -124.993073
690.233231 -125.191711
690.233240 -125.574173
690.233250 -126.138618
690.233260 -126.873619
690.233269 -127.751083
690.233279 -128.714355
690.233288 -129.664185
690.233298 -130.461929
690.233308 -130.977753
690.233317 -131.143311
690.233327 -131.065689
690.233337 -131.021179
690.233346 -131.057968
690.233356 -131.227402
690.233365 -131.638260
690.233375 -132.332031
690.233385 -133.311676
690.233394 -134.589310
690.233404 -136.099976
690.233413 -137.603439
690.233423 -138.591263
690.233433 -137.880814
690.233442 -136.954163
690.233452 -136.180389
690.233462 -135.649460
690.233471 -135.355637
690.233481 -135.244583
690.233490 -135.196671
690.233500 -135.103348
690.233510 -134.834030
690.233519 -134.366089
690.233529 -133.756500
690.233538 -133.108032
690.233548 -132.519775
690.233558 -132.067978
690.233567 -131.808624
690.233577 -131.764297
690.233587 -131.789398
690.233596 -132.058334
690.233606 -132.682510
690.233615 -133.760773
690.233625 -135.461884
690.233635 -138.137894
690.233644 -142.757401
690.233654 -147.953979
690.233663 -140.413284
690.233673 -136.624344
690.233683 -134.252335
690.233692 -132.672928
690.233702 -131.632156
690.233712 -131.007156
690.233721 -130.738037
690.233731 -130.714539
690.233740 -130.801605
690.233750 -131.201782
690.233760 -131.954605
690.233769 -133.104736
690.233779 -134.717514
690.233788 -136.810013
690.233798 -139.096115
690.233808 -139.529144
690.233817 -137.804779
690.233827 -136.372726
690.233837 -135.522018
690.233846 -135.273621
690.233856 -135.276398
690.233865 -135.640594
690.233875 -136.660065
690.233885 -138.450775
690.233894 -141.215073
690.233904 -144.934891
690.233913 -143.921402
690.233923 -141.097321
690.233933 -139.348816
690.233942 -138.445877
690.233952 -138.185135
690.233962 -138.185257
690.233971 -138.390289
690.233981 -138.660522
690.233990 -137.914658
690.234000 -136.659775
690.234010 -135.323227
690.234019 -134.178757
690.234029 -133.324417
690.234038 -132.769562
690.234048 -132.486801
690.234058 -132.422577
690.234067 -132.432190
690.234077 -132.550354
690.234087 -132.774963
690.234096 -133.031052
690.234106 -133.241211
690.234115 -133.273987
690.234125 -133.044327
690.234135 -132.677277
690.234144 -132.227997
690.234154 -131.761307
690.234163 -131.337006
690.234173 -131.002670
690.234183 -130.791229
690.234192 -130.717682
690.234202 -130.720245
690.234212 -130.803284
690.234221 -131.029541
690.234231 -131.383606
690.234240 -131.831787
690.234250 -132.319229
690.234260 -132.766754
690.234269 -133.074799
690.234279 -132.912186
690.234288 -132.376541
690.234298 -131.594955
690.234308 -130.653000
690.234317 -129.635818
690.234327 -128.612061
690.234337 -127.631332
690.234346 -126.725449
690.234356 -125.911713
690.234365 -125.195793
690.234375 -124.574295
690.234385 -124.036804
690.234394 -123.568260
690.234404 -123.150940
690.234413 -122.767387
690.234423 -122.402840
690.234433 -122.047813
690.234442 -121.699783
690.234452 -121.363823
690.234462 -121.051796
690.234471 -120.780907
690.234481 -120.571442
690.234490 -120.445061
690.234500 -120.416153
690.234510 -120.423141
690.234519 -120.526222
690.234529 -120.773277
690.234538 -121.182869
690.234548 -121.773659
690.234558 -122.565910
690.234567 -123.580406
690.234577 -124.841446
690.234587 -126.384865
690.234596 -128.242752
690.234606 -130.412689
690.234615 -132.721466
690.234625 -134.491776
690.234635 -133.570862
690.234644 -132.136932
690.234654 -130.925201
690.234663 -130.044312
690.234673 -129.480728
690.234683 -129.195480
690.234692 -129.138107
690.234702 -129.144531
690.234712 -129.278412
690.234721 -129.539276
690.234731 -129.863068
690.234740 -130.190811
690.234750 -130.488159
690.234760 -130.761978
690.234769 -131.059280
690.234779 -131.449219
690.234788 -132.001236
690.234798 -132.768250
690.234808 -133.748062
690.234817 -134.875412
690.234827 -135.961029
690.234837 -136.400024
690.234846 -135.467789
690.234856 -134.220200
690.234865 -132.976242
690.234875 -131.845062
690.234885 -130.888550
690.234894 -130.105377
690.234904 -129.482697
690.234913 -129.009171
690.234923 -128.676575
690.234933 -128.477707
690.234942 -128.404587
690.234952 -128.401123
690.234962 -128.446121
690.234971 -128.586258
690.234981 -128.796295
690.234990 -129.059143
690.235000 -129.350693
690.235010 -129.648132
690.235019 -129.934875
690.235029 -130.202866
690.235038 -130.446960
690.235048 -130.664230
690.235058 -130.864883
690.235067 -131.049637
690.235077 -131.217834
690.235087 -131.369766
690.235096 -131.508911
690.235106 -131.642609
690.235115 -131.780334
690.235125 -131.931152
690.235135 -132.101273
690.235144 -132.293701
690.235154 -132.509552
690.235163 -132.750824
690.235173 -133.024918
690.235183 -133.346802
690.235192 -133.740372
690.235202 -134.227280
690.235212 -134.828842
690.235221 -135.569839
690.235231 -136.423538
690.235240 -137.278656
690.235250 -137.900436
690.235260 -137.561081
690.235269 -136.782272
690.235279 -135.992798
690.235288 -135.402832
690.235298 -135.119171
690.235308 -135.087845
690.235317 -135.195984
690.235327 -135.666473
690.235337 -136.556488
690.235346 -137.876083
690.235356 -139.644791
690.235365 -141.793442
690.235375 -144.059753
690.235385 -145.863510
690.235394 -145.503311
690.235404 -143.048279
690.235413 -139.901627
690.235423 -136.791031
690.235433 -134.034012
690.235442 -131.699036
690.235452 -129.767715
690.235462 -128.201645
690.235471 -126.962860
690.235481 -126.018700
690.235490 -125.339973
690.235500 -124.907578
690.235510 -124.702644
690.235519 -124.679680
690.235529 -124.709328
690.235538 -124.912552
690.235548 -125.297920
690.235558 -125.850716
690.235567 -126.555328
690.235577 -127.390923
690.235587 -128.334686
690.235596 -129.363739
690.235606 -130.444473
690.235615 -131.529556
690.235625 -132.552338
690.235635 -133.429092
690.235644 -134.079590
690.235654 -134.461777
690.235663 -134.533875
690.235673 -134.348923
690.235683 -134.074570
690.235692 -133.726364
690.235702 -133.309967
690.235712 -132.838150
690.235721 -132.338196
690.235731 -131.847153
690.235740 -131.403442
690.235750 -131.038910
690.235760 -130.777878
690.235769 -130.637894
690.235779 -130.615524
690.235788 -130.635620
690.235798 -130.790253
690.235808 -131.129440
690.235817 -131.693039
690.235827 -132.537292
690.235837 -133.733780
690.235846 -135.350327
690.235856 -137.320969
690.235865 -138.524780
690.235875 -136.308395
690.235885 -133.905716
690.235894 -131.921387
690.235904 -130.401443
690.235913 -129.287598
690.235923 -128.520782
690.235933 -128.055008
690.235942 -127.856133
690.235952 -127.829315
690.235962 -127.898621
690.235971 -128.162323
690.235981 -128.629868
690.235990 -129.285217
690.236000 -130.109299
690.236010 -131.075287
690.236019 -132.121048
690.236029 -133.179184
690.236038 -134.130569
690.236048 -134.814987
690.236058 -134.954041
690.236067 -134.515182
690.236077 -133.957886
690.236087 -133.434219
690.236096 -133.044861
690.236106 -132.849609
690.236115 -132.828537
690.236125 -132.881836
690.236135 -133.156021
690.236144 -133.667496
690.236154 -134.381973
690.236163 -135.211594
690.236173 -135.988083
690.236183 -136.479584
690.236192 -136.149048
690.236202 -135.568665
690.236212 -134.971863
690.236221 -134.471619
690.236231 -134.110977
690.236240 -133.892838
690.236250 -133.797653
690.236260 -133.778061
690.236269 -133.792664
690.236279 -133.849670
690.236288 -133.930618
690.236298 -134.020462
690.236308 -134.123642
690.236317 -134.265305
690.236327 -134.484116
690.236337 -134.820053
690.236346 -135.304626
690.236356 -135.952255
690.236365 -136.754791
690.236375 -137.673218
690.236385 -138.631775
690.236394 -139.509399
690.236404 -140.150635
690.236413 -140.293091
690.236423 -139.794861
690.236433 -139.090759
690.236442 -138.364487
690.236452 -137.780136
690.236462 -137.468918
690.236471 -137.438721
690.236481 -137.548462
690.236490 -138.151978
690.236500 -139.474594
690.236510 -141.924316
690.236519 -146.544754
690.236529 -145.381577
690.236538 -139.854797
690.236548 -136.440674
690.236558 -134.124176
690.236567 -132.505173
690.236577 -131.391113
690.236587 -130.672791
690.236596 -130.280243
690.236606 -130.161728
690.236615 -130.161835
690.236625 -130.274124
690.236635 -130.572891
690.236644 -131.009155
690.236654 -131.524261
690.236663 -132.050842
690.236673 -132.519623
690.236683 -132.874237
690.236692 -133.086594
690.236702 -133.127731
690.236712 -133.018860
690.236721 -132.845978
690.236731 -132.643478
690.236740 -132.419235
690.236750 -132.176056
690.236760 -131.918228
690.236769 -131.656998
690.236779 -131.411621
690.236788 -131.207108
690.236798 -131.069870
690.236808 -131.010681
690.236817 -131.007126
690.236827 -131.048645
690.236837 -131.195129
690.236846 -131.442825
690.236856 -131.772354
690.236865 -132.154099
690.236875 -132.555099
690.236885 -132.949585
690.236894 -133.331345
690.236904 -133.723907
690.236913 -134.180832
690.236923 -134.783951
690.236933 -135.643188
690.236942 -136.912521
690.236952 -138.834106
690.236962 -141.839355
690.236971 -146.325867
690.236981 -141.036163
690.236990 -136.868469
690.237000 -133.895721
690.237010 -131.666733
690.237019 -129.941605
690.237029 -128.586182
690.237038 -127.518509
690.237048 -126.683083
690.237058 -126.047905
690.237067 -125.584969
690.237077 -125.269623
690.237087 -125.081062
690.237096 -125.002388
690.237106 -124.995094
690.237115 -125.015480
690.237125 -125.103096
690.237135 -125.250694
690.237144 -125.449272
690.237154 -125.696663
690.237163 -125.998245
690.237173 -126.364281
690.237183 -126.796158
690.237192 -127.305313
690.237202 -127.889427
690.237212 -128.526199
690.237221 -129.173004
690.237231 -129.771057
690.237240 -130.261627
690.237250 -130.608643
690.237260 -130.810074
690.237269 -130.816254
690.237279 -130.619934
690.237288 -130.277832
690.237298 -129.780014
690.237308 -129.154526
690.237317 -128.465927
690.237327 -127.792900
690.237337 -127.204964
690.237346 -126.753212
690.237356 -126.470505
690.237365 -126.376007
690.237375 -126.376060
690.237385 -126.478767
690.237394 -126.767776
690.237404 -127.245949
690.237413 -127.890640
690.237423 -128.655579
690.237433 -129.458847
690.237442 -130.177795
690.237452 -130.675385
690.237462 -130.774307
690.237471 -130.502548
690.237481 -130.166138
690.237490 -129.839264
690.237500 -129.541534
690.237510 -129.305862
690.237519 -129.128204
690.237529 -129.004684
690.237538 -128.939270
690.237548 -128.918900
690.237558 -128.944595
690.237567 -129.044434
690.237577 -129.257233
690.237587 -129.598785
690.237596 -130.066681
690.237606 -130.627075
690.237615 -131.197510
690.237625 -131.643387
690.237635 -131.668564
690.237644 -131.269669
690.237654 -130.783890
690.237663 -130.357895
690.237673 -130.082718
690.237683 -129.995483
690.237692 -129.981750
690.237702 -130.089005
690.237712 -130.308380
690.237721 -130.547928
690.237731 -130.502197
690.237740 -130.036377
690.237750 -129.342453
690.237760 -128.558609
690.237769 -127.803062
690.237779 -127.148651
690.237788 -126.630890
690.237798 -126.262856
690.237808 -126.045883
690.237817 -125.975777
690.237827 -125.969955
690.237837 -126.045311
690.237846 -126.243477
690.237856 -126.554527
690.237865 -126.953873
690.237875 -127.404198
690.237885 -127.852692
690.237894 -128.235901
690.237904 -128.496506
690.237913 -128.593750
690.237923 -128.513550
690.237933 -128.444336
690.237942 -128.424957
690.237952 -128.456024
690.237962 -128.601700
690.237971 -128.917496
690.237981 -129.425323
690.237990 -130.131897
690.238000 -131.034042
690.238010 -132.124435
690.238019 -133.367340
690.238029 -134.697556
690.238038 -136.008698
690.238048 -137.143951
690.238058 -137.902328
690.238067 -137.839218
690.238077 -137.106644
690.238087 -136.166916
690.238096 -135.229065
690.238106 -134.442154
690.238115 -133.900574
690.238125 -133.663635
690.238135 -133.655014
690.238144 -133.775177
690.238154 -134.270508
690.238163 -135.175461
690.238173 -136.467590
690.238183 -137.930084
690.238192 -138.313995
690.238202 -136.622253
690.238212 -134.709000
690.238221 -133.007828
690.238231 -131.584915
690.238240 -130.396057
690.238250 -129.410141
690.238260 -128.579285
690.238269 -127.868752
690.238279 -127.255554
690.238288 -126.725388
690.238298 -126.268890
690.238308 -125.877144
690.238317 -125.537903
690.238327 -125.253807
690.238337 -125.019066
690.238346 -124.827576
690.238356 -124.672729
690.238365 -124.546562
690.238375 -124.438965
690.238385 -124.336906
690.238394 -124.225357
690.238404 -124.089500
690.238413 -123.919609
690.238423 -123.715202
690.238433 -123.488144
690.238442 -123.261421
690.238452 -123.065331
690.238462 -122.932220
690.238471 -122.891579
690.238481 -122.892769
690.238490 -122.973656
690.238500 -123.196831
690.238510 -123.580368
690.238519 -124.129654
690.238529 -124.861298
690.238538 -125.786491
690.238548 -126.904968
690.238558 -128.198914
690.238567 -129.612076
690.238577 -131.016312
690.238587 -132.191345
690.238596 -132.904129
690.238606 -132.983383
690.238615 -132.811676
690.238625 -132.741058
690.238635 -132.788864
690.238644 -133.038757
690.238654 -133.647552
690.238663 -134.696075
690.238673 -136.257645
690.238683 -138.256409
690.238692 -138.757385
690.238702 -135.944580
690.238712 -133.164856
690.238721 -130.877960
690.238731 -129.061508
690.238740 -127.638817
690.238750 -126.548859
690.238760 -125.750061
690.238769 -125.214317
690.238779 -124.922577
690.238788 -124.850433
690.238798 -124.860672
690.238808 -125.016548
690.238817 -125.376328
690.238827 -125.922813
690.238837 -126.632317
690.238846 -127.474129
690.238856 -128.413300
690.238865 -129.419128
690.238875 -130.476227
690.238885 -131.587524
690.238894 -132.703674
690.238904 -133.738785
690.238913 -134.210815
690.238923 -133.096390
690.238933 -131.496521
690.238942 -129.869003
690.238952 -128.434219
690.238962 -127.259331
690.238971 -126.350403
690.238981 -125.693642
690.238990 -125.270309
690.239000 -125.060951
690.239010 -125.023949
690.239019 -125.044823
690.239029 -125.197037
690.239038 -125.483154
690.239048 -125.853241
690.239058 -126.235802
690.239067 -126.541046
690.239077 -126.612549
690.239087 -126.352501
690.239096 -125.975403
690.239106 -125.570564
690.239115 -125.212753
690.239125 -124.952400
690.239135 -124.818260
690.239144 -124.795952
690.239154 -124.823311
690.239163 -124.969299
690.239173 -125.249855
690.239183 -125.652023
690.239192 -126.156593
690.239202 -126.738594
690.239212 -127.367676
690.239221 -128.010086
690.239231 -128.631821
690.239240 -129.203751
690.239250 -129.706665
690.239260 -130.136215
690.239269 -130.504410
690.239279 -130.838730
690.239288 -131.177612
690.239298 -131.565628
690.239308 -132.048035
690.239317 -132.666641
690.239327 -133.455124
690.239337 -134.429596
690.239346 -135.565887
690.239356 -136.747742
690.239365 -137.689545
690.239375 -137.405411
690.239385 -136.248199
690.239394 -134.891327
690.239404 -133.566376
690.239413 -132.364731
690.239423 -131.307648
690.239433 -130.408371
690.239442 -129.676971
690.239452 -129.117004
690.239462 -128.732513
690.239471 -128.526993
690.239481 -128.486252
690.239490 -128.501740
690.239500 -128.654800
690.239510 -128.978439
690.239519 -129.458313
690.239529 -130.068649
690.239538 -130.767700
690.239548 -131.490204
690.239558 -132.143692
690.239567 -132.616516
690.239577 -132.695023
690.239587 -132.308411
690.239596 -131.745560
690.239606 -131.103760
690.239615 -130.458496
690.239625 -129.860916
690.239635 -129.345398
690.239644 -128.937469
690.239654 -128.660019
690.239663 -128.536636
690.239673 -128.514847
690.239683 -128.594345
690.239692 -128.864120
690.239702 -129.384064
690.239712 -130.202927
690.239721 -131.387756
690.239731 -133.038422
690.239740 -135.296936
690.239750 -138.460464
690.239760 -143.092865
690.239769 -147.526596
690.239779 -143.586502
690.239788 -141.580826
690.239798 -140.955902
690.239808 -140.954559
690.239817 -141.438263
690.239827 -143.009323
690.239837 -145.719971
690.239846 -146.735458
690.239856 -143.238724
690.239865 -140.586563
690.239875 -138.814621
690.239885 -137.697220
690.239894 -137.066589
690.239904 -136.805191
690.239913 -136.775162
690.239923 -136.823349
690.239933 -137.049469
690.239942 -137.421936
690.239952 -137.888046
690.239962 -138.382797
690.239971 -138.884216
690.239981 -139.373352
690.239990 -139.856979
690.240000 -140.376099
690.240010 -141.002991
690.240019 -141.827087
690.240029 -142.941162
690.240038 -144.421021
690.240048 -146.263748
690.240058 -148.123383
690.240067 -147.452362
690.240077 -145.055466
690.240087 -142.639343
690.240096 -140.419250
690.240106 -138.455933
690.240115 -136.720932
690.240125 -135.191711
690.240135 -133.854492
690.240144 -132.698257
690.240154 -131.712067
690.240163 -130.883987
690.240173 -130.201263
690.240183 -129.650757
690.240192 -129.219177
690.240202 -128.893417
690.240212 -128.660812
690.240221 -128.509155
690.240231 -128.427353
690.240240 -128.405289
690.240250 -128.401871
690.240260 -128.437119
690.240269 -128.518738
690.240279 -128.654633
690.240288 -128.858353
690.240298 -129.156479
690.240308 -129.590820
690.240317 -130.222336
690.240327 -131.137711
690.240337 -132.466461
690.240346 -134.415298
690.240356 -137.375824
690.240365 -142.284424
690.240375 -141.662689
690.240385 -136.797134
690.240394 -133.838852
690.240404 -131.939835
690.240413 -130.743973
690.240423 -130.093689
690.240433 -129.898239
690.240442 -129.898514
690.240452 -130.104263
690.240462 -130.664719
690.240471 -131.515411
690.240481 -132.535568
690.240490 -133.513428
690.240500 -134.194504
690.240510 -134.461670
690.240519 -134.512909
690.240529 -134.662750
690.240538 -135.149139
690.240548 -136.212646
690.240558 -138.126678
690.240567 -141.436844
690.240577 -147.903259
690.240587 -145.448669
690.240596 -140.855682
690.240606 -138.541382
690.240615 -137.428284
690.240625 -137.118210
690.240635 -137.108627
690.240644 -137.335388
690.240654 -137.508011
690.240663 -136.450470
690.240673 -134.845428
690.240683 -133.230484
690.240692 -131.877228
690.240702 -130.853012
690.240712 -130.110794
690.240721 -129.633255
690.240731 -129.343323
690.240740 -129.143219
690.240750 -128.923065
690.240760 -128.590012
690.240769 -128.107300
690.240779 -127.510155
690.240788 -126.879311
690.240798 -126.301208
690.240808 -125.843506
690.240817 -125.551628
690.240827 -125.445763
690.240837 -125.448120
690.240846 -125.569710
690.240856 -125.913673
690.240865 -126.502632
690.240875 -127.359917
690.240885 -128.523224
690.240894 -130.056580
690.240904 -132.075729
690.240913 -134.761673
690.240923 -138.465652
690.240933 -142.398346
690.240942 -138.028671
690.240952 -134.709244
690.240962 -132.352234
690.240971 -130.623199
690.240981 -129.358627
690.240990 -128.455002
690.241000 -127.855568
690.241010 -127.529137
690.241019 -127.453064
690.241029 -127.459656
690.241038 -127.634735
690.241048 -128.058655
690.241058 -128.734177
690.241067 -129.663467
690.241077 -130.841751
690.241087 -132.243042
690.241096 -133.793320
690.241106 -135.332047
690.241115 -136.605316
690.241125 -137.390182
690.241135 -137.694595
690.241144 -137.728088
690.241154 -137.748505
690.241163 -137.837402
690.241173 -138.013687
690.241183 -138.280792
690.241192 -138.586441
690.241202 -138.873917
690.241212 -139.093445
690.241221 -139.206360
690.241231 -139.088226
690.241240 -138.858582
690.241250 -138.545181
690.241260 -138.180496
690.241269 -137.804520
690.241279 -137.458908
690.241288 -137.184189
690.241298 -137.016678
690.241308 -136.978943
690.241317 -136.987259
690.241327 -137.109451
690.241337 -137.406433
690.241346 -137.889587
690.241356 -138.560562
690.241365 -139.411255
690.241375 -140.420517
690.241385 -141.550537
690.241394 -142.740662
690.241404 -143.891022
690.241413 -144.836090
690.241423 -145.106125
690.241433 -144.193939
690.241442 -142.876251
690.241452 -141.486282
690.241462 -140.241013
690.241471 -139.254059
690.241481 -138.583786
690.241490 -138.270905
690.241500 -138.243851
690.241510 -138.360107
690.241519 -138.920120
690.241529 -140.070221
690.241538 -142.002792
690.241548 -145.158508
690.241558 -148.227280
690.241567 -143.000916
690.241577 -139.188766
690.241587 -136.463226
690.241596 -134.435471
690.241606 -132.897675
690.241615 -131.735565
690.241625 -130.882065
690.241635 -130.296799
690.241644 -129.955307
690.241654 -129.841888
690.241663 -129.843552
690.241673 -129.954803
690.241683 -130.284180
690.241692 -130.825790
690.241702 -131.561356
690.241712 -132.435608
690.241721 -133.311066
690.241731 -133.919647
690.241740 -133.258423
690.241750 -132.119690
690.241760 -130.841904
690.241769 -129.629257
690.241779 -128.571732
690.241788 -127.698395
690.241798 -127.012848
690.241808 -126.509018
690.241817 -126.177162
690.241827 -126.005333
690.241837 -125.966324
690.241846 -125.979332
690.241856 -126.080719
690.241865 -126.284431
690.241875 -126.556480
690.241885 -126.851517
690.241894 -127.113159
690.241904 -127.276161
690.241913 -127.151810
690.241923 -126.841896
690.241933 -126.412888
690.241942 -125.919037
690.241952 -125.412262
690.241962 -124.933319
690.241971 -124.510521
690.241981 -124.161026
690.241990 -123.893593
690.242000 -123.710503
690.242010 -123.609673
690.242019 -123.580673
690.242029 -123.585411
690.242038 -123.629478
690.242048 -123.731125
690.242058 -123.877701
690.242067 -124.055031
690.242077 -124.248116
690.242087 -124.441864
690.242096 -124.622162
690.242106 -124.780838
690.242115 -124.912109
690.242125 -125.014282
690.242135 -125.093353
690.242144 -125.158417
690.242154 -125.221779
690.242163 -125.297882
690.242173 -125.403076
690.242183 -125.555550
690.242192 -125.775665
690.242202 -126.085518
690.242212 -126.508820
690.242221 -127.068367
690.242231 -127.775772
690.242240 -128.658279
690.242250 -129.725067
690.242260 -130.968246
690.242269 -132.351257
690.242279 -133.799271
690.242288 -135.209396
690.242298 -136.503983
690.242308 -137.706451
690.242317 -138.953125
690.242327 -140.403824
690.242337 -142.048218
690.242346 -143.122955
690.242356 -141.542526
690.242365 -139.730728
690.242375 -138.237137
690.242385 -137.044601
690.242394 -136.032791
690.242404 -135.002853
690.242413 -133.790543
690.242423 -132.383530
690.242433 -130.902084
690.242442 -129.493195
690.242452 -128.261734
690.242462 -127.264053
690.242471 -126.525101
690.242481 -126.054367
690.242490 -125.856033
690.242500 -125.841713
690.242510 -125.935410
690.242519 -126.301430
690.242529 -126.971245
690.242538 -127.974510
690.242548 -129.359726
690.242558 -131.205734
690.242567 -133.638306
690.242577 -136.832108
690.242587 -140.740707
690.242596 -141.433319
690.242606 -139.073593
690.242615 -137.570267
690.242625 -136.885391
690.242635 -136.794846
690.242644 -136.904037
690.242654 -137.593460
690.242663 -139.022766
690.242673 -141.428833
690.242683 -145.470322
690.242692 -151.934479
690.242702 -144.903168
690.242712 -141.077377
690.242721 -138.645172
690.242731 -136.972473
690.242740 -135.779999
690.242750 -134.915344
690.242760 -134.260834
690.242769 -133.747086
690.242779 -133.302902
690.242788 -132.858154
690.242798 -132.357819
690.242808 -131.775650
690.242817 -131.122177
690.242827 -130.435471
690.242837 -129.763367
690.242846 -129.147293
690.242856 -128.615372
690.242865 -128.181534
690.242875 -127.848694
690.242885 -127.612869
690.242894 -127.467621
690.242904 -127.408714
690.242913 -127.394951
690.242923 -127.438332
690.242933 -127.567055
690.242942 -127.815323
690.242952 -128.212997
690.242962 -128.797852
690.242971 -129.615250
690.242981 -130.717743
690.242990 -132.163498
690.243000 -134.002045
690.243010 -136.200012
690.243019 -138.352646
690.243029 -138.364044
690.243038 -136.695023
690.243048 -135.147186
690.243058 -133.881348
690.243067 -132.843506
690.243077 -131.971771
690.243087 -131.185196
690.243096 -130.434845
690.243106 -129.704391
690.243115 -129.001678
690.243125 -128.345688
690.243135 -127.755867
690.243144 -127.247604
690.243154 -126.832130
690.243163 -126.519043
690.243173 -126.319702
690.243183 -126.241936
690.243192 -126.240044
690.243202 -126.333839
690.243212 -126.603081
690.243221 -127.103058
690.243231 -127.898148
690.243240 -129.086578
690.243250 -130.835968
690.243260 -133.485107
690.243269 -137.910828
690.243279 -144.188782
690.243288 -136.091873
690.243298 -132.047455
690.243308 -129.441879
690.243317 -127.609764
690.243327 -126.278000
690.243337 -125.306511
690.243346 -124.613075
690.243356 -124.145332
690.243365 -123.867622
690.243375 -123.754730
690.243385 -123.749794
690.243394 -123.786507
690.243404 -123.946007
690.243413 -124.220337
690.243423 -124.594170
690.243433 -125.049324
690.243442 -125.563934
690.243452 -126.111580
690.243462 -126.661743
690.243471 -127.178589
690.243481 -127.612221
690.243490 -127.930687
690.243500 -128.076965
690.243510 -127.876198
690.243519 -127.527489
690.243529 -127.096313
690.243538 -126.659134
690.243548 -126.286736
690.243558 -126.034943
690.243567 -125.944221
690.243577 -125.944214
690.243587 -126.036369
690.243596 -126.327812
690.243606 -126.831566
690.243615 -127.543663
690.243625 -128.441193
690.243635 -129.467300
690.243644 -130.509384
690.243654 -131.392807
690.243663 -131.937973
690.243673 -131.954727
690.243683 -131.740860
690.243692 -131.613464
690.243702 -131.591492
690.243712 -131.686890
690.243721 -132.037216
690.243731 -132.730438
690.243740 -133.837143
690.243750 -135.423218
690.243760 -137.420181
690.243769 -138.407852
690.243779 -135.911758
690.243788 -133.312195
690.243798 -131.164368
690.243808 -129.481613
690.243817 -128.196335
690.243827 -127.250290
690.243837 -126.599548
690.243846 -126.226112
690.243856 -126.117271
690.243865 -126.118401
690.243875 -126.275658
690.243885 -126.706383
690.243894 -127.430931
690.243904 -128.481934
690.243913 -129.922226
690.243923 -131.853348
690.243933 -134.462006
690.243942 -138.137161
690.243952 -143.837418
690.243962 -145.211594
690.243971 -140.852173
690.243981 -138.498367
690.243990 -137.163788
690.244000 -136.411118
690.244010 -135.974899
690.244019 -135.638458
690.244029 -135.214462
690.244038 -134.582901
690.244048 -133.734879
690.244058 -132.752167
690.244067 -131.744385
690.244077 -130.800598
690.244087 -129.979218
690.244096 -129.314865
690.244106 -128.828751
690.244115 -128.533112
690.244125 -128.440369
690.244135 -128.441071
690.244144 -128.572678
690.244154 -128.947662
690.244163 -129.594650
690.244173 -130.555756
690.244183 -131.893997
690.244192 -133.702728
690.244202 -136.099167
690.244212 -139.053406
690.244221 -140.205551
690.244231 -137.454498
690.244240 -135.082504
690.244250 -133.321762
690.244260 -132.062790
690.244269 -131.199844
690.244279 -130.659317
690.244288 -130.390930
690.244298 -130.348114
690.244308 -130.359955
690.244317 -130.540665
690.244327 -130.913101
690.244337 -131.460831
690.244346 -132.169708
690.244356 -133.024612
690.244365 -134.006302
690.244375 -135.082245
690.244385 -136.194412
690.244394 -137.244614
690.244404 -138.093063
690.244413 -138.593918
690.244423 -138.294357
690.244433 -137.556900
690.244442 -136.530960
690.244452 -135.311783
690.244462 -134.002808
690.244471 -132.697388
690.244481 -131.465103
690.244490 -130.346649
690.244500 -129.360672
690.244510 -128.510040
690.244519 -127.790291
690.244529 -127.187744
690.244538 -126.707184
690.244548 -126.346794
690.244558 -126.107414
690.244567 -125.987793
690.244577 -125.971336
690.244587 -125.985916
690.244596 -126.101463
690.244606 -126.320099
690.244615 -126.613312
690.244625 -126.937363
690.244635 -127.239037
690.244644 -127.471954
690.244654 -127.617920
690.244663 -127.699501
690.244673 -127.772415
690.244683 -127.904839
690.244692 -128.158722
690.244702 -128.576035
690.244712 -129.168121
690.244721 -129.956192
690.244731 -130.916031
690.244740 -131.988235
690.244750 -133.079117
690.244760 -134.087524
690.244769 -134.964340
690.244779 -135.750259
690.244788 -136.504761
690.244798 -137.140121
690.244808 -136.717361
690.244817 -135.090973
690.244827 -133.050842
690.244837 -131.069351
690.244846 -129.339523
690.244856 -127.905037
690.244865 -126.757607
690.244875 -125.875641
690.244885 -125.235680
690.244894 -124.815369
690.244904 -124.592255
690.244913 -124.539314
690.244923 -124.541794
690.244933 -124.634705
690.244942 -124.834015
690.244952 -125.094353
690.244962 -125.363892
690.244971 -125.589867
690.244981 -125.728531
690.244990 -125.659615
690.245000 -125.451744
690.245010 -125.155029
690.245019 -124.807869
690.245029 -124.444649
690.245038 -124.099899
690.245048 -123.805946
690.245058 -123.590263
690.245067 -123.474213
690.245077 -123.453133
690.245087 -123.472359
690.245096 -123.592728
690.245106 -123.836845
690.245115 -124.199608
690.245125 -124.667854
690.245135 -125.233215
690.245144 -125.878273
690.245154 -126.583282
690.245163 -127.327431
690.245173 -128.092300
690.245183 -128.864975
690.245192 -129.641022
690.245202 -130.423920
690.245212 -131.219467
690.245221 -132.022385
690.245231 -132.794754
690.245240 -133.440903
690.245250 -133.739700
690.245260 -133.220276
690.245269 -132.377945
690.245279 -131.395309
690.245288 -130.410797
690.245298 -129.500214
690.245308 -128.695114
690.245317 -128.004089
690.245327 -127.425407
690.245337 -126.954468
690.245346 -126.587067
690.245356 -126.321030
690.245365 -126.156906
690.245375 -126.098442
690.245385 -126.097290
690.245394 -126.152992
690.245404 -126.331223
690.245413 -126.647339
690.245423 -127.118721
690.245433 -127.761177
690.245442 -128.588364
690.245452 -129.621490
690.245462 -130.862839
690.245471 -132.282211
690.245481 -133.776337
690.245490 -135.115341
690.245500 -135.964874
690.245510 -135.741730
690.245519 -135.115753
690.245529 -134.458099
690.245538 -133.850372
690.245548 -133.301834
690.245558 -132.795883
690.245567 -132.316193
690.245577 -131.859161
690.245587 -131.436981
690.245596 -131.074356
690.245606 -130.803772
690.245615 -130.659332
690.245625 -130.635330
690.245635 -130.674133
690.245644 -130.877960
690.245654 -131.298264
690.245663 -131.961594
690.245673 -132.896500
690.245683 -134.137238
690.245692 -135.730240
690.245702 -137.745392
690.245712 -140.299820
690.245721 -143.613892
690.245731 -148.173721
690.245740 -155.255310
690.245750 -154.131958
690.245760 -150.525406
690.245769 -148.189835
690.245779 -146.005966
690.245788 -143.539902
690.245798 -140.866302
690.245808 -138.227448
690.245817 -135.786133
690.245827 -133.608261
690.245837 -131.707092
690.245846 -130.075958
690.245856 -128.702087
690.245865 -127.572205
690.245875 -126.674431
690.245885 -125.996063
690.245894 -125.527046
690.245904 -125.261482
690.245913 -125.189072
690.245923 -125.190582
690.245933 -125.304787
690.245942 -125.592651
690.245952 -126.040077
690.245962 -126.629272
690.245971 -127.337006
690.245981 -128.132797
690.245990 -128.976822
690.246000 -129.818939
690.246010 -130.597916
690.246019 -131.245392
690.246029 -131.692673
690.246038 -131.789520
690.246048 -131.416412
690.246058 -130.808151
690.246067 -130.035217
690.246077 -129.177094
690.246087 -128.308044
690.246096 -127.488602
690.246106 -126.763557
690.246115 -126.164467
690.246125 -125.712227
690.246135 -125.420815
690.246144 -125.299660
690.246154 -125.294762
690.246163 -125.356064
690.246173 -125.595886
690.246183 -126.025520
690.246192 -126.652168
690.246202 -127.483337
690.246212 -128.523834
690.246221 -129.766327
690.246231 -131.168655
690.246240 -132.606949
690.246250 -133.820572
690.246260 -134.438461
690.246269 -133.959229
690.246279 -133.373322
690.246288 -132.895325
690.246298 -132.612778
690.246308 -132.541687
690.246317 -132.545212
690.246327 -132.680878
690.246337 -132.994156
690.246346 -133.453568
690.246356 -134.025818
690.246365 -134.675781
690.246375 -135.347534
690.246385 -135.959564
690.246394 -136.409805
690.246404 -136.250244
690.246413 -135.549942
690.246423 -134.599335
690.246433 -133.576218
690.246442 -132.605148
690.246452 -131.741745
690.246462 -131.009933
690.246471 -130.420288
690.246481 -129.960907
690.246490 -129.615067
690.246500 -129.365707
690.246510 -129.196457
690.246519 -129.093292
690.246529 -129.044510
690.246538 -129.028824
690.246548 -129.037277
690.246558 -129.078064
690.246567 -129.151672
690.246577 -129.262619
690.246587 -129.413910
690.246596 -129.609741
690.246606 -129.846146
690.246615 -130.118652
690.246625 -130.424179
690.246635 -130.737686
690.246644 -131.017212
690.246654 -131.207733
690.246663 -131.131271
690.246673 -130.845444
690.246683 -130.445297
690.246692 -129.993958
690.246702 -129.550278
690.246712 -129.159149
690.246721 -128.851379
690.246731 -128.647522
690.246740 -128.562653
690.246750 -128.560974
690.246760 -128.610733
690.246769 -128.806351
690.246779 -129.167313
690.246788 -129.714966
690.246798 -130.478394
690.246808 -131.493134
690.246817 -132.805313
690.246827 -134.474335
690.246837 -136.571808
690.246846 -139.137405
690.246856 -141.910736
690.246865 -142.406418
690.246875 -140.167435
690.246885 -138.073563
690.246894 -136.319260
690.246904 -134.898010
690.246913 -133.772522
690.246923 -132.920761
690.246933 -132.343262
690.246942 -132.052155
690.246952 -132.005753
690.246962 -132.066376
690.246971 -132.403885
690.246981 -133.068985
690.246990 -134.010742
690.247000 -135.012848
690.247010 -135.029221
690.247019 -133.616745
690.247029 -131.946548
690.247038 -130.427185
690.247048 -129.193359
690.247058 -128.262482
690.247067 -127.604874
690.247077 -127.202148
690.247087 -127.024734
690.247096 -127.003471
690.247106 -127.036812
690.247115 -127.197174
690.247125 -127.458328
690.247135 -127.766563
690.247144 -128.066803
690.247154 -128.309341
690.247163 -128.458115
690.247173 -128.408279
690.247183 -128.201569
690.247192 -127.903488
690.247202 -127.538963
690.247212 -127.139671
690.247221 -126.741516
690.247231 -126.380585
690.247240 -126.089043
690.247250 -125.892853
690.247260 -125.811218
690.247269 -125.805199
690.247279 -125.857384
690.247288 -126.038834
690.247298 -126.359245
690.247308 -126.819084
690.247317 -127.416733
690.247327 -128.149078
690.247337 -129.012405
690.247346 -130.004120
690.247356 -131.124756
690.247365 -132.374863
690.247375 -133.761444
690.247385 -135.292206
690.247394 -136.967621
690.247404 -138.750961
690.247413 -140.487122
690.247423 -141.765472
690.247433 -141.048737
690.247442 -139.445587
690.247452 -137.673035
690.247462 -135.945602
690.247471 -134.333786
690.247481 -132.883499
690.247490 -131.606476
690.247500 -130.513046
690.247510 -129.613373
690.247519 -128.916885
690.247529 -128.433014
690.247538 -128.169586
690.247548 -128.116669
690.247558 -128.132233
690.247567 -128.340988
690.247577 -128.812424
690.247587 -129.568314
690.247596 -130.632568
690.247606 -132.021454
690.247615 -133.699753
690.247625 -135.449066
690.247635 -136.578720
690.247644 -135.495300
690.247654 -134.194687
690.247663 -133.113342
690.247673 -132.367615
690.247683 -131.943695
690.247692 -131.777328
690.247702 -131.761078
690.247712 -131.808212
690.247721 -131.871399
690.247731 -131.552567
690.247740 -130.897903
690.247750 -130.013870
690.247760 -129.067398
690.247769 -128.191864
690.247779 -127.464737
690.247788 -126.921692
690.247798 -126.575264
690.247808 -126.426659
690.247817 -126.413887
690.247827 -126.472694
690.247837 -126.707375
690.247846 -127.123398
690.247856 -127.710686
690.247865 -128.454483
690.247875 -129.330963
690.247885 -130.303345
690.247894 -131.315994
690.247904 -132.292084
690.247913 -133.137619
690.247923 -133.760101
690.247933 -134.099228
690.247942 -134.016983
690.247952 -133.790604
690.247962 -133.610092
690.247971 -133.571808
690.247981 -133.591522
690.247990 -133.833252
690.248000 -134.420624
690.248010 -135.432877
690.248019 -136.928787
690.248029 -138.840561
690.248038 -140.560013
690.248048 -139.029938
690.248058 -137.104675
690.248067 -135.567535
690.248077 -134.508942
690.248087 -133.848770
690.248096 -133.550888
690.248106 -133.495560
690.248115 -133.541626
690.248125 -133.745163
690.248135 -134.077713
690.248144 -134.445572
690.248154 -134.755142
690.248163 -134.915329
690.248173 -134.873352
690.248183 -134.720932
690.248192 -134.574799
690.248202 -134.488831
690.248212 -134.464798
690.248221 -134.506531
690.248231 -134.650848
690.248240 -134.940491
690.248250 -135.387466
690.248260 -135.998642
690.248269 -136.789505
690.248279 -137.782074
690.248288 -138.994446
690.248298 -140.463455
690.248308 -142.233978
690.248317 -144.312714
690.248327 -146.500687
690.248337 -147.845566
690.248346 -146.381241
690.248356 -144.593536
690.248365 -142.790298
690.248375 -140.933777
690.248385 -138.996811
690.248394 -137.054855
690.248404 -135.226547
690.248413 -133.608536
690.248423 -132.255127
690.248433 -131.188232
690.248442 -130.408356
690.248452 -129.902634
690.248462 -129.645981
690.248471 -129.570267
690.248481 -129.584091
690.248490 -129.712875
690.248500 -129.914963
690.248510 -130.136490
690.248519 -130.327393
690.248529 -130.479935
690.248538 -130.632339
690.248548 -130.848312
690.248558 -131.189011
690.248567 -131.691162
690.248577 -132.350159
690.248587 -133.102997
690.248596 -133.813141
690.248606 -134.295059
690.248615 -134.188690
690.248625 -133.758224
690.248635 -133.249451
690.248644 -132.682785
690.248654 -132.089249
690.248663 -131.417206
690.248673 -130.623581
690.248683 -129.707413
690.248692 -128.712250
690.248702 -127.704849
690.248712 -126.749939
690.248721 -125.898224
690.248731 -125.184731
690.248740 -124.632614
690.248750 -124.257492
690.248760 -124.070709
690.248769 -124.045410
690.248779 -124.082413
690.248788 -124.302605
690.248798 -124.743034
690.248808 -125.416855
690.248817 -126.333122
690.248827 -127.522476
690.248837 -129.002441
690.248846 -130.759872
690.248856 -132.662781
690.248865 -134.265060
690.248875 -134.143585
690.248885 -132.940445
690.248894 -131.788086
690.248904 -130.897995
690.248913 -130.311310
690.248923 -130.007935
690.248933 -129.963943
690.248942 -129.992325
690.248952 -130.264725
690.248962 -130.837128
690.248971 -131.744965
690.248981 -133.061234
690.248990 -134.928711
690.249000 -137.640564
690.249010 -141.832260
690.249019 -143.955612
690.249029 -138.571548
690.249038 -135.043182
690.249048 -132.560654
690.249058 -130.714645
690.249067 -129.302780
690.249077 -128.212158
690.249087 -127.372078
690.249096 -126.734314
690.249106 -126.263275
690.249115 -125.931755
690.249125 -125.718239
690.249135 -125.606476
690.249144 -125.581886
690.249154 -125.584930
690.249163 -125.647232
690.249173 -125.791656
690.249183 -126.021759
690.249192 -126.345833
690.249202 -126.776390
690.249212 -127.329262
690.249221 -128.022827
690.249231 -128.877243
690.249240 -129.913147
690.249250 -131.149216
690.249260 -132.589737
690.249269 -134.212463
690.249279 -135.962936
690.249288 -137.677094
690.249298 -139.080307
690.249308 -139.953659
690.249317 -140.381943
690.249327 -140.651733
690.249337 -140.946045
690.249346 -140.716843
690.249356 -139.039810
690.249365 -136.613739
690.249375 -134.162674
690.249385 -132.013901
690.249394 -130.241791
690.249404 -128.837448
690.249413 -127.774261
690.249423 -127.025627
690.249433 -126.569221
690.249442 -126.386360
690.249452 -126.379135
690.249462 -126.461296
690.249471 -126.776909
690.249481 -127.307632
690.249490 -128.028336
690.249500 -128.896042
690.249510 -129.843658
690.249519 -130.774811
690.249529 -131.567474
690.249538 -132.096115
690.249548 -132.075577
690.249558 -131.556396
690.249567 -130.827682
690.249577 -130.005783
690.249587 -129.188278
690.249596 -128.445358
690.249606 -127.822296
690.249615 -127.343231
690.249625 -127.017776
690.249635 -126.844078
690.249644 -126.808372
690.249654 -126.812950
690.249663 -126.909065
690.249673 -127.112869
690.249683 -127.402573
690.249692 -127.756500
690.249702 -128.153671
690.249712 -128.574539
690.249721 -128.986511
690.249731 -129.376770
690.249740 -129.725922
690.249750 -130.016464
690.249760 -130.245529
690.249769 -130.433090
690.249779 -130.624527
690.249788 -130.883133
690.249798 -131.281525
690.249808 -131.896149
690.249817 -132.811234
690.249827 -134.132782
690.249837 -136.020081
690.249846 -138.754639
690.249856 -142.856155
690.249865 -144.876465
690.249875 -140.156754
690.249885 -136.964554
690.249894 -134.706390
690.249904 -133.042221
690.249913 -131.770004
690.249923 -130.767929
690.249933 -129.960098
690.249942 -129.298615
690.249952 -128.754272
690.249962 -128.311996
690.249971 -127.967072
690.249981 -127.722649
690.249990 -127.587341
690.250000 -127.564018
690.250010 -127.574509
690.250019 -127.701042
690.250029 -127.987579
690.250038 -128.458923
690.250048 -129.144745
690.250058 -130.080139
690.250067 -131.305817
690.250077 -132.863876
690.250087 -134.777222
690.250096 -136.969879
690.250106 -139.039688
690.250115 -139.711639
690.250125 -138.675385
690.250135 -137.660370
690.250144 -136.760101
690.250154 -135.960953
690.250163 -135.118378
690.250173 -134.148987
690.250183 -133.073639
690.250192 -131.982910
690.250202 -130.973953
690.250212 -130.116150
690.250221 -129.447464
690.250231 -128.983673
690.250240 -128.727219
690.250250 -128.658249
690.250260 -128.660614
690.250269 -128.782440
690.250279 -129.075394
690.250288 -129.515518
690.250298 -130.073212
690.250308 -130.716812
690.250317 -131.421768
690.250327 -132.187729
690.250337 -133.058350
690.250346 -134.142471
690.250356 -135.644943
690.250365 -137.962479
690.250375 -142.043213
690.250385 -145.418457
690.250394 -137.716217
690.250404 -133.335327
690.250413 -130.292328
690.250423 -128.020691
690.250433 -126.272606
690.250442 -124.922035
690.250452 -123.896782
690.250462 -123.153160
690.250471 -122.663712
690.250481 -122.409187
690.250490 -122.364639
690.250500 -122.381660
690.250510 -122.578049
690.250519 -122.998070
690.250529 -123.643585
690.250538 -124.515495
690.250548 -125.607368
690.250558 -126.893745
690.250567 -128.308548
690.250577 -129.718185
690.250587 -130.923126
690.250596 -131.753128
690.250606 -132.215714
690.250615 -132.497955
690.250625 -132.815918
690.250635 -133.280029
690.250644 -133.914474
690.250654 -134.645630
690.250663 -135.222412
690.250673 -134.855011
690.250683 -134.040314
690.250692 -133.206573
690.250702 -132.566086
690.250712 -132.222000
690.250721 -132.164902
690.250731 -132.221497
690.250740 -132.589432
690.250750 -133.333588
690.250760 -134.413345
690.250769 -135.621109
690.250779 -135.935989
690.250788 -134.450226
690.250798 -132.674942
690.250808 -131.061935
690.250817 -129.733505
690.250827 -128.685791
690.250837 -127.880699
690.250846 -127.263535
690.250856 -126.804276
690.250865 -126.469810
690.250875 -126.231842
690.250885 -126.071266
690.250894 -125.978218
690.250904 -125.947922
690.250913 -125.950134
690.250923 -125.988899
690.250933 -126.089905
690.250942 -126.256065
690.250952 -126.489304
690.250962 -126.784531
690.250971 -127.135719
690.250981 -127.538933
690.250990 -127.993919
690.251000 -128.504395
690.251010 -129.074234
690.251019 -129.698807
690.251029 -130.344818
690.251038 -130.987778
690.251048 -131.564529
690.251058 -132.003998
690.251067 -132.262909
690.251077 -132.348740
690.251087 -132.367889
690.251096 -132.420898
690.251106 -132.608688
690.251115 -133.030914
690.251125 -133.794037
690.251135 -135.034958
690.251144 -136.960831
690.251154 -139.989075
690.251163 -145.119354
690.251173 -143.711502
690.251183 -138.838928
690.251192 -135.796417
690.251202 -133.724121
690.251212 -132.259018
690.251221 -131.222092
690.251231 -130.514786
690.251240 -130.079666
690.251250 -129.882965
690.251260 -129.854599
690.251269 -129.903976
690.251279 -130.126617
690.251288 -130.528275
690.251298 -131.063950
690.251308 -131.639587
690.251317 -132.087463
690.251327 -131.800003
690.251337 -130.979370
690.251346 -129.930679
690.251356 -128.850906
690.251365 -127.863617
690.251375 -127.031479
690.251385 -126.383514
690.251394 -125.933586
690.251404 -125.690491
690.251413 -125.645485
690.251423 -125.660591
690.251433 -125.858208
690.251442 -126.298668
690.251452 -127.004517
690.251462 -128.010376
690.251471 -129.367966
690.251481 -131.165619
690.251490 -133.562836
690.251500 -136.870041
690.251510 -141.712219
690.251519 -143.334015
690.251529 -138.896179
690.251538 -136.057205
690.251548 -134.113510
690.251558 -132.710236
690.251567 -131.665512
690.251577 -130.871689
690.251587 -130.260666
690.251596 -129.773865
690.251606 -129.380890
690.251615 -129.041092
690.251625 -128.713516
690.251635 -128.361725
690.251644 -127.964180
690.251654 -127.521141
690.251663 -127.055038
690.251673 -126.602348
690.251683 -126.203438
690.251692 -125.894844
690.251702 -125.706398
690.251712 -125.657928
690.251721 -125.661407
690.251731 -125.778893
690.251740 -126.075638
690.251750 -126.569832
690.251760 -127.284340
690.251769 -128.251175
690.251779 -129.519180
690.251788 -131.167374
690.251798 -133.334412
690.251808 -136.289597
690.251817 -140.634003
690.251827 -146.646622
690.251837 -140.884476
690.251846 -137.478836
690.251856 -135.341660
690.251865 -133.944870
690.251875 -133.041885
690.251885 -132.491714
690.251894 -132.188873
690.251904 -132.025864
690.251913 -131.873215
690.251923 -131.585388
690.251933 -131.050751
690.251942 -130.255386
690.251952 -129.288361
690.251962 -128.279007
690.251971 -127.338234
690.251981 -126.539444
690.251990 -125.925766
690.252000 -125.521584
690.252010 -125.342293
690.252019 -125.326653
690.252029 -125.399841
690.252038 -125.704918
690.252048 -126.267250
690.252058 -127.091362
690.252067 -128.160217
690.252077 -129.394638
690.252087 -130.569992
690.252096 -131.121643
690.252106 -130.275040
690.252115 -129.170761
690.252125 -128.130783
690.252135 -127.288574
690.252144 -126.678337
690.252154 -126.287270
690.252163 -126.103287
690.252173 -126.076065
690.252183 -126.117195
690.252192 -126.311424
690.252202 -126.669281
690.252212 -127.175591
690.252221 -127.815109
690.252231 -128.572266
690.252240 -129.430725
690.252250 -130.374008
690.252260 -131.388123
690.252269 -132.465134
690.252279 -133.608337
690.252288 -134.830902
690.252298 -136.138550
690.252308 -137.472137
690.252317 -138.583923
690.252327 -138.269669
690.252337 -136.832169
690.252346 -135.223679
690.252356 -133.762695
690.252365 -132.555252
690.252375 -131.619186
690.252385 -130.945145
690.252394 -130.519348
690.252404 -130.330490
690.252413 -130.308914
690.252423 -130.372284
690.252433 -130.640961
690.252442 -131.132294
690.252452 -131.830673
690.252462 -132.690109
690.252471 -133.597214
690.252481 -134.337875
690.252490 -134.392853
690.252500 -133.731293
690.252510 -132.923309
690.252519 -132.164444
690.252529 -131.549622
690.252538 -131.109665
690.252548 -130.843658
690.252558 -130.735794
690.252567 -130.714874
690.252577 -130.767044
690.252587 -130.909332
690.252596 -131.134537
690.252606 -131.410400
690.252615 -131.702728
690.252625 -131.973236
690.252635 -132.197678
690.252644 -132.369156
690.252654 -132.494873
690.252663 -132.602310
690.252673 -132.736557
690.252683 -132.954208
690.252692 -133.319550
690.252702 -133.903778
690.252712 -134.789673
690.252721 -136.084641
690.252731 -137.947235
690.252740 -140.643051
690.252750 -144.622543
690.252760 -148.230835
690.252769 -144.279007
690.252779 -141.941376
690.252788 -140.978226
690.252798 -140.915009
690.252808 -141.260071
690.252817 -143.085388
690.252827 -147.771667
690.252837 -143.047028
690.252846 -137.223511
690.252856 -133.412048
690.252865 -130.630356
690.252875 -128.497009
690.252885 -126.823135
690.252894 -125.498940
690.252904 -124.453041
690.252913 -123.635033
690.252923 -123.006958
690.252933 -122.539146
690.252942 -122.208145
690.252952 -121.995750
690.252962 -121.888939
690.252971 -121.870506
690.252981 -121.879906
690.252990 -121.966400
690.253000 -122.151558
690.253010 -122.444153
690.253019 -122.858124
690.253029 -123.411964
690.253038 -124.127434
690.253048 -125.027161
690.253058 -126.127747
690.253067 -127.424026
690.253077 -128.849609
690.253087 -130.207169
690.253096 -131.135376
690.253106 -130.939514
690.253115 -130.352737
690.253125 -129.905518
690.253135 -129.766647
690.253144 -129.770416
690.253154 -130.039459
690.253163 -130.791229
690.253173 -132.143906
690.253183 -134.306854
690.253192 -137.760635
690.253202 -143.515060
690.253212 -138.676086
690.253221 -134.643570
690.253231 -132.047913
690.253240 -130.261337
690.253250 -129.014877
690.253260 -128.156631
690.253269 -127.594742
690.253279 -127.269211
690.253288 -127.138252
690.253298 -127.124115
690.253308 -127.170486
690.253317 -127.339424
690.253327 -127.619125
690.253337 -127.978836
690.253346 -128.375824
690.253356 -128.749466
690.253365 -129.020020
690.253375 -128.945892
690.253385 -128.549194
690.253394 -127.975616
690.253404 -127.314240
690.253413 -126.647934
690.253423 -126.038895
690.253433 -125.528046
690.253442 -125.140594
690.253452 -124.891090
690.253462 -124.787392
690.253471 -124.782600
690.253481 -124.832893
690.253490 -125.027306
690.253500 -125.367241
690.253510 -125.839973
690.253519 -126.437157
690.253529 -127.138725
690.253538 -127.910248
690.253548 -128.692047
690.253558 -129.388336
690.253567 -129.872253
690.253577 -129.845383
690.253587 -129.403717
690.253596 -128.855621
690.253606 -128.335495
690.253615 -127.935417
690.253625 -127.709930
690.253635 -127.662491
690.253644 -127.689003
690.253654 -127.888321
690.253663 -128.314056
690.253673 -128.965836
690.253683 -129.833542
690.253692 -130.872742
690.253702 -132.029846
690.253712 -133.182419
690.253721 -134.132629
690.253731 -134.660507
690.253740 -134.245392
690.253750 -133.592621
690.253760 -132.835297
690.253769 -132.102036
690.253779 -131.428528
690.253788 -130.822723
690.253798 -130.283005
690.253808 -129.806778
690.253817 -129.396255
690.253827 -129.059204
690.253837 -128.808243
690.253846 -128.658218
690.253856 -128.606964
690.253865 -128.618896
690.253875 -128.714081
690.253885 -128.935349
690.253894 -129.284302
690.253904 -129.748947
690.253913 -130.305939
690.253923 -130.919037
690.253933 -131.538879
690.253942 -132.105637
690.253952 -132.557236
690.253962 -132.841904
690.253971 -132.850388
690.253981 -132.631744
690.253990 -132.344681
690.254000 -132.062241
690.254010 -131.855392
690.254019 -131.787933
690.254029 -131.789612
690.254038 -131.927750
690.254048 -132.336288
690.254058 -133.100479
690.254067 -134.351105
690.254077 -136.330811
690.254087 -139.598999
690.254096 -146.091492
690.254106 -141.601303
690.254115 -136.245682
690.254125 -132.865128
690.254135 -130.439453
690.254144 -128.591599
690.254154 -127.147308
690.254163 -126.013939
690.254173 -125.139168
690.254183 -124.493187
690.254192 -124.059837
690.254202 -123.832344
690.254212 -123.796280
690.254221 -123.810875
690.254231 -124.001396
690.254240 -124.415321
690.254250 -125.070786
690.254260 -125.993904
690.254269 -127.220337
690.254279 -128.794113
690.254288 -130.751648
690.254298 -133.039642
690.254308 -135.215881
690.254317 -135.211349
690.254327 -133.666580
690.254337 -132.302216
690.254346 -131.300171
690.254356 -130.626038
690.254365 -130.250168
690.254375 -130.110092
690.254385 -130.082748
690.254394 -130.155640
690.254404 -130.348587
690.254413 -130.669250
690.254423 -131.117096
690.254433 -131.709229
690.254442 -132.475388
690.254452 -133.451721
690.254462 -134.672379
690.254471 -136.140182
690.254481 -137.841415
690.254490 -139.687393
690.254500 -141.415375
690.254510 -142.590378
690.254519 -142.583893
690.254529 -141.953064
690.254538 -141.259018
690.254548 -140.570877
690.254558 -139.869919
690.254567 -139.101547
690.254577 -138.211411
690.254587 -137.181122
690.254596 -136.048645
690.254606 -134.891891
690.254615 -133.794968
690.254625 -132.823212
690.254635 -132.016205
690.254644 -131.391190
690.254654 -130.948730
690.254663 -130.677094
690.254673 -130.555191
690.254683 -130.540970
690.254692 -130.554657
690.254702 -130.641174
690.254712 -130.771194
690.254721 -130.911072
690.254731 -131.025131
690.254740 -131.054901
690.254750 -130.919098
690.254760 -130.652252
690.254769 -130.238449
690.254779 -129.676926
690.254788 -128.989090
690.254798 -128.218231
690.254808 -127.419762
690.254817 -126.649178
690.254827 -125.953255
690.254837 -125.366638
690.254846 -124.912239
690.254856 -124.603088
690.254865 -124.444695
690.254875 -124.413177
690.254885 -124.436775
690.254894 -124.574593
690.254904 -124.849731
690.254913 -125.251328
690.254923 -125.766495
690.254933 -126.380951
690.254942 -127.079544
690.254952 -127.846924
690.254962 -128.668167
690.254971 -129.530167
690.254981 -130.423950
690.254990 -131.348633
690.255000 -132.315887
690.255010 -133.355606
690.255019 -134.518738
690.255029 -135.881958
690.255038 -137.553253
690.255048 -139.684464
690.255058 -142.431992
690.255067 -145.921890
690.255077 -147.042419
690.255087 -143.987183
690.255096 -141.627487
690.255106 -139.956299
690.255115 -138.844940
690.255125 -138.144409
690.255135 -137.746979
690.255144 -137.555634
690.255154 -137.447189
690.255163 -137.311127
690.255173 -136.949646
690.255183 -136.272018
690.255192 -135.305420
690.255202 -134.182144
690.255212 -133.050858
690.255221 -132.018372
690.255231 -131.144043
690.255240 -130.452576
690.255250 -129.948013
690.255260 -129.621460
690.255269 -129.439682
690.255279 -129.394989
690.255288 -129.396362
690.255298 -129.465393
690.255308 -129.617569
690.255317 -129.824417
690.255327 -130.061554
690.255337 -130.310669
690.255346 -130.561356
690.255356 -130.810287
690.255365 -131.061218
690.255375 -131.323853
690.255385 -131.615768
690.255394 -131.962128
690.255404 -132.396179
690.255413 -132.955032
690.255423 -133.656311
690.255433 -134.506104
690.255442 -135.473022
690.255452 -136.394669
690.255462 -136.853638
690.255471 -136.141266
690.255481 -135.167618
690.255490 -134.247162
690.255500 -133.542099
690.255510 -133.111160
690.255519 -132.964554
690.255529 -132.966476
690.255538 -133.099960
690.255548 -133.490128
690.255558 -134.101852
690.255567 -134.876312
690.255577 -135.716522
690.255587 -136.479202
690.255596 -136.998474
690.255606 -136.945633
690.255615 -136.460785
690.255625 -135.818542
690.255635 -135.110443
690.255644 -134.405197
690.255654 -133.768463
690.255663 -133.242096
690.255673 -132.862976
690.255683 -132.663727
690.255692 -132.639786
690.255702 -132.676666
690.255712 -132.935730
690.255721 -133.483093
690.255731 -134.378357
690.255740 -135.713837
690.255750 -137.646164
690.255760 -140.457214
690.255769 -144.553925
690.255779 -144.706985
690.255788 -140.646133
690.255798 -137.891296
690.255808 -136.044281
690.255817 -134.830521
690.255827 -134.102676
690.255837 -133.782455
690.255846 -133.751114
690.255856 -133.830566
690.255865 -134.232315
690.255875 -134.990540
690.255885 -136.124374
690.255894 -137.661636
690.255904 -139.623306
690.255913 -141.947968
690.255923 -144.252655
690.255933 -145.171295
690.255942 -143.994171
690.255952 -142.779724
690.255962 -141.652634
690.255971 -140.631577
690.255981 -139.647812
690.255990 -138.684937
690.256000 -137.772430
690.256010 -136.957458
690.256019 -136.275742
690.256029 -135.741592
690.256038 -135.342606
690.256048 -135.037704
690.256058 -134.753632
690.256067 -134.389633
690.256077 -133.844147
690.256087 -133.060150
690.256096 -132.058563
690.256106 -130.921661
690.256115 -129.747559
690.256125 -128.616165
690.256135 -127.580338
690.256144 -126.670441
690.256154 -125.902023
690.256163 -125.281418
690.256173 -124.809868
690.256183 -124.484985
690.256192 -124.302338
690.256202 -124.251038
690.256212 -124.255196
690.256221 -124.334892
690.256231 -124.529144
690.256240 -124.821960
690.256250 -125.191772
690.256260 -125.610924
690.256269 -126.045769
690.256279 -126.461014
690.256288 -126.827003
690.256298 -127.130608
690.256308 -127.381607
690.256317 -127.613518
690.256327 -127.875603
690.256337 -128.224350
690.256346 -128.716660
690.256356 -129.408188
690.256365 -130.339447
690.256375 -131.527313
690.256385 -132.947144
690.256394 -134.319763
690.256404 -134.069427
690.256413 -132.314987
690.256423 -130.451202
690.256433 -128.833145
690.256442 -127.538971
690.256452 -126.563362
690.256462 -125.884636
690.256471 -125.483292
690.256481 -125.345436
690.256490 -125.345261
690.256500 -125.464104
690.256510 -125.836807
690.256519 -126.461563
690.256529 -127.346855
690.256538 -128.497345
690.256548 -129.907425
690.256558 -131.533218
690.256567 -133.229370
690.256577 -134.650497
690.256587 -135.034439
690.256596 -134.167892
690.256606 -133.116425
690.256615 -132.071091
690.256625 -131.106537
690.256635 -130.257614
690.256644 -129.531204
690.256654 -128.937836
690.256663 -128.491455
690.256673 -128.206818
690.256683 -128.097351
690.256692 -128.089996
690.256702 -128.174515
690.256712 -128.445892
690.256721 -128.912979
690.256731 -129.563110
690.256740 -130.350632
690.256750 -131.161438
690.256760 -131.774704
690.256769 -131.425095
690.256779 -130.479095
690.256788 -129.352005
690.256798 -128.254852
690.256808 -127.292877
690.256817 -126.505318
690.256827 -125.899071
690.256837 -125.466614
690.256846 -125.192909
690.256856 -125.054634
690.256865 -125.021194
690.256875 -125.025055
690.256885 -125.084099
690.256894 -125.202538
690.256904 -125.353172
690.256913 -125.514656
690.256923 -125.676376
690.256933 -125.841026
690.256942 -126.025253
690.256952 -126.256577
690.256962 -126.570328
690.256971 -127.006493
690.256981 -127.608513
690.256990 -128.423599
690.257000 -129.504852
690.257010 -130.913269
690.257019 -132.717697
690.257029 -134.971237
690.257038 -137.577484
690.257048 -139.807236
690.257058 -138.918320
690.257067 -137.481033
690.257077 -136.441360
690.257087 -135.843628
690.257096 -135.614685
690.257106 -135.595261
690.257115 -135.660980
690.257125 -135.880753
690.257135 -136.161682
690.257144 -136.398361
690.257154 -136.398178
690.257163 -136.086380
690.257173 -135.582901
690.257183 -134.929398
690.257192 -134.183777
690.257202 -133.412415
690.257212 -132.683426
690.257221 -132.058273
690.257231 -131.588333
690.257240 -131.314575
690.257250 -131.245407
690.257260 -131.270752
690.257269 -131.487488
690.257279 -131.995789
690.257288 -132.833252
690.257298 -134.047745
690.257308 -135.656387
690.257317 -137.638412
690.257327 -139.595230
690.257337 -138.561172
690.257346 -136.138733
690.257356 -133.888733
690.257365 -132.005203
690.257375 -130.458786
690.257385 -129.222977
690.257394 -128.255997
690.257404 -127.528481
690.257413 -127.019264
690.257423 -126.712723
690.257433 -126.596100
690.257442 -126.594269
690.257452 -126.659286
690.257462 -126.892487
690.257471 -127.286659
690.257481 -127.831322
690.257490 -128.512268
690.257500 -129.306198
690.257510 -130.173721
690.257519 -131.047638
690.257529 -131.826065
690.257538 -132.381622
690.257548 -132.477249
690.257558 -132.057373
690.257567 -131.458832
690.257577 -130.782440
690.257587 -130.097290
690.257596 -129.441650
690.257606 -128.839996
690.257615 -128.321289
690.257625 -127.903336
690.257635 -127.604561
690.257644 -127.444099
690.257654 -127.416313
690.257663 -127.441055
690.257673 -127.611557
690.257683 -127.964661
690.257692 -128.493851
690.257702 -129.160828
690.257712 -129.869202
690.257721 -130.445221
690.257731 -130.469818
690.257740 -129.914917
690.257750 -129.225861
690.257760 -128.581772
690.257769 -128.084885
690.257779 -127.773758
690.257788 -127.655998
690.257798 -127.654007
690.257808 -127.749657
690.257817 -128.053040
690.257827 -128.570145
690.257837 -129.318192
690.257846 -130.336487
690.257856 -131.703461
690.257865 -133.571182
690.257875 -136.262268
690.257885 -140.614517
690.257894 -146.856064
690.257904 -138.922821
690.257913 -134.713791
690.257923 -131.940552
690.257933 -129.935013
690.257942 -128.425674
690.257952 -127.275002
690.257962 -126.402290
690.257971 -125.755241
690.257981 -125.296402
690.257990 -124.996971
690.258000 -124.832771
690.258010 -124.782524
690.258019 -124.782562
690.258029 -124.825432
690.258038 -124.940697
690.258048 -125.114723
690.258058 -125.331612
690.258067 -125.577408
690.258077 -125.840782
690.258087 -126.112923
690.258096 -126.388145
690.258106 -126.663872
690.258115 -126.940987
690.258125 -127.224144
690.258135 -127.520195
690.258144 -127.839790
690.258154 -128.202316
690.258163 -128.624542
690.258173 -129.117142
690.258183 -129.669907
690.258192 -130.226700
690.258202 -130.651489
690.258212 -130.289597
690.258221 -129.356628
690.258231 -128.150879
690.258240 -126.903458
690.258250 -125.762482
690.258260 -124.800400
690.258269 -124.047234
690.258279 -123.513275
690.258288 -123.201927
690.258298 -123.107567
690.258308 -123.115906
690.258317 -123.261208
690.258327 -123.648758
690.258337 -124.298645
690.258346 -125.243454
690.258356 -126.534149
690.258365 -128.244293
690.258375 -130.455704
690.258385 -133.098511
690.258394 -134.462189
690.258404 -131.981766
690.258413 -129.604324
690.258423 -127.722633
690.258433 -126.284492
690.258442 -125.199081
690.258452 -124.395645
690.258462 -123.823586
690.258471 -123.447342
690.258481 -123.242043
690.258490 -123.183327
690.258500 -123.191055
690.258510 -123.284142
690.258519 -123.516197
690.258529 -123.886467
690.258538 -124.397942
690.258548 -125.055908
690.258558 -125.867386
690.258567 -126.839233
690.258577 -127.977028
690.258587 -129.281067
690.258596 -130.741013
690.258606 -132.322128
690.258615 -133.939362
690.258625 -135.417053
690.258635 -136.480591
690.258644 -136.644638
690.258654 -136.015060
690.258663 -135.270630
690.258673 -134.584595
690.258683 -134.045456
690.258692 -133.696030
690.258702 -133.560318
690.258712 -133.559235
690.258721 -133.658585
690.258731 -134.014664
690.258740 -134.652954
690.258750 -135.621017
690.258760 -136.959366
690.258769 -138.580551
690.258779 -139.247696
690.258788 -136.895126
690.258798 -134.227112
690.258808 -131.892883
690.258817 -129.982101
690.258827 -128.458115
690.258837 -127.272873
690.258846 -126.386871
690.258856 -125.768707
690.258865 -125.393250
690.258875 -125.238052
690.258885 -125.223785
690.258894 -125.282021
690.258904 -125.502815
690.258913 -125.877640
690.258923 -126.383942
690.258933 -127.002396
690.258942 -127.719917
690.258952 -128.532242
690.258962 -129.441040
690.258971 -130.423721
690.258981 -131.467529
690.258990 -132.518082
690.259000 -133.460876
690.259010 -134.161331
690.259019 -134.556747
690.259029 -134.711975
690.259038 -134.818130
690.259048 -134.994049
690.259058 -135.333069
690.259067 -135.844986
690.259077 -136.471008
690.259087 -137.087952
690.259096 -137.537506
690.259106 -137.482239
690.259115 -136.915741
690.259125 -136.030304
690.259135 -134.921463
690.259144 -133.687653
690.259154 -132.440430
690.259163 -131.276535
690.259173 -130.263229
690.259183 -129.439011
690.259192 -128.821884
690.259202 -128.417252
690.259212 -128.223373
690.259221 -128.199677
690.259231 -128.234879
690.259240 -128.443756
690.259250 -128.839676
690.259260 -129.409103
690.259269 -130.129654
690.259279 -130.972702
690.259288 -131.903900
690.259298 -132.870712
690.259308 -133.809189
690.259317 -134.650375
690.259327 -135.324234
690.259337 -135.766602
690.259346 -135.897766
690.259356 -135.622498
690.259365 -135.216400
690.259375 -134.788330
690.259385 -134.445419
690.259394 -134.278610
690.259404 -134.267059
690.259413 -134.363586
690.259423 -134.768997
690.259433 -135.573929
690.259442 -136.893036
690.259452 -138.932343
690.259462 -142.134537
690.259471 -147.740585
690.259481 -146.490463
690.259490 -141.165939
690.259500 -137.807297
690.259510 -135.377121
690.259519 -133.444809
690.259529 -131.817154
690.259538 -130.402618
690.259548 -129.162094
690.259558 -128.082596
690.259567 -127.163040
690.259577 -126.405739
690.259587 -125.813271
690.259596 -125.386749
690.259606 -125.126213
690.259615 -125.030640
690.259625 -125.024986
690.259635 -125.098923
690.259644 -125.329414
690.259654 -125.721786
690.259663 -126.277290
690.259673 -126.999245
690.259683 -127.891357
690.259692 -128.935135
690.259702 -130.085159
690.259712 -131.221725
690.259721 -132.041885
690.259731 -131.362244
690.259740 -130.074280
690.259750 -128.684967
690.259760 -127.429810
690.259769 -126.401031
690.259779 -125.617996
690.259788 -125.092957
690.259798 -124.827026
690.259808 -124.788696
690.259817 -124.817986
690.259827 -125.067032
690.259837 -125.579048
690.259846 -126.364838
690.259856 -127.441658
690.259865 -128.835892
690.259875 -130.585419
690.259885 -132.744034
690.259894 -135.379303
690.259904 -138.533386
690.259913 -141.967606
690.259923 -144.222046
690.259933 -142.915192
690.259942 -141.716171
690.259952 -140.727264
690.259962 -139.765869
690.259971 -138.690292
690.259981 -137.453156
690.259990 -136.138885
690.260000 -134.877838
690.260010 -133.780807
690.260019 -132.921280
690.260029 -132.339783
690.260038 -132.088745
690.260048 -132.078323
690.260058 -132.212799
690.260067 -132.775345
690.260077 -133.883499
690.260087 -135.740616
690.260096 -138.792664
690.260106 -144.246445
690.260115 -142.373123
690.260125 -137.467239
690.260135 -134.542374
690.260144 -132.657776
690.260154 -131.445068
690.260163 -130.727249
690.260173 -130.406311
690.260183 -130.372971
690.260192 -130.422394
690.260202 -130.735138
690.260212 -131.311050
690.260221 -132.123062
690.260231 -133.145020
690.260240 -134.337982
690.260250 -135.638901
690.260260 -136.942795
690.260269 -138.085220
690.260279 -138.862640
690.260288 -138.882523
690.260298 -138.282867
690.260308 -137.499741
690.260317 -136.656967
690.260327 -135.824310
690.260337 -135.032516
690.260346 -134.290848
690.260356 -133.595810
690.260365 -132.938766
690.260375 -132.309494
690.260385 -131.700790
690.260394 -131.112518
690.260404 -130.550522
690.260413 -130.026825
690.260423 -129.558105
690.260433 -129.163376
690.260442 -128.862045
690.260452 -128.671738
690.260462 -128.606934
690.260471 -128.602020
690.260481 -128.677689
690.260490 -128.886780
690.260500 -129.229034
690.260510 -129.687851
690.260519 -130.233902
690.260529 -130.826279
690.260538 -131.420746
690.260548 -131.986389
690.260558 -132.524551
690.260567 -133.078217
690.260577 -133.727036
690.260587 -134.576614
690.260596 -135.758728
690.260606 -137.458328
690.260615 -140.008209
690.260625 -144.238205
690.260635 -151.669418
690.260644 -143.061584
690.260654 -138.757553
690.260663 -135.945541
690.260673 -133.900330
690.260683 -132.332352
690.260692 -131.098114
690.260702 -130.117218
690.260712 -129.340912
690.260721 -128.737625
690.260731 -128.284653
690.260740 -127.963020
690.260750 -127.754478
690.260760 -127.634254
690.260769 -127.578102
690.260779 -127.563011
690.260788 -127.559570
690.260798 -127.565742
690.260808 -127.559998
690.260817 -127.520805
690.260827 -127.463242
690.260837 -127.407608
690.260846 -127.374794
690.260856 -127.367615
690.260865 -127.399399
690.260875 -127.492180
690.260885 -127.670258
690.260894 -127.937332
690.260904 -128.282196
690.260913 -128.672211
690.260923 -129.046432
690.260933 -129.317123
690.260942 -129.228653
690.260952 -128.852493
690.260962 -128.357864
690.260971 -127.851913
690.260981 -127.420052
690.260990 -127.116035
690.261000 -126.966034
690.261010 -126.938248
690.261019 -126.975319
690.261029 -127.132141
690.261038 -127.409264
690.261048 -127.764206
690.261058 -128.139664
690.261067 -128.468124
690.261077 -128.683273
690.261087 -128.616577
690.261096 -128.343262
690.261106 -127.967430
690.261115 -127.550140
690.261125 -127.151016
690.261135 -126.821129
690.261144 -126.601181
690.261154 -126.521957
690.261163 -126.521973
690.261173 -126.606255
690.261183 -126.868561
690.261192 -127.317253
690.261202 -127.952713
690.261212 -128.765488
690.261221 -129.731583
690.261231 -130.807266
690.261240 -131.923035
690.261250 -132.982849
690.261260 -133.866074
690.261269 -134.400085
690.261279 -133.938080
690.261288 -132.899796
690.261298 -131.523422
690.261308 -130.025330
690.261317 -128.565216
690.261327 -127.232788
690.261337 -126.069382
690.261346 -125.084808
690.261356 -124.286545
690.261365 -123.671837
690.261375 -123.235199
690.261385 -122.971237
690.261394 -122.875473
690.261404 -122.874939
690.261413 -122.944183
690.261423 -123.172668
690.261433 -123.550781
690.261442 -124.075394
690.261452 -124.733727
690.261462 -125.504379
690.261471 -126.352348
690.261481 -127.223404
690.261490 -128.041153
690.261500 -128.712875
690.261510 -129.152054
690.261519 -129.196762
690.261529 -128.864853
690.261538 -128.382736
690.261548 -127.810280
690.261558 -127.192062
690.261567 -126.559303
690.261577 -125.935715
690.261587 -125.340958
690.261596 -124.793480
690.261606 -124.310783
690.261615 -123.909508
690.261625 -123.604691
690.261635 -123.409622
690.261644 -123.335403
690.261654 -123.328094
690.261663 -123.391426
690.261673 -123.584801
690.261683 -123.921532
690.261692 -124.406921
690.261702 -125.046494
690.261712 -125.847481
690.261721 -126.821526
690.261731 -127.988281
690.261740 -129.382904
690.261750 -131.067490
690.261760 -133.155136
690.261769 -135.864853
690.261779 -139.683670
690.261788 -146.007965
690.261798 -144.441559
690.261808 -139.801193
690.261817 -137.108719
690.261827 -135.385086
690.261837 -134.254364
690.261846 -133.528610
690.261856 -133.092682
690.261865 -132.865097
690.261875 -132.782074
690.261885 -132.766434
690.261894 -132.792831
690.261904 -132.855667
690.261913 -132.935532
690.261923 -132.999496
690.261933 -132.917648
690.261942 -132.731216
690.261952 -132.441467
690.261962 -132.070938
690.261971 -131.659897
690.261981 -131.252655
690.261990 -130.880814
690.262000 -130.564362
690.262010 -130.321701
690.262019 -130.151825
690.262029 -130.048065
690.262038 -130.004868
690.262048 -129.995514
690.262058 -130.023163
690.262067 -130.114456
690.262077 -130.298782
690.262087 -130.593521
690.262096 -130.983093
690.262106 -131.448380
690.262115 -131.860870
690.262125 -131.537491
690.262135 -130.523788
690.262144 -129.181870
690.262154 -127.794167
690.262163 -126.534325
690.262173 -125.478645
690.262183 -124.651222
690.262192 -124.052834
690.262202 -123.675285
690.262212 -123.501183
690.262221 -123.486305
690.262231 -123.525040
690.262240 -123.733658
690.262250 -124.113472
690.262260 -124.650780
690.262269 -125.331322
690.262279 -126.139786
690.262288 -127.046509
690.262298 -128.032532
690.262308 -129.060104
690.262317 -130.066956
690.262327 -130.959686
690.262337 -131.623062
690.262346 -131.957581
690.262356 -131.737106
690.262365 -131.360596
690.262375 -130.945435
690.262385 -130.550308
690.262394 -130.202545
690.262404 -129.911713
690.262413 -129.683670
690.262423 -129.528793
690.262433 -129.452408
690.262442 -129.435699
690.262452 -129.523239
690.262462 -129.728470
690.262471 -130.104736
690.262481 -130.650650
690.262490 -131.305664
690.262500 -131.890427
690.262510 -131.582947
690.262519 -130.461685
690.262529 -129.055878
690.262538 -127.660927
690.262548 -126.423347
690.262558 -125.392487
690.262567 -124.573334
690.262577 -123.954185
690.262587 -123.517403
690.262596 -123.243996
690.262606 -123.114403
690.262615 -123.095360
690.262625 -123.109177
690.262635 -123.208023
690.262644 -123.385002
690.262654 -123.620430
690.262663 -123.892250
690.262673 -124.176704
690.262683 -124.452049
690.262692 -124.701363
690.262702 -124.916283
690.262712 -125.099472
690.262721 -125.266579
690.262731 -125.444557
690.262740 -125.670227
690.262750 -125.987328
690.262760 -126.445961
690.262769 -127.103508
690.262779 -128.030502
690.262788 -129.321625
690.262798 -131.122772
690.262808 -133.694794
690.262817 -137.603912
690.262827 -144.232300
690.262837 -139.431915
690.262846 -135.691925
690.262856 -133.535721
690.262865 -132.307816
690.262875 -131.737045
690.262885 -131.649109
690.262894 -131.697159
690.262904 -132.128052
690.262913 -133.005981
690.262923 -134.329819
690.262933 -136.107605
690.262942 -138.320190
690.262952 -140.790359
690.262962 -142.832352
690.262971 -142.227570
690.262981 -140.686951
690.262990 -139.223099
690.263000 -137.957169
