234.865000 -118.671608
234.865192 -120.231407
234.865385 -122.151825
234.865577 -125.181595
234.865769 -124.187927
234.865962 -125.418877
234.866154 -130.448853
234.866346 -129.424011
234.866538 -126.941765
234.866731 -126.378120
234.866923 -127.960442
234.867115 -129.184891
234.867308 -126.702698
234.867500 -120.673485
234.867692 -118.041656
234.867885 -118.278046
234.868077 -121.145721
234.868269 -122.135330
234.868462 -123.129112
234.868654 -123.177361
234.868846 -124.850967
234.869038 -124.969353
234.869231 -127.088181
234.869423 -121.623901
234.869615 -119.343178
234.869808 -119.704994
234.870000 -124.298294
234.870192 -124.006844
234.870385 -123.781097
234.870577 -121.883415
234.870769 -121.765877
234.870962 -124.451492
234.871154 -134.467072
234.871346 -138.754501
234.871538 -125.538132
234.871731 -122.038361
234.871923 -122.347275
234.872115 -132.126923
234.872308 -124.440155
234.872500 -123.136101
234.872692 -123.575211
234.872885 -127.865105
234.873077 -123.714279
234.873269 -123.615746
234.873462 -126.949020
234.873654 -130.984436
234.873846 -124.582214
234.874038 -121.930138
234.874231 -121.931419
234.874423 -124.059486
234.874615 -124.426048
234.874808 -122.165550
234.875000 -122.163826
234.875192 -126.800941
234.875385 -124.815926
234.875577 -125.959496
234.875769 -124.244881
234.875962 -123.448746
234.876154 -123.458992
234.876346 -121.970955
234.876538 -119.089020
234.876731 -119.814209
234.876923 -125.503235
234.877115 -124.893829
234.877308 -124.069244
234.877500 -120.789948
234.877692 -118.853577
234.877885 -118.749809
234.878077 -119.258339
234.878269 -122.171600
234.878462 -121.640160
234.878654 -122.280502
234.878846 -127.668068
234.879038 -129.148880
234.879231 -127.945389
234.879423 -126.859093
234.879615 -122.194893
234.879808 -121.937691
234.880000 -123.035042
234.880192 -120.401886
234.880385 -117.456795
234.880577 -116.740746
234.880769 -115.638527
234.880962 -115.628922
234.881154 -118.137428
234.881346 -123.965332
234.881538 -121.192413
234.881731 -121.164970
234.881923 -120.912437
234.882115 -119.527199
234.882308 -119.963463
234.882500 -123.116714
234.882692 -129.220627
234.882885 -130.005234
234.883077 -137.238846
234.883269 -123.747688
234.883462 -119.240700
234.883654 -119.077965
234.883846 -119.888138
234.884038 -122.523109
234.884231 -122.857803
234.884423 -122.410591
234.884615 -122.769386
234.884808 -123.436348
234.885000 -125.842926
234.885192 -123.348381
234.885385 -123.154709
234.885577 -126.141502
234.885769 -128.455215
234.885962 -126.337990
234.886154 -127.749298
234.886346 -124.966072
234.886538 -120.418968
234.886731 -120.416168
234.886923 -123.102936
234.887115 -122.327560
234.887308 -122.894539
234.887500 -125.232552
234.887692 -125.433464
234.887885 -125.872833
234.888077 -129.018539
234.888269 -128.944885
234.888462 -120.889030
234.888654 -120.264000
234.888846 -122.338898
234.889038 -120.721542
234.889231 -120.780579
234.889423 -124.538406
234.889615 -122.594307
234.889808 -119.969551
234.890000 -120.286430
234.890192 -126.086502
234.890385 -120.845474
234.890577 -120.921532
234.890769 -122.259071
234.890962 -120.273155
234.891154 -118.299828
234.891346 -117.730629
234.891538 -117.467155
234.891731 -118.733360
234.891923 -125.169441
234.892115 -129.318985
234.892308 -129.652313
234.892500 -129.248520
234.892692 -124.553391
234.892885 -124.499092
234.893077 -125.297447
234.893269 -128.523743
234.893462 -125.626488
234.893654 -125.817032
234.893846 -123.891785
234.894038 -121.295273
234.894231 -120.896431
234.894423 -121.048401
234.894615 -122.738869
234.894808 -125.803680
234.895000 -125.419441
234.895192 -123.698814
234.895385 -123.705276
234.895577 -123.847206
234.895769 -123.847725
234.895962 -123.370773
234.896154 -123.368713
234.896346 -125.362167
234.896538 -121.787064
234.896731 -120.486015
234.896923 -119.193520
234.897115 -119.240349
234.897308 -125.189980
234.897500 -125.212357
234.897692 -125.112572
234.897885 -124.213753
234.898077 -119.828880
234.898269 -118.873680
234.898462 -119.047882
234.898654 -122.018684
234.898846 -117.479637
234.899038 -116.456093
234.899231 -117.050705
234.899423 -124.668175
234.899615 -123.356239
234.899808 -119.958534
234.900000 -119.053864
234.900192 -119.366402
234.900385 -123.318436
234.900577 -122.568542
234.900769 -122.533203
234.900962 -123.501869
234.901154 -124.883720
234.901346 -123.305923
234.901538 -123.567398
234.901731 -122.039032
234.901923 -122.385063
234.902115 -121.507622
234.902308 -121.214912
234.902500 -121.245110
234.902692 -124.100929
234.902885 -125.133217
234.903077 -122.858315
234.903269 -120.543678
234.903462 -120.373268
234.903654 -121.351334
234.903846 -125.415451
234.904038 -130.250641
234.904231 -124.941528
234.904423 -124.855980
234.904615 -125.637451
234.904808 -127.698830
234.905000 -133.212509
234.905192 -143.202103
234.905385 -132.386581
234.905577 -126.106682
234.905769 -125.091064
234.905962 -125.567398
234.906154 -133.478607
234.906346 -129.305359
234.906538 -126.529190
234.906731 -124.520012
234.906923 -124.387650
234.907115 -126.358070
234.907308 -119.609871
234.907500 -117.901901
234.907692 -118.287926
234.907885 -124.848473
234.908077 -131.053925
234.908269 -124.447250
234.908462 -123.719185
234.908654 -125.277489
234.908846 -119.250114
234.909038 -118.821274
234.909231 -120.981750
234.909423 -120.519218
234.909615 -119.596062
234.909808 -120.440704
234.910000 -129.022491
234.910192 -145.539780
234.910385 -133.959595
234.910577 -123.629517
234.910769 -122.991440
234.910962 -125.189575
234.911154 -124.877892
234.911346 -121.574493
234.911538 -121.385811
234.911731 -123.145943
234.911923 -123.285263
234.912115 -119.859039
234.912308 -119.872757
234.912500 -124.256950
234.912692 -124.765762
234.912885 -127.467033
234.913077 -128.838928
234.913269 -124.494698
234.913462 -120.876373
234.913654 -120.644066
234.913846 -121.733177
234.914038 -126.454903
234.914231 -123.007835
234.914423 -121.317719
234.914615 -121.638680
234.914808 -125.568008
234.915000 -124.515327
234.915192 -122.504532
234.915385 -124.953491
234.915577 -124.293098
234.915769 -125.141953
234.915962 -128.003784
234.916154 -131.167877
234.916346 -130.754364
234.916538 -130.759689
234.916731 -127.403709
234.916923 -122.798599
234.917115 -122.738617
234.917308 -123.187645
234.917500 -118.553566
234.917692 -115.723312
234.917885 -115.474640
234.918077 -116.524017
234.918269 -125.119591
234.918462 -140.910812
234.918654 -127.562004
234.918846 -123.189415
234.919038 -123.791618
234.919231 -123.492996
234.919423 -123.285042
234.919615 -123.849525
234.919808 -127.324310
234.920000 -124.412155
234.920192 -124.376839
234.920385 -123.108055
234.920577 -122.719215
234.920769 -125.094810
234.920962 -135.148178
234.921154 -129.187637
234.921346 -121.905190
234.921538 -120.378761
234.921731 -120.991417
234.921923 -120.295662
234.922115 -119.401619
234.922308 -120.420029
234.922500 -128.012329
234.922692 -125.811600
234.922885 -126.111435
234.923077 -125.052078
234.923269 -123.034531
234.923462 -122.987000
234.923654 -123.434547
234.923846 -126.917114
234.924038 -122.368958
234.924231 -122.186760
234.924423 -123.168831
234.924615 -125.999863
234.924808 -128.427216
234.925000 -125.530380
234.925192 -121.658539
234.925385 -121.986160
234.925577 -121.214256
234.925769 -120.859299
234.925962 -122.008446
234.926154 -124.991417
234.926346 -127.636169
234.926538 -129.997391
234.926731 -131.065399
234.926923 -127.791962
234.927115 -127.771721
234.927308 -120.701202
234.927500 -120.567413
234.927692 -125.551285
234.927885 -123.782181
234.928077 -123.633324
234.928269 -123.716888
234.928462 -128.803085
234.928654 -125.711433
234.928846 -119.625153
234.929038 -118.951149
234.929231 -120.649017
234.929423 -123.078178
234.929615 -120.068810
234.929808 -119.498978
234.930000 -119.628487
234.930192 -120.104416
234.930385 -118.546631
234.930577 -118.933891
234.930769 -119.397652
234.930962 -117.769211
234.931154 -118.267075
234.931346 -123.042496
234.931538 -124.890388
234.931731 -123.809708
234.931923 -118.227325
234.932115 -115.868301
234.932308 -115.883858
234.932500 -116.815033
234.932692 -119.923538
234.932885 -122.288521
234.933077 -123.938705
234.933269 -128.384827
234.933462 -124.091507
234.933654 -123.727005
234.933846 -124.325111
234.934038 -123.894348
234.934231 -126.788780
234.934423 -126.456421
234.934615 -125.496559
234.934808 -125.052086
234.935000 -128.188950
234.935192 -137.018723
234.935385 -130.543091
234.935577 -126.584831
234.935769 -126.752655
234.935962 -131.952057
234.936154 -132.083054
234.936346 -133.915802
234.936538 -134.291321
234.936731 -133.513931
234.936923 -127.388573
234.937115 -122.569771
234.937308 -122.213997
234.937500 -120.598900
234.937692 -117.951843
234.937885 -118.029999
234.938077 -119.436745
234.938269 -120.715675
234.938462 -120.724251
234.938654 -128.188110
234.938846 -128.103973
234.939038 -125.846054
234.939231 -121.745262
234.939423 -117.336769
234.939615 -115.705208
234.939808 -115.703590
234.940000 -116.873909
234.940192 -120.954803
234.940385 -118.907600
234.940577 -118.723724
234.940769 -122.398102
234.940962 -120.584564
234.941154 -120.764854
234.941346 -121.391762
234.941538 -120.221161
234.941731 -118.493912
234.941923 -117.852646
234.942115 -117.854424
234.942308 -121.494415
234.942500 -121.684685
234.942692 -121.869995
234.942885 -122.170273
234.943077 -122.202164
234.943269 -122.724442
234.943462 -122.336273
234.943654 -123.784470
234.943846 -127.667076
234.944038 -118.063431
234.944231 -116.991417
234.944423 -118.036407
234.944615 -123.280785
234.944808 -122.435608
234.945000 -123.061279
234.945192 -128.109451
234.945385 -122.516861
234.945577 -121.545700
234.945769 -121.999741
234.945962 -123.569229
234.946154 -123.146614
234.946346 -126.174522
234.946538 -124.108391
234.946731 -122.201569
234.946923 -122.674103
234.947115 -121.351730
234.947308 -120.933197
234.947500 -120.979706
234.947692 -123.229309
234.947885 -119.299042
234.948077 -119.299316
234.948269 -126.838371
234.948462 -121.234795
234.948654 -117.537872
234.948846 -117.472214
234.949038 -117.211456
234.949231 -114.835793
234.949423 -114.846115
234.949615 -116.390007
234.949808 -123.023529
234.950000 -122.479164
234.950192 -120.577309
234.950385 -119.679329
234.950577 -119.721733
234.950769 -121.275459
234.950962 -122.866768
234.951154 -119.051170
234.951346 -119.176804
234.951538 -123.594643
234.951731 -121.193275
234.951923 -122.472343
234.952115 -126.867157
234.952308 -126.672577
234.952500 -128.981857
234.952692 -127.654266
234.952885 -127.037079
234.953077 -124.164444
234.953269 -122.067131
234.953462 -121.425919
234.953654 -121.006752
234.953846 -123.207664
234.954038 -120.204666
234.954231 -120.141502
234.954423 -120.463699
234.954615 -120.405113
234.954808 -122.186989
234.955000 -122.109177
234.955192 -119.316063
234.955385 -117.367508
234.955577 -116.615990
234.955769 -116.747002
234.955962 -120.628197
234.956154 -128.974533
234.956346 -131.424149
234.956538 -124.972061
234.956731 -124.350853
234.956923 -125.797264
234.957115 -123.591652
234.957308 -124.060066
234.957500 -119.605675
234.957692 -118.832130
234.957885 -120.623611
234.958077 -125.935989
234.958269 -126.011543
234.958462 -124.031387
234.958654 -120.014618
234.958846 -119.617844
234.959038 -120.221893
234.959231 -125.357719
234.959423 -122.030327
234.959615 -120.924187
234.959808 -119.393242
234.960000 -119.620781
234.960192 -120.994202
234.960385 -118.126892
234.960577 -118.068947
234.960769 -120.823112
234.960962 -126.969116
234.961154 -122.331924
234.961346 -119.433800
234.961538 -119.438126
234.961731 -123.392403
234.961923 -134.152267
234.962115 -132.581863
234.962308 -129.163437
234.962500 -118.771034
234.962692 -116.609398
234.962885 -116.555573
234.963077 -117.361359
234.963269 -123.653656
234.963462 -121.353584
234.963654 -121.349060
234.963846 -122.226997
234.964038 -121.817940
234.964231 -121.978615
234.964423 -123.990326
234.964615 -122.964127
234.964808 -122.181114
234.965000 -121.442932
234.965192 -119.059624
234.965385 -119.441513
234.965577 -125.322685
234.965769 -130.063904
234.965962 -130.767319
234.966154 -126.970131
234.966346 -124.429497
234.966538 -121.760468
234.966731 -121.471825
234.966923 -120.552063
234.967115 -117.976631
234.967308 -117.978615
234.967500 -120.728859
234.967692 -129.348770
234.967885 -122.498596
234.968077 -120.296227
234.968269 -120.328270
234.968462 -122.382324
234.968654 -119.746109
234.968846 -114.784912
234.969038 -114.538773
234.969231 -116.406349
234.969423 -125.114510
234.969615 -124.994370
234.969808 -126.823029
234.970000 -125.352089
234.970192 -124.112549
234.970385 -122.809479
234.970577 -122.187286
234.970769 -122.204292
234.970962 -128.559723
234.971154 -125.506821
234.971346 -125.620651
234.971538 -124.996613
234.971731 -123.604477
234.971923 -123.628265
234.972115 -120.391800
234.972308 -119.808266
234.972500 -120.763412
234.972692 -128.864929
234.972885 -127.938942
234.973077 -122.961990
234.973269 -120.590019
234.973462 -120.450226
234.973654 -121.352882
234.973846 -126.884132
234.974038 -125.010132
234.974231 -122.877670
234.974423 -124.011772
234.974615 -121.339142
234.974808 -119.048035
234.975000 -119.174141
234.975192 -121.840393
234.975385 -129.912735
234.975577 -127.858688
234.975769 -127.864578
234.975962 -126.110176
234.976154 -125.477402
234.976346 -126.724693
234.976538 -122.957008
234.976731 -122.314827
234.976923 -123.115021
234.977115 -126.383034
234.977308 -126.912727
234.977500 -126.557503
234.977692 -130.108704
234.977885 -127.933792
234.978077 -127.758339
234.978269 -122.241150
234.978462 -120.504097
234.978654 -118.042900
234.978846 -118.102448
234.979038 -119.902603
234.979231 -119.259590
234.979423 -118.012398
234.979615 -118.377380
234.979808 -124.702019
234.980000 -129.206238
234.980192 -124.981262
234.980385 -124.999779
234.980577 -132.563416
234.980769 -133.167999
234.980962 -131.702591
234.981154 -127.635475
234.981346 -126.720642
234.981538 -124.278465
234.981731 -118.477379
234.981923 -118.468040
234.982115 -122.733391
234.982308 -124.929039
234.982500 -122.225067
234.982692 -119.549088
234.982885 -117.987839
234.983077 -118.041840
234.983269 -119.917061
234.983462 -123.216507
234.983654 -123.115906
234.983846 -131.707962
234.984038 -124.440887
234.984231 -118.047569
234.984423 -118.051682
234.984615 -121.587204
234.984808 -125.989632
234.985000 -126.736176
234.985192 -126.579811
234.985385 -129.895264
234.985577 -127.392159
234.985769 -128.080338
234.985962 -132.217361
234.986154 -128.547577
234.986346 -128.594177
234.986538 -132.176346
234.986731 -125.975616
234.986923 -121.256546
234.987115 -118.787178
234.987308 -118.676476
234.987500 -120.430748
234.987692 -121.372391
234.987885 -120.515167
234.988077 -121.339073
234.988269 -126.701569
234.988462 -124.521812
234.988654 -124.351692
234.988846 -126.790405
234.989038 -124.773491
234.989231 -125.543480
234.989423 -128.279648
234.989615 -122.486984
234.989808 -120.046829
234.990000 -120.406776
234.990192 -121.144981
234.990385 -122.179413
234.990577 -129.082565
234.990769 -128.895187
234.990962 -127.171432
234.991154 -127.419151
234.991346 -131.547470
234.991538 -134.150620
234.991731 -134.787888
234.991923 -135.109024
234.992115 -130.844620
234.992308 -126.368004
234.992500 -120.678009
234.992692 -119.311714
234.992885 -119.546684
234.993077 -124.181694
234.993269 -118.614975
234.993462 -118.605560
234.993654 -120.923973
234.993846 -123.045059
234.994038 -125.866402
234.994231 -120.732742
234.994423 -117.972679
234.994615 -118.029381
234.994808 -117.125420
234.995000 -117.004593
234.995192 -117.678177
234.995385 -117.469170
234.995577 -118.225777
234.995769 -118.947472
234.995962 -119.044624
234.996154 -120.790504
234.996346 -122.908730
234.996538 -122.962219
234.996731 -122.394188
234.996923 -118.507217
234.997115 -118.492767
234.997308 -120.779823
234.997500 -127.621574
234.997692 -127.872231
234.997885 -126.146011
234.998077 -126.422890
234.998269 -126.362831
234.998462 -126.417595
234.998654 -128.774979
234.998846 -122.201630
234.999038 -121.608017
234.999231 -122.803955
234.999423 -123.081551
234.999615 -122.993050
234.999808 -125.522621
235.000000 -123.747276
235.000192 -123.756531
235.000385 -127.345642
235.000577 -123.065300
235.000769 -123.062660
235.000962 -120.798294
235.001154 -120.795357
235.001346 -123.773537
235.001538 -118.510010
235.001731 -118.513092
235.001923 -122.903770
235.002115 -118.281464
235.002308 -118.248016
235.002500 -119.707901
235.002692 -126.469643
235.002885 -119.406105
235.003077 -118.704010
235.003269 -117.807617
235.003462 -117.378899
235.003654 -118.984177
235.003846 -129.168274
235.004038 -129.875748
235.004231 -123.191483
235.004423 -122.021667
235.004615 -122.248703
235.004808 -122.675064
235.005000 -124.587326
235.005192 -120.568596
235.005385 -120.572067
235.005577 -122.601624
235.005769 -127.445976
235.005962 -122.351761
235.006154 -121.568153
235.006346 -123.803101
235.006538 -123.862442
235.006731 -123.555077
235.006923 -124.538300
235.007115 -120.605179
235.007308 -120.982323
235.007500 -124.113441
235.007692 -120.436203
235.007885 -117.190582
235.008077 -117.285942
235.008269 -120.862587
235.008462 -126.385803
235.008654 -129.571823
235.008846 -129.652298
235.009038 -126.662338
235.009231 -123.802010
235.009423 -123.051491
235.009615 -124.549812
235.009808 -127.447510
235.010000 -125.459099
235.010192 -123.086456
235.010385 -123.102020
235.010577 -132.284286
235.010769 -138.496109
235.010962 -126.092270
235.011154 -122.610123
235.011346 -123.126793
235.011538 -129.250671
235.011731 -129.732544
235.011923 -122.569992
235.012115 -119.582840
235.012308 -118.012489
235.012500 -117.231934
235.012692 -117.336182
235.012885 -122.423912
235.013077 -130.852646
235.013269 -128.200821
235.013462 -122.766251
235.013654 -122.749680
235.013846 -128.177063
235.014038 -127.391426
235.014231 -129.316040
235.014423 -145.393250
235.014615 -142.042618
235.014808 -125.953430
235.015000 -119.724884
235.015192 -119.719543
235.015385 -118.944847
235.015577 -118.873032
235.015769 -120.418945
235.015962 -120.899063
235.016154 -119.972710
235.016346 -119.972023
235.016538 -123.780663
235.016731 -134.030884
235.016923 -123.530983
235.017115 -123.117798
235.017308 -124.291122
235.017500 -122.424263
235.017692 -122.748032
235.017885 -128.280045
235.018077 -129.855392
235.018269 -123.722771
235.018462 -120.778748
235.018654 -118.562210
235.018846 -118.527054
235.019038 -120.487038
235.019231 -125.735489
235.019423 -122.005714
235.019615 -118.880577
235.019808 -118.917732
235.020000 -121.731071
235.020192 -123.871117
235.020385 -126.850746
235.020577 -125.109077
235.020769 -124.622147
235.020962 -125.322060
235.021154 -121.435905
235.021346 -118.291580
235.021538 -118.379288
235.021731 -121.804245
235.021923 -126.459007
235.022115 -125.308357
235.022308 -125.380974
235.022500 -128.304001
235.022692 -128.593887
235.022885 -127.232948
235.023077 -123.974762
235.023269 -120.453720
235.023462 -120.363380
235.023654 -121.978149
235.023846 -123.004425
235.024038 -123.795006
235.024231 -129.841827
235.024423 -126.874664
235.024615 -123.357063
235.024808 -123.324577
235.025000 -119.231133
235.025192 -118.497581
235.025385 -118.642830
235.025577 -119.829323
235.025769 -125.188698
235.025962 -130.933105
235.026154 -132.472198
235.026346 -132.354889
235.026538 -129.349640
235.026731 -128.974213
235.026923 -129.990524
235.027115 -128.744156
235.027308 -120.244156
235.027500 -119.671097
235.027692 -119.255402
235.027885 -116.233261
235.028077 -116.084984
235.028269 -117.419342
235.028462 -122.312378
235.028654 -125.573761
235.028846 -133.331390
235.029038 -133.498367
235.029231 -128.466797
235.029423 -126.530228
235.029615 -121.043915
235.029808 -120.231827
235.030000 -122.120483
235.030192 -122.440727
235.030385 -122.443726
235.030577 -125.099937
235.030769 -127.578613
235.030962 -127.209206
235.031154 -127.493881
235.031346 -128.833084
235.031538 -124.936241
235.031731 -120.917313
235.031923 -120.717430
235.032115 -122.626144
235.032308 -128.406906
235.032500 -129.928040
235.032692 -125.665741
235.032885 -120.816299
235.033077 -119.564690
235.033269 -118.838364
235.033462 -119.087593
235.033654 -121.243782
235.033846 -127.053322
235.034038 -131.726852
235.034231 -124.734467
235.034423 -124.312401
235.034615 -125.296982
235.034808 -124.148529
235.035000 -125.146683
235.035192 -130.757965
235.035385 -132.426727
235.035577 -130.298996
235.035769 -131.901886
235.035962 -130.668854
235.036154 -121.716362
235.036346 -120.738213
235.036538 -123.533150
235.036731 -122.425819
235.036923 -122.572578
235.037115 -126.246162
235.037308 -122.952934
235.037500 -120.055977
235.037692 -120.152122
235.037885 -124.161690
235.038077 -120.129150
235.038269 -119.510803
235.038462 -121.413635
235.038654 -119.937935
235.038846 -119.269730
235.039038 -119.748108
235.039231 -126.880081
235.039423 -123.061111
235.039615 -122.641418
235.039808 -123.696144
235.040000 -124.155411
235.040192 -123.148331
235.040385 -118.043839
235.040577 -117.766457
235.040769 -118.551765
235.040962 -123.984222
235.041154 -125.584320
235.041346 -122.810593
235.041538 -121.868118
235.041731 -122.209740
235.041923 -118.941811
235.042115 -117.382607
235.042308 -117.768219
235.042500 -122.447571
235.042692 -122.597733
235.042885 -129.135422
235.043077 -121.815811
235.043269 -121.204109
235.043462 -124.177551
235.043654 -122.168045
235.043846 -121.215279
235.044038 -123.326263
235.044231 -130.986649
235.044423 -129.766846
235.044615 -128.548477
235.044808 -127.628326
235.045000 -129.432632
235.045192 -124.616821
235.045385 -124.051605
235.045577 -127.372269
235.045769 -121.204773
235.045962 -119.656143
235.046154 -119.696800
235.046346 -122.787529
235.046538 -120.294998
235.046731 -120.475204
235.046923 -122.458252
235.047115 -129.373398
235.047308 -122.067276
235.047500 -119.524689
235.047692 -117.928360
235.047885 -117.746223
235.048077 -118.707497
235.048269 -123.132568
235.048462 -123.997910
235.048654 -122.247963
235.048846 -121.333534
235.049038 -124.009277
235.049231 -134.647888
235.049423 -126.215263
235.049615 -126.178482
235.049808 -127.117126
235.050000 -123.839714
235.050192 -122.558762
235.050385 -122.368446
235.050577 -122.750206
235.050769 -128.212433
235.050962 -130.770416
235.051154 -124.894936
235.051346 -123.768890
235.051538 -122.333641
235.051731 -122.387268
235.051923 -123.625496
235.052115 -124.088890
235.052308 -124.777969
235.052500 -122.634155
235.052692 -122.457993
235.052885 -123.980240
235.053077 -124.016106
235.053269 -126.178841
235.053462 -125.315239
235.053654 -118.508575
235.053846 -116.417587
235.054038 -116.307564
235.054231 -116.719986
235.054423 -119.011513
235.054615 -124.130699
235.054808 -127.381989
235.055000 -127.522430
235.055192 -128.291977
235.055385 -127.017693
235.055577 -122.436653
235.055769 -122.687057
235.055962 -122.022995
235.056154 -122.156586
235.056346 -127.305290
235.056538 -128.755692
235.056731 -128.622192
235.056923 -126.824326
235.057115 -123.706749
235.057308 -123.719215
235.057500 -128.821533
235.057692 -125.415207
235.057885 -125.502502
235.058077 -126.709030
235.058269 -127.610077
235.058462 -124.416878
235.058654 -124.101059
235.058846 -124.427063
235.059038 -128.133423
235.059231 -125.163956
235.059423 -122.361580
235.059615 -122.421646
235.059808 -124.908012
235.060000 -124.458015
235.060192 -121.654175
235.060385 -121.467705
235.060577 -123.763123
235.060769 -123.994461
235.060962 -120.389107
235.061154 -118.378120
235.061346 -118.206596
235.061538 -120.160103
235.061731 -129.885269
235.061923 -128.493088
235.062115 -128.683380
235.062308 -122.370140
235.062500 -120.600510
235.062692 -120.889481
235.062885 -125.373901
235.063077 -126.657082
235.063269 -120.433975
235.063462 -118.843178
235.063654 -118.880562
235.063846 -119.610641
235.064038 -120.926994
235.064231 -123.540222
235.064423 -121.595055
235.064615 -122.755615
235.064808 -126.003273
235.065000 -128.599747
235.065192 -130.283249
235.065385 -129.591171
235.065577 -131.990158
235.065769 -123.291283
235.065962 -120.135468
235.066154 -119.764061
235.066346 -120.278717
235.066538 -127.248734
235.066731 -127.311821
235.066923 -127.501625
235.067115 -127.327972
235.067308 -123.374153
235.067500 -123.820801
235.067692 -121.274094
235.067885 -121.274429
235.068077 -125.308365
235.068269 -124.258705
235.068462 -124.539886
235.068654 -123.531830
235.068846 -122.509689
235.069038 -125.127678
235.069231 -125.216019
235.069423 -122.596695
235.069615 -120.058846
235.069808 -119.982147
235.070000 -120.899101
235.070192 -125.953888
235.070385 -122.533577
235.070577 -122.345306
235.070769 -123.457817
235.070962 -127.339485
235.071154 -127.183784
235.071346 -126.029663
235.071538 -126.411697
235.071731 -128.193436
235.071923 -127.730827
235.072115 -132.555817
235.072308 -125.788162
235.072500 -124.531250
235.072692 -124.992630
235.072885 -125.903671
235.073077 -121.059944
235.073269 -119.581993
235.073462 -120.573914
235.073654 -121.080025
235.073846 -121.490173
235.074038 -122.313675
235.074231 -121.007874
235.074423 -121.395515
235.074615 -120.322433
235.074808 -120.313126
235.075000 -122.141655
235.075192 -125.552856
235.075385 -130.012711
235.075577 -120.954407
235.075769 -119.799591
235.075962 -120.159058
235.076154 -123.987320
235.076346 -121.050247
235.076538 -121.356339
235.076731 -122.851204
235.076923 -122.829002
235.077115 -123.882256
235.077308 -130.003784
235.077500 -129.327271
235.077692 -129.328079
235.077885 -122.544693
235.078077 -122.532112
235.078269 -123.268196
235.078462 -123.298363
235.078654 -127.147652
235.078846 -127.155540
235.079038 -127.667297
235.079231 -125.847946
235.079423 -126.246086
235.079615 -131.210953
235.079808 -131.503479
235.080000 -120.734512
235.080192 -119.280495
235.080385 -120.357643
235.080577 -125.120880
235.080769 -122.724319
235.080962 -121.664879
235.081154 -121.811409
235.081346 -125.862152
235.081538 -131.737000
235.081731 -131.495605
235.081923 -130.390686
235.082115 -129.679199
235.082308 -133.888550
235.082500 -135.405334
235.082692 -133.823044
235.082885 -126.473541
235.083077 -120.798935
235.083269 -120.816902
235.083462 -123.263374
235.083654 -121.467369
235.083846 -122.094864
235.084038 -129.205765
235.084231 -128.936310
235.084423 -123.401817
235.084615 -121.057808
235.084808 -122.550987
235.085000 -127.408920
235.085192 -120.759964
235.085385 -119.155739
235.085577 -119.261681
235.085769 -122.873390
235.085962 -125.185860
235.086154 -130.855728
235.086346 -127.562523
235.086538 -125.422890
235.086731 -125.849747
235.086923 -127.100365
235.087115 -127.067978
235.087308 -125.240265
235.087500 -125.318253
235.087692 -123.568146
235.087885 -123.083855
235.088077 -126.875786
235.088269 -119.497131
235.088462 -119.254471
235.088654 -122.214355
235.088846 -131.656097
235.089038 -122.138008
235.089231 -120.929680
235.089423 -122.483810
235.089615 -126.412651
235.089808 -123.516479
235.090000 -123.604965
235.090192 -124.811317
235.090385 -123.227165
235.090577 -121.266113
235.090769 -121.389938
235.090962 -121.817696
235.091154 -119.224808
235.091346 -119.224503
235.091538 -123.037010
235.091731 -121.390892
235.091923 -121.701500
235.092115 -126.745110
235.092308 -131.793381
235.092500 -125.344719
235.092692 -122.908730
235.092885 -121.656677
235.093077 -121.687599
235.093269 -125.939453
235.093462 -120.323181
235.093654 -120.232819
235.093846 -123.844894
235.094038 -125.654663
235.094231 -125.271423
235.094423 -122.199493
235.094615 -122.282867
235.094808 -126.940956
235.095000 -122.013062
235.095192 -121.819023
235.095385 -122.001732
235.095577 -120.112434
235.095769 -119.627464
235.095962 -119.512642
235.096154 -120.042877
235.096346 -121.985474
235.096538 -121.963852
235.096731 -121.865120
235.096923 -121.658081
235.097115 -123.095779
235.097308 -131.319580
235.097500 -131.106583
235.097692 -132.089508
235.097885 -136.206314
235.098077 -133.374557
235.098269 -133.495850
235.098462 -136.847229
235.098654 -128.954636
235.098846 -128.454193
235.099038 -128.960205
235.099231 -127.764053
235.099423 -124.596016
235.099615 -124.671173
235.099808 -125.947578
235.100000 -129.484360
235.100192 -124.706337
235.100385 -124.850487
235.100577 -132.667328
235.100769 -126.859367
235.100962 -125.900139
235.101154 -122.425941
235.101346 -117.639320
235.101538 -117.581474
235.101731 -119.101181
235.101923 -124.637909
235.102115 -127.869728
235.102308 -127.848396
235.102500 -123.497719
235.102692 -123.547455
235.102885 -124.776855
235.103077 -127.857292
235.103269 -129.009857
235.103462 -128.841324
235.103654 -124.040733
235.103846 -122.393364
235.104038 -122.629440
235.104231 -118.817116
235.104423 -119.078079
235.104615 -126.428513
235.104808 -124.281937
235.105000 -122.040207
235.105192 -122.447380
235.105385 -129.768448
235.105577 -129.771011
235.105769 -125.560501
235.105962 -125.347488
235.106154 -125.068291
235.106346 -125.401077
235.106538 -131.139008
235.106731 -123.909386
235.106923 -123.906776
235.107115 -122.010025
235.107308 -116.575577
235.107500 -116.397240
235.107692 -119.741707
235.107885 -123.980766
235.108077 -119.511803
235.108269 -119.363098
235.108462 -122.608658
235.108654 -125.549568
235.108846 -119.234047
235.109038 -118.236267
235.109231 -118.941452
235.109423 -123.864365
235.109615 -122.979202
235.109808 -122.144257
235.110000 -125.753189
235.110192 -126.549660
235.110385 -124.444931
235.110577 -119.885963
235.110769 -117.977432
235.110962 -117.770409
235.111154 -118.899071
235.111346 -122.167175
235.111538 -117.769806
235.111731 -116.281487
235.111923 -116.309181
235.112115 -119.651047
235.112308 -127.915375
235.112500 -122.392036
235.112692 -120.305183
235.112885 -119.598213
235.113077 -117.536385
235.113269 -117.444038
235.113462 -118.577477
235.113654 -119.228188
235.113846 -120.344154
235.114038 -128.953964
235.114231 -128.938416
235.114423 -126.894814
235.114615 -126.315750
235.114808 -121.376968
235.115000 -116.850716
235.115192 -116.554764
235.115385 -116.800140
235.115577 -118.647949
235.115769 -122.547935
235.115962 -122.268242
235.116154 -120.849533
235.116346 -119.045235
235.116538 -116.606514
235.116731 -116.470345
235.116923 -117.037834
235.117115 -118.618408
235.117308 -121.380836
235.117500 -120.736931
235.117692 -118.988808
235.117885 -118.637253
235.118077 -121.912254
235.118269 -130.360352
235.118462 -130.943329
235.118654 -129.507477
235.118846 -126.919807
235.119038 -123.444832
235.119231 -121.187340
235.119423 -118.128845
235.119615 -118.209351
235.119808 -120.339706
235.120000 -122.667542
235.120192 -123.085899
235.120385 -120.483894
235.120577 -120.385849
235.120769 -121.392197
235.120962 -124.180710
235.121154 -124.489426
235.121346 -124.213768
235.121538 -123.687714
235.121731 -119.515221
235.121923 -118.200104
235.122115 -118.908134
235.122308 -125.356750
235.122500 -130.074417
235.122692 -126.637657
235.122885 -126.888290
235.123077 -134.552612
235.123269 -120.752579
235.123462 -119.075104
235.123654 -119.589706
235.123846 -125.967552
235.124038 -125.797394
235.124231 -131.064301
235.124423 -127.455429
235.124615 -125.214424
235.124808 -125.254677
235.125000 -125.943535
235.125192 -127.491882
235.125385 -127.433487
235.125577 -127.450439
235.125769 -129.145538
235.125962 -131.752151
235.126154 -137.175034
235.126346 -128.932098
235.126538 -122.112984
235.126731 -121.229965
235.126923 -121.573151
235.127115 -124.152565
235.127308 -133.906799
235.127500 -134.175735
235.127692 -122.160133
235.127885 -118.246613
235.128077 -118.081871
235.128269 -118.558105
235.128462 -119.521095
235.128654 -122.520233
235.128846 -122.110794
235.129038 -121.996292
235.129231 -125.280472
235.129423 -120.351868
235.129615 -120.007851
235.129808 -123.705345
235.130000 -126.600403
235.130192 -127.419319
235.130385 -127.054428
235.130577 -130.059906
235.130769 -124.361023
235.130962 -123.378242
235.131154 -122.344841
235.131346 -122.527985
235.131538 -123.594421
235.131731 -127.655281
235.131923 -124.736336
235.132115 -123.891418
235.132308 -122.908813
235.132500 -122.893379
235.132692 -123.730156
235.132885 -123.706436
235.133077 -125.209534
235.133269 -123.451202
235.133462 -124.648735
235.133654 -123.659859
235.133846 -125.133263
235.134038 -119.449310
235.134231 -118.903015
235.134423 -119.330406
235.134615 -124.244469
235.134808 -123.229912
235.135000 -123.593742
235.135192 -125.434921
235.135385 -125.350525
235.135577 -126.011803
235.135769 -126.435043
235.135962 -118.025024
235.136154 -116.555229
235.136346 -117.426170
235.136538 -126.580132
235.136731 -124.065979
235.136923 -124.025650
235.137115 -124.703758
235.137308 -125.365211
235.137500 -122.909477
235.137692 -123.609116
235.137885 -122.709648
235.138077 -120.796959
235.138269 -120.027596
235.138462 -119.227570
235.138654 -119.000015
235.138846 -119.025391
235.139038 -119.520576
235.139231 -122.340828
235.139423 -126.248161
235.139615 -131.195740
235.139808 -135.663010
235.140000 -134.745453
235.140192 -126.299843
235.140385 -122.279305
235.140577 -122.414619
235.140769 -130.676208
235.140962 -133.698074
235.141154 -129.944443
235.141346 -130.239502
235.141538 -124.298836
235.141731 -119.980446
235.141923 -119.988304
235.142115 -120.860573
235.142308 -119.873291
235.142500 -122.502922
235.142692 -120.664673
235.142885 -120.860718
235.143077 -130.942627
235.143269 -122.058830
235.143462 -116.651665
235.143654 -115.502625
235.143846 -115.726151
235.144038 -121.737114
235.144231 -121.395103
235.144423 -126.056488
235.144615 -124.912300
235.144808 -123.524605
235.145000 -123.912483
235.145192 -130.638718
235.145385 -124.929031
235.145577 -118.022255
235.145769 -117.462830
235.145962 -118.122032
235.146154 -120.494415
235.146346 -123.863800
235.146538 -127.010063
235.146731 -125.998253
235.146923 -125.970161
235.147115 -124.618118
235.147308 -124.061165
235.147500 -124.169769
235.147692 -124.172333
235.147885 -117.720200
235.148077 -117.020233
235.148269 -117.733185
235.148462 -122.794891
235.148654 -127.027061
235.148846 -130.974579
235.149038 -123.606216
235.149231 -120.972412
235.149423 -120.709839
235.149615 -122.072800
235.149808 -120.782715
235.150000 -120.836807
235.150192 -125.026985
235.150385 -122.549782
235.150577 -122.639030
235.150769 -127.517487
235.150962 -123.106270
235.151154 -123.099045
235.151346 -125.127525
235.151538 -122.422554
235.151731 -120.098015
235.151923 -120.100929
235.152115 -122.334518
235.152308 -126.598480
235.152500 -127.443199
235.152692 -121.599274
235.152885 -121.309319
235.153077 -123.003723
235.153269 -126.882324
235.153462 -130.813705
235.153654 -136.875061
235.153846 -124.004860
235.154038 -119.175797
235.154231 -118.927498
235.154423 -120.029823
235.154615 -120.670708
235.154808 -120.707619
235.155000 -124.539566
235.155192 -130.377197
235.155385 -127.398445
235.155577 -127.651230
235.155769 -124.228500
235.155962 -121.460739
235.156154 -122.657623
235.156346 -118.288483
235.156538 -118.276520
235.156731 -121.739220
235.156923 -125.676903
235.157115 -127.718529
235.157308 -119.229645
235.157500 -118.821274
235.157692 -120.944252
235.157885 -123.959763
235.158077 -123.643471
235.158269 -126.385925
235.158462 -124.614967
235.158654 -124.947014
235.158846 -123.933929
235.159038 -124.717522
235.159231 -117.021255
235.159423 -116.806801
235.159615 -119.734184
235.159808 -129.328033
235.160000 -124.729210
235.160192 -122.933784
235.160385 -125.550385
235.160577 -130.371368
235.160769 -121.979271
235.160962 -118.357567
235.161154 -118.369576
235.161346 -119.900558
235.161538 -120.664581
235.161731 -121.744041
235.161923 -124.024681
235.162115 -125.752464
235.162308 -129.296890
235.162500 -137.373123
235.162692 -124.264671
235.162885 -120.930992
235.163077 -120.931900
235.163269 -123.131065
235.163462 -125.526260
235.163654 -124.733360
235.163846 -126.913300
235.164038 -125.838936
235.164231 -125.875015
235.164423 -127.330688
235.164615 -125.197800
235.164808 -117.522079
235.165000 -115.480942
235.165192 -115.614258
235.165385 -118.335037
235.165577 -121.087952
235.165769 -121.640846
235.165962 -121.325485
235.166154 -122.382027
235.166346 -122.712822
235.166538 -127.892365
235.166731 -123.696106
235.166923 -122.013779
235.167115 -122.237839
235.167308 -125.073669
235.167500 -119.629623
235.167692 -118.588226
235.167885 -119.424126
235.168077 -126.780037
235.168269 -120.656952
235.168462 -120.654633
235.168654 -123.469864
235.168846 -120.681335
235.169038 -119.766006
235.169231 -119.727890
235.169423 -123.084709
235.169615 -117.365723
235.169808 -116.370094
235.170000 -116.366562
235.170192 -117.841309
235.170385 -125.521515
235.170577 -125.009010
235.170769 -120.557098
235.170962 -119.921898
235.171154 -120.580902
235.171346 -122.306160
235.171538 -122.183098
235.171731 -124.187607
235.171923 -124.733864
235.172115 -125.171631
235.172308 -123.387749
235.172500 -120.543991
235.172692 -120.867668
235.172885 -119.750862
235.173077 -118.113266
235.173269 -118.731354
235.173462 -122.079353
235.173654 -121.619934
235.173846 -123.991982
235.174038 -128.971115
235.174231 -124.192627
235.174423 -120.598694
235.174615 -120.323212
235.174808 -121.050369
235.175000 -123.286926
235.175192 -126.279701
235.175385 -118.309265
235.175577 -118.187752
235.175769 -121.120903
235.175962 -122.715080
235.176154 -123.064392
235.176346 -118.766983
235.176538 -116.482681
235.176731 -116.693024
235.176923 -121.242668
235.177115 -122.216789
235.177308 -121.385895
235.177500 -122.993683
235.177692 -132.775986
235.177885 -129.429047
235.178077 -129.475800
235.178269 -125.765259
235.178462 -125.370682
235.178654 -126.982880
235.178846 -127.649773
235.179038 -128.111267
235.179231 -128.114197
235.179423 -124.735405
235.179615 -120.885262
235.179808 -120.880974
235.180000 -125.364037
235.180192 -121.636818
235.180385 -120.859886
235.180577 -121.890953
235.180769 -123.653534
235.180962 -119.178947
235.181154 -116.323273
235.181346 -116.396378
235.181538 -118.602707
235.181731 -127.659424
235.181923 -122.831894
235.182115 -116.242332
235.182308 -115.189064
235.182500 -115.628593
235.182692 -118.117996
235.182885 -120.663155
235.183077 -129.510208
235.183269 -122.874138
235.183462 -119.734047
235.183654 -117.030823
235.183846 -117.009697
235.184038 -120.101250
235.184231 -132.328842
235.184423 -124.578430
235.184615 -122.110382
235.184808 -122.858391
235.185000 -127.421417
235.185192 -123.451523
235.185385 -123.656776
235.185577 -122.679543
235.185769 -118.284286
235.185962 -118.349930
235.186154 -121.016716
235.186346 -120.730888
235.186538 -122.804047
235.186731 -124.714203
235.186923 -124.726059
235.187115 -130.870010
235.187308 -134.246323
235.187500 -122.125839
235.187692 -120.516685
235.187885 -121.595291
235.188077 -131.526306
235.188269 -130.318680
235.188462 -121.914978
235.188654 -120.484512
235.188846 -121.210152
235.189038 -121.671654
235.189231 -121.488091
235.189423 -125.714478
235.189615 -118.034241
235.189808 -115.515587
235.190000 -115.592094
235.190192 -118.879417
235.190385 -126.414040
235.190577 -127.160034
235.190769 -127.029900
235.190962 -128.896484
235.191154 -131.924088
235.191346 -125.306412
235.191538 -121.702034
235.191731 -119.889359
235.191923 -119.899231
235.192115 -123.047401
235.192308 -122.185341
235.192500 -116.380203
235.192692 -116.199059
235.192885 -118.508560
235.193077 -125.449120
235.193269 -125.394119
235.193462 -118.269501
235.193654 -115.618164
235.193846 -115.828918
235.194038 -123.164375
235.194231 -119.390762
235.194423 -118.431854
235.194615 -118.840141
235.194808 -122.546204
235.195000 -125.055557
235.195192 -127.516472
235.195385 -123.110489
235.195577 -119.917244
235.195769 -119.736481
235.195962 -121.442253
235.196154 -124.845421
235.196346 -122.699326
235.196538 -122.880020
235.196731 -127.113480
235.196923 -124.467468
235.197115 -119.456589
235.197308 -119.475693
235.197500 -124.592613
235.197692 -127.238686
235.197885 -128.738327
235.198077 -126.887772
235.198269 -124.271706
235.198462 -122.174728
235.198654 -124.240875
235.198846 -122.287689
235.199038 -121.855103
235.199231 -123.037483
235.199423 -127.851395
235.199615 -127.779236
235.199808 -131.009552
235.200000 -130.544174
235.200192 -125.943832
235.200385 -120.488167
235.200577 -119.839516
235.200769 -117.909889
235.200962 -117.710968
235.201154 -118.243309
235.201346 -122.656990
235.201538 -131.563446
235.201731 -129.956589
235.201923 -125.754608
235.202115 -118.784218
235.202308 -118.208519
235.202500 -119.438255
235.202692 -121.977509
235.202885 -118.677269
235.203077 -118.581116
235.203269 -120.813911
235.203462 -128.073288
235.203654 -123.232025
235.203846 -123.116112
235.204038 -122.794083
235.204231 -122.117989
235.204423 -123.263916
235.204615 -123.732239
235.204808 -122.918518
235.205000 -124.367783
235.205192 -130.202087
235.205385 -126.471680
235.205577 -119.781708
235.205769 -118.150124
235.205962 -118.369583
235.206154 -122.502663
235.206346 -120.705208
235.206538 -118.582191
235.206731 -118.800400
235.206923 -124.430298
235.207115 -127.045929
235.207308 -125.290352
235.207500 -121.488434
235.207692 -118.810326
235.207885 -116.399002
235.208077 -116.005264
235.208269 -116.386024
235.208462 -120.598160
235.208654 -115.705811
235.208846 -115.691795
235.209038 -118.536362
235.209231 -124.476036
235.209423 -127.771637
235.209615 -133.039444
235.209808 -124.960999
235.210000 -121.046150
235.210192 -121.060638
235.210385 -125.927780
235.210577 -132.425629
235.210769 -126.203819
235.210962 -125.556854
235.211154 -126.242416
235.211346 -127.466492
235.211538 -127.938248
235.211731 -127.551399
235.211923 -127.712135
235.212115 -127.312149
235.212308 -121.328827
235.212500 -120.936028
235.212692 -121.342896
235.212885 -123.903236
235.213077 -125.845863
235.213269 -125.934357
235.213462 -128.858658
235.213654 -132.867020
235.213846 -133.122025
235.214038 -133.081100
235.214231 -127.671814
235.214423 -127.621994
235.214615 -131.856277
235.214808 -135.871765
235.215000 -136.832184
235.215192 -124.505684
235.215385 -123.062149
235.215577 -124.466644
235.215769 -119.368652
235.215962 -119.572708
235.216154 -122.640022
235.216346 -121.900703
235.216538 -124.521904
235.216731 -123.932747
235.216923 -117.236435
235.217115 -115.594757
235.217308 -115.689087
235.217500 -118.042473
235.217692 -117.914009
235.217885 -118.674644
235.218077 -123.278008
235.218269 -122.141769
235.218462 -123.885742
235.218654 -133.547318
235.218846 -134.925369
235.219038 -125.692093
235.219231 -118.610565
235.219423 -118.051346
235.219615 -118.992256
235.219808 -122.509109
235.220000 -123.802292
235.220192 -122.609398
235.220385 -123.209953
235.220577 -129.300171
235.220769 -127.066910
235.220962 -127.224869
235.221154 -124.172531
235.221346 -120.329941
235.221538 -120.306412
235.221731 -123.067368
235.221923 -129.378830
235.222115 -122.126038
235.222308 -121.763969
235.222500 -122.378159
235.222692 -122.788063
235.222885 -124.422783
235.223077 -120.540970
235.223269 -119.796829
235.223462 -120.542801
235.223654 -123.053772
235.223846 -123.818909
235.224038 -125.604294
235.224231 -121.689728
235.224423 -119.468880
235.224615 -119.002106
235.224808 -119.425850
235.225000 -122.826485
235.225192 -125.186890
235.225385 -124.413826
235.225577 -124.610031
235.225769 -128.011520
235.225962 -122.885269
235.226154 -119.649010
235.226346 -119.253410
235.226538 -121.229424
235.226731 -125.194336
235.226923 -122.559891
235.227115 -122.707077
235.227308 -127.206062
235.227500 -124.447525
235.227692 -118.823936
235.227885 -118.407433
235.228077 -119.466347
235.228269 -125.082863
235.228462 -117.823547
235.228654 -116.689949
235.228846 -117.292015
235.229038 -119.906921
235.229231 -119.535744
235.229423 -124.367775
235.229615 -121.415291
235.229808 -121.476273
235.230000 -125.363281
235.230192 -128.632462
235.230385 -123.017334
235.230577 -122.628662
235.230769 -124.948486
235.230962 -124.925690
235.231154 -120.722267
235.231346 -118.816513
235.231538 -118.795181
235.231731 -119.179573
235.231923 -125.442764
235.232115 -132.995331
235.232308 -121.823067
235.232500 -121.257423
235.232692 -122.139099
235.232885 -122.104851
235.233077 -121.611168
235.233269 -126.120491
235.233462 -125.515854
235.233654 -129.569214
235.233846 -129.218887
235.234038 -129.810425
235.234231 -129.941086
235.234423 -128.886230
235.234615 -128.989944
235.234808 -128.917709
235.235000 -130.066940
235.235192 -126.523331
235.235385 -125.649788
235.235577 -120.269485
235.235769 -119.610634
235.235962 -120.531036
235.236154 -127.497749
235.236346 -128.279037
235.236538 -128.376511
235.236731 -125.167740
235.236923 -121.013649
235.237115 -117.514191
235.237308 -116.936874
235.237500 -117.413719
235.237692 -121.325142
235.237885 -129.434296
235.238077 -125.774933
235.238269 -123.896416
235.238462 -123.886200
235.238654 -124.826218
235.238846 -124.806496
235.239038 -123.019196
235.239231 -122.799988
235.239423 -124.382751
235.239615 -117.383606
235.239808 -116.986427
235.240000 -118.355469
235.240192 -123.950218
235.240385 -127.620964
235.240577 -121.946777
235.240769 -119.686920
235.240962 -119.743668
235.241154 -121.438179
235.241346 -126.646156
235.241538 -126.207123
235.241731 -121.744156
235.241923 -121.817253
235.242115 -123.524384
235.242308 -125.256958
235.242500 -123.730186
235.242692 -121.921440
235.242885 -121.928596
235.243077 -124.157967
235.243269 -119.169853
235.243462 -117.592560
235.243654 -117.597473
235.243846 -118.849152
235.244038 -126.842415
235.244231 -126.129814
235.244423 -125.959259
235.244615 -120.843513
235.244808 -120.252136
235.245000 -120.723129
235.245192 -116.849976
235.245385 -116.489861
235.245577 -117.497673
235.245769 -123.455215
235.245962 -123.019608
235.246154 -120.511360
235.246346 -116.993240
235.246538 -116.485275
235.246731 -117.126862
235.246923 -120.665421
235.247115 -125.488892
235.247308 -129.726959
235.247500 -127.594643
235.247692 -121.917473
235.247885 -121.917473
235.248077 -118.883087
235.248269 -115.482483
235.248462 -114.747513
235.248654 -114.795601
235.248846 -116.940697
235.249038 -119.459030
235.249231 -120.103310
235.249423 -125.129868
235.249615 -126.914444
235.249808 -120.953667
235.250000 -120.844337
235.250192 -120.424881
235.250385 -119.877983
235.250577 -121.146400
235.250769 -122.218979
235.250962 -122.691170
235.251154 -126.148010
235.251346 -123.023849
235.251538 -122.060699
235.251731 -123.015594
235.251923 -124.840370
235.252115 -121.209915
235.252308 -118.934853
235.252500 -118.920753
235.252692 -121.274681
235.252885 -132.064743
235.253077 -132.065460
235.253269 -126.250168
235.253462 -125.917839
235.253654 -125.171143
235.253846 -121.722244
235.254038 -121.358536
235.254231 -122.230690
235.254423 -123.986336
235.254615 -123.730659
235.254808 -123.412331
235.255000 -123.675446
235.255192 -122.238846
235.255385 -121.365578
235.255577 -122.360939
235.255769 -124.002716
235.255962 -123.532455
235.256154 -120.652344
235.256346 -120.583771
235.256538 -123.238297
235.256731 -125.378036
235.256923 -123.507843
235.257115 -123.714272
235.257308 -126.395874
235.257500 -125.492722
235.257692 -122.772842
235.257885 -122.784279
235.258077 -126.799538
235.258269 -123.454758
235.258462 -116.689774
235.258654 -115.730019
235.258846 -116.416100
235.259038 -124.523796
235.259231 -121.060684
235.259423 -121.160851
235.259615 -125.090767
235.259808 -123.438141
235.260000 -123.416100
235.260192 -127.530487
235.260385 -126.877304
235.260577 -129.574966
235.260769 -126.059952
235.260962 -125.037270
235.261154 -124.423874
235.261346 -124.726791
235.261538 -125.318260
235.261731 -125.599640
235.261923 -129.245026
235.262115 -124.779526
235.262308 -123.225708
235.262500 -124.646523
235.262692 -132.663284
235.262885 -130.334030
235.263077 -128.728333
235.263269 -129.958359
235.263462 -127.388557
235.263654 -126.958397
235.263846 -129.421600
235.264038 -127.986305
235.264231 -125.504051
235.264423 -123.701088
235.264615 -124.430359
235.264808 -133.804443
235.265000 -121.876175
235.265192 -120.765869
235.265385 -122.402245
235.265577 -118.764023
235.265769 -118.401833
235.265962 -118.762947
235.266154 -119.587616
235.266346 -124.018478
235.266538 -122.490189
235.266731 -122.535889
235.266923 -122.679871
235.267115 -121.115074
235.267308 -121.669800
235.267500 -120.878174
235.267692 -120.954041
235.267885 -126.194397
235.268077 -123.215103
235.268269 -121.372025
235.268462 -121.585869
235.268654 -125.434151
235.268846 -119.766182
235.269038 -117.213135
235.269231 -117.271423
235.269423 -119.512161
235.269615 -129.020584
235.269808 -131.239059
235.270000 -128.547684
235.270192 -126.509003
235.270385 -126.492126
235.270577 -125.276718
235.270769 -124.496346
235.270962 -127.457512
235.271154 -123.608368
235.271346 -123.600914
235.271538 -126.185310
235.271731 -126.095520
235.271923 -124.758003
235.272115 -126.355278
235.272308 -127.088570
235.272500 -127.393967
235.272692 -128.011917
235.272885 -119.509407
235.273077 -118.648003
235.273269 -119.093239
235.273462 -126.009033
235.273654 -130.599258
235.273846 -123.950111
235.274038 -122.523232
235.274231 -122.930649
235.274423 -121.234154
235.274615 -121.265808
235.274808 -124.664352
235.275000 -126.862717
235.275192 -128.099426
235.275385 -128.297302
235.275577 -123.283707
235.275769 -122.940918
235.275962 -127.469254
235.276154 -125.471123
235.276346 -117.672310
235.276538 -116.773575
235.276731 -116.970634
235.276923 -121.369225
235.277115 -126.467949
235.277308 -126.329361
235.277500 -126.813774
235.277692 -120.443306
235.277885 -116.509750
235.278077 -116.290176
235.278269 -117.178833
235.278462 -121.319618
235.278654 -121.138756
235.278846 -121.139450
235.279038 -122.238953
235.279231 -125.798355
235.279423 -120.605591
235.279615 -120.518097
235.279808 -124.505898
235.280000 -124.464043
235.280192 -120.240532
235.280385 -120.007225
235.280577 -121.339661
235.280769 -125.946854
235.280962 -124.076355
235.281154 -122.763702
235.281346 -122.836624
235.281538 -123.747147
235.281731 -123.759399
235.281923 -129.145187
235.282115 -130.252380
235.282308 -132.854614
235.282500 -127.257111
235.282692 -122.967361
235.282885 -121.697998
235.283077 -121.878212
235.283269 -124.538681
235.283462 -124.168755
235.283654 -124.214897
235.283846 -128.033234
235.284038 -130.031677
235.284231 -124.117607
235.284423 -123.999039
235.284615 -128.062622
235.284808 -124.009033
235.285000 -124.008339
235.285192 -127.383629
235.285385 -120.993271
235.285577 -117.784615
235.285769 -117.818459
235.285962 -123.297256
235.286154 -122.026901
235.286346 -122.100815
235.286538 -125.105751
235.286731 -125.735641
235.286923 -120.641373
235.287115 -119.998497
235.287308 -121.665634
235.287500 -121.775291
235.287692 -120.395813
235.287885 -121.660500
235.288077 -117.415512
235.288269 -117.431549
235.288462 -120.604752
235.288654 -121.022285
235.288846 -119.981468
235.289038 -119.783356
235.289231 -120.223015
235.289423 -119.900719
235.289615 -120.158730
235.289808 -119.981705
235.290000 -121.023964
235.290192 -127.488426
235.290385 -128.145264
235.290577 -129.789627
235.290769 -127.664383
235.290962 -126.061012
235.291154 -122.707901
235.291346 -121.091141
235.291538 -121.175377
235.291731 -120.979851
235.291923 -120.864449
235.292115 -121.353340
235.292308 -118.803314
235.292500 -118.802429
235.292692 -120.616119
235.292885 -124.803001
235.293077 -121.238579
235.293269 -119.933540
235.293462 -120.575188
235.293654 -129.255066
235.293846 -125.741608
235.294038 -126.085442
235.294231 -118.131905
235.294423 -115.074959
235.294615 -114.265938
235.294808 -114.062950
235.295000 -114.312866
235.295192 -118.568565
235.295385 -127.316360
235.295577 -127.318535
235.295769 -127.347168
235.295962 -120.719162
235.296154 -120.720764
235.296346 -123.912659
235.296538 -128.261948
235.296731 -127.085625
235.296923 -124.999397
235.297115 -125.919899
235.297308 -122.994637
235.297500 -117.437035
235.297692 -115.698570
235.297885 -115.785538
235.298077 -119.218231
235.298269 -120.949333
235.298462 -125.490318
235.298654 -127.463829
235.298846 -123.371956
235.299038 -122.302086
235.299231 -122.305809
235.299423 -122.245209
235.299615 -122.212883
235.299808 -125.948921
235.300000 -125.976105
235.300192 -119.111794
235.300385 -117.624672
235.300577 -117.669746
235.300769 -119.118629
235.300962 -121.466606
235.301154 -121.480644
235.301346 -125.342499
235.301538 -119.546173
235.301731 -119.035255
235.301923 -121.234375
235.302115 -128.059036
235.302308 -125.222458
235.302500 -123.168465
235.302692 -123.651794
235.302885 -123.487389
235.303077 -120.294807
235.303269 -120.449074
235.303462 -123.464569
235.303654 -131.131561
235.303846 -126.314362
235.304038 -119.955788
235.304231 -119.319839
235.304423 -120.375664
235.304615 -127.362350
235.304808 -124.301735
235.305000 -119.682495
235.305192 -116.798180
235.305385 -116.825378
235.305577 -119.066002
235.305769 -123.134697
235.305962 -129.595459
235.306154 -123.889862
235.306346 -122.380157
235.306538 -122.686066
235.306731 -122.797188
235.306923 -123.096405
235.307115 -124.971725
235.307308 -122.806229
235.307500 -122.845299
235.307692 -120.339836
235.307885 -118.813881
235.308077 -118.988113
235.308269 -121.181885
235.308462 -124.292931
235.308654 -125.627632
235.308846 -124.556931
235.309038 -119.331261
235.309231 -117.715263
235.309423 -117.357025
235.309615 -117.592606
235.309808 -119.734322
235.310000 -119.309593
235.310192 -119.292244
235.310385 -120.669701
235.310577 -121.391006
235.310769 -125.578293
235.310962 -122.116882
235.311154 -122.396744
235.311346 -125.358826
235.311538 -124.874557
235.311731 -120.429298
235.311923 -119.257187
235.312115 -120.211609
235.312308 -122.889366
235.312500 -122.014473
235.312692 -118.476746
235.312885 -118.553062
235.313077 -121.417694
235.313269 -128.073746
235.313462 -119.230515
235.313654 -115.890305
235.313846 -115.835907
235.314038 -117.777122
235.314231 -125.553436
235.314423 -127.108688
235.314615 -125.281609
235.314808 -125.315491
235.315000 -126.919189
235.315192 -125.781296
235.315385 -125.914474
235.315577 -127.585739
235.315769 -122.173126
235.315962 -121.783707
235.316154 -122.485870
235.316346 -128.078308
235.316538 -125.488792
235.316731 -123.378754
235.316923 -123.380356
235.317115 -124.202812
235.317308 -124.490150
235.317500 -123.061768
235.317692 -124.957870
235.317885 -121.132988
235.318077 -119.322235
235.318269 -119.473015
235.318462 -123.461174
235.318654 -120.408775
235.318846 -116.118202
235.319038 -116.126045
235.319231 -122.376297
235.319423 -123.798248
235.319615 -120.792160
235.319808 -120.857162
235.320000 -126.864357
235.320192 -125.772858
235.320385 -123.137054
235.320577 -121.743469
235.320769 -121.743492
235.320962 -121.815308
235.321154 -117.128494
235.321346 -115.659714
235.321538 -115.668190
235.321731 -117.792198
235.321923 -126.511307
235.322115 -125.102165
235.322308 -126.759415
235.322500 -130.062576
235.322692 -130.471268
235.322885 -125.017670
235.323077 -121.883614
235.323269 -121.269432
235.323462 -121.277679
235.323654 -124.618607
235.323846 -120.669739
235.324038 -118.431824
235.324231 -118.436310
235.324423 -120.506882
235.324615 -123.824905
235.324808 -126.333221
235.325000 -122.787834
235.325192 -122.813049
235.325385 -123.209671
235.325577 -124.204445
235.325769 -127.975754
235.325962 -129.032623
235.326154 -125.618332
235.326346 -120.687874
235.326538 -120.741699
235.326731 -123.534988
235.326923 -125.675789
235.327115 -126.864471
235.327308 -125.518806
235.327500 -122.499031
235.327692 -116.120102
235.327885 -115.676414
235.328077 -116.836380
235.328269 -122.866295
235.328462 -125.097412
235.328654 -125.382301
235.328846 -121.285210
235.329038 -118.535873
235.329231 -117.475960
235.329423 -117.211220
235.329615 -118.239372
235.329808 -118.215721
235.330000 -119.297127
235.330192 -119.112236
235.330385 -118.844460
235.330577 -120.174934
235.330769 -123.393761
235.330962 -119.939545
235.331154 -118.695518
235.331346 -116.665405
235.331538 -116.589310
235.331731 -118.037819
235.331923 -123.599365
235.332115 -129.223602
235.332308 -126.163261
235.332500 -126.243629
235.332692 -125.718208
235.332885 -127.157089
235.333077 -128.279999
235.333269 -125.637672
235.333462 -125.836235
235.333654 -126.626709
235.333846 -123.202873
235.334038 -121.409950
235.334231 -121.511345
235.334423 -125.008308
235.334615 -127.101830
235.334808 -131.080139
235.335000 -130.266541
235.335192 -123.155487
235.335385 -122.174828
235.335577 -124.665054
235.335769 -124.780426
235.335962 -118.603409
235.336154 -118.614426
235.336346 -122.913162
235.336538 -119.885208
235.336731 -120.723251
235.336923 -127.636337
235.337115 -127.694168
235.337308 -125.063766
235.337500 -125.064041
235.337692 -123.003532
235.337885 -120.905472
235.338077 -122.030029
235.338269 -119.286285
235.338462 -119.848198
235.338654 -130.598083
235.338846 -129.686569
235.339038 -133.421341
235.339231 -123.037743
235.339423 -121.745728
235.339615 -121.933342
235.339808 -126.796402
235.340000 -134.194275
235.340192 -124.361610
235.340385 -122.271523
235.340577 -122.477173
235.340769 -125.015266
235.340962 -127.523682
235.341154 -132.741089
235.341346 -122.180161
235.341538 -120.604393
235.341731 -118.896065
235.341923 -118.328529
235.342115 -119.270538
235.342308 -120.133133
235.342500 -120.289963
235.342692 -123.600487
235.342885 -122.415115
235.343077 -123.289505
235.343269 -123.141991
235.343462 -122.931618
235.343654 -124.725922
235.343846 -120.274017
235.344038 -119.685394
235.344231 -118.227180
235.344423 -117.754539
235.344615 -119.622917
235.344808 -122.394302
235.345000 -122.572189
235.345192 -130.995712
235.345385 -131.096283
235.345577 -129.852829
235.345769 -128.180954
235.345962 -128.456406
235.346154 -129.129578
235.346346 -132.578003
235.346538 -126.970871
235.346731 -122.607956
235.346923 -122.121132
235.347115 -122.733818
235.347308 -126.256889
235.347500 -119.027367
235.347692 -118.227959
235.347885 -119.231094
235.348077 -121.944389
235.348269 -124.065163
235.348462 -121.650139
235.348654 -120.214119
235.348846 -120.417435
235.349038 -120.035271
235.349231 -115.564476
235.349423 -115.235153
235.349615 -116.727684
235.349808 -121.290367
235.350000 -126.316467
235.350192 -126.216606
235.350385 -126.226204
235.350577 -131.814758
235.350769 -128.242004
235.350962 -128.282120
235.351154 -127.112259
235.351346 -119.734299
235.351538 -117.828102
235.351731 -117.980812
235.351923 -122.435226
235.352115 -119.993828
235.352308 -120.011940
235.352500 -123.995750
235.352692 -123.328522
235.352885 -123.485916
235.353077 -124.796333
235.353269 -124.663040
235.353462 -120.209137
235.353654 -119.591362
235.353846 -118.357918
235.354038 -117.003746
235.354231 -117.014397
235.354423 -118.293617
235.354615 -117.479034
235.354808 -118.249687
235.355000 -124.827087
235.355192 -124.497559
235.355385 -123.927101
235.355577 -123.994072
235.355769 -124.853828
235.355962 -125.566742
235.356154 -129.738892
235.356346 -129.475281
235.356538 -125.615341
235.356731 -125.590820
235.356923 -124.323410
235.357115 -123.666580
235.357308 -125.602005
235.357500 -125.589432
235.357692 -126.560326
235.357885 -129.348907
235.358077 -122.916695
235.358269 -122.654404
235.358462 -124.132133
235.358654 -122.148521
235.358846 -121.125374
235.359038 -121.664513
235.359231 -124.155136
235.359423 -125.552620
235.359615 -126.209297
235.359808 -128.008774
235.360000 -124.863724
235.360192 -124.067528
235.360385 -126.464577
235.360577 -126.580757
235.360769 -125.234421
235.360962 -124.071075
235.361154 -124.363556
235.361346 -122.702866
235.361538 -122.613586
235.361731 -125.336227
235.361923 -126.675240
235.362115 -119.264145
235.362308 -117.935516
235.362500 -118.463272
235.362692 -124.217537
235.362885 -124.675400
235.363077 -121.102325
235.363269 -120.986832
235.363462 -123.891876
235.363654 -122.773056
235.363846 -123.417915
235.364038 -124.716454
235.364231 -122.443855
235.364423 -122.946342
235.364615 -126.823555
235.364808 -126.827599
235.365000 -129.621613
235.365192 -128.407104
235.365385 -128.820938
235.365577 -129.067001
235.365769 -126.279655
235.365962 -123.405342
235.366154 -123.987389
235.366346 -127.069313
235.366538 -123.804626
235.366731 -120.857658
235.366923 -118.381889
235.367115 -118.127991
235.367308 -117.196693
235.367500 -116.862015
235.367692 -117.680328
235.367885 -121.363892
235.368077 -124.572533
235.368269 -123.780998
235.368462 -124.604393
235.368654 -122.565041
235.368846 -122.703888
235.369038 -126.183662
235.369231 -129.368988
235.369423 -130.073502
235.369615 -121.516418
235.369808 -119.883301
235.370000 -120.185806
235.370192 -119.638756
235.370385 -119.270302
235.370577 -120.890831
235.370769 -126.181999
235.370962 -124.815163
235.371154 -121.161407
235.371346 -121.157555
235.371538 -123.129440
235.371731 -123.507263
235.371923 -120.241005
235.372115 -119.881119
235.372308 -120.094887
235.372500 -120.640625
235.372692 -123.624794
235.372885 -120.337860
235.373077 -118.830711
235.373269 -118.845642
235.373462 -122.035385
235.373654 -122.151634
235.373846 -121.001884
235.374038 -122.105850
235.374231 -124.710052
235.374423 -121.428200
235.374615 -121.427803
235.374808 -124.467735
235.375000 -127.046310
235.375192 -122.039719
235.375385 -118.908127
235.375577 -118.996727
235.375769 -122.563522
235.375962 -124.414978
235.376154 -122.843681
235.376346 -124.708908
235.376538 -133.571808
235.376731 -133.564331
235.376923 -135.184402
235.377115 -135.073395
235.377308 -130.937637
235.377500 -123.586548
235.377692 -120.994705
235.377885 -120.580383
235.378077 -121.267914
235.378269 -126.480545
235.378462 -125.704742
235.378654 -128.561951
235.378846 -125.431862
235.379038 -123.853607
235.379231 -126.012856
235.379423 -130.475769
235.379615 -121.574562
235.379808 -120.446541
235.380000 -120.845253
235.380192 -119.628922
235.380385 -119.646721
235.380577 -122.761353
235.380769 -123.396225
235.380962 -124.179565
235.381154 -123.992645
235.381346 -126.099411
235.381538 -122.754189
235.381731 -119.208771
235.381923 -118.212822
235.382115 -118.340324
235.382308 -120.125435
235.382500 -120.063087
235.382692 -120.847504
235.382885 -121.939919
235.383077 -118.688751
235.383269 -118.358170
235.383462 -120.414223
235.383654 -121.262054
235.383846 -121.319145
235.384038 -121.697899
235.384231 -117.459854
235.384423 -117.161095
235.384615 -119.273170
235.384808 -129.090988
235.385000 -126.239449
235.385192 -123.838623
235.385385 -118.572922
235.385577 -118.082451
235.385769 -117.785019
235.385962 -117.947807
235.386154 -119.329796
235.386346 -123.266968
235.386538 -122.705025
235.386731 -125.095940
235.386923 -128.190140
235.387115 -128.782318
235.387308 -125.188499
235.387500 -120.983665
235.387692 -120.991646
235.387885 -124.020447
235.388077 -119.103081
235.388269 -118.956558
235.388462 -123.568886
235.388654 -126.017815
235.388846 -126.916733
235.389038 -128.148193
235.389231 -127.998055
235.389423 -130.550995
235.389615 -133.467880
235.389808 -126.966034
235.390000 -119.495537
235.390192 -117.810455
235.390385 -117.909836
235.390577 -120.832237
235.390769 -116.040215
235.390962 -115.531731
235.391154 -117.525871
235.391346 -126.450310
235.391538 -125.426193
235.391731 -122.009239
235.391923 -118.831902
235.392115 -118.563377
235.392308 -118.792351
235.392500 -120.072365
235.392692 -121.809624
235.392885 -122.883057
235.393077 -117.071938
235.393269 -115.870689
235.393462 -116.772034
235.393654 -123.800102
235.393846 -129.008057
235.394038 -127.041344
235.394231 -127.118423
235.394423 -124.733429
235.394615 -123.407692
235.394808 -124.176674
235.395000 -125.851379
235.395192 -127.107452
235.395385 -133.456345
235.395577 -119.870491
235.395769 -117.557762
235.395962 -117.561371
235.396154 -119.826569
235.396346 -128.164322
235.396538 -129.780304
235.396731 -128.091858
235.396923 -125.068047
235.397115 -121.886230
235.397308 -121.988029
235.397500 -123.374222
235.397692 -118.839767
235.397885 -118.913918
235.398077 -125.787979
235.398269 -132.858948
235.398462 -124.585785
235.398654 -124.358582
235.398846 -125.628120
235.399038 -122.277534
235.399231 -118.012321
235.399423 -116.570160
235.399615 -116.601593
235.399808 -119.237427
235.400000 -129.336090
235.400192 -137.569565
235.400385 -132.759537
235.400577 -130.749222
235.400769 -130.345230
235.400962 -130.704041
235.401154 -127.476166
235.401346 -119.791306
235.401538 -115.734482
235.401731 -115.752266
235.401923 -120.115532
235.402115 -118.851799
235.402308 -118.852196
235.402500 -121.868896
235.402692 -120.932892
235.402885 -117.391968
235.403077 -116.672935
235.403269 -116.908104
235.403462 -119.427139
235.403654 -120.366035
235.403846 -116.794067
235.404038 -116.616699
235.404231 -118.068901
235.404423 -128.244675
235.404615 -123.425407
235.404808 -120.293465
235.405000 -116.392868
235.405192 -116.197968
235.405385 -118.259171
235.405577 -120.096840
235.405769 -123.902199
235.405962 -124.240761
235.406154 -120.236320
235.406346 -120.201805
235.406538 -121.195335
235.406731 -123.964699
235.406923 -125.407318
235.407115 -127.391518
235.407308 -126.757378
235.407500 -119.117516
235.407692 -117.557976
235.407885 -117.832619
235.408077 -121.092415
235.408269 -121.104393
235.408462 -122.071648
235.408654 -121.766113
235.408846 -122.272636
235.409038 -126.811493
235.409231 -133.938766
235.409423 -129.750412
235.409615 -128.911423
235.409808 -124.771156
235.410000 -123.385788
235.410192 -124.313538
235.410385 -128.370407
235.410577 -125.037918
235.410769 -124.796173
235.410962 -126.847893
235.411154 -137.814453
235.411346 -127.214577
235.411538 -124.961510
235.411731 -124.662323
235.411923 -123.624847
235.412115 -122.661850
235.412308 -122.668915
235.412500 -121.551491
235.412692 -121.429764
235.412885 -121.640358
235.413077 -123.086250
235.413269 -123.494987
235.413462 -120.822662
235.413654 -120.730927
235.413846 -122.968475
235.414038 -133.042496
235.414231 -124.809219
235.414423 -118.809799
235.414615 -118.225037
235.414808 -120.281670
235.415000 -126.398361
235.415192 -126.703423
235.415385 -129.090164
235.415577 -122.591576
235.415769 -122.463181
235.415962 -127.023956
235.416154 -120.880478
235.416346 -117.898857
235.416538 -118.086304
235.416731 -124.113861
235.416923 -126.808868
235.417115 -125.087654
235.417308 -124.762100
235.417500 -120.705841
235.417692 -118.616928
235.417885 -119.032990
235.418077 -121.041069
235.418269 -121.005241
235.418462 -122.978966
235.418654 -122.921829
235.418846 -123.208389
235.419038 -128.233353
235.419231 -138.028793
235.419423 -123.194244
235.419615 -117.829773
235.419808 -117.253761
235.420000 -117.753517
235.420192 -125.527969
235.420385 -129.473389
235.420577 -127.629974
235.420769 -124.274460
235.420962 -124.104431
235.421154 -125.688919
235.421346 -126.593689
235.421538 -121.286011
235.421731 -121.290413
235.421923 -123.466934
235.422115 -126.954994
235.422308 -118.850540
235.422500 -118.784523
235.422692 -124.260460
235.422885 -127.449173
235.423077 -126.322021
235.423269 -126.041740
235.423462 -126.936142
235.423654 -125.292686
235.423846 -123.113441
235.424038 -120.877693
235.424231 -120.811440
235.424423 -122.704979
235.424615 -119.188736
235.424808 -117.866005
235.425000 -117.873085
235.425192 -119.230850
235.425385 -119.918022
235.425577 -118.762741
235.425769 -118.556488
235.425962 -119.767860
235.426154 -124.048187
235.426346 -124.786804
235.426538 -120.699028
235.426731 -120.659340
235.426923 -120.140724
235.427115 -120.141533
235.427308 -122.078224
235.427500 -128.987564
235.427692 -142.615631
235.427885 -133.737061
235.428077 -124.620857
235.428269 -120.362427
235.428462 -119.756195
235.428654 -120.054321
235.428846 -124.232986
235.429038 -133.152908
235.429231 -128.105347
235.429423 -121.067360
235.429615 -120.895256
235.429808 -123.325867
235.430000 -123.433510
235.430192 -123.688713
235.430385 -122.129333
235.430577 -122.226692
235.430769 -121.943535
235.430962 -121.529564
235.431154 -122.626907
235.431346 -122.778038
235.431538 -121.309761
235.431731 -122.137917
235.431923 -128.688110
235.432115 -132.377045
235.432308 -131.266693
235.432500 -128.298187
235.432692 -126.971970
235.432885 -127.932205
235.433077 -134.134293
235.433269 -135.753326
235.433462 -129.333939
235.433654 -124.964073
235.433846 -126.249107
235.434038 -120.538521
235.434231 -120.546669
235.434423 -123.674202
235.434615 -123.662857
235.434808 -125.509178
235.435000 -124.528610
235.435192 -126.811722
235.435385 -119.920700
235.435577 -117.630867
235.435769 -117.778107
235.435962 -121.862556
235.436154 -126.287941
235.436346 -124.289413
235.436538 -120.093170
235.436731 -117.784195
235.436923 -117.843445
235.437115 -121.948174
235.437308 -118.799835
235.437500 -118.819298
235.437692 -120.991409
235.437885 -127.685493
235.438077 -133.693222
235.438269 -126.012344
235.438462 -122.810921
235.438654 -121.797279
235.438846 -119.797508
235.439038 -118.894043
235.439231 -118.978790
235.439423 -123.026855
235.439615 -128.010101
235.439808 -124.176102
235.440000 -124.176483
235.440192 -122.802841
235.440385 -121.686111
235.440577 -122.007057
235.440769 -126.020287
235.440962 -123.579231
235.441154 -120.766510
235.441346 -119.504555
235.441538 -119.355980
235.441731 -120.670708
235.441923 -128.841217
235.442115 -126.996201
235.442308 -123.249985
235.442500 -122.324783
235.442692 -122.379227
235.442885 -125.275558
235.443077 -129.452011
235.443269 -129.442886
235.443462 -126.000404
235.443654 -126.017006
235.443846 -127.785454
235.444038 -125.537041
235.444231 -125.576759
235.444423 -126.595001
235.444615 -126.618286
235.444808 -123.208656
235.445000 -122.993622
235.445192 -120.989655
235.445385 -117.665482
235.445577 -117.608971
235.445769 -119.491333
235.445962 -119.038338
235.446154 -118.938225
235.446346 -120.928185
235.446538 -119.704422
235.446731 -120.219086
235.446923 -124.755852
235.447115 -122.904724
235.447308 -122.316902
235.447500 -122.117386
235.447692 -123.974991
235.447885 -122.949577
235.448077 -122.853104
235.448269 -125.833328
235.448462 -122.376778
235.448654 -121.031433
235.448846 -121.656906
235.449038 -126.670982
235.449231 -122.508667
235.449423 -122.188553
235.449615 -121.803337
235.449808 -121.805435
235.450000 -123.281509
235.450192 -125.409180
235.450385 -122.610695
235.450577 -115.908463
235.450769 -115.647850
235.450962 -117.600792
235.451154 -124.574089
235.451346 -121.049065
235.451538 -120.558769
235.451731 -121.981453
235.451923 -127.686440
235.452115 -126.818420
235.452308 -126.590340
235.452500 -123.966988
235.452692 -124.101852
235.452885 -126.723434
235.453077 -124.674057
235.453269 -125.198524
235.453462 -118.790291
235.453654 -117.978027
235.453846 -119.988388
235.454038 -119.591080
235.454231 -119.659172
235.454423 -123.385414
235.454615 -122.529640
235.454808 -122.129051
235.455000 -125.025093
235.455192 -121.185226
235.455385 -120.159126
235.455577 -121.104973
235.455769 -121.848770
235.455962 -121.851974
235.456154 -120.469902
235.456346 -119.486504
235.456538 -119.903893
235.456731 -121.312408
235.456923 -118.791176
235.457115 -118.801414
235.457308 -120.419189
235.457500 -125.444733
235.457692 -122.340881
235.457885 -122.224602
235.458077 -124.879097
235.458269 -121.380417
235.458462 -121.399574
235.458654 -122.674988
235.458846 -121.970329
235.459038 -123.197472
235.459231 -125.512512
235.459423 -123.149208
235.459615 -120.651314
235.459808 -120.658600
235.460000 -119.857376
235.460192 -119.974083
235.460385 -124.367088
235.460577 -124.514053
235.460769 -122.031548
235.460962 -122.247177
235.461154 -132.396896
235.461346 -129.225372
235.461538 -122.592812
235.461731 -120.055000
235.461923 -119.934341
235.462115 -122.215797
235.462308 -125.776031
235.462500 -125.558296
235.462692 -126.373573
235.462885 -121.089493
235.463077 -119.887161
235.463269 -120.641266
235.463462 -120.640007
235.463654 -122.479721
235.463846 -123.630623
235.464038 -127.980362
235.464231 -131.054642
235.464423 -131.221985
235.464615 -130.692520
235.464808 -127.500748
235.465000 -126.858818
235.465192 -126.184471
235.465385 -124.352280
235.465577 -125.496590
235.465769 -122.617462
235.465962 -122.457840
235.466154 -123.726677
235.466346 -128.172852
235.466538 -128.455658
235.466731 -120.816780
235.466923 -117.645477
235.467115 -117.645775
235.467308 -120.494011
235.467500 -122.232681
235.467692 -120.692894
235.467885 -122.306671
235.468077 -126.514824
235.468269 -130.862976
235.468462 -120.731827
235.468654 -113.892899
235.468846 -113.203918
235.469038 -114.140663
235.469231 -119.525566
235.469423 -122.792854
235.469615 -129.353897
235.469808 -125.514046
235.470000 -125.345085
235.470192 -126.041031
235.470385 -123.290237
235.470577 -120.011017
235.470769 -118.372482
235.470962 -117.799995
235.471154 -117.835266
235.471346 -122.597488
235.471538 -129.235123
235.471731 -131.135254
235.471923 -126.244148
235.472115 -120.489410
235.472308 -120.402817
235.472500 -120.657959
235.472692 -123.365257
235.472885 -119.891129
235.473077 -119.732765
235.473269 -120.171753
235.473462 -122.439262
235.473654 -124.218369
235.473846 -126.167702
235.474038 -124.439964
235.474231 -124.624786
235.474423 -126.097443
235.474615 -125.039856
235.474808 -125.085594
235.475000 -131.565079
235.475192 -121.079689
235.475385 -116.749435
235.475577 -116.666763
235.475769 -118.317230
235.475962 -124.928474
235.476154 -127.282036
235.476346 -124.108994
235.476538 -124.289650
235.476731 -121.742867
235.476923 -118.920235
235.477115 -118.920532
235.477308 -119.359299
235.477500 -117.897835
235.477692 -117.947136
235.477885 -121.000969
235.478077 -122.199753
235.478269 -119.366524
235.478462 -117.099838
235.478654 -117.179817
235.478846 -123.102989
235.479038 -121.106750
235.479231 -121.741440
235.479423 -126.217056
235.479615 -124.769485
235.479808 -121.340141
235.480000 -115.805054
235.480192 -114.440681
235.480385 -114.632828
235.480577 -117.165276
235.480769 -119.851471
235.480962 -119.932137
235.481154 -125.195442
235.481346 -121.654045
235.481538 -121.187523
235.481731 -121.951309
235.481923 -121.614975
235.482115 -121.937965
235.482308 -127.847069
235.482500 -124.252968
235.482692 -120.053604
235.482885 -119.713158
235.483077 -120.422470
235.483269 -120.938484
235.483462 -121.643082
235.483654 -120.901031
235.483846 -119.590889
235.484038 -120.190613
235.484231 -122.865440
235.484423 -122.870354
235.484615 -121.183159
235.484808 -120.013092
235.485000 -120.023262
235.485192 -122.399178
235.485385 -127.970100
235.485577 -127.586540
235.485769 -125.000809
235.485962 -121.555023
235.486154 -121.927315
235.486346 -126.643494
235.486538 -122.391167
235.486731 -122.844826
235.486923 -123.202095
235.487115 -122.498970
235.487308 -122.467918
235.487500 -122.857864
235.487692 -124.665031
235.487885 -121.266426
235.488077 -117.514000
235.488269 -116.653297
235.488462 -117.102798
235.488654 -122.727798
235.488846 -129.685562
235.489038 -130.712265
235.489231 -133.939178
235.489423 -122.996925
235.489615 -121.489799
235.489808 -122.087807
235.490000 -124.990700
235.490192 -121.711235
235.490385 -120.814636
235.490577 -121.532356
235.490769 -125.485245
235.490962 -123.136398
235.491154 -123.689407
235.491346 -118.914940
235.491538 -118.505020
235.491731 -116.604736
235.491923 -116.112846
235.492115 -117.344376
235.492308 -117.945313
235.492500 -115.539513
235.492692 -115.551125
235.492885 -117.940193
235.493077 -119.742462
235.493269 -119.752083
235.493462 -125.847549
235.493654 -134.228058
235.493846 -130.919144
235.494038 -131.608963
235.494231 -126.300575
235.494423 -118.656906
235.494615 -117.633606
235.494808 -118.018074
235.495000 -122.779266
235.495192 -119.346092
235.495385 -119.062134
235.495577 -118.351677
235.495769 -116.913498
235.495962 -116.959167
235.496154 -119.492851
235.496346 -126.035423
235.496538 -123.804314
235.496731 -122.914024
235.496923 -121.704559
235.497115 -121.836632
235.497308 -122.527527
235.497500 -120.146240
235.497692 -120.256752
235.497885 -122.961586
235.498077 -121.727524
235.498269 -121.808083
235.498462 -125.199059
235.498654 -127.220551
235.498846 -118.993454
235.499038 -115.627625
235.499231 -115.630592
235.499423 -120.331779
235.499615 -118.882896
235.499808 -118.735786
235.500000 -120.184395
235.500192 -120.216797
235.500385 -120.368179
235.500577 -123.504623
235.500769 -122.501831
235.500962 -122.560097
235.501154 -121.482468
235.501346 -120.252068
235.501538 -120.005615
235.501731 -120.175537
235.501923 -122.662331
235.502115 -124.617264
235.502308 -123.499908
235.502500 -119.746857
235.502692 -119.799812
235.502885 -122.318039
235.503077 -132.553696
235.503269 -130.581177
235.503462 -128.661469
235.503654 -121.680801
235.503846 -121.372124
235.504038 -123.530212
235.504231 -123.208931
235.504423 -119.938789
235.504615 -119.896690
235.504808 -122.296738
235.505000 -119.997162
235.505192 -120.085495
235.505385 -121.349045
235.505577 -115.587433
235.505769 -115.256416
235.505962 -115.794510
235.506154 -118.837059
235.506346 -120.131912
235.506538 -119.577003
235.506731 -121.235886
235.506923 -127.207336
235.507115 -127.231438
235.507308 -124.188232
235.507500 -120.924385
235.507692 -120.830910
235.507885 -122.290474
235.508077 -125.464890
235.508269 -124.969017
235.508462 -119.790497
235.508654 -119.874367
235.508846 -122.206596
235.509038 -124.821136
235.509231 -122.593910
235.509423 -122.046768
235.509615 -122.857346
235.509808 -120.214211
235.510000 -119.159698
235.510192 -119.451447
235.510385 -121.642593
235.510577 -120.730042
235.510769 -120.796509
235.510962 -119.348061
235.511154 -119.276505
235.511346 -121.397308
235.511538 -120.445045
235.511731 -117.999710
235.511923 -118.226501
235.512115 -122.624710
235.512308 -126.410347
235.512500 -121.250488
235.512692 -120.211525
235.512885 -120.219017
235.513077 -120.474251
235.513269 -125.361183
235.513462 -125.683762
235.513654 -125.851860
235.513846 -122.795395
235.514038 -121.352333
235.514231 -122.375885
235.514423 -122.902298
235.514615 -121.943443
235.514808 -122.515434
235.515000 -127.849838
235.515192 -125.047440
235.515385 -120.396439
235.515577 -119.959038
235.515769 -119.160622
235.515962 -117.416489
235.516154 -117.362686
235.516346 -118.873032
235.516538 -127.231407
235.516731 -125.569557
235.516923 -126.576004
235.517115 -128.874573
235.517308 -127.407112
235.517500 -123.688942
235.517692 -122.557037
235.517885 -121.426468
235.518077 -119.773567
235.518269 -119.773003
235.518462 -121.055481
235.518654 -122.924896
235.518846 -122.127205
235.519038 -119.715958
235.519231 -119.710732
235.519423 -122.241158
235.519615 -124.256187
235.519808 -124.270218
235.520000 -121.712250
235.520192 -119.942574
235.520385 -119.951912
235.520577 -126.152534
235.520769 -125.116425
235.520962 -120.105141
235.521154 -119.798111
235.521346 -120.395561
235.521538 -122.017433
235.521731 -124.076889
235.521923 -126.993774
235.522115 -129.865753
235.522308 -121.343613
235.522500 -118.416451
235.522692 -117.390739
235.522885 -117.387840
235.523077 -120.577660
235.523269 -124.586220
235.523462 -124.915329
235.523654 -128.889084
235.523846 -129.053375
235.524038 -118.809265
235.524231 -117.192940
235.524423 -117.893318
235.524615 -122.593353
235.524808 -119.148628
235.525000 -119.269119
235.525192 -123.311775
235.525385 -128.886841
235.525577 -121.857063
235.525769 -120.135902
235.525962 -120.193130
235.526154 -120.754005
235.526346 -120.369652
235.526538 -117.382118
235.526731 -117.614616
235.526923 -123.707138
235.527115 -128.060089
235.527308 -127.923317
235.527500 -130.028427
235.527692 -124.848755
235.527885 -124.060310
235.528077 -124.753990
235.528269 -131.411499
235.528462 -123.455498
235.528654 -119.846458
235.528846 -119.867691
235.529038 -121.784142
235.529231 -122.144768
235.529423 -126.307251
235.529615 -120.408142
235.529808 -119.592476
235.530000 -120.924400
235.530192 -121.508789
235.530385 -120.339508
235.530577 -120.280434
235.530769 -120.168365
235.530962 -121.159416
235.531154 -119.726578
235.531346 -118.739265
235.531538 -119.254395
235.531731 -117.257301
235.531923 -116.306541
235.532115 -116.726547
235.532308 -123.445091
235.532500 -123.721680
235.532692 -124.324646
235.532885 -125.666756
235.533077 -121.814957
235.533269 -120.146767
235.533462 -120.485001
235.533654 -119.783470
235.533846 -119.782722
235.534038 -120.791084
235.534231 -117.638924
235.534423 -117.730957
235.534615 -121.661949
235.534808 -123.071068
235.535000 -123.103531
235.535192 -122.200668
235.535385 -122.309097
235.535577 -126.436996
235.535769 -117.040642
235.535962 -115.486618
235.536154 -115.669899
235.536346 -118.042290
235.536538 -120.200775
235.536731 -121.667702
235.536923 -120.277046
235.537115 -120.662308
235.537308 -124.563393
235.537500 -119.979729
235.537692 -116.880264
235.537885 -116.894119
235.538077 -121.501907
235.538269 -119.462265
235.538462 -114.598824
235.538654 -113.494812
235.538846 -113.709656
235.539038 -116.708542
235.539231 -120.990158
235.539423 -126.407509
235.539615 -127.021332
235.539808 -125.541946
235.540000 -125.670311
235.540192 -126.491707
235.540385 -124.028267
235.540577 -124.008095
235.540769 -120.834641
235.540962 -118.523483
235.541154 -118.569000
235.541346 -119.946999
235.541538 -123.185196
235.541731 -124.537422
235.541923 -119.278770
235.542115 -118.543594
235.542308 -119.215912
235.542500 -122.778099
235.542692 -126.185997
235.542885 -122.438904
235.543077 -121.304504
235.543269 -121.285423
235.543462 -122.801941
235.543654 -124.405319
235.543846 -124.253151
235.544038 -123.438087
235.544231 -126.250168
235.544423 -126.500008
235.544615 -127.459938
235.544808 -127.784096
235.545000 -127.093918
235.545192 -122.260292
235.545385 -120.275162
235.545577 -120.438202
235.545769 -120.685333
235.545962 -120.721069
235.546154 -127.342453
235.546346 -125.081955
235.546538 -119.780708
235.546731 -119.788498
235.546923 -124.039360
235.547115 -119.521225
235.547308 -119.314751
235.547500 -121.698479
235.547692 -121.529053
235.547885 -118.816574
235.548077 -118.797470
235.548269 -120.522209
235.548462 -125.603142
235.548654 -124.682014
235.548846 -124.463707
235.549038 -123.628021
235.549231 -119.035233
235.549423 -118.797424
235.549615 -118.886894
235.549808 -123.245010
235.550000 -127.654564
235.550192 -126.297424
235.550385 -127.378372
235.550577 -121.557236
235.550769 -119.746078
235.550962 -119.818108
235.551154 -123.450050
235.551346 -120.023636
235.551538 -116.664917
235.551731 -116.163773
235.551923 -116.171425
235.552115 -116.969810
235.552308 -122.538841
235.552500 -123.013649
235.552692 -121.896996
235.552885 -120.232300
235.553077 -118.798103
235.553269 -118.616829
235.553462 -119.747131
235.553654 -124.028397
235.553846 -120.555389
235.554038 -116.772697
235.554231 -116.651222
235.554423 -116.865799
235.554615 -117.296944
235.554808 -120.322945
235.555000 -128.377228
235.555192 -120.884445
235.555385 -116.810272
235.555577 -116.539215
235.555769 -117.246132
235.555962 -116.787849
235.556154 -117.583351
235.556346 -123.853645
235.556538 -123.826355
235.556731 -122.872108
235.556923 -123.527184
235.557115 -125.696739
235.557308 -122.802834
235.557500 -122.801178
235.557692 -120.684792
235.557885 -119.819153
235.558077 -120.210693
235.558269 -121.890846
235.558462 -123.454575
235.558654 -128.978287
235.558846 -127.062729
235.559038 -124.521896
235.559231 -123.703049
235.559423 -116.909462
235.559615 -116.962448
235.559808 -120.674492
235.560000 -120.994202
235.560192 -122.476830
235.560385 -120.669380
235.560577 -120.717087
235.560769 -123.111969
235.560962 -126.427628
235.561154 -128.947662
235.561346 -127.622917
235.561538 -124.698151
235.561731 -122.491974
235.561923 -122.569382
235.562115 -130.756256
235.562308 -123.165886
235.562500 -120.880852
235.562692 -120.944183
235.562885 -123.676704
235.563077 -121.035538
235.563269 -121.253174
235.563462 -119.493408
235.563654 -118.367577
235.563846 -118.507721
235.564038 -118.628067
235.564231 -117.583885
235.564423 -117.591301
235.564615 -121.546074
235.564808 -125.738075
235.565000 -121.359444
235.565192 -121.122017
235.565385 -123.279388
235.565577 -127.238297
235.565769 -126.761124
235.565962 -127.103760
235.566154 -128.219986
235.566346 -129.841553
235.566538 -124.551025
235.566731 -121.437508
235.566923 -121.456718
235.567115 -124.020348
235.567308 -119.189926
235.567500 -117.702888
235.567692 -117.787666
235.567885 -121.069870
235.568077 -121.801422
235.568269 -120.885048
235.568462 -121.022270
235.568654 -121.869446
235.568846 -123.655602
235.569038 -119.779358
235.569231 -119.990776
235.569423 -123.150230
235.569615 -124.752670
235.569808 -117.580452
235.570000 -117.325958
235.570192 -120.101357
235.570385 -127.033112
235.570577 -124.463295
235.570769 -124.909599
235.570962 -123.373604
235.571154 -122.138824
235.571346 -122.968636
235.571538 -121.412270
235.571731 -120.839561
235.571923 -120.807144
235.572115 -122.278198
235.572308 -116.891548
235.572500 -115.362396
235.572692 -116.197281
235.572885 -122.426628
235.573077 -124.335815
235.573269 -126.688675
235.573462 -122.831688
235.573654 -122.991814
235.573846 -120.860939
235.574038 -117.538651
235.574231 -117.528679
235.574423 -120.270256
235.574615 -122.174339
235.574808 -124.005585
235.575000 -131.462997
235.575192 -132.890442
235.575385 -120.858963
235.575577 -119.274094
235.575769 -119.845848
235.575962 -121.406456
235.576154 -121.238319
235.576346 -121.970016
235.576538 -126.625107
235.576731 -125.012947
235.576923 -124.017059
235.577115 -122.446365
235.577308 -122.760109
235.577500 -119.441772
235.577692 -118.222054
235.577885 -118.276451
235.578077 -119.303093
235.578269 -120.636826
235.578462 -124.948975
235.578654 -118.946953
235.578846 -117.202126
235.579038 -117.391212
235.579231 -118.666054
235.579423 -119.831566
235.579615 -124.080864
235.579808 -123.390511
235.580000 -123.871658
235.580192 -123.415993
235.580385 -123.417656
235.580577 -126.471657
235.580769 -133.254639
235.580962 -126.477661
235.581154 -126.462769
235.581346 -130.410110
235.581538 -122.494484
235.581731 -122.418472
235.581923 -124.716263
235.582115 -120.947845
235.582308 -117.287819
235.582500 -117.205284
235.582692 -120.184387
235.582885 -120.876823
235.583077 -120.010231
235.583269 -121.240723
235.583462 -126.297256
235.583654 -131.588409
235.583846 -125.582558
235.584038 -125.588287
235.584231 -126.114250
235.584423 -127.294174
235.584615 -123.127274
235.584808 -121.871506
235.585000 -122.313583
235.585192 -129.419662
235.585385 -135.589096
235.585577 -127.450111
235.585769 -123.736397
235.585962 -124.376251
235.586154 -120.760559
235.586346 -120.006363
235.586538 -120.705750
235.586731 -120.282043
235.586923 -117.346687
235.587115 -117.029633
235.587308 -118.081734
235.587500 -122.230911
235.587692 -124.953148
235.587885 -123.691193
235.588077 -122.548157
235.588269 -124.351128
235.588462 -126.791389
235.588654 -122.843071
235.588846 -121.059929
235.589038 -121.428329
235.589231 -128.156372
235.589423 -127.494843
235.589615 -122.925743
235.589808 -121.556389
235.590000 -120.812477
235.590192 -119.128609
235.590385 -119.104713
235.590577 -119.466789
235.590769 -121.308563
235.590962 -121.651947
235.591154 -121.417801
235.591346 -124.829056
235.591538 -123.662598
235.591731 -120.035873
235.591923 -117.974876
235.592115 -117.982803
235.592308 -119.369720
235.592500 -121.538101
235.592692 -123.356659
235.592885 -122.758881
235.593077 -121.683121
235.593269 -124.129173
235.593462 -122.274017
235.593654 -122.523758
235.593846 -124.965752
235.594038 -123.761009
235.594231 -123.297058
235.594423 -123.874107
235.594615 -118.481956
235.594808 -118.130539
235.595000 -118.693344
235.595192 -115.732246
235.595385 -115.333977
235.595577 -116.347107
235.595769 -119.634964
235.595962 -118.092590
235.596154 -118.335861
235.596346 -124.895172
235.596538 -127.202850
235.596731 -127.089157
235.596923 -129.191895
235.597115 -125.396904
235.597308 -123.556076
235.597500 -124.270653
235.597692 -127.356125
235.597885 -133.068314
235.598077 -128.961884
235.598269 -124.963593
235.598462 -121.842445
235.598654 -121.842918
235.598846 -127.551254
235.599038 -125.430115
235.599231 -122.046631
235.599423 -122.222946
235.599615 -128.134430
235.599808 -125.463524
235.600000 -122.579018
235.600192 -121.454262
235.600385 -121.270821
235.600577 -121.416565
235.600769 -121.826775
235.600962 -117.716698
235.601154 -117.575943
235.601346 -118.140289
235.601538 -122.257317
235.601731 -123.013069
235.601923 -118.959526
235.602115 -118.962509
235.602308 -121.824577
235.602500 -123.989494
235.602692 -122.086182
235.602885 -121.650871
235.603077 -123.426331
235.603269 -129.799500
235.603462 -124.537163
235.603654 -122.510529
235.603846 -123.142754
235.604038 -128.858459
235.604231 -133.794098
235.604423 -129.233170
235.604615 -125.634392
235.604808 -125.699188
235.605000 -130.060715
235.605192 -128.168854
235.605385 -121.384224
235.605577 -121.365685
235.605769 -127.102600
235.605962 -133.146835
235.606154 -129.203186
235.606346 -126.940613
235.606538 -118.863449
235.606731 -118.208656
235.606923 -119.385193
235.607115 -118.053383
235.607308 -115.987289
235.607500 -115.994331
235.607692 -118.393272
235.607885 -121.659996
235.608077 -122.968750
235.608269 -122.290359
235.608462 -122.317581
235.608654 -122.932251
235.608846 -126.158562
235.609038 -129.594116
235.609231 -130.396057
235.609423 -126.242310
235.609615 -126.242363
235.609808 -123.037750
235.610000 -121.024605
235.610192 -122.572067
235.610385 -120.523216
235.610577 -118.794472
235.610769 -118.780312
235.610962 -120.351715
235.611154 -118.137459
235.611346 -118.131844
235.611538 -119.617493
235.611731 -122.635452
235.611923 -128.712936
235.612115 -125.970901
235.612308 -125.636688
235.612500 -126.067169
235.612692 -126.853165
235.612885 -122.509926
235.613077 -122.420944
235.613269 -119.626732
235.613462 -119.236534
235.613654 -118.954330
235.613846 -117.196747
235.614038 -117.664803
235.614231 -120.565353
235.614423 -120.614426
235.614615 -122.577652
235.614808 -123.803581
235.615000 -124.426636
235.615192 -125.383636
235.615385 -123.780258
235.615577 -120.152695
235.615769 -118.566414
235.615962 -118.574013
235.616154 -122.159378
235.616346 -127.076149
235.616538 -124.698441
235.616731 -122.238365
235.616923 -122.233910
235.617115 -124.906670
235.617308 -126.533554
235.617500 -123.459442
235.617692 -122.944206
235.617885 -122.119331
235.618077 -118.441055
235.618269 -116.951073
235.618462 -115.159248
235.618654 -115.015060
235.618846 -116.419052
235.619038 -125.415306
235.619231 -125.074608
235.619423 -120.646118
235.619615 -119.867744
235.619808 -121.062309
235.620000 -123.949234
235.620192 -119.331078
235.620385 -116.537025
235.620577 -116.630608
235.620769 -121.017708
235.620962 -125.344017
235.621154 -116.510139
235.621346 -114.338402
235.621538 -114.442017
235.621731 -119.501205
235.621923 -124.545219
235.622115 -122.133949
235.622308 -119.414108
235.622500 -119.613281
235.622692 -124.741852
235.622885 -125.542923
235.623077 -121.488228
235.623269 -117.758179
235.623462 -117.758667
235.623654 -121.093956
235.623846 -125.317429
235.624038 -124.881821
235.624231 -124.439575
235.624423 -120.851852
235.624615 -120.599579
235.624808 -122.585037
235.625000 -127.084557
235.625192 -121.062080
235.625385 -121.064445
235.625577 -123.481529
235.625769 -125.025719
235.625962 -128.348923
235.626154 -128.521835
235.626346 -129.523163
235.626538 -130.205795
235.626731 -120.452538
235.626923 -118.854134
235.627115 -119.057213
235.627308 -122.649727
235.627500 -123.571236
235.627692 -126.243095
235.627885 -124.885887
235.628077 -122.587257
235.628269 -118.978851
235.628462 -118.704247
235.628654 -121.357376
235.628846 -122.357590
235.629038 -123.781075
235.629231 -121.389732
235.629423 -120.670753
235.629615 -122.098412
235.629808 -119.711792
235.630000 -118.586372
235.630192 -118.845741
235.630385 -127.322243
235.630577 -125.951836
235.630769 -128.628967
235.630962 -138.227158
235.631154 -130.308899
235.631346 -127.905800
235.631538 -121.253738
235.631731 -117.372375
235.631923 -117.383423
235.632115 -116.608208
235.632308 -114.218864
235.632500 -114.154472
235.632692 -116.099976
235.632885 -118.225761
235.633077 -117.732635
235.633269 -120.560432
235.633462 -116.415932
235.633654 -113.920563
235.633846 -113.927765
235.634038 -118.654655
235.634231 -120.203255
235.634423 -119.896034
235.634615 -119.840080
235.634808 -119.576981
235.635000 -119.550667
235.635192 -121.685135
235.635385 -118.989166
235.635577 -118.453812
235.635769 -118.965660
235.635962 -121.881348
235.636154 -125.999107
235.636346 -125.853958
235.636538 -127.317009
235.636731 -133.330154
235.636923 -124.330750
235.637115 -121.058075
235.637308 -121.137184
235.637500 -120.189819
235.637692 -120.337364
235.637885 -122.770332
235.638077 -119.866226
235.638269 -120.091370
235.638462 -124.425072
235.638654 -124.264755
235.638846 -126.432747
235.639038 -123.897980
235.639231 -121.507668
235.639423 -120.263229
235.639615 -120.264458
235.639808 -121.340981
235.640000 -118.263763
235.640192 -118.809097
235.640385 -125.192032
235.640577 -123.462334
235.640769 -120.559692
235.640962 -119.940872
235.641154 -122.417290
235.641346 -122.399063
235.641538 -122.561508
235.641731 -122.889771
235.641923 -121.032280
235.642115 -122.229500
235.642308 -127.826180
235.642500 -122.522957
235.642692 -118.175171
235.642885 -118.265533
235.643077 -121.422081
235.643269 -119.702042
235.643462 -119.835045
235.643654 -123.639595
235.643846 -125.893967
235.644038 -123.251091
235.644231 -124.036957
235.644423 -122.252518
235.644615 -120.762451
235.644808 -120.731247
235.645000 -119.726158
235.645192 -119.363976
235.645385 -117.330055
235.645577 -116.294579
235.645769 -116.459618
235.645962 -118.588326
235.646154 -123.932762
235.646346 -127.253189
235.646538 -129.242355
235.646731 -131.545044
235.646923 -133.507965
235.647115 -124.560356
235.647308 -120.572754
235.647500 -120.567406
235.647692 -122.386566
235.647885 -124.102852
235.648077 -123.190536
235.648269 -123.385971
235.648462 -128.354904
235.648654 -123.810265
235.648846 -123.451744
235.649038 -123.787575
235.649231 -119.621132
235.649423 -118.917084
235.649615 -119.096527
235.649808 -124.620094
235.650000 -124.241257
235.650192 -117.701401
235.650385 -116.454590
235.650577 -117.167145
235.650769 -127.081230
235.650962 -124.160545
235.651154 -124.177261
235.651346 -121.384125
235.651538 -120.823441
235.651731 -119.375359
235.651923 -118.635681
235.652115 -119.410957
235.652308 -123.505920
235.652500 -120.472481
235.652692 -120.452667
235.652885 -121.384361
235.653077 -118.177246
235.653269 -117.601807
235.653462 -119.132591
235.653654 -128.687408
235.653846 -121.003365
235.654038 -115.988853
235.654231 -114.318344
235.654423 -114.411690
235.654615 -118.940605
235.654808 -119.587196
235.655000 -116.719543
235.655192 -116.982780
235.655385 -123.983040
235.655577 -124.138832
235.655769 -132.088287
235.655962 -124.031120
235.656154 -119.305435
235.656346 -117.346283
235.656538 -117.387421
235.656731 -121.221016
235.656923 -120.376862
235.657115 -117.759880
235.657308 -117.762222
235.657500 -123.249153
235.657692 -122.063019
235.657885 -120.760643
235.658077 -117.437477
235.658269 -117.446335
235.658462 -120.777985
235.658654 -136.066940
235.658846 -122.884857
235.659038 -121.591194
235.659231 -122.545769
235.659423 -117.199669
235.659615 -113.003815
235.659808 -112.969421
235.660000 -114.320885
235.660192 -116.987465
235.660385 -121.548393
235.660577 -121.519958
235.660769 -124.264786
235.660962 -126.892815
235.661154 -124.835670
235.661346 -125.575203
235.661538 -127.201279
235.661731 -120.414261
235.661923 -119.593262
235.662115 -119.777687
235.662308 -120.554138
235.662500 -124.501213
235.662692 -129.261780
235.662885 -129.088989
235.663077 -128.473343
235.663269 -123.380020
235.663462 -118.229965
235.663654 -117.606926
235.663846 -119.682594
235.664038 -115.918465
235.664231 -115.779373
235.664423 -117.944633
235.664615 -117.565277
235.664808 -116.456177
235.665000 -116.548004
235.665192 -120.029198
235.665385 -127.350761
235.665577 -121.423347
235.665769 -121.202789
235.665962 -124.887848
235.666154 -121.521172
235.666346 -119.494324
235.666538 -121.203293
235.666731 -122.444336
235.666923 -122.531410
235.667115 -123.210594
235.667308 -124.657051
235.667500 -127.398041
235.667692 -125.719673
235.667885 -122.281769
235.668077 -122.368713
235.668269 -125.865013
235.668462 -123.135498
235.668654 -121.091919
235.668846 -120.508026
235.669038 -121.025566
235.669231 -118.689621
235.669423 -116.885460
235.669615 -117.205406
235.669808 -125.533821
235.670000 -125.953308
235.670192 -129.641891
235.670385 -128.045837
235.670577 -128.687393
235.670769 -138.530502
235.670962 -134.818359
235.671154 -125.057861
235.671346 -121.447113
235.671538 -121.486465
235.671731 -124.476280
235.671923 -124.501747
235.672115 -128.206192
235.672308 -128.025681
235.672500 -124.598839
235.672692 -123.240768
235.672885 -123.506973
235.673077 -121.857864
235.673269 -116.361549
235.673462 -116.207108
235.673654 -118.866974
235.673846 -127.341316
235.674038 -122.206055
235.674231 -118.138466
235.674423 -118.153519
235.674615 -118.435814
235.674808 -118.145317
235.675000 -120.377731
235.675192 -118.003830
235.675385 -117.075401
235.675577 -117.433022
235.675769 -120.539879
235.675962 -117.328575
235.676154 -116.944893
235.676346 -117.883018
235.676538 -123.749886
235.676731 -121.728439
235.676923 -121.738029
235.677115 -123.972374
235.677308 -124.515251
235.677500 -121.615791
235.677692 -117.099991
235.677885 -116.278404
235.678077 -117.097305
235.678269 -125.626450
235.678462 -122.787003
235.678654 -121.848091
235.678846 -122.210350
235.679038 -124.603691
235.679231 -121.677536
235.679423 -121.681938
235.679615 -117.323502
235.679808 -115.941544
235.680000 -116.243301
235.680192 -118.420776
235.680385 -118.976456
235.680577 -117.255516
235.680769 -116.785164
235.680962 -118.581436
235.681154 -117.797295
235.681346 -115.511986
235.681538 -115.693581
235.681731 -116.839859
235.681923 -113.502899
235.682115 -113.396057
235.682308 -115.912407
235.682500 -119.439659
235.682692 -117.065933
235.682885 -117.049133
235.683077 -118.459282
235.683269 -121.033539
235.683462 -119.878197
235.683654 -119.931442
235.683846 -128.180511
235.684038 -125.653542
235.684231 -120.646439
235.684423 -119.411789
235.684615 -120.822021
235.684808 -116.022133
235.685000 -116.098724
235.685192 -117.691971
235.685385 -121.292030
235.685577 -124.891190
235.685769 -123.408531
235.685962 -123.514610
235.686154 -126.753624
235.686346 -120.809525
235.686538 -120.802681
235.686731 -119.596214
235.686923 -118.096977
235.687115 -120.481415
235.687308 -122.888275
235.687500 -119.868156
235.687692 -119.611786
235.687885 -121.704269
235.688077 -117.686890
235.688269 -117.694786
235.688462 -121.922195
235.688654 -120.262558
235.688846 -120.925255
235.689038 -129.252426
235.689231 -127.927620
235.689423 -125.677673
235.689615 -125.197563
235.689808 -124.194176
235.690000 -122.961273
235.690192 -122.978020
235.690385 -126.921165
235.690577 -120.981499
235.690769 -118.047623
235.690962 -118.089226
235.691154 -119.932724
235.691346 -118.900787
235.691538 -119.538109
235.691731 -123.874954
235.691923 -120.475838
235.692115 -119.474480
235.692308 -119.716064
235.692500 -126.254128
235.692692 -125.159546
235.692885 -126.456245
235.693077 -117.939438
235.693269 -112.464851
235.693462 -111.817131
235.693654 -112.482895
235.693846 -116.338203
235.694038 -121.037903
235.694231 -122.078842
235.694423 -119.257057
235.694615 -118.746559
235.694808 -118.812523
235.695000 -120.337769
235.695192 -117.252556
235.695385 -117.536407
235.695577 -122.980972
235.695769 -125.184723
235.695962 -121.049797
235.696154 -120.168976
235.696346 -121.055801
235.696538 -130.839996
235.696731 -126.912483
235.696923 -123.569855
235.697115 -123.126778
235.697308 -124.082420
235.697500 -123.970177
235.697692 -119.851158
235.697885 -119.633804
235.698077 -119.776566
235.698269 -117.803993
235.698462 -119.034393
235.698654 -118.375351
235.698846 -119.125557
235.699038 -120.295753
235.699231 -120.225533
235.699423 -119.317795
235.699615 -119.766205
235.699808 -123.192230
235.700000 -124.627090
235.700192 -117.569153
235.700385 -116.895554
235.700577 -117.776024
235.700769 -118.414314
235.700962 -119.845673
235.701154 -121.242195
235.701346 -119.700966
235.701538 -122.385986
235.701731 -121.225006
235.701923 -121.356903
235.702115 -125.828598
235.702308 -128.945145
235.702500 -122.437195
235.702692 -119.092117
235.702885 -117.650475
235.703077 -117.591499
235.703269 -119.391197
235.703462 -121.832710
235.703654 -122.610771
235.703846 -128.102402
235.704038 -124.347198
235.704231 -122.748894
235.704423 -123.507217
235.704615 -126.316811
235.704808 -129.054779
235.705000 -121.275436
235.705192 -119.768105
235.705385 -119.975243
235.705577 -120.797729
235.705769 -126.926239
235.705962 -119.458832
235.706154 -118.098564
235.706346 -120.190002
235.706538 -132.182281
235.706731 -128.214005
235.706923 -128.284012
235.707115 -119.838501
235.707308 -116.489288
235.707500 -116.711143
235.707692 -121.915756
235.707885 -125.614304
235.708077 -119.303040
235.708269 -118.557678
235.708462 -119.430489
235.708654 -121.934685
235.708846 -115.453041
235.709038 -114.676537
235.709231 -115.211777
235.709423 -112.866768
235.709615 -112.257759
235.709808 -112.878578
235.710000 -117.138420
235.710192 -118.948997
235.710385 -117.230347
235.710577 -117.825165
235.710769 -118.381378
235.710962 -117.378227
235.711154 -117.768150
235.711346 -122.996300
235.711538 -126.911812
235.711731 -125.847229
235.711923 -123.207550
235.712115 -118.736656
235.712308 -115.856071
235.712500 -115.847527
235.712692 -117.780754
235.712885 -119.121483
235.713077 -119.511917
235.713269 -131.213196
235.713462 -127.237450
235.713654 -119.791031
235.713846 -119.457253
235.714038 -117.796440
235.714231 -117.713379
235.714423 -120.811630
235.714615 -126.813766
235.714808 -126.909805
235.715000 -118.077393
235.715192 -115.167290
235.715385 -115.300583
235.715577 -119.011246
235.715769 -119.436188
235.715962 -121.708748
235.716154 -118.242966
235.716346 -116.291359
235.716538 -116.457680
235.716731 -122.575203
235.716923 -128.598770
235.717115 -119.997559
235.717308 -116.561859
235.717500 -116.572655
235.717692 -118.797096
235.717885 -115.152412
235.718077 -115.154800
235.718269 -118.471909
235.718462 -120.016853
235.718654 -119.233635
235.718846 -121.339043
235.719038 -116.322731
235.719231 -116.225220
235.719423 -116.436554
235.719615 -116.532478
235.719808 -117.594330
235.720000 -123.018028
235.720192 -119.807785
235.720385 -120.041290
235.720577 -129.941452
235.720769 -121.515884
235.720962 -120.745033
235.721154 -123.360504
235.721346 -116.489532
235.721538 -116.339203
235.721731 -119.016968
235.721923 -126.662750
235.722115 -125.787933
235.722308 -120.408852
235.722500 -119.042076
235.722692 -116.289185
235.722885 -113.971001
235.723077 -113.823204
235.723269 -114.434166
235.723462 -116.704002
235.723654 -116.689423
235.723846 -119.875526
235.724038 -129.337799
235.724231 -120.444839
235.724423 -118.643478
235.724615 -119.850471
235.724808 -134.646423
235.725000 -134.761490
235.725192 -131.636505
235.725385 -122.710251
235.725577 -120.329933
235.725769 -122.683578
235.725962 -124.705254
235.726154 -120.914879
235.726346 -118.697098
235.726538 -118.856468
235.726731 -120.680038
235.726923 -127.482735
235.727115 -129.380569
235.727308 -123.398766
235.727500 -120.058289
235.727692 -118.348259
235.727885 -118.342751
235.728077 -120.363022
235.728269 -118.298500
235.728462 -118.381302
235.728654 -115.682419
235.728846 -115.469948
235.729038 -118.533562
235.729231 -122.964928
235.729423 -116.642487
235.729615 -116.479973
235.729808 -117.578094
235.730000 -122.290207
235.730192 -116.316895
235.730385 -116.213722
235.730577 -118.288231
235.730769 -121.134354
235.730962 -119.934128
235.731154 -112.978905
235.731346 -112.256905
235.731538 -112.996132
235.731731 -119.802170
235.731923 -128.722839
235.732115 -122.999435
235.732308 -118.144836
235.732500 -117.243378
235.732692 -117.457840
235.732885 -120.983627
235.733077 -124.452179
235.733269 -124.422897
235.733462 -128.702972
235.733654 -123.846031
235.733846 -121.699608
235.734038 -121.696648
235.734231 -121.572357
235.734423 -120.685371
235.734615 -122.994522
235.734808 -129.339188
235.735000 -119.352692
235.735192 -116.475113
235.735385 -116.726555
235.735577 -119.919357
235.735769 -114.929489
235.735962 -113.067749
235.736154 -113.158638
235.736346 -116.084793
235.736538 -117.594658
235.736731 -122.879791
235.736923 -117.565674
235.737115 -116.152725
235.737308 -116.171494
235.737500 -117.181831
235.737692 -117.667183
235.737885 -117.725311
235.738077 -116.650749
235.738269 -117.852501
235.738462 -118.717125
235.738654 -118.774429
235.738846 -123.457008
235.739038 -117.788223
235.739231 -114.970848
235.739423 -114.922073
235.739615 -116.158554
235.739808 -118.391907
235.740000 -123.474800
235.740192 -132.235626
235.740385 -122.543579
235.740577 -121.771118
235.740769 -118.826691
235.740962 -116.261215
235.741154 -117.111069
235.741346 -119.213081
235.741538 -122.567970
235.741731 -119.650604
235.741923 -113.720222
235.742115 -113.049347
235.742308 -113.323387
235.742500 -114.754219
235.742692 -115.679375
235.742885 -116.135033
235.743077 -117.705833
235.743269 -118.945450
235.743462 -120.153839
235.743654 -123.721909
235.743846 -125.842979
235.744038 -117.432442
235.744231 -116.568527
235.744423 -118.221970
235.744615 -113.308685
235.744808 -113.194633
235.745000 -116.762100
235.745192 -123.330856
235.745385 -123.476608
235.745577 -124.084122
235.745769 -118.933228
235.745962 -118.507339
235.746154 -118.656372
235.746346 -120.685196
235.746538 -118.794495
235.746731 -118.559608
235.746923 -122.943367
235.747115 -118.140083
235.747308 -118.248711
235.747500 -119.051308
235.747692 -121.770821
235.747885 -121.786240
235.748077 -123.416786
235.748269 -118.908630
235.748462 -117.818916
235.748654 -119.294456
235.748846 -118.196251
235.749038 -118.768829
235.749231 -117.487686
235.749423 -117.356026
235.749615 -119.655449
235.749808 -124.224625
235.750000 -123.106056
235.750192 -122.090683
235.750385 -122.084579
235.750577 -123.937660
235.750769 -124.969902
235.750962 -123.628693
235.751154 -124.210037
235.751346 -120.230164
235.751538 -120.272575
235.751731 -123.489922
235.751923 -119.703026
235.752115 -119.728951
235.752308 -123.904175
235.752500 -125.647324
235.752692 -128.959335
235.752885 -129.998077
235.753077 -121.247612
235.753269 -119.162674
235.753462 -120.071686
235.753654 -129.967178
235.753846 -124.691658
235.754038 -121.374878
235.754231 -120.717468
235.754423 -120.050659
235.754615 -120.154564
235.754808 -123.466751
235.755000 -117.241562
235.755192 -113.293396
235.755385 -113.064949
235.755577 -114.923050
235.755769 -118.579300
235.755962 -118.578079
235.756154 -116.285858
235.756346 -113.545570
235.756538 -113.726707
235.756731 -117.382950
235.756923 -121.182106
235.757115 -120.598503
235.757308 -120.908829
235.757500 -115.612267
235.757692 -115.363434
235.757885 -116.915115
235.758077 -119.635963
235.758269 -118.186920
235.758462 -117.090210
235.758654 -117.143318
235.758846 -117.997147
235.759038 -119.055489
235.759231 -126.434402
235.759423 -118.047897
235.759615 -116.617859
235.759808 -118.104965
235.760000 -119.864494
235.760192 -121.456375
235.760385 -117.380600
235.760577 -117.475067
235.760769 -120.714813
235.760962 -126.392876
235.761154 -122.611137
235.761346 -115.005402
235.761538 -114.931709
235.761731 -116.871300
235.761923 -119.395073
235.762115 -120.052399
235.762308 -123.130173
235.762500 -123.058929
235.762692 -116.134499
235.762885 -115.128601
235.763077 -116.551483
235.763269 -117.961876
235.763462 -118.578285
235.763654 -125.510422
235.763846 -125.605270
235.764038 -118.862091
235.764231 -114.941780
235.764423 -114.898361
235.764615 -116.739326
235.764808 -118.727524
235.765000 -116.412834
235.765192 -115.849495
235.765385 -115.051338
235.765577 -115.148865
235.765769 -117.261414
235.765962 -112.694473
235.766154 -110.709877
235.766346 -110.745728
235.766538 -112.972435
235.766731 -120.310837
235.766923 -118.361938
235.767115 -118.217216
235.767308 -121.351082
235.767500 -112.780632
235.767692 -112.451118
235.767885 -114.307472
235.768077 -118.861496
235.768269 -118.827171
235.768462 -121.423073
235.768654 -126.412300
235.768846 -124.722847
235.769038 -119.871521
235.769231 -115.048744
235.769423 -114.986496
235.769615 -117.192513
235.769808 -112.818237
235.770000 -112.798958
235.770192 -114.450699
235.770385 -117.176430
235.770577 -119.263924
235.770769 -114.827530
235.770962 -114.234344
235.771154 -116.276825
235.771346 -120.141891
235.771538 -116.856148
235.771731 -116.213043
235.771923 -115.992126
235.772115 -115.467552
235.772308 -115.804733
235.772500 -121.358200
235.772692 -120.495880
235.772885 -111.739845
235.773077 -108.869476
235.773269 -108.729111
235.773462 -109.899361
235.773654 -116.336075
235.773846 -116.033913
235.774038 -116.152115
235.774231 -117.222694
235.774423 -119.162125
235.774615 -115.659737
235.774808 -115.669823
235.775000 -117.518234
235.775192 -116.480553
235.775385 -119.856911
235.775577 -121.704247
235.775769 -121.566513
235.775962 -120.114998
235.776154 -119.756226
235.776346 -119.483025
235.776538 -117.065392
235.776731 -114.562599
235.776923 -112.392654
235.777115 -111.636757
235.777308 -111.831100
235.777500 -115.273758
235.777692 -118.764961
235.777885 -118.757347
235.778077 -123.183838
235.778269 -117.567505
235.778462 -112.855507
235.778654 -112.745308
235.778846 -115.595757
235.779038 -117.756790
235.779231 -117.435089
235.779423 -118.847519
235.779615 -120.952675
235.779808 -115.423317
235.780000 -114.490921
235.780192 -114.896194
235.780385 -119.187859
235.780577 -119.811058
235.780769 -120.367874
235.780962 -123.227585
235.781154 -122.250114
235.781346 -119.283417
235.781538 -118.851234
235.781731 -117.388901
235.781923 -113.469894
235.782115 -113.234444
235.782308 -115.345436
235.782500 -119.751671
235.782692 -119.765556
235.782885 -122.643661
235.783077 -123.694138
235.783269 -120.284050
235.783462 -120.059776
235.783654 -117.385315
235.783846 -117.385895
235.784038 -114.796143
235.784231 -111.073265
235.784423 -111.027878
235.784615 -112.825882
235.784808 -117.630058
235.785000 -113.541153
235.785192 -112.458817
235.785385 -113.558739
235.785577 -114.342705
235.785769 -113.479393
235.785962 -112.373772
235.786154 -112.919220
235.786346 -118.824577
235.786538 -115.637245
235.786731 -109.807762
235.786923 -109.562019
235.787115 -111.260681
235.787308 -120.608185
235.787500 -120.338936
235.787692 -118.282990
235.787885 -118.709747
235.788077 -122.350227
235.788269 -120.500130
235.788462 -120.642197
235.788654 -115.033691
235.788846 -110.880013
235.789038 -110.880295
235.789231 -112.901428
235.789423 -115.833328
235.789615 -110.597321
235.789808 -109.367409
235.790000 -110.803566
235.790192 -118.094772
235.790385 -118.116096
235.790577 -115.623413
235.790769 -112.893661
235.790962 -111.809425
235.791154 -111.805969
235.791346 -113.823082
235.791538 -110.469978
235.791731 -110.391975
235.791923 -112.395615
235.792115 -122.041557
235.792308 -111.740273
235.792500 -110.091858
235.792692 -110.491096
235.792885 -118.380646
235.793077 -112.592857
235.793269 -112.112129
235.793462 -112.864761
235.793654 -113.480972
235.793846 -112.387268
235.794038 -110.752960
235.794231 -111.851631
235.794423 -117.277992
235.794615 -117.455879
235.794808 -115.831474
235.795000 -115.884811
235.795192 -116.844505
235.795385 -115.112152
235.795577 -115.362610
235.795769 -118.664261
235.795962 -122.867348
235.796154 -116.946808
235.796346 -112.144592
235.796538 -111.761345
235.796731 -113.205627
235.796923 -114.033226
235.797115 -113.502686
235.797308 -114.096176
235.797500 -114.273796
235.797692 -114.279320
235.797885 -115.980659
235.798077 -118.939941
235.798269 -114.570366
235.798462 -114.592560
235.798654 -118.743446
235.798846 -123.435745
235.799038 -117.748268
235.799231 -114.770279
235.799423 -114.774651
235.799615 -117.802437
235.799808 -119.275162
235.800000 -115.824654
235.800192 -113.391342
235.800385 -113.313293
235.800577 -115.503777
235.800769 -124.384270
235.800962 -119.079842
235.801154 -110.750946
235.801346 -108.670570
235.801538 -108.720650
235.801731 -114.017975
235.801923 -119.959946
235.802115 -113.359085
235.802308 -108.195740
235.802500 -107.435234
235.802692 -107.644516
235.802885 -110.407433
235.803077 -113.414398
235.803269 -112.060577
235.803462 -112.015289
235.803654 -113.752090
235.803846 -119.506401
235.804038 -120.156425
235.804231 -117.914902
235.804423 -117.946709
235.804615 -116.908394
235.804808 -115.103676
235.805000 -115.007233
235.805192 -114.717384
235.805385 -112.063644
235.805577 -112.041801
235.805769 -115.382957
235.805962 -116.801094
235.806154 -117.110329
235.806346 -117.233917
235.806538 -118.059769
235.806731 -117.991104
235.806923 -116.416290
235.807115 -116.491936
235.807308 -120.951591
235.807500 -115.103561
235.807692 -115.110901
235.807885 -120.507286
235.808077 -119.838699
235.808269 -114.341400
235.808462 -112.204178
235.808654 -112.244614
235.808846 -110.117180
235.809038 -109.508301
235.809231 -109.586510
235.809423 -110.059258
235.809615 -111.472206
235.809808 -112.836082
235.810000 -113.526184
235.810192 -113.677750
235.810385 -111.209732
235.810577 -111.364464
235.810769 -112.873268
235.810962 -112.004585
235.811154 -112.239250
235.811346 -112.563118
235.811538 -112.576553
235.811731 -117.094093
235.811923 -111.676834
235.812115 -111.440948
235.812308 -114.135033
235.812500 -115.564636
235.812692 -111.956947
235.812885 -107.863991
235.813077 -107.861649
235.813269 -112.515732
235.813462 -110.984314
235.813654 -110.997833
235.813846 -110.876816
235.814038 -109.253441
235.814231 -109.341476
235.814423 -113.069817
235.814615 -116.954994
235.814808 -110.268570
235.815000 -109.791763
235.815192 -111.254112
235.815385 -118.157860
235.815577 -114.231010
235.815769 -109.887794
235.815962 -109.196220
235.816154 -109.856064
235.816346 -110.675964
235.816538 -112.965393
235.816731 -118.057419
235.816923 -111.999512
235.817115 -111.898247
235.817308 -115.385918
235.817500 -119.806274
235.817692 -119.833054
235.817885 -118.858047
235.818077 -119.665077
235.818269 -114.743118
235.818462 -113.725838
235.818654 -109.701309
235.818846 -109.084000
235.819038 -110.474350
235.819231 -120.051689
235.819423 -121.636810
235.819615 -116.187965
235.819808 -114.308220
235.820000 -111.856087
235.820192 -110.772964
235.820385 -111.399391
235.820577 -114.409370
235.820769 -112.814934
235.820962 -110.867882
235.821154 -109.403740
235.821346 -109.530411
235.821538 -114.932838
235.821731 -118.178749
235.821923 -114.736382
235.822115 -111.066910
235.822308 -111.061333
235.822500 -116.814850
235.822692 -115.810951
235.822885 -118.316109
235.823077 -116.690361
235.823269 -117.258499
235.823462 -118.177948
235.823654 -118.571686
235.823846 -117.352951
235.824038 -113.937286
235.824231 -111.646393
235.824423 -112.285736
235.824615 -118.152443
235.824808 -116.845001
235.825000 -109.293221
235.825192 -108.954346
235.825385 -112.812065
235.825577 -111.333412
235.825769 -111.364136
235.825962 -112.287575
235.826154 -112.099579
235.826346 -112.693199
235.826538 -120.329620
235.826731 -116.821266
235.826923 -109.522789
235.827115 -109.500992
235.827308 -113.483101
235.827500 -118.514832
235.827692 -118.534683
235.827885 -117.324089
235.828077 -114.193604
235.828269 -108.057129
235.828462 -105.342636
235.828654 -105.527946
235.828846 -112.728241
235.829038 -115.289978
235.829231 -117.571404
235.829423 -117.639656
235.829615 -114.966255
235.829808 -114.960121
235.830000 -106.698067
235.830192 -105.472023
235.830385 -106.556084
235.830577 -109.244972
235.830769 -106.597717
235.830962 -105.640213
235.831154 -105.654160
235.831346 -108.782715
235.831538 -113.087234
235.831731 -113.279861
235.831923 -111.291924
235.832115 -112.583267
235.832308 -109.563797
235.832500 -107.717911
235.832692 -108.344376
235.832885 -110.691856
235.833077 -109.443436
235.833269 -109.208504
235.833462 -107.867104
235.833654 -102.005501
235.833846 -100.821960
235.834038 -101.199104
235.834231 -107.802429
235.834423 -108.395996
235.834615 -108.400520
235.834808 -110.164658
235.835000 -110.564613
235.835192 -110.578011
235.835385 -112.596512
235.835577 -109.514221
235.835769 -105.371521
235.835962 -105.430077
235.836154 -111.470131
235.836346 -116.120438
235.836538 -109.164642
235.836731 -108.909103
235.836923 -110.904411
235.837115 -110.927994
235.837308 -117.318214
235.837500 -122.169075
235.837692 -110.969406
235.837885 -102.959633
235.838077 -102.285133
235.838269 -103.704002
235.838462 -108.843224
235.838654 -108.998405
235.838846 -111.736755
235.839038 -108.351906
235.839231 -107.233002
235.839423 -107.363876
235.839615 -113.200340
235.839808 -112.245735
235.840000 -109.447159
235.840192 -108.804420
235.840385 -104.693420
235.840577 -102.753830
235.840769 -102.785751
235.840962 -105.299530
235.841154 -107.365395
235.841346 -107.493103
235.841538 -108.613388
235.841731 -104.077423
235.841923 -104.102310
235.842115 -109.961792
235.842308 -114.454681
235.842500 -110.367775
235.842692 -107.335098
235.842885 -104.855034
235.843077 -103.926353
235.843269 -103.931419
235.843462 -106.311874
235.843654 -109.533684
235.843846 -108.305038
235.844038 -106.677559
235.844231 -106.689186
235.844423 -105.314072
235.844615 -105.006264
235.844808 -105.605652
235.845000 -110.558746
235.845192 -106.395119
235.845385 -103.063324
235.845577 -101.156288
235.845769 -101.565758
235.845962 -106.271019
235.846154 -103.054314
235.846346 -103.068161
235.846538 -104.983849
235.846731 -105.783058
235.846923 -101.633972
235.847115 -101.643051
235.847308 -106.333847
235.847500 -107.900757
235.847692 -104.867157
235.847885 -104.370796
235.848077 -104.846474
235.848269 -107.064636
235.848462 -107.450020
235.848654 -109.003326
235.848846 -103.764412
235.849038 -103.473045
235.849231 -103.987602
235.849423 -106.822975
235.849615 -106.557999
235.849808 -107.522018
235.850000 -108.313759
235.850192 -110.409645
235.850385 -104.764854
235.850577 -104.909317
235.850769 -108.178383
235.850962 -108.178596
235.851154 -113.989601
235.851346 -105.633835
235.851538 -99.640892
235.851731 -97.504326
235.851923 -97.530739
235.852115 -100.360527
235.852308 -104.029549
235.852500 -102.266060
235.852692 -100.689766
235.852885 -100.706139
235.853077 -102.401192
235.853269 -104.675354
235.853462 -101.456078
235.853654 -101.444679
235.853846 -104.601807
235.854038 -101.005775
235.854231 -99.613121
235.854423 -99.734947
235.854615 -98.345001
235.854808 -98.078262
235.855000 -99.243279
235.855192 -102.320198
235.855385 -102.291374
235.855577 -104.534554
235.855769 -104.229340
235.855962 -104.453880
235.856154 -104.458176
235.856346 -104.950394
235.856538 -106.293831
235.856731 -102.006554
235.856923 -102.395668
235.857115 -103.315231
235.857308 -104.780724
235.857500 -106.105713
235.857692 -105.134552
235.857885 -98.163422
235.858077 -95.701172
235.858269 -96.064354
235.858462 -102.228836
235.858654 -98.096542
235.858846 -96.853203
235.859038 -96.951698
235.859231 -97.979408
235.859423 -97.825302
235.859615 -100.149544
235.859808 -103.405365
235.860000 -97.502289
235.860192 -97.085953
235.860385 -98.027054
235.860577 -101.783775
235.860769 -102.012878
235.860962 -107.034416
235.861154 -106.741325
235.861346 -104.666672
235.861538 -99.722404
235.861731 -99.620789
235.861923 -97.802032
235.862115 -95.345970
235.862308 -95.761131
235.862500 -102.095711
235.862692 -103.689934
235.862885 -104.846825
235.863077 -95.369209
235.863269 -94.205620
235.863462 -94.490967
235.863654 -96.322289
235.863846 -97.608963
235.864038 -99.227127
235.864231 -100.186913
235.864423 -98.447578
235.864615 -94.386536
235.864808 -94.378586
235.865000 -96.254318
235.865192 -99.821228
235.865385 -93.394890
235.865577 -90.838699
235.865769 -90.792374
235.865962 -92.698959
235.866154 -94.808243
235.866346 -94.809464
235.866538 -96.386528
235.866731 -99.022148
235.866923 -99.225090
235.867115 -102.194756
235.867308 -99.144592
235.867500 -97.421646
235.867692 -96.208321
235.867885 -96.535393
235.868077 -106.355240
235.868269 -105.618423
235.868462 -101.957336
235.868654 -102.002388
235.868846 -106.315536
235.869038 -98.540123
235.869231 -94.736229
235.869423 -94.318558
235.869615 -94.566147
235.869808 -96.330658
235.870000 -98.732849
235.870192 -100.721573
235.870385 -99.749321
235.870577 -99.122070
235.870769 -99.390213
235.870962 -102.056259
235.871154 -106.714729
235.871346 -107.261505
235.871538 -105.463913
235.871731 -106.197037
235.871923 -102.582817
235.872115 -97.663704
235.872308 -97.691635
235.872500 -101.049042
235.872692 -107.647087
235.872885 -107.189369
235.873077 -106.070389
235.873269 -108.401566
235.873462 -108.487282
235.873654 -102.379509
235.873846 -98.322021
235.874038 -98.330391
235.874231 -101.529457
235.874423 -108.093994
235.874615 -103.003494
235.874808 -101.614349
235.875000 -101.917740
235.875192 -106.769432
235.875385 -105.938034
235.875577 -106.082199
235.875769 -103.579674
235.875962 -101.856331
235.876154 -102.314758
235.876346 -106.060966
235.876538 -100.899658
235.876731 -100.126579
235.876923 -100.736267
235.877115 -104.145271
235.877308 -102.195671
235.877500 -102.738281
235.877692 -103.794685
235.877885 -104.338005
235.878077 -104.505966
235.878269 -100.020737
235.878462 -98.905128
235.878654 -99.069336
235.878846 -102.966942
235.879038 -103.080597
235.879231 -108.377495
235.879423 -103.475037
235.879615 -100.231750
235.879808 -100.218979
235.880000 -101.081779
235.880192 -101.143959
235.880385 -104.661652
235.880577 -103.845177
235.880769 -103.742088
235.880962 -106.050133
235.881154 -102.231491
235.881346 -102.012222
235.881538 -104.989868
235.881731 -116.229774
235.881923 -103.328598
235.882115 -98.775536
235.882308 -97.338799
235.882500 -97.300957
235.882692 -98.288734
235.882885 -102.426666
235.883077 -108.870583
235.883269 -106.980598
235.883462 -106.718803
235.883654 -107.927948
235.883846 -109.977585
235.884038 -110.043854
235.884231 -106.563431
235.884423 -102.883461
235.884615 -102.854294
235.884808 -105.171303
235.885000 -108.913506
235.885192 -109.756287
235.885385 -103.709389
235.885577 -100.557434
235.885769 -99.904182
235.885962 -100.464020
235.886154 -102.907715
235.886346 -103.248611
235.886538 -107.605606
235.886731 -108.098045
235.886923 -104.176910
235.887115 -101.820724
235.887308 -101.573776
235.887500 -103.164452
235.887692 -108.382484
235.887885 -107.700493
235.888077 -109.057060
235.888269 -114.274147
235.888462 -111.059280
235.888654 -109.454559
235.888846 -108.385071
235.889038 -108.628624
235.889231 -106.673058
235.889423 -103.766518
235.889615 -104.038422
235.889808 -109.883194
235.890000 -105.117760
235.890192 -103.979439
235.890385 -104.661812
235.890577 -112.723907
235.890769 -113.018845
235.890962 -107.649643
235.891154 -107.702141
235.891346 -109.540588
235.891538 -109.402138
235.891731 -109.961082
235.891923 -110.123138
235.892115 -111.725021
235.892308 -111.413139
235.892500 -111.910767
235.892692 -118.019821
235.892885 -111.236259
235.893077 -108.440460
235.893269 -108.452827
235.893462 -112.600693
235.893654 -108.544968
235.893846 -106.807335
235.894038 -107.117744
235.894231 -108.368790
235.894423 -109.411972
235.894615 -111.898247
235.894808 -112.308769
235.895000 -111.157021
235.895192 -104.641563
235.895385 -104.354362
235.895577 -106.141914
235.895769 -110.274223
235.895962 -109.356956
235.896154 -111.679588
235.896346 -117.129555
235.896538 -115.816963
235.896731 -113.384247
235.896923 -111.794571
235.897115 -110.346733
235.897308 -110.358368
235.897500 -115.977402
235.897692 -112.862808
235.897885 -112.680359
235.898077 -113.712784
235.898269 -111.121262
235.898462 -107.325676
235.898654 -107.044357
235.898846 -107.133186
235.899038 -108.653229
235.899231 -112.031967
235.899423 -111.498734
235.899615 -111.844246
235.899808 -111.693855
235.900000 -110.622719
235.900192 -111.620850
235.900385 -112.349670
235.900577 -109.636856
235.900769 -109.665825
235.900962 -108.265244
235.901154 -108.248856
235.901346 -109.590599
235.901538 -109.262794
235.901731 -109.570320
235.901923 -114.781364
235.902115 -107.306992
235.902308 -106.552261
235.902500 -108.795624
235.902692 -118.452690
235.902885 -116.114334
235.903077 -116.473145
235.903269 -116.748405
235.903462 -114.375458
235.903654 -111.213074
235.903846 -111.195030
235.904038 -116.796104
235.904231 -115.768967
235.904423 -112.698929
235.904615 -107.150238
235.904808 -106.463722
235.905000 -107.205444
235.905192 -112.828865
235.905385 -109.300537
235.905577 -107.715775
235.905769 -108.229462
235.905962 -114.191498
235.906154 -120.417229
235.906346 -111.269905
235.906538 -110.437469
235.906731 -112.714882
235.906923 -122.815605
235.907115 -112.697609
235.907308 -110.402008
235.907500 -112.194893
235.907692 -106.546265
235.907885 -106.545502
235.908077 -109.535950
235.908269 -107.315971
235.908462 -106.574570
235.908654 -107.211861
235.908846 -113.683083
235.909038 -115.404907
235.909231 -116.655670
235.909423 -119.525009
235.909615 -114.528297
235.909808 -113.903267
235.910000 -113.907097
235.910192 -116.887245
235.910385 -114.442261
235.910577 -115.421387
235.910769 -111.541153
235.910962 -110.530197
235.911154 -110.611099
235.911346 -112.405983
235.911538 -115.754929
235.911731 -121.826836
235.911923 -118.062836
235.912115 -117.145119
235.912308 -115.424591
235.912500 -116.506737
235.912692 -114.981369
235.912885 -113.424309
235.913077 -113.426819
235.913269 -114.288628
235.913462 -109.175690
235.913654 -109.244461
235.913846 -111.996902
235.914038 -110.540878
235.914231 -110.649818
235.914423 -112.453751
235.914615 -116.621201
235.914808 -115.184921
235.915000 -115.443192
235.915192 -116.897751
235.915385 -117.389709
235.915577 -115.898651
235.915769 -115.473083
235.915962 -115.590736
235.916154 -116.500664
235.916346 -115.076172
235.916538 -115.094307
235.916731 -118.104897
235.916923 -115.153717
235.917115 -113.827209
235.917308 -113.931641
235.917500 -115.826340
235.917692 -112.778938
235.917885 -113.708817
235.918077 -121.964180
235.918269 -123.853180
235.918462 -122.506493
235.918654 -116.219040
235.918846 -115.903313
235.919038 -116.700989
235.919231 -112.909409
235.919423 -109.999840
235.919615 -110.002235
235.919808 -112.943443
235.920000 -111.979790
235.920192 -113.516945
235.920385 -123.045654
235.920577 -114.121452
235.920769 -112.905472
235.920962 -113.450851
235.921154 -116.007881
235.921346 -114.947510
235.921538 -115.259323
235.921731 -121.562286
235.921923 -123.391243
235.922115 -128.957092
235.922308 -120.628777
235.922500 -115.880470
235.922692 -114.272911
235.922885 -111.868118
235.923077 -111.749939
235.923269 -115.504219
235.923462 -124.507957
235.923654 -125.638573
235.923846 -112.546623
235.924038 -109.729919
235.924231 -109.744843
235.924423 -111.541283
235.924615 -112.756638
235.924808 -107.401154
235.925000 -107.116943
235.925192 -108.319084
235.925385 -117.413719
235.925577 -118.450478
235.925769 -118.892281
235.925962 -121.843452
235.926154 -112.731140
235.926346 -108.715706
235.926538 -108.371651
235.926731 -109.301613
235.926923 -117.369530
235.927115 -119.076881
235.927308 -120.816444
235.927500 -124.405914
235.927692 -116.794952
235.927885 -116.765182
235.928077 -121.000259
235.928269 -122.008972
235.928462 -116.600578
235.928654 -115.598824
235.928846 -109.156227
235.929038 -108.798019
235.929231 -110.451729
235.929423 -118.336723
235.929615 -118.823112
235.929808 -116.240341
235.930000 -115.632744
235.930192 -114.976418
235.930385 -115.204887
235.930577 -116.507767
235.930769 -116.760567
235.930962 -112.730995
235.931154 -111.426491
235.931346 -110.822868
235.931538 -110.839638
235.931731 -111.673973
235.931923 -113.610657
235.932115 -114.778976
235.932308 -114.116585
235.932500 -115.515106
235.932692 -113.445801
235.932885 -111.512039
235.933077 -111.424713
235.933269 -112.191048
235.933462 -110.991539
235.933654 -110.948570
235.933846 -112.795654
235.934038 -113.559837
235.934231 -111.601036
235.934423 -111.932770
235.934615 -116.477478
235.934808 -116.497498
235.935000 -116.527634
235.935192 -116.514908
235.935385 -115.577133
235.935577 -113.595848
235.935769 -113.556503
235.935962 -114.599907
235.936154 -116.121887
235.936346 -114.889549
235.936538 -115.621330
235.936731 -113.316353
235.936923 -113.302155
235.937115 -117.150444
235.937308 -122.434242
235.937500 -115.977364
235.937692 -115.826721
235.937885 -116.945023
235.938077 -120.720894
235.938269 -115.508484
235.938462 -114.535652
235.938654 -114.988625
235.938846 -116.042717
235.939038 -113.361618
235.939231 -113.362511
235.939423 -113.665169
235.939615 -113.264854
235.939808 -113.312744
235.940000 -116.376968
235.940192 -113.999115
235.940385 -113.488098
235.940577 -114.415947
235.940769 -116.663162
235.940962 -114.390305
235.941154 -114.377281
235.941346 -115.963539
235.941538 -113.126915
235.941731 -112.190781
235.941923 -112.276497
235.942115 -113.782455
235.942308 -115.199814
235.942500 -117.135536
235.942692 -117.464127
235.942885 -119.982048
235.943077 -119.700592
235.943269 -115.696404
235.943462 -115.006676
235.943654 -115.481209
235.943846 -118.257500
235.944038 -118.676071
235.944231 -115.430840
235.944423 -114.153633
235.944615 -111.127327
235.944808 -109.673866
235.945000 -109.788170
235.945192 -112.977951
235.945385 -119.366005
235.945577 -125.539299
235.945769 -113.317909
235.945962 -112.228065
235.946154 -113.492332
235.946346 -122.112175
235.946538 -122.587257
235.946731 -130.696167
235.946923 -130.470520
235.947115 -123.547485
235.947308 -123.637100
235.947500 -123.775528
235.947692 -121.434837
235.947885 -121.157730
235.948077 -121.248802
235.948269 -121.336403
235.948462 -115.379799
235.948654 -113.216110
235.948846 -113.215912
235.949038 -114.821152
235.949231 -114.617760
235.949423 -114.295059
235.949615 -116.464279
235.949808 -117.807457
235.950000 -117.897324
235.950192 -120.010139
235.950385 -124.549179
235.950577 -126.690460
235.950769 -127.111191
235.950962 -121.036156
235.951154 -121.008316
235.951346 -117.350716
235.951538 -115.544182
235.951731 -116.290977
235.951923 -125.130875
235.952115 -124.099899
235.952308 -119.417969
235.952500 -117.964294
235.952692 -111.164063
235.952885 -110.647728
235.953077 -112.430672
235.953269 -117.222351
235.953462 -114.989342
235.953654 -115.052261
235.953846 -119.016708
235.954038 -120.860107
235.954231 -119.924957
235.954423 -122.135101
235.954615 -126.147835
235.954808 -121.222466
235.955000 -118.124237
235.955192 -117.295708
235.955385 -118.450554
235.955577 -126.693367
235.955769 -122.597015
235.955962 -122.707489
235.956154 -127.660820
235.956346 -123.192978
235.956538 -121.379417
235.956731 -122.528679
235.956923 -126.497467
235.957115 -122.245842
235.957308 -120.369316
235.957500 -120.016563
235.957692 -113.985939
235.957885 -113.252823
235.958077 -113.985687
235.958269 -116.093933
235.958462 -116.506943
235.958654 -116.551033
235.958846 -115.823082
235.959038 -115.802895
235.959231 -119.204735
235.959423 -121.063034
235.959615 -121.060791
235.959808 -119.910515
235.960000 -116.355888
235.960192 -113.861259
235.960385 -113.452156
235.960577 -113.788658
235.960769 -116.520561
235.960962 -118.241989
235.961154 -117.875702
235.961346 -118.972839
235.961538 -122.675049
235.961731 -117.327110
235.961923 -116.854286
235.962115 -117.811165
235.962308 -117.332993
235.962500 -117.345909
235.962692 -120.661171
235.962885 -120.651566
235.963077 -121.953377
235.963269 -119.454613
235.963462 -117.482025
235.963654 -117.243446
235.963846 -118.316437
235.964038 -119.103470
235.964231 -120.981392
235.964423 -119.249496
235.964615 -118.768715
235.964808 -119.164940
235.965000 -120.909370
235.965192 -124.031212
235.965385 -122.098717
235.965577 -122.441200
235.965769 -120.016319
235.965962 -115.778831
235.966154 -115.318588
235.966346 -115.639610
235.966538 -118.156570
235.966731 -121.653992
235.966923 -122.944397
235.967115 -118.846573
235.967308 -118.568497
235.967500 -119.902649
235.967692 -120.453461
235.967885 -118.282112
235.968077 -118.396332
235.968269 -119.129768
235.968462 -112.936310
235.968654 -111.693863
235.968846 -111.701004
235.969038 -113.636147
235.969231 -119.246521
235.969423 -113.915436
235.969615 -113.268776
235.969808 -114.192749
235.970000 -121.486092
235.970192 -122.841545
235.970385 -122.391678
235.970577 -122.232323
235.970769 -121.850761
235.970962 -125.563034
235.971154 -126.585587
235.971346 -127.484444
235.971538 -120.144188
235.971731 -120.143982
235.971923 -116.138275
235.972115 -115.693977
235.972308 -118.325905
235.972500 -116.091324
235.972692 -116.094017
235.972885 -119.745338
235.973077 -123.483780
235.973269 -120.063034
235.973462 -115.071907
235.973654 -115.074081
235.973846 -119.032455
235.974038 -122.771683
235.974231 -125.465668
235.974423 -130.837311
235.974615 -122.871040
235.974808 -118.168259
235.975000 -118.248360
235.975192 -125.388351
235.975385 -127.633904
235.975577 -121.334709
235.975769 -118.264236
235.975962 -117.411491
235.976154 -117.489365
235.976346 -119.255745
235.976538 -121.164063
235.976731 -118.990196
235.976923 -118.991760
235.977115 -121.720932
235.977308 -120.698174
235.977500 -121.517075
235.977692 -126.198776
235.977885 -125.840256
235.978077 -121.741013
235.978269 -121.729668
235.978462 -124.011734
235.978654 -120.420959
235.978846 -120.418915
235.979038 -120.546265
235.979231 -119.868225
235.979423 -119.872101
235.979615 -123.350571
235.979808 -121.426109
235.980000 -117.748917
235.980192 -117.769753
235.980385 -122.621193
235.980577 -120.046150
235.980769 -120.283905
235.980962 -122.718803
235.981154 -124.697067
235.981346 -126.365517
235.981538 -119.183205
235.981731 -116.404297
235.981923 -116.625198
235.982115 -120.080078
235.982308 -119.173325
235.982500 -117.905037
235.982692 -118.134933
235.982885 -115.697601
235.983077 -113.701416
235.983269 -113.916595
235.983462 -117.902046
235.983654 -123.422630
235.983846 -121.286476
235.984038 -118.929901
235.984231 -119.394691
235.984423 -124.152275
235.984615 -124.250092
235.984808 -120.848038
235.985000 -120.948692
235.985192 -117.641335
235.985385 -116.115189
235.985577 -116.387688
235.985769 -119.686073
235.985962 -121.573067
235.986154 -118.942192
235.986346 -118.918617
235.986538 -118.797485
235.986731 -119.139786
235.986923 -121.701797
235.987115 -120.455338
235.987308 -119.932854
235.987500 -115.384979
235.987692 -114.469391
235.987885 -114.742538
235.988077 -115.242081
235.988269 -115.629295
235.988462 -117.880501
235.988654 -119.485626
235.988846 -122.667435
235.989038 -119.612823
235.989231 -119.609566
235.989423 -123.858559
235.989615 -120.631691
235.989808 -121.571396
235.990000 -119.582008
235.990192 -119.294762
235.990385 -121.157730
235.990577 -118.344185
235.990769 -118.544907
235.990962 -114.138916
235.991154 -111.434525
235.991346 -111.461617
235.991538 -114.307030
235.991731 -118.364006
235.991923 -118.260841
235.992115 -120.774124
235.992308 -122.637085
235.992500 -125.900780
235.992692 -128.027756
235.992885 -121.971054
235.993077 -120.040009
235.993269 -120.423622
235.993462 -123.320999
235.993654 -122.639832
235.993846 -123.098343
235.994038 -119.044983
235.994231 -116.409683
235.994423 -115.454575
235.994615 -112.428574
235.994808 -111.959717
235.995000 -112.689880
235.995192 -118.367683
235.995385 -115.784439
235.995577 -115.784767
235.995769 -119.244537
235.995962 -120.115952
235.996154 -120.971092
235.996346 -117.177383
235.996538 -111.940613
235.996731 -111.800789
235.996923 -114.189148
235.997115 -119.392624
235.997308 -120.951294
235.997500 -121.071655
235.997692 -119.804512
235.997885 -119.250755
235.998077 -120.672455
235.998269 -125.769768
235.998462 -118.582626
235.998654 -118.366753
235.998846 -121.041855
235.999038 -123.073135
235.999231 -122.068123
235.999423 -122.191780
235.999615 -123.592003
235.999808 -121.270134
236.000000 -119.257301
236.000192 -119.402702
236.000385 -125.331223
236.000577 -125.812408
236.000769 -117.840218
236.000962 -116.553490
236.001154 -117.494545
236.001346 -116.695335
236.001538 -116.715736
236.001731 -120.246132
236.001923 -130.061539
236.002115 -144.145370
236.002308 -131.228134
236.002500 -126.092247
236.002692 -124.254692
236.002885 -124.465118
236.003077 -122.632851
236.003269 -122.632774
236.003462 -123.082703
236.003654 -128.767075
236.003846 -130.766769
236.004038 -127.632065
236.004231 -123.165474
236.004423 -123.236076
236.004615 -123.627045
236.004808 -120.424332
236.005000 -119.805901
236.005192 -121.280121
236.005385 -123.620468
236.005577 -119.752075
236.005769 -119.752357
236.005962 -123.716118
236.006154 -128.902893
236.006346 -127.139320
236.006538 -119.100624
236.006731 -118.345039
236.006923 -118.349068
236.007115 -119.659645
236.007308 -125.397232
236.007500 -125.360115
236.007692 -127.933098
236.007885 -123.314629
236.008077 -121.753670
236.008269 -119.876045
236.008462 -119.455711
236.008654 -119.459320
236.008846 -121.318764
236.009038 -128.493439
236.009231 -129.561203
236.009423 -125.927460
236.009615 -125.133438
236.009808 -117.417503
236.010000 -116.425102
236.010192 -117.534180
236.010385 -121.977882
236.010577 -122.051140
236.010769 -121.027290
236.010962 -120.955360
236.011154 -125.270805
236.011346 -120.555031
236.011538 -120.719383
236.011731 -117.159859
236.011923 -116.912651
236.012115 -117.537704
236.012308 -119.772110
236.012500 -122.618729
236.012692 -125.641098
236.012885 -129.353592
236.013077 -125.794975
236.013269 -124.408722
236.013462 -126.933807
236.013654 -116.828651
236.013846 -112.780983
236.014038 -112.775841
236.014231 -116.365730
236.014423 -119.994270
236.014615 -119.673790
236.014808 -120.058990
236.015000 -122.209030
236.015192 -116.581505
236.015385 -116.529869
236.015577 -120.935524
236.015769 -119.654533
236.015962 -119.348038
236.016154 -121.461868
236.016346 -117.722427
236.016538 -118.584541
236.016731 -127.072014
236.016923 -121.956337
236.017115 -120.075432
236.017308 -117.637428
236.017500 -114.164833
236.017692 -114.425179
236.017885 -121.547073
236.018077 -122.347542
236.018269 -125.550705
236.018462 -123.313942
236.018654 -120.366150
236.018846 -119.060181
236.019038 -120.448624
236.019231 -117.176674
236.019423 -115.877922
236.019615 -116.088425
236.019808 -117.019379
236.020000 -115.297516
236.020192 -115.849792
236.020385 -122.424019
236.020577 -122.910934
236.020769 -116.874290
236.020962 -116.703072
236.021154 -118.268517
236.021346 -120.555367
236.021538 -121.228653
236.021731 -119.261047
236.021923 -118.929726
236.022115 -116.445862
236.022308 -115.559532
236.022500 -117.152122
236.022692 -125.544228
236.022885 -131.923782
236.023077 -129.128174
236.023269 -121.784897
236.023462 -120.014915
236.023654 -120.611671
236.023846 -125.419678
236.024038 -125.446083
236.024231 -124.550407
236.024423 -120.445137
236.024615 -120.398338
236.024808 -122.951904
236.025000 -123.407051
236.025192 -123.418274
236.025385 -124.322823
236.025577 -123.358498
236.025769 -121.190880
236.025962 -117.109741
236.026154 -115.181976
236.026346 -114.741623
236.026538 -114.970230
236.026731 -121.550346
236.026923 -122.300568
236.027115 -121.741280
236.027308 -115.619659
236.027500 -114.436913
236.027692 -114.443108
236.027885 -115.882072
236.028077 -118.945511
236.028269 -122.087944
236.028462 -122.207428
236.028654 -122.652313
236.028846 -125.181343
236.029038 -122.150146
236.029231 -122.150757
236.029423 -116.805351
236.029615 -116.775391
236.029808 -123.066505
236.030000 -124.667625
236.030192 -122.032654
236.030385 -121.534508
236.030577 -121.832146
236.030769 -119.638870
236.030962 -119.906479
236.031154 -121.163063
236.031346 -128.581726
236.031538 -119.897263
236.031731 -116.235878
236.031923 -115.057518
236.032115 -115.165680
236.032308 -118.553955
236.032500 -121.750282
236.032692 -117.784012
236.032885 -117.183640
236.033077 -117.224243
236.033269 -118.424438
236.033462 -121.826019
236.033654 -122.838615
236.033846 -123.617622
236.034038 -119.456779
236.034231 -119.374115
236.034423 -120.601196
236.034615 -115.217018
236.034808 -114.395988
236.035000 -115.440842
236.035192 -119.331306
236.035385 -118.252754
236.035577 -118.320564
236.035769 -118.503479
236.035962 -118.572479
236.036154 -118.574036
236.036346 -121.895828
236.036538 -127.129814
236.036731 -125.958366
236.036923 -122.963058
236.037115 -123.228561
236.037308 -122.324043
236.037500 -122.351395
236.037692 -121.117386
236.037885 -116.581955
236.038077 -116.081146
236.038269 -116.370132
236.038462 -123.418602
236.038654 -127.180893
236.038846 -127.999184
236.039038 -129.896164
236.039231 -130.103653
236.039423 -123.579918
236.039615 -122.942589
236.039808 -123.127182
236.040000 -125.390961
236.040192 -135.189957
236.040385 -119.679375
236.040577 -116.614624
236.040769 -116.719543
236.040962 -121.321754
236.041154 -119.984985
236.041346 -119.991394
236.041538 -120.829529
236.041731 -120.525085
236.041923 -123.976768
236.042115 -125.479095
236.042308 -127.338226
236.042500 -119.227394
236.042692 -116.332092
236.042885 -116.218399
236.043077 -117.068932
236.043269 -116.526283
236.043462 -116.576416
236.043654 -120.668488
236.043846 -127.837006
236.044038 -135.702255
236.044231 -125.877739
236.044423 -124.015411
236.044615 -125.576248
236.044808 -121.381325
236.045000 -119.416527
236.045192 -118.822006
236.045385 -119.194794
236.045577 -121.262856
236.045769 -118.635864
236.045962 -118.541985
236.046154 -120.404518
236.046346 -126.349518
236.046538 -128.236130
236.046731 -123.157066
236.046923 -121.209328
236.047115 -121.246719
236.047308 -122.268700
236.047500 -125.926682
236.047692 -121.358978
236.047885 -121.293770
236.048077 -121.965370
236.048269 -123.858505
236.048462 -122.624138
236.048654 -120.331963
236.048846 -121.204529
236.049038 -118.306816
236.049231 -117.907761
236.049423 -117.479095
236.049615 -117.116570
236.049808 -117.436462
236.050000 -117.358665
236.050192 -118.278427
236.050385 -120.333710
236.050577 -117.672592
236.050769 -117.699486
236.050962 -119.938591
236.051154 -124.304054
236.051346 -121.912849
236.051538 -122.026672
236.051731 -122.583748
236.051923 -119.941528
236.052115 -119.833336
236.052308 -118.072517
236.052500 -115.760399
236.052692 -115.630852
236.052885 -115.820847
236.053077 -116.167397
236.053269 -120.013977
236.053462 -128.265152
236.053654 -132.422653
236.053846 -130.848862
236.054038 -126.031525
236.054231 -118.608047
236.054423 -117.587166
236.054615 -116.855026
236.054808 -115.452278
236.055000 -115.170731
236.055192 -115.364426
236.055385 -116.623711
236.055577 -121.021423
236.055769 -131.428558
236.055962 -126.440659
236.056154 -117.707329
236.056346 -115.415428
236.056538 -115.419380
236.056731 -117.526917
236.056923 -121.394577
236.057115 -129.507965
236.057308 -124.958351
236.057500 -122.573448
236.057692 -119.845757
236.057885 -118.269669
236.058077 -117.752182
236.058269 -117.892769
236.058462 -119.104111
236.058654 -119.660225
236.058846 -116.069519
236.059038 -115.802643
236.059231 -117.782600
236.059423 -121.015648
236.059615 -120.989395
236.059808 -125.075203
236.060000 -117.718323
236.060192 -117.376434
236.060385 -120.106987
236.060577 -123.149101
236.060769 -124.898102
236.060962 -122.652588
236.061154 -122.414871
236.061346 -124.760376
236.061538 -124.810730
236.061731 -123.416756
236.061923 -123.889259
236.062115 -130.532242
236.062308 -129.749039
236.062500 -121.688446
236.062692 -120.344353
236.062885 -120.662216
236.063077 -119.235550
236.063269 -117.522713
236.063462 -118.491714
236.063654 -121.188271
236.063846 -118.943764
236.064038 -118.987999
236.064231 -120.104263
236.064423 -120.232285
236.064615 -123.748833
236.064808 -117.534225
236.065000 -115.764427
236.065192 -115.470284
236.065385 -116.033707
236.065577 -117.671700
236.065769 -118.883545
236.065962 -124.323174
236.066154 -119.293747
236.066346 -117.538742
236.066538 -117.604950
236.066731 -120.316109
236.066923 -127.030281
236.067115 -122.777946
236.067308 -121.828857
236.067500 -121.833527
236.067692 -124.240059
236.067885 -119.899124
236.068077 -118.965630
236.068269 -119.518539
236.068462 -122.099854
236.068654 -122.311584
236.068846 -117.045280
236.069038 -116.726555
236.069231 -116.787743
236.069423 -116.931602
236.069615 -117.276962
236.069808 -121.153442
236.070000 -120.173286
236.070192 -121.596962
236.070385 -125.677116
236.070577 -124.443138
236.070769 -125.163826
236.070962 -125.173195
236.071154 -120.633438
236.071346 -120.773293
236.071538 -121.049507
236.071731 -121.280434
236.071923 -122.709602
236.072115 -122.807068
236.072308 -117.992661
236.072500 -117.411636
236.072692 -117.919487
236.072885 -120.252159
236.073077 -122.661743
236.073269 -122.115654
236.073462 -123.836380
236.073654 -122.930962
236.073846 -115.964798
236.074038 -115.340492
236.074231 -116.932022
236.074423 -124.252670
236.074615 -121.915558
236.074808 -120.288422
236.075000 -121.002396
236.075192 -124.869118
236.075385 -124.411095
236.075577 -127.452545
236.075769 -122.101494
236.075962 -118.087982
236.076154 -118.238434
236.076346 -124.727180
236.076538 -126.769264
236.076731 -134.784149
236.076923 -133.673279
236.077115 -121.529655
236.077308 -119.881653
236.077500 -120.535400
236.077692 -125.785835
236.077885 -121.724236
236.078077 -120.251663
236.078269 -120.258156
236.078462 -121.218765
236.078654 -122.937439
236.078846 -123.399643
236.079038 -122.425774
236.079231 -122.521919
236.079423 -121.737968
236.079615 -119.186356
236.079808 -119.221275
236.080000 -120.817825
236.080192 -120.716553
236.080385 -121.624039
236.080577 -118.539764
236.080769 -117.736526
236.080962 -117.666862
236.081154 -117.895622
236.081346 -118.439003
236.081538 -122.370369
236.081731 -123.113991
236.081923 -123.063576
236.082115 -124.737396
236.082308 -127.277496
236.082500 -130.222610
236.082692 -124.915886
236.082885 -124.873947
236.083077 -128.715759
236.083269 -123.172134
236.083462 -117.405823
236.083654 -116.618362
236.083846 -117.474808
236.084038 -123.703957
236.084231 -125.074173
236.084423 -123.059113
236.084615 -124.258621
236.084808 -127.954445
236.085000 -121.082298
236.085192 -120.884109
236.085385 -123.388351
236.085577 -120.515663
236.085769 -119.541573
236.085962 -120.048698
236.086154 -120.172424
236.086346 -120.533516
236.086538 -123.628799
236.086731 -123.466095
236.086923 -124.384888
236.087115 -131.535263
236.087308 -121.265259
236.087500 -116.383774
236.087692 -116.143837
236.087885 -118.044350
236.088077 -129.892242
236.088269 -121.193062
236.088462 -120.337219
236.088654 -121.141754
236.088846 -121.854462
236.089038 -121.374603
236.089231 -122.129868
236.089423 -124.433815
236.089615 -127.252647
236.089808 -127.563301
236.090000 -129.866592
236.090192 -128.111694
236.090385 -120.345146
236.090577 -118.798401
236.090769 -119.050217
236.090962 -121.369392
236.091154 -119.574028
236.091346 -118.151573
236.091538 -120.205040
236.091731 -126.285759
236.091923 -121.947418
236.092115 -121.468262
236.092308 -124.185181
236.092500 -129.636017
236.092692 -123.926430
236.092885 -121.152351
236.093077 -121.160141
236.093269 -122.843224
236.093462 -123.749809
236.093654 -125.232414
236.093846 -131.799194
236.094038 -128.288986
236.094231 -126.983452
236.094423 -126.159439
236.094615 -126.359497
236.094808 -122.446861
236.095000 -121.692696
236.095192 -124.789925
236.095385 -124.999580
236.095577 -124.775429
236.095769 -124.155327
236.095962 -124.159248
236.096154 -127.630844
236.096346 -122.270950
236.096538 -122.203720
236.096731 -125.976624
236.096923 -127.735550
236.097115 -124.724380
236.097308 -121.596313
236.097500 -121.605316
236.097692 -123.273949
236.097885 -125.686943
236.098077 -123.563850
236.098269 -121.086800
236.098462 -119.327469
236.098654 -119.075348
236.098846 -120.463646
236.099038 -121.591324
236.099231 -121.591209
236.099423 -122.466446
236.099615 -121.843231
236.099808 -118.795074
236.100000 -118.740440
236.100192 -121.626762
236.100385 -127.160439
236.100577 -125.047836
236.100769 -122.480118
236.100962 -122.660660
236.101154 -122.841446
236.101346 -120.665100
236.101538 -119.996132
236.101731 -120.085663
236.101923 -121.399490
236.102115 -118.719681
236.102308 -118.287399
236.102500 -121.091454
236.102692 -122.187088
236.102885 -119.071304
236.103077 -117.494659
236.103269 -117.500160
236.103462 -117.624397
236.103654 -118.213844
236.103846 -120.580147
236.104038 -120.536194
236.104231 -123.099258
236.104423 -126.333344
236.104615 -122.110489
236.104808 -122.061378
236.105000 -121.405731
236.105192 -120.178123
236.105385 -120.079018
236.105577 -120.959297
236.105769 -125.000572
236.105962 -122.698807
236.106154 -120.747536
236.106346 -119.893250
236.106538 -119.983276
236.106731 -126.214676
236.106923 -127.385437
236.107115 -130.014832
236.107308 -122.046570
236.107500 -118.741928
236.107692 -118.717957
236.107885 -120.015358
236.108077 -126.329544
236.108269 -124.311249
236.108462 -122.484459
236.108654 -122.715057
236.108846 -128.439697
236.109038 -128.275375
236.109231 -128.668900
236.109423 -121.898880
236.109615 -121.160583
236.109808 -121.640518
236.110000 -125.639450
236.110192 -125.132095
236.110385 -129.260544
236.110577 -132.400696
236.110769 -119.845596
236.110962 -117.335587
236.111154 -117.550880
236.111346 -119.881935
236.111538 -117.002594
236.111731 -117.080429
236.111923 -121.709770
236.112115 -129.651138
236.112308 -122.383820
236.112500 -119.080017
236.112692 -118.906097
236.112885 -121.485924
236.113077 -122.350624
236.113269 -122.355812
236.113462 -122.925766
236.113654 -118.208740
236.113846 -118.208771
236.114038 -122.050072
236.114231 -131.278900
236.114423 -122.492271
236.114615 -116.906670
236.114808 -115.626610
236.115000 -115.985268
236.115192 -121.281769
236.115385 -120.753754
236.115577 -120.708893
236.115769 -123.252571
236.115962 -126.691231
236.116154 -121.807686
236.116346 -120.103813
236.116538 -119.173706
236.116731 -119.016624
236.116923 -119.610817
236.117115 -123.097092
236.117308 -123.938004
236.117500 -124.130608
236.117692 -123.979179
236.117885 -124.357620
236.118077 -121.576828
236.118269 -122.272980
236.118462 -125.939499
236.118654 -125.864830
236.118846 -126.003105
236.119038 -125.887932
236.119231 -126.827744
236.119423 -124.477661
236.119615 -122.718842
236.119808 -120.300194
236.120000 -120.295784
236.120192 -123.080864
236.120385 -122.095154
236.120577 -121.856239
236.120769 -124.209885
236.120962 -126.004341
236.121154 -124.527557
236.121346 -124.534889
236.121538 -127.227455
236.121731 -120.687180
236.121923 -115.576813
236.122115 -113.786888
236.122308 -113.866356
236.122500 -118.195953
236.122692 -121.933975
236.122885 -122.022270
236.123077 -129.055634
236.123269 -124.562645
236.123462 -124.177185
236.123654 -126.224548
236.123846 -123.432724
236.124038 -123.263969
236.124231 -125.138161
236.124423 -125.442223
236.124615 -124.770447
236.124808 -118.164635
236.125000 -118.172150
236.125192 -118.680626
236.125385 -114.462563
236.125577 -114.345230
236.125769 -117.030128
236.125962 -123.770073
236.126154 -121.880890
236.126346 -121.881401
236.126538 -121.038040
236.126731 -121.034019
236.126923 -124.187691
236.127115 -123.055542
236.127308 -122.059982
236.127500 -121.284386
236.127692 -122.408257
236.127885 -119.964966
236.128077 -119.857170
236.128269 -121.007851
236.128462 -129.276306
236.128654 -124.511497
236.128846 -122.743965
236.129038 -122.819199
236.129231 -126.075089
236.129423 -123.361633
236.129615 -119.062370
236.129808 -119.058975
236.130000 -122.453339
236.130192 -125.688202
236.130385 -125.726402
236.130577 -126.061546
236.130769 -123.949532
236.130962 -123.950157
236.131154 -125.941559
236.131346 -130.228729
236.131538 -122.046944
236.131731 -121.701836
236.131923 -120.411499
236.132115 -119.383865
236.132308 -119.488647
236.132500 -120.893219
236.132692 -125.299774
236.132885 -130.382431
236.133077 -127.063751
236.133269 -118.940132
236.133462 -118.581024
236.133654 -119.164368
236.133846 -118.479820
236.134038 -118.122620
236.134231 -119.227509
236.134423 -125.341309
236.134615 -125.956902
236.134808 -127.832413
236.135000 -120.626572
236.135192 -116.942650
236.135385 -116.897003
236.135577 -119.158661
236.135769 -130.654419
236.135962 -128.088409
236.136154 -120.884117
236.136346 -120.344559
236.136538 -120.300804
236.136731 -121.189598
236.136923 -123.019707
236.137115 -125.229118
236.137308 -120.690598
236.137500 -118.066277
236.137692 -118.062386
236.137885 -119.687943
236.138077 -122.050766
236.138269 -123.022003
236.138462 -127.706116
236.138654 -126.053802
236.138846 -126.334648
236.139038 -131.729309
236.139231 -123.462555
236.139423 -120.001762
236.139615 -120.078392
236.139808 -122.373169
236.140000 -127.411781
236.140192 -126.453552
236.140385 -123.200027
236.140577 -118.052048
236.140769 -118.067284
236.140962 -122.252869
236.141154 -124.884872
236.141346 -122.651833
236.141538 -116.892487
236.141731 -115.764793
236.141923 -116.189835
236.142115 -119.917900
236.142308 -127.180176
236.142500 -124.793434
236.142692 -121.184059
236.142885 -121.151878
236.143077 -120.853813
236.143269 -121.491234
236.143462 -124.176018
236.143654 -123.690773
236.143846 -124.992256
236.144038 -116.187569
236.144231 -113.752884
236.144423 -113.900879
236.144615 -118.610405
236.144808 -118.619667
236.145000 -120.725868
236.145192 -123.259026
236.145385 -123.240135
236.145577 -123.975708
236.145769 -122.451729
236.145962 -122.660484
236.146154 -123.681587
236.146346 -124.098976
236.146538 -125.754776
236.146731 -125.282959
236.146923 -124.821342
236.147115 -120.595779
236.147308 -119.590622
236.147500 -120.835106
236.147692 -124.837029
236.147885 -124.738312
236.148077 -126.667252
236.148269 -122.078079
236.148462 -116.375977
236.148654 -115.982262
236.148846 -118.289894
236.149038 -122.071220
236.149231 -122.515877
236.149423 -124.398079
236.149615 -123.372597
236.149808 -118.191452
236.150000 -116.571152
236.150192 -116.701309
236.150385 -122.950844
236.150577 -126.691383
236.150769 -129.799698
236.150962 -130.212509
236.151154 -125.286842
236.151346 -123.073723
236.151538 -123.582626
236.151731 -120.478996
236.151923 -118.035629
236.152115 -118.036903
236.152308 -118.040764
236.152500 -120.112686
236.152692 -127.904785
236.152885 -127.351959
236.153077 -120.872314
236.153269 -120.907890
236.153462 -122.769447
236.153654 -129.089172
236.153846 -132.566559
236.154038 -123.644424
236.154231 -123.192131
236.154423 -121.191254
236.154615 -120.990875
236.154808 -122.888855
236.155000 -123.248146
236.155192 -124.761780
236.155385 -128.624878
236.155577 -122.944313
236.155769 -117.311630
236.155962 -116.194214
236.156154 -116.315079
236.156346 -118.819427
236.156538 -124.205032
236.156731 -122.209702
236.156923 -122.929985
236.157115 -125.467285
236.157308 -119.587311
236.157500 -115.378998
236.157692 -113.537224
236.157885 -113.586372
236.158077 -115.636955
236.158269 -120.720726
236.158462 -122.479790
236.158654 -122.668022
236.158846 -125.798149
236.159038 -127.384964
236.159231 -129.201416
236.159423 -127.262833
236.159615 -129.557449
236.159808 -123.554848
236.160000 -120.610199
236.160192 -119.063545
236.160385 -119.071915
236.160577 -120.529671
236.160769 -120.783417
236.160962 -119.973991
236.161154 -120.859856
236.161346 -118.448158
236.161538 -117.748352
236.161731 -118.869087
236.161923 -126.151886
236.162115 -123.482384
236.162308 -123.807983
236.162500 -127.613251
236.162692 -125.851273
236.162885 -119.669998
236.163077 -118.137787
236.163269 -117.083290
236.163462 -116.664330
236.163654 -117.206947
236.163846 -120.593048
236.164038 -123.062195
236.164231 -120.131203
236.164423 -119.244545
236.164615 -120.553032
236.164808 -120.675591
236.165000 -120.898544
236.165192 -127.027481
236.165385 -128.546295
236.165577 -123.794296
236.165769 -119.547035
236.165962 -119.577950
236.166154 -120.675232
236.166346 -120.296280
236.166538 -121.346161
236.166731 -123.265953
236.166923 -120.207993
236.167115 -120.207878
236.167308 -120.682739
236.167500 -121.385521
236.167692 -121.507843
236.167885 -124.491539
236.168077 -123.265305
236.168269 -123.512749
236.168462 -120.449333
236.168654 -120.529373
236.168846 -122.965805
236.169038 -126.688080
236.169231 -127.803818
236.169423 -133.424957
236.169615 -126.496078
236.169808 -125.857155
236.170000 -126.375961
236.170192 -128.473953
236.170385 -130.353989
236.170577 -128.879654
236.170769 -128.980209
236.170962 -133.071518
236.171154 -129.974106
236.171346 -129.758194
236.171538 -121.602226
236.171731 -121.226082
236.171923 -126.582291
236.172115 -125.690475
236.172308 -122.443642
236.172500 -118.720085
236.172692 -118.721458
236.172885 -123.232506
236.173077 -123.241943
236.173269 -123.211426
236.173462 -116.905960
236.173654 -116.591972
236.173846 -118.130089
236.174038 -121.520729
236.174231 -123.295631
236.174423 -120.027039
236.174615 -119.844444
236.174808 -121.486626
236.175000 -126.762169
236.175192 -129.078003
236.175385 -128.024124
236.175577 -127.351860
236.175769 -125.724770
236.175962 -122.234482
236.176154 -121.706123
236.176346 -122.994232
236.176538 -123.284256
236.176731 -122.186279
236.176923 -122.189545
236.177115 -124.435272
236.177308 -124.999870
236.177500 -122.357674
236.177692 -119.384689
236.177885 -119.377998
236.178077 -122.357246
236.178269 -121.629913
236.178462 -120.858109
236.178654 -122.033592
236.178846 -123.712837
236.179038 -119.593498
236.179231 -118.882927
236.179423 -119.523102
236.179615 -122.661728
236.179808 -120.740097
236.180000 -121.803139
236.180192 -119.244865
236.180385 -119.071754
236.180577 -122.584869
236.180769 -132.855728
236.180962 -133.039154
236.181154 -129.108505
236.181346 -128.806564
236.181538 -122.187782
236.181731 -121.301109
236.181923 -122.457970
236.182115 -121.757805
236.182308 -122.362671
236.182500 -119.778442
236.182692 -119.682846
236.182885 -121.157387
236.183077 -129.076752
236.183269 -129.301895
236.183462 -126.286255
236.183654 -126.283386
236.183846 -122.498291
236.184038 -117.390892
236.184231 -117.054413
236.184423 -118.635429
236.184615 -129.993469
236.184808 -126.945038
236.185000 -122.937469
236.185192 -122.489548
236.185385 -121.917633
236.185577 -118.958817
236.185769 -118.797165
236.185962 -120.604576
236.186154 -128.779251
236.186346 -128.346390
236.186538 -128.789505
236.186731 -124.773811
236.186923 -121.806084
236.187115 -122.000183
236.187308 -123.513947
236.187500 -124.114449
236.187692 -126.580933
236.187885 -124.470573
236.188077 -123.349915
236.188269 -122.241463
236.188462 -120.881042
236.188654 -119.553116
236.188846 -117.186279
236.189038 -116.533676
236.189231 -117.162025
236.189423 -118.756226
236.189615 -118.183189
236.189808 -118.891281
236.190000 -122.736671
236.190192 -125.267174
236.190385 -131.231903
236.190577 -125.989189
236.190769 -123.632210
236.190962 -124.136307
236.191154 -118.120163
236.191346 -118.052940
236.191538 -122.588943
236.191731 -123.797493
236.191923 -123.819496
236.192115 -123.558533
236.192308 -123.442184
236.192500 -126.025604
236.192692 -127.140251
236.192885 -124.135841
236.193077 -124.188721
236.193269 -125.031418
236.193462 -125.293236
236.193654 -124.313507
236.193846 -125.276443
236.194038 -125.530785
236.194231 -125.496849
236.194423 -125.212250
236.194615 -126.834793
236.194808 -125.862907
236.195000 -126.436890
236.195192 -128.447037
236.195385 -129.870102
236.195577 -123.441124
236.195769 -123.156227
236.195962 -122.584938
236.196154 -117.938477
236.196346 -117.489746
236.196538 -118.884354
236.196731 -124.165855
236.196923 -128.085480
236.197115 -129.269150
236.197308 -131.979721
236.197500 -126.101692
236.197692 -121.483971
236.197885 -121.786583
236.198077 -125.480446
236.198269 -125.613564
236.198462 -125.733917
236.198654 -125.684105
236.198846 -119.656342
236.199038 -119.655830
236.199231 -121.438652
236.199423 -121.612381
236.199615 -122.456627
236.199808 -123.443726
236.200000 -121.563438
236.200192 -121.298782
236.200385 -121.866966
236.200577 -121.907837
236.200769 -123.078445
236.200962 -117.937874
236.201154 -117.938057
236.201346 -121.564880
236.201538 -125.571129
236.201731 -124.329025
236.201923 -126.838959
236.202115 -120.895004
236.202308 -120.640236
236.202500 -122.354820
236.202692 -125.756310
236.202885 -122.738113
236.203077 -122.939995
236.203269 -123.262619
236.203462 -122.559380
236.203654 -124.785400
236.203846 -133.809875
236.204038 -126.912880
236.204231 -126.449944
236.204423 -121.143860
236.204615 -121.051727
236.204808 -125.696449
236.205000 -123.316505
236.205192 -122.729347
236.205385 -125.682983
236.205577 -119.291031
236.205769 -118.731026
236.205962 -120.625732
236.206154 -127.219200
236.206346 -120.678024
236.206538 -118.352882
236.206731 -118.670242
236.206923 -123.585922
236.207115 -127.168259
236.207308 -128.168655
236.207500 -124.272736
236.207692 -119.798897
236.207885 -119.747108
236.208077 -120.926697
236.208269 -122.958435
236.208462 -126.940620
236.208654 -125.827034
236.208846 -125.839912
236.209038 -123.398544
236.209231 -123.461372
236.209423 -135.182999
236.209615 -129.912354
236.209808 -124.870857
236.210000 -122.573616
236.210192 -123.198723
236.210385 -122.357437
236.210577 -122.382652
236.210769 -117.746407
236.210962 -117.380692
236.211154 -118.983093
236.211346 -124.714287
236.211538 -122.047066
236.211731 -121.780579
236.211923 -122.934090
236.212115 -124.723724
236.212308 -125.953285
236.212500 -126.084053
236.212692 -121.647789
236.212885 -121.520561
236.213077 -122.123085
236.213269 -121.977425
236.213462 -124.022102
236.213654 -127.113754
236.213846 -124.959198
236.214038 -120.077972
236.214231 -119.323097
236.214423 -119.300461
236.214615 -119.529114
236.214808 -120.160965
236.215000 -119.821907
236.215192 -120.437775
236.215385 -125.043358
236.215577 -128.209778
236.215769 -127.166580
236.215962 -124.518272
236.216154 -124.595566
236.216346 -124.900528
236.216538 -123.903625
236.216731 -124.102539
236.216923 -125.009644
236.217115 -118.430099
236.217308 -116.615784
236.217500 -116.835014
236.217692 -120.191231
236.217885 -126.242386
236.218077 -120.793648
236.218269 -119.995193
236.218462 -121.043434
236.218654 -121.914268
236.218846 -126.511139
236.219038 -119.423424
236.219231 -118.871704
236.219423 -119.518806
236.219615 -123.666634
236.219808 -126.673645
236.220000 -126.859871
236.220192 -124.164993
236.220385 -120.880180
236.220577 -120.120262
236.220769 -120.523247
236.220962 -119.858040
236.221154 -119.378654
236.221346 -121.032906
236.221538 -123.592216
236.221731 -116.349251
236.221923 -116.214890
236.222115 -117.698433
236.222308 -120.510941
236.222500 -123.984566
236.222692 -132.116608
236.222885 -139.061783
236.223077 -131.191635
236.223269 -127.230270
236.223462 -127.749046
236.223654 -128.722397
236.223846 -120.931175
236.224038 -119.110359
236.224231 -119.143410
236.224423 -122.851341
236.224615 -125.373184
236.224808 -125.382263
236.225000 -127.737549
236.225192 -119.745728
236.225385 -118.120079
236.225577 -118.135635
236.225769 -120.670906
236.225962 -128.750763
236.226154 -123.772118
236.226346 -122.302994
236.226538 -120.503944
236.226731 -117.522057
236.226923 -117.519508
236.227115 -121.403351
236.227308 -123.875923
236.227500 -123.998856
236.227692 -129.814590
236.227885 -132.513672
236.228077 -123.641861
236.228269 -120.070396
236.228462 -120.102249
236.228654 -121.604492
236.228846 -121.145721
236.229038 -121.237183
236.229231 -123.075752
236.229423 -126.731560
236.229615 -120.190346
236.229808 -119.931366
236.230000 -121.802841
236.230192 -128.318848
236.230385 -125.359367
236.230577 -123.253357
236.230769 -123.280823
236.230962 -121.981895
236.231154 -121.938492
236.231346 -125.663498
236.231538 -121.784744
236.231731 -121.200172
236.231923 -122.112679
236.232115 -126.073051
236.232308 -122.699905
236.232500 -122.976364
236.232692 -123.049759
236.232885 -123.033730
236.233077 -128.426956
236.233269 -127.408134
236.233462 -130.189835
236.233654 -127.115974
236.233846 -127.682587
236.234038 -125.536530
236.234231 -118.253326
236.234423 -117.403290
236.234615 -117.971863
236.234808 -118.505348
236.235000 -118.259117
236.235192 -119.769196
236.235385 -122.648361
236.235577 -122.666588
236.235769 -124.384827
236.235962 -123.292702
236.236154 -124.689102
236.236346 -120.371346
236.236538 -119.352997
236.236731 -119.586327
236.236923 -123.000137
236.237115 -128.108383
236.237308 -124.843575
236.237500 -124.518761
236.237692 -124.308479
236.237885 -121.288979
236.238077 -120.510132
236.238269 -121.011909
236.238462 -124.768410
236.238654 -124.584579
236.238846 -125.682251
236.239038 -127.777473
236.239231 -126.866806
236.239423 -123.133774
236.239615 -118.482384
236.239808 -118.485542
236.240000 -123.125275
236.240192 -124.538460
236.240385 -118.015030
236.240577 -117.379478
236.240769 -118.215652
236.240962 -122.245178
236.241154 -125.959427
236.241346 -127.160469
236.241538 -127.124214
236.241731 -124.435654
236.241923 -123.045319
236.242115 -124.857704
236.242308 -127.611565
236.242500 -128.132874
236.242692 -124.590309
236.242885 -124.763092
236.243077 -120.236710
236.243269 -118.642097
236.243462 -119.147438
236.243654 -121.936691
236.243846 -120.482376
236.244038 -119.277283
236.244231 -118.954727
236.244423 -119.552010
236.244615 -125.765869
236.244808 -127.170952
236.245000 -126.799324
236.245192 -124.646912
236.245385 -121.787720
236.245577 -121.588799
236.245769 -122.607101
236.245962 -122.030914
236.246154 -120.404900
236.246346 -120.745911
236.246538 -122.721710
236.246731 -121.460709
236.246923 -122.730743
236.247115 -115.909126
236.247308 -115.583733
236.247500 -116.269066
236.247692 -118.863152
236.247885 -119.574089
236.248077 -116.894623
236.248269 -116.838165
236.248462 -117.921593
236.248654 -122.434929
236.248846 -121.011757
236.249038 -122.120026
236.249231 -122.373367
236.249423 -120.737602
236.249615 -120.823273
236.249808 -122.787865
236.250000 -124.832268
236.250192 -123.933250
236.250385 -124.301735
236.250577 -120.962189
236.250769 -120.860481
236.250962 -123.598877
236.251154 -127.910316
236.251346 -127.921242
236.251538 -125.572159
236.251731 -123.200691
236.251923 -123.100349
236.252115 -124.169922
236.252308 -122.197121
236.252500 -122.252182
236.252692 -121.584290
236.252885 -121.844826
236.253077 -125.524864
236.253269 -123.934860
236.253462 -124.680176
236.253654 -122.399536
236.253846 -122.418297
236.254038 -127.304283
236.254231 -122.445190
236.254423 -122.482765
236.254615 -120.483498
236.254808 -118.863632
236.255000 -119.058777
236.255192 -118.487129
236.255385 -118.532951
236.255577 -122.763130
236.255769 -121.628647
236.255962 -119.106796
236.256154 -119.054321
236.256346 -121.847504
236.256538 -124.966583
236.256731 -121.305534
236.256923 -121.283218
236.257115 -124.054688
236.257308 -130.890335
236.257500 -132.578583
236.257692 -124.906219
236.257885 -123.924904
236.258077 -124.985558
236.258269 -120.629860
236.258462 -117.882515
236.258654 -117.934464
236.258846 -120.459633
236.259038 -124.250931
236.259231 -128.105209
236.259423 -137.738556
236.259615 -130.531967
236.259808 -130.413681
236.260000 -126.136002
236.260192 -123.495941
236.260385 -123.124725
236.260577 -119.673309
236.260769 -115.282990
236.260962 -115.153503
236.261154 -116.075943
236.261346 -120.283417
236.261538 -124.608727
236.261731 -120.696159
236.261923 -120.549812
236.262115 -122.307243
236.262308 -119.945267
236.262500 -116.035919
236.262692 -114.881042
236.262885 -114.883453
236.263077 -115.049995
236.263269 -116.989334
236.263462 -123.035370
236.263654 -122.433083
236.263846 -122.484222
236.264038 -122.004089
236.264231 -120.072227
236.264423 -120.072105
236.264615 -122.626122
236.264808 -132.859955
236.265000 -132.707581
236.265192 -132.410095
236.265385 -127.934341
236.265577 -121.283638
236.265769 -121.226410
236.265962 -125.057983
236.266154 -124.038513
236.266346 -122.652740
236.266538 -119.077599
236.266731 -116.716896
236.266923 -116.716972
236.267115 -118.500786
236.267308 -120.774536
236.267500 -123.781822
236.267692 -130.669876
236.267885 -127.356003
236.268077 -124.320511
236.268269 -122.015427
236.268462 -121.205246
236.268654 -121.373810
236.268846 -125.965073
236.269038 -121.926048
236.269231 -122.100777
236.269423 -126.605835
236.269615 -126.613708
236.269808 -127.962700
236.270000 -128.267410
236.270192 -132.061722
236.270385 -124.950508
236.270577 -124.951012
236.270769 -120.925438
236.270962 -120.375908
236.271154 -120.459106
236.271346 -121.119774
236.271538 -123.740135
236.271731 -124.414490
236.271923 -123.458183
236.272115 -123.710098
236.272308 -123.445633
236.272500 -124.761063
236.272692 -127.991753
236.272885 -124.758636
236.273077 -119.748360
236.273269 -118.669510
236.273462 -118.735298
236.273654 -120.978577
236.273846 -125.010117
236.274038 -124.431793
236.274231 -124.752708
236.274423 -128.045242
236.274615 -132.561279
236.274808 -125.379211
236.275000 -119.610916
236.275192 -118.714272
236.275385 -119.666916
236.275577 -124.194389
236.275769 -125.197639
236.275962 -121.932991
236.276154 -121.886292
236.276346 -125.605400
236.276538 -125.774620
236.276731 -125.212654
236.276923 -124.908035
236.277115 -126.891205
236.277308 -127.974182
236.277500 -127.884117
236.277692 -125.227066
236.277885 -124.619865
236.278077 -122.672157
236.278269 -121.709419
236.278462 -122.424675
236.278654 -125.692444
236.278846 -126.939087
236.279038 -125.283943
236.279231 -125.339470
236.279423 -129.872696
236.279615 -124.905838
236.279808 -124.458641
236.280000 -125.120300
236.280192 -128.264374
236.280385 -123.268234
236.280577 -121.672440
236.280769 -121.174332
236.280962 -121.474213
236.281154 -127.196350
236.281346 -121.650711
236.281538 -117.770943
236.281731 -117.277908
236.281923 -117.910187
236.282115 -122.832367
236.282308 -118.521126
236.282500 -117.028694
236.282692 -117.569504
236.282885 -121.494759
236.283077 -118.099419
236.283269 -118.085785
236.283462 -119.890831
236.283654 -120.278992
236.283846 -118.840706
236.284038 -119.140961
236.284231 -121.240089
236.284423 -120.184738
236.284615 -120.959610
236.284808 -125.222160
236.285000 -124.822380
236.285192 -125.383492
236.285385 -127.310677
236.285577 -125.614189
236.285769 -123.197624
236.285962 -119.238388
236.286154 -119.037003
236.286346 -119.740601
236.286538 -124.881477
236.286731 -126.565865
236.286923 -123.013466
236.287115 -121.609177
236.287308 -121.853859
236.287500 -123.553017
236.287692 -123.170563
236.287885 -123.750130
236.288077 -122.987213
236.288269 -122.964279
236.288462 -126.337250
236.288654 -122.038757
236.288846 -121.789818
236.289038 -124.282967
236.289231 -123.369148
236.289423 -123.619438
236.289615 -127.525322
236.289808 -128.172134
236.290000 -136.093292
236.290192 -135.943237
236.290385 -131.037827
236.290577 -130.142014
236.290769 -132.173096
236.290962 -125.454361
236.291154 -123.301765
236.291346 -124.416046
236.291538 -122.280548
236.291731 -122.551979
236.291923 -128.776840
236.292115 -127.114265
236.292308 -127.710350
236.292500 -128.544556
236.292692 -122.712639
236.292885 -117.819855
236.293077 -117.186707
236.293269 -118.588593
236.293462 -129.292511
236.293654 -129.772705
236.293846 -128.219208
236.294038 -121.137863
236.294231 -119.091461
236.294423 -119.106453
236.294615 -123.174133
236.294808 -124.328995
236.295000 -124.720856
236.295192 -129.078903
236.295385 -123.541443
236.295577 -119.558365
236.295769 -119.212410
236.295962 -120.967827
236.296154 -117.652130
236.296346 -116.381981
236.296538 -116.503441
236.296731 -119.834702
236.296923 -126.695053
236.297115 -125.977997
236.297308 -122.968971
236.297500 -120.655708
236.297692 -120.461678
236.297885 -120.350586
236.298077 -121.061394
236.298269 -122.410072
236.298462 -120.716026
236.298654 -120.709175
236.298846 -122.886574
236.299038 -129.821533
236.299231 -128.382050
236.299423 -119.773697
236.299615 -115.774483
236.299808 -115.308327
236.300000 -115.967743
236.300192 -121.292915
236.300385 -121.528023
236.300577 -122.137314
236.300769 -126.191803
236.300962 -122.483757
236.301154 -122.405045
236.301346 -123.393265
236.301538 -128.176651
236.301731 -125.935875
236.301923 -124.728073
236.302115 -124.492973
236.302308 -123.536461
236.302500 -124.031761
236.302692 -123.084358
236.302885 -122.948822
236.303077 -122.702751
236.303269 -121.598938
236.303462 -122.350174
236.303654 -129.009735
236.303846 -120.933083
236.304038 -118.366730
236.304231 -118.345940
236.304423 -119.787926
236.304615 -120.581100
236.304808 -119.664093
236.305000 -117.274895
236.305192 -115.566582
236.305385 -115.682411
236.305577 -119.890984
236.305769 -121.853394
236.305962 -119.198555
236.306154 -118.833946
236.306346 -120.533295
236.306538 -128.021286
236.306731 -130.996384
236.306923 -128.803162
236.307115 -125.226440
236.307308 -125.044159
236.307500 -120.768318
236.307692 -120.872643
236.307885 -123.113235
236.308077 -131.915222
236.308269 -128.767517
236.308462 -127.655434
236.308654 -128.519501
236.308846 -128.157196
236.309038 -129.353012
236.309231 -131.278320
236.309423 -128.682877
236.309615 -124.357986
236.309808 -121.153160
236.310000 -117.248016
236.310192 -117.045090
236.310385 -119.112007
236.310577 -129.062485
236.310769 -135.466431
236.310962 -123.320686
236.311154 -119.535492
236.311346 -119.535828
236.311538 -122.236427
236.311731 -123.140404
236.311923 -122.508202
236.312115 -124.921211
236.312308 -125.249832
236.312500 -121.278679
236.312692 -120.697815
236.312885 -122.562523
236.313077 -123.852768
236.313269 -123.853020
236.313462 -122.961349
236.313654 -122.836563
236.313846 -123.192863
236.314038 -126.003723
236.314231 -120.799286
236.314423 -118.945488
236.314615 -119.493309
236.314808 -120.626305
236.315000 -120.558212
236.315192 -121.307503
236.315385 -120.778885
236.315577 -121.745331
236.315769 -125.316788
236.315962 -124.274338
236.316154 -119.871727
236.316346 -118.314377
236.316538 -118.319260
236.316731 -120.797302
236.316923 -124.699684
236.317115 -123.911301
236.317308 -126.897171
236.317500 -123.911110
236.317692 -123.552353
236.317885 -125.086334
236.318077 -127.343491
236.318269 -120.257019
236.318462 -120.125038
236.318654 -122.570709
236.318846 -119.889267
236.319038 -119.837852
236.319231 -121.117668
236.319423 -125.912178
236.319615 -129.614014
236.319808 -124.483170
236.320000 -122.330887
236.320192 -122.357841
236.320385 -124.232674
236.320577 -127.140480
236.320769 -130.896072
236.320962 -129.246429
236.321154 -125.916870
236.321346 -124.408318
236.321538 -124.873886
236.321731 -126.919388
236.321923 -121.018684
236.322115 -120.218430
236.322308 -120.360161
236.322500 -122.626411
236.322692 -122.642624
236.322885 -124.411903
236.323077 -125.967339
236.323269 -123.865143
236.323462 -123.331230
236.323654 -124.696335
236.323846 -130.005753
236.324038 -125.857635
236.324231 -125.055458
236.324423 -125.131882
236.324615 -124.490707
236.324808 -124.013550
236.325000 -123.232277
236.325192 -123.536575
236.325385 -128.473404
236.325577 -132.086884
236.325769 -123.396011
236.325962 -121.325432
236.326154 -121.762314
236.326346 -125.983704
236.326538 -119.821663
236.326731 -119.632866
236.326923 -122.861496
236.327115 -127.385544
236.327308 -127.253052
236.327500 -122.333954
236.327692 -118.940437
236.327885 -118.952400
236.328077 -122.704910
236.328269 -128.905396
236.328462 -125.666519
236.328654 -124.776268
236.328846 -121.239082
236.329038 -117.521179
236.329231 -117.458496
236.329423 -118.598305
236.329615 -121.472870
236.329808 -123.153908
236.330000 -126.208580
236.330192 -122.312653
236.330385 -121.878334
236.330577 -117.953430
236.330769 -117.903419
236.330962 -121.420349
236.331154 -130.453751
236.331346 -127.852676
236.331538 -127.865494
236.331731 -126.661224
236.331923 -125.556816
236.332115 -121.144302
236.332308 -119.905106
236.332500 -120.202682
236.332692 -122.820259
236.332885 -128.266006
236.333077 -130.023575
236.333269 -122.642944
236.333462 -119.791748
236.333654 -119.797226
236.333846 -122.722496
236.334038 -131.718918
236.334231 -122.106232
236.334423 -120.427971
236.334615 -120.646721
236.334808 -121.856224
236.335000 -121.647697
236.335192 -122.312744
236.335385 -125.305992
236.335577 -124.264107
236.335769 -120.531425
236.335962 -120.665451
236.336154 -120.911598
236.336346 -120.883545
236.336538 -123.104385
236.336731 -130.114212
236.336923 -127.146217
236.337115 -127.260330
236.337308 -123.456642
236.337500 -122.027229
236.337692 -122.331627
236.337885 -124.832916
236.338077 -123.275368
236.338269 -123.054016
236.338462 -126.151321
236.338654 -130.719833
236.338846 -129.987442
236.339038 -130.210983
236.339231 -125.990601
236.339423 -125.709618
236.339615 -127.567886
236.339808 -125.217445
236.340000 -123.239273
236.340192 -123.762390
236.340385 -130.037857
236.340577 -126.643478
236.340769 -122.746552
236.340962 -119.498505
236.341154 -119.062004
236.341346 -120.109222
236.341538 -121.673950
236.341731 -121.687683
236.341923 -123.751686
236.342115 -122.037498
236.342308 -123.604683
236.342500 -121.735413
236.342692 -121.734383
236.342885 -127.717636
236.343077 -127.344383
236.343269 -123.175575
236.343462 -119.649231
236.343654 -119.342224
236.343846 -119.351112
236.344038 -124.310112
236.344231 -126.513565
236.344423 -119.899399
236.344615 -117.660278
236.344808 -116.029190
236.345000 -115.936066
236.345192 -116.950279
236.345385 -123.009857
236.345577 -125.345673
236.345769 -123.261398
236.345962 -123.343430
236.346154 -125.289688
236.346346 -124.801666
236.346538 -122.203819
236.346731 -121.340645
236.346923 -117.956612
236.347115 -117.483368
236.347308 -117.960976
236.347500 -119.043953
236.347692 -122.877289
236.347885 -123.934525
236.348077 -125.899353
236.348269 -126.347466
236.348462 -125.453125
236.348654 -122.250092
236.348846 -118.648155
236.349038 -118.606186
236.349231 -119.050095
236.349423 -119.597473
236.349615 -121.913399
236.349808 -124.310318
236.350000 -125.185493
236.350192 -126.933456
236.350385 -129.043396
236.350577 -127.268349
236.350769 -125.672241
236.350962 -124.887718
236.351154 -125.986755
236.351346 -128.903900
236.351538 -129.002945
236.351731 -125.775215
236.351923 -122.688210
236.352115 -119.341858
236.352308 -117.203972
236.352500 -117.082008
236.352692 -118.461739
236.352885 -121.595268
236.353077 -120.491859
236.353269 -120.500450
236.353462 -121.591827
236.353654 -123.389641
236.353846 -122.153412
236.354038 -122.349495
236.354231 -126.694984
236.354423 -127.844429
236.354615 -123.427139
236.354808 -123.510597
236.355000 -124.536469
236.355192 -124.151840
236.355385 -125.285889
236.355577 -126.646255
236.355769 -118.992569
236.355962 -118.021690
236.356154 -118.186081
236.356346 -119.544266
236.356538 -121.943329
236.356731 -126.923615
236.356923 -127.313713
236.357115 -122.054367
236.357308 -121.349274
236.357500 -122.223488
236.357692 -122.627113
236.357885 -121.643196
236.358077 -122.743477
236.358269 -123.892311
236.358462 -123.191086
236.358654 -123.791939
236.358846 -124.793015
236.359038 -121.370132
236.359231 -115.706650
236.359423 -114.515900
236.359615 -114.524460
236.359808 -116.156204
236.360000 -121.181442
236.360192 -121.506256
236.360385 -121.335571
236.360577 -123.365067
236.360769 -127.138191
236.360962 -127.206795
236.361154 -122.227348
236.361346 -120.281265
236.361538 -121.079025
236.361731 -122.009468
236.361923 -120.283867
236.362115 -121.357262
236.362308 -127.492836
236.362500 -127.494408
236.362692 -135.618820
236.362885 -132.619797
236.363077 -129.036743
236.363269 -128.630447
236.363462 -126.939835
236.363654 -120.839371
236.363846 -120.794426
236.364038 -123.990730
236.364231 -128.132935
236.364423 -127.352005
236.364615 -128.370682
236.364808 -129.609070
236.365000 -131.952255
236.365192 -130.381577
236.365385 -124.554359
236.365577 -123.140350
236.365769 -122.707069
236.365962 -120.531052
236.366154 -120.550430
236.366346 -124.827576
236.366538 -128.471741
236.366731 -129.525513
236.366923 -125.240479
236.367115 -123.669197
236.367308 -123.592720
236.367500 -124.085182
236.367692 -126.862755
236.367885 -127.660271
236.368077 -128.375732
236.368269 -130.937988
236.368462 -129.867844
236.368654 -126.590805
236.368846 -125.207802
236.369038 -125.679550
236.369231 -122.970093
236.369423 -121.167213
236.369615 -116.455223
236.369808 -115.391029
236.370000 -115.981216
236.370192 -120.300842
236.370385 -125.961334
236.370577 -125.789520
236.370769 -121.499924
236.370962 -121.485100
236.371154 -127.737335
236.371346 -119.435310
236.371538 -117.406784
236.371731 -117.425209
236.371923 -119.050896
236.372115 -122.989906
236.372308 -118.167686
236.372500 -118.123344
236.372692 -122.911369
236.372885 -119.336060
236.373077 -118.391304
236.373269 -118.974205
236.373462 -121.908234
236.373654 -118.007332
236.373846 -117.961693
236.374038 -119.477219
236.374231 -121.785179
236.374423 -121.815475
236.374615 -121.751549
236.374808 -122.378403
236.375000 -122.293007
236.375192 -123.624321
236.375385 -129.663666
236.375577 -124.082024
236.375769 -120.661865
236.375962 -120.713768
236.376154 -122.959808
236.376346 -125.962852
236.376538 -126.312714
236.376731 -132.452148
236.376923 -133.762619
236.377115 -125.986008
236.377308 -123.294685
236.377500 -123.399712
236.377692 -128.496902
236.377885 -126.803719
236.378077 -123.144020
236.378269 -116.484184
236.378462 -116.030861
236.378654 -116.802559
236.378846 -121.613319
236.379038 -124.034691
236.379231 -122.290527
236.379423 -122.301201
236.379615 -124.406151
236.379808 -126.091362
236.380000 -120.078171
236.380192 -119.527008
236.380385 -121.478615
236.380577 -118.914711
236.380769 -118.806915
236.380962 -120.603516
236.381154 -119.759903
236.381346 -120.534950
236.381538 -126.188263
236.381731 -129.362732
236.381923 -128.406250
236.382115 -125.167313
236.382308 -124.693275
236.382500 -126.588089
236.382692 -133.857513
236.382885 -121.081711
236.383077 -119.891029
236.383269 -121.686317
236.383462 -117.536400
236.383654 -117.042747
236.383846 -119.201172
236.384038 -125.947929
236.384231 -126.508553
236.384423 -126.667847
236.384615 -133.182709
236.384808 -129.385437
236.385000 -128.369080
236.385192 -123.747086
236.385385 -121.119095
236.385577 -120.909088
236.385769 -122.011108
236.385962 -120.252014
236.386154 -120.208336
236.386346 -123.374924
236.386538 -122.616547
236.386731 -123.094040
236.386923 -128.538589
236.387115 -125.777878
236.387308 -124.541534
236.387500 -124.614891
236.387692 -126.169518
236.387885 -128.319336
236.388077 -123.979530
236.388269 -118.415695
236.388462 -118.439774
236.388654 -120.907364
236.388846 -120.570702
236.389038 -121.447449
236.389231 -121.723145
236.389423 -125.742744
236.389615 -119.920326
236.389808 -119.713837
236.390000 -120.928329
236.390192 -121.955376
236.390385 -127.185440
236.390577 -132.130173
236.390769 -132.269836
236.390962 -129.471985
236.391154 -126.404907
236.391346 -122.423599
236.391538 -120.744781
236.391731 -121.258339
236.391923 -129.289139
236.392115 -121.807953
236.392308 -121.287048
236.392500 -121.873611
236.392692 -120.791374
236.392885 -120.799133
236.393077 -123.029449
236.393269 -123.137878
236.393462 -126.499168
236.393654 -125.302177
236.393846 -128.038696
236.394038 -123.007225
236.394231 -121.459236
236.394423 -121.481743
236.394615 -123.184235
236.394808 -125.080879
236.395000 -121.823570
236.395192 -121.800331
236.395385 -123.799057
236.395577 -125.824333
236.395769 -121.456627
236.395962 -121.624413
236.396154 -124.868439
236.396346 -123.831032
236.396538 -124.383728
236.396731 -128.809631
236.396923 -126.382492
236.397115 -126.463211
236.397308 -126.702499
236.397500 -122.226860
236.397692 -120.958771
236.397885 -119.158707
236.398077 -119.197060
236.398269 -120.936523
236.398462 -123.538101
236.398654 -129.319580
236.398846 -123.710236
236.399038 -122.167618
236.399231 -119.423119
236.399423 -119.463028
236.399615 -123.989426
236.399808 -125.595161
236.400000 -123.419861
236.400192 -123.242691
236.400385 -124.817757
236.400577 -121.846443
236.400769 -118.863976
236.400962 -118.736801
236.401154 -120.473412
236.401346 -127.346550
236.401538 -133.231369
236.401731 -130.486694
236.401923 -128.416641
236.402115 -127.518867
236.402308 -127.519363
236.402500 -119.583771
236.402692 -117.475098
236.402885 -117.513168
236.403077 -119.333748
236.403269 -127.133942
236.403462 -131.224380
236.403654 -128.137329
236.403846 -128.877609
236.404038 -131.904633
236.404231 -122.390396
236.404423 -122.083649
236.404615 -125.061310
236.404808 -128.986526
236.405000 -121.842583
236.405192 -119.150864
236.405385 -119.289078
236.405577 -123.665451
236.405769 -129.894257
236.405962 -130.609390
236.406154 -131.183777
236.406346 -123.632881
236.406538 -122.088570
236.406731 -118.850769
236.406923 -118.057739
236.407115 -118.649590
236.407308 -125.048058
236.407500 -122.764252
236.407692 -121.447067
236.407885 -121.475487
236.408077 -122.404579
236.408269 -123.153671
236.408462 -127.883804
236.408654 -123.935326
236.408846 -124.062660
236.409038 -123.545654
236.409231 -121.576241
236.409423 -121.848816
236.409615 -125.142403
236.409808 -125.598259
236.410000 -126.143806
236.410192 -124.550545
236.410385 -124.561981
236.410577 -123.362061
236.410769 -123.061790
236.410962 -127.533989
236.411154 -130.194473
236.411346 -123.862724
236.411538 -122.375687
236.411731 -122.468384
236.411923 -126.249527
236.412115 -130.221405
236.412308 -126.098259
236.412500 -125.851326
236.412692 -126.148743
236.412885 -125.899521
236.413077 -126.370728
236.413269 -120.933777
236.413462 -116.884377
236.413654 -115.878418
236.413846 -115.857765
236.414038 -116.800575
236.414231 -122.606964
236.414423 -128.893494
236.414615 -121.826973
236.414808 -120.211044
236.415000 -120.188667
236.415192 -120.611763
236.415385 -124.072479
236.415577 -130.341263
236.415769 -125.065216
236.415962 -124.386627
236.416154 -123.970528
236.416346 -121.397133
236.416538 -121.432144
236.416731 -124.974777
236.416923 -122.800293
236.417115 -120.531792
236.417308 -119.609940
236.417500 -120.041054
236.417692 -118.844742
236.417885 -116.897438
236.418077 -116.956116
236.418269 -119.258560
236.418462 -127.014404
236.418654 -122.600754
236.418846 -120.082626
236.419038 -119.348999
236.419231 -119.722763
236.419423 -123.017921
236.419615 -122.863533
236.419808 -121.697990
236.420000 -122.257751
236.420192 -124.277809
236.420385 -123.735916
236.420577 -124.191750
236.420769 -125.228935
236.420962 -130.411926
236.421154 -126.448929
236.421346 -118.783173
236.421538 -118.700401
236.421731 -120.100685
236.421923 -120.333458
236.422115 -117.005867
236.422308 -117.274590
236.422500 -120.606491
236.422692 -121.061363
236.422885 -120.341171
236.423077 -120.224457
236.423269 -122.696915
236.423462 -123.593964
236.423654 -124.765099
236.423846 -124.766426
236.424038 -118.273834
236.424231 -117.537842
236.424423 -119.491280
236.424615 -124.449898
236.424808 -120.649956
236.425000 -120.819176
236.425192 -120.025391
236.425385 -118.983147
236.425577 -121.697044
236.425769 -125.730278
236.425962 -125.784538
236.426154 -125.894196
236.426346 -130.351547
236.426538 -120.632179
236.426731 -118.864624
236.426923 -119.121796
236.427115 -123.560417
236.427308 -127.242844
236.427500 -128.346115
236.427692 -127.801003
236.427885 -129.422821
236.428077 -120.755478
236.428269 -120.701401
236.428462 -123.968536
236.428654 -121.912430
236.428846 -121.607674
236.429038 -122.431313
236.429231 -126.487350
236.429423 -120.504639
236.429615 -119.022942
236.429808 -119.969429
236.430000 -132.132813
236.430192 -132.070496
236.430385 -130.643982
236.430577 -122.890892
236.430769 -122.163925
236.430962 -124.383102
236.431154 -135.525558
236.431346 -133.741608
236.431538 -126.263901
236.431731 -124.679337
236.431923 -123.850441
236.432115 -123.450920
236.432308 -121.965218
236.432500 -121.130539
236.432692 -120.607521
236.432885 -119.868546
236.433077 -119.870712
236.433269 -121.208862
236.433462 -129.107986
236.433654 -131.858231
236.433846 -126.250282
236.434038 -122.896782
236.434231 -123.041695
236.434423 -121.972885
236.434615 -121.007736
236.434808 -121.243332
236.435000 -126.239662
236.435192 -124.310738
236.435385 -121.367386
236.435577 -119.424522
236.435769 -118.670731
236.435962 -119.244835
236.436154 -126.352699
236.436346 -122.094093
236.436538 -121.225769
236.436731 -121.659813
236.436923 -119.600883
236.437115 -119.852669
236.437308 -121.827469
236.437500 -118.764000
236.437692 -118.739265
236.437885 -119.232391
236.438077 -121.363602
236.438269 -125.652161
236.438462 -120.269722
236.438654 -118.073517
236.438846 -118.094948
236.439038 -121.661224
236.439231 -122.054596
236.439423 -122.250595
236.439615 -121.989105
236.439808 -122.532524
236.440000 -125.966347
236.440192 -131.503860
236.440385 -126.494110
236.440577 -120.783775
236.440769 -120.398308
236.440962 -122.602074
236.441154 -132.201782
236.441346 -127.084267
236.441538 -122.523285
236.441731 -120.413612
236.441923 -120.450409
236.442115 -123.314522
236.442308 -129.473114
236.442500 -123.462982
236.442692 -123.253540
236.442885 -124.755501
236.443077 -124.330666
236.443269 -123.319473
236.443462 -123.192635
236.443654 -123.410316
236.443846 -122.293411
236.444038 -120.920448
236.444231 -120.170387
236.444423 -122.229706
236.444615 -125.338264
236.444808 -129.151535
236.445000 -122.155502
236.445192 -118.747910
236.445385 -117.612556
236.445577 -118.288353
236.445769 -122.944038
236.445962 -122.328796
236.446154 -121.908569
236.446346 -121.913567
236.446538 -125.164436
236.446731 -124.858589
236.446923 -123.220764
236.447115 -124.453186
236.447308 -121.630859
236.447500 -121.601372
236.447692 -125.542984
236.447885 -127.205612
236.448077 -132.257904
236.448269 -126.214722
236.448462 -124.739700
236.448654 -125.065788
236.448846 -121.379616
236.449038 -121.466583
236.449231 -125.153305
236.449423 -124.820526
236.449615 -119.246651
236.449808 -118.409874
236.450000 -118.986351
236.450192 -120.824638
236.450385 -118.346863
236.450577 -118.395836
236.450769 -120.514870
236.450962 -126.287674
236.451154 -125.688736
236.451346 -122.689407
236.451538 -120.120468
236.451731 -119.676201
236.451923 -120.638756
236.452115 -126.470665
236.452308 -130.608063
236.452500 -132.419098
236.452692 -130.171844
236.452885 -126.202927
236.453077 -125.813644
236.453269 -129.463409
236.453462 -126.607559
236.453654 -123.005447
236.453846 -123.081551
236.454038 -126.357025
236.454231 -128.493362
236.454423 -127.925911
236.454615 -125.417946
236.454808 -125.682304
236.455000 -131.773575
236.455192 -131.033966
236.455385 -127.325821
236.455577 -121.129509
236.455769 -120.420090
236.455962 -122.218460
236.456154 -127.499084
236.456346 -126.636024
236.456538 -129.081924
236.456731 -125.992714
236.456923 -126.002525
236.457115 -130.725693
236.457308 -126.867897
236.457500 -124.016472
236.457692 -124.018501
236.457885 -126.334190
236.458077 -129.550034
236.458269 -129.279495
236.458462 -127.191254
236.458654 -128.512680
236.458846 -125.339424
236.459038 -125.303719
236.459231 -128.691498
236.459423 -128.691513
236.459615 -138.296753
236.459808 -128.749329
236.460000 -128.552612
236.460192 -131.108810
236.460385 -132.990723
236.460577 -127.769745
236.460769 -123.305260
236.460962 -123.095131
236.461154 -124.870750
236.461346 -121.654121
236.461538 -121.755127
236.461731 -121.357140
236.461923 -119.111534
236.462115 -119.110748
236.462308 -121.899033
236.462500 -129.910645
236.462692 -125.128075
236.462885 -124.843483
236.463077 -128.701614
236.463269 -125.577728
236.463462 -122.443230
236.463654 -121.468735
236.463846 -120.638084
236.464038 -119.312790
236.464231 -118.022781
236.464423 -118.064346
236.464615 -123.405373
236.464808 -122.062492
236.465000 -122.068420
236.465192 -124.177803
236.465385 -124.574112
236.465577 -123.275612
236.465769 -123.276230
236.465962 -122.069733
236.466154 -121.818283
236.466346 -123.251106
236.466538 -123.489700
236.466731 -123.798851
236.466923 -117.722198
236.467115 -116.240234
236.467308 -116.891968
236.467500 -123.977127
236.467692 -119.075706
236.467885 -116.893494
236.468077 -116.915184
236.468269 -118.852249
236.468462 -125.168549
236.468654 -130.859772
236.468846 -131.271225
236.469038 -133.252426
236.469231 -133.004791
236.469423 -122.929100
236.469615 -119.228981
236.469808 -119.166275
236.470000 -119.929893
236.470192 -117.408363
236.470385 -117.426338
236.470577 -119.380959
236.470769 -121.005157
236.470962 -121.061516
236.471154 -127.587746
236.471346 -127.357468
236.471538 -124.944733
236.471731 -125.006363
236.471923 -125.881226
236.472115 -123.216309
236.472308 -123.279419
236.472500 -125.663376
236.472692 -126.467209
236.472885 -127.236702
236.473077 -129.711685
236.473269 -126.674667
236.473462 -124.109901
236.473654 -123.885521
236.473846 -124.666138
236.474038 -122.966576
236.474231 -122.929070
236.474423 -125.823769
236.474615 -123.129395
236.474808 -122.475555
236.475000 -123.009895
236.475192 -123.856956
236.475385 -125.912758
236.475577 -125.017113
236.475769 -125.377403
236.475962 -132.264145
236.476154 -126.524559
236.476346 -119.542931
236.476538 -119.397179
236.476731 -121.580353
236.476923 -121.254471
236.477115 -121.580261
236.477308 -128.862411
236.477500 -139.693115
236.477692 -136.243668
236.477885 -123.978470
236.478077 -118.323212
236.478269 -117.742775
236.478462 -118.184898
236.478654 -123.535530
236.478846 -135.514938
236.479038 -122.676125
236.479231 -120.432434
236.479423 -120.432854
236.479615 -122.246834
236.479808 -131.514969
236.480000 -122.829872
236.480192 -119.965904
236.480385 -120.116425
236.480577 -123.148659
236.480769 -122.498856
236.480962 -125.945778
236.481154 -126.662621
236.481346 -125.424400
236.481538 -122.513222
236.481731 -122.519661
236.481923 -124.926071
236.482115 -123.525101
236.482308 -123.021393
236.482500 -123.798035
236.482692 -127.302887
236.482885 -122.449982
236.483077 -122.440117
236.483269 -123.678024
236.483462 -122.002693
236.483654 -119.331169
236.483846 -118.929802
236.484038 -120.518326
236.484231 -123.978210
236.484423 -123.253273
236.484615 -123.638443
236.484808 -126.060562
236.485000 -125.116264
236.485192 -125.089500
236.485385 -124.706741
236.485577 -126.156502
236.485769 -124.194214
236.485962 -124.084953
236.486154 -125.526756
236.486346 -122.951027
236.486538 -122.978554
236.486731 -121.333939
236.486923 -119.828568
236.487115 -120.260178
236.487308 -122.192482
236.487500 -121.356888
236.487692 -123.076080
236.487885 -129.560883
236.488077 -127.156830
236.488269 -119.628563
236.488462 -116.792282
236.488654 -116.753387
236.488846 -118.983765
236.489038 -121.947021
236.489231 -121.528580
236.489423 -122.409973
236.489615 -123.948151
236.489808 -123.036987
236.490000 -122.349312
236.490192 -122.550705
236.490385 -127.805695
236.490577 -127.609581
236.490769 -133.553314
236.490962 -130.084610
236.491154 -125.206421
236.491346 -125.037292
236.491538 -126.102249
236.491731 -121.283318
236.491923 -121.284164
236.492115 -123.174736
236.492308 -124.540024
236.492500 -127.513618
236.492692 -125.759453
236.492885 -122.221169
236.493077 -122.684296
236.493269 -120.659325
236.493462 -120.557625
236.493654 -120.562492
236.493846 -118.946571
236.494038 -118.912704
236.494231 -119.390617
236.494423 -120.965126
236.494615 -122.788933
236.494808 -120.889046
236.495000 -121.803665
236.495192 -128.113602
236.495385 -123.381432
236.495577 -122.143639
236.495769 -122.942749
236.495962 -127.361137
236.496154 -128.656906
236.496346 -123.430443
236.496538 -121.149475
236.496731 -120.520599
236.496923 -117.791168
236.497115 -117.831093
236.497308 -121.973938
236.497500 -126.633911
236.497692 -125.733109
236.497885 -129.328400
236.498077 -126.482452
236.498269 -121.447098
236.498462 -119.453804
236.498654 -119.482811
236.498846 -123.167862
236.499038 -127.399773
236.499231 -123.900787
236.499423 -123.934807
236.499615 -127.752602
236.499808 -125.305473
236.500000 -125.414230
236.500192 -120.880646
236.500385 -119.953148
236.500577 -120.415092
236.500769 -122.872620
236.500962 -121.979469
236.501154 -121.623390
236.501346 -125.384407
236.501538 -122.298485
236.501731 -122.475975
236.501923 -123.395699
236.502115 -116.804497
236.502308 -115.958405
236.502500 -117.017319
236.502692 -118.270195
236.502885 -117.918610
236.503077 -118.167580
236.503269 -120.673500
236.503462 -123.238129
236.503654 -127.626137
236.503846 -134.714935
236.504038 -125.539413
236.504231 -121.725113
236.504423 -121.744576
236.504615 -124.388260
236.504808 -120.629669
236.505000 -118.033722
236.505192 -116.925575
236.505385 -116.654282
236.505577 -117.946587
236.505769 -125.204979
236.505962 -129.330139
236.506154 -131.580231
236.506346 -123.319450
236.506538 -122.344017
236.506731 -122.886124
236.506923 -123.144768
236.507115 -118.454857
236.507308 -118.407288
236.507500 -120.171585
236.507692 -119.011894
236.507885 -119.027748
236.508077 -119.499550
236.508269 -123.003555
236.508462 -119.377701
236.508654 -118.786865
236.508846 -119.090393
236.509038 -120.379211
236.509231 -120.697746
236.509423 -120.682518
236.509615 -123.346008
236.509808 -125.837257
236.510000 -126.168938
236.510192 -125.556816
236.510385 -124.304359
236.510577 -124.816948
236.510769 -119.506325
236.510962 -117.454079
236.511154 -117.745224
236.511346 -120.799644
236.511538 -121.180214
236.511731 -121.744934
236.511923 -120.698082
236.512115 -121.001831
236.512308 -125.292236
236.512500 -128.606369
236.512692 -121.400658
236.512885 -118.757042
236.513077 -118.760521
236.513269 -120.421349
236.513462 -118.725327
236.513654 -118.669388
236.513846 -120.488007
236.514038 -126.187874
236.514231 -124.693459
236.514423 -124.715797
236.514615 -124.354805
236.514808 -124.143036
236.515000 -128.692001
236.515192 -128.640060
236.515385 -130.832825
236.515577 -123.030579
236.515769 -120.369789
236.515962 -120.831825
236.516154 -125.991478
236.516346 -122.389938
236.516538 -120.222374
236.516731 -120.223061
236.516923 -122.775246
236.517115 -127.562729
236.517308 -123.248329
236.517500 -121.323349
236.517692 -121.384430
236.517885 -123.047523
236.518077 -118.170837
236.518269 -116.749344
236.518462 -117.054741
236.518654 -120.575165
236.518846 -122.077621
236.519038 -122.978004
236.519231 -123.475357
236.519423 -121.577110
236.519615 -122.244064
236.519808 -121.013824
236.520000 -120.888351
236.520192 -123.847397
236.520385 -125.312553
236.520577 -120.898392
236.520769 -118.997292
236.520962 -118.891312
236.521154 -120.153191
236.521346 -125.479103
236.521538 -121.865463
236.521731 -121.460381
236.521923 -121.844994
236.522115 -124.201401
236.522308 -132.549332
236.522500 -126.562004
236.522692 -126.195198
236.522885 -122.622032
236.523077 -122.717056
236.523269 -126.355148
236.523462 -125.046844
236.523654 -123.267021
236.523846 -121.682327
236.524038 -121.720947
236.524231 -121.220474
236.524423 -119.388535
236.524615 -118.781937
236.524808 -117.589294
236.525000 -117.369110
236.525192 -117.376396
236.525385 -120.393181
236.525577 -120.546089
236.525769 -120.111633
236.525962 -120.489136
236.526154 -126.005463
236.526346 -128.689301
236.526538 -120.003418
236.526731 -115.663086
236.526923 -115.649208
236.527115 -117.403770
236.527308 -121.643311
236.527500 -123.571960
236.527692 -121.972092
236.527885 -122.119583
236.528077 -117.098366
236.528269 -115.990196
236.528462 -116.811043
236.528654 -122.621841
236.528846 -123.405640
236.529038 -124.198067
236.529231 -120.134270
236.529423 -117.613968
236.529615 -117.599182
236.529808 -120.247414
236.530000 -125.841957
236.530192 -127.561020
236.530385 -127.349480
236.530577 -125.026260
236.530769 -125.168472
236.530962 -130.248489
236.531154 -130.371887
236.531346 -120.235199
236.531538 -116.266571
236.531731 -115.583961
236.531923 -115.907440
236.532115 -118.512718
236.532308 -124.228775
236.532500 -122.230972
236.532692 -122.192558
236.532885 -123.194893
236.533077 -124.516594
236.533269 -124.322617
236.533462 -125.712967
236.533654 -120.490822
236.533846 -116.181374
236.534038 -116.039474
236.534231 -117.048164
236.534423 -116.266151
236.534615 -116.808891
236.534808 -122.504639
236.535000 -122.131462
236.535192 -128.767075
236.535385 -127.098526
236.535577 -127.907654
236.535769 -125.738075
236.535962 -125.758766
236.536154 -122.913185
236.536346 -119.646713
236.536538 -119.702721
236.536731 -121.148125
236.536923 -126.087814
236.537115 -127.367661
236.537308 -123.287506
236.537500 -123.226730
236.537692 -124.429123
236.537885 -120.509857
236.538077 -120.624512
236.538269 -117.759773
236.538462 -115.517891
236.538654 -115.812141
236.538846 -122.651146
236.539038 -127.371468
236.539231 -128.345139
236.539423 -125.445107
236.539615 -125.127579
236.539808 -119.585922
236.540000 -115.215004
236.540192 -115.212585
236.540385 -118.678535
236.540577 -121.695786
236.540769 -121.427620
236.540962 -120.714905
236.541154 -119.323143
236.541346 -119.675941
236.541538 -121.151779
236.541731 -122.510590
236.541923 -129.718689
236.542115 -127.949516
236.542308 -127.950050
236.542500 -126.704491
236.542692 -126.865623
236.542885 -123.467766
236.543077 -122.719269
236.543269 -122.723549
236.543462 -126.361908
236.543654 -122.813568
236.543846 -119.703079
236.544038 -119.360786
236.544231 -120.306496
236.544423 -125.791336
236.544615 -124.590263
236.544808 -126.259979
236.545000 -129.264053
236.545192 -128.561371
236.545385 -125.331322
236.545577 -121.608086
236.545769 -121.403442
236.545962 -122.119965
236.546154 -123.217072
236.546346 -121.465462
236.546538 -117.308525
236.546731 -116.030785
236.546923 -115.694321
236.547115 -115.746796
236.547308 -118.333168
236.547500 -127.194687
236.547692 -127.206589
236.547885 -122.267303
236.548077 -119.728851
236.548269 -118.186554
236.548462 -118.196686
236.548654 -121.421799
236.548846 -122.009430
236.549038 -122.625206
236.549231 -120.318596
236.549423 -120.189217
236.549615 -122.762283
236.549808 -118.796577
236.550000 -118.824715
236.550192 -120.805054
236.550385 -120.059097
236.550577 -120.061737
236.550769 -119.772018
236.550962 -114.314934
236.551154 -114.113411
236.551346 -115.623817
236.551538 -120.506821
236.551731 -121.164215
236.551923 -121.108543
236.552115 -123.228760
236.552308 -128.067093
236.552500 -122.345604
236.552692 -121.635559
236.552885 -121.726448
236.553077 -121.718384
236.553269 -120.817039
236.553462 -120.821953
236.553654 -124.449501
236.553846 -122.304443
236.554038 -123.055344
236.554231 -129.242111
236.554423 -126.043503
236.554615 -122.071716
236.554808 -122.528069
236.555000 -124.792831
236.555192 -123.335884
236.555385 -122.519562
236.555577 -123.781181
236.555769 -119.754723
236.555962 -119.836388
236.556154 -125.240746
236.556346 -119.162666
236.556538 -119.048714
236.556731 -120.807716
236.556923 -123.905083
236.557115 -123.475113
236.557308 -127.098824
236.557500 -125.634254
236.557692 -125.973122
236.557885 -124.872322
236.558077 -124.331253
236.558269 -126.371384
236.558462 -122.437622
236.558654 -122.198318
236.558846 -123.498032
236.559038 -121.535446
236.559231 -118.637497
236.559423 -118.718353
236.559615 -120.038536
236.559808 -116.272652
236.560000 -116.314178
236.560192 -119.199448
236.560385 -123.730759
236.560577 -124.590630
236.560769 -124.920563
236.560962 -126.634598
236.561154 -122.406013
236.561346 -122.408981
236.561538 -119.336739
236.561731 -118.623581
236.561923 -120.419792
236.562115 -125.096054
236.562308 -125.076752
236.562500 -125.219666
236.562692 -125.237701
236.562885 -125.741379
236.563077 -119.365013
236.563269 -118.610855
236.563462 -119.385208
236.563654 -118.474365
236.563846 -117.533951
236.564038 -117.088699
236.564231 -117.093620
236.564423 -118.970818
236.564615 -122.731850
236.564808 -121.819496
236.565000 -121.900475
236.565192 -123.979706
236.565385 -124.660126
236.565577 -121.344307
236.565769 -120.581894
236.565962 -120.596535
236.566154 -122.360603
236.566346 -124.222420
236.566538 -118.175026
236.566731 -117.167038
236.566923 -117.311363
236.567115 -120.282646
236.567308 -129.658020
236.567500 -133.663956
236.567692 -123.827507
236.567885 -122.442093
236.568077 -123.203011
236.568269 -127.714211
236.568462 -119.329445
236.568654 -118.259987
236.568846 -118.172935
236.569038 -117.306046
236.569231 -117.288582
236.569423 -117.786324
236.569615 -121.270920
236.569808 -130.405563
236.570000 -130.553940
236.570192 -124.839348
236.570385 -121.566841
236.570577 -121.443848
236.570769 -122.564659
236.570962 -126.137947
236.571154 -125.466187
236.571346 -124.456589
236.571538 -126.796211
236.571731 -119.717613
236.571923 -119.759773
236.572115 -123.664291
236.572308 -128.639297
236.572500 -128.288788
236.572692 -134.703217
236.572885 -128.378464
236.573077 -125.152237
236.573269 -125.413383
236.573462 -130.093369
236.573654 -129.969208
236.573846 -129.733521
236.574038 -131.390289
236.574231 -124.492264
236.574423 -122.070023
236.574615 -122.079727
236.574808 -124.323021
236.575000 -125.308327
236.575192 -117.202454
236.575385 -116.269508
236.575577 -116.775826
236.575769 -119.459267
236.575962 -120.762260
236.576154 -123.692856
236.576346 -124.679565
236.576538 -126.556793
236.576731 -128.789108
236.576923 -128.855133
236.577115 -127.547028
236.577308 -127.405037
236.577500 -122.845787
236.577692 -121.765877
236.577885 -121.904060
236.578077 -122.654655
236.578269 -124.041168
236.578462 -124.712013
236.578654 -127.369530
236.578846 -126.591164
236.579038 -120.901436
236.579231 -119.075706
236.579423 -118.842720
236.579615 -119.146027
236.579808 -121.995186
236.580000 -129.478348
236.580192 -130.786697
236.580385 -122.463631
236.580577 -122.211136
236.580769 -123.096352
236.580962 -123.553368
236.581154 -123.300980
236.581346 -120.564934
236.581538 -119.963028
236.581731 -120.799377
236.581923 -124.622971
236.582115 -122.405693
236.582308 -123.072495
236.582500 -123.096603
236.582692 -122.744690
236.582885 -123.308258
236.583077 -122.973648
236.583269 -120.430244
236.583462 -119.760330
236.583654 -120.053680
236.583846 -124.922775
236.584038 -122.813248
236.584231 -123.844040
236.584423 -128.647247
236.584615 -127.490997
236.584808 -127.210739
236.585000 -128.027176
236.585192 -127.499039
236.585385 -120.580490
236.585577 -117.349350
236.585769 -117.366600
236.585962 -119.086006
236.586154 -119.734863
236.586346 -120.849831
236.586538 -125.294426
236.586731 -128.811615
236.586923 -122.758163
236.587115 -122.337799
236.587308 -124.660164
236.587500 -128.523575
236.587692 -123.387749
236.587885 -121.758865
236.588077 -121.074799
236.588269 -119.520081
236.588462 -119.403877
236.588654 -118.962540
236.588846 -119.015671
236.589038 -121.302856
236.589231 -123.804520
236.589423 -124.093704
236.589615 -121.927536
236.589808 -123.230286
236.590000 -114.479187
236.590192 -113.358841
236.590385 -114.077454
236.590577 -120.811676
236.590769 -124.507866
236.590962 -125.289497
236.591154 -126.740692
236.591346 -122.343239
236.591538 -122.363228
236.591731 -127.676964
236.591923 -125.477158
236.592115 -125.823364
236.592308 -122.949493
236.592500 -121.576454
236.592692 -122.100441
236.592885 -128.672272
236.593077 -126.551193
236.593269 -120.384224
236.593462 -118.234116
236.593654 -118.578697
236.593846 -124.519531
236.594038 -123.845337
236.594231 -119.967987
236.594423 -118.932320
236.594615 -118.801804
236.594808 -119.355942
236.595000 -124.906914
236.595192 -126.518761
236.595385 -123.621071
236.595577 -122.677498
236.595769 -122.698441
236.595962 -126.467827
236.596154 -125.652725
236.596346 -122.150223
236.596538 -122.439766
236.596731 -129.893631
236.596923 -127.152679
236.597115 -124.821487
236.597308 -125.192299
236.597500 -130.551743
236.597692 -133.882217
236.597885 -133.861252
236.598077 -132.349854
236.598269 -131.669693
236.598462 -125.708298
236.598654 -123.327126
236.598846 -122.416229
236.599038 -122.727203
236.599231 -126.991074
236.599423 -123.972122
236.599615 -123.904778
236.599808 -121.285454
236.600000 -119.712097
236.600192 -120.858025
236.600385 -123.866646
236.600577 -123.909813
236.600769 -126.471008
236.600962 -129.756485
236.601154 -135.336380
236.601346 -134.058670
236.601538 -127.352432
236.601731 -123.061356
236.601923 -122.605927
236.602115 -124.009209
236.602308 -130.868195
236.602500 -128.301331
236.602692 -128.417007
236.602885 -128.283478
236.603077 -130.368668
236.603269 -124.937347
236.603462 -122.777809
236.603654 -122.819511
236.603846 -123.021835
236.604038 -120.375816
236.604231 -120.061951
236.604423 -121.855034
236.604615 -129.330002
236.604808 -125.989410
236.605000 -124.750328
236.605192 -125.559044
236.605385 -129.914429
236.605577 -127.191086
236.605769 -127.471329
236.605962 -125.693024
236.606154 -125.696136
236.606346 -126.686584
236.606538 -126.692047
236.606731 -120.819336
236.606923 -117.622948
236.607115 -117.681511
236.607308 -123.260925
236.607500 -122.697807
236.607692 -120.874336
236.607885 -120.483398
236.608077 -121.332336
236.608269 -127.303230
236.608462 -122.757286
236.608654 -121.397369
236.608846 -121.824699
236.609038 -125.440071
236.609231 -128.093140
236.609423 -118.680527
236.609615 -116.792656
236.609808 -116.869476
236.610000 -119.615982
236.610192 -121.822792
236.610385 -120.510307
236.610577 -120.513329
236.610769 -124.640182
236.610962 -121.744164
236.611154 -118.915504
236.611346 -117.010506
236.611538 -116.948418
236.611731 -117.395630
236.611923 -117.902390
236.612115 -120.732857
236.612308 -123.201370
236.612500 -120.240250
236.612692 -120.263863
236.612885 -123.045151
236.613077 -129.133728
236.613269 -135.962234
236.613462 -129.221817
236.613654 -120.862762
236.613846 -119.050003
236.614038 -119.345589
236.614231 -125.767395
236.614423 -123.319160
236.614615 -123.481796
236.614808 -130.405380
236.615000 -128.361038
236.615192 -126.883736
236.615385 -129.221786
236.615577 -126.996880
236.615769 -128.507462
236.615962 -128.221664
236.616154 -129.668457
236.616346 -119.946327
236.616538 -119.284264
236.616731 -121.256897
236.616923 -122.338654
236.617115 -121.593071
236.617308 -121.897171
236.617500 -124.261353
236.617692 -122.744263
236.617885 -120.973618
236.618077 -121.346947
236.618269 -123.198509
236.618462 -123.286064
236.618654 -128.617432
236.618846 -130.918121
236.619038 -124.034920
236.619231 -122.532265
236.619423 -122.637634
236.619615 -125.885803
236.619808 -127.000099
236.620000 -122.387932
236.620192 -120.747177
236.620385 -120.944290
236.620577 -122.577057
236.620769 -124.675034
236.620962 -127.291565
236.621154 -126.891632
236.621346 -130.426682
236.621538 -131.500336
236.621731 -126.648636
236.621923 -120.737000
236.622115 -120.725349
236.622308 -123.545349
236.622500 -125.430534
236.622692 -126.168167
236.622885 -128.379013
236.623077 -129.372421
236.623269 -134.315750
236.623462 -128.045227
236.623654 -124.647644
236.623846 -124.574638
236.624038 -126.173019
236.624231 -119.097694
236.624423 -117.907990
236.624615 -118.328514
236.624808 -125.722755
236.625000 -125.553047
236.625192 -128.314651
236.625385 -125.097237
236.625577 -125.170448
236.625769 -127.060432
236.625962 -125.320793
236.626154 -123.591782
236.626346 -123.707664
236.626538 -129.906723
236.626731 -119.237305
236.626923 -117.515587
236.627115 -117.925507
236.627308 -120.015076
236.627500 -120.701584
236.627692 -126.071838
236.627885 -122.065475
236.628077 -122.036812
236.628269 -118.858002
236.628462 -117.771118
236.628654 -118.785767
236.628846 -126.620140
236.629038 -122.361038
236.629231 -121.635948
236.629423 -122.536324
236.629615 -126.619438
236.629808 -126.022552
236.630000 -123.528244
236.630192 -120.133865
236.630385 -119.772606
236.630577 -119.767731
236.630769 -120.325188
236.630962 -121.745514
236.631154 -129.753052
236.631346 -133.193161
236.631538 -130.142944
236.631731 -125.975098
236.631923 -123.944565
236.632115 -123.925316
236.632308 -124.329765
236.632500 -120.512138
236.632692 -119.777885
236.632885 -119.901291
236.633077 -120.477150
236.633269 -124.056419
236.633462 -130.023148
236.633654 -126.350929
236.633846 -125.722633
236.634038 -126.524742
236.634231 -121.410858
236.634423 -120.941498
236.634615 -121.417351
236.634808 -122.701141
236.635000 -123.702026
236.635192 -127.534042
236.635385 -121.763260
236.635577 -121.842361
236.635769 -125.288162
236.635962 -126.077744
236.636154 -125.173706
236.636346 -117.990967
236.636538 -115.357857
236.636731 -115.452560
236.636923 -120.167114
236.637115 -125.621407
236.637308 -123.735497
236.637500 -123.760933
236.637692 -127.257423
236.637885 -121.103279
236.638077 -119.985497
236.638269 -119.748856
236.638462 -119.767586
236.638654 -120.561348
236.638846 -123.880806
236.639038 -123.882156
236.639231 -123.634254
236.639423 -119.338852
236.639615 -118.940865
236.639808 -120.983955
236.640000 -125.034653
236.640192 -125.266556
236.640385 -125.898262
236.640577 -128.175568
236.640769 -128.053009
236.640962 -130.625702
236.641154 -128.415054
236.641346 -119.096077
236.641538 -117.945938
236.641731 -118.780952
236.641923 -122.998375
236.642115 -127.807640
236.642308 -129.269897
236.642500 -128.930573
236.642692 -121.398094
236.642885 -120.598106
236.643077 -122.195747
236.643269 -132.049240
236.643462 -128.297119
236.643654 -128.319199
236.643846 -120.574745
236.644038 -119.955826
236.644231 -121.132545
236.644423 -121.017006
236.644615 -120.543144
236.644808 -121.001488
236.645000 -122.779778
236.645192 -123.225571
236.645385 -123.915062
236.645577 -127.081230
236.645769 -127.992599
236.645962 -121.420509
236.646154 -118.742073
236.646346 -118.833931
236.646538 -120.334267
236.646731 -119.774887
236.646923 -122.140175
236.647115 -126.598442
236.647308 -127.357292
236.647500 -129.076599
236.647692 -129.916168
236.647885 -126.616043
236.648077 -121.361801
236.648269 -119.491997
236.648462 -119.331139
236.648654 -119.583565
236.648846 -122.956398
236.649038 -124.070801
236.649231 -124.931839
236.649423 -126.444855
236.649615 -124.573204
236.649808 -122.506416
236.650000 -122.610298
236.650192 -124.624825
236.650385 -118.290962
236.650577 -118.244553
236.650769 -122.986259
236.650962 -120.500664
236.651154 -118.110870
236.651346 -118.083549
236.651538 -119.487137
236.651731 -123.589050
236.651923 -133.070099
236.652115 -135.342438
236.652308 -124.901215
236.652500 -116.311897
236.652692 -114.606560
236.652885 -114.617531
236.653077 -115.829399
236.653269 -117.040154
236.653462 -124.082573
236.653654 -127.872681
236.653846 -123.435204
236.654038 -118.125366
236.654231 -115.181976
236.654423 -115.097588
236.654615 -116.397537
236.654808 -121.692680
236.655000 -127.697052
236.655192 -118.654701
236.655385 -115.666451
236.655577 -115.551147
236.655769 -116.246399
236.655962 -118.687340
236.656154 -121.166504
236.656346 -120.398376
236.656538 -120.073616
236.656731 -121.411659
236.656923 -127.951859
236.657115 -120.304817
236.657308 -118.590019
236.657500 -118.978584
236.657692 -124.499634
236.657885 -127.861404
236.658077 -129.161484
236.658269 -122.645226
236.658462 -120.969116
236.658654 -121.455742
236.658846 -123.357231
236.659038 -120.514313
236.659231 -120.358627
236.659423 -121.201675
236.659615 -124.119629
236.659808 -126.738571
236.660000 -123.505226
236.660192 -122.994270
236.660385 -125.530113
236.660577 -136.661545
236.660769 -127.081367
236.660962 -120.852966
236.661154 -120.830719
236.661346 -121.203781
236.661538 -119.058022
236.661731 -119.450287
236.661923 -116.623627
236.662115 -116.444305
236.662308 -118.467911
236.662500 -126.235245
236.662692 -124.076439
236.662885 -122.897530
236.663077 -122.901123
236.663269 -124.164497
236.663462 -123.139252
236.663654 -119.297615
236.663846 -119.172073
236.664038 -121.032204
236.664231 -118.538277
236.664423 -118.132477
236.664615 -119.190147
236.664808 -121.356499
236.665000 -122.177513
236.665192 -121.758575
236.665385 -121.765579
236.665577 -123.044228
236.665769 -127.759697
236.665962 -135.497498
236.666154 -134.102631
236.666346 -128.232803
236.666538 -123.694565
236.666731 -121.509979
236.666923 -121.575844
236.667115 -121.918121
236.667308 -122.277672
236.667500 -117.522568
236.667692 -116.775681
236.667885 -117.233383
236.668077 -118.533325
236.668269 -118.751541
236.668462 -120.679947
236.668654 -121.205673
236.668846 -119.445908
236.669038 -120.429726
236.669231 -132.140701
236.669423 -127.549385
236.669615 -121.773239
236.669808 -121.505608
236.670000 -124.327637
236.670192 -119.436234
236.670385 -118.922829
236.670577 -119.963890
236.670769 -121.994514
236.670962 -123.569382
236.671154 -127.704277
236.671346 -128.763016
236.671538 -124.804703
236.671731 -123.960892
236.671923 -125.061584
236.672115 -129.044998
236.672308 -124.688889
236.672500 -124.451546
236.672692 -126.971123
236.672885 -125.611504
236.673077 -124.169624
236.673269 -124.038666
236.673462 -125.298492
236.673654 -127.773514
236.673846 -120.498466
236.674038 -118.993370
236.674231 -119.757263
236.674423 -127.893173
236.674615 -126.070824
236.674808 -122.815926
236.675000 -122.771400
236.675192 -123.932335
236.675385 -125.526199
236.675577 -126.701576
236.675769 -128.159424
236.675962 -126.593849
236.676154 -128.014587
236.676346 -122.952049
236.676538 -121.427208
236.676731 -122.032471
236.676923 -127.132828
236.677115 -118.933266
236.677308 -118.225174
236.677500 -119.233589
236.677692 -126.301460
236.677885 -130.111374
236.678077 -130.551254
236.678269 -128.927063
236.678462 -124.430756
236.678654 -123.973564
236.678846 -125.015961
236.679038 -127.929535
236.679231 -125.329849
236.679423 -116.679779
236.679615 -114.948753
236.679808 -115.376373
236.680000 -119.933426
236.680192 -123.486359
236.680385 -120.337700
236.680577 -119.284065
236.680769 -120.442963
236.680962 -131.088028
236.681154 -121.303131
236.681346 -117.523651
236.681538 -117.528297
236.681731 -121.013672
236.681923 -125.823769
236.682115 -128.667755
236.682308 -125.527138
236.682500 -125.900398
236.682692 -125.922264
236.682885 -121.944496
236.683077 -121.914169
236.683269 -123.945251
236.683462 -122.468773
236.683654 -124.405449
236.683846 -124.139984
236.684038 -121.219872
236.684231 -121.351685
236.684423 -128.139282
236.684615 -121.242126
236.684808 -120.369263
236.685000 -120.593941
236.685192 -123.011925
236.685385 -119.091125
236.685577 -118.208130
236.685769 -118.811028
236.685962 -124.492943
236.686154 -126.467094
236.686346 -124.808540
236.686538 -125.434372
236.686731 -132.041138
236.686923 -123.549316
236.687115 -122.723938
236.687308 -124.194122
236.687500 -124.555702
236.687692 -120.288177
236.687885 -120.277672
236.688077 -125.214821
236.688269 -125.718719
236.688462 -126.093987
236.688654 -127.952110
236.688846 -127.269806
236.689038 -124.921188
236.689231 -123.326988
236.689423 -123.365059
236.689615 -125.844482
236.689808 -123.229759
236.690000 -123.262283
236.690192 -123.609818
236.690385 -121.761955
236.690577 -116.276695
236.690769 -116.194527
236.690962 -118.722656
236.691154 -132.544418
236.691346 -128.332413
236.691538 -125.153214
236.691731 -125.410889
236.691923 -128.112457
236.692115 -125.060493
236.692308 -125.072449
236.692500 -126.373215
236.692692 -127.765228
236.692885 -130.900955
236.693077 -130.986588
236.693269 -127.957626
236.693462 -121.536263
236.693654 -121.287834
236.693846 -123.548836
236.694038 -125.563782
236.694231 -123.467453
236.694423 -123.777893
236.694615 -124.792709
236.694808 -126.557709
236.695000 -123.755775
236.695192 -123.796974
236.695385 -124.792549
236.695577 -122.859283
236.695769 -122.891510
236.695962 -123.519165
236.696154 -123.702553
236.696346 -126.600937
236.696538 -125.955612
236.696731 -125.735146
236.696923 -122.962288
236.697115 -118.065704
236.697308 -118.071663
236.697500 -125.182571
236.697692 -124.302017
236.697885 -127.564018
236.698077 -120.659134
236.698269 -120.524796
236.698462 -122.054138
236.698654 -124.529984
236.698846 -120.882416
236.699038 -119.157661
236.699231 -119.394989
236.699423 -124.532028
236.699615 -119.409729
236.699808 -119.101639
236.700000 -122.942459
236.700192 -123.584045
236.700385 -125.301559
236.700577 -122.687218
236.700769 -122.785995
236.700962 -123.719498
236.701154 -123.691231
236.701346 -122.731461
236.701538 -121.542511
236.701731 -122.108742
236.701923 -126.089455
236.702115 -131.108490
236.702308 -123.232414
236.702500 -122.547638
236.702692 -120.903954
236.702885 -119.014687
236.703077 -118.346794
236.703269 -118.510155
236.703462 -123.577217
236.703654 -126.097763
236.703846 -127.608635
236.704038 -125.968895
236.704231 -120.447044
236.704423 -119.757111
236.704615 -121.478355
236.704808 -122.802238
236.705000 -122.800697
236.705192 -124.784447
236.705385 -122.961418
236.705577 -123.054642
236.705769 -124.074425
236.705962 -122.602264
236.706154 -124.224541
236.706346 -121.078606
236.706538 -120.445061
236.706731 -123.303123
236.706923 -123.667213
236.707115 -123.095627
236.707308 -122.098343
236.707500 -123.142609
236.707692 -126.415024
236.707885 -126.548698
236.708077 -119.780128
236.708269 -117.675072
236.708462 -117.772217
236.708654 -121.457497
236.708846 -134.948517
236.709038 -127.919830
236.709231 -126.943130
236.709423 -126.820862
236.709615 -126.758377
236.709808 -123.682411
236.710000 -123.186638
236.710192 -123.758453
236.710385 -125.547081
236.710577 -128.347382
236.710769 -125.419319
236.710962 -123.641319
236.711154 -123.600372
236.711346 -122.950882
236.711538 -121.826241
236.711731 -121.425858
236.711923 -121.844872
236.712115 -126.733849
236.712308 -123.128113
236.712500 -123.189880
236.712692 -126.535629
236.712885 -119.640442
236.713077 -118.944832
236.713269 -120.572815
236.713462 -128.089645
236.713654 -124.019661
236.713846 -122.535179
236.714038 -122.773636
236.714231 -125.306839
236.714423 -126.436096
236.714615 -127.198593
236.714808 -121.602066
236.715000 -121.458519
236.715192 -123.490517
236.715385 -124.903389
236.715577 -129.307114
236.715769 -131.062012
236.715962 -130.992996
236.716154 -137.150421
236.716346 -132.557541
236.716538 -125.478203
236.716731 -125.422691
236.716923 -126.064743
236.717115 -126.263077
236.717308 -120.102966
236.717500 -117.568596
236.717692 -117.573418
236.717885 -119.949295
236.718077 -122.453079
236.718269 -122.038383
236.718462 -122.850060
236.718654 -125.629372
236.718846 -129.886963
236.719038 -122.737267
236.719231 -119.971123
236.719423 -119.929565
236.719615 -122.376152
236.719808 -124.694664
236.720000 -121.049652
236.720192 -121.187706
236.720385 -126.480850
236.720577 -122.534256
236.720769 -122.717270
236.720962 -132.403793
236.721154 -127.500534
236.721346 -121.800232
236.721538 -120.307869
236.721731 -119.569328
236.721923 -119.371780
236.722115 -119.939201
236.722308 -122.989090
236.722500 -120.288849
236.722692 -120.430046
236.722885 -125.300247
236.723077 -122.519188
236.723269 -122.789330
236.723462 -125.462067
236.723654 -121.170563
236.723846 -121.124115
236.724038 -123.863365
236.724231 -129.278503
236.724423 -120.355698
236.724615 -119.633492
236.724808 -120.647758
236.725000 -124.279297
236.725192 -123.480850
236.725385 -122.923111
236.725577 -123.122330
236.725769 -129.693878
236.725962 -127.361473
236.726154 -125.335587
236.726346 -125.376991
236.726538 -127.986351
236.726731 -127.621193
236.726923 -131.185135
236.727115 -127.862297
236.727308 -127.873840
236.727500 -132.866837
236.727692 -129.635864
236.727885 -127.895256
236.728077 -123.479042
236.728269 -121.815033
236.728462 -122.263367
236.728654 -125.951309
236.728846 -122.952942
236.729038 -122.184082
236.729231 -122.725723
236.729423 -130.474213
236.729615 -122.610420
236.729808 -121.113861
236.730000 -122.270172
236.730192 -130.424332
236.730385 -128.191574
236.730577 -126.670265
236.730769 -123.903725
236.730962 -124.114571
236.731154 -127.149216
236.731346 -130.195206
236.731538 -128.696365
236.731731 -131.621078
236.731923 -127.853157
236.732115 -127.877747
236.732308 -127.162743
236.732500 -125.670296
236.732692 -119.144943
236.732885 -118.496040
236.733077 -119.763832
236.733269 -124.501884
236.733462 -122.574852
236.733654 -121.736992
236.733846 -122.118843
236.734038 -119.931747
236.734231 -120.121368
236.734423 -123.014481
236.734615 -122.457855
236.734808 -120.971497
236.735000 -120.974426
236.735192 -124.890869
236.735385 -132.862289
236.735577 -132.532150
236.735769 -124.658150
236.735962 -124.606003
236.736154 -126.133751
236.736346 -132.440292
236.736538 -129.780609
236.736731 -127.681313
236.736923 -129.011612
236.737115 -123.896576
236.737308 -121.794983
236.737500 -121.901909
236.737692 -121.119629
236.737885 -121.113907
236.738077 -123.584473
236.738269 -132.515778
236.738462 -126.211411
236.738654 -120.816490
236.738846 -118.126236
236.739038 -118.136513
236.739231 -121.412926
236.739423 -121.998199
236.739615 -117.274963
236.739808 -117.204491
236.740000 -118.326546
236.740192 -122.923523
236.740385 -131.620895
236.740577 -125.047104
236.740769 -122.201843
236.740962 -122.081955
236.741154 -123.764740
236.741346 -124.852570
236.741538 -121.392693
236.741731 -118.483589
236.741923 -118.998993
236.742115 -124.955650
236.742308 -130.504562
236.742500 -127.911102
236.742692 -124.868279
236.742885 -124.117813
236.743077 -124.533386
236.743269 -128.244812
236.743462 -123.924431
236.743654 -123.092415
236.743846 -121.316940
236.744038 -119.935654
236.744231 -120.712364
236.744423 -128.805618
236.744615 -121.631897
236.744808 -121.520638
236.745000 -125.193649
236.745192 -125.999199
236.745385 -124.224327
236.745577 -125.064110
236.745769 -120.092369
236.745962 -119.780319
236.746154 -119.842667
236.746346 -119.801155
236.746538 -120.290512
236.746731 -122.308098
236.746923 -121.899162
236.747115 -123.407402
236.747308 -122.506958
236.747500 -122.727432
236.747692 -125.120766
236.747885 -122.657631
236.748077 -117.271507
236.748269 -116.867188
236.748462 -117.842522
236.748654 -120.591537
236.748846 -121.315041
236.749038 -120.254768
236.749231 -119.409615
236.749423 -119.863251
236.749615 -120.956596
236.749808 -120.840355
236.750000 -122.660583
236.750192 -121.347618
236.750385 -121.366188
236.750577 -121.680237
236.750769 -122.241135
236.750962 -122.633392
236.751154 -121.054092
236.751346 -121.104446
236.751538 -124.560921
236.751731 -123.461205
236.751923 -122.433701
236.752115 -123.161819
236.752308 -123.172340
236.752500 -123.966713
236.752692 -122.941269
236.752885 -123.084373
236.753077 -128.291046
236.753269 -121.654686
236.753462 -120.727242
236.753654 -120.740417
236.753846 -121.034142
236.754038 -123.262520
236.754231 -126.711754
236.754423 -124.191673
236.754615 -124.336243
236.754808 -124.933891
236.755000 -120.595734
236.755192 -120.013405
236.755385 -120.739937
236.755577 -125.779556
236.755769 -121.451996
236.755962 -121.439743
236.756154 -123.771629
236.756346 -128.796661
236.756538 -125.012711
236.756731 -123.654495
236.756923 -124.511086
236.757115 -125.196724
236.757308 -120.218674
236.757500 -120.144180
236.757692 -123.991737
236.757885 -128.759277
236.758077 -128.864182
236.758269 -124.086197
236.758462 -123.616463
236.758654 -125.955872
236.758846 -126.720596
236.759038 -128.145920
236.759231 -138.588501
236.759423 -124.240570
236.759615 -123.649689
236.759808 -127.080208
236.760000 -125.858971
236.760192 -125.841614
236.760385 -127.022293
236.760577 -127.784409
236.760769 -130.870316
236.760962 -124.052650
236.761154 -123.243988
236.761346 -125.904282
236.761538 -127.811150
236.761731 -125.927292
236.761923 -123.333931
236.762115 -123.280106
236.762308 -127.483887
236.762500 -131.510971
236.762692 -131.494720
236.762885 -126.048004
236.763077 -121.092484
236.763269 -120.170158
236.763462 -120.101875
236.763654 -119.993042
236.763846 -121.213310
236.764038 -123.351730
236.764231 -121.648796
236.764423 -121.756676
236.764615 -125.301147
236.764808 -122.358711
236.765000 -122.551147
236.765192 -124.827148
236.765385 -125.035660
236.765577 -125.253868
236.765769 -124.513939
236.765962 -123.694099
236.766154 -125.596024
236.766346 -127.364220
236.766538 -128.570648
236.766731 -130.065231
236.766923 -130.716843
236.767115 -125.616745
236.767308 -120.775169
236.767500 -120.529373
236.767692 -122.274727
236.767885 -126.251823
236.768077 -127.549385
236.768269 -122.186745
236.768462 -119.570137
236.768654 -119.569641
236.768846 -120.925087
236.769038 -126.229355
236.769231 -131.488083
236.769423 -129.644730
236.769615 -122.611839
236.769808 -121.135246
236.770000 -122.304123
236.770192 -125.950241
236.770385 -125.832687
236.770577 -121.617828
236.770769 -119.773315
236.770962 -119.930443
236.771154 -120.919479
236.771346 -121.306610
236.771538 -123.220299
236.771731 -124.124199
236.771923 -122.936378
236.772115 -122.940315
236.772308 -125.093529
236.772500 -126.160614
236.772692 -129.494232
236.772885 -129.468369
236.773077 -121.633842
236.773269 -119.361427
236.773462 -119.719582
236.773654 -121.471283
236.773846 -121.530464
236.774038 -123.451996
236.774231 -123.396439
236.774423 -121.397751
236.774615 -121.189163
236.774808 -122.931152
236.775000 -127.163345
236.775192 -122.180641
236.775385 -121.972511
236.775577 -124.008453
236.775769 -128.653992
236.775962 -127.154106
236.776154 -125.287148
236.776346 -127.007378
236.776538 -126.881439
236.776731 -127.654961
236.776923 -128.432892
236.777115 -125.010063
236.777308 -125.044319
236.777500 -125.658180
236.777692 -130.937317
236.777885 -122.036919
236.778077 -118.418365
236.778269 -118.601578
236.778462 -121.540764
236.778654 -120.501526
236.778846 -121.743187
236.779038 -126.947853
236.779231 -126.629761
236.779423 -122.968674
236.779615 -122.563087
236.779808 -123.191849
236.780000 -123.140930
236.780192 -125.926552
236.780385 -121.361107
236.780577 -120.209518
236.780769 -120.661072
236.780962 -125.823296
236.781154 -128.474426
236.781346 -127.503479
236.781538 -123.946930
236.781731 -122.725014
236.781923 -123.026543
236.782115 -122.111099
236.782308 -114.848022
236.782500 -114.030571
236.782692 -114.736000
236.782885 -119.139702
236.783077 -122.242966
236.783269 -119.508347
236.783462 -117.564255
236.783654 -117.554588
236.783846 -118.290565
236.784038 -118.083389
236.784231 -118.150681
236.784423 -118.897812
236.784615 -119.755798
236.784808 -125.831612
236.785000 -128.087433
236.785192 -128.291763
236.785385 -120.004021
236.785577 -116.653534
236.785769 -116.606453
236.785962 -118.042580
236.786154 -123.319435
236.786346 -121.025681
236.786538 -121.703362
236.786731 -125.878304
236.786923 -121.192268
236.787115 -120.743347
236.787308 -121.493088
236.787500 -128.491257
236.787692 -126.670944
236.787885 -124.920288
236.788077 -122.547638
236.788269 -121.479317
236.788462 -121.494987
236.788654 -122.164391
236.788846 -122.974556
236.789038 -123.588509
236.789231 -123.384445
236.789423 -121.828766
236.789615 -121.791702
236.789808 -122.670166
236.790000 -122.801582
236.790192 -123.763313
236.790385 -118.639732
236.790577 -117.099541
236.790769 -117.324013
236.790962 -120.596588
236.791154 -120.617111
236.791346 -121.508942
236.791538 -121.362251
236.791731 -122.558212
236.791923 -130.869949
236.792115 -126.875557
236.792308 -126.737488
236.792500 -128.041962
236.792692 -122.207298
236.792885 -120.778824
236.793077 -123.063393
236.793269 -120.068245
236.793462 -119.932831
236.793654 -121.823204
236.793846 -121.665154
236.794038 -121.276543
236.794231 -122.199661
236.794423 -125.010658
236.794615 -127.359413
236.794808 -126.502052
236.795000 -123.816254
236.795192 -122.861359
236.795385 -121.381950
236.795577 -117.640388
236.795769 -116.812782
236.795962 -117.141998
236.796154 -121.428024
236.796346 -121.938744
236.796538 -122.007790
236.796731 -121.853661
236.796923 -122.460541
236.797115 -126.070488
236.797308 -129.108932
236.797500 -124.488251
236.797692 -121.242325
236.797885 -120.520897
236.798077 -120.332779
236.798269 -119.481613
236.798462 -119.256058
236.798654 -119.763809
236.798846 -123.252464
236.799038 -128.708405
236.799231 -121.489975
236.799423 -119.581009
236.799615 -119.988747
236.799808 -125.792358
236.800000 -122.897003
236.800192 -121.269325
236.800385 -119.102051
236.800577 -118.778236
236.800769 -119.556923
236.800962 -124.373444
236.801154 -124.827248
236.801346 -129.752228
236.801538 -128.326553
236.801731 -128.315750
236.801923 -126.316727
236.802115 -122.706238
236.802308 -121.923576
236.802500 -123.079025
236.802692 -126.277565
236.802885 -126.286194
236.803077 -119.311554
236.803269 -118.084618
236.803462 -118.321945
236.803654 -121.813354
236.803846 -124.753365
236.804038 -124.320671
236.804231 -123.017563
236.804423 -122.053772
236.804615 -123.998329
236.804808 -122.384415
236.805000 -122.388268
236.805192 -124.931602
236.805385 -126.930054
236.805577 -122.490097
236.805769 -121.351601
236.805962 -122.350128
236.806154 -127.865402
236.806346 -123.507744
236.806538 -120.419395
236.806731 -120.443031
236.806923 -123.798424
236.807115 -128.191345
236.807308 -126.309601
236.807500 -120.855377
236.807692 -117.392784
236.807885 -117.417183
236.808077 -122.122589
236.808269 -120.265427
236.808462 -118.225388
236.808654 -118.323647
236.808846 -121.162201
236.809038 -130.173004
236.809231 -127.899033
236.809423 -125.392174
236.809615 -126.600395
236.809808 -124.840050
236.810000 -121.751373
236.810192 -122.440712
236.810385 -126.188255
236.810577 -126.309448
236.810769 -128.134094
236.810962 -125.012222
236.811154 -125.064301
236.811346 -127.479462
236.811538 -127.381775
236.811731 -126.613800
236.811923 -123.900627
236.812115 -123.239449
236.812308 -127.573837
236.812500 -132.963913
236.812692 -125.834953
236.812885 -123.745476
236.813077 -120.231369
236.813269 -119.406113
236.813462 -119.768959
236.813654 -126.209801
236.813846 -133.058090
236.814038 -127.357147
236.814231 -122.916740
236.814423 -120.736710
236.814615 -120.657562
236.814808 -121.304008
236.815000 -123.862869
236.815192 -122.256516
236.815385 -120.184845
236.815577 -119.620239
236.815769 -119.798424
236.815962 -123.327446
236.816154 -120.276672
236.816346 -120.584457
236.816538 -125.490364
236.816731 -123.238396
236.816923 -123.483047
236.817115 -121.583694
236.817308 -120.942757
236.817500 -121.976463
236.817692 -123.185356
236.817885 -122.380493
236.818077 -121.754814
236.818269 -122.397575
236.818462 -128.769135
236.818654 -128.173996
236.818846 -123.066742
236.819038 -122.306923
236.819231 -124.484756
236.819423 -121.924232
236.819615 -116.030289
236.819808 -115.662529
236.820000 -117.490585
236.820192 -124.569565
236.820385 -131.421692
236.820577 -135.660278
236.820769 -124.375832
236.820962 -123.865936
236.821154 -126.456757
236.821346 -121.227722
236.821538 -120.132484
236.821731 -120.970795
236.821923 -132.130859
236.822115 -130.868332
236.822308 -124.571144
236.822500 -118.463776
236.822692 -116.980850
236.822885 -116.757805
236.823077 -117.020088
236.823269 -119.880905
236.823462 -126.008278
236.823654 -134.141235
236.823846 -126.337166
236.824038 -123.664261
236.824231 -123.836571
236.824423 -126.523331
236.824615 -123.101158
236.824808 -123.164825
236.825000 -127.699074
236.825192 -127.801178
236.825385 -125.592735
236.825577 -118.868744
236.825769 -117.626625
236.825962 -117.281235
236.826154 -116.517357
236.826346 -116.865059
236.826538 -121.739815
236.826731 -126.762222
236.826923 -125.246994
236.827115 -125.293472
236.827308 -131.094131
236.827500 -126.832405
236.827692 -123.250885
236.827885 -123.302879
236.828077 -123.638031
236.828269 -123.276901
236.828462 -126.779602
236.828654 -123.167297
236.828846 -123.201042
236.829038 -130.539505
236.829231 -126.895790
236.829423 -127.466515
236.829615 -127.167946
236.829808 -125.416336
236.830000 -121.635498
236.830192 -118.906693
236.830385 -117.166183
236.830577 -117.244667
236.830769 -118.479652
236.830962 -120.323563
236.831154 -127.168854
236.831346 -124.536285
236.831538 -124.796173
236.831731 -126.661407
236.831923 -125.612968
236.832115 -127.117592
236.832308 -124.846504
236.832500 -124.861519
236.832692 -129.253922
236.832885 -130.773743
236.833077 -123.747871
236.833269 -122.223755
236.833462 -123.325508
236.833654 -123.345253
236.833846 -117.703941
236.834038 -117.124916
236.834231 -117.977608
236.834423 -122.970512
236.834615 -130.803055
236.834808 -129.780380
236.835000 -129.840530
236.835192 -129.553238
236.835385 -124.524696
236.835577 -122.688019
236.835769 -123.488373
236.835962 -122.837044
236.836154 -122.750473
236.836346 -129.851288
236.836538 -128.842697
236.836731 -125.114227
236.836923 -125.217949
236.837115 -129.695831
236.837308 -128.316940
236.837500 -128.358795
236.837692 -136.610245
236.837885 -126.114105
236.838077 -120.273163
236.838269 -119.770126
236.838462 -120.613091
236.838654 -123.336876
236.838846 -123.175941
236.839038 -121.071182
236.839231 -120.825203
236.839423 -123.768372
236.839615 -125.801620
236.839808 -123.743561
236.840000 -121.825562
236.840192 -121.232048
236.840385 -122.239502
236.840577 -123.991516
236.840769 -121.274673
236.840962 -121.279778
236.841154 -123.304298
236.841346 -126.228889
236.841538 -124.363373
236.841731 -125.051369
236.841923 -128.496704
236.842115 -123.753761
236.842308 -121.615723
236.842500 -121.773544
236.842692 -126.824600
236.842885 -128.566483
236.843077 -121.636261
236.843269 -121.582054
236.843462 -125.229897
236.843654 -117.814392
236.843846 -117.457825
236.844038 -119.418793
236.844231 -123.918930
236.844423 -126.565948
236.844615 -126.223518
236.844808 -121.788490
236.845000 -121.891052
236.845192 -125.265335
236.845385 -128.205994
236.845577 -125.493553
236.845769 -125.421341
236.845962 -125.466545
236.846154 -122.424850
236.846346 -121.355896
236.846538 -121.383705
236.846731 -120.980408
236.846923 -121.053230
236.847115 -121.690826
236.847308 -121.241722
236.847500 -121.461426
236.847692 -122.789452
236.847885 -122.563408
236.848077 -122.689674
236.848269 -121.293602
236.848462 -118.227936
236.848654 -118.081398
236.848846 -119.540367
236.849038 -121.429733
236.849231 -120.708641
236.849423 -121.825562
236.849615 -124.414879
236.849808 -124.537766
236.850000 -122.246368
236.850192 -123.531929
236.850385 -120.356285
236.850577 -120.356773
236.850769 -123.690186
236.850962 -128.493057
236.851154 -128.585007
236.851346 -126.689240
236.851538 -123.862457
236.851731 -123.867844
236.851923 -126.445274
236.852115 -128.140869
236.852308 -129.783035
236.852500 -125.832497
236.852692 -124.083878
236.852885 -124.330276
236.853077 -124.782104
236.853269 -125.238358
236.853462 -128.182129
236.853654 -123.843407
236.853846 -120.484200
236.854038 -120.613586
236.854231 -125.341125
236.854423 -121.929955
236.854615 -122.189255
236.854808 -127.675797
236.855000 -124.850800
236.855192 -126.430000
236.855385 -122.931633
236.855577 -123.028687
236.855769 -121.267952
236.855962 -121.394165
236.856154 -125.730591
236.856346 -125.063087
236.856538 -120.911362
236.856731 -120.986855
236.856923 -124.386452
236.857115 -133.120255
236.857308 -127.621422
236.857500 -120.830559
236.857692 -120.344246
236.857885 -121.445625
236.858077 -117.537872
236.858269 -116.471367
236.858462 -116.942291
236.858654 -122.151474
236.858846 -120.237328
236.859038 -119.229477
236.859231 -118.970703
236.859423 -119.300232
236.859615 -122.405777
236.859808 -122.007240
236.860000 -122.212044
236.860192 -122.087662
236.860385 -122.220276
236.860577 -127.994873
236.860769 -125.608170
236.860962 -125.297432
236.861154 -126.850227
236.861346 -118.587143
236.861538 -115.350456
236.861731 -115.335640
236.861923 -117.384048
236.862115 -122.066269
236.862308 -118.183075
236.862500 -118.213120
236.862692 -119.692413
236.862885 -123.448158
236.863077 -122.949478
236.863269 -119.154785
236.863462 -119.153450
236.863654 -121.686005
236.863846 -125.840782
236.864038 -121.417381
236.864231 -121.463524
236.864423 -124.285683
236.864615 -118.609108
236.864808 -118.112167
236.865000 -118.403427
