286.233000 -122.423759
286.233048 -124.999969
286.233096 -126.514381
286.233144 -126.347183
286.233192 -126.323471
286.233240 -126.507065
286.233288 -126.605606
286.233337 -124.550316
286.233385 -123.902351
286.233433 -123.958145
286.233481 -127.215988
286.233529 -130.310303
286.233577 -128.794174
286.233625 -129.134750
286.233673 -128.819962
286.233721 -126.716949
286.233769 -126.576454
286.233817 -127.318390
286.233865 -131.850464
286.233913 -136.443451
286.233962 -132.085526
286.234010 -132.096680
286.234058 -137.779984
286.234106 -135.288589
286.234154 -132.040878
286.234202 -129.655243
286.234250 -129.728775
286.234298 -132.237946
286.234346 -134.896820
286.234394 -131.111298
286.234442 -130.235672
286.234490 -131.575241
286.234538 -132.657639
286.234587 -128.920044
286.234635 -127.525177
286.234683 -127.440491
286.234731 -127.239967
286.234779 -125.812492
286.234827 -125.541748
286.234875 -125.920517
286.234923 -128.578262
286.234971 -124.297188
286.235019 -123.520065
286.235067 -124.087921
286.235115 -129.301666
286.235163 -127.288628
286.235212 -127.255287
286.235260 -128.860184
286.235308 -127.346703
286.235356 -127.484558
286.235404 -125.086601
286.235452 -123.649551
286.235500 -123.769066
286.235548 -127.323112
286.235596 -128.658417
286.235644 -126.070076
286.235692 -126.069962
286.235740 -127.515839
286.235788 -128.192963
286.235837 -129.639893
286.235885 -133.425903
286.235933 -125.108406
286.235981 -123.916534
286.236029 -124.124794
286.236077 -127.382057
286.236125 -128.330032
286.236173 -124.971191
286.236221 -124.848724
286.236269 -126.272682
286.236317 -129.948502
286.236365 -131.731323
286.236413 -126.054146
286.236462 -123.147507
286.236510 -121.593956
286.236558 -121.169815
286.236606 -121.239960
286.236654 -123.310463
286.236702 -130.633316
286.236750 -130.711548
286.236798 -130.131332
286.236846 -130.273895
286.236894 -130.439163
286.236942 -132.451035
286.236990 -126.155930
286.237038 -125.439552
286.237087 -126.250648
286.237135 -131.097778
286.237183 -130.281113
286.237231 -127.798744
286.237279 -126.472321
286.237327 -125.991516
286.237375 -126.121002
286.237423 -129.206268
286.237471 -136.686066
286.237519 -133.969849
286.237567 -132.375122
286.237615 -130.884521
286.237663 -129.165436
286.237712 -128.249847
286.237760 -128.260117
286.237808 -129.217651
286.237856 -130.021683
286.237904 -133.084290
286.237952 -133.288223
286.238000 -127.155449
286.238048 -123.844757
286.238096 -122.894287
286.238144 -122.896843
286.238192 -124.254555
286.238240 -127.834152
286.238288 -134.021469
286.238337 -125.468559
286.238385 -123.680420
286.238433 -123.687225
286.238481 -125.002808
286.238529 -126.310234
286.238577 -126.339264
286.238625 -127.242119
286.238673 -128.280670
286.238721 -126.278091
286.238769 -125.477295
286.238817 -125.625473
286.238865 -128.518097
286.238913 -130.275131
286.238962 -130.733551
286.239010 -136.998047
286.239058 -155.671524
286.239106 -143.035980
286.239154 -132.136795
286.239202 -128.231445
286.239250 -126.895264
286.239298 -126.299042
286.239346 -125.036194
286.239394 -124.940201
286.239442 -125.560005
286.239490 -126.294365
286.239538 -126.265350
286.239587 -126.630287
286.239635 -128.024963
286.239683 -128.809540
286.239731 -129.615967
286.239779 -127.890961
286.239827 -126.202423
286.239875 -126.142075
286.239923 -126.400604
286.239971 -125.762779
286.240019 -125.484306
286.240067 -125.809433
286.240115 -129.670090
286.240163 -134.154602
286.240212 -130.610947
286.240260 -130.198608
286.240308 -130.948318
286.240356 -135.354767
286.240404 -135.508362
286.240452 -137.267838
286.240500 -132.381363
286.240548 -132.378845
286.240596 -136.872375
286.240644 -135.959381
286.240692 -134.502411
286.240740 -134.500900
286.240788 -135.606247
286.240837 -137.903015
286.240885 -136.040894
286.240933 -133.854584
286.240981 -133.671890
286.241029 -132.125122
286.241077 -128.003021
286.241125 -124.518692
286.241173 -122.612122
286.241221 -122.321259
286.241269 -122.505623
286.241317 -124.334167
286.241365 -129.682877
286.241413 -132.063873
286.241462 -126.286545
286.241510 -123.043884
286.241558 -122.773514
286.241606 -123.689095
286.241654 -129.403931
286.241702 -139.577545
286.241750 -132.760544
286.241798 -128.195313
286.241846 -127.533585
286.241894 -128.606049
286.241942 -129.517059
286.241990 -127.376701
286.242038 -127.641708
286.242087 -130.588165
286.242135 -127.884125
286.242183 -127.887848
286.242231 -129.021988
286.242279 -128.189209
286.242327 -128.190353
286.242375 -129.701233
286.242423 -129.153625
286.242471 -129.213669
286.242519 -134.346832
286.242567 -134.341141
286.242615 -132.896011
286.242663 -130.143127
286.242712 -130.345352
286.242760 -133.444107
286.242808 -137.948639
286.242856 -129.046829
286.242904 -122.393768
286.242952 -121.079597
286.243000 -121.257759
286.243048 -123.517578
286.243096 -125.259544
286.243144 -129.479218
286.243192 -128.342545
286.243240 -126.968224
286.243288 -126.841507
286.243337 -127.633308
286.243385 -130.464935
286.243433 -127.789299
286.243481 -127.694199
286.243529 -127.662941
286.243577 -128.138306
286.243625 -131.505081
286.243673 -136.309067
286.243721 -140.444138
286.243769 -140.397171
286.243817 -139.482864
286.243865 -133.631332
286.243913 -132.325806
286.243962 -132.718857
286.244010 -134.129364
286.244058 -129.424469
286.244106 -123.753204
286.244154 -122.375908
286.244202 -122.627899
286.244250 -128.934601
286.244298 -127.428864
286.244346 -123.995369
286.244394 -122.253784
286.244442 -122.188126
286.244490 -122.645920
286.244538 -122.590874
286.244587 -122.605354
286.244635 -124.578796
286.244683 -130.848663
286.244731 -137.418137
286.244779 -129.534424
286.244827 -128.016327
286.244875 -128.028778
286.244923 -128.929962
286.244971 -131.565567
286.245019 -136.415634
286.245067 -133.132645
286.245115 -133.336517
286.245163 -130.323364
286.245212 -125.518974
286.245260 -124.870483
286.245308 -125.655685
286.245356 -130.721222
286.245404 -129.513245
286.245452 -130.552200
286.245500 -138.541290
286.245548 -132.344025
286.245596 -125.964043
286.245644 -125.107773
286.245692 -125.685455
286.245740 -131.357666
286.245788 -140.903656
286.245837 -137.072540
286.245885 -133.726883
286.245933 -131.411835
286.245981 -126.910042
286.246029 -124.716858
286.246077 -124.657684
286.246125 -125.238777
286.246173 -126.945328
286.246221 -129.866028
286.246269 -133.490570
286.246317 -131.631699
286.246365 -131.734314
286.246413 -132.917633
286.246462 -131.987869
286.246510 -132.835175
286.246558 -126.671799
286.246606 -124.878426
286.246654 -124.886307
286.246702 -127.050499
286.246750 -134.020691
286.246798 -132.858139
286.246846 -132.382050
286.246894 -133.461105
286.246942 -132.299423
286.246990 -131.246506
286.247038 -127.606033
286.247087 -126.954628
286.247135 -127.345573
286.247183 -129.107941
286.247231 -129.203522
286.247279 -129.175278
286.247327 -131.244766
286.247375 -128.830780
286.247423 -127.523949
286.247471 -128.616074
286.247519 -130.726532
286.247567 -130.458954
286.247615 -132.475143
286.247663 -134.245377
286.247712 -133.214966
286.247760 -133.217026
286.247808 -134.445984
286.247856 -138.606689
286.247904 -135.717255
286.247952 -130.213257
286.248000 -127.970444
286.248048 -127.951485
286.248096 -130.682800
286.248144 -125.615936
286.248192 -122.581612
286.248240 -122.205307
286.248288 -122.526566
286.248337 -126.167046
286.248385 -133.407135
286.248433 -132.352737
286.248481 -134.460190
286.248529 -135.558243
286.248577 -135.747589
286.248625 -133.864014
286.248673 -134.972702
286.248721 -127.962074
286.248769 -127.618439
286.248817 -128.679596
286.248865 -125.007912
286.248913 -124.123627
286.248962 -124.781799
286.249010 -132.111771
286.249058 -140.979736
286.249106 -129.603470
286.249154 -127.267975
286.249202 -127.275467
286.249250 -128.508774
286.249298 -127.176460
286.249346 -125.148994
286.249394 -125.292084
286.249442 -130.412231
286.249490 -128.300385
286.249538 -126.661461
286.249587 -126.613487
286.249635 -127.629936
286.249683 -130.143539
286.249731 -129.599884
286.249779 -126.859619
286.249827 -126.885277
286.249875 -129.426697
286.249923 -131.654022
286.249971 -126.911766
286.250019 -124.029266
286.250067 -123.765747
286.250115 -124.327179
286.250163 -127.445358
286.250212 -134.346313
286.250260 -131.989029
286.250308 -131.811874
286.250356 -133.637817
286.250404 -127.567253
286.250452 -126.430069
286.250500 -126.898781
286.250548 -134.563858
286.250596 -130.739868
286.250644 -128.311066
286.250692 -125.963493
286.250740 -124.812607
286.250788 -124.130661
286.250837 -123.652031
286.250885 -123.548508
286.250933 -123.754486
286.250981 -125.450035
286.251029 -128.816177
286.251077 -130.607925
286.251125 -125.725632
286.251173 -125.490105
286.251221 -126.556328
286.251269 -128.879639
286.251317 -127.781967
286.251365 -127.584976
286.251413 -127.821701
286.251462 -127.086960
286.251510 -126.496925
286.251558 -125.338852
286.251606 -124.561134
286.251654 -124.617844
286.251702 -126.516380
286.251750 -130.099136
286.251798 -135.146255
286.251846 -131.719513
286.251894 -131.289825
286.251942 -131.997559
286.251990 -132.878433
286.252038 -132.996445
286.252087 -127.784966
286.252135 -126.465385
286.252183 -126.661011
286.252231 -128.515884
286.252279 -124.751770
286.252327 -123.390221
286.252375 -123.401550
286.252423 -125.148598
286.252471 -127.214806
286.252519 -130.073883
286.252567 -134.116425
286.252615 -129.772018
286.252663 -125.208672
286.252712 -122.306244
286.252760 -122.164055
286.252808 -123.529030
286.252856 -130.857239
286.252904 -130.579147
286.252952 -126.232094
286.253000 -125.796906
286.253048 -126.698410
286.253096 -134.890701
286.253144 -129.890869
286.253192 -127.718857
286.253240 -127.639122
286.253288 -128.630737
286.253337 -130.135574
286.253385 -130.233353
286.253433 -134.735107
286.253481 -132.717987
286.253529 -129.540482
286.253577 -128.267731
286.253625 -128.170700
286.253673 -128.481339
286.253721 -130.502945
286.253769 -131.323532
286.253817 -130.011841
286.253865 -128.065842
286.253913 -127.983978
286.253962 -130.060318
286.254010 -127.869843
286.254058 -124.054520
286.254106 -121.569130
286.254154 -121.439354
286.254202 -122.709610
286.254250 -129.705826
286.254298 -129.027756
286.254346 -127.777031
286.254394 -127.913399
286.254442 -129.706207
286.254490 -127.052139
286.254538 -126.567337
286.254587 -126.708008
286.254635 -127.858688
286.254683 -131.982635
286.254731 -130.701248
286.254779 -130.863358
286.254827 -132.044815
286.254875 -135.665573
286.254923 -137.559509
286.254971 -130.163879
286.255019 -124.391853
286.255067 -122.742477
286.255115 -122.766129
286.255163 -125.558472
286.255212 -123.835594
286.255260 -122.545387
286.255308 -122.939957
286.255356 -128.365479
286.255404 -132.631454
286.255452 -129.985428
286.255500 -129.648880
286.255548 -130.441162
286.255596 -135.654373
286.255644 -140.434967
286.255692 -131.154343
286.255740 -129.707657
286.255788 -130.335205
286.255837 -135.743759
286.255885 -134.566147
286.255933 -135.544907
286.255981 -130.681519
286.256029 -128.585892
286.256077 -128.594925
286.256125 -133.555359
286.256173 -128.224274
286.256221 -128.075775
286.256269 -131.017929
286.256317 -131.843491
286.256365 -131.683746
286.256413 -135.013977
286.256462 -142.780991
286.256510 -133.217560
286.256558 -126.391228
286.256606 -124.430405
286.256654 -124.517746
286.256702 -129.361404
286.256750 -133.358505
286.256798 -134.519699
286.256846 -129.346497
286.256894 -129.203781
286.256942 -127.480713
286.256990 -125.955688
286.257038 -125.019493
286.257087 -125.020287
286.257135 -126.660027
286.257183 -130.328186
286.257231 -129.132523
286.257279 -129.183685
286.257327 -128.397507
286.257375 -128.395966
286.257423 -130.971725
286.257471 -126.684547
286.257519 -126.684341
286.257567 -128.756363
286.257615 -132.077728
286.257663 -130.955353
286.257712 -129.067078
286.257760 -129.168869
286.257808 -133.199417
286.257856 -134.185806
286.257904 -129.267548
286.257952 -124.166626
286.258000 -123.274818
286.258048 -123.706474
286.258096 -126.565643
286.258144 -126.499901
286.258192 -129.914185
286.258240 -127.169937
286.258288 -127.172470
286.258337 -130.258286
286.258385 -128.916870
286.258433 -128.506760
286.258481 -128.759262
286.258529 -131.804825
286.258577 -133.742691
286.258625 -135.140594
286.258673 -133.644455
286.258721 -126.185638
286.258769 -123.965675
286.258817 -123.959839
286.258865 -124.915840
286.258913 -126.352013
286.258962 -128.512451
286.259010 -131.002487
286.259058 -138.151596
286.259106 -135.146164
286.259154 -136.124130
286.259202 -129.083221
286.259250 -127.482254
286.259298 -126.994545
286.259346 -124.722359
286.259394 -123.009315
286.259442 -121.809769
286.259490 -121.636986
286.259538 -122.213181
286.259587 -125.913246
286.259635 -129.962585
286.259683 -130.426575
286.259731 -124.614494
286.259779 -124.170593
286.259827 -125.739334
286.259875 -124.506042
286.259923 -122.579895
286.259971 -122.754395
286.260019 -126.481277
286.260067 -128.138931
286.260115 -128.136932
286.260163 -129.407684
286.260212 -127.764816
286.260260 -125.193832
286.260308 -125.193207
286.260356 -127.388634
286.260404 -131.361526
286.260452 -130.737762
286.260500 -129.098022
286.260548 -128.082672
286.260596 -128.588959
286.260644 -131.614304
286.260692 -131.128220
286.260740 -131.379929
286.260788 -135.277451
286.260837 -135.215622
286.260885 -132.800583
286.260933 -131.011841
286.260981 -131.920044
286.261029 -129.890610
286.261077 -129.227737
286.261125 -129.986450
286.261173 -133.261719
286.261221 -133.530029
286.261269 -134.706863
286.261317 -138.667831
286.261365 -135.695587
286.261413 -130.903275
286.261462 -130.834625
286.261510 -133.620117
286.261558 -132.375183
286.261606 -131.150238
286.261654 -132.677567
286.261702 -129.990051
286.261750 -128.853088
286.261798 -128.665253
286.261846 -128.654907
286.261894 -130.287750
286.261942 -134.337265
286.261990 -134.188568
286.262038 -134.935715
286.262087 -128.441940
286.262135 -124.731697
286.262183 -122.979172
286.262231 -122.977997
286.262279 -125.155525
286.262327 -128.260162
286.262375 -124.802849
286.262423 -124.073296
286.262471 -124.062561
286.262519 -124.457840
286.262567 -126.298790
286.262615 -130.756821
286.262663 -130.968536
286.262712 -130.288559
286.262760 -125.879715
286.262808 -121.784897
286.262856 -121.613419
286.262904 -122.933281
286.262952 -127.676765
286.263000 -127.336288
286.263048 -127.749863
286.263096 -131.176117
286.263144 -125.167305
286.263192 -122.544617
286.263240 -122.482124
286.263288 -123.644989
286.263337 -128.216446
286.263385 -136.421295
286.263433 -132.875473
286.263481 -132.667267
286.263529 -131.226227
286.263577 -123.996117
286.263625 -122.662743
286.263673 -122.828674
286.263721 -126.203094
286.263769 -125.210663
286.263817 -124.546646
286.263865 -125.350983
286.263913 -133.502655
286.263962 -126.945427
286.264010 -126.353691
286.264058 -126.895805
286.264106 -130.759018
286.264154 -132.690338
286.264202 -129.532547
286.264250 -127.345795
286.264298 -127.210808
286.264346 -128.245041
286.264394 -133.474838
286.264442 -132.477921
286.264490 -132.455643
286.264538 -135.168610
286.264587 -128.367523
286.264635 -127.324806
286.264683 -128.141541
286.264731 -133.946472
286.264779 -138.175247
286.264827 -133.820023
286.264875 -126.734406
286.264923 -124.419670
286.264971 -124.343124
286.265019 -125.060875
286.265067 -128.126328
286.265115 -131.791840
286.265163 -131.621124
286.265212 -128.113190
286.265260 -125.413887
286.265308 -125.142311
286.265356 -124.644669
286.265404 -124.655701
286.265452 -127.026100
286.265500 -132.028244
286.265548 -130.557449
286.265596 -129.230179
286.265644 -129.078125
286.265692 -129.726303
286.265740 -131.757584
286.265788 -135.971970
286.265837 -127.226288
286.265885 -123.818733
286.265933 -122.783554
286.265981 -122.650253
286.266029 -123.023666
286.266077 -126.093285
286.266125 -132.228546
286.266173 -140.603348
286.266221 -140.323257
286.266269 -134.151794
286.266317 -132.010788
286.266365 -129.453659
286.266413 -126.204880
286.266462 -125.591850
286.266510 -125.943512
286.266558 -130.792664
286.266606 -129.077866
286.266654 -128.711060
286.266702 -129.613708
286.266750 -133.929291
286.266798 -136.586304
286.266846 -131.757126
286.266894 -130.158417
286.266942 -130.264450
286.266990 -129.679977
286.267038 -127.074951
286.267087 -125.523186
286.267135 -125.466766
286.267183 -126.520592
286.267231 -127.306396
286.267279 -126.770531
286.267327 -127.294876
286.267375 -130.787842
286.267423 -133.280991
286.267471 -134.303650
286.267519 -136.452362
286.267567 -136.350662
286.267615 -136.555435
286.267663 -132.766800
286.267712 -127.347427
286.267760 -125.751106
286.267808 -125.660194
286.267856 -126.451195
286.267904 -127.323479
286.267952 -122.304153
286.268000 -122.129784
286.268048 -123.369316
286.268096 -124.876961
286.268144 -124.742714
286.268192 -125.426064
286.268240 -127.326385
286.268288 -129.658966
286.268337 -135.544571
286.268385 -131.874146
286.268433 -131.427368
286.268481 -132.877502
286.268529 -142.555252
286.268577 -135.087982
286.268625 -129.350723
286.268673 -127.123817
286.268721 -126.771584
286.268769 -127.000557
286.268817 -128.197769
286.268865 -131.215485
286.268913 -129.133499
286.268962 -127.482819
286.269010 -127.782883
286.269058 -133.476151
286.269106 -139.562088
286.269154 -140.464630
286.269202 -134.028687
286.269250 -130.887482
286.269298 -130.900543
286.269346 -133.984589
286.269394 -133.950104
286.269442 -136.679794
286.269490 -138.270691
286.269538 -138.271591
286.269587 -137.642899
286.269635 -129.997589
286.269683 -128.256210
286.269731 -128.289261
286.269779 -131.588852
286.269827 -129.367920
286.269875 -127.170418
286.269923 -127.334877
286.269971 -130.539932
286.270019 -133.325256
286.270067 -131.969070
286.270115 -130.432632
286.270163 -130.730591
286.270212 -133.070145
286.270260 -128.815674
286.270308 -125.949707
286.270356 -125.744560
286.270404 -124.701767
286.270452 -122.202293
286.270500 -121.946594
286.270548 -121.991898
286.270596 -121.425583
286.270644 -121.630478
286.270692 -125.171196
286.270740 -127.472328
286.270788 -125.727867
286.270837 -125.620453
286.270885 -126.556946
286.270933 -131.320282
286.270981 -130.421707
286.271029 -129.806519
286.271077 -124.548340
286.271125 -124.124359
286.271173 -124.828445
286.271221 -129.516083
286.271269 -126.779762
286.271317 -123.468658
286.271365 -123.243507
286.271413 -124.121536
286.271462 -129.225830
286.271510 -131.405319
286.271558 -127.000374
286.271606 -124.452690
286.271654 -124.239883
286.271702 -125.361252
286.271750 -134.332275
286.271798 -131.727112
286.271846 -127.594124
286.271894 -123.892334
286.271942 -123.725662
286.271990 -124.881332
286.272038 -127.663368
286.272087 -129.175766
286.272135 -129.821945
286.272183 -129.913315
286.272231 -127.995926
286.272279 -124.659622
286.272327 -124.378189
286.272375 -125.588478
286.272423 -134.349777
286.272471 -129.828918
286.272519 -129.831818
286.272567 -134.385223
286.272615 -139.980423
286.272663 -141.925186
286.272712 -140.069473
286.272760 -129.594528
286.272808 -126.593689
286.272856 -126.437958
286.272904 -126.551819
286.272952 -126.801239
286.273000 -127.849434
286.273048 -128.019073
286.273096 -126.900658
286.273144 -126.667389
286.273192 -127.350052
286.273240 -130.091675
286.273288 -138.063965
286.273337 -130.666977
286.273385 -128.488525
286.273433 -128.509201
286.273481 -129.212860
286.273529 -127.000725
286.273577 -127.002472
286.273625 -128.987152
286.273673 -133.183609
286.273721 -130.850540
286.273769 -129.863739
286.273817 -127.045418
286.273865 -123.856873
286.273913 -123.855286
286.273962 -127.389977
286.274010 -133.536667
286.274058 -134.264099
286.274106 -134.180740
286.274154 -130.958420
286.274202 -130.854538
286.274250 -131.709518
286.274298 -136.193756
286.274346 -132.904785
286.274394 -129.301819
286.274442 -128.479004
286.274490 -128.519150
286.274538 -130.809326
286.274587 -137.280945
286.274635 -137.057541
286.274683 -139.682755
286.274731 -134.756149
286.274779 -129.652863
286.274827 -127.487289
286.274875 -126.078590
286.274923 -125.688805
286.274971 -125.942764
286.275019 -129.754684
286.275067 -141.196411
286.275115 -142.363174
286.275163 -142.632599
286.275212 -137.556381
286.275260 -129.577042
286.275308 -126.940346
286.275356 -126.906433
286.275404 -127.031937
286.275452 -126.500511
286.275500 -124.830933
286.275548 -123.325134
286.275596 -123.315994
286.275644 -124.928406
286.275692 -130.693054
286.275740 -139.124847
286.275788 -149.655701
286.275837 -139.596680
286.275885 -139.695724
286.275933 -130.391190
286.275981 -127.166222
286.276029 -126.462311
286.276077 -126.500023
286.276125 -125.468163
286.276173 -123.576172
286.276221 -123.565857
286.276269 -125.573570
286.276317 -132.342834
286.276365 -136.715881
286.276413 -132.212326
286.276462 -132.135056
286.276510 -135.665985
286.276558 -142.225906
286.276606 -137.745956
286.276654 -125.938332
286.276702 -120.043900
286.276750 -118.898369
286.276798 -119.088745
286.276846 -123.105057
286.276894 -125.469681
286.276942 -125.237793
286.276990 -128.775192
286.277038 -127.656403
286.277087 -127.394180
286.277135 -128.274231
286.277183 -131.933334
286.277231 -129.372238
286.277279 -126.672821
286.277327 -126.800606
286.277375 -129.793091
286.277423 -126.725983
286.277471 -126.173660
286.277519 -126.103027
286.277567 -126.631851
286.277615 -129.812897
286.277663 -131.720230
286.277712 -126.619781
286.277760 -126.282860
286.277808 -126.819450
286.277856 -128.540253
286.277904 -129.157608
286.277952 -132.955780
286.278000 -134.369156
286.278048 -132.829651
286.278096 -133.239075
286.278144 -135.757233
286.278192 -126.793449
286.278240 -123.609367
286.278288 -123.590126
286.278337 -127.058701
286.278385 -124.737556
286.278433 -124.660416
286.278481 -127.774956
286.278529 -138.216324
286.278577 -135.086075
286.278625 -125.584717
286.278673 -123.392220
286.278721 -123.395905
286.278769 -125.043587
286.278817 -123.391800
286.278865 -121.525040
286.278913 -121.399483
286.278962 -121.766640
286.279010 -123.224678
286.279058 -124.196922
286.279106 -124.232697
286.279154 -125.593895
286.279202 -128.998566
286.279250 -132.388840
286.279298 -132.804871
286.279346 -126.929085
286.279394 -124.950111
286.279442 -124.184044
286.279490 -124.184555
286.279538 -126.114708
286.279587 -129.962494
286.279635 -127.105118
286.279683 -127.134354
286.279731 -128.442398
286.279779 -126.669357
286.279827 -126.538475
286.279875 -126.960220
286.279923 -128.847534
286.279971 -128.213272
286.280019 -128.451462
286.280067 -131.829819
286.280115 -133.007004
286.280163 -129.792542
286.280212 -128.861679
286.280260 -128.781586
286.280308 -129.484695
286.280356 -135.802414
286.280404 -133.491287
286.280452 -133.617889
286.280500 -124.579369
286.280548 -120.876907
286.280596 -120.663475
286.280644 -121.370163
286.280692 -124.482536
286.280740 -128.606552
286.280788 -133.897095
286.280837 -135.641632
286.280885 -133.632874
286.280933 -129.202393
286.280981 -128.927094
286.281029 -130.034851
286.281077 -133.113022
286.281125 -127.201530
286.281173 -126.002998
286.281221 -126.094063
286.281269 -128.020416
286.281317 -128.016510
286.281365 -126.359612
286.281413 -125.526108
286.281462 -125.322502
286.281510 -124.676933
286.281558 -124.093231
286.281606 -123.663345
286.281654 -123.698486
286.281702 -125.364464
286.281750 -123.841255
286.281798 -121.228882
286.281846 -120.993668
286.281894 -121.587204
286.281942 -125.954330
286.281990 -127.425430
286.282038 -126.214066
286.282087 -126.534821
286.282135 -129.260452
286.282183 -132.329895
286.282231 -125.649612
286.282279 -122.230156
286.282327 -121.915222
286.282375 -122.679840
286.282423 -128.304993
286.282471 -136.220825
286.282519 -136.218216
286.282567 -133.293854
286.282615 -131.163177
286.282663 -129.850555
286.282712 -129.794479
286.282760 -130.280457
286.282808 -129.978058
286.282856 -127.862251
286.282904 -126.511353
286.282952 -126.499420
286.283000 -128.043869
286.283048 -125.662575
286.283096 -125.409210
286.283144 -125.976212
286.283192 -125.921059
286.283240 -126.132835
286.283288 -129.572372
286.283337 -140.467987
286.283385 -135.685333
286.283433 -133.974472
286.283481 -134.280029
286.283529 -135.848053
286.283577 -126.605621
286.283625 -122.162842
286.283673 -120.740944
286.283721 -120.738785
286.283769 -122.112457
286.283817 -126.794022
286.283865 -138.356766
286.283913 -142.924210
286.283962 -133.653961
286.284010 -130.024384
286.284058 -128.982941
286.284106 -129.234375
286.284154 -129.093323
286.284202 -127.000816
286.284250 -126.971245
286.284298 -124.574486
286.284346 -121.382256
286.284394 -120.701874
286.284442 -120.896812
286.284490 -123.094856
286.284538 -127.187889
286.284587 -130.203278
286.284635 -128.405380
286.284683 -125.541595
286.284731 -124.278435
286.284779 -124.376457
286.284827 -128.777756
286.284875 -126.452324
286.284923 -122.995377
286.284971 -122.536690
286.285019 -122.754181
286.285067 -124.339592
286.285115 -127.169907
286.285163 -128.458206
286.285212 -123.081810
286.285260 -122.695030
286.285308 -123.439796
286.285356 -126.341919
286.285404 -128.546402
286.285452 -129.030441
286.285500 -125.700928
286.285548 -125.580467
286.285596 -126.132751
286.285644 -128.702515
286.285692 -133.803040
286.285740 -131.801071
286.285788 -129.745911
286.285837 -129.803391
286.285885 -132.543793
286.285933 -131.501419
286.285981 -125.344376
286.286029 -123.056732
286.286077 -123.058556
286.286125 -125.113831
286.286173 -127.134384
286.286221 -128.421707
286.286269 -132.557846
286.286317 -127.634644
286.286365 -124.374443
286.286413 -124.366676
286.286462 -126.691452
286.286510 -127.939987
286.286558 -128.467926
286.286606 -135.311020
286.286654 -132.222839
286.286702 -126.394516
286.286750 -125.504288
286.286798 -125.563835
286.286846 -126.820297
286.286894 -130.476135
286.286942 -131.279846
286.286990 -129.508041
286.287038 -126.967819
286.287087 -126.188034
286.287135 -126.281349
286.287183 -127.916985
286.287231 -128.858963
286.287279 -130.759216
286.287327 -138.271347
286.287375 -139.330109
286.287423 -136.610794
286.287471 -132.540649
286.287519 -126.268494
286.287567 -123.672256
286.287615 -123.657234
286.287663 -125.793549
286.287712 -134.190720
286.287760 -133.233963
286.287808 -135.568878
286.287856 -134.326416
286.287904 -127.872192
286.287952 -127.673264
286.288000 -130.490219
286.288048 -136.094711
286.288096 -132.228287
286.288144 -129.728989
286.288192 -130.110275
286.288240 -138.457611
286.288288 -137.534744
286.288337 -136.162964
286.288385 -131.604156
286.288433 -129.871445
286.288481 -129.862106
286.288529 -131.435043
286.288577 -131.805862
286.288625 -131.055740
286.288673 -128.551285
286.288721 -128.060684
286.288769 -128.696838
286.288817 -134.633194
286.288865 -134.886017
286.288913 -132.243225
286.288962 -132.394363
286.289010 -130.148361
286.289058 -125.490135
286.289106 -124.909637
286.289154 -125.038338
286.289202 -127.213470
286.289250 -129.016586
286.289298 -125.574738
286.289346 -123.892426
286.289394 -120.984337
286.289442 -119.341087
286.289490 -119.338211
286.289538 -121.026634
286.289587 -125.073708
286.289635 -127.594795
286.289683 -130.174423
286.289731 -130.171432
286.289779 -128.447998
286.289827 -122.662384
286.289875 -120.595436
286.289923 -120.492905
286.289971 -120.984489
286.290019 -123.213974
286.290067 -126.575943
286.290115 -127.348785
286.290163 -127.241318
286.290212 -127.541367
286.290260 -126.799858
286.290308 -125.162338
286.290356 -124.004570
286.290404 -123.980255
286.290452 -125.133873
286.290500 -129.412750
286.290548 -125.440231
286.290596 -125.067299
286.290644 -125.792313
286.290692 -130.690018
286.290740 -140.430923
286.290788 -132.025909
286.290837 -129.969742
286.290885 -129.975220
286.290933 -128.896790
286.290981 -127.934486
286.291029 -127.935822
286.291077 -129.261063
286.291125 -127.886307
286.291173 -125.885689
286.291221 -125.897316
286.291269 -128.533539
286.291317 -133.634644
286.291365 -133.870224
286.291413 -133.236313
286.291462 -128.511063
286.291510 -128.490005
286.291558 -132.659668
286.291606 -124.493538
286.291654 -123.081612
286.291702 -123.253487
286.291750 -128.219269
286.291798 -126.613701
286.291846 -126.189964
286.291894 -127.086311
286.291942 -131.319641
286.291990 -136.052505
286.292038 -137.647354
286.292087 -137.839874
286.292135 -142.037033
286.292183 -135.249268
286.292231 -130.099625
286.292279 -126.118019
286.292327 -125.965416
286.292375 -126.954193
286.292423 -128.220718
286.292471 -128.755905
286.292519 -130.363434
286.292567 -130.401978
286.292615 -128.160507
286.292663 -126.611320
286.292712 -125.146851
286.292760 -124.747314
286.292808 -125.134277
286.292856 -129.703064
286.292904 -132.666382
286.292952 -131.812317
286.293000 -133.781586
286.293048 -126.845993
286.293096 -123.883255
286.293144 -123.673164
286.293192 -124.003098
286.293240 -124.488121
286.293288 -126.857918
286.293337 -134.479538
286.293385 -135.677277
286.293433 -134.371246
286.293481 -134.696106
286.293529 -137.414932
286.293577 -136.444138
286.293625 -134.090012
286.293673 -129.728592
286.293721 -127.642235
286.293769 -127.637589
286.293817 -130.178833
286.293865 -135.655869
286.293913 -131.193726
286.293962 -129.241531
286.294010 -129.169617
286.294058 -129.909332
286.294106 -127.789085
286.294154 -127.117752
286.294202 -127.160629
286.294250 -126.906181
286.294298 -126.880959
286.294346 -128.785751
286.294394 -127.233917
286.294442 -125.103165
286.294490 -124.537392
286.294538 -123.969231
286.294587 -123.260963
286.294635 -122.590141
286.294683 -122.372681
286.294731 -122.502937
286.294779 -124.993797
286.294827 -132.628647
286.294875 -135.879379
286.294923 -136.981781
286.294971 -136.996780
286.295019 -137.698471
286.295067 -135.464722
286.295115 -135.895096
286.295163 -134.102371
286.295212 -129.784286
286.295260 -129.344101
286.295308 -129.974380
286.295356 -133.592407
286.295404 -134.810974
286.295452 -134.806244
286.295500 -136.663223
286.295548 -126.435135
286.295596 -123.274055
286.295644 -122.702309
286.295692 -122.678719
286.295740 -122.927376
286.295788 -124.494995
286.295837 -126.868164
286.295885 -131.009888
286.295933 -124.714249
286.295981 -123.675156
286.296029 -123.746643
286.296077 -126.029655
286.296125 -133.941589
286.296173 -143.585785
286.296221 -131.974655
286.296269 -126.557014
286.296317 -126.295105
286.296365 -127.713593
286.296413 -135.010254
286.296462 -134.288208
286.296510 -129.642685
286.296558 -127.419136
286.296606 -126.742653
286.296654 -124.419434
286.296702 -123.689064
286.296750 -123.802673
286.296798 -126.368835
286.296846 -130.590897
286.296894 -128.642502
286.296942 -128.529526
286.296990 -129.352020
286.297038 -126.426117
286.297087 -124.510887
286.297135 -124.558952
286.297183 -127.648064
286.297231 -134.825272
286.297279 -129.241470
286.297327 -128.954269
286.297375 -129.400711
286.297423 -130.817291
286.297471 -130.457214
286.297519 -130.342010
286.297567 -129.603683
286.297615 -125.239067
286.297663 -123.424011
286.297712 -123.405121
286.297760 -124.683861
286.297808 -130.079544
286.297856 -130.271545
286.297904 -130.243851
286.297952 -132.073547
286.298000 -128.690994
286.298048 -126.110352
286.298096 -125.927361
286.298144 -126.776161
286.298192 -133.092224
286.298240 -131.249664
286.298288 -131.359589
286.298337 -135.099121
286.298385 -129.402908
286.298433 -128.650558
286.298481 -128.616348
286.298529 -129.372787
286.298577 -133.327652
286.298625 -132.013931
286.298673 -129.194794
286.298721 -129.084717
286.298769 -129.603546
286.298817 -129.591629
286.298865 -129.643585
286.298913 -129.622711
286.298962 -131.431931
286.299010 -133.862991
286.299058 -133.787811
286.299106 -135.464661
286.299154 -136.980423
286.299202 -131.274963
286.299250 -128.683243
286.299298 -128.514389
286.299346 -129.802170
286.299394 -135.342880
286.299442 -132.065979
286.299490 -132.003616
286.299538 -132.412338
286.299587 -125.954628
286.299635 -122.882706
286.299683 -122.799454
286.299731 -124.577469
286.299779 -133.338348
286.299827 -137.089951
286.299875 -136.657333
286.299923 -137.171417
286.299971 -137.907562
286.300019 -134.779068
286.300067 -131.833755
286.300115 -128.806290
286.300163 -128.614731
286.300212 -129.346313
286.300260 -130.102631
286.300308 -130.513779
286.300356 -137.360016
286.300404 -130.177490
286.300452 -127.272858
286.300500 -125.804810
286.300548 -125.182350
286.300596 -124.852142
286.300644 -124.708923
286.300692 -124.941689
286.300740 -127.420616
286.300788 -133.576828
286.300837 -133.161499
286.300885 -130.647934
286.300933 -127.180130
286.300981 -126.778252
286.301029 -126.884926
286.301077 -126.532288
286.301125 -126.823746
286.301173 -132.288818
286.301221 -126.053940
286.301269 -125.303253
286.301317 -125.964111
286.301365 -131.473083
286.301413 -125.401215
286.301462 -124.460953
286.301510 -124.865807
286.301558 -128.341934
286.301606 -129.621796
286.301654 -127.891281
286.301702 -127.580315
286.301750 -127.807205
286.301798 -130.380341
286.301846 -135.163910
286.301894 -129.826187
286.301942 -129.601486
286.301990 -130.924072
286.302038 -133.317001
286.302087 -128.030228
286.302135 -126.750885
286.302183 -126.897438
286.302231 -129.815628
286.302279 -132.226959
286.302327 -130.106293
286.302375 -126.103378
286.302423 -126.098465
286.302471 -128.757446
286.302519 -129.586700
286.302567 -128.419754
286.302615 -129.150253
286.302663 -135.696732
286.302712 -132.402908
286.302760 -130.411011
286.302808 -126.891205
286.302856 -123.886124
286.302904 -123.029015
286.302952 -123.052742
286.303000 -124.252892
286.303048 -125.854073
286.303096 -128.566360
286.303144 -127.893150
286.303192 -124.666496
286.303240 -123.738701
286.303288 -123.780716
286.303337 -125.040833
286.303385 -123.988541
286.303433 -124.046204
286.303481 -126.738579
286.303529 -128.751160
286.303577 -123.686607
286.303625 -123.294220
286.303673 -123.993965
286.303721 -127.349030
286.303769 -127.366150
286.303817 -126.315094
286.303865 -125.124336
286.303913 -124.943588
286.303962 -125.224632
286.304010 -126.944702
286.304058 -127.031029
286.304106 -126.863220
286.304154 -127.375114
286.304202 -129.665787
286.304250 -135.780487
286.304298 -131.288910
286.304346 -131.293320
286.304394 -134.313309
286.304442 -138.997406
286.304490 -132.534515
286.304538 -126.794426
286.304587 -125.212631
286.304635 -125.234917
286.304683 -127.071266
286.304731 -132.873627
286.304779 -132.967972
286.304827 -129.902039
286.304875 -127.700089
286.304923 -127.449432
286.304971 -128.000916
286.305019 -127.738617
286.305067 -126.333771
286.305115 -126.389717
286.305163 -129.315643
286.305212 -129.116135
286.305260 -129.243042
286.305308 -132.308319
286.305356 -128.198013
286.305404 -125.644882
286.305452 -124.987816
286.305500 -123.215645
286.305548 -122.822029
286.305596 -123.370338
286.305644 -129.656281
286.305692 -125.279137
286.305740 -124.904099
286.305788 -125.740173
286.305837 -128.219055
286.305885 -129.392792
286.305933 -128.654556
286.305981 -127.460747
286.306029 -127.662727
286.306077 -132.467438
286.306125 -130.146317
286.306173 -127.132675
286.306221 -126.984337
286.306269 -128.045898
286.306317 -135.730850
286.306365 -129.290482
286.306413 -127.750359
286.306462 -126.884842
286.306510 -126.802917
286.306558 -126.995689
286.306606 -127.824501
286.306654 -128.199982
286.306702 -127.921967
286.306750 -126.591866
286.306798 -125.466431
286.306846 -124.905655
286.306894 -122.853333
286.306942 -122.191132
286.306990 -122.301842
286.307038 -123.368324
286.307087 -123.995316
286.307135 -125.085167
286.307183 -127.218796
286.307231 -129.255188
286.307279 -129.761261
286.307327 -132.065445
286.307375 -133.441025
286.307423 -127.420830
286.307471 -127.026962
286.307519 -127.932442
286.307567 -131.335327
286.307615 -136.314041
286.307663 -130.751816
286.307712 -128.514038
286.307760 -126.184296
286.307808 -125.245102
286.307856 -125.336060
286.307904 -128.196014
286.307952 -133.484711
286.308000 -136.972809
286.308048 -131.617172
286.308096 -125.257660
286.308144 -123.278641
286.308192 -123.280281
286.308240 -125.083534
286.308288 -128.312042
286.308337 -129.642670
286.308385 -129.597946
286.308433 -130.580795
286.308481 -133.188354
286.308529 -134.920624
286.308577 -131.611069
286.308625 -131.892822
286.308673 -124.847069
286.308721 -121.763344
286.308769 -121.763351
286.308817 -124.405693
286.308865 -129.084778
286.308913 -128.873978
286.308962 -129.587509
286.309010 -133.488159
286.309058 -129.738190
286.309106 -126.554581
286.309154 -125.629715
286.309202 -125.736908
286.309250 -128.728531
286.309298 -129.746292
286.309346 -127.521103
286.309394 -127.085495
286.309442 -127.533615
286.309490 -132.365021
286.309538 -140.170212
286.309587 -136.078552
286.309635 -129.983368
286.309683 -126.509552
286.309731 -126.001167
286.309779 -125.485558
286.309827 -123.469093
286.309875 -121.715950
286.309923 -121.356880
286.309971 -121.717010
286.310019 -126.229668
286.310067 -129.578995
286.310115 -126.624916
286.310163 -124.768616
286.310212 -124.761864
286.310260 -126.812828
286.310308 -131.812576
286.310356 -131.440582
286.310404 -127.846352
286.310452 -127.368912
286.310500 -128.184692
286.310548 -131.399429
286.310596 -129.107437
286.310644 -129.212067
286.310692 -132.441010
286.310740 -131.134964
286.310788 -131.139084
286.310837 -134.184967
286.310885 -133.002853
286.310933 -133.054077
286.310981 -131.432083
286.311029 -124.346725
286.311077 -122.623581
286.311125 -122.687424
286.311173 -125.653831
286.311221 -132.424438
286.311269 -141.442093
286.311317 -133.181503
286.311365 -130.827606
286.311413 -130.843948
286.311462 -134.023117
286.311510 -129.423401
286.311558 -126.691978
286.311606 -126.729919
286.311654 -130.455048
286.311702 -135.627914
286.311750 -134.263535
286.311798 -135.092438
286.311846 -132.933365
286.311894 -130.277954
286.311942 -130.279160
286.311990 -130.814072
286.312038 -128.614151
286.312087 -128.608780
286.312135 -131.185699
286.312183 -130.840698
286.312231 -130.347488
286.312279 -129.806244
286.312327 -126.206245
286.312375 -124.269035
286.312423 -123.234695
286.312471 -123.147942
286.312519 -123.893784
286.312567 -127.331535
286.312615 -131.427246
286.312663 -127.469383
286.312712 -127.473175
286.312760 -129.950287
286.312808 -134.137192
286.312856 -130.814499
286.312904 -127.912231
286.312952 -127.605103
286.313000 -127.159958
286.313048 -126.115273
286.313096 -126.115196
286.313144 -127.694786
286.313192 -129.970764
286.313240 -129.970734
286.313288 -132.991028
286.313337 -131.011520
286.313385 -127.661636
286.313433 -127.466270
286.313481 -128.784668
286.313529 -130.657318
286.313577 -131.670853
286.313625 -130.878967
286.313673 -129.571960
286.313721 -129.047684
286.313769 -129.939896
286.313817 -125.428940
286.313865 -122.226318
286.313913 -122.222710
286.313962 -123.909050
286.314010 -123.960136
286.314058 -123.804466
286.314106 -124.373940
286.314154 -127.297508
286.314202 -131.868912
286.314250 -131.350769
286.314298 -125.815445
286.314346 -124.358162
286.314394 -124.401009
286.314442 -126.941505
286.314490 -132.367203
286.314538 -132.939316
286.314587 -132.683578
286.314635 -130.502716
286.314683 -123.108650
286.314731 -122.173927
286.314779 -122.537346
286.314827 -126.042007
286.314875 -130.925858
286.314923 -127.625275
286.314971 -127.581024
286.315019 -129.237793
286.315067 -125.373444
286.315115 -122.764420
286.315163 -122.755112
286.315212 -124.898277
286.315260 -133.262146
286.315308 -132.767456
286.315356 -128.211441
286.315404 -127.351700
286.315452 -127.640503
286.315500 -126.921440
286.315548 -126.927597
286.315596 -130.449081
286.315644 -126.361626
286.315692 -122.282936
286.315740 -122.208946
286.315788 -124.468842
286.315837 -128.737564
286.315885 -125.426125
286.315933 -122.906876
286.315981 -122.130463
286.316029 -122.187447
286.316077 -123.538643
286.316125 -125.049858
286.316173 -125.566940
286.316221 -127.474464
286.316269 -134.609268
286.316317 -128.271606
286.316365 -126.311218
286.316413 -126.415192
286.316462 -124.225739
286.316510 -123.991646
286.316558 -125.602280
286.316606 -134.321869
286.316654 -129.412201
286.316702 -125.185936
286.316750 -124.766937
286.316798 -125.913925
286.316846 -133.290085
286.316894 -133.424957
286.316942 -129.460800
286.316990 -128.944366
286.317038 -129.218857
286.317087 -132.884628
286.317135 -133.169891
286.317183 -130.141373
286.317231 -130.092865
286.317279 -132.343231
286.317327 -129.250137
286.317375 -126.538826
286.317423 -126.494286
286.317471 -127.304482
286.317519 -130.573349
286.317567 -129.908066
286.317615 -127.176888
286.317663 -127.104477
286.317712 -129.220825
286.317760 -133.608734
286.317808 -132.891891
286.317856 -134.359680
286.317904 -140.417618
286.317952 -146.499557
286.318000 -149.801224
286.318048 -140.536163
286.318096 -132.185516
286.318144 -131.779770
286.318192 -134.625153
286.318240 -131.144699
286.318288 -130.633636
286.318337 -130.476303
286.318385 -128.453583
286.318433 -127.099136
286.318481 -126.794380
286.318529 -127.120453
286.318577 -128.860596
286.318625 -129.750763
286.318673 -126.863060
286.318721 -124.774246
286.318769 -124.767799
286.318817 -124.124405
286.318865 -123.765327
286.318913 -124.705322
286.318962 -132.403427
286.319010 -128.344711
286.319058 -125.414261
286.319106 -124.657654
286.319154 -124.653000
286.319202 -125.562790
286.319250 -129.899033
286.319298 -124.241455
286.319346 -124.132477
286.319394 -126.379250
286.319442 -128.822479
286.319490 -125.267242
286.319538 -124.874718
286.319587 -125.128334
286.319635 -125.116081
286.319683 -122.495590
286.319731 -120.876259
286.319779 -120.793076
286.319827 -121.562653
286.319875 -125.855629
286.319923 -129.117584
286.319971 -124.812660
286.320019 -124.447304
286.320067 -124.785889
286.320115 -123.704063
286.320163 -122.888931
286.320212 -122.895157
286.320260 -124.139114
286.320308 -127.043053
286.320356 -129.356552
286.320404 -124.270859
286.320452 -122.177460
286.320500 -122.082512
286.320548 -122.420357
286.320596 -124.417282
286.320644 -130.107544
286.320692 -136.165863
286.320740 -132.414398
286.320788 -132.378647
286.320837 -134.238266
286.320885 -136.715744
286.320933 -133.306473
286.320981 -131.241379
286.321029 -128.883499
286.321077 -128.672195
286.321125 -130.476685
286.321173 -143.312286
286.321221 -140.068680
286.321269 -134.234970
286.321317 -130.478958
286.321365 -130.210159
286.321413 -131.598953
286.321462 -138.339142
286.321510 -133.669434
286.321558 -133.487045
286.321606 -133.077499
286.321654 -131.480164
286.321702 -131.462814
286.321750 -133.260223
286.321798 -131.391891
286.321846 -129.883026
286.321894 -129.405823
286.321942 -130.213242
286.321990 -131.622025
286.322038 -131.630142
286.322087 -135.952484
286.322135 -135.260147
286.322183 -134.263931
286.322231 -130.955902
286.322279 -128.435715
286.322327 -126.121857
286.322375 -125.260925
286.322423 -125.311760
286.322471 -128.870804
286.322519 -127.601593
286.322567 -126.406532
286.322615 -126.745171
286.322663 -127.697449
286.322712 -122.680878
286.322760 -121.643303
286.322808 -121.801994
286.322856 -124.420792
286.322904 -123.766098
286.322952 -123.559441
286.323000 -124.722771
286.323048 -129.669601
286.323096 -123.165329
286.323144 -121.341606
286.323192 -121.299576
286.323240 -122.043236
286.323288 -125.283073
286.323337 -135.319061
286.323385 -131.442673
286.323433 -129.574265
286.323481 -128.352631
286.323529 -128.312607
286.323577 -129.808228
286.323625 -136.029968
286.323673 -132.095200
286.323721 -128.400711
286.323769 -125.468941
286.323817 -124.605026
286.323865 -124.663902
286.323913 -126.871208
286.323962 -134.734512
286.324010 -135.586029
286.324058 -135.008774
286.324106 -135.696777
286.324154 -130.542038
286.324202 -128.790680
286.324250 -128.953842
286.324298 -130.883224
286.324346 -129.412857
286.324394 -127.741470
286.324442 -126.869850
286.324490 -126.691826
286.324538 -126.645363
286.324587 -126.916603
286.324635 -129.570709
286.324683 -134.931732
286.324731 -130.849991
286.324779 -128.159348
286.324827 -128.159363
286.324875 -129.247787
286.324923 -125.860504
286.324971 -125.032928
286.325019 -125.032990
286.325067 -125.661552
286.325115 -126.558807
286.325163 -127.199661
286.325212 -127.606735
286.325260 -125.267578
286.325308 -124.932335
286.325356 -125.357727
286.325404 -128.668823
286.325452 -133.171982
286.325500 -126.472900
286.325548 -126.030914
286.325596 -126.527245
286.325644 -126.359314
286.325692 -126.191284
286.325740 -126.848717
286.325788 -131.672348
286.325837 -131.276917
286.325885 -127.945152
286.325933 -126.743164
286.325981 -126.436768
286.326029 -125.635201
286.326077 -125.099625
286.326125 -125.026649
286.326173 -125.189369
286.326221 -126.155113
286.326269 -127.918175
286.326317 -134.481247
286.326365 -128.751740
286.326413 -126.827980
286.326462 -127.030197
286.326510 -134.203156
286.326558 -132.794678
286.326606 -132.901169
286.326654 -129.084076
286.326702 -126.498291
286.326750 -126.415565
286.326798 -126.182991
286.326846 -126.126266
286.326894 -127.340393
286.326942 -129.040710
286.326990 -125.533905
286.327038 -124.974762
286.327087 -124.986809
286.327135 -125.683563
286.327183 -128.179153
286.327231 -133.825623
286.327279 -132.790573
286.327327 -133.692734
286.327375 -135.198868
286.327423 -131.894882
286.327471 -131.853439
286.327519 -133.854996
286.327567 -131.940582
286.327615 -130.152252
286.327663 -130.324738
286.327712 -129.428772
286.327760 -129.628632
286.327808 -135.975723
286.327856 -132.011688
286.327904 -132.095490
286.327952 -136.147980
286.328000 -130.968765
286.328048 -128.002777
286.328096 -127.096947
286.328144 -127.194008
286.328192 -130.406479
286.328240 -131.950943
286.328288 -132.081924
286.328337 -136.075165
286.328385 -140.894547
286.328433 -134.899185
286.328481 -128.647293
286.328529 -126.522575
286.328577 -125.725464
286.328625 -125.439224
286.328673 -125.497360
286.328721 -127.817818
286.328769 -127.981857
286.328817 -126.099548
286.328865 -126.109001
286.328913 -128.727692
286.328962 -127.413994
286.329010 -125.640205
286.329058 -125.967972
286.329106 -127.841774
286.329154 -125.424698
286.329202 -125.489326
286.329250 -127.539444
286.329298 -124.258789
286.329346 -122.756454
286.329394 -122.854721
286.329442 -127.018738
286.329490 -124.568138
286.329538 -123.692917
286.329587 -124.054619
286.329635 -127.915192
286.329683 -132.774994
286.329731 -132.587891
286.329779 -125.328156
286.329827 -123.379272
286.329875 -123.462105
286.329923 -126.727837
286.329971 -127.111374
286.330019 -123.442513
286.330067 -123.005630
286.330115 -123.782059
286.330163 -130.939056
286.330212 -128.918961
286.330260 -128.921539
286.330308 -133.710693
286.330356 -133.062103
286.330404 -132.127625
286.330452 -131.824051
286.330500 -130.296600
286.330548 -125.702484
286.330596 -121.812706
286.330644 -120.545311
286.330692 -120.546761
286.330740 -122.082603
286.330788 -126.902107
286.330837 -133.374390
286.330885 -133.206696
286.330933 -134.373367
286.330981 -134.551331
286.331029 -129.305450
286.331077 -127.323639
286.331125 -126.212044
286.331173 -126.114037
286.331221 -126.606285
286.331269 -129.044128
286.331317 -131.041702
286.331365 -131.094269
286.331413 -134.036102
286.331462 -130.655640
286.331510 -130.256378
286.331558 -131.644806
286.331606 -133.707764
286.331654 -133.725098
286.331702 -136.734741
286.331750 -137.749466
286.331798 -134.625977
286.331846 -134.540070
286.331894 -138.246063
286.331942 -128.383392
286.331990 -125.349350
286.332038 -124.969368
286.332087 -125.150841
286.332135 -126.856262
286.332183 -129.338135
286.332231 -130.898972
286.332279 -130.929688
286.332327 -129.113892
286.332375 -129.017960
286.332423 -129.479950
286.332471 -131.480225
286.332519 -130.522202
286.332567 -127.505630
286.332615 -127.459534
286.332663 -129.426254
286.332712 -130.203094
286.332760 -129.118439
286.332808 -130.327972
286.332856 -129.884399
286.332904 -127.665962
286.332952 -127.797325
286.333000 -132.231918
286.333048 -133.478851
286.333096 -130.475967
286.333144 -130.299133
286.333192 -131.841187
286.333240 -128.514740
286.333288 -124.910561
286.333337 -124.787704
286.333385 -126.186668
286.333433 -133.716385
286.333481 -130.050461
286.333529 -130.208939
286.333577 -133.829193
286.333625 -129.118805
286.333673 -128.948547
286.333721 -129.995285
286.333769 -133.700256
286.333817 -127.997284
286.333865 -127.975212
286.333913 -131.462418
286.333962 -128.883392
286.334010 -127.253700
286.334058 -127.250885
286.334106 -129.498001
286.334154 -125.175392
286.334202 -123.212799
286.334250 -123.327110
286.334298 -126.657661
286.334346 -124.493294
286.334394 -124.201080
286.334442 -124.459648
286.334490 -126.347366
286.334538 -127.272491
286.334587 -125.762276
286.334635 -125.755737
286.334683 -126.965576
286.334731 -130.547134
286.334779 -137.245071
286.334827 -129.816315
286.334875 -125.218925
286.334923 -123.776398
286.334971 -123.794830
286.335019 -125.096077
286.335067 -125.530472
286.335115 -125.335632
286.335163 -125.421036
286.335212 -124.124496
286.335260 -122.469627
286.335308 -121.959114
286.335356 -122.012009
286.335404 -122.962936
286.335452 -123.827209
286.335500 -125.256088
286.335548 -127.865723
286.335596 -129.671112
286.335644 -131.460922
286.335692 -134.593750
286.335740 -128.410355
286.335788 -126.905365
286.335837 -127.116600
286.335885 -132.778763
286.335933 -127.197174
286.335981 -125.617294
286.336029 -124.724663
286.336077 -124.414597
286.336125 -124.429474
286.336173 -124.886192
286.336221 -126.674957
286.336269 -125.652573
286.336317 -124.552765
286.336365 -124.537392
286.336413 -125.220764
286.336462 -128.916595
286.336510 -137.012955
286.336558 -129.912247
286.336606 -126.762756
286.336654 -126.595932
286.336702 -127.701042
286.336750 -129.519623
286.336798 -125.219666
286.336846 -123.976860
286.336894 -124.057083
286.336942 -125.798714
286.336990 -128.164001
286.337038 -127.852867
286.337087 -128.304642
286.337135 -129.102783
286.337183 -129.488693
286.337231 -130.911072
286.337279 -128.783234
286.337327 -129.101974
286.337375 -134.709137
286.337423 -135.474991
286.337471 -140.394958
286.337519 -140.880081
286.337567 -130.662247
286.337615 -126.331635
286.337663 -126.266396
286.337712 -127.769104
286.337760 -126.627182
286.337808 -123.010399
286.337856 -122.510788
286.337904 -122.992683
286.337952 -126.215416
286.338000 -127.947609
286.338048 -126.947105
286.338096 -126.950279
286.338144 -125.700928
286.338192 -124.776672
286.338240 -124.833603
286.338288 -126.871468
286.338337 -125.748779
286.338385 -124.210556
286.338433 -124.209076
286.338481 -125.319366
286.338529 -127.600815
286.338577 -130.845032
286.338625 -131.133316
286.338673 -130.274200
286.338721 -128.042572
286.338769 -124.325569
286.338817 -122.471298
286.338865 -122.385826
286.338913 -123.155861
286.338962 -127.612770
286.339010 -133.974289
286.339058 -133.837219
286.339106 -129.909012
286.339154 -126.001740
286.339202 -125.995819
286.339250 -128.924942
286.339298 -130.434128
286.339346 -129.683762
286.339394 -129.846588
286.339442 -130.032562
286.339490 -132.962799
286.339538 -138.031403
286.339587 -130.729050
286.339635 -130.340790
286.339683 -132.699768
286.339731 -132.464615
286.339779 -129.485123
286.339827 -126.711639
286.339875 -123.575874
286.339923 -122.662506
286.339971 -122.798019
286.340019 -125.113228
286.340067 -127.158142
286.340115 -126.883110
286.340163 -127.164513
286.340212 -128.625809
286.340260 -126.448898
286.340308 -126.448921
286.340356 -128.156052
286.340404 -129.498520
286.340452 -128.998291
286.340500 -125.867905
286.340548 -124.259666
286.340596 -124.265114
286.340644 -126.352753
286.340692 -131.156021
286.340740 -128.103500
286.340788 -125.134926
286.340837 -124.928955
286.340885 -126.009758
286.340933 -127.300827
286.340981 -124.070923
286.341029 -123.993439
286.341077 -124.861565
286.341125 -126.027283
286.341173 -126.026176
286.341221 -126.539825
286.341269 -127.938065
286.341317 -130.035690
286.341365 -129.686249
286.341413 -129.753235
286.341462 -131.843765
286.341510 -131.350067
286.341558 -127.276405
286.341606 -127.151375
286.341654 -128.747833
286.341702 -130.899948
286.341750 -126.139503
286.341798 -123.787605
286.341846 -123.276825
286.341894 -123.425537
286.341942 -125.380699
286.341990 -127.853882
286.342038 -129.069946
286.342087 -128.747696
286.342135 -125.324219
286.342183 -124.387955
286.342231 -124.649155
286.342279 -128.301300
286.342327 -129.818558
286.342375 -124.835899
286.342423 -123.657806
286.342471 -123.660339
286.342519 -124.077362
286.342567 -124.572067
286.342615 -125.753311
286.342663 -128.897308
286.342712 -131.798599
286.342760 -130.444580
286.342808 -130.307236
286.342856 -131.508179
286.342904 -135.708527
286.342952 -134.541382
286.343000 -136.930130
286.343048 -127.449509
286.343096 -126.304108
286.343144 -126.971725
286.343192 -131.702271
286.343240 -129.325226
286.343288 -129.377396
286.343337 -130.598846
286.343385 -131.565933
286.343433 -128.406387
286.343481 -126.138641
286.343529 -125.906761
286.343577 -126.730400
286.343625 -131.358398
286.343673 -134.468781
286.343721 -131.533142
286.343769 -129.471191
286.343817 -129.472092
286.343865 -128.647476
286.343913 -127.891914
286.343962 -127.787376
286.344010 -127.995758
286.344058 -129.277390
286.344106 -131.257492
286.344154 -129.757446
286.344202 -127.440742
286.344250 -127.114525
286.344298 -127.517334
286.344346 -131.994049
286.344394 -131.514999
286.344442 -131.550583
286.344490 -126.641647
286.344538 -125.164444
286.344587 -126.093719
286.344635 -130.759827
286.344683 -126.188156
286.344731 -125.699532
286.344779 -126.220291
286.344827 -129.740646
286.344875 -134.255264
286.344923 -131.574265
286.344971 -129.001434
286.345019 -128.447037
286.345067 -128.517776
286.345115 -129.489670
286.345163 -128.583878
286.345212 -128.600357
286.345260 -130.477203
286.345308 -133.125565
286.345356 -132.222336
286.345404 -132.560471
286.345452 -128.000824
286.345500 -123.737366
286.345548 -123.272339
286.345596 -123.648003
286.345644 -126.235634
286.345692 -128.550552
286.345740 -128.215424
286.345788 -128.213104
286.345837 -126.530304
286.345885 -125.249336
286.345933 -125.218506
286.345981 -124.695862
286.346029 -124.313667
286.346077 -124.637825
286.346125 -128.881348
286.346173 -134.463684
286.346221 -128.531219
286.346269 -126.451958
286.346317 -126.449585
286.346365 -128.367279
286.346413 -128.256424
286.346462 -127.673241
286.346510 -128.236038
286.346558 -132.257935
286.346606 -130.941956
286.346654 -129.818726
286.346702 -129.744751
286.346750 -130.169449
286.346798 -135.187332
286.346846 -128.200653
286.346894 -124.650627
286.346942 -122.698814
286.346990 -122.442680
286.347038 -122.759178
286.347087 -125.323776
286.347135 -130.137924
286.347183 -129.792496
286.347231 -127.377579
286.347279 -127.052658
286.347327 -127.160522
286.347375 -126.411545
286.347423 -125.592453
286.347471 -125.635925
286.347519 -129.153595
286.347567 -125.542557
286.347615 -124.543892
286.347663 -123.064964
286.347712 -122.686325
286.347760 -123.104149
286.347808 -126.525894
286.347856 -131.814575
286.347904 -137.812637
286.347952 -135.577469
286.348000 -135.342987
286.348048 -137.533783
286.348096 -141.959839
286.348144 -137.207184
286.348192 -131.738953
286.348240 -127.952408
286.348288 -127.447632
286.348337 -128.110214
286.348385 -132.364929
286.348433 -130.115097
286.348481 -128.052505
286.348529 -127.775314
286.348577 -128.564453
286.348625 -128.337265
286.348673 -127.499786
286.348721 -126.084229
286.348769 -125.747719
286.348817 -126.959427
286.348865 -130.493576
286.348913 -127.629143
286.348962 -127.592598
286.349010 -127.957603
286.349058 -130.785553
286.349106 -127.882530
286.349154 -126.444473
286.349202 -126.590347
286.349250 -129.102798
286.349298 -135.517105
286.349346 -130.475861
286.349394 -127.090996
286.349442 -126.861572
286.349490 -124.592697
286.349538 -121.647766
286.349587 -121.519836
286.349635 -122.510712
286.349683 -125.761360
286.349731 -130.125244
286.349779 -124.179985
286.349827 -123.858536
286.349875 -124.965088
286.349923 -131.916153
286.349971 -134.340652
286.350019 -134.278351
286.350067 -136.884842
286.350115 -138.458923
286.350163 -135.093018
286.350212 -129.310516
286.350260 -123.710167
286.350308 -122.087624
286.350356 -122.213463
286.350404 -125.943382
286.350452 -125.689339
286.350500 -126.074814
286.350548 -129.263962
286.350596 -130.340637
286.350644 -133.954819
286.350692 -134.060455
286.350740 -135.040909
286.350788 -134.165359
286.350837 -127.047470
286.350885 -121.361984
286.350933 -118.857521
286.350981 -118.779602
286.351029 -119.801064
286.351077 -122.981552
286.351125 -125.519630
286.351173 -126.963112
286.351221 -126.493721
286.351269 -126.152290
286.351317 -126.360970
286.351365 -129.940277
286.351413 -129.808167
286.351462 -129.707031
286.351510 -132.250885
286.351558 -130.597885
286.351606 -128.471024
286.351654 -128.454010
286.351702 -130.921570
286.351750 -128.770203
286.351798 -124.062950
286.351846 -121.187378
286.351894 -120.546913
286.351942 -120.682602
286.351990 -122.875526
286.352038 -128.349091
286.352087 -135.008286
286.352135 -128.439270
286.352183 -126.136543
286.352231 -126.136398
286.352279 -128.244827
286.352327 -126.864670
286.352375 -126.823303
286.352423 -127.090057
286.352471 -125.365326
286.352519 -125.449860
286.352567 -131.316269
286.352615 -125.665588
286.352663 -125.013367
286.352712 -123.807335
286.352760 -123.678024
286.352808 -124.025513
286.352856 -125.027367
286.352904 -126.478432
286.352952 -130.964554
286.353000 -131.177887
286.353048 -130.348633
286.353096 -131.072372
286.353144 -133.752319
286.353192 -125.382523
286.353240 -122.542709
286.353288 -122.539948
286.353337 -124.891617
286.353385 -131.431259
286.353433 -131.341446
286.353481 -128.033051
286.353529 -127.925461
286.353577 -129.331436
286.353625 -126.947586
286.353673 -125.580658
286.353721 -125.477669
286.353769 -125.775291
286.353817 -127.008102
286.353865 -127.617531
286.353913 -128.198013
286.353962 -128.972595
286.354010 -128.077408
286.354058 -125.605324
286.354106 -123.056732
286.354154 -122.201973
286.354202 -122.241417
286.354250 -124.264725
286.354298 -129.847443
286.354346 -128.943024
286.354394 -128.915619
286.354442 -131.235992
286.354490 -130.870621
286.354538 -128.582489
286.354587 -128.967850
286.354635 -123.293159
286.354683 -121.458183
286.354731 -121.519936
286.354779 -124.777695
286.354827 -135.548874
286.354875 -131.070084
286.354923 -125.458534
286.354971 -122.423965
286.355019 -121.724220
286.355067 -121.813896
286.355115 -123.954353
286.355163 -129.450272
286.355212 -127.406227
286.355260 -123.647270
286.355308 -123.025368
286.355356 -123.141708
286.355404 -123.991585
286.355452 -124.459396
286.355500 -125.403267
286.355548 -127.273567
286.355596 -128.659454
286.355644 -130.251358
286.355692 -129.662552
286.355740 -127.719818
286.355788 -128.123947
286.355837 -125.957932
286.355885 -124.067902
286.355933 -124.035683
286.355981 -124.588661
286.356029 -126.563210
286.356077 -129.983826
286.356125 -133.130753
286.356173 -133.787720
286.356221 -130.707001
286.356269 -130.436066
286.356317 -131.820282
286.356365 -132.819244
286.356413 -128.916748
286.356462 -128.901367
286.356510 -131.016556
286.356558 -133.294235
286.356606 -126.933578
286.356654 -126.253372
286.356702 -126.695282
286.356750 -130.307312
286.356798 -134.738571
286.356846 -136.467300
286.356894 -133.890488
286.356942 -128.708740
286.356990 -128.254944
286.357038 -129.481644
286.357087 -131.466782
286.357135 -131.479935
286.357183 -132.051498
286.357231 -134.207245
286.357279 -128.473907
286.357327 -125.181335
286.357375 -123.791931
286.357423 -123.472412
286.357471 -123.667114
286.357519 -126.099777
286.357567 -129.498367
286.357615 -130.284546
286.357663 -130.400772
286.357712 -131.479950
286.357760 -124.891869
286.357808 -123.510674
286.357856 -123.622627
286.357904 -125.805557
286.357952 -128.214157
286.358000 -130.193481
286.358048 -130.158432
286.358096 -127.255196
286.358144 -126.045723
286.358192 -125.162926
286.358240 -124.341667
286.358288 -124.409943
286.358337 -126.873390
286.358385 -131.847809
286.358433 -129.450089
286.358481 -127.998512
286.358529 -128.096390
286.358577 -131.829346
286.358625 -133.347946
286.358673 -132.939667
286.358721 -132.441925
286.358769 -132.563507
286.358817 -131.050140
286.358865 -126.301247
286.358913 -125.575661
286.358962 -126.356392
286.359010 -133.116592
286.359058 -126.599434
286.359106 -125.772949
286.359154 -126.019630
286.359202 -129.379944
286.359250 -134.382263
286.359298 -134.396362
286.359346 -132.422165
286.359394 -126.886703
286.359442 -125.147514
286.359490 -125.156456
286.359538 -129.388458
286.359587 -126.562050
286.359635 -126.538132
286.359683 -129.564926
286.359731 -134.941422
286.359779 -126.322922
286.359827 -123.862953
286.359875 -123.858200
286.359923 -125.736969
286.359971 -130.963135
286.360019 -129.715759
286.360067 -129.747360
286.360115 -133.056503
286.360163 -130.982956
286.360212 -130.964432
286.360260 -126.322372
286.360308 -125.331619
286.360356 -125.577560
286.360404 -128.684952
286.360452 -133.038223
286.360500 -134.868576
286.360548 -135.829666
286.360596 -138.408295
286.360644 -135.029587
286.360692 -128.350433
286.360740 -124.142250
286.360788 -123.723412
286.360837 -124.688187
286.360885 -131.829987
286.360933 -127.879860
286.360981 -127.655449
286.361029 -128.394165
286.361077 -130.722580
286.361125 -127.834282
286.361173 -125.295372
286.361221 -125.201431
286.361269 -126.986252
286.361317 -129.397263
286.361365 -126.614990
286.361413 -126.717285
286.361462 -131.052811
286.361510 -128.935471
286.361558 -125.141998
286.361606 -125.035301
286.361654 -127.270210
286.361702 -140.315506
286.361750 -133.751221
286.361798 -130.950546
286.361846 -131.037170
286.361894 -128.499771
286.361942 -127.097435
286.361990 -127.323753
286.362038 -128.069229
286.362087 -122.195671
286.362135 -121.094864
286.362183 -121.116646
286.362231 -122.776001
286.362279 -127.594879
286.362327 -130.336624
286.362375 -126.846184
286.362423 -126.298302
286.362471 -126.384163
286.362519 -128.238586
286.362567 -132.079086
286.362615 -136.986893
286.362663 -131.439285
286.362712 -131.222137
286.362760 -132.256561
286.362808 -126.537582
286.362856 -126.127548
286.362904 -126.393700
286.362952 -127.448677
286.363000 -127.961601
286.363048 -128.667892
286.363096 -132.494675
286.363144 -128.187042
286.363192 -125.170357
286.363240 -125.133842
286.363288 -126.355042
286.363337 -129.183777
286.363385 -130.425964
286.363433 -130.426163
286.363481 -131.661285
286.363529 -132.005203
286.363577 -128.057907
286.363625 -125.594254
286.363673 -125.410927
286.363721 -126.075638
286.363769 -128.452484
286.363817 -129.081543
286.363865 -129.629822
286.363913 -132.243225
286.363962 -136.099182
286.364010 -134.993240
286.364058 -137.098923
286.364106 -132.508102
286.364154 -129.306946
286.364202 -128.091949
286.364250 -128.090317
286.364298 -129.466400
286.364346 -128.874924
286.364394 -126.231079
286.364442 -126.160324
286.364490 -126.889519
286.364538 -127.612885
286.364587 -127.613014
286.364635 -129.116547
286.364683 -130.960327
286.364731 -125.385376
286.364779 -123.573219
286.364827 -123.526535
286.364875 -124.590073
286.364923 -130.106491
286.364971 -129.373230
286.365019 -127.913635
286.365067 -125.640526
286.365115 -125.276649
286.365163 -125.638252
286.365212 -128.886124
286.365260 -132.266327
286.365308 -127.227661
286.365356 -126.502403
286.365404 -126.841049
286.365452 -130.178146
286.365500 -136.598495
286.365548 -132.390030
286.365596 -128.845810
286.365644 -128.594910
286.365692 -130.715866
286.365740 -131.697617
286.365788 -131.515594
286.365837 -133.289047
286.365885 -132.012009
286.365933 -130.840622
286.365981 -130.842117
286.366029 -133.237778
286.366077 -134.644257
286.366125 -135.018265
286.366173 -129.405090
286.366221 -127.913544
286.366269 -127.621918
286.366317 -127.761780
286.366365 -128.288467
286.366413 -128.574127
286.366462 -129.062988
286.366510 -125.187920
286.366558 -122.565605
286.366606 -122.347946
286.366654 -123.013504
286.366702 -126.928314
286.366750 -127.740540
286.366798 -124.800781
286.366846 -124.779297
286.366894 -125.119728
286.366942 -124.990181
286.366990 -125.502892
286.367038 -128.407455
286.367087 -129.753387
286.367135 -127.833565
286.367183 -126.617470
286.367231 -125.301636
286.367279 -125.307472
286.367327 -126.724358
286.367375 -129.219604
286.367423 -135.137314
286.367471 -134.327576
286.367519 -128.550491
286.367567 -128.361908
286.367615 -129.893646
286.367663 -133.442841
286.367712 -135.044632
286.367760 -136.086166
286.367808 -134.944290
286.367856 -133.062836
286.367904 -133.498657
286.367952 -131.174194
286.368000 -128.889862
286.368048 -128.903229
286.368096 -130.423553
286.368144 -131.074677
286.368192 -131.496307
286.368240 -131.523773
286.368288 -133.238892
286.368337 -127.181007
286.368385 -124.819038
286.368433 -124.862991
286.368481 -127.834480
286.368529 -133.453049
286.368577 -133.206635
286.368625 -133.120621
286.368673 -128.920731
286.368721 -126.968239
286.368769 -126.284882
286.368817 -125.907623
286.368865 -125.733376
286.368913 -125.658577
286.368962 -125.038391
286.369010 -124.815079
286.369058 -125.015556
286.369106 -127.651237
286.369154 -134.414047
286.369202 -127.777710
286.369250 -127.100166
286.369298 -128.169342
286.369346 -130.710464
286.369394 -128.291824
286.369442 -128.741104
286.369490 -133.021011
286.369538 -131.794022
286.369587 -132.542252
286.369635 -135.182144
286.369683 -127.784386
286.369731 -124.728241
286.369779 -123.960068
286.369827 -123.973206
286.369875 -125.992691
286.369923 -132.797409
286.369971 -134.268478
286.370019 -137.662369
286.370067 -128.914932
286.370115 -126.606041
286.370163 -126.314499
286.370212 -126.493240
286.370260 -127.028152
286.370308 -127.012177
286.370356 -128.484161
286.370404 -127.309647
286.370452 -123.081429
286.370500 -122.896980
286.370548 -123.945641
286.370596 -127.759636
286.370644 -130.039093
286.370692 -130.080017
286.370740 -130.271683
286.370788 -134.399918
286.370837 -129.702972
286.370885 -129.662476
286.370933 -129.890030
286.370981 -128.779968
286.371029 -128.631897
286.371077 -129.147415
286.371125 -133.569977
286.371173 -139.282700
286.371221 -133.862442
286.371269 -125.866989
286.371317 -124.374321
286.371365 -124.420616
286.371413 -126.571495
286.371462 -131.920853
286.371510 -136.298187
286.371558 -128.309677
286.371606 -125.420433
286.371654 -125.397835
286.371702 -127.236046
286.371750 -131.985565
286.371798 -129.850967
286.371846 -129.461548
286.371894 -129.925446
286.371942 -134.060822
286.371990 -140.980194
286.372038 -135.868591
286.372087 -133.202362
286.372135 -131.247498
286.372183 -130.602203
286.372231 -130.727829
286.372279 -133.323730
286.372327 -132.108047
286.372375 -130.817886
286.372423 -131.501221
286.372471 -136.602280
286.372519 -136.676376
286.372567 -130.183899
286.372615 -129.254684
286.372663 -129.488922
286.372712 -131.297623
286.372760 -127.727768
286.372808 -127.027939
286.372856 -127.575623
286.372904 -133.262421
286.372952 -134.259384
286.373000 -130.401001
286.373048 -126.000092
286.373096 -124.327148
286.373144 -123.576180
286.373192 -123.544754
286.373240 -124.263321
286.373288 -128.513977
286.373337 -137.010025
286.373385 -134.122894
286.373433 -130.897797
286.373481 -130.411606
286.373529 -130.520264
286.373577 -133.218521
286.373625 -131.949020
286.373673 -131.811539
286.373721 -135.921249
286.373769 -128.899994
286.373817 -128.304016
286.373865 -129.052414
286.373913 -129.508163
286.373962 -126.875328
286.374010 -126.765678
286.374058 -127.636314
286.374106 -125.917336
286.374154 -125.346397
286.374202 -125.330101
286.374250 -125.495377
286.374298 -127.377724
286.374346 -131.313751
286.374394 -129.900604
286.374442 -128.715958
286.374490 -128.658600
286.374538 -128.850891
286.374587 -129.813538
286.374635 -134.912445
286.374683 -130.637451
286.374731 -129.148087
286.374779 -129.323303
286.374827 -133.372116
286.374875 -126.321266
286.374923 -124.126404
286.374971 -123.987999
286.375019 -124.931221
286.375067 -131.456161
286.375115 -130.872986
286.375163 -130.522659
286.375212 -130.640900
286.375260 -130.165909
286.375308 -130.279221
286.375356 -133.486588
286.375404 -136.295624
286.375452 -129.048721
286.375500 -127.348793
286.375548 -127.348953
286.375596 -129.045288
286.375644 -135.101639
286.375692 -127.474998
286.375740 -125.438705
286.375788 -125.415596
286.375837 -126.367416
286.375885 -127.499702
286.375933 -131.529266
286.375981 -123.916115
286.376029 -123.070984
286.376077 -123.242554
286.376125 -124.100861
286.376173 -124.183403
286.376221 -124.847038
286.376269 -126.557175
286.376317 -130.105637
286.376365 -129.731094
286.376413 -127.082825
286.376462 -126.551689
286.376510 -127.097534
286.376558 -131.284683
286.376606 -129.548935
286.376654 -130.150452
286.376702 -131.681854
286.376750 -131.371506
286.376798 -130.673462
286.376846 -129.220459
286.376894 -129.295197
286.376942 -130.581192
286.376990 -125.466225
286.377038 -124.606796
286.377087 -124.685860
286.377135 -126.490257
286.377183 -131.626175
286.377231 -131.068146
286.377279 -132.297592
286.377327 -125.484283
286.377375 -124.189110
286.377423 -124.210342
286.377471 -124.330498
286.377519 -122.516586
286.377567 -122.241043
286.377615 -122.504990
286.377663 -124.071983
286.377712 -124.881187
286.377760 -124.434471
286.377808 -124.756355
286.377856 -127.866035
286.377904 -125.568283
286.377952 -123.318459
286.378000 -122.875389
286.378048 -123.205460
286.378096 -126.092712
286.378144 -129.668915
286.378192 -129.951706
286.378240 -128.824966
286.378288 -127.355148
286.378337 -127.713188
286.378385 -134.119980
286.378433 -127.844780
286.378481 -124.655586
286.378529 -124.699783
286.378577 -130.613358
286.378625 -125.983597
286.378673 -123.373505
286.378721 -122.942284
286.378769 -123.300194
286.378817 -127.285805
286.378865 -133.070923
286.378913 -133.201721
286.378962 -131.888809
286.379010 -131.888809
286.379058 -129.201187
286.379106 -126.779633
286.379154 -126.532478
286.379202 -126.717659
286.379250 -127.681236
286.379298 -128.652374
286.379346 -124.761551
286.379394 -122.868866
286.379442 -122.655907
286.379490 -122.913452
286.379538 -124.058105
286.379587 -125.249069
286.379635 -126.868462
286.379683 -126.897568
286.379731 -126.884781
286.379779 -127.357361
286.379827 -127.143661
286.379875 -126.814392
286.379923 -126.789497
286.379971 -126.858124
286.380019 -128.208649
286.380067 -129.620926
286.380115 -127.572472
286.380163 -126.149078
286.380212 -126.159142
286.380260 -128.344040
286.380308 -132.446259
286.380356 -131.570618
286.380404 -132.136795
286.380452 -131.329224
286.380500 -122.773773
286.380548 -119.202148
286.380596 -118.608116
286.380644 -118.764137
286.380692 -120.583839
286.380740 -123.110359
286.380788 -126.426071
286.380837 -133.356094
286.380885 -137.478790
286.380933 -138.257034
286.380981 -137.961304
286.381029 -137.968460
286.381077 -130.738846
286.381125 -125.581635
286.381173 -123.845558
286.381221 -123.789360
286.381269 -124.480888
286.381317 -126.434883
286.381365 -125.801979
286.381413 -124.902267
286.381462 -124.902664
286.381510 -126.645264
286.381558 -133.562820
286.381606 -125.561508
286.381654 -125.150757
286.381702 -126.615303
286.381750 -132.992828
286.381798 -124.921684
286.381846 -123.364754
286.381894 -123.729477
286.381942 -130.318100
286.381990 -129.729721
286.382038 -128.002136
286.382087 -128.234436
286.382135 -132.102051
286.382183 -139.311356
286.382231 -137.123199
286.382279 -133.146591
286.382327 -131.773361
286.382375 -129.232162
286.382423 -127.147934
286.382471 -126.224380
286.382519 -125.679611
286.382567 -124.927773
286.382615 -124.857338
286.382663 -124.971466
286.382712 -122.768082
286.382760 -121.572853
286.382808 -120.614342
286.382856 -119.666672
286.382904 -119.449142
286.382952 -119.643135
286.383000 -121.671219
286.383048 -125.301231
286.383096 -128.310394
286.383144 -130.607742
286.383192 -136.845657
286.383240 -130.990067
286.383288 -129.984116
286.383337 -130.223160
286.383385 -134.204559
286.383433 -130.514526
286.383481 -124.815132
286.383529 -122.859619
286.383577 -122.850014
286.383625 -124.622856
286.383673 -132.688934
286.383721 -129.914291
286.383769 -129.746918
286.383817 -129.695160
286.383865 -128.836105
286.383913 -129.136246
286.383962 -133.458755
286.384010 -131.522125
286.384058 -129.414230
286.384106 -129.414246
286.384154 -128.871994
286.384202 -126.980553
286.384250 -126.880470
286.384298 -128.068420
286.384346 -132.715866
286.384394 -136.066681
286.384442 -138.544098
286.384490 -136.366348
286.384538 -136.959412
286.384587 -132.033188
286.384635 -128.558578
286.384683 -128.196350
286.384731 -128.526215
286.384779 -133.539581
286.384827 -126.805809
286.384875 -126.599159
286.384923 -128.333862
286.384971 -126.037384
286.385019 -126.029953
286.385067 -124.735901
286.385115 -122.864029
286.385163 -122.860580
286.385212 -124.230499
286.385260 -125.954285
286.385308 -125.875351
286.385356 -127.731583
286.385404 -128.258850
286.385452 -127.818756
286.385500 -128.923615
286.385548 -131.376373
286.385596 -126.676834
286.385644 -124.658806
286.385692 -124.866325
286.385740 -128.117599
286.385788 -125.156769
286.385837 -124.295311
286.385885 -124.588058
286.385933 -129.391754
286.385981 -127.280373
286.386029 -125.937431
286.386077 -126.100060
286.386125 -129.879028
286.386173 -127.393150
286.386221 -125.497108
286.386269 -125.409004
286.386317 -125.728058
286.386365 -127.392761
286.386413 -125.448120
286.386462 -124.198952
286.386510 -124.203766
286.386558 -125.892410
286.386606 -130.690720
286.386654 -136.172531
286.386702 -131.465012
286.386750 -130.507309
286.386798 -130.908081
286.386846 -130.667252
286.386894 -130.792862
286.386942 -126.160347
286.386990 -125.043579
286.387038 -125.440224
286.387087 -128.909805
286.387135 -135.018204
286.387183 -132.276642
286.387231 -129.881088
286.387279 -129.027802
286.387327 -126.194878
286.387375 -124.442627
286.387423 -124.352501
286.387471 -124.740662
286.387519 -126.446724
286.387567 -130.246582
286.387615 -133.523895
286.387663 -133.619888
286.387712 -139.990570
286.387760 -136.361496
286.387808 -132.755249
286.387856 -126.698730
286.387904 -123.923119
286.387952 -123.852852
286.388000 -125.596832
286.388048 -124.801567
286.388096 -124.243866
286.388144 -124.870132
286.388192 -124.934715
286.388240 -124.925652
286.388288 -125.484589
286.388337 -125.984291
286.388385 -126.032951
286.388433 -127.276138
286.388481 -130.853485
286.388529 -133.898712
286.388577 -133.896011
286.388625 -130.706696
286.388673 -125.323952
286.388721 -125.193420
286.388769 -127.510040
286.388817 -136.526093
286.388865 -135.379395
286.388913 -136.531128
286.388962 -135.390350
286.389010 -129.910889
286.389058 -124.825882
286.389106 -123.544983
286.389154 -123.746101
286.389202 -127.631409
286.389250 -134.295288
286.389298 -129.463913
286.389346 -128.781418
286.389394 -129.003204
286.389442 -127.160286
286.389490 -127.021820
286.389538 -127.836090
286.389587 -124.616768
286.389635 -124.615440
286.389683 -127.079491
286.389731 -131.607590
286.389779 -130.672256
286.389827 -132.446854
286.389875 -129.125854
286.389923 -127.117020
286.389971 -127.119057
286.390019 -129.472870
286.390067 -130.216232
286.390115 -129.259766
286.390163 -129.280228
286.390212 -130.634567
286.390260 -128.246063
286.390308 -128.254486
286.390356 -129.700531
286.390404 -128.705521
286.390452 -128.378845
286.390500 -128.463837
286.390548 -127.391602
286.390596 -126.717194
286.390644 -126.932007
286.390692 -129.630264
286.390740 -136.511124
286.390788 -131.407089
286.390837 -131.367157
286.390885 -133.875504
286.390933 -130.055420
286.390981 -130.002960
286.391029 -130.475616
286.391077 -131.417145
286.391125 -134.459595
286.391173 -131.162323
286.391221 -131.112274
286.391269 -133.327545
286.391317 -129.076660
286.391365 -124.447685
286.391413 -123.906174
286.391462 -124.152084
286.391510 -125.665756
286.391558 -125.606087
286.391606 -124.409912
286.391654 -124.426308
286.391702 -126.805740
286.391750 -135.320938
286.391798 -129.256683
286.391846 -126.590767
286.391894 -125.543800
286.391942 -123.901588
286.391990 -123.665703
286.392038 -124.514587
286.392087 -130.928375
286.392135 -142.646988
286.392183 -141.131516
286.392231 -139.435196
286.392279 -130.047745
286.392327 -127.250519
286.392375 -125.855247
286.392423 -125.112175
286.392471 -125.146187
286.392519 -127.855980
286.392567 -136.568436
286.392615 -136.613434
286.392663 -130.860199
286.392712 -127.801216
286.392760 -127.759117
286.392808 -129.357010
286.392856 -133.585052
286.392904 -125.656227
286.392952 -123.115700
286.393000 -123.138771
286.393048 -126.198952
286.393096 -125.651001
286.393144 -125.952652
286.393192 -129.500122
286.393240 -136.558701
286.393288 -130.999954
286.393337 -129.007599
286.393385 -127.896469
286.393433 -127.298698
286.393481 -127.155479
286.393529 -127.358696
286.393577 -126.908737
286.393625 -126.927864
286.393673 -128.863785
286.393721 -132.750076
286.393769 -130.332672
286.393817 -125.557007
286.393865 -124.363358
286.393913 -124.434845
286.393962 -126.054695
286.394010 -126.696007
286.394058 -126.577751
286.394106 -126.973404
286.394154 -130.559250
286.394202 -132.099945
286.394250 -128.956604
286.394298 -128.512344
286.394346 -126.283646
286.394394 -124.117867
286.394442 -123.794762
286.394490 -124.088394
286.394538 -126.201881
286.394587 -128.841309
286.394635 -130.610321
286.394683 -132.394348
286.394731 -132.844162
286.394779 -139.244644
286.394827 -141.947327
286.394875 -131.422043
286.394923 -124.829422
286.394971 -124.018532
286.395019 -124.354050
286.395067 -127.201637
286.395115 -130.467133
286.395163 -124.978790
286.395212 -123.120934
286.395260 -123.120956
286.395308 -124.758080
286.395356 -128.495193
286.395404 -129.622894
286.395452 -130.438324
286.395500 -128.124283
286.395548 -126.723885
286.395596 -127.008865
286.395644 -130.781433
286.395692 -129.048981
286.395740 -129.042938
286.395788 -129.583710
286.395837 -129.874527
286.395885 -129.943497
286.395933 -131.751755
286.395981 -131.297211
286.396029 -126.582909
286.396077 -123.822403
286.396125 -123.412491
286.396173 -123.537582
286.396221 -124.880600
286.396269 -127.391502
286.396317 -130.457809
286.396365 -128.058136
286.396413 -128.074417
286.396462 -132.389191
286.396510 -128.868988
286.396558 -128.872940
286.396606 -129.335602
286.396654 -127.508034
286.396702 -124.995155
286.396750 -123.965927
286.396798 -124.142067
286.396846 -127.526573
286.396894 -123.912827
286.396942 -119.962883
286.396990 -118.872322
286.397038 -118.889397
286.397087 -120.733238
286.397135 -125.905106
286.397183 -127.086884
286.397231 -125.715996
286.397279 -125.702972
286.397327 -126.202591
286.397375 -127.991676
286.397423 -130.304626
286.397471 -127.139946
286.397519 -126.260857
286.397567 -126.338081
286.397615 -129.408066
286.397663 -128.081848
286.397712 -126.623741
286.397760 -126.815720
286.397808 -132.043152
286.397856 -129.286728
286.397904 -126.352303
286.397952 -125.956551
286.398000 -126.474091
286.398048 -130.125946
286.398096 -135.325729
286.398144 -131.963089
286.398192 -126.363190
286.398240 -126.123650
286.398288 -127.354111
286.398337 -128.683792
286.398385 -124.612831
286.398433 -123.731956
286.398481 -124.047333
286.398529 -129.012436
286.398577 -139.162064
286.398625 -130.311783
286.398673 -122.722290
286.398721 -121.220985
286.398769 -121.269379
286.398817 -123.948952
286.398865 -125.826843
286.398913 -125.318764
286.398962 -125.958061
286.399010 -128.481506
286.399058 -128.286530
286.399106 -128.879929
286.399154 -133.929214
286.399202 -133.377518
286.399250 -129.296738
286.399298 -126.429703
286.399346 -125.617455
286.399394 -125.816795
286.399442 -131.191818
286.399490 -122.294098
286.399538 -120.743652
286.399587 -120.826057
286.399635 -123.606056
286.399683 -128.306366
286.399731 -129.787277
286.399779 -132.785217
286.399827 -133.347290
286.399875 -133.473831
286.399923 -135.981201
286.399971 -133.994980
286.400019 -134.384827
286.400067 -134.522644
286.400115 -130.649826
286.400163 -130.248276
286.400212 -131.378540
286.400260 -133.542557
286.400308 -132.876968
286.400356 -134.294266
286.400404 -135.574631
286.400452 -130.518463
286.400500 -129.883804
286.400548 -130.281036
286.400596 -132.744492
286.400644 -137.184128
286.400692 -143.786804
286.400740 -140.007446
286.400788 -139.650253
286.400837 -140.913635
286.400885 -136.205124
286.400933 -136.304153
286.400981 -137.077667
286.401029 -131.088669
286.401077 -126.116692
286.401125 -125.342072
286.401173 -125.467178
286.401221 -127.180939
286.401269 -128.449341
286.401317 -128.341736
286.401365 -128.131577
286.401413 -125.279221
286.401462 -125.047173
286.401510 -125.271584
286.401558 -125.871407
286.401606 -127.081871
286.401654 -126.985191
286.401702 -127.000542
286.401750 -128.023819
286.401798 -129.335526
286.401846 -134.630096
286.401894 -126.600838
286.401942 -122.566658
286.401990 -121.257011
286.402038 -121.250488
286.402087 -121.854111
286.402135 -122.553070
286.402183 -124.038673
286.402231 -130.653427
286.402279 -125.742447
286.402327 -125.404243
286.402375 -126.187164
286.402423 -129.431274
286.402471 -132.822281
286.402519 -129.534149
286.402567 -127.138115
286.402615 -127.129242
286.402663 -128.811127
286.402712 -133.927338
286.402760 -134.551788
286.402808 -134.234650
286.402856 -131.618896
286.402904 -126.931297
286.402952 -124.092583
286.403000 -122.252060
286.403048 -122.137810
286.403096 -123.061470
286.403144 -127.822784
286.403192 -126.163216
286.403240 -125.622261
286.403288 -125.772758
286.403337 -128.350235
286.403385 -130.834610
286.403433 -128.657211
286.403481 -128.994843
286.403529 -135.084274
286.403577 -134.729233
286.403625 -129.588364
286.403673 -128.984070
286.403721 -129.640869
286.403769 -131.148392
286.403817 -126.128105
286.403865 -124.657333
286.403913 -124.703217
286.403962 -126.708435
286.404010 -124.695129
286.404058 -124.258034
286.404106 -124.932365
286.404154 -126.461212
286.404202 -126.330383
286.404250 -127.910797
286.404298 -134.276169
286.404346 -138.494614
286.404394 -133.662521
286.404442 -133.631577
286.404490 -134.981842
286.404538 -131.691071
286.404587 -127.526039
286.404635 -125.112160
286.404683 -123.860077
286.404731 -123.830818
286.404779 -124.910164
286.404827 -130.298981
286.404875 -128.463470
286.404923 -122.214516
286.404971 -119.813789
286.405019 -119.765312
286.405067 -121.155266
286.405115 -127.266113
286.405163 -128.326141
286.405212 -126.650414
286.405260 -126.648323
286.405308 -128.333252
286.405356 -123.819481
286.405404 -121.831223
286.405452 -121.848137
286.405500 -123.580750
286.405548 -126.999153
286.405596 -132.869171
286.405644 -140.121750
286.405692 -136.362488
286.405740 -131.904007
286.405788 -130.741653
286.405837 -130.980133
286.405885 -131.513702
286.405933 -124.807259
286.405981 -121.523911
286.406029 -121.418060
286.406077 -123.000748
286.406125 -128.321030
286.406173 -128.481155
286.406221 -131.402161
286.406269 -132.052414
286.406317 -132.115921
286.406365 -137.290695
286.406413 -144.170914
286.406462 -138.256699
286.406510 -134.039108
286.406558 -132.028931
286.406606 -131.040573
286.406654 -128.872620
286.406702 -126.772133
286.406750 -124.272240
286.406798 -122.590240
286.406846 -122.583664
286.406894 -123.927109
286.406942 -127.759308
286.406990 -135.430191
286.407038 -135.049393
286.407087 -132.952789
286.407135 -128.879364
286.407183 -127.529762
286.407231 -127.437920
286.407279 -127.600410
286.407327 -127.545563
286.407375 -125.163635
286.407423 -125.008942
286.407471 -126.135902
286.407519 -133.535675
286.407567 -126.836426
286.407615 -125.894562
286.407663 -125.969604
286.407712 -127.795891
286.407760 -130.461670
286.407808 -133.541962
286.407856 -129.486267
286.407904 -125.209305
286.407952 -125.043320
286.408000 -126.592499
286.408048 -128.301834
286.408096 -126.765556
286.408144 -126.770287
286.408192 -128.904465
286.408240 -129.789719
286.408288 -126.119583
286.408337 -125.388054
286.408385 -125.587440
286.408433 -128.862549
286.408481 -136.497833
286.408529 -129.953598
286.408577 -124.710365
286.408625 -124.270889
286.408673 -125.052048
286.408721 -132.294586
286.408769 -126.061768
286.408817 -125.898369
286.408865 -127.743210
286.408913 -135.988281
286.408962 -130.416962
286.409010 -126.977196
286.409058 -125.215446
286.409106 -125.061882
286.409154 -125.748688
286.409202 -130.065079
286.409250 -131.264786
286.409298 -131.147018
286.409346 -133.691971
286.409394 -134.850708
286.409442 -138.857864
286.409490 -138.601120
286.409538 -132.887573
286.409587 -126.193420
286.409635 -125.717697
286.409683 -127.208031
286.409731 -123.872375
286.409779 -120.693634
286.409827 -120.647758
286.409875 -121.845009
286.409923 -125.449379
286.409971 -125.168251
286.410019 -125.165367
286.410067 -126.113525
286.410115 -127.289124
286.410163 -129.128525
286.410212 -127.244026
286.410260 -122.774963
286.410308 -121.635185
286.410356 -121.615440
286.410404 -122.036072
286.410452 -123.295692
286.410500 -123.522720
286.410548 -123.016258
286.410596 -121.821884
286.410644 -121.633881
286.410692 -122.215752
286.410740 -126.133812
286.410788 -138.212479
286.410837 -137.249008
286.410885 -140.633423
286.410933 -131.241440
286.410981 -129.242722
286.411029 -129.243469
286.411077 -131.517593
286.411125 -131.985336
286.411173 -130.007736
286.411221 -130.007767
286.411269 -131.812317
286.411317 -126.906937
286.411365 -122.787430
286.411413 -122.381882
286.411462 -122.874901
286.411510 -125.447258
286.411558 -124.497185
286.411606 -124.079994
286.411654 -124.356216
286.411702 -125.035156
286.411750 -125.014366
286.411798 -125.526649
286.411846 -128.474625
286.411894 -133.336060
286.411942 -128.407806
286.411990 -127.230659
286.412038 -127.241699
286.412087 -131.136459
286.412135 -126.935898
286.412183 -124.890785
286.412231 -123.978073
286.412279 -123.937637
286.412327 -124.632172
286.412375 -127.120468
286.412423 -131.134659
286.412471 -126.578629
286.412519 -123.991699
286.412567 -123.832703
286.412615 -124.625519
286.412663 -128.131897
286.412712 -124.850410
286.412760 -124.332054
286.412808 -124.724930
286.412856 -127.288841
286.412904 -125.370621
286.412952 -123.681885
286.413000 -123.627594
286.413048 -124.952690
286.413096 -131.310638
286.413144 -134.643265
286.413192 -130.867645
286.413240 -130.864777
286.413288 -133.274185
286.413337 -129.240372
286.413385 -129.229431
286.413433 -131.357285
286.413481 -138.122375
286.413529 -129.710358
286.413577 -128.798462
286.413625 -129.332001
286.413673 -128.765762
286.413721 -127.237816
286.413769 -125.259132
286.413817 -124.091003
286.413865 -124.090271
286.413913 -124.679512
286.413962 -126.036430
286.414010 -130.557663
286.414058 -142.308380
286.414106 -136.434967
286.414154 -130.409714
286.414202 -126.509094
286.414250 -124.350372
286.414298 -123.815620
286.414346 -123.506088
286.414394 -123.406349
286.414442 -123.623405
286.414490 -125.422981
286.414538 -127.540359
286.414587 -129.851822
286.414635 -125.887001
286.414683 -123.524651
286.414731 -123.516228
286.414779 -125.002815
286.414827 -131.067535
286.414875 -132.064331
286.414923 -132.043854
286.414971 -135.902939
286.415019 -128.737305
286.415067 -126.104965
286.415115 -125.748009
286.415163 -125.993896
286.415212 -127.244865
286.415260 -128.029831
286.415308 -127.128853
286.415356 -124.226730
286.415404 -124.231758
286.415452 -128.318420
286.415500 -131.522552
286.415548 -128.253525
286.415596 -126.349754
286.415644 -126.353180
286.415692 -129.085510
286.415740 -126.663139
286.415788 -123.789093
286.415837 -123.789093
286.415885 -126.803139
286.415933 -132.108215
286.415981 -132.064865
286.416029 -138.436081
286.416077 -134.481033
286.416125 -133.635773
286.416173 -134.695374
286.416221 -140.994720
286.416269 -141.046646
286.416317 -136.210709
286.416365 -135.922440
286.416413 -128.004425
286.416462 -124.974365
286.416510 -124.918350
286.416558 -126.064507
286.416606 -129.180862
286.416654 -133.285477
286.416702 -139.038864
286.416750 -134.009796
286.416798 -132.620132
286.416846 -132.909821
286.416894 -129.278900
286.416942 -127.926254
286.416990 -128.304276
286.417038 -133.331726
286.417087 -132.720963
286.417135 -129.781036
286.417183 -129.707794
286.417231 -130.973434
286.417279 -132.642014
286.417327 -130.432877
286.417375 -129.209854
286.417423 -129.214478
286.417471 -129.423477
286.417519 -130.421616
286.417567 -129.221695
286.417615 -127.180901
286.417663 -127.171165
286.417712 -128.645126
286.417760 -130.224304
286.417808 -133.509933
286.417856 -127.120682
286.417904 -126.100952
286.417952 -127.126740
286.418000 -124.378044
286.418048 -123.732010
286.418096 -125.131859
286.418144 -131.239548
286.418192 -128.918396
286.418240 -128.678192
286.418288 -127.337639
286.418337 -125.599533
286.418385 -124.800285
286.418433 -124.738029
286.418481 -125.063004
286.418529 -128.089340
286.418577 -129.287933
286.418625 -127.816315
286.418673 -126.938690
286.418721 -124.865387
286.418769 -123.864189
286.418817 -123.876381
286.418865 -126.117973
286.418913 -128.967819
286.418962 -125.393440
286.419010 -125.400246
286.419058 -128.992554
286.419106 -134.469345
286.419154 -136.253586
286.419202 -133.731583
286.419250 -133.162521
286.419298 -131.090622
286.419346 -127.781265
286.419394 -126.926010
286.419442 -126.070839
286.419490 -124.993149
286.419538 -124.216858
286.419587 -123.792946
286.419635 -123.445778
286.419683 -122.134247
286.419731 -121.124580
286.419779 -121.120613
286.419827 -122.295700
286.419875 -126.731621
286.419923 -136.824478
286.419971 -137.553833
286.420019 -132.234726
286.420067 -129.831909
286.420115 -129.827469
286.420163 -127.026001
286.420212 -124.324646
286.420260 -124.282768
286.420308 -125.358513
286.420356 -127.601761
286.420404 -129.616882
286.420452 -132.040771
286.420500 -129.757813
286.420548 -128.299881
286.420596 -128.262756
286.420644 -128.675446
286.420692 -128.912506
286.420740 -128.115845
286.420788 -124.012581
286.420837 -123.443748
286.420885 -124.129837
286.420933 -129.994659
286.420981 -131.156616
286.421029 -128.940704
286.421077 -127.474083
286.421125 -127.263710
286.421173 -126.992912
286.421221 -126.996887
286.421269 -127.686356
286.421317 -130.597397
286.421365 -134.599976
286.421413 -131.488052
286.421462 -127.513710
286.421510 -127.455383
286.421558 -130.986374
286.421606 -129.301041
286.421654 -125.220543
286.421702 -123.078712
286.421750 -123.101410
286.421798 -126.946510
286.421846 -137.807907
286.421894 -134.067825
286.421942 -128.167801
286.421990 -126.738548
286.422038 -126.940186
286.422087 -131.964096
286.422135 -135.541061
286.422183 -133.138977
286.422231 -127.323196
286.422279 -124.919235
286.422327 -124.821259
286.422375 -125.354042
286.422423 -126.555382
286.422471 -127.015526
286.422519 -127.009308
286.422567 -128.974747
286.422615 -136.724686
286.422663 -131.302338
286.422712 -127.000656
286.422760 -125.010262
286.422808 -124.394028
286.422856 -124.528519
286.422904 -126.478600
286.422952 -128.691849
286.423000 -128.069946
286.423048 -126.148361
286.423096 -126.166008
286.423144 -128.775696
286.423192 -132.870255
286.423240 -130.478439
286.423288 -127.089958
286.423337 -126.904930
286.423385 -128.081436
286.423433 -130.290253
286.423481 -129.201385
286.423529 -129.850586
286.423577 -131.113495
286.423625 -126.764572
286.423673 -125.554024
286.423721 -125.554771
286.423769 -126.567787
286.423817 -130.552414
286.423865 -133.929016
286.423913 -134.255096
286.423962 -132.367691
286.424010 -128.435883
286.424058 -127.140358
286.424106 -127.164017
286.424154 -129.381485
286.424202 -124.478340
286.424250 -122.162666
286.424298 -122.162735
286.424346 -124.217125
286.424394 -129.945740
286.424442 -132.994751
286.424490 -125.930435
286.424538 -123.281952
286.424587 -123.245781
286.424635 -124.263138
286.424683 -125.858772
286.424731 -127.257729
286.424779 -130.383972
286.424827 -135.241684
286.424875 -129.833054
286.424923 -128.410172
286.424971 -128.434570
286.425019 -129.591980
286.425067 -131.579376
286.425115 -134.171631
286.425163 -132.340866
286.425212 -128.744370
286.425260 -126.016655
286.425308 -124.767899
286.425356 -124.769714
286.425404 -126.077087
286.425452 -126.996574
286.425500 -127.213242
286.425548 -126.819069
286.425596 -124.514984
286.425644 -124.050262
286.425692 -124.440598
286.425740 -128.075485
286.425788 -129.325668
286.425837 -129.274796
286.425885 -130.224640
286.425933 -129.874649
286.425981 -127.648399
286.426029 -123.446625
286.426077 -121.479591
286.426125 -121.480278
286.426173 -123.751740
286.426221 -124.324547
286.426269 -124.137131
286.426317 -125.513168
286.426365 -131.492020
286.426413 -134.140579
286.426462 -136.017975
286.426510 -132.361588
286.426558 -131.791855
286.426606 -132.472397
286.426654 -136.591263
286.426702 -131.792679
286.426750 -128.603149
286.426798 -126.928436
286.426846 -126.797722
286.426894 -127.306602
286.426942 -128.993851
286.426990 -127.219147
286.427038 -127.028442
286.427087 -127.512466
286.427135 -129.423401
286.427183 -128.603348
286.427231 -126.654907
286.427279 -126.618927
286.427327 -127.681793
286.427375 -129.556625
286.427423 -131.828659
286.427471 -134.800491
286.427519 -126.108727
286.427567 -123.012955
286.427615 -122.985954
286.427663 -125.193680
286.427712 -129.562195
286.427760 -125.823944
286.427808 -125.820061
286.427856 -128.974915
286.427904 -126.892639
286.427952 -123.999779
286.428000 -123.701454
286.428048 -124.153992
286.428096 -127.772278
286.428144 -134.337921
286.428192 -130.224213
286.428240 -128.862991
286.428288 -129.071945
286.428337 -132.703812
286.428385 -130.942657
286.428433 -123.640480
286.428481 -122.081772
286.428529 -122.129677
286.428577 -124.559937
286.428625 -130.495132
286.428673 -127.822037
286.428721 -127.885406
286.428769 -128.179642
286.428817 -128.556702
286.428865 -130.724701
286.428913 -128.019760
286.428962 -126.335243
286.429010 -126.250397
286.429058 -127.290611
286.429106 -134.450363
286.429154 -133.658051
286.429202 -134.847656
286.429250 -130.393158
286.429298 -128.426529
286.429346 -126.754471
286.429394 -125.953545
286.429442 -126.206711
286.429490 -130.801041
286.429538 -135.222626
286.429587 -136.097305
286.429635 -130.742493
286.429683 -127.537727
286.429731 -127.282822
286.429779 -127.653328
286.429827 -129.604797
286.429875 -126.806847
286.429923 -124.705780
286.429971 -124.505096
286.430019 -125.176888
286.430067 -129.846939
286.430115 -135.026855
286.430163 -130.000839
286.430212 -127.219261
286.430260 -126.982620
286.430308 -127.610718
286.430356 -125.144051
286.430404 -124.213387
286.430452 -124.435066
286.430500 -127.725204
286.430548 -129.525726
286.430596 -129.307068
286.430644 -129.679260
286.430692 -129.229645
286.430740 -129.955795
286.430788 -130.387253
286.430837 -126.048576
286.430885 -124.692894
286.430933 -124.691849
286.430981 -124.614220
286.431029 -123.814476
286.431077 -123.702126
286.431125 -123.820778
286.431173 -125.013809
286.431221 -128.816101
286.431269 -132.690125
286.431317 -130.359558
286.431365 -130.366837
286.431413 -128.200760
286.431462 -127.415337
286.431510 -127.707924
286.431558 -128.658600
286.431606 -129.357620
286.431654 -132.685547
286.431702 -133.789856
286.431750 -133.812286
286.431798 -132.401703
286.431846 -129.287247
286.431894 -128.916870
286.431942 -129.104095
286.431990 -130.638077
286.432038 -130.758789
286.432087 -129.416367
286.432135 -129.505890
286.432183 -130.113983
286.432231 -127.344696
286.432279 -126.494797
286.432327 -126.579964
286.432375 -128.905090
286.432423 -133.950668
286.432471 -127.389282
286.432519 -126.894745
286.432567 -127.191040
286.432615 -128.480621
286.432663 -130.619263
286.432712 -127.319969
286.432760 -126.866692
286.432808 -128.057266
286.432856 -134.696991
286.432904 -127.168648
286.432952 -123.012703
286.433000 -122.777641
286.433048 -123.777412
286.433096 -128.562836
286.433144 -139.057510
286.433192 -139.172043
286.433240 -131.580338
286.433288 -130.170090
286.433337 -129.851959
286.433385 -128.087189
286.433433 -127.469765
286.433481 -127.042099
286.433529 -127.034721
286.433577 -126.680550
286.433625 -126.508209
286.433673 -126.777702
286.433721 -128.609589
286.433769 -127.911522
286.433817 -127.543686
286.433865 -128.797852
286.433913 -129.625656
286.433962 -125.489952
286.434010 -124.132675
286.434058 -123.828331
286.434106 -124.138321
286.434154 -128.194183
286.434202 -134.405579
286.434250 -127.031975
286.434298 -123.422867
286.434346 -122.875710
286.434394 -123.077438
286.434442 -125.165916
286.434490 -130.149689
286.434538 -136.947464
286.434587 -130.444244
286.434635 -126.309952
286.434683 -126.056824
286.434731 -127.005241
286.434779 -129.952835
286.434827 -131.373795
286.434875 -131.427124
286.434923 -128.032272
286.434971 -127.051628
286.435019 -127.298378
286.435067 -131.872482
286.435115 -126.899040
286.435163 -126.831703
286.435212 -129.223877
286.435260 -133.342789
286.435308 -133.013397
286.435356 -129.972397
286.435404 -129.968887
286.435452 -134.471039
286.435500 -131.746597
286.435548 -131.158386
286.435596 -129.569901
286.435644 -127.384720
286.435692 -127.189919
286.435740 -126.612740
286.435788 -124.010681
286.435837 -123.719032
286.435885 -124.762787
286.435933 -131.351288
286.435981 -130.404114
286.436029 -131.066971
286.436077 -131.223862
286.436125 -125.931389
286.436173 -124.098740
286.436221 -124.091866
286.436269 -125.002296
286.436317 -126.912025
286.436365 -127.341553
286.436413 -127.292297
286.436462 -127.577293
286.436510 -124.521172
286.436558 -124.082024
286.436606 -124.869858
286.436654 -129.952545
286.436702 -131.143585
286.436750 -128.691925
286.436798 -128.691223
286.436846 -130.571320
286.436894 -134.388107
286.436942 -135.914459
286.436990 -139.472672
286.437038 -129.158463
286.437087 -126.846275
286.437135 -126.845436
286.437183 -127.980316
286.437231 -130.122131
286.437279 -133.183701
286.437327 -133.955582
286.437375 -129.067657
286.437423 -125.985916
286.437471 -125.589439
286.437519 -126.110527
286.437567 -129.339600
286.437615 -131.422745
286.437663 -131.712280
286.437712 -129.659454
286.437760 -129.196228
286.437808 -128.073227
286.437856 -124.634972
286.437904 -123.640266
286.437952 -123.814484
286.438000 -125.773857
286.438048 -123.999275
286.438096 -123.998985
286.438144 -126.353813
286.438192 -131.969452
286.438240 -131.092346
286.438288 -131.559296
286.438337 -135.681061
286.438385 -138.544388
286.438433 -134.253830
286.438481 -129.172241
286.438529 -127.333984
286.438577 -126.877083
286.438625 -126.937553
286.438673 -129.299362
286.438721 -132.188477
286.438769 -126.064949
286.438817 -124.522217
286.438865 -124.593941
286.438913 -126.767853
286.438962 -126.172913
286.439010 -125.876701
286.439058 -126.089142
286.439106 -126.786942
286.439154 -128.708511
286.439202 -127.972221
286.439250 -124.011024
286.439298 -123.925919
286.439346 -125.738876
286.439394 -129.811523
286.439442 -129.327591
286.439490 -132.368271
286.439538 -131.740189
286.439587 -130.710129
286.439635 -130.534698
286.439683 -131.115952
286.439731 -131.271454
286.439779 -125.876572
286.439827 -124.981583
286.439875 -125.531052
286.439923 -129.355148
286.439971 -125.955078
286.440019 -125.254608
286.440067 -125.507782
286.440115 -127.178337
286.440163 -127.178345
286.440212 -129.493759
286.440260 -130.243500
286.440308 -127.606262
286.440356 -127.585739
286.440404 -129.845474
286.440452 -128.754501
286.440500 -127.119019
286.440548 -127.373520
286.440596 -131.652832
286.440644 -132.624252
286.440692 -129.488785
286.440740 -126.771286
286.440788 -126.465263
286.440837 -126.797340
286.440885 -125.330620
286.440933 -122.429161
286.440981 -121.243675
286.441029 -121.207405
286.441077 -122.014297
286.441125 -126.691422
286.441173 -129.204071
286.441221 -126.454765
286.441269 -126.354492
286.441317 -127.823135
286.441365 -130.668686
286.441413 -126.119148
286.441462 -125.986092
286.441510 -127.671822
286.441558 -129.287003
286.441606 -127.426857
286.441654 -127.361832
286.441702 -128.377991
286.441750 -133.040588
286.441798 -129.851715
286.441846 -129.329300
286.441894 -131.070969
286.441942 -129.374268
286.441990 -126.181114
286.442038 -124.037537
286.442087 -123.442657
286.442135 -123.566010
286.442183 -126.092812
286.442231 -133.626144
286.442279 -134.539734
286.442327 -134.567200
286.442375 -135.602341
286.442423 -132.261948
286.442471 -127.455307
286.442519 -127.197334
286.442567 -127.768593
286.442615 -127.549988
286.442663 -129.434036
286.442712 -125.241051
286.442760 -123.754105
286.442808 -124.006714
286.442856 -127.843315
286.442904 -126.033966
286.442952 -123.033409
286.443000 -121.638969
286.443048 -121.510323
286.443096 -122.066025
286.443144 -125.844139
286.443192 -124.715019
286.443240 -124.468872
286.443288 -124.788918
286.443337 -126.702942
286.443385 -129.577789
286.443433 -131.159851
286.443481 -131.908981
286.443529 -132.042847
286.443577 -128.260147
286.443625 -127.124565
286.443673 -127.190910
286.443721 -129.021423
286.443769 -133.209457
286.443817 -134.578354
286.443865 -128.051834
286.443913 -124.429771
286.443962 -122.617905
286.444010 -121.815903
286.444058 -121.661118
286.444106 -121.670616
286.444154 -121.914864
286.444202 -122.828255
286.444250 -124.867546
286.444298 -128.120728
286.444346 -133.144196
286.444394 -130.957199
286.444442 -130.661926
286.444490 -134.079407
286.444538 -127.439896
286.444587 -127.122276
286.444635 -128.080246
286.444683 -127.388260
286.444731 -127.410675
286.444779 -129.156815
286.444827 -132.371750
286.444875 -129.281601
286.444923 -129.654144
286.444971 -127.418549
286.445019 -127.101448
286.445067 -129.370514
286.445115 -136.192581
286.445163 -136.828125
286.445212 -133.297256
286.445260 -130.760010
286.445308 -130.056778
286.445356 -130.116531
286.445404 -129.318314
286.445452 -127.022789
286.445500 -126.396751
286.445548 -125.903198
286.445596 -125.855957
286.445644 -127.271301
286.445692 -135.448135
286.445740 -129.370071
286.445788 -128.198944
286.445837 -128.266785
286.445885 -128.372086
286.445933 -128.461151
286.445981 -127.570053
286.446029 -125.029182
286.446077 -125.030006
286.446125 -127.713905
286.446173 -138.021591
286.446221 -137.060104
286.446269 -137.081039
286.446317 -141.934616
286.446365 -134.866608
286.446413 -132.030472
286.446462 -131.511734
286.446510 -131.813065
286.446558 -132.263107
286.446606 -127.832390
286.446654 -126.765869
286.446702 -126.751495
286.446750 -127.557068
286.446798 -131.600479
286.446846 -130.152512
286.446894 -129.777725
286.446942 -129.970367
286.446990 -133.524734
286.447038 -130.644196
286.447087 -129.486069
286.447135 -127.040833
286.447183 -126.819969
286.447231 -127.904327
286.447279 -133.994690
286.447327 -145.525879
286.447375 -138.385605
286.447423 -135.936905
286.447471 -132.524200
286.447519 -132.523331
286.447567 -131.010696
286.447615 -126.555069
286.447663 -125.575378
286.447712 -125.581741
286.447760 -127.106522
286.447808 -132.012314
286.447856 -133.210190
286.447904 -129.684662
286.447952 -127.153564
286.448000 -127.132660
286.448048 -129.369171
286.448096 -130.006927
286.448144 -129.505585
286.448192 -129.547226
286.448240 -126.261528
286.448288 -125.558487
286.448337 -123.661240
286.448385 -122.792519
286.448433 -122.944672
286.448481 -127.320442
286.448529 -125.155266
286.448577 -122.139420
286.448625 -121.984253
286.448673 -122.963272
286.448721 -128.178040
286.448769 -134.795395
286.448817 -134.286819
286.448865 -136.102661
286.448913 -129.405136
286.448962 -128.689972
286.449010 -129.329071
286.449058 -134.123138
286.449106 -127.783707
286.449154 -125.505363
286.449202 -125.262566
286.449250 -126.007874
286.449298 -131.497910
286.449346 -131.709549
286.449394 -130.822525
286.449442 -131.874619
286.449490 -128.742538
286.449538 -127.835999
286.449587 -128.683731
286.449635 -128.953659
286.449683 -124.909882
286.449731 -124.698860
286.449779 -125.618004
286.449827 -133.270584
286.449875 -132.850082
286.449923 -127.222931
286.449971 -123.928497
286.450019 -123.967789
286.450067 -128.793747
286.450115 -138.840500
286.450163 -136.428360
286.450212 -132.734848
286.450260 -125.234673
286.450308 -123.056252
286.450356 -123.118034
286.450404 -127.768494
286.450452 -127.469170
286.450500 -127.166107
286.450548 -127.461067
286.450596 -127.520966
286.450644 -130.240219
286.450692 -132.363312
286.450740 -128.584702
286.450788 -127.329491
286.450837 -127.287941
286.450885 -127.405113
286.450933 -128.519592
286.450981 -132.577194
286.451029 -129.423355
286.451077 -129.063950
286.451125 -131.103943
286.451173 -134.379074
286.451221 -132.578156
286.451269 -132.640350
286.451317 -134.186462
286.451365 -132.696365
286.451413 -128.151733
286.451462 -126.548256
286.451510 -126.544243
286.451558 -127.273308
286.451606 -128.380554
286.451654 -126.507256
286.451702 -125.660301
286.451750 -125.778831
286.451798 -125.169754
286.451846 -122.626434
286.451894 -122.473709
286.451942 -123.075859
286.451990 -126.024025
286.452038 -134.245636
286.452087 -133.076202
286.452135 -133.193665
286.452183 -130.192871
286.452231 -125.970772
286.452279 -123.750572
286.452327 -123.746498
286.452375 -125.895309
286.452423 -131.825806
286.452471 -130.004913
286.452519 -130.512054
286.452567 -131.559189
286.452615 -129.940399
286.452663 -129.934494
286.452712 -130.545898
286.452760 -133.024033
286.452808 -134.269272
286.452856 -131.589783
286.452904 -131.553116
286.452952 -133.078140
286.453000 -127.286499
286.453048 -127.153572
286.453096 -128.545425
286.453144 -132.994904
286.453192 -136.529907
286.453240 -132.672012
286.453288 -128.662384
286.453337 -127.038223
286.453385 -125.956421
286.453433 -126.039429
286.453481 -130.778671
286.453529 -130.436905
286.453577 -130.093964
286.453625 -130.596786
286.453673 -132.063889
286.453721 -134.009201
286.453769 -135.164185
286.453817 -135.083099
286.453865 -135.796677
286.453913 -133.507980
286.453962 -128.925323
286.454010 -125.836113
286.454058 -125.299156
286.454106 -125.389236
286.454154 -125.962776
286.454202 -125.981857
286.454250 -125.436195
286.454298 -125.390007
286.454346 -126.200035
286.454394 -128.831741
286.454442 -129.527252
286.454490 -128.567215
286.454538 -128.564941
286.454587 -127.649117
286.454635 -124.701096
286.454683 -124.345428
286.454731 -125.181282
286.454779 -131.551727
286.454827 -131.983368
286.454875 -127.744118
286.454923 -125.888214
286.454971 -125.888245
286.455019 -128.411423
286.455067 -130.645294
286.455115 -127.147209
286.455163 -127.039139
286.455212 -128.434753
286.455260 -134.718689
286.455308 -133.714569
286.455356 -129.119781
286.455404 -125.770912
286.455452 -123.842636
286.455500 -123.793182
286.455548 -125.003609
286.455596 -128.943024
286.455644 -134.309830
286.455692 -135.030563
286.455740 -134.928345
286.455788 -139.284256
286.455837 -133.945709
286.455885 -132.482193
286.455933 -132.456924
286.455981 -128.107895
286.456029 -124.450752
286.456077 -123.103279
286.456125 -122.831261
286.456173 -122.851181
286.456221 -123.964195
286.456269 -125.511597
286.456317 -126.257324
286.456365 -127.241058
286.456413 -124.851295
286.456462 -124.747849
286.456510 -124.738113
286.456558 -125.135826
286.456606 -127.398010
286.456654 -125.833473
286.456702 -125.726265
286.456750 -129.752350
286.456798 -127.608444
286.456846 -127.501221
286.456894 -129.848267
286.456942 -130.957886
286.456990 -128.288925
286.457038 -127.561279
286.457087 -127.475327
286.457135 -128.276077
286.457183 -129.314041
286.457231 -125.882034
286.457279 -124.563019
286.457327 -124.585152
286.457375 -126.946053
286.457423 -133.977463
286.457471 -132.618652
286.457519 -128.300186
286.457567 -128.137604
286.457615 -129.655258
286.457663 -133.153992
286.457712 -134.707916
286.457760 -125.996880
286.457808 -125.442924
286.457856 -126.681450
286.457904 -133.873215
286.457952 -133.798965
286.458000 -130.739685
286.458048 -126.745308
286.458096 -126.741554
286.458144 -129.020966
286.458192 -130.432312
286.458240 -130.425003
286.458288 -132.020798
286.458337 -134.494492
286.458385 -136.782455
286.458433 -132.545090
286.458481 -130.730545
286.458529 -130.691559
286.458577 -132.542404
286.458625 -127.915482
286.458673 -127.658035
286.458721 -129.826035
286.458769 -136.010620
286.458817 -130.900192
286.458865 -128.939255
286.458913 -128.941360
286.458962 -130.136063
286.459010 -129.227020
286.459058 -129.226700
286.459106 -132.119766
286.459154 -123.999069
286.459202 -123.222404
286.459250 -123.915337
286.459298 -128.255173
286.459346 -129.011627
286.459394 -127.128944
286.459442 -124.820229
286.459490 -123.976448
286.459538 -124.021545
286.459587 -126.139656
286.459635 -129.990082
286.459683 -130.994568
286.459731 -126.577255
286.459779 -122.041145
286.459827 -121.866890
286.459875 -122.731033
286.459923 -125.448402
286.459971 -129.368027
286.460019 -137.323837
286.460067 -149.606934
286.460115 -137.571564
286.460163 -130.700592
286.460212 -129.893448
286.460260 -130.452942
286.460308 -134.183182
286.460356 -128.543213
286.460404 -126.506691
286.460452 -126.550194
286.460500 -129.849609
286.460548 -136.228928
286.460596 -135.811981
286.460644 -133.139938
286.460692 -130.774734
286.460740 -128.822403
286.460788 -125.850464
286.460837 -123.692093
286.460885 -123.593590
286.460933 -124.917969
286.460981 -129.985107
286.461029 -123.628136
286.461077 -121.570053
286.461125 -121.603821
286.461173 -125.473152
286.461221 -133.448242
286.461269 -133.487930
286.461317 -127.160004
286.461365 -126.600685
286.461413 -127.577789
286.461462 -130.820099
286.461510 -133.691315
286.461558 -133.658691
286.461606 -131.433502
286.461654 -131.272751
286.461702 -131.028336
286.461750 -125.999451
286.461798 -125.560387
286.461846 -126.374710
286.461894 -129.887573
286.461942 -129.482056
286.461990 -130.444916
286.462038 -128.488724
286.462087 -125.497131
286.462135 -125.382515
286.462183 -126.582138
286.462231 -128.054794
286.462279 -127.530678
286.462327 -125.741478
286.462375 -125.682487
286.462423 -127.928215
286.462471 -139.147354
286.462519 -135.536819
286.462567 -130.366638
286.462615 -130.342209
286.462663 -134.591125
286.462712 -129.959442
286.462760 -129.776520
286.462808 -132.354446
286.462856 -142.092911
286.462904 -139.122620
286.462952 -136.656464
286.463000 -129.099457
286.463048 -124.999458
286.463096 -123.373917
286.463144 -123.181747
286.463192 -123.424316
286.463240 -125.128143
286.463288 -126.928986
286.463337 -125.407303
286.463385 -124.046425
286.463433 -123.731522
286.463481 -123.845436
286.463529 -125.678177
286.463577 -131.241592
286.463625 -128.327454
286.463673 -126.253677
286.463721 -126.410271
286.463769 -132.448288
286.463817 -130.250198
286.463865 -130.143692
286.463913 -131.803360
286.463962 -131.285690
286.464010 -129.066071
286.464058 -126.981583
286.464106 -126.781700
286.464154 -126.547531
286.464202 -126.101051
286.464250 -125.828491
286.464298 -125.840149
286.464346 -126.961075
286.464394 -131.595154
286.464442 -134.154282
286.464490 -128.292740
286.464538 -124.802956
286.464587 -124.041908
286.464635 -124.247772
286.464683 -127.069183
286.464731 -131.156448
286.464779 -132.271851
286.464827 -134.216370
286.464875 -129.554047
286.464923 -129.077652
286.464971 -127.009979
286.465019 -126.073997
286.465067 -126.143593
286.465115 -126.837349
286.465163 -127.306236
286.465212 -129.113403
286.465260 -131.420334
286.465308 -135.809891
286.465356 -133.242386
286.465404 -130.803726
286.465452 -127.786179
286.465500 -124.981606
286.465548 -124.363136
286.465596 -124.571144
286.465644 -127.054726
286.465692 -130.797897
286.465740 -130.261459
286.465788 -129.096329
286.465837 -129.233795
286.465885 -132.261993
286.465933 -133.757690
286.465981 -130.012787
286.466029 -129.285950
286.466077 -129.725189
286.466125 -135.446030
286.466173 -130.287552
286.466221 -130.254044
286.466269 -131.959305
286.466317 -138.496490
286.466365 -136.562134
286.466413 -125.453911
286.466462 -120.197418
286.466510 -119.444504
286.466558 -119.885712
286.466606 -124.713341
286.466654 -125.469482
286.466702 -125.011459
286.466750 -126.008018
286.466798 -130.133347
286.466846 -128.256744
286.466894 -126.980507
286.466942 -126.982262
286.466990 -128.275650
286.467038 -130.168457
286.467087 -130.188614
286.467135 -129.414810
286.467183 -129.402817
286.467231 -130.551926
286.467279 -133.374496
286.467327 -129.654404
286.467375 -129.775986
286.467423 -123.399788
286.467471 -121.652977
286.467519 -121.713943
286.467567 -124.281357
286.467615 -129.053726
286.467663 -135.597580
286.467712 -128.334412
286.467760 -124.992409
286.467808 -124.929550
286.467856 -126.598610
286.467904 -131.520218
286.467952 -128.753510
286.468000 -126.676903
286.468048 -126.568390
286.468096 -126.504250
286.468144 -124.138016
286.468192 -123.235420
286.468240 -123.248314
286.468288 -124.863792
286.468337 -129.940796
286.468385 -133.940948
286.468433 -135.400864
286.468481 -135.292374
286.468529 -128.055756
286.468577 -126.896996
286.468625 -126.897545
286.468673 -127.083199
286.468721 -129.381546
286.468769 -128.325729
286.468817 -126.419876
286.468865 -126.509346
286.468913 -128.690338
286.468962 -135.015076
286.469010 -128.590622
286.469058 -128.364960
286.469106 -129.723206
286.469154 -130.558777
286.469202 -131.039047
286.469250 -134.644806
286.469298 -138.402863
286.469346 -135.611160
286.469394 -134.319275
286.469442 -130.299942
286.469490 -129.625946
286.469538 -129.708237
286.469587 -130.745560
286.469635 -130.335434
286.469683 -130.175690
286.469731 -131.652176
286.469779 -135.568207
286.469827 -137.072495
286.469875 -132.391891
286.469923 -131.951721
286.469971 -132.443344
286.470019 -136.863312
286.470067 -131.826477
286.470115 -131.821671
286.470163 -137.472443
286.470212 -135.967010
286.470260 -133.451752
286.470308 -128.532196
286.470356 -128.380569
286.470404 -130.456192
286.470452 -136.649490
286.470500 -134.160706
286.470548 -130.196518
286.470596 -129.721390
286.470644 -130.114807
286.470692 -130.377731
286.470740 -128.202118
286.470788 -128.129654
286.470837 -129.659760
286.470885 -130.202072
286.470933 -126.182335
286.470981 -124.922173
286.471029 -124.878311
286.471077 -125.349281
286.471125 -126.477654
286.471173 -128.856842
286.471221 -136.157883
286.471269 -130.091141
286.471317 -129.910080
286.471365 -132.747055
286.471413 -124.910904
286.471462 -124.305901
286.471510 -125.149681
286.471558 -131.983047
286.471606 -126.809830
286.471654 -125.496994
286.471702 -125.537590
286.471750 -126.842972
286.471798 -129.710541
286.471846 -131.329788
286.471894 -129.232315
286.471942 -128.933334
286.471990 -129.403793
286.472038 -134.042160
286.472087 -133.644409
286.472135 -131.977051
286.472183 -128.837021
286.472231 -127.625824
286.472279 -127.600159
286.472327 -127.963036
286.472375 -129.302612
286.472423 -128.630966
286.472471 -127.036217
286.472519 -127.037056
286.472567 -127.553482
286.472615 -125.928619
286.472663 -125.956482
286.472712 -128.390076
286.472760 -128.331345
286.472808 -128.337601
286.472856 -129.506638
286.472904 -133.010986
286.472952 -135.354279
286.473000 -136.632248
286.473048 -138.522049
286.473096 -139.338272
286.473144 -130.684280
286.473192 -127.118797
286.473240 -125.457146
286.473288 -125.448441
286.473337 -126.503273
286.473385 -127.319237
286.473433 -129.804825
286.473481 -125.069717
286.473529 -124.982483
286.473577 -126.547173
286.473625 -127.230583
286.473673 -127.333763
286.473721 -131.027191
286.473769 -140.579483
286.473817 -139.366211
286.473865 -128.437531
286.473913 -124.930191
286.473962 -124.916634
286.474010 -127.626244
286.474058 -130.259094
286.474106 -130.135880
286.474154 -132.553909
286.474202 -135.977631
286.474250 -134.447754
286.474298 -131.422562
286.474346 -130.541870
286.474394 -130.833832
286.474442 -134.740814
286.474490 -136.628738
286.474538 -132.237900
286.474587 -128.847839
286.474635 -127.574059
286.474683 -127.517197
286.474731 -127.907700
286.474779 -130.134537
286.474827 -138.278549
286.474875 -143.657288
286.474923 -134.395493
286.474971 -129.892273
286.475019 -128.918030
286.475067 -128.996216
286.475115 -131.536987
286.475163 -132.015244
286.475212 -128.009781
286.475260 -127.672935
286.475308 -127.958717
286.475356 -128.092392
286.475404 -127.948174
286.475452 -128.583298
286.475500 -131.959442
286.475548 -130.125977
286.475596 -129.929398
286.475644 -130.400650
286.475692 -132.582306
286.475740 -132.049927
286.475788 -128.528809
286.475837 -124.969910
286.475885 -121.585892
286.475933 -121.009186
286.475981 -121.394989
286.476029 -124.886887
286.476077 -130.219818
286.476125 -133.796036
286.476173 -139.319565
286.476221 -135.006943
286.476269 -132.558014
286.476317 -132.636978
286.476365 -124.891609
286.476413 -120.240845
286.476462 -119.900146
286.476510 -120.264725
286.476558 -121.588989
286.476606 -123.223541
286.476654 -124.844986
286.476702 -123.058128
286.476750 -123.095901
286.476798 -127.335152
286.476846 -126.079224
286.476894 -125.739677
286.476942 -127.107834
286.476990 -126.337051
286.477038 -123.042900
286.477087 -123.028893
286.477135 -124.938667
286.477183 -124.925606
286.477231 -124.925972
286.477279 -127.495064
286.477327 -130.169922
286.477375 -124.629021
286.477423 -123.488426
286.477471 -123.542152
286.477519 -126.332504
286.477567 -128.136383
286.477615 -124.663239
286.477663 -124.659210
286.477712 -126.699921
286.477760 -131.157974
286.477808 -130.963913
286.477856 -131.367447
286.477904 -132.178162
286.477952 -127.831810
286.478000 -127.830963
286.478048 -130.882370
286.478096 -140.915512
286.478144 -143.479660
286.478192 -138.316284
286.478240 -132.206543
286.478288 -127.355896
286.478337 -125.854973
286.478385 -125.872887
286.478433 -127.935120
286.478481 -132.380630
286.478529 -135.419937
286.478577 -135.401382
286.478625 -136.694244
286.478673 -133.810043
286.478721 -131.395844
286.478769 -131.395859
286.478817 -133.445038
286.478865 -130.490585
286.478913 -127.635490
286.478962 -127.521423
286.479010 -129.851959
286.479058 -123.342308
286.479106 -122.545784
286.479154 -122.809944
286.479202 -124.907150
286.479250 -128.681335
286.479298 -127.112701
286.479346 -126.764030
286.479394 -129.399689
286.479442 -130.559494
286.479490 -130.665909
286.479538 -129.215988
286.479587 -127.974396
286.479635 -127.729004
286.479683 -126.696846
286.479731 -126.302483
286.479779 -126.450569
286.479827 -128.116287
286.479875 -131.035629
286.479923 -136.731186
286.479971 -129.443008
286.480019 -126.253387
286.480067 -125.846809
286.480115 -125.917992
286.480163 -126.197311
286.480212 -126.273102
286.480260 -126.595947
286.480308 -124.021027
286.480356 -123.148834
286.480404 -122.479141
286.480452 -122.248940
286.480500 -122.303001
286.480548 -123.172752
286.480596 -124.692253
286.480644 -124.170227
286.480692 -124.114357
286.480740 -124.628349
286.480788 -127.496155
286.480837 -130.427414
286.480885 -126.975494
286.480933 -126.975952
286.480981 -130.773895
286.481029 -128.053940
286.481077 -128.068161
286.481125 -130.543518
286.481173 -133.762604
286.481221 -130.736893
286.481269 -127.127319
286.481317 -125.724457
286.481365 -125.725357
286.481413 -127.947372
286.481462 -129.816925
286.481510 -129.594162
286.481558 -129.638931
286.481606 -122.811958
286.481654 -119.459114
286.481702 -118.446571
286.481750 -118.454544
286.481798 -119.670364
286.481846 -121.671135
286.481894 -122.115822
286.481942 -124.114944
286.481990 -128.636871
286.482038 -129.974991
286.482087 -129.926468
286.482135 -130.944916
286.482183 -134.991119
286.482231 -140.432663
286.482279 -136.823547
286.482327 -127.782074
286.482375 -126.324203
286.482423 -126.794243
286.482471 -126.429482
286.482519 -124.794220
286.482567 -124.799080
286.482615 -126.519691
286.482663 -129.192368
286.482712 -129.192169
286.482760 -129.000656
286.482808 -128.647217
286.482856 -130.076355
286.482904 -127.910583
286.482952 -123.153854
286.483000 -121.055405
286.483048 -120.947868
286.483096 -121.549202
286.483144 -123.544914
286.483192 -125.227318
286.483240 -128.525696
286.483288 -128.179535
286.483337 -127.916138
286.483385 -124.849510
286.483433 -124.478966
286.483481 -124.698654
286.483529 -125.324821
286.483577 -126.045944
286.483625 -129.767761
286.483673 -123.400269
286.483721 -119.886383
286.483769 -119.688675
286.483817 -120.153931
286.483865 -121.946167
286.483913 -121.502457
286.483962 -121.220695
286.484010 -121.696320
286.484058 -121.399971
286.484106 -120.473740
286.484154 -120.373299
286.484202 -120.538361
286.484250 -121.631813
286.484298 -120.079994
286.484346 -119.109512
286.484394 -119.114334
286.484442 -121.399261
286.484490 -122.751190
286.484538 -117.337418
286.484587 -115.111397
286.484635 -114.999741
286.484683 -114.511513
286.484731 -113.159653
286.484779 -113.032448
286.484827 -113.591942
286.484875 -115.669357
286.484923 -117.184097
286.484971 -120.158852
286.485019 -128.508713
286.485067 -118.459122
286.485115 -114.923378
286.485163 -114.871155
286.485212 -117.158661
286.485260 -124.410133
286.485308 -124.383041
286.485356 -118.816154
286.485404 -117.156288
286.485452 -117.598137
286.485500 -116.131958
286.485548 -114.495071
286.485596 -114.321014
286.485644 -114.603683
286.485692 -115.707420
286.485740 -119.640411
286.485788 -118.135818
286.485837 -117.021591
286.485885 -117.387230
286.485933 -121.830635
286.485981 -125.967575
286.486029 -125.587280
286.486077 -128.260254
286.486125 -118.350403
286.486173 -114.721268
286.486221 -114.234535
286.486269 -113.276031
286.486317 -110.839561
286.486365 -110.383728
286.486413 -110.636124
286.486462 -111.678490
286.486510 -109.763023
286.486558 -109.443771
286.486606 -109.736702
286.486654 -111.469727
286.486702 -114.235863
286.486750 -120.159157
286.486798 -120.571754
286.486846 -120.015823
286.486894 -121.142586
286.486942 -124.374458
286.486990 -123.108192
286.487038 -121.332230
286.487087 -121.403542
286.487135 -119.156982
286.487183 -117.789360
286.487231 -118.375671
286.487279 -123.892853
286.487327 -125.957565
286.487375 -126.441734
286.487423 -129.797668
286.487471 -121.636337
286.487519 -118.001450
286.487567 -117.615768
286.487615 -118.121376
286.487663 -120.624977
286.487712 -120.863197
286.487760 -121.319977
286.487808 -123.453178
286.487856 -121.952171
286.487904 -121.286285
286.487952 -121.451866
286.488000 -122.444885
286.488048 -123.283707
286.488096 -125.850464
286.488144 -129.495178
286.488192 -127.103851
286.488240 -125.374367
286.488288 -123.112488
286.488337 -123.056610
286.488385 -123.301331
286.488433 -120.432617
286.488481 -118.830559
286.488529 -118.800720
286.488577 -119.962700
286.488625 -124.171242
286.488673 -129.749649
286.488721 -133.738861
286.488769 -134.889832
286.488817 -131.674149
286.488865 -132.117661
286.488913 -129.331772
286.488962 -128.853607
286.489010 -131.441757
286.489058 -127.250587
286.489106 -124.838089
286.489154 -124.706421
286.489202 -125.662285
286.489250 -125.181999
286.489298 -124.306786
286.489346 -124.917877
286.489394 -128.907974
286.489442 -128.512955
286.489490 -124.968056
286.489538 -124.962097
286.489587 -127.695961
286.489635 -129.374741
286.489683 -125.205086
286.489731 -123.885986
286.489779 -123.858582
286.489827 -124.027336
286.489875 -123.799522
286.489923 -123.895287
286.489971 -125.562996
286.490019 -130.078674
286.490067 -134.559921
286.490115 -132.890015
286.490163 -133.159256
286.490212 -135.232681
286.490260 -130.960449
286.490308 -128.592239
286.490356 -125.848396
286.490404 -125.109535
286.490452 -124.914558
286.490500 -124.330551
286.490548 -124.481895
286.490596 -128.372574
286.490644 -127.943207
286.490692 -126.610619
286.490740 -127.120468
286.490788 -134.028656
286.490837 -140.298645
286.490885 -126.511047
286.490933 -122.318855
286.490981 -122.103828
286.491029 -122.990051
286.491077 -127.378716
286.491125 -129.628082
286.491173 -124.016418
286.491221 -121.746223
286.491269 -121.745216
286.491317 -124.334427
286.491365 -133.837753
286.491413 -131.499100
286.491462 -127.381279
286.491510 -127.300079
286.491558 -130.474258
286.491606 -126.630226
286.491654 -124.082787
286.491702 -123.914482
286.491750 -124.702950
286.491798 -131.165710
286.491846 -129.250534
286.491894 -129.620804
286.491942 -130.198151
286.491990 -124.449806
286.492038 -121.703133
286.492087 -121.581139
286.492135 -122.617905
286.492183 -127.384354
286.492231 -126.077637
286.492279 -126.215027
286.492327 -129.500473
286.492375 -132.546371
286.492423 -132.018494
286.492471 -132.030701
286.492519 -131.250168
286.492567 -126.331146
286.492615 -125.464012
286.492663 -125.808708
286.492712 -129.917831
286.492760 -125.356941
286.492808 -123.118675
286.492856 -123.093163
286.492904 -124.263985
286.492952 -126.950417
286.493000 -125.279770
286.493048 -124.336456
286.493096 -124.340042
286.493144 -124.971481
286.493192 -125.689163
286.493240 -127.395767
286.493288 -129.609146
286.493337 -124.328644
286.493385 -124.173637
286.493433 -125.478325
286.493481 -129.195358
286.493529 -131.575195
286.493577 -129.568649
286.493625 -127.565567
286.493673 -127.291763
286.493721 -128.551224
286.493769 -135.507294
286.493817 -132.788895
286.493865 -125.258263
286.493913 -122.526260
286.493962 -122.168655
286.494010 -122.352020
286.494058 -124.342041
286.494106 -127.442383
286.494154 -127.258316
286.494202 -123.787239
286.494250 -123.381866
286.494298 -123.700607
286.494346 -125.142860
286.494394 -124.021317
286.494442 -122.740501
286.494490 -122.714752
286.494538 -123.702538
286.494587 -127.096573
286.494635 -131.386475
286.494683 -132.220490
286.494731 -132.133957
286.494779 -131.564453
286.494827 -131.252579
286.494875 -132.000244
286.494923 -128.845795
286.494971 -124.993301
286.495019 -124.161690
286.495067 -124.233597
286.495115 -123.739235
286.495163 -121.877235
286.495212 -121.681145
286.495260 -122.341209
286.495308 -126.218933
286.495356 -133.007156
286.495404 -132.871674
286.495452 -127.643471
286.495500 -124.903587
286.495548 -124.196777
286.495596 -124.187317
286.495644 -125.172569
286.495692 -129.318970
286.495740 -130.163818
286.495788 -127.787651
286.495837 -127.476028
286.495885 -127.539742
286.495933 -127.889503
286.495981 -128.342331
286.496029 -130.832764
286.496077 -134.673782
286.496125 -128.570435
286.496173 -125.256615
286.496221 -124.981117
286.496269 -125.798302
286.496317 -131.687607
286.496365 -131.498047
286.496413 -131.246307
286.496462 -131.216858
286.496510 -125.606483
286.496558 -124.057404
286.496606 -123.978279
286.496654 -124.021339
286.496702 -124.326729
286.496750 -125.965393
286.496798 -131.571320
286.496846 -136.742935
286.496894 -137.312042
286.496942 -131.212692
286.496990 -129.758820
286.497038 -129.771378
286.497087 -130.881592
286.497135 -134.523849
286.497183 -129.619064
286.497231 -123.932663
286.497279 -123.172539
286.497327 -123.804100
286.497375 -129.965897
286.497423 -130.409073
286.497471 -126.572853
286.497519 -125.396423
286.497567 -125.404015
286.497615 -127.065613
286.497663 -128.373795
286.497712 -127.588417
286.497760 -128.034882
286.497808 -128.823700
286.497856 -125.199310
286.497904 -125.176659
286.497952 -123.949104
286.498000 -122.652161
286.498048 -122.652756
286.498096 -124.330513
286.498144 -128.880005
286.498192 -131.557526
286.498240 -131.753876
286.498288 -135.073883
286.498337 -138.372360
286.498385 -133.467865
286.498433 -130.541061
286.498481 -130.309036
286.498529 -130.170166
286.498577 -129.873566
286.498625 -130.645721
286.498673 -131.208618
286.498721 -126.027161
286.498769 -124.827858
286.498817 -124.761734
286.498865 -125.078964
286.498913 -127.757774
286.498962 -127.379501
286.499010 -126.710617
286.499058 -127.123650
286.499106 -129.415390
286.499154 -127.933441
286.499202 -127.888847
286.499250 -129.678970
286.499298 -133.992004
286.499346 -133.493652
286.499394 -129.813705
286.499442 -123.852074
286.499490 -123.113091
286.499538 -123.308586
286.499587 -126.197174
286.499635 -128.790802
286.499683 -124.745262
286.499731 -123.890144
286.499779 -123.978767
286.499827 -125.903496
286.499875 -129.458344
286.499923 -135.232895
286.499971 -132.218903
286.500019 -129.969208
286.500067 -128.451050
286.500115 -125.492638
286.500163 -123.719383
286.500212 -123.556763
286.500260 -123.917824
286.500308 -126.078995
286.500356 -129.463623
286.500404 -132.395630
286.500452 -135.731949
286.500500 -139.549423
286.500548 -135.713287
286.500596 -126.978439
286.500644 -124.514580
286.500692 -124.538872
286.500740 -128.949966
286.500788 -129.447403
286.500837 -129.201202
286.500885 -130.948990
286.500933 -127.337982
286.500981 -123.926216
286.501029 -123.904922
286.501077 -125.318687
286.501125 -126.987938
286.501173 -126.645775
286.501221 -126.905251
286.501269 -127.536003
286.501317 -126.612289
286.501365 -127.169128
286.501413 -133.493469
286.501462 -135.405029
286.501510 -135.214676
286.501558 -127.642693
286.501606 -127.344337
286.501654 -128.682938
286.501702 -134.165909
286.501750 -132.194046
286.501798 -132.193542
286.501846 -135.860153
286.501894 -127.210091
286.501942 -124.132393
286.501990 -124.128036
286.502038 -127.602722
286.502087 -125.441460
286.502135 -122.340675
286.502183 -121.976089
286.502231 -122.163162
286.502279 -123.907501
286.502327 -127.475403
286.502375 -133.124084
286.502423 -132.253983
286.502471 -132.577484
286.502519 -136.782562
286.502567 -139.641388
286.502615 -133.596329
286.502663 -132.467545
286.502712 -131.183853
286.502760 -129.843872
286.502808 -127.168938
286.502856 -126.864517
286.502904 -127.907005
286.502952 -133.530930
286.503000 -137.469666
286.503048 -134.384171
286.503096 -134.785797
286.503144 -136.098206
286.503192 -129.974457
286.503240 -128.237701
286.503288 -128.237152
286.503337 -128.921295
286.503385 -131.469269
286.503433 -133.984116
286.503481 -132.271622
286.503529 -132.397705
286.503577 -132.329651
286.503625 -128.954315
286.503673 -128.864029
286.503721 -131.791901
286.503769 -126.962952
286.503817 -126.095245
286.503865 -126.274940
286.503913 -126.723198
286.503962 -128.760574
286.504010 -139.305069
286.504058 -136.508453
286.504106 -136.552719
286.504154 -133.625305
286.504202 -127.582726
286.504250 -125.493080
286.504298 -123.756668
286.504346 -122.452415
286.504394 -122.410912
286.504442 -123.242790
286.504490 -126.607635
286.504538 -130.671402
286.504587 -132.290604
286.504635 -136.811218
286.504683 -134.384705
286.504731 -134.433334
286.504779 -135.669037
286.504827 -135.100967
286.504875 -135.087967
286.504923 -137.925735
286.504971 -132.288544
286.505019 -132.288132
286.505067 -135.278885
286.505115 -127.886391
286.505163 -126.228912
286.505212 -126.181717
286.505260 -126.604149
286.505308 -129.463440
286.505356 -138.571198
286.505404 -138.012741
286.505452 -133.258224
286.505500 -125.630524
286.505548 -123.559364
286.505596 -123.558319
286.505644 -124.817230
286.505692 -127.270805
286.505740 -130.189362
286.505788 -134.684158
286.505837 -133.277740
286.505885 -125.589134
286.505933 -124.693657
286.505981 -125.400620
286.506029 -132.774475
286.506077 -133.025620
286.506125 -129.944763
286.506173 -128.722229
286.506221 -127.377731
286.506269 -127.110878
286.506317 -127.788162
286.506365 -131.852570
286.506413 -135.562424
286.506462 -137.798645
286.506510 -137.041489
286.506558 -134.124893
286.506606 -127.188057
286.506654 -126.460976
286.506702 -127.258965
286.506750 -130.724426
286.506798 -131.502625
286.506846 -130.756454
286.506894 -128.281631
286.506942 -128.007248
286.506990 -128.200943
286.507038 -131.561432
286.507087 -128.436737
286.507135 -124.570221
286.507183 -123.974594
286.507231 -123.996567
286.507279 -122.629631
286.507327 -122.094727
286.507375 -122.141174
286.507423 -124.395447
286.507471 -132.475815
286.507519 -125.559807
286.507567 -122.919182
286.507615 -122.956238
286.507663 -127.665428
286.507712 -130.862518
286.507760 -130.860550
286.507808 -131.725067
286.507856 -128.878265
286.507904 -128.580811
286.507952 -129.148376
286.508000 -127.157173
286.508048 -123.060242
286.508096 -122.125534
286.508144 -122.503754
286.508192 -128.720261
286.508240 -131.205978
286.508288 -131.881989
286.508337 -133.631088
286.508385 -129.329971
286.508433 -129.312515
286.508481 -131.753983
286.508529 -135.431198
286.508577 -132.476700
286.508625 -132.272888
286.508673 -133.825760
286.508721 -130.694321
286.508769 -130.694031
286.508817 -132.767334
286.508865 -131.321350
286.508913 -132.347153
286.508962 -130.767151
286.509010 -129.813171
286.509058 -127.365036
286.509106 -126.009109
286.509154 -126.006012
286.509202 -126.912613
286.509250 -129.075989
286.509298 -132.028549
286.509346 -128.652725
286.509394 -125.122589
286.509442 -124.956177
286.509490 -125.718079
286.509538 -126.171219
286.509587 -123.373215
286.509635 -123.345024
286.509683 -125.995262
286.509731 -128.827209
286.509779 -128.170944
286.509827 -128.538559
286.509875 -130.822266
286.509923 -134.816559
286.509971 -134.219910
286.510019 -129.835312
286.510067 -126.149017
286.510115 -124.854019
286.510163 -124.349899
286.510212 -124.287491
286.510260 -124.450218
286.510308 -125.434296
286.510356 -127.097504
286.510404 -128.552856
286.510452 -129.811661
286.510500 -134.205551
286.510548 -134.449188
286.510596 -129.703217
286.510644 -126.788429
286.510692 -126.498283
286.510740 -124.207367
286.510788 -121.119774
286.510837 -120.965286
286.510885 -121.689804
286.510933 -123.395111
286.510981 -124.054260
286.511029 -125.014320
286.511077 -128.510605
286.511125 -138.781647
286.511173 -134.310760
286.511221 -133.260910
286.511269 -130.313446
286.511317 -129.193375
286.511365 -129.547119
286.511413 -137.147949
286.511462 -141.196106
286.511510 -144.005005
286.511558 -135.499847
286.511606 -130.414551
286.511654 -129.875122
286.511702 -130.151428
286.511750 -132.769272
286.511798 -130.359924
286.511846 -129.283966
286.511894 -125.611694
286.511942 -124.090141
286.511990 -124.104149
286.512038 -125.964935
286.512087 -130.812195
286.512135 -136.231461
286.512183 -127.726341
286.512231 -121.473869
286.512279 -119.988770
286.512327 -120.057327
286.512375 -122.481354
286.512423 -127.587311
286.512471 -134.063217
286.512519 -137.858749
286.512567 -133.829453
286.512615 -131.298203
286.512663 -131.308594
286.512712 -133.950546
286.512760 -139.155960
286.512808 -131.378662
286.512856 -127.412376
286.512904 -127.293098
286.512952 -129.667145
286.513000 -144.154266
286.513048 -140.469421
286.513096 -131.563416
286.513144 -129.284637
286.513192 -129.283554
286.513240 -127.028259
286.513288 -126.339798
286.513337 -127.289627
286.513385 -132.713821
286.513433 -130.456055
286.513481 -130.309311
286.513529 -130.320419
286.513577 -130.751373
286.513625 -128.146698
286.513673 -125.737221
286.513721 -124.981964
286.513769 -124.915283
286.513817 -125.104279
286.513865 -126.391037
286.513913 -126.548996
286.513962 -126.559235
286.514010 -129.127930
286.514058 -131.296921
286.514106 -124.176682
286.514154 -121.497803
286.514202 -121.469170
286.514250 -122.572235
286.514298 -124.654121
286.514346 -127.555565
286.514394 -134.405319
286.514442 -128.490417
286.514490 -124.770882
286.514538 -124.547974
286.514587 -125.289177
286.514635 -128.341843
286.514683 -131.636108
286.514731 -136.347275
286.514779 -133.423325
286.514827 -133.183136
286.514875 -133.404388
286.514923 -131.738800
286.514971 -131.738632
286.515019 -134.750687
286.515067 -136.961182
286.515115 -136.967957
286.515163 -130.145035
286.515212 -128.830612
286.515260 -129.647888
286.515308 -141.097549
286.515356 -141.504791
286.515404 -137.610443
286.515452 -134.176865
286.515500 -127.540024
286.515548 -126.383156
286.515596 -126.178658
286.515644 -125.620102
286.515692 -125.875092
286.515740 -129.219223
286.515788 -132.888077
286.515837 -134.419525
286.515885 -133.421021
286.515933 -132.418076
286.515981 -133.938217
286.516029 -134.328003
286.516077 -128.782455
286.516125 -126.694016
286.516173 -126.692894
286.516221 -128.790024
286.516269 -133.997635
286.516317 -133.391312
286.516365 -133.940704
286.516413 -135.505417
286.516462 -129.539246
286.516510 -124.794823
286.516558 -122.455009
286.516606 -120.839310
286.516654 -120.707947
286.516702 -121.679268
286.516750 -128.568436
286.516798 -136.853104
286.516846 -134.921509
286.516894 -130.316605
286.516942 -130.243454
286.516990 -133.464310
286.517038 -137.193085
286.517087 -132.389008
286.517135 -128.664505
286.517183 -124.945976
286.517231 -124.561089
286.517279 -126.219025
286.517327 -127.457207
286.517375 -124.496902
286.517423 -124.462151
286.517471 -125.568520
286.517519 -125.517479
286.517567 -125.543839
286.517615 -128.091125
286.517663 -136.177216
286.517712 -137.201157
286.517760 -131.594986
286.517808 -131.470169
286.517856 -133.431244
286.517904 -125.637970
286.517952 -124.715530
286.518000 -124.882919
286.518048 -126.146271
286.518096 -127.079369
286.518144 -128.052002
286.518192 -127.981758
286.518240 -128.683868
286.518288 -128.610474
286.518337 -125.329559
286.518385 -124.094177
286.518433 -124.167419
286.518481 -127.134636
286.518529 -136.156174
286.518577 -139.208145
286.518625 -137.540543
286.518673 -128.366791
286.518721 -126.178093
286.518769 -126.178734
286.518817 -128.663483
286.518865 -133.851212
286.518913 -132.474274
286.518962 -132.455688
286.519010 -128.579803
286.519058 -127.305901
286.519106 -126.812988
286.519154 -127.294807
286.519202 -134.051147
286.519250 -135.545364
286.519298 -135.715530
286.519346 -132.701401
286.519394 -125.177559
286.519442 -123.902657
286.519490 -124.104576
286.519538 -128.649185
286.519587 -128.361435
286.519635 -125.288658
286.519683 -125.274513
286.519731 -126.912628
286.519779 -130.693237
286.519827 -127.021500
286.519875 -125.137901
286.519923 -125.053047
286.519971 -125.468513
286.520019 -127.374084
286.520067 -128.245056
286.520115 -125.068733
286.520163 -124.271118
286.520212 -124.394577
286.520260 -127.413086
286.520308 -136.618607
286.520356 -141.207214
286.520404 -133.642532
286.520452 -130.448563
286.520500 -130.447220
286.520548 -132.100662
286.520596 -132.679443
286.520644 -133.497681
286.520692 -130.786697
286.520740 -130.576584
286.520788 -131.883224
286.520837 -136.889038
286.520885 -135.385803
286.520933 -126.917442
286.520981 -125.979492
286.521029 -126.876060
286.521077 -133.271973
286.521125 -125.858559
286.521173 -124.289482
286.521221 -124.514587
286.521269 -128.655289
286.521317 -125.091850
286.521365 -124.801773
286.521413 -125.894516
286.521462 -130.265305
286.521510 -127.193886
286.521558 -127.305916
286.521606 -132.222290
286.521654 -132.984253
286.521702 -133.444550
286.521750 -128.177841
286.521798 -124.177658
286.521846 -124.002029
286.521894 -125.162613
286.521942 -131.113876
286.521990 -140.271866
286.522038 -132.380020
286.522087 -129.584976
286.522135 -129.533173
286.522183 -130.475052
286.522231 -131.311691
286.522279 -135.547150
286.522327 -129.770569
286.522375 -126.745605
286.522423 -126.523750
286.522471 -127.319046
286.522519 -132.662811
286.522567 -125.789223
286.522615 -123.601868
286.522663 -123.656342
286.522712 -126.961433
286.522760 -133.438858
286.522808 -132.966019
286.522856 -128.975220
286.522904 -125.056831
286.522952 -124.451218
286.523000 -124.733261
286.523048 -123.632072
286.523096 -123.010422
286.523144 -123.574631
286.523192 -128.970657
286.523240 -125.956490
286.523288 -122.985321
286.523337 -122.758095
286.523385 -123.419548
286.523433 -126.552345
286.523481 -128.844681
286.523529 -130.317383
286.523577 -137.740219
286.523625 -132.214371
286.523673 -131.948074
286.523721 -132.592194
286.523769 -132.792297
286.523817 -134.169540
286.523865 -126.018242
286.523913 -124.319817
286.523962 -124.422714
286.524010 -128.259766
286.524058 -127.560188
286.524106 -125.446632
286.524154 -125.467690
286.524202 -126.983818
286.524250 -128.811310
286.524298 -130.266083
286.524346 -126.665276
286.524394 -125.562477
286.524442 -125.607765
286.524490 -124.352242
286.524538 -123.536972
286.524587 -123.714920
286.524635 -126.750908
286.524683 -132.613297
286.524731 -131.411392
286.524779 -131.502548
286.524827 -124.385300
286.524875 -119.578430
286.524923 -119.077141
286.524971 -119.659088
286.525019 -123.655823
286.525067 -128.938782
286.525115 -131.540161
286.525163 -131.133530
286.525212 -127.184868
286.525260 -126.472229
286.525308 -126.703735
286.525356 -129.860489
286.525404 -128.753510
286.525452 -128.880081
286.525500 -132.757523
286.525548 -138.523575
286.525596 -132.255905
286.525644 -127.450157
286.525692 -127.132011
286.525740 -128.328674
286.525788 -129.642853
286.525837 -129.839859
286.525885 -126.723877
286.525933 -126.598793
286.525981 -128.919556
286.526029 -127.968231
286.526077 -126.849068
286.526125 -126.734871
286.526173 -126.212631
286.526221 -126.285507
286.526269 -129.024017
286.526317 -127.353790
286.526365 -127.175659
286.526413 -128.895386
286.526462 -133.569092
286.526510 -131.821899
286.526558 -132.606979
286.526606 -130.033203
286.526654 -124.802620
286.526702 -122.816040
286.526750 -122.767250
286.526798 -123.773712
286.526846 -126.596329
286.526894 -126.476242
286.526942 -125.986847
286.526990 -125.145615
286.527038 -123.743881
286.527087 -123.337296
286.527135 -123.466614
286.527183 -124.855309
286.527231 -126.298729
286.527279 -127.691368
286.527327 -129.092468
286.527375 -126.493126
286.527423 -126.279709
286.527471 -127.445435
286.527519 -132.776093
286.527567 -135.829086
286.527615 -139.833435
286.527663 -130.541946
286.527712 -128.389465
286.527760 -128.376724
286.527808 -129.123779
286.527856 -130.242798
286.527904 -128.580429
286.527952 -128.098434
286.528000 -128.554764
286.528048 -132.486786
286.528096 -136.455795
286.528144 -139.217056
286.528192 -136.404099
286.528240 -130.348511
286.528288 -129.571976
286.528337 -130.336227
286.528385 -131.744278
286.528433 -130.804153
286.528481 -131.293701
286.528529 -130.623306
286.528577 -124.250618
286.528625 -122.766083
286.528673 -122.766083
286.528721 -123.509796
286.528769 -124.867836
286.528817 -126.673103
286.528865 -128.172684
286.528913 -128.067642
286.528962 -128.803772
286.529010 -132.337677
286.529058 -133.317566
286.529106 -133.495483
286.529154 -134.324646
286.529202 -133.274338
286.529250 -132.670044
286.529298 -135.377823
286.529346 -126.397705
286.529394 -125.711739
286.529442 -126.917931
286.529490 -133.412247
286.529538 -132.094254
286.529587 -133.237762
286.529635 -132.796249
286.529683 -132.873993
286.529731 -138.297852
286.529779 -134.105637
286.529827 -132.921814
286.529875 -133.651810
286.529923 -136.912842
286.529971 -136.362900
286.530019 -134.338165
286.530067 -130.183548
286.530115 -128.162704
286.530163 -128.122772
286.530212 -127.342819
286.530260 -126.601753
286.530308 -126.749191
286.530356 -129.465500
286.530404 -135.325989
286.530452 -129.993668
286.530500 -129.232117
286.530548 -129.760666
286.530596 -129.292984
286.530644 -129.118317
286.530692 -132.115250
286.530740 -130.315277
286.530788 -128.591080
286.530837 -128.691116
286.530885 -133.874374
286.530933 -128.396378
286.530981 -124.431717
286.531029 -123.415443
286.531077 -123.550255
286.531125 -126.002121
286.531173 -126.268700
286.531221 -126.262321
286.531269 -127.573029
286.531317 -131.008377
286.531365 -132.226532
286.531413 -133.628418
286.531462 -133.857224
286.531510 -132.430527
286.531558 -132.571030
286.531606 -136.987488
286.531654 -129.766235
286.531702 -128.483276
286.531750 -128.766586
286.531798 -127.329849
286.531846 -125.020454
286.531894 -125.134010
286.531942 -131.067123
286.531990 -130.018005
286.532038 -130.008057
286.532087 -131.127045
286.532135 -132.093567
286.532183 -130.921371
286.532231 -129.491455
286.532279 -129.636322
286.532327 -131.968765
286.532375 -135.578079
286.532423 -127.404755
286.532471 -127.208313
286.532519 -130.293900
286.532567 -142.055939
286.532615 -139.791641
286.532663 -137.003372
286.532712 -131.799255
286.532760 -131.801468
286.532808 -136.527420
286.532856 -129.456070
286.532904 -127.523766
286.532952 -127.646736
286.533000 -132.539764
286.533048 -133.030334
286.533096 -132.841171
286.533144 -134.602509
286.533192 -137.141006
286.533240 -139.010925
286.533288 -147.716339
286.533337 -145.404541
286.533385 -136.289047
286.533433 -131.044464
286.533481 -130.865555
286.533529 -132.607193
286.533577 -137.652451
286.533625 -136.935547
286.533673 -135.361969
286.533721 -136.677917
286.533769 -141.054535
286.533817 -137.471008
286.533865 -137.467224
286.533913 -135.460999
286.533962 -126.921898
286.534010 -125.411507
286.534058 -125.639885
286.534106 -128.802979
286.534154 -131.167557
286.534202 -131.503815
286.534250 -129.070053
286.534298 -125.357674
286.534346 -124.277328
286.534394 -124.290627
286.534442 -125.152832
286.534490 -124.366211
286.534538 -122.416023
286.534587 -120.964767
286.534635 -120.871918
286.534683 -121.942734
286.534731 -129.724075
286.534779 -133.299393
286.534827 -130.239761
286.534875 -128.773651
286.534923 -128.866638
286.534971 -129.412415
286.535019 -127.991661
286.535067 -127.952255
286.535115 -129.950745
286.535163 -135.862442
286.535212 -134.203949
286.535260 -135.053467
286.535308 -135.743362
286.535356 -133.123428
286.535404 -133.096970
286.535452 -131.180862
286.535500 -129.164642
286.535548 -129.073456
286.535596 -129.461349
286.535644 -129.590759
286.535692 -129.926743
286.535740 -130.469360
286.535788 -131.317963
286.535837 -130.487030
286.535885 -125.990257
286.535933 -124.854507
286.535981 -125.039063
286.536029 -127.682701
286.536077 -131.342712
286.536125 -133.159515
286.536173 -126.723763
286.536221 -123.831917
286.536269 -123.797272
286.536317 -125.688309
286.536365 -132.017700
286.536413 -133.024826
286.536462 -133.039078
286.536510 -137.213440
286.536558 -144.026489
286.536606 -134.839157
286.536654 -127.457001
286.536702 -125.427895
286.536750 -125.424538
286.536798 -127.547386
286.536846 -127.656403
286.536894 -125.126770
286.536942 -125.045341
286.536990 -126.494087
286.537038 -134.806168
286.537087 -127.591827
286.537135 -123.887291
286.537183 -123.116295
286.537231 -123.333237
286.537279 -126.286263
286.537327 -129.737518
286.537375 -128.727280
286.537423 -128.979156
286.537471 -130.705551
286.537519 -132.486115
286.537567 -131.827438
286.537615 -128.361313
286.537663 -128.398041
286.537712 -130.784607
286.537760 -127.927635
286.537808 -125.682915
286.537856 -122.506119
286.537904 -122.319733
286.537952 -123.753235
286.538000 -132.012741
286.538048 -126.526360
286.538096 -125.290642
286.538144 -125.424301
286.538192 -128.196671
286.538240 -131.692825
286.538288 -133.387604
286.538337 -131.126816
286.538385 -126.598442
286.538433 -125.918777
286.538481 -126.416931
286.538529 -132.798523
286.538577 -127.228058
286.538625 -127.060776
286.538673 -128.119659
286.538721 -129.049500
286.538769 -128.655106
286.538817 -128.911118
286.538865 -130.853836
286.538913 -131.302765
286.538962 -129.116684
286.539010 -128.851974
286.539058 -130.355133
286.539106 -129.807510
286.539154 -131.311462
286.539202 -135.577850
286.539250 -130.428085
286.539298 -128.271820
286.539346 -127.450127
286.539394 -127.315483
286.539442 -128.239700
286.539490 -135.826385
286.539538 -130.160446
286.539587 -129.031006
286.539635 -128.901535
286.539683 -128.610123
286.539731 -128.618500
286.539779 -130.568619
286.539827 -136.729401
286.539875 -133.469284
286.539923 -133.310074
286.539971 -135.361893
286.540019 -134.904816
286.540067 -132.359772
286.540115 -131.692749
286.540163 -127.680450
286.540212 -125.331429
286.540260 -125.241173
286.540308 -126.403328
286.540356 -132.437683
286.540404 -134.354996
286.540452 -133.337234
286.540500 -133.036438
286.540548 -131.714478
286.540596 -129.180954
286.540644 -128.782379
286.540692 -129.783295
286.540740 -134.904068
286.540788 -131.481094
286.540837 -131.427414
286.540885 -131.414017
286.540933 -130.475449
286.540981 -130.530548
286.541029 -133.809311
286.541077 -139.579498
286.541125 -132.638107
286.541173 -126.686768
286.541221 -124.835373
286.541269 -124.834946
286.541317 -126.242180
286.541365 -126.123528
286.541413 -124.204918
286.541462 -123.578300
286.541510 -123.581299
286.541558 -124.586456
286.541606 -126.404778
286.541654 -128.221832
286.541702 -133.412827
286.541750 -133.186111
286.541798 -133.157410
286.541846 -135.932297
286.541894 -133.803162
286.541942 -134.583145
286.541990 -135.416275
286.542038 -130.374039
286.542087 -128.444931
286.542135 -128.097336
286.542183 -128.188538
286.542231 -128.783722
286.542279 -127.741844
286.542327 -123.907425
286.542375 -122.933907
286.542423 -123.128128
286.542471 -126.409744
286.542519 -135.996323
286.542567 -134.491852
286.542615 -135.132050
286.542663 -126.503593
286.542712 -123.191879
286.542760 -121.724754
286.542808 -121.515762
286.542856 -121.682335
286.542904 -122.976563
286.542952 -125.353653
286.543000 -131.962433
286.543048 -131.659775
286.543096 -132.124435
286.543144 -129.037323
286.543192 -127.964417
286.543240 -128.140930
286.543288 -129.872726
286.543337 -132.923645
286.543385 -134.677872
286.543433 -127.730141
286.543481 -125.595406
286.543529 -125.600113
286.543577 -127.625153
286.543625 -128.982986
286.543673 -128.807297
286.543721 -128.777496
286.543769 -129.372330
286.543817 -129.641113
286.543865 -128.728882
286.543913 -129.176270
286.543962 -130.920059
286.544010 -130.284195
286.544058 -132.180618
286.544106 -128.225296
286.544154 -128.065277
286.544202 -129.414841
286.544250 -125.302605
286.544298 -125.293121
286.544346 -128.535934
286.544394 -133.313263
286.544442 -133.050552
286.544490 -132.411224
286.544538 -132.137024
286.544587 -131.335526
286.544635 -126.740509
286.544683 -126.154594
286.544731 -126.468002
286.544779 -130.406311
286.544827 -123.583618
286.544875 -122.393433
286.544923 -122.862900
286.544971 -127.761559
286.545019 -136.315643
286.545067 -128.454834
286.545115 -127.321465
286.545163 -127.669937
286.545212 -131.404190
286.545260 -130.919495
286.545308 -124.733627
286.545356 -122.923660
286.545404 -122.918579
286.545452 -124.310806
286.545500 -128.510757
286.545548 -129.310776
286.545596 -128.697311
286.545644 -128.950912
286.545692 -132.001450
286.545740 -129.602921
286.545788 -129.308563
286.545837 -130.004578
286.545885 -132.997604
286.545933 -125.818993
286.545981 -123.218048
286.546029 -123.197021
286.546077 -125.238426
286.546125 -130.753510
286.546173 -132.012726
286.546221 -131.988647
286.546269 -127.965942
286.546317 -124.123146
286.546365 -122.766487
286.546413 -122.767128
286.546462 -123.950760
286.546510 -125.945641
286.546558 -127.330887
286.546606 -130.117538
286.546654 -128.752670
286.546702 -127.892151
286.546750 -128.606186
286.546798 -131.890823
286.546846 -131.378494
286.546894 -130.815781
286.546942 -126.190544
286.546990 -126.040985
286.547038 -126.797745
286.547087 -129.379623
286.547135 -132.260086
286.547183 -128.248596
286.547231 -128.249283
286.547279 -130.002457
286.547327 -129.802505
286.547375 -131.079025
286.547423 -126.491364
286.547471 -125.709908
286.547519 -126.401237
286.547567 -132.942474
286.547615 -134.296371
286.547663 -129.775635
286.547712 -125.108269
286.547760 -124.016075
286.547808 -124.143944
286.547856 -126.337090
286.547904 -126.952492
286.547952 -126.742210
286.548000 -126.519104
286.548048 -125.500587
286.548096 -125.342644
286.548144 -125.985771
286.548192 -129.332291
286.548240 -131.424057
286.548288 -131.876877
286.548337 -134.718445
286.548385 -129.088943
286.548433 -124.470200
286.548481 -124.124031
286.548529 -124.881905
286.548577 -128.233459
286.548625 -128.491653
286.548673 -126.464371
286.548721 -126.448158
286.548769 -128.134964
286.548817 -134.698624
286.548865 -143.187134
286.548913 -142.977386
286.548962 -140.538742
286.549010 -133.914825
286.549058 -127.637688
286.549106 -125.659805
286.549154 -125.617775
286.549202 -126.777908
286.549250 -130.718842
286.549298 -133.911575
286.549346 -128.527466
286.549394 -127.917519
286.549442 -128.522568
286.549490 -131.397141
286.549538 -129.762619
286.549587 -129.922562
286.549635 -132.032227
286.549683 -129.783371
286.549731 -130.404465
286.549779 -135.807785
286.549827 -130.658478
286.549875 -129.412201
286.549923 -129.344391
286.549971 -130.371292
286.550019 -127.984497
286.550067 -126.031990
286.550115 -126.080696
286.550163 -128.632874
286.550212 -132.796875
286.550260 -132.618073
286.550308 -133.683273
286.550356 -126.200851
286.550404 -124.886208
286.550452 -125.015846
286.550500 -128.779877
286.550548 -125.457092
286.550596 -121.899628
286.550644 -120.774231
286.550692 -120.847702
286.550740 -123.425873
286.550788 -128.879196
286.550837 -133.102112
286.550885 -135.504562
286.550933 -137.692230
286.550981 -135.109970
286.551029 -135.365646
286.551077 -131.906372
286.551125 -127.669342
286.551173 -127.652695
286.551221 -130.680450
286.551269 -132.398956
286.551317 -130.162674
286.551365 -130.156082
286.551413 -133.224350
286.551462 -131.831223
286.551510 -131.777908
286.551558 -133.369400
286.551606 -128.251480
286.551654 -127.916260
286.551702 -127.043320
286.551750 -126.540932
286.551798 -126.816139
286.551846 -131.200287
286.551894 -127.745316
286.551942 -124.817909
286.551990 -124.741974
286.552038 -126.049202
286.552087 -132.243698
286.552135 -133.866821
286.552183 -130.099060
286.552231 -125.664421
286.552279 -125.587395
286.552327 -126.732246
286.552375 -127.957413
286.552423 -126.150406
286.552471 -125.792953
286.552519 -124.279625
286.552567 -122.328285
286.552615 -122.230331
286.552663 -123.230568
286.552712 -127.966675
286.552760 -130.365372
286.552808 -129.719116
286.552856 -130.838074
286.552904 -127.535400
286.552952 -125.749275
286.553000 -125.754829
286.553048 -126.947708
286.553096 -130.281860
286.553144 -127.403366
286.553192 -126.868492
286.553240 -124.668709
286.553288 -123.999260
286.553337 -124.305504
286.553385 -128.698425
286.553433 -136.062607
286.553481 -132.293793
286.553529 -132.113968
286.553577 -133.199631
286.553625 -132.791443
286.553673 -132.807724
286.553721 -130.725571
286.553769 -130.296631
286.553817 -131.838654
286.553865 -125.885445
286.553913 -123.630623
286.553962 -123.625771
286.554010 -124.404503
286.554058 -124.513687
286.554106 -124.504601
286.554154 -125.217865
286.554202 -129.992691
286.554250 -131.866913
286.554298 -127.523346
286.554346 -126.692543
286.554394 -127.400414
286.554442 -132.383484
286.554490 -133.219467
286.554538 -133.214554
286.554587 -133.795090
286.554635 -136.277222
286.554683 -133.783401
286.554731 -131.520615
286.554779 -132.045898
286.554827 -126.952477
286.554875 -124.623146
286.554923 -124.767990
286.554971 -129.621246
286.555019 -134.155197
286.555067 -132.344864
286.555115 -132.982285
286.555163 -135.398590
286.555212 -134.541000
286.555260 -133.113876
286.555308 -130.129944
286.555356 -130.143753
286.555404 -133.839340
286.555452 -129.203217
286.555500 -125.934532
286.555548 -125.574432
286.555596 -126.377777
286.555644 -130.861389
286.555692 -135.459000
286.555740 -130.918808
286.555788 -130.257263
286.555837 -130.588638
286.555885 -134.731186
286.555933 -129.962967
286.555981 -128.782532
286.556029 -128.533691
286.556077 -127.723358
286.556125 -127.742798
286.556173 -130.193436
286.556221 -136.594284
286.556269 -136.195663
286.556317 -130.555344
286.556365 -128.151596
286.556413 -128.377869
286.556462 -133.697266
286.556510 -131.694839
286.556558 -132.855667
286.556606 -131.805664
286.556654 -130.963272
286.556702 -127.803040
286.556750 -125.404366
286.556798 -125.262268
286.556846 -126.002922
286.556894 -127.680191
286.556942 -129.032394
286.556990 -133.982117
286.557038 -131.624512
286.557087 -129.666885
286.557135 -129.718262
286.557183 -133.850327
286.557231 -129.488083
286.557279 -126.843193
286.557327 -124.724838
286.557375 -122.389687
286.557423 -121.605904
286.557471 -121.772713
286.557519 -125.969131
286.557567 -133.733017
286.557615 -129.880844
286.557663 -126.290306
286.557712 -123.960297
286.557760 -122.769981
286.557808 -122.704659
286.557856 -123.374222
286.557904 -126.378044
286.557952 -128.243805
286.558000 -128.566406
286.558048 -132.038620
286.558096 -131.824982
286.558144 -130.762238
286.558192 -129.269440
286.558240 -129.202408
286.558288 -132.824966
286.558337 -131.720261
286.558385 -132.377655
286.558433 -128.819412
286.558481 -128.548553
286.558529 -129.726654
286.558577 -122.738564
286.558625 -121.977135
286.558673 -122.436241
286.558721 -127.030846
286.558769 -131.031967
286.558817 -131.512650
286.558865 -127.973557
286.558913 -125.319550
286.558962 -125.306259
286.559010 -126.273819
286.559058 -128.148666
286.559106 -125.155739
286.559154 -123.299202
286.559202 -123.172607
286.559250 -123.883240
286.559298 -128.547928
286.559346 -138.281982
286.559394 -138.390717
286.559442 -131.064163
286.559490 -130.397369
286.559538 -130.984619
286.559587 -130.161652
286.559635 -130.232071
286.559683 -130.333313
286.559731 -128.000916
286.559779 -127.990509
286.559827 -129.475693
286.559875 -129.458710
286.559923 -129.323563
286.559971 -129.748657
286.560019 -127.413116
286.560067 -127.520348
286.560115 -133.830017
286.560163 -136.304199
286.560212 -130.878769
286.560260 -130.735031
286.560308 -134.917297
286.560356 -136.988419
286.560404 -130.071030
286.560452 -126.160004
286.560500 -126.157288
286.560548 -129.316971
286.560596 -128.900940
286.560644 -125.482216
286.560692 -125.307091
286.560740 -126.074890
286.560788 -129.030716
286.560837 -125.474663
286.560885 -124.586105
286.560933 -124.903938
286.560981 -128.712051
286.561029 -125.511078
286.561077 -125.339607
286.561125 -125.679176
286.561173 -125.010063
286.561221 -124.549309
286.561269 -124.709587
286.561317 -126.579117
286.561365 -128.890686
286.561413 -133.033127
286.561462 -134.552643
286.561510 -131.346832
286.561558 -129.897827
286.561606 -127.286964
286.561654 -124.388397
286.561702 -123.090057
286.561750 -121.668594
286.561798 -120.489418
286.561846 -120.490463
286.561894 -122.161522
286.561942 -126.564392
286.561990 -128.469254
286.562038 -125.919022
286.562087 -124.383224
286.562135 -123.512611
286.562183 -121.986862
286.562231 -121.415466
286.562279 -121.604881
286.562327 -124.287636
286.562375 -127.491570
286.562423 -127.939545
286.562471 -128.126007
286.562519 -129.061737
286.562567 -128.638794
286.562615 -123.621544
286.562663 -122.568657
286.562712 -122.642647
286.562760 -124.225075
286.562808 -123.985466
286.562856 -122.945999
286.562904 -122.950516
286.562952 -124.854134
286.563000 -131.786850
286.563048 -129.641113
286.563096 -123.452362
286.563144 -121.936241
286.563192 -121.944519
286.563240 -123.347664
286.563288 -125.753815
286.563337 -125.964256
286.563385 -125.926086
286.563433 -126.487671
286.563481 -127.972847
286.563529 -131.441086
286.563577 -127.579796
286.563625 -124.082207
286.563673 -123.558395
286.563721 -123.780518
286.563769 -124.533287
286.563817 -122.784462
286.563865 -122.750793
286.563913 -124.084595
286.563962 -127.720490
286.564010 -129.086273
286.564058 -129.229416
286.564106 -131.165131
286.564154 -133.450027
286.564202 -134.028839
286.564250 -134.627335
286.564298 -129.305054
286.564346 -128.151703
286.564394 -128.678070
286.564442 -124.838493
286.564490 -121.323090
286.564538 -120.547775
286.564587 -120.686241
286.564635 -123.275696
286.564683 -128.962326
286.564731 -134.402191
286.564779 -129.113098
286.564827 -127.432457
286.564875 -127.499046
286.564923 -127.163933
286.564971 -125.726570
286.565019 -125.727318
286.565067 -128.372070
286.565115 -127.515694
286.565163 -124.840393
286.565212 -124.839737
286.565260 -126.648453
286.565308 -129.466141
286.565356 -130.204239
286.565404 -132.283951
286.565452 -131.801697
286.565500 -133.413681
286.565548 -136.046585
286.565596 -128.390106
286.565644 -126.136917
286.565692 -126.121857
286.565740 -127.361389
286.565788 -132.413910
286.565837 -126.305779
286.565885 -125.417053
286.565933 -125.910965
286.565981 -129.442352
286.566029 -133.059494
286.566077 -126.815918
286.566125 -123.353340
286.566173 -123.214729
286.566221 -124.177925
286.566269 -128.663330
286.566317 -136.931381
286.566365 -139.305038
286.566413 -132.740280
286.566462 -130.177704
286.566510 -130.043243
286.566558 -130.606293
286.566606 -132.880112
286.566654 -135.308792
286.566702 -138.214569
286.566750 -138.096863
286.566798 -131.190079
286.566846 -125.385330
286.566894 -124.821083
286.566942 -125.744995
286.566990 -125.601006
286.567038 -124.528976
286.567087 -124.571449
286.567135 -126.136398
286.567183 -129.786240
286.567231 -132.135223
286.567279 -127.843872
286.567327 -127.414207
286.567375 -128.466034
286.567423 -136.858231
286.567471 -134.687653
286.567519 -135.972427
286.567567 -131.821609
286.567615 -128.404083
286.567663 -126.810341
286.567712 -125.061539
286.567760 -122.670601
286.567808 -121.839867
286.567856 -121.957230
286.567904 -126.014908
286.567952 -129.544159
286.568000 -129.460541
286.568048 -134.849838
286.568096 -132.519058
286.568144 -133.291458
286.568192 -139.046616
286.568240 -136.956650
286.568288 -136.961884
286.568337 -138.080139
286.568385 -135.741486
286.568433 -127.940392
286.568481 -124.715637
286.568529 -123.859352
286.568577 -123.884422
286.568625 -125.137306
286.568673 -127.112015
286.568721 -128.641983
286.568769 -128.426376
286.568817 -129.074860
286.568865 -133.801086
286.568913 -135.715714
286.568962 -129.787262
286.569010 -124.802650
286.569058 -124.579262
286.569106 -125.217880
286.569154 -123.627502
286.569202 -123.021530
286.569250 -123.125755
286.569298 -125.443489
286.569346 -131.208282
286.569394 -130.799698
286.569442 -130.091782
286.569490 -128.194824
286.569538 -127.368248
286.569587 -127.499382
286.569635 -130.138336
286.569683 -129.219513
286.569731 -125.772751
286.569779 -125.310944
286.569827 -125.860397
286.569875 -129.182449
286.569923 -128.246002
286.569971 -124.996674
286.570019 -124.130699
286.570067 -124.120644
286.570115 -124.643600
286.570163 -125.826637
286.570212 -127.565559
286.570260 -132.577499
286.570308 -132.746735
286.570356 -138.850494
286.570404 -133.187881
286.570452 -129.696762
286.570500 -127.594513
286.570548 -125.569397
286.570596 -125.405846
286.570644 -127.017693
286.570692 -128.382996
286.570740 -124.890945
286.570788 -124.391235
286.570837 -124.371025
286.570885 -124.710709
286.570933 -126.908951
286.570981 -132.094681
286.571029 -131.593170
286.571077 -130.010086
286.571125 -129.162827
286.571173 -128.823517
286.571221 -127.163597
286.571269 -125.835991
286.571317 -124.055817
286.571365 -122.971085
286.571413 -122.971626
286.571462 -123.907219
286.571510 -125.364731
286.571558 -127.989388
286.571606 -129.852112
286.571654 -129.231583
286.571702 -130.157028
286.571750 -131.135361
286.571798 -129.346893
286.571846 -129.766434
286.571894 -133.124054
286.571942 -134.789810
286.571990 -132.758057
286.572038 -134.792618
286.572087 -127.660378
286.572135 -127.647049
286.572183 -131.974564
286.572231 -136.539108
286.572279 -131.549118
286.572327 -125.178719
286.572375 -124.057930
286.572423 -124.261780
286.572471 -128.101837
286.572519 -135.915207
286.572567 -135.923477
286.572615 -140.375168
286.572663 -135.362457
286.572712 -128.311081
286.572760 -126.214966
286.572808 -126.224968
286.572856 -129.053436
286.572904 -135.144638
286.572952 -129.537399
286.573000 -125.508934
286.573048 -123.113739
286.573096 -122.912994
286.573144 -123.314095
286.573192 -123.439728
286.573240 -121.485573
286.573288 -121.368523
286.573337 -122.343048
286.573385 -127.251564
286.573433 -128.661774
286.573481 -124.190002
286.573529 -122.058540
286.573577 -121.531593
286.573625 -121.633331
286.573673 -123.802582
286.573721 -129.401901
286.573769 -135.263840
286.573817 -129.250580
286.573865 -127.321060
286.573913 -127.229218
286.573962 -128.336334
286.574010 -131.799881
286.574058 -127.431984
286.574106 -127.434158
286.574154 -131.707642
286.574202 -129.235229
286.574250 -129.952835
286.574298 -131.662247
286.574346 -130.563339
286.574394 -130.515457
286.574442 -131.455078
286.574490 -136.362625
286.574538 -132.601547
286.574587 -130.918991
286.574635 -128.135529
286.574683 -128.041809
286.574731 -125.542259
286.574779 -123.764626
286.574827 -123.764626
286.574875 -125.015961
286.574923 -127.829720
286.574971 -130.812500
286.575019 -135.267258
286.575067 -133.473953
286.575115 -131.256180
286.575163 -129.001373
286.575212 -127.623848
286.575260 -127.604210
286.575308 -129.423096
286.575356 -133.776596
286.575404 -129.538239
286.575452 -128.145004
286.575500 -127.980705
286.575548 -127.994904
286.575596 -126.724960
286.575644 -126.513870
286.575692 -126.168877
286.575740 -124.307747
286.575788 -123.872658
286.575837 -124.223595
286.575885 -127.975693
286.575933 -136.433731
286.575981 -141.112656
286.576029 -134.096329
286.576077 -126.809189
286.576125 -124.312233
286.576173 -124.316483
286.576221 -127.159584
286.576269 -131.928329
286.576317 -131.036118
286.576365 -131.034836
286.576413 -131.989441
286.576462 -130.776306
286.576510 -130.385910
286.576558 -131.349960
286.576606 -139.861908
286.576654 -141.143387
286.576702 -132.647202
286.576750 -130.360229
286.576798 -130.358734
286.576846 -131.874466
286.576894 -133.443390
286.576942 -130.576569
286.576990 -127.233162
286.577038 -123.848167
286.577087 -122.665703
286.577135 -122.589493
286.577183 -122.859558
286.577231 -125.168266
286.577279 -131.931061
286.577327 -128.043900
286.577375 -123.763596
286.577423 -122.874496
286.577471 -123.150917
286.577519 -127.964760
286.577567 -128.485275
286.577615 -125.311264
286.577663 -123.791733
286.577712 -123.097847
286.577760 -123.068489
286.577808 -123.348694
286.577856 -124.216835
286.577904 -125.967789
286.577952 -128.893997
286.578000 -129.532349
286.578048 -128.580750
286.578096 -130.314423
286.578144 -127.499069
286.578192 -127.017189
286.578240 -127.595314
286.578288 -131.445526
286.578337 -130.085556
286.578385 -126.926033
286.578433 -126.429214
286.578481 -126.615204
286.578529 -127.923325
286.578577 -129.443436
286.578625 -131.062714
286.578673 -129.906647
286.578721 -129.907318
286.578769 -131.302643
286.578817 -134.094101
286.578865 -128.565567
286.578913 -124.846718
286.578962 -123.867699
286.579010 -123.091736
286.579058 -123.073257
286.579106 -124.445374
286.579154 -130.023560
286.579202 -127.636604
286.579250 -124.601173
286.579298 -122.908516
286.579346 -122.783432
286.579394 -123.500198
286.579442 -126.071037
286.579490 -125.153908
286.579538 -125.156898
286.579587 -127.590561
286.579635 -135.924927
286.579683 -139.583145
286.579731 -137.863373
286.579779 -129.942474
286.579827 -126.165565
286.579875 -126.145271
286.579923 -128.451447
286.579971 -138.771271
286.580019 -132.493683
286.580067 -126.447533
286.580115 -125.598083
286.580163 -125.949081
286.580212 -128.645111
286.580260 -130.141525
286.580308 -125.991371
286.580356 -123.612709
286.580404 -123.547768
286.580452 -125.413063
286.580500 -132.863083
286.580548 -132.538666
286.580596 -132.134308
286.580644 -125.887367
286.580692 -125.612709
286.580740 -126.796600
286.580788 -133.300034
286.580837 -146.470566
286.580885 -136.297989
286.580933 -133.603470
286.580981 -133.663849
286.581029 -136.449753
286.581077 -136.626877
286.581125 -132.575912
286.581173 -130.087646
286.581221 -129.551880
286.581269 -130.105011
286.581317 -135.408554
286.581365 -127.252686
286.581413 -123.949242
286.581462 -121.779587
286.581510 -121.411720
286.581558 -121.761436
286.581606 -124.034760
286.581654 -122.776413
286.581702 -122.721298
286.581750 -123.693642
286.581798 -128.451385
286.581846 -136.421997
286.581894 -137.048859
286.581942 -136.002258
286.581990 -135.669418
286.582038 -132.359909
286.582087 -130.155045
286.582135 -130.289001
286.582183 -128.063950
286.582231 -127.830025
286.582279 -130.426971
286.582327 -136.918228
286.582375 -134.913574
286.582423 -134.474014
286.582471 -134.742615
286.582519 -128.120499
286.582567 -127.325737
286.582615 -127.744362
286.582663 -132.320099
286.582712 -140.068909
286.582760 -137.912537
286.582808 -126.765007
286.582856 -122.430145
286.582904 -121.559677
286.582952 -121.647644
286.583000 -123.824181
286.583048 -129.279175
286.583096 -134.437592
286.583144 -127.658798
286.583192 -125.051193
286.583240 -124.724014
286.583288 -124.871246
286.583337 -125.709702
286.583385 -127.413521
286.583433 -129.566422
286.583481 -121.545471
286.583529 -119.984985
286.583577 -120.064217
286.583625 -123.490631
286.583673 -132.663528
286.583721 -131.821899
286.583769 -131.573837
286.583817 -132.336288
286.583865 -130.899155
286.583913 -127.972244
286.583962 -127.972450
286.584010 -130.777344
286.584058 -139.407364
286.584106 -135.793304
286.584154 -127.851410
286.584202 -126.086716
286.584250 -126.423561
286.584298 -125.551865
286.584346 -123.631371
286.584394 -123.667824
286.584442 -125.286743
286.584490 -125.504341
286.584538 -123.849045
286.584587 -123.761993
286.584635 -124.766449
286.584683 -129.859222
286.584731 -128.685715
286.584779 -125.249588
286.584827 -125.221680
286.584875 -127.116188
286.584923 -124.229118
286.584971 -124.270264
286.585019 -129.179169
286.585067 -125.839439
286.585115 -123.481224
286.585163 -123.436562
286.585212 -124.272125
286.585260 -127.243568
286.585308 -132.398972
286.585356 -129.782486
286.585404 -129.925369
286.585452 -129.613953
286.585500 -124.744331
286.585548 -123.607338
286.585596 -123.804062
286.585644 -128.333374
286.585692 -132.866180
286.585740 -132.871994
286.585788 -135.828537
286.585837 -137.638000
286.585885 -135.748306
286.585933 -129.291611
286.585981 -128.833832
286.586029 -130.732880
286.586077 -135.175613
286.586125 -132.892746
286.586173 -125.236229
286.586221 -123.985870
286.586269 -123.999435
286.586317 -124.513397
286.586365 -125.758476
286.586413 -123.510483
286.586462 -121.624763
286.586510 -121.168800
286.586558 -121.176987
286.586606 -122.819046
286.586654 -128.851837
286.586702 -134.755264
286.586750 -134.802261
286.586798 -135.487518
286.586846 -136.052048
286.586894 -129.395569
286.586942 -127.721519
286.586990 -127.636955
286.587038 -125.983414
286.587087 -122.716690
286.587135 -122.255745
286.587183 -122.534454
286.587231 -123.519463
286.587279 -122.430191
286.587327 -122.342430
286.587375 -122.745926
286.587423 -124.596451
286.587471 -126.872452
286.587519 -127.278694
286.587567 -130.178116
286.587615 -133.215149
286.587663 -129.301300
286.587712 -127.872375
286.587760 -127.872391
286.587808 -129.307495
286.587856 -133.923782
286.587904 -140.014130
286.587952 -135.473114
286.588000 -135.427582
286.588048 -133.767960
286.588096 -132.785645
286.588144 -132.784103
286.588192 -133.714539
286.588240 -130.212067
286.588288 -128.220352
286.588337 -128.226120
286.588385 -130.813934
286.588433 -127.566742
286.588481 -125.874435
286.588529 -125.872749
286.588577 -127.815552
286.588625 -126.715309
286.588673 -124.220039
286.588721 -124.271866
286.588769 -127.736153
286.588817 -136.864075
286.588865 -130.554260
286.588913 -127.988304
286.588962 -127.976830
286.589010 -129.605591
286.589058 -128.736938
286.589106 -128.726624
286.589154 -132.224426
286.589202 -124.697800
286.589250 -122.740738
286.589298 -122.788063
286.589346 -125.683159
286.589394 -130.780533
286.589442 -136.153381
286.589490 -135.190521
286.589538 -131.010422
286.589587 -130.160812
286.589635 -131.171463
286.589683 -136.853165
286.589731 -131.241470
286.589779 -130.943283
286.589827 -131.993210
286.589875 -134.390533
286.589923 -127.489067
286.589971 -125.724968
286.590019 -125.997032
286.590067 -130.637451
286.590115 -127.848259
286.590163 -127.812805
286.590212 -129.012192
286.590260 -134.451431
286.590308 -129.128296
286.590356 -127.964561
286.590404 -128.327820
286.590452 -131.543747
286.590500 -131.897736
286.590548 -133.638428
286.590596 -128.427460
286.590644 -128.221039
286.590692 -129.399033
286.590740 -132.431549
286.590788 -131.605560
286.590837 -131.907562
286.590885 -133.104248
286.590933 -127.431778
286.590981 -126.188423
286.591029 -126.168121
286.591077 -126.836311
286.591125 -130.575714
286.591173 -128.412964
286.591221 -128.022385
286.591269 -128.273727
286.591317 -129.653641
286.591365 -129.922546
286.591413 -129.971069
286.591462 -131.662506
286.591510 -126.799187
286.591558 -126.056328
286.591606 -126.279297
286.591654 -128.614929
286.591702 -132.462875
286.591750 -137.126419
286.591798 -126.076683
286.591846 -122.199791
286.591894 -121.508385
286.591942 -121.652946
286.591990 -123.788445
286.592038 -129.747437
286.592087 -127.446869
286.592135 -124.495155
286.592183 -124.303680
286.592231 -124.710114
286.592279 -126.143288
286.592327 -127.456131
286.592375 -129.424225
286.592423 -135.707703
286.592471 -129.791870
286.592519 -128.757019
286.592567 -129.032074
286.592615 -128.277832
286.592663 -126.331108
286.592712 -125.006927
286.592760 -124.921234
286.592808 -125.725731
286.592856 -130.333633
286.592904 -128.740555
286.592952 -124.136551
286.593000 -123.502884
286.593048 -123.914452
286.593096 -127.479691
286.593144 -134.664902
286.593192 -137.519318
286.593240 -135.762985
286.593288 -133.595093
286.593337 -133.595184
286.593385 -131.728271
286.593433 -129.440521
286.593481 -129.495239
286.593529 -131.955948
286.593577 -129.245392
286.593625 -129.139618
286.593673 -127.847916
286.593721 -124.390251
286.593769 -122.069946
286.593817 -121.399979
286.593865 -121.463715
286.593913 -123.362900
286.593962 -129.342056
286.594010 -132.761551
286.594058 -132.505585
286.594106 -134.412155
286.594154 -127.289772
286.594202 -123.934441
286.594250 -123.637863
286.594298 -124.356186
286.594346 -129.624954
286.594394 -138.142944
286.594442 -129.381516
286.594490 -128.761353
286.594538 -131.010986
286.594587 -133.926407
286.594635 -133.830597
286.594683 -136.127960
286.594731 -126.765930
286.594779 -125.924110
286.594827 -126.728455
286.594875 -133.503693
286.594923 -129.474060
286.594971 -126.032791
286.595019 -124.031120
286.595067 -123.972534
286.595115 -125.784180
286.595163 -132.031311
286.595212 -129.599579
286.595260 -129.833145
286.595308 -132.986603
286.595356 -132.296814
286.595404 -127.126343
286.595452 -125.175224
286.595500 -125.194138
286.595548 -128.425797
286.595596 -136.336517
286.595644 -129.558167
286.595692 -125.764580
286.595740 -125.154877
286.595788 -125.596962
286.595837 -129.745041
286.595885 -131.009308
286.595933 -129.879196
286.595981 -125.095718
286.596029 -124.775856
286.596077 -125.180962
286.596125 -126.889038
286.596173 -128.873123
286.596221 -127.126541
286.596269 -125.115021
286.596317 -124.408981
286.596365 -124.201111
286.596413 -124.164604
286.596462 -124.409790
286.596510 -125.469353
286.596558 -125.559586
286.596606 -126.989944
286.596654 -130.712738
286.596702 -130.243774
286.596750 -128.704041
286.596798 -129.390640
286.596846 -131.597122
286.596894 -126.748146
286.596942 -126.205101
286.596990 -126.602798
286.597038 -130.627853
286.597087 -125.026779
286.597135 -123.682480
286.597183 -123.887688
286.597231 -128.203918
286.597279 -135.223129
286.597327 -135.817673
286.597375 -139.706497
286.597423 -141.604126
286.597471 -133.523392
286.597519 -127.506912
286.597567 -124.657249
286.597615 -123.590431
286.597663 -123.442146
286.597712 -123.583282
286.597760 -125.270195
286.597808 -130.612045
286.597856 -128.607132
286.597904 -128.605530
286.597952 -129.300095
286.598000 -129.127701
286.598048 -129.569794
286.598096 -131.144409
286.598144 -127.369461
286.598192 -127.369469
286.598240 -130.778214
286.598288 -130.631683
286.598337 -127.466385
286.598385 -127.042984
286.598433 -127.553322
286.598481 -132.010971
286.598529 -130.221252
286.598577 -128.330765
286.598625 -125.466347
286.598673 -125.358955
286.598721 -126.469170
286.598769 -129.275345
286.598817 -128.045807
286.598865 -125.411720
286.598913 -125.100761
286.598962 -125.712105
286.599010 -128.937210
286.599058 -126.131317
286.599106 -125.235901
286.599154 -125.232574
286.599202 -125.613533
286.599250 -126.372147
286.599298 -125.810867
286.599346 -125.842285
286.599394 -127.882790
286.599442 -135.301483
286.599490 -128.954483
286.599538 -128.602737
286.599587 -127.386467
286.599635 -126.722824
286.599683 -126.817245
286.599731 -128.512802
286.599779 -134.084351
286.599827 -129.442627
286.599875 -129.149780
286.599923 -131.543335
286.599971 -129.053253
286.600019 -127.927010
286.600067 -128.232193
286.600115 -131.479340
286.600163 -132.811020
286.600212 -126.676338
286.600260 -123.646042
286.600308 -122.708344
286.600356 -122.917168
286.600404 -126.852242
286.600452 -123.431343
286.600500 -122.534897
286.600548 -122.506775
286.600596 -123.240761
286.600644 -126.336266
286.600692 -125.735588
286.600740 -126.122803
286.600788 -130.705414
286.600837 -135.377304
286.600885 -135.337585
286.600933 -138.150040
286.600981 -143.897018
286.601029 -137.708694
286.601077 -131.473831
286.601125 -129.758331
286.601173 -129.769485
286.601221 -130.926804
286.601269 -132.888336
286.601317 -128.012009
286.601365 -125.842361
286.601413 -125.841362
286.601462 -127.323097
286.601510 -125.939705
286.601558 -124.839806
286.601606 -124.165222
286.601654 -121.334763
286.601702 -120.124519
286.601750 -120.134018
286.601798 -121.710831
286.601846 -125.978088
286.601894 -127.829819
286.601942 -127.500633
286.601990 -128.130585
286.602038 -132.998596
286.602087 -129.497925
286.602135 -125.823967
286.602183 -125.792755
286.602231 -127.627739
286.602279 -132.176453
286.602327 -131.861374
286.602375 -131.867630
286.602423 -129.686630
286.602471 -129.548141
286.602519 -128.366791
286.602567 -126.855026
286.602615 -126.842796
286.602663 -128.486557
286.602712 -133.269287
286.602760 -137.436035
286.602808 -129.722305
286.602856 -128.373856
286.602904 -128.567383
286.602952 -129.848709
286.603000 -129.305573
286.603048 -128.943237
286.603096 -128.902710
286.603144 -130.084839
286.603192 -137.770462
286.603240 -140.987701
286.603288 -137.015518
286.603337 -132.694794
286.603385 -132.168076
286.603433 -132.755371
286.603481 -132.695786
286.603529 -129.027069
286.603577 -127.393166
286.603625 -127.023544
286.603673 -124.403748
286.603721 -122.051819
286.603769 -120.342934
286.603817 -119.646935
286.603865 -119.691948
286.603913 -122.303612
286.603962 -129.352264
286.604010 -126.032333
286.604058 -126.039001
286.604106 -128.230209
286.604154 -126.165482
286.604202 -126.181442
286.604250 -130.613312
286.604298 -129.725830
286.604346 -128.197937
286.604394 -128.633240
286.604442 -126.702522
286.604490 -122.719986
286.604538 -122.563591
286.604587 -123.439270
286.604635 -126.936966
286.604683 -130.736893
286.604731 -128.831879
286.604779 -128.643250
286.604827 -129.583298
286.604875 -131.065811
286.604923 -126.892815
286.604971 -126.548248
286.605019 -127.807907
286.605067 -131.812515
286.605115 -131.212601
286.605163 -133.281570
286.605212 -128.416107
286.605260 -128.269547
286.605308 -129.152222
286.605356 -125.734291
286.605404 -125.072861
286.605452 -125.772789
286.605500 -131.524933
286.605548 -131.488602
286.605596 -129.019363
286.605644 -128.215271
286.605692 -128.223831
286.605740 -129.015961
286.605788 -133.382278
286.605837 -131.852142
286.605885 -129.675201
286.605933 -126.419586
286.605981 -126.367966
286.606029 -128.554382
286.606077 -127.777565
286.606125 -124.443924
286.606173 -122.081161
286.606221 -121.754036
286.606269 -122.165672
286.606317 -125.635643
286.606365 -130.903961
286.606413 -128.419434
286.606462 -128.248795
286.606510 -128.992615
286.606558 -133.363968
286.606606 -128.920273
286.606654 -125.110420
286.606702 -124.885872
286.606750 -125.907562
286.606798 -130.052597
286.606846 -131.026993
286.606894 -130.534821
286.606942 -131.912140
286.606990 -133.095642
286.607038 -128.359573
286.607087 -125.323303
286.607135 -124.257286
286.607183 -124.269264
286.607231 -126.000465
286.607279 -130.791412
286.607327 -133.542664
286.607375 -129.039139
286.607423 -127.099564
286.607471 -127.017693
286.607519 -126.728600
286.607567 -125.133224
286.607615 -124.521446
286.607663 -124.639542
286.607712 -126.948799
286.607760 -128.431519
286.607808 -126.042732
286.607856 -125.721352
286.607904 -125.940666
286.607952 -128.846878
286.608000 -132.157410
286.608048 -130.560974
286.608096 -126.655945
286.608144 -125.305443
286.608192 -124.022652
286.608240 -121.759880
286.608288 -121.259888
286.608337 -121.536407
286.608385 -124.132446
286.608433 -124.681236
286.608481 -124.496239
286.608529 -124.878654
286.608577 -124.098206
286.608625 -124.095596
286.608673 -125.953430
286.608721 -134.490524
286.608769 -129.223877
286.608817 -128.064484
286.608865 -128.074280
286.608913 -129.436081
286.608962 -131.428650
286.609010 -131.460907
286.609058 -128.792526
286.609106 -128.207474
286.609154 -128.675034
286.609202 -131.857224
286.609250 -128.494843
286.609298 -127.723305
286.609346 -126.869888
286.609394 -126.871384
286.609442 -128.143616
286.609490 -129.947037
286.609538 -127.952202
286.609587 -127.118622
286.609635 -127.619713
286.609683 -133.440506
286.609731 -132.247025
286.609779 -133.656754
286.609827 -133.548737
286.609875 -130.821609
286.609923 -130.600479
286.609971 -128.505829
286.610019 -125.491310
286.610067 -123.457451
286.610115 -123.228012
286.610163 -123.782875
286.610212 -126.719856
286.610260 -131.371490
286.610308 -127.564835
286.610356 -127.240501
286.610404 -129.364380
286.610452 -131.888626
286.610500 -131.028137
286.610548 -131.377548
286.610596 -135.245316
286.610644 -137.629898
286.610692 -132.890533
286.610740 -129.807541
286.610788 -129.770706
286.610837 -132.196136
286.610885 -140.305588
286.610933 -133.912033
286.610981 -129.344650
286.611029 -126.106384
286.611077 -125.244217
286.611125 -125.362923
286.611173 -127.307396
286.611221 -126.115036
286.611269 -126.096657
286.611317 -126.868042
286.611365 -127.077568
286.611413 -126.320831
286.611462 -125.648491
286.611510 -125.231514
286.611558 -125.074348
286.611606 -125.254799
286.611654 -127.725464
286.611702 -131.066971
286.611750 -130.602066
286.611798 -130.803299
286.611846 -131.541901
286.611894 -132.225098
286.611942 -137.438141
286.611990 -129.089096
286.612038 -123.967888
286.612087 -122.928467
286.612135 -122.994301
286.612183 -124.546562
286.612231 -126.711388
286.612279 -133.060349
286.612327 -124.885735
286.612375 -121.780708
286.612423 -121.650002
286.612471 -122.535255
286.612519 -125.720154
286.612567 -126.088318
286.612615 -126.336151
286.612663 -130.623779
286.612712 -136.082214
286.612760 -135.375229
286.612808 -135.943680
286.612856 -132.638718
286.612904 -131.079391
286.612952 -131.208466
286.613000 -134.737106
286.613048 -133.591125
286.613096 -133.634918
286.613144 -135.993637
286.613192 -129.498962
286.613240 -124.117851
286.613288 -122.998344
286.613337 -123.097763
286.613385 -124.253807
286.613433 -124.980370
286.613481 -128.341110
286.613529 -128.128540
286.613577 -127.864578
286.613625 -130.465546
286.613673 -135.841232
286.613721 -135.775146
286.613769 -134.619980
286.613817 -128.025497
286.613865 -125.485016
286.613913 -124.633652
286.613962 -124.617538
286.614010 -125.032249
286.614058 -126.137314
286.614106 -125.664719
286.614154 -125.667625
286.614202 -127.348236
286.614250 -133.740616
286.614298 -133.200928
286.614346 -125.838562
286.614394 -123.845085
286.614442 -123.846832
286.614490 -125.393547
286.614538 -123.844208
286.614587 -122.585587
286.614635 -122.584938
286.614683 -123.701309
286.614731 -125.631142
286.614779 -127.094215
286.614827 -128.906967
286.614875 -129.920731
286.614923 -130.715607
286.614971 -128.849319
286.615019 -124.961067
286.615067 -123.746643
286.615115 -123.702621
286.615163 -123.891640
286.615212 -124.762611
286.615260 -125.818245
286.615308 -126.858353
286.615356 -132.157013
286.615404 -129.616608
286.615452 -130.399445
286.615500 -142.611816
286.615548 -136.227478
286.615596 -129.206863
286.615644 -125.882942
286.615692 -123.508629
286.615740 -123.349838
286.615788 -124.300812
286.615837 -129.099411
286.615885 -130.819168
286.615933 -130.666550
286.615981 -130.722733
286.616029 -131.165146
286.616077 -127.786484
286.616125 -123.821075
286.616173 -123.771278
286.616221 -127.097908
286.616269 -125.825371
286.616317 -124.728302
286.616365 -124.739075
286.616413 -125.301315
286.616462 -127.442413
286.616510 -126.585159
286.616558 -122.212318
286.616606 -121.067749
286.616654 -121.021828
286.616702 -121.273491
286.616750 -122.037117
286.616798 -122.529099
286.616846 -123.427460
286.616894 -125.837395
286.616942 -128.270691
286.616990 -127.380478
286.617038 -127.397705
286.617087 -129.098953
286.617135 -133.042694
286.617183 -135.686325
286.617231 -132.065125
286.617279 -127.046600
286.617327 -123.511391
286.617375 -123.011589
286.617423 -123.402168
286.617471 -127.467384
286.617519 -135.436661
286.617567 -130.772110
286.617615 -123.918030
286.617663 -121.957832
286.617712 -121.955894
286.617760 -122.951813
286.617808 -123.832954
286.617856 -123.385590
286.617904 -123.384186
286.617952 -124.098839
286.618000 -127.533279
286.618048 -129.653046
286.618096 -129.649582
286.618144 -129.260101
286.618192 -127.294647
286.618240 -127.226372
286.618288 -129.001068
286.618337 -133.392746
286.618385 -131.932617
286.618433 -126.537560
286.618481 -123.727333
286.618529 -123.692696
286.618577 -124.927811
286.618625 -127.093361
286.618673 -126.776054
286.618721 -124.820740
286.618769 -123.622589
286.618817 -123.595047
286.618865 -123.701271
286.618913 -123.350037
286.618962 -124.082649
286.619010 -130.856567
286.619058 -143.814789
286.619106 -136.241959
286.619154 -136.246307
286.619202 -130.860275
286.619250 -128.726288
286.619298 -127.418449
286.619346 -124.694740
286.619394 -123.576736
286.619442 -123.559868
286.619490 -123.512581
286.619538 -123.312477
286.619587 -123.611267
286.619635 -125.532326
286.619683 -128.068695
286.619731 -133.894287
286.619779 -140.133713
286.619827 -134.840469
286.619875 -134.566605
286.619923 -130.956039
286.619971 -125.771873
286.620019 -125.255058
286.620067 -126.088760
286.620115 -125.797218
286.620163 -125.825455
286.620212 -128.967880
286.620260 -132.568527
286.620308 -132.337585
286.620356 -132.991974
286.620404 -136.762527
286.620452 -129.488098
286.620500 -125.864136
286.620548 -124.044571
286.620596 -123.635986
286.620644 -123.627342
286.620692 -124.209198
286.620740 -126.422440
286.620788 -128.926331
286.620837 -130.639954
286.620885 -128.039719
286.620933 -128.037354
286.620981 -128.355453
286.621029 -128.697495
286.621077 -133.724655
286.621125 -130.232330
286.621173 -128.988068
286.621221 -129.064407
286.621269 -128.606400
286.621317 -126.132591
286.621365 -125.607780
286.621413 -125.863235
286.621462 -128.400314
286.621510 -130.139130
286.621558 -128.231216
286.621606 -128.239487
286.621654 -130.702881
286.621702 -130.080368
286.621750 -126.217613
286.621798 -125.868355
286.621846 -127.478531
286.621894 -126.958954
286.621942 -125.235229
286.621990 -125.491570
286.622038 -129.248810
286.622087 -127.342110
286.622135 -125.508865
286.622183 -125.685448
286.622231 -131.108521
286.622279 -125.956993
286.622327 -125.165581
286.622375 -125.289093
286.622423 -126.088173
286.622471 -126.096878
286.622519 -127.151138
286.622567 -131.131424
286.622615 -126.546379
286.622663 -125.119827
286.622712 -125.118813
286.622760 -126.511559
286.622808 -131.785599
286.622856 -136.733719
286.622904 -130.627792
286.622952 -126.861626
286.623000 -125.107780
286.623048 -124.956291
286.623096 -125.562706
286.623144 -129.152420
286.623192 -135.068069
286.623240 -134.055573
286.623288 -127.698837
286.623337 -126.265190
286.623385 -126.541626
286.623433 -130.324310
286.623481 -128.056290
286.623529 -126.477524
286.623577 -126.485168
286.623625 -128.534821
286.623673 -133.289673
286.623721 -126.534248
286.623769 -123.808983
286.623817 -123.560081
286.623865 -123.925636
286.623913 -126.771126
286.623962 -134.359589
286.624010 -132.318893
286.624058 -133.128159
286.624106 -139.704788
286.624154 -138.037094
286.624202 -126.601738
286.624250 -122.663101
286.624298 -121.725525
286.624346 -121.793228
286.624394 -124.411919
286.624442 -125.442726
286.624490 -124.328171
286.624538 -123.729271
286.624587 -123.745903
286.624635 -125.297379
286.624683 -127.517876
286.624731 -129.624695
286.624779 -134.746384
286.624827 -129.210342
286.624875 -128.900681
286.624923 -130.575256
286.624971 -131.006226
286.625019 -131.605423
286.625067 -133.027618
286.625115 -128.747269
286.625163 -128.084961
286.625212 -128.209961
286.625260 -126.494644
286.625308 -123.440575
286.625356 -122.795624
286.625404 -122.992393
286.625452 -123.247787
286.625500 -122.877487
286.625548 -123.100319
286.625596 -125.244713
286.625644 -126.548561
286.625692 -125.746078
286.625740 -126.045967
286.625788 -131.564117
286.625837 -128.453079
286.625885 -127.920853
286.625933 -128.559784
286.625981 -132.148529
286.626029 -136.808014
286.626077 -136.835907
286.626125 -138.369431
286.626173 -132.385651
286.626221 -130.107193
286.626269 -129.654099
286.626317 -129.697067
286.626365 -131.256378
286.626413 -136.228195
286.626462 -132.078522
286.626510 -126.534622
286.626558 -124.452087
286.626606 -124.402237
286.626654 -124.414307
286.626702 -124.397263
286.626750 -124.930244
286.626798 -127.567749
286.626846 -134.945129
286.626894 -132.068069
286.626942 -132.192078
286.626990 -129.355515
286.627038 -127.135094
286.627087 -127.168594
286.627135 -129.903549
286.627183 -129.723206
286.627231 -126.986862
286.627279 -125.733955
286.627327 -125.722862
286.627375 -126.651299
286.627423 -129.452118
286.627471 -131.276886
286.627519 -132.538727
286.627567 -134.621124
286.627615 -131.348083
286.627663 -131.353394
286.627712 -133.265366
286.627760 -136.369751
286.627808 -135.468811
286.627856 -135.921402
286.627904 -137.031906
286.627952 -135.396698
286.628000 -134.098450
286.628048 -133.225540
286.628096 -134.377823
286.628144 -127.712837
286.628192 -126.883438
286.628240 -128.061447
286.628288 -124.732574
286.628337 -124.115128
286.628385 -123.488319
286.628433 -123.482079
286.628481 -124.541016
286.628529 -129.003204
286.628577 -130.599823
286.628625 -126.422905
286.628673 -126.273933
286.628721 -127.682556
286.628769 -129.657669
286.628817 -130.173981
286.628865 -131.088638
286.628913 -129.546036
286.628962 -130.357574
286.629010 -133.562439
286.629058 -132.290085
286.629106 -129.125504
286.629154 -129.062622
286.629202 -132.375275
286.629250 -130.073990
286.629298 -128.978241
286.629346 -127.949013
286.629394 -127.808426
286.629442 -128.341064
286.629490 -131.696030
286.629538 -133.814072
286.629587 -137.405991
286.629635 -136.267883
286.629683 -136.592880
286.629731 -130.560303
286.629779 -130.042480
286.629827 -132.373886
286.629875 -135.019562
286.629923 -135.018173
286.629971 -130.484802
286.630019 -126.697868
286.630067 -126.337112
286.630115 -126.554642
286.630163 -128.209961
286.630212 -129.282318
286.630260 -129.597977
286.630308 -128.877197
286.630356 -128.754623
286.630404 -131.672821
286.630452 -139.027573
286.630500 -128.752838
286.630548 -126.559265
286.630596 -126.625031
286.630644 -129.740280
286.630692 -136.631149
286.630740 -129.509583
286.630788 -127.481422
286.630837 -127.502426
286.630885 -129.222946
286.630933 -129.547974
286.630981 -129.557892
286.631029 -132.256653
286.631077 -134.761566
286.631125 -136.078552
286.631173 -145.282944
286.631221 -136.028885
286.631269 -127.556488
286.631317 -125.501053
286.631365 -125.415886
286.631413 -125.562874
286.631462 -126.852814
286.631510 -132.413834
286.631558 -139.052032
286.631606 -129.975159
286.631654 -126.321808
286.631702 -124.660759
286.631750 -123.503891
286.631798 -123.345726
286.631846 -123.376778
286.631894 -123.694687
286.631942 -124.484955
286.631990 -127.079704
286.632038 -131.507431
286.632087 -129.285492
286.632135 -126.923111
286.632183 -126.772507
286.632231 -128.302765
286.632279 -136.495712
286.632327 -136.230133
286.632375 -134.465683
286.632423 -131.994522
286.632471 -127.168625
286.632519 -124.841141
286.632567 -124.829597
286.632615 -126.208900
286.632663 -130.212280
286.632712 -130.385605
286.632760 -128.286423
286.632808 -128.285934
286.632856 -129.182175
286.632904 -133.161392
286.632952 -127.654457
286.633000 -127.014778
286.633048 -127.755554
286.633096 -132.820129
286.633144 -128.201736
286.633192 -125.869781
286.633240 -125.860466
286.633288 -126.508652
286.633337 -126.642265
286.633385 -128.517700
286.633433 -132.204544
286.633481 -129.869736
286.633529 -128.955734
286.633577 -129.853729
286.633625 -134.805435
286.633673 -133.168640
286.633721 -130.804871
286.633769 -128.012543
286.633817 -127.345741
286.633865 -127.792000
286.633913 -134.021881
286.633962 -130.386658
286.634010 -130.330658
286.634058 -131.160019
286.634106 -133.951035
286.634154 -133.968658
286.634202 -130.274277
286.634250 -126.480972
286.634298 -123.334465
286.634346 -123.029167
286.634394 -124.037163
286.634442 -127.051598
286.634490 -125.183624
286.634538 -125.211708
286.634587 -129.398224
286.634635 -124.993141
286.634683 -124.967934
286.634731 -127.822052
286.634779 -123.061035
286.634827 -123.025696
286.634875 -124.741669
286.634923 -128.740982
286.634971 -129.828094
286.635019 -130.278992
286.635067 -132.690048
286.635115 -134.372772
286.635163 -127.981682
286.635212 -125.668381
286.635260 -124.685440
286.635308 -124.705040
286.635356 -126.997742
286.635404 -137.281174
286.635452 -139.069672
286.635500 -130.721939
286.635548 -126.341766
286.635596 -125.954155
286.635644 -126.235603
286.635692 -127.638626
286.635740 -126.367729
286.635788 -126.191978
286.635837 -126.891792
286.635885 -131.873947
286.635933 -128.965851
286.635981 -127.846054
286.636029 -125.394608
286.636077 -123.819855
286.636125 -123.818481
286.636173 -126.330734
286.636221 -126.833328
286.636269 -124.558891
286.636317 -124.544380
286.636365 -124.283188
286.636413 -123.344971
286.636462 -123.373581
286.636510 -125.472122
286.636558 -124.526382
286.636606 -124.129082
286.636654 -125.301826
286.636702 -133.362656
286.636750 -136.167511
286.636798 -135.917175
286.636846 -138.187469
286.636894 -132.678879
286.636942 -130.084259
286.636990 -129.963196
286.637038 -131.413864
286.637087 -130.275345
286.637135 -126.406471
286.637183 -126.289612
286.637231 -128.289490
286.637279 -132.454819
286.637327 -128.603607
286.637375 -128.296982
286.637423 -128.741379
286.637471 -129.617111
286.637519 -129.259018
286.637567 -129.512665
286.637615 -131.885468
286.637663 -135.519623
286.637712 -133.653717
286.637760 -126.016685
286.637808 -123.636086
286.637856 -123.377876
286.637904 -123.439590
286.637952 -123.646469
286.638000 -123.868584
286.638048 -124.851639
286.638096 -125.963036
286.638144 -128.000946
286.638192 -132.405319
286.638240 -136.625534
286.638288 -134.187943
286.638337 -135.631790
286.638385 -129.396088
286.638433 -126.985283
286.638481 -126.977272
286.638529 -129.172241
286.638577 -127.615372
286.638625 -124.675583
286.638673 -124.699432
286.638721 -128.723190
286.638769 -130.193192
286.638817 -129.180405
286.638865 -129.903870
286.638913 -129.697510
286.638962 -128.138916
286.639010 -128.147202
286.639058 -130.707489
286.639106 -132.736023
286.639154 -127.164734
286.639202 -124.841614
286.639250 -123.760490
286.639298 -123.653976
286.639346 -124.317642
286.639394 -128.547012
286.639442 -127.773567
286.639490 -128.188507
286.639538 -132.613846
286.639587 -129.029037
286.639635 -126.842514
286.639683 -126.880661
286.639731 -126.941551
286.639779 -126.834595
286.639827 -127.999878
286.639875 -126.372498
286.639923 -123.642136
286.639971 -121.602615
286.640019 -121.170204
286.640067 -121.345901
286.640115 -123.954201
286.640163 -128.074219
286.640212 -128.904984
286.640260 -128.341583
286.640308 -125.991646
286.640356 -126.374344
286.640404 -131.198257
286.640452 -128.922668
286.640500 -129.627258
286.640548 -137.090332
286.640596 -134.800293
286.640644 -134.799728
286.640692 -135.422256
286.640740 -136.579819
286.640788 -131.119644
286.640837 -128.578125
286.640885 -128.556717
286.640933 -129.504974
286.640981 -131.861313
286.641029 -135.229507
286.641077 -137.787735
286.641125 -135.189545
286.641173 -135.029373
286.641221 -131.590622
286.641269 -131.671951
286.641317 -128.771576
286.641365 -127.355690
286.641413 -127.716492
286.641462 -131.564789
286.641510 -129.476028
286.641558 -129.185486
286.641606 -131.234375
286.641654 -135.138367
286.641702 -129.875763
286.641750 -128.182098
286.641798 -128.026917
286.641846 -127.152031
286.641894 -124.797012
286.641942 -122.889244
286.641990 -122.608803
286.642038 -123.015587
286.642087 -126.024803
286.642135 -130.872482
286.642183 -133.918488
286.642231 -128.384766
286.642279 -124.719559
286.642327 -123.396927
286.642375 -123.391144
286.642423 -124.565140
286.642471 -127.335075
286.642519 -130.422119
286.642567 -138.017868
286.642615 -134.887314
286.642663 -125.362007
286.642712 -124.681137
286.642760 -125.874748
286.642808 -133.625809
286.642856 -136.441528
286.642904 -135.764496
286.642952 -137.059555
286.643000 -133.443619
286.643048 -132.230438
286.643096 -130.431824
286.643144 -126.589264
286.643192 -124.141830
286.643240 -123.329247
286.643288 -123.363251
286.643337 -124.670624
286.643385 -125.210083
286.643433 -122.491379
286.643481 -121.614632
286.643529 -121.667961
286.643577 -124.063515
286.643625 -131.534470
286.643673 -135.883575
286.643721 -132.994354
286.643769 -129.846252
286.643817 -125.599831
286.643865 -124.972984
286.643913 -125.743874
286.643962 -126.196381
286.644010 -124.335365
286.644058 -124.340279
286.644106 -127.093712
286.644154 -131.120255
286.644202 -129.932343
286.644250 -130.365860
286.644298 -132.955490
286.644346 -129.983612
286.644394 -129.881454
286.644442 -130.840897
286.644490 -125.620270
286.644538 -125.462425
286.644587 -127.764931
286.644635 -136.975937
286.644683 -132.400497
286.644731 -127.966652
286.644779 -127.142159
286.644827 -127.182953
286.644875 -128.111801
286.644923 -130.932098
286.644971 -131.674408
286.645019 -132.134384
286.645067 -126.884460
286.645115 -125.898354
286.645163 -125.736801
286.645212 -125.238907
286.645260 -125.665924
286.645308 -131.554367
286.645356 -134.103546
286.645404 -131.973816
286.645452 -126.165184
286.645500 -125.734901
286.645548 -126.594063
286.645596 -130.885773
286.645644 -124.619705
286.645692 -122.370964
286.645740 -122.385567
286.645788 -125.752884
286.645837 -129.281235
286.645885 -125.240639
286.645933 -123.516296
286.645981 -123.409325
286.646029 -124.353493
286.646077 -130.380981
286.646125 -129.200027
286.646173 -128.957825
286.646221 -130.351135
286.646269 -133.683838
286.646317 -131.136581
286.646365 -128.572906
286.646413 -125.989388
286.646462 -124.079193
286.646510 -123.236870
286.646558 -123.155037
286.646606 -123.226669
286.646654 -124.177155
286.646702 -127.626869
286.646750 -132.975098
286.646798 -133.270065
286.646846 -137.691650
286.646894 -134.022018
286.646942 -134.098495
286.646990 -140.972870
286.647038 -148.164642
286.647087 -140.678680
286.647135 -135.466797
286.647183 -132.387680
286.647231 -130.947159
286.647279 -131.776352
286.647327 -126.866295
286.647375 -124.178116
286.647423 -123.494812
286.647471 -122.839226
286.647519 -122.839157
286.647567 -123.576706
286.647615 -122.991356
286.647663 -123.010437
286.647712 -125.561348
286.647760 -135.904083
286.647808 -130.980377
286.647856 -124.170738
286.647904 -123.700294
286.647952 -124.844589
286.648000 -131.498917
286.648048 -131.117233
286.648096 -131.847961
286.648144 -130.043625
286.648192 -129.531174
286.648240 -129.604004
286.648288 -133.496964
286.648337 -139.871674
286.648385 -128.384216
286.648433 -122.664665
286.648481 -122.382332
286.648529 -123.906982
286.648577 -130.189850
286.648625 -130.068146
286.648673 -131.251633
286.648721 -128.693634
286.648769 -125.418556
286.648817 -124.871689
286.648865 -124.330109
286.648913 -123.796371
286.648962 -123.864647
286.649010 -126.855858
286.649058 -128.630188
286.649106 -126.647972
286.649154 -126.871597
286.649202 -130.741684
286.649250 -134.057922
286.649298 -134.290604
286.649346 -130.686020
286.649394 -130.491531
286.649442 -132.282211
286.649490 -135.667633
286.649538 -130.917358
286.649587 -130.661285
286.649635 -132.822128
286.649683 -136.630722
286.649731 -132.009567
286.649779 -131.590073
286.649827 -131.484467
286.649875 -128.500015
286.649923 -125.473213
286.649971 -123.566780
286.650019 -123.457726
286.650067 -124.303009
286.650115 -125.023254
286.650163 -123.974625
286.650212 -124.042496
286.650260 -126.803253
286.650308 -136.573608
286.650356 -135.134293
286.650404 -133.570679
286.650452 -133.593750
286.650500 -137.123093
286.650548 -128.106598
286.650596 -125.599052
286.650644 -125.603409
286.650692 -128.541946
286.650740 -139.857880
286.650788 -134.283432
286.650837 -127.024734
286.650885 -126.050201
286.650933 -126.517494
286.650981 -131.834061
286.651029 -141.618164
286.651077 -131.598221
286.651125 -129.296310
286.651173 -129.319839
286.651221 -130.741592
286.651269 -130.839722
286.651317 -128.458908
286.651365 -125.071411
286.651413 -125.171127
286.651462 -129.027740
286.651510 -126.605896
286.651558 -126.762680
286.651606 -129.515457
286.651654 -129.931641
286.651702 -130.785294
286.651750 -136.033691
286.651798 -134.292496
286.651846 -132.719452
286.651894 -133.086975
286.651942 -135.271881
286.651990 -136.006088
286.652038 -133.916809
286.652087 -133.224152
286.652135 -133.265839
286.652183 -135.372375
286.652231 -129.748184
286.652279 -127.227745
286.652327 -126.863449
286.652375 -127.048981
286.652423 -129.174652
286.652471 -133.470337
286.652519 -136.198853
286.652567 -132.331757
286.652615 -131.825943
286.652663 -131.762543
286.652712 -133.958633
286.652760 -128.422974
286.652808 -125.469383
286.652856 -123.084846
286.652904 -122.976433
286.652952 -124.167671
286.653000 -126.783150
286.653048 -127.522438
286.653096 -129.003082
286.653144 -125.572510
286.653192 -123.027054
286.653240 -122.932777
286.653288 -123.903336
286.653337 -127.830170
286.653385 -127.033440
286.653433 -127.031708
286.653481 -130.252213
286.653529 -135.270325
286.653577 -130.741028
286.653625 -127.949852
286.653673 -126.183167
286.653721 -125.447815
286.653769 -125.492401
286.653817 -127.218323
286.653865 -129.144073
286.653913 -130.754593
286.653962 -134.356812
286.654010 -138.357559
286.654058 -128.840012
286.654106 -125.159897
286.654154 -124.779907
286.654202 -125.002014
286.654250 -127.018036
286.654298 -132.879684
286.654346 -126.252159
286.654394 -123.890083
286.654442 -123.893013
286.654490 -126.232162
286.654538 -130.594101
286.654587 -135.219193
286.654635 -138.624847
286.654683 -133.332733
286.654731 -127.718964
286.654779 -123.420013
286.654827 -121.174995
286.654875 -120.990173
286.654923 -121.576668
286.654971 -125.147179
286.655019 -129.571457
286.655067 -132.751724
286.655115 -130.462204
286.655163 -127.567886
286.655212 -127.499680
286.655260 -127.261635
286.655308 -126.079735
286.655356 -126.078964
286.655404 -127.694305
286.655452 -132.264465
286.655500 -134.194153
286.655548 -133.761032
286.655596 -134.896011
286.655644 -126.548729
286.655692 -121.671677
286.655740 -120.892776
286.655788 -121.050758
286.655837 -123.342293
286.655885 -127.427681
286.655933 -130.956543
286.655981 -129.355164
286.656029 -129.356491
286.656077 -133.950653
286.656125 -127.240677
286.656173 -125.415085
286.656221 -125.415230
286.656269 -128.010269
286.656317 -130.604080
286.656365 -129.396439
286.656413 -128.679520
286.656462 -127.593697
286.656510 -127.636497
286.656558 -129.299606
286.656606 -126.126526
286.656654 -125.571083
286.656702 -124.395538
286.656750 -123.985359
286.656798 -124.127724
286.656846 -125.750168
286.656894 -125.066475
286.656942 -125.051460
286.656990 -126.665916
286.657038 -130.889099
286.657087 -133.247955
286.657135 -131.681427
286.657183 -125.908600
286.657231 -125.760857
286.657279 -127.516106
286.657327 -131.676270
286.657375 -127.859917
286.657423 -125.549492
286.657471 -124.472534
286.657519 -124.459351
286.657567 -125.442856
286.657615 -127.726151
286.657663 -129.372467
286.657712 -129.355057
286.657760 -127.609184
286.657808 -127.608391
286.657856 -130.862823
286.657904 -129.258942
286.657952 -128.990479
286.658000 -130.127274
286.658048 -131.381363
286.658096 -130.399002
286.658144 -128.866074
286.658192 -126.901848
286.658240 -126.616600
286.658288 -127.175751
286.658337 -130.714020
286.658385 -134.568710
286.658433 -136.080597
286.658481 -132.152924
286.658529 -127.964897
286.658577 -125.911896
286.658625 -124.611290
286.658673 -123.697701
286.658721 -123.678764
286.658769 -124.514839
286.658817 -127.900528
286.658865 -137.810455
286.658913 -140.247971
286.658962 -133.842407
286.659010 -132.631638
286.659058 -134.201385
286.659106 -131.407455
286.659154 -132.282303
286.659202 -134.666245
286.659250 -134.455002
286.659298 -136.514297
286.659346 -138.314514
286.659394 -139.459869
286.659442 -129.044647
286.659490 -127.326363
286.659538 -127.489075
286.659587 -132.530060
286.659635 -130.435043
286.659683 -127.260841
286.659731 -124.417732
286.659779 -123.663147
286.659827 -123.850571
286.659875 -126.309113
286.659923 -124.341415
286.659971 -123.191368
286.660019 -123.110909
286.660067 -123.442154
286.660115 -124.862755
286.660163 -125.998695
286.660212 -125.466377
286.660260 -124.320175
286.660308 -124.313103
286.660356 -125.027748
286.660404 -122.476524
286.660452 -121.553337
286.660500 -121.744453
286.660548 -125.737198
286.660596 -128.218231
286.660644 -124.401505
286.660692 -123.941315
286.660740 -124.101692
286.660788 -125.410980
286.660837 -127.578690
286.660885 -132.485107
286.660933 -125.053520
286.660981 -121.760117
286.661029 -121.466850
286.661077 -121.912209
286.661125 -125.048286
286.661173 -130.116257
286.661221 -125.114944
286.661269 -124.283752
286.661317 -124.612854
286.661365 -128.323608
286.661413 -126.178955
286.661462 -122.582008
286.661510 -120.398384
286.661558 -117.955452
286.661606 -116.660568
286.661654 -116.652618
286.661702 -117.617485
286.661750 -120.224800
286.661798 -122.564560
286.661846 -124.094231
286.661894 -126.792526
286.661942 -131.359009
286.661990 -128.969131
286.662038 -128.995209
286.662087 -128.811371
286.662135 -125.434227
286.662183 -124.213745
286.662231 -124.210289
286.662279 -124.976746
286.662327 -127.520966
286.662375 -134.714783
286.662423 -129.530243
286.662471 -129.263565
286.662519 -129.784027
286.662567 -131.029678
286.662615 -131.241745
286.662663 -127.386513
286.662712 -125.164040
286.662760 -125.212173
286.662808 -128.634628
286.662856 -134.706131
286.662904 -140.044525
286.662952 -139.039856
286.663000 -135.020325
286.663048 -130.129974
286.663096 -129.359940
286.663144 -129.580765
286.663192 -132.527496
286.663240 -129.822708
286.663288 -128.342743
286.663337 -128.366592
286.663385 -130.270386
286.663433 -130.210663
286.663481 -128.762283
286.663529 -128.804001
286.663577 -132.123520
286.663625 -130.961639
286.663673 -127.531342
286.663721 -126.218048
286.663769 -125.232956
286.663817 -125.231110
286.663865 -126.733162
286.663913 -132.365784
286.663962 -135.029175
286.664010 -132.495071
286.664058 -132.627930
286.664106 -133.147659
286.664154 -130.534058
286.664202 -130.533646
286.664250 -128.405182
286.664298 -125.506676
286.664346 -123.815430
286.664394 -123.622169
286.664442 -123.992645
286.664490 -125.992111
286.664538 -127.279984
286.664587 -129.554916
286.664635 -129.252319
286.664683 -126.391777
286.664731 -126.272797
286.664779 -126.550026
286.664827 -127.941757
286.664875 -128.717270
286.664923 -127.452919
286.664971 -127.454941
286.665019 -128.989197
286.665067 -132.595276
286.665115 -134.135162
286.665163 -132.803574
286.665212 -128.752701
286.665260 -128.755798
286.665308 -133.297668
286.665356 -128.995956
286.665404 -128.285934
286.665452 -129.102097
286.665500 -135.050476
286.665548 -133.139862
286.665596 -129.635895
286.665644 -126.901382
286.665692 -125.251343
286.665740 -125.091911
286.665788 -125.432610
286.665837 -126.865669
286.665885 -128.249878
286.665933 -127.396187
286.665981 -126.401825
286.666029 -126.629044
286.666077 -129.665497
286.666125 -127.741013
286.666173 -127.890175
286.666221 -129.262985
286.666269 -129.212952
286.666317 -131.014206
286.666365 -130.731110
286.666413 -127.521751
286.666462 -126.936806
286.666510 -127.006432
286.666558 -127.813095
286.666606 -128.214035
286.666654 -128.649490
286.666702 -128.933167
286.666750 -127.978165
286.666798 -127.513924
286.666846 -127.669182
286.666894 -129.972504
286.666942 -131.495499
286.666990 -130.727966
286.667038 -130.718063
286.667087 -133.412262
286.667135 -138.268967
286.667183 -138.505295
286.667231 -133.909409
286.667279 -132.310013
286.667327 -132.048386
286.667375 -132.302994
286.667423 -132.609238
286.667471 -127.736786
286.667519 -127.637436
286.667567 -128.033905
286.667615 -127.433411
286.667663 -127.778786
286.667712 -128.083160
286.667760 -128.843765
286.667808 -135.361252
286.667856 -129.341660
286.667904 -126.628159
286.667952 -126.594971
286.668000 -127.918785
286.668048 -129.790787
286.668096 -127.327583
286.668144 -127.241608
286.668192 -128.499939
286.668240 -132.904633
286.668288 -135.494354
286.668337 -131.469528
286.668385 -128.611923
286.668433 -128.442612
286.668481 -127.657768
286.668529 -125.473732
286.668577 -125.195717
286.668625 -125.654877
286.668673 -128.349564
286.668721 -133.423782
286.668769 -132.800430
286.668817 -132.827316
286.668865 -130.971146
286.668913 -128.643570
286.668962 -128.444977
286.669010 -128.963287
286.669058 -131.460373
286.669106 -127.812088
286.669154 -127.458984
286.669202 -127.683945
286.669250 -130.384933
286.669298 -127.136086
286.669346 -126.164917
286.669394 -126.083115
286.669442 -126.454292
286.669490 -129.978088
286.669538 -132.554596
286.669587 -130.221634
286.669635 -125.219452
286.669683 -125.041565
286.669731 -126.159264
286.669779 -129.927902
286.669827 -127.982361
286.669875 -123.939003
286.669923 -121.880028
286.669971 -121.387390
286.670019 -121.465691
286.670067 -122.729126
286.670115 -123.780693
286.670163 -124.180664
286.670212 -128.000549
286.670260 -121.214912
286.670308 -120.522957
286.670356 -121.087784
286.670404 -125.912460
286.670452 -135.942154
286.670500 -134.554062
286.670548 -135.428864
286.670596 -130.547897
286.670644 -129.728012
286.670692 -130.743668
286.670740 -135.513885
286.670788 -127.660187
286.670837 -124.350471
286.670885 -124.045479
286.670933 -124.225060
286.670981 -123.799751
286.671029 -123.770287
286.671077 -124.787781
286.671125 -127.383919
286.671173 -130.635117
286.671221 -131.659683
286.671269 -126.946686
286.671317 -126.601151
286.671365 -127.115807
286.671413 -128.655121
286.671462 -129.295090
286.671510 -132.503860
286.671558 -137.028458
286.671606 -137.000259
286.671654 -132.220566
286.671702 -129.510468
286.671750 -128.341919
286.671798 -128.341492
286.671846 -129.830536
286.671894 -130.783478
286.671942 -126.741638
286.671990 -126.042030
286.672038 -126.687370
286.672087 -132.423752
286.672135 -137.458862
286.672183 -139.202301
286.672231 -137.516495
286.672279 -133.672211
286.672327 -126.113449
286.672375 -125.496216
286.672423 -125.955498
286.672471 -127.548492
286.672519 -129.778107
286.672567 -132.248444
286.672615 -126.029732
286.672663 -124.868355
286.672712 -125.121277
286.672760 -130.605774
286.672808 -131.518585
286.672856 -131.640976
286.672904 -135.021667
286.672952 -130.118118
286.673000 -130.114532
286.673048 -134.209106
286.673096 -134.393356
286.673144 -133.818390
286.673192 -133.539322
286.673240 -132.561829
286.673288 -130.618866
286.673337 -130.596680
286.673385 -130.415436
286.673433 -127.976372
286.673481 -126.380745
286.673529 -124.727051
286.673577 -123.892548
286.673625 -123.814400
286.673673 -123.841721
286.673721 -124.562927
286.673769 -127.641045
286.673817 -131.175644
286.673865 -124.883759
286.673913 -123.292175
286.673962 -123.298195
286.674010 -126.014977
286.674058 -125.664040
286.674106 -122.481651
286.674154 -122.379318
286.674202 -123.020546
286.674250 -124.299561
286.674298 -125.544495
286.674346 -128.247116
286.674394 -129.803482
286.674442 -128.264908
286.674490 -126.709358
286.674538 -126.605545
286.674587 -127.413048
286.674635 -130.175568
286.674683 -130.565674
286.674731 -129.184479
286.674779 -128.528687
286.674827 -128.015839
286.674875 -126.502190
286.674923 -124.568771
286.674971 -124.357246
286.675019 -124.606697
286.675067 -125.753242
286.675115 -127.756874
286.675163 -131.878021
286.675212 -135.089584
286.675260 -138.694534
286.675308 -133.016586
286.675356 -130.998505
286.675404 -131.276855
286.675452 -133.127426
286.675500 -128.733582
286.675548 -128.694641
286.675596 -130.938522
286.675644 -133.248962
286.675692 -133.267517
286.675740 -126.531151
286.675788 -123.222084
286.675837 -123.139153
286.675885 -123.914108
286.675933 -125.143227
286.675981 -125.910408
286.676029 -130.163528
286.676077 -124.847771
286.676125 -121.702103
286.676173 -121.624306
286.676221 -122.639000
286.676269 -125.668312
286.676317 -127.899529
286.676365 -128.891571
286.676413 -130.776199
286.676462 -126.518280
286.676510 -126.407524
286.676558 -128.177521
286.676606 -134.536575
286.676654 -133.440659
286.676702 -133.273041
286.676750 -133.612839
286.676798 -130.154648
286.676846 -129.808548
286.676894 -130.023590
286.676942 -131.757614
286.676990 -127.988434
286.677038 -124.217461
286.677087 -122.334015
286.677135 -122.089645
286.677183 -122.317101
286.677231 -124.535812
286.677279 -127.868385
286.677327 -126.215294
286.677375 -126.215294
286.677423 -127.675659
286.677471 -131.579529
286.677519 -137.061630
286.677567 -132.541595
286.677615 -130.807617
286.677663 -129.776932
286.677712 -128.392807
286.677760 -128.004730
286.677808 -128.551590
286.677856 -132.960571
286.677904 -141.299316
286.677952 -136.165344
286.678000 -130.897202
286.678048 -128.456177
286.678096 -127.920883
286.678144 -128.018082
286.678192 -130.947311
286.678240 -134.123734
286.678288 -133.079926
286.678337 -132.951965
286.678385 -130.423126
286.678433 -128.805267
286.678481 -128.739532
286.678529 -129.667145
286.678577 -127.872543
286.678625 -125.251389
286.678673 -125.254265
286.678721 -128.996872
286.678769 -121.937836
286.678817 -121.248672
286.678865 -122.167427
286.678913 -130.686615
286.678962 -128.068024
286.679010 -127.995804
286.679058 -127.396141
286.679106 -124.619957
286.679154 -124.289032
286.679202 -125.191269
286.679250 -130.197998
286.679298 -125.246628
286.679346 -122.665077
286.679394 -122.663834
286.679442 -124.879669
286.679490 -134.205215
286.679538 -126.443039
286.679587 -124.797180
286.679635 -124.822426
286.679683 -127.301033
286.679731 -136.028412
286.679779 -128.127823
286.679827 -123.125206
286.679875 -121.721703
286.679923 -121.691109
286.679971 -121.966240
286.680019 -122.848450
286.680067 -124.146011
286.680115 -127.126495
286.680163 -135.015610
286.680212 -137.638748
286.680260 -127.503136
286.680308 -126.191391
286.680356 -124.117569
286.680404 -122.254959
286.680452 -122.254898
286.680500 -124.342880
286.680548 -130.103745
286.680596 -128.601196
286.680644 -126.485847
286.680692 -123.935204
286.680740 -123.186340
286.680788 -123.274643
286.680837 -124.908577
286.680885 -125.505417
286.680933 -126.523315
286.680981 -130.872849
286.681029 -131.980682
286.681077 -132.250000
286.681125 -138.320480
286.681173 -131.108887
286.681221 -130.562057
286.681269 -131.770889
286.681317 -135.223145
286.681365 -135.504227
286.681413 -136.525574
286.681462 -135.896072
286.681510 -136.494202
286.681558 -131.934082
286.681606 -128.471863
286.681654 -127.171997
286.681702 -127.197876
286.681750 -131.447037
286.681798 -123.749474
286.681846 -122.076317
286.681894 -122.189507
286.681942 -125.338333
286.681990 -125.755058
286.682038 -125.146240
286.682087 -125.273712
286.682135 -127.796928
286.682183 -133.389816
286.682231 -134.429855
286.682279 -133.343536
286.682327 -127.261177
286.682375 -127.242462
286.682423 -130.805969
286.682471 -127.537865
286.682519 -127.449783
286.682567 -127.470490
286.682615 -127.945351
286.682663 -130.621964
286.682712 -125.072258
286.682760 -124.188408
286.682808 -124.378990
286.682856 -127.857216
286.682904 -133.129425
286.682952 -132.885605
286.683000 -137.052048
286.683048 -134.020798
286.683096 -131.015808
286.683144 -131.240295
286.683192 -129.988647
286.683240 -125.168365
286.683288 -123.482109
286.683337 -123.474548
286.683385 -124.946556
286.683433 -129.994507
286.683481 -136.001785
286.683529 -131.434296
286.683577 -128.809570
286.683625 -127.019127
286.683673 -126.322571
286.683721 -125.350052
286.683769 -124.124931
286.683817 -124.116280
286.683865 -125.925926
286.683913 -132.654785
286.683962 -132.295883
286.684010 -130.365860
286.684058 -129.118027
286.684106 -129.293930
286.684154 -133.449097
286.684202 -130.283920
286.684250 -130.388947
286.684298 -129.947891
286.684346 -127.602699
286.684394 -127.844650
286.684442 -130.058441
286.684490 -125.424011
286.684538 -124.121964
286.684587 -123.457077
286.684635 -123.341408
286.684683 -123.389870
286.684731 -124.396492
286.684779 -129.242279
286.684827 -128.636139
286.684875 -127.999741
286.684923 -128.302063
286.684971 -129.725052
286.685019 -131.676712
286.685067 -130.261475
286.685115 -125.675133
286.685163 -123.249237
286.685212 -121.240807
286.685260 -120.896324
286.685308 -121.202309
286.685356 -123.836227
286.685404 -127.674446
286.685452 -130.073517
286.685500 -125.757248
286.685548 -124.343422
286.685596 -124.792740
286.685644 -132.031052
286.685692 -130.266373
286.685740 -130.321487
286.685788 -131.107849
286.685837 -127.904472
286.685885 -125.890762
286.685933 -125.890221
286.685981 -128.221054
286.686029 -129.949326
286.686077 -130.778870
286.686125 -134.693909
286.686173 -137.745377
286.686221 -135.574814
286.686269 -133.727753
286.686317 -133.637695
286.686365 -134.474670
286.686413 -135.304901
286.686462 -136.262009
286.686510 -136.483475
286.686558 -132.404724
286.686606 -130.586761
286.686654 -130.623734
286.686702 -133.850815
286.686750 -134.296417
286.686798 -132.848282
286.686846 -132.853439
286.686894 -130.345825
286.686942 -125.048431
286.686990 -123.677139
286.687038 -123.689072
286.687087 -125.550758
286.687135 -130.706833
286.687183 -133.733612
286.687231 -133.415863
286.687279 -134.541992
286.687327 -136.758881
286.687375 -136.751724
286.687423 -141.805008
286.687471 -142.975006
286.687519 -133.730499
286.687567 -133.444702
286.687615 -129.949814
286.687663 -124.208725
286.687712 -123.320656
286.687760 -123.397682
286.687808 -123.301781
286.687856 -123.261024
286.687904 -124.412689
286.687952 -128.137100
286.688000 -133.012070
286.688048 -127.547050
286.688096 -125.733147
286.688144 -125.860771
286.688192 -125.727730
286.688240 -123.842766
286.688288 -123.861855
286.688337 -126.467087
286.688385 -127.230247
286.688433 -123.919235
286.688481 -123.477020
286.688529 -123.552162
286.688577 -124.679916
286.688625 -129.018616
286.688673 -129.895187
286.688721 -130.415985
286.688769 -129.128952
286.688817 -128.691681
286.688865 -130.405243
286.688913 -136.981735
286.688962 -131.482880
286.689010 -131.418167
286.689058 -132.236740
286.689106 -133.604568
286.689154 -131.162674
286.689202 -129.689865
286.689250 -129.495605
286.689298 -130.548172
286.689346 -135.098755
286.689394 -132.624710
286.689442 -132.941208
286.689490 -139.799332
286.689538 -134.377716
286.689587 -134.284012
286.689635 -134.261078
286.689683 -134.907043
286.689731 -134.067764
286.689779 -128.637070
286.689827 -125.512657
286.689875 -125.473320
286.689923 -127.773651
286.689971 -137.061768
286.690019 -142.138367
286.690067 -141.977417
286.690115 -129.695007
286.690163 -124.495888
286.690212 -124.178307
286.690260 -125.132164
286.690308 -128.747696
286.690356 -126.789032
286.690404 -126.336281
286.690452 -126.670029
286.690500 -129.306488
286.690548 -133.214645
286.690596 -140.913589
286.690644 -133.473633
286.690692 -126.515648
286.690740 -125.908684
286.690788 -126.476784
286.690837 -129.550797
286.690885 -124.791534
286.690933 -122.506828
286.690981 -122.507355
286.691029 -124.023506
286.691077 -126.536491
286.691125 -129.246353
286.691173 -134.521805
286.691221 -135.385147
286.691269 -138.488617
286.691317 -129.542023
286.691365 -126.307884
286.691413 -125.781860
286.691462 -125.999329
286.691510 -129.166855
286.691558 -128.210846
286.691606 -123.424629
286.691654 -123.181885
286.691702 -124.382210
286.691750 -128.506042
286.691798 -129.375885
286.691846 -129.430603
286.691894 -134.195023
286.691942 -126.840263
286.691990 -126.040146
286.692038 -126.925735
286.692087 -134.497726
286.692135 -130.700760
286.692183 -130.418259
286.692231 -131.330551
286.692279 -134.141296
286.692327 -135.984421
286.692375 -130.131027
286.692423 -130.086121
286.692471 -133.383530
286.692519 -133.659500
286.692567 -132.455353
286.692615 -128.771927
286.692663 -128.552567
286.692712 -129.552979
286.692760 -125.929916
286.692808 -125.890747
286.692856 -127.445221
286.692904 -131.490921
286.692952 -129.853622
286.693000 -127.494637
286.693048 -127.463402
286.693096 -128.481674
286.693144 -130.199448
286.693192 -126.961075
286.693240 -125.322205
286.693288 -125.321938
286.693337 -125.467461
286.693385 -124.873184
286.693433 -125.282188
286.693481 -131.825378
286.693529 -127.390594
286.693577 -127.388603
286.693625 -128.948669
286.693673 -130.450699
286.693721 -131.229980
286.693769 -129.822662
286.693817 -122.899910
286.693865 -121.404282
286.693913 -121.416672
286.693962 -122.872238
286.694010 -123.876884
286.694058 -123.830978
286.694106 -124.564568
286.694154 -127.081093
286.694202 -132.084763
286.694250 -131.766678
286.694298 -132.116653
286.694346 -137.971558
286.694394 -137.224976
286.694442 -129.794861
286.694490 -126.987961
286.694538 -126.987946
286.694587 -129.984467
286.694635 -137.668198
286.694683 -131.447372
286.694731 -130.954620
286.694779 -133.809845
286.694827 -132.500290
286.694875 -132.410004
286.694923 -135.455185
286.694971 -137.288849
286.695019 -132.879089
286.695067 -132.093597
286.695115 -133.573135
286.695163 -128.138840
286.695212 -125.959320
286.695260 -125.651314
286.695308 -124.876823
286.695356 -123.583565
286.695404 -123.061722
286.695452 -123.189278
286.695500 -125.316422
286.695548 -130.599930
286.695596 -128.240707
286.695644 -128.273743
286.695692 -132.553604
286.695740 -129.354660
286.695788 -126.205994
286.695837 -126.154709
286.695885 -128.573456
286.695933 -126.872345
286.695981 -125.491638
286.696029 -125.494110
286.696077 -125.507462
286.696125 -125.562347
286.696173 -127.629654
286.696221 -131.721954
286.696269 -132.268646
286.696317 -137.276413
286.696365 -134.615845
286.696413 -129.533386
286.696462 -128.881882
286.696510 -129.487091
286.696558 -130.061661
286.696606 -127.792229
286.696654 -127.823273
286.696702 -126.613632
286.696750 -126.330025
286.696798 -126.765976
286.696846 -129.825150
286.696894 -129.814392
286.696942 -130.925781
286.696990 -125.650337
286.697038 -125.552109
286.697087 -126.940201
286.697135 -132.543762
286.697183 -130.835739
286.697231 -128.457245
286.697279 -128.459274
286.697327 -132.490295
286.697375 -129.443100
286.697423 -129.450928
286.697471 -135.136917
286.697519 -148.082565
286.697567 -136.170654
286.697615 -134.106476
286.697663 -132.844513
286.697712 -128.703522
286.697760 -125.200294
286.697808 -124.592377
286.697856 -124.718132
286.697904 -125.405342
286.697952 -126.611755
286.698000 -129.706039
286.698048 -133.669113
286.698096 -130.784439
286.698144 -126.214867
286.698192 -125.525764
286.698240 -125.899307
286.698288 -129.006668
286.698337 -130.564484
286.698385 -130.555695
286.698433 -131.284836
286.698481 -126.011314
286.698529 -123.638237
286.698577 -123.638245
286.698625 -126.214569
286.698673 -127.943756
286.698721 -127.746483
286.698769 -129.117325
286.698817 -134.398575
286.698865 -136.615189
286.698913 -132.707611
286.698962 -132.787064
286.699010 -131.615448
286.699058 -126.772408
286.699106 -126.122849
286.699154 -126.858597
286.699202 -134.069244
286.699250 -132.416519
286.699298 -131.510681
286.699346 -132.581161
286.699394 -136.410706
286.699442 -128.033234
286.699490 -125.336845
286.699538 -125.328979
286.699587 -126.731087
286.699635 -126.828606
286.699683 -126.978821
286.699731 -128.385895
286.699779 -124.484459
286.699827 -123.867737
286.699875 -124.045715
286.699923 -126.711594
286.699971 -132.756348
286.700019 -127.816963
286.700067 -124.979126
286.700115 -124.448418
286.700163 -124.450035
286.700212 -125.515442
286.700260 -130.395660
286.700308 -138.947968
286.700356 -139.135330
286.700404 -138.597839
286.700452 -135.811508
286.700500 -128.111496
286.700548 -126.217476
286.700596 -126.181648
286.700644 -126.739990
286.700692 -128.416565
286.700740 -133.350861
286.700788 -139.468521
286.700837 -140.406128
286.700885 -131.290298
286.700933 -129.071152
286.700981 -126.693588
286.701029 -125.104416
286.701077 -125.102493
286.701125 -126.714279
286.701173 -126.222000
286.701221 -127.333672
286.701269 -136.613327
286.701317 -133.125320
286.701365 -130.828537
286.701413 -129.952591
286.701462 -129.993256
286.701510 -129.396103
286.701558 -127.739159
286.701606 -125.902161
286.701654 -124.713257
286.701702 -124.744514
286.701750 -127.459320
286.701798 -128.631088
286.701846 -126.243271
286.701894 -126.144333
286.701942 -127.080971
286.701990 -130.653122
286.702038 -141.051483
286.702087 -131.259918
286.702135 -123.254929
286.702183 -121.695427
286.702231 -121.911819
286.702279 -127.269791
286.702327 -131.472565
286.702375 -129.025681
286.702423 -128.855377
286.702471 -126.957932
286.702519 -126.713516
286.702567 -128.354446
286.702615 -131.441772
286.702663 -131.443436
286.702712 -131.949188
286.702760 -129.477142
286.702808 -127.281097
286.702856 -127.044701
286.702904 -127.773003
286.702952 -132.303299
286.703000 -127.988739
286.703048 -125.967690
286.703096 -125.967499
286.703144 -127.961357
286.703192 -128.864105
286.703240 -128.793121
286.703288 -130.132980
286.703337 -128.701126
286.703385 -128.473114
286.703433 -129.315460
286.703481 -127.636604
286.703529 -127.707848
286.703577 -133.623047
286.703625 -133.439316
286.703673 -131.707596
286.703721 -127.234917
286.703769 -127.198318
286.703817 -129.859528
286.703865 -132.166885
286.703913 -127.764618
286.703962 -127.219101
286.704010 -127.695747
286.704058 -128.106781
286.704106 -126.822327
286.704154 -127.053719
286.704202 -129.464081
286.704250 -132.972794
286.704298 -129.609528
286.704346 -124.713150
286.704394 -123.592461
286.704442 -123.688469
286.704490 -126.386978
286.704538 -126.262527
286.704587 -121.359016
286.704635 -120.327248
286.704683 -120.506866
286.704731 -123.059395
286.704779 -126.611961
286.704827 -126.078606
286.704875 -126.091537
286.704923 -128.170151
286.704971 -130.434525
286.705019 -130.766434
286.705067 -134.038589
286.705115 -129.713638
286.705163 -128.130524
286.705212 -126.730614
286.705260 -122.677322
286.705308 -121.858887
286.705356 -122.137054
286.705404 -123.863358
286.705452 -123.750740
286.705500 -124.667709
286.705548 -127.223198
286.705596 -127.389709
286.705644 -129.256790
286.705692 -132.692703
286.705740 -126.728180
286.705788 -126.180870
286.705837 -126.697754
286.705885 -130.963440
286.705933 -137.722015
286.705981 -138.805649
286.706029 -141.483719
286.706077 -133.762344
286.706125 -127.946404
286.706173 -127.925117
286.706221 -131.345108
286.706269 -127.836090
286.706317 -127.875603
286.706365 -132.194092
286.706413 -131.330902
286.706462 -130.022736
286.706510 -127.767387
286.706558 -127.493523
286.706606 -128.266159
286.706654 -134.912064
286.706702 -136.038544
286.706750 -136.072678
286.706798 -136.048035
286.706846 -131.449432
286.706894 -131.420990
286.706942 -135.833801
286.706990 -134.682190
286.707038 -133.086685
286.707087 -130.190338
286.707135 -129.932480
286.707183 -129.470322
286.707231 -129.179047
286.707279 -129.337494
286.707327 -131.442490
286.707375 -130.086670
286.707423 -130.282562
286.707471 -127.764587
286.707519 -125.340675
286.707567 -125.358131
286.707615 -126.858414
286.707663 -128.704376
286.707712 -134.277863
286.707760 -126.278214
286.707808 -125.583138
286.707856 -126.385223
286.707904 -133.322571
286.707952 -132.508896
286.708000 -131.085114
286.708048 -128.358505
286.708096 -127.822350
286.708144 -128.137939
286.708192 -129.142563
286.708240 -129.087830
286.708288 -129.922623
286.708337 -131.733719
286.708385 -134.110992
286.708433 -133.461273
286.708481 -134.807465
286.708529 -132.307373
286.708577 -132.450745
286.708625 -134.314728
286.708673 -132.968857
286.708721 -133.427734
286.708769 -137.097610
286.708817 -131.775986
286.708865 -129.003784
286.708913 -129.067017
286.708962 -125.657280
286.709010 -124.916916
286.709058 -125.564522
286.709106 -129.268967
286.709154 -124.909035
286.709202 -124.206055
286.709250 -124.206337
286.709298 -124.724739
286.709346 -126.515907
286.709394 -131.404846
286.709442 -126.312698
286.709490 -125.273354
286.709538 -126.211571
286.709587 -134.942810
286.709635 -140.040085
286.709683 -138.596878
286.709731 -138.778870
286.709779 -137.851089
286.709827 -132.440964
286.709875 -127.716980
286.709923 -126.992210
286.709971 -127.303658
286.710019 -131.598373
286.710067 -130.598831
286.710115 -125.406723
286.710163 -122.764923
286.710212 -122.655983
286.710260 -123.336105
286.710308 -125.143875
286.710356 -126.606346
286.710404 -128.963089
286.710452 -131.999374
286.710500 -128.337616
286.710548 -128.332794
286.710596 -126.753517
286.710644 -126.605286
286.710692 -127.362701
286.710740 -127.375938
286.710788 -127.910942
286.710837 -133.154816
286.710885 -133.583771
286.710933 -137.271790
286.710981 -138.677979
286.711029 -136.010620
286.711077 -135.994263
286.711125 -138.710480
286.711173 -137.502701
286.711221 -131.219681
286.711269 -128.505814
286.711317 -127.603172
286.711365 -127.508682
286.711413 -128.035141
286.711462 -132.030243
286.711510 -139.654404
286.711558 -138.554688
286.711606 -136.641968
286.711654 -131.448792
286.711702 -128.350662
286.711750 -128.099457
286.711798 -128.591248
286.711846 -126.935257
286.711894 -125.940582
286.711942 -126.029434
286.711990 -128.156448
286.712038 -127.349419
286.712087 -127.317688
286.712135 -129.677780
286.712183 -131.878418
286.712231 -131.180511
286.712279 -129.917496
286.712327 -129.820465
286.712375 -131.559769
286.712423 -133.283218
286.712471 -133.251099
286.712519 -134.874954
286.712567 -137.697815
286.712615 -132.172211
286.712663 -131.843201
286.712712 -133.988678
286.712760 -128.662216
286.712808 -125.959023
286.712856 -125.958130
286.712904 -128.285980
286.712952 -127.978767
286.713000 -125.709801
286.713048 -125.716560
286.713096 -129.039444
286.713144 -136.753296
286.713192 -136.122650
286.713240 -132.240356
286.713288 -132.245392
286.713337 -134.410065
286.713385 -127.478401
286.713433 -126.826653
286.713481 -127.479088
286.713529 -132.785248
286.713577 -132.724594
286.713625 -128.397049
286.713673 -127.380333
286.713721 -126.573540
286.713769 -124.785843
286.713817 -124.333214
286.713865 -124.411980
286.713913 -125.224167
286.713962 -125.051842
286.714010 -124.843513
286.714058 -124.856041
286.714106 -125.582787
286.714154 -127.765274
286.714202 -132.740372
286.714250 -135.045883
286.714298 -130.693329
286.714346 -126.203552
286.714394 -126.163361
286.714442 -128.343796
286.714490 -134.993195
286.714538 -138.012985
286.714587 -137.357452
286.714635 -139.636734
286.714683 -140.593674
286.714731 -129.773743
286.714779 -124.057549
286.714827 -122.406166
286.714875 -122.405190
286.714923 -123.191132
286.714971 -123.126930
286.715019 -123.123573
286.715067 -124.344292
286.715115 -127.410469
286.715163 -127.937683
286.715212 -130.773407
286.715260 -129.998642
286.715308 -125.131630
286.715356 -124.403816
286.715404 -124.822533
286.715452 -127.899651
286.715500 -128.770630
286.715548 -131.194748
286.715596 -136.227615
286.715644 -131.771255
286.715692 -131.503204
286.715740 -132.845993
286.715788 -129.769272
286.715837 -129.622818
286.715885 -128.545120
286.715933 -124.417091
286.715981 -121.798317
286.716029 -121.227539
286.716077 -121.347458
286.716125 -123.134399
286.716173 -125.733063
286.716221 -129.536697
286.716269 -131.157776
286.716317 -128.050827
286.716365 -126.274353
286.716413 -126.284706
286.716462 -129.193771
286.716510 -125.592377
286.716558 -125.591751
286.716606 -130.191956
286.716654 -129.515213
286.716702 -128.075439
286.716750 -127.852669
286.716798 -127.964638
286.716846 -128.796768
286.716894 -129.101318
286.716942 -131.308212
286.716990 -128.215164
286.717038 -125.502647
286.717087 -125.019875
286.717135 -125.082298
286.717183 -126.344040
286.717231 -128.699005
286.717279 -132.134506
286.717327 -132.701843
286.717375 -131.488510
286.717423 -131.554810
286.717471 -132.127060
286.717519 -130.572586
286.717567 -128.891922
286.717615 -128.927811
286.717663 -127.573708
286.717712 -127.575905
286.717760 -130.283722
286.717808 -133.161652
286.717856 -124.821480
286.717904 -122.108215
286.717952 -122.108231
286.718000 -124.440460
286.718048 -129.158615
286.718096 -130.128250
286.718144 -132.638199
286.718192 -138.934891
286.718240 -140.678986
286.718288 -134.411972
286.718337 -133.707291
286.718385 -133.318909
286.718433 -125.052017
286.718481 -124.207764
286.718529 -124.847359
286.718577 -124.413307
286.718625 -122.967018
286.718673 -122.945404
286.718721 -123.887009
286.718769 -125.541519
286.718817 -125.144562
286.718865 -125.525963
286.718913 -130.283157
286.718962 -130.595612
286.719010 -128.823044
286.719058 -128.809875
286.719106 -129.101959
286.719154 -129.495132
286.719202 -128.825409
286.719250 -128.406555
286.719298 -128.433685
286.719346 -129.329041
286.719394 -133.687363
286.719442 -130.434464
286.719490 -128.683456
286.719538 -128.683975
286.719587 -130.073364
286.719635 -136.375275
286.719683 -132.141037
286.719731 -130.757263
286.719779 -130.950928
286.719827 -130.607773
286.719875 -128.598389
286.719923 -128.483078
286.719971 -129.357788
286.720019 -133.119629
286.720067 -133.575974
286.720115 -130.993240
286.720163 -126.686134
286.720212 -123.058144
286.720260 -120.819481
286.720308 -120.752899
286.720356 -122.170532
286.720404 -125.629951
286.720452 -128.962067
286.720500 -134.328094
286.720548 -134.164520
286.720596 -138.874146
286.720644 -135.104462
286.720692 -132.218933
286.720740 -132.214417
286.720788 -134.620880
286.720837 -133.320572
286.720885 -128.077545
286.720933 -126.478493
286.720981 -126.249924
286.721029 -126.440018
286.721077 -129.392242
286.721125 -130.204544
286.721173 -128.932571
286.721221 -129.698090
286.721269 -125.869171
286.721317 -123.890900
286.721365 -123.908218
286.721413 -126.833260
286.721462 -133.811188
286.721510 -136.293152
286.721558 -127.031273
286.721606 -122.927994
286.721654 -122.870399
286.721702 -126.117447
286.721750 -126.297272
286.721798 -126.186890
286.721846 -127.787178
286.721894 -125.087837
286.721942 -124.979584
286.721990 -125.980400
286.722038 -131.026779
286.722087 -131.809448
286.722135 -129.913910
286.722183 -129.804947
286.722231 -131.094055
286.722279 -132.938629
286.722327 -129.745499
286.722375 -129.000427
286.722423 -128.882156
286.722471 -129.510162
286.722519 -131.804733
286.722567 -124.686768
286.722615 -122.240227
286.722663 -122.006027
286.722712 -122.367744
286.722760 -123.771927
286.722808 -124.474388
286.722856 -129.059509
286.722904 -126.059776
286.722952 -125.243835
286.723000 -125.362389
286.723048 -125.601479
286.723096 -126.163940
286.723144 -126.864502
286.723192 -126.931152
286.723240 -126.918571
286.723288 -128.005951
286.723337 -131.724640
286.723385 -132.867188
286.723433 -133.030670
286.723481 -135.318390
286.723529 -131.717087
286.723577 -128.211472
286.723625 -128.209625
286.723673 -131.244278
286.723721 -128.459412
286.723769 -123.629700
286.723817 -123.003609
286.723865 -123.510338
286.723913 -128.282013
286.723962 -138.579041
286.724010 -139.207672
286.724058 -139.209961
286.724106 -134.788605
286.724154 -132.527069
286.724202 -132.559067
286.724250 -131.161774
286.724298 -126.291389
286.724346 -124.314713
286.724394 -124.296280
286.724442 -126.126221
286.724490 -135.078217
286.724538 -129.888718
286.724587 -129.060898
286.724635 -129.399506
286.724683 -128.481873
286.724731 -127.834190
286.724779 -128.998688
286.724827 -136.889191
286.724875 -135.779739
286.724923 -133.879135
286.724971 -133.772644
286.725019 -135.326324
286.725067 -134.628448
286.725115 -134.734131
286.725163 -126.604378
286.725212 -125.823479
286.725260 -126.983772
286.725308 -124.583237
286.725356 -124.550629
286.725404 -127.763573
286.725452 -131.491669
286.725500 -131.269089
286.725548 -127.770317
286.725596 -124.608391
286.725644 -124.059105
286.725692 -124.149643
286.725740 -124.835953
286.725788 -126.304420
286.725837 -132.781219
286.725885 -130.798569
286.725933 -129.239914
286.725981 -126.531212
286.726029 -126.087158
286.726077 -126.776299
286.726125 -132.816895
286.726173 -131.724655
286.726221 -123.785667
286.726269 -122.649261
286.726317 -122.848801
286.726365 -125.246536
286.726413 -127.856026
286.726462 -126.874069
286.726510 -126.870560
286.726558 -128.145874
286.726606 -131.461151
286.726654 -130.485352
286.726702 -126.446167
286.726750 -123.521950
286.726798 -123.205658
286.726846 -124.127686
286.726894 -125.062073
286.726942 -125.059647
286.726990 -128.419785
286.727038 -139.803146
286.727087 -136.093384
286.727135 -126.332176
286.727183 -124.324493
286.727231 -124.359222
286.727279 -126.001488
286.727327 -126.784676
286.727375 -125.258850
286.727423 -123.446228
286.727471 -123.123665
286.727519 -123.623817
286.727567 -128.216660
286.727615 -129.528625
286.727663 -129.541840
286.727712 -132.690170
286.727760 -134.833405
286.727808 -131.681686
286.727856 -131.677170
286.727904 -134.607727
286.727952 -134.082779
286.728000 -130.070007
286.728048 -127.440697
286.728096 -126.404343
286.728144 -126.456268
286.728192 -129.637283
286.728240 -126.002251
286.728288 -125.014038
286.728337 -125.326653
286.728385 -130.196075
286.728433 -124.298492
286.728481 -124.066803
286.728529 -125.491829
286.728577 -128.928848
286.728625 -129.009018
286.728673 -131.146362
286.728721 -130.957520
286.728769 -130.306534
286.728817 -130.255905
286.728865 -131.348312
286.728913 -134.642395
286.728962 -131.776093
286.729010 -128.656143
286.729058 -128.118622
286.729106 -128.740936
286.729154 -134.738678
286.729202 -129.201706
286.729250 -126.109146
286.729298 -125.515724
286.729346 -126.055122
286.729394 -129.436249
286.729442 -126.988785
286.729490 -125.748550
286.729538 -125.303482
286.729587 -126.021950
286.729635 -134.063507
286.729683 -134.451324
286.729731 -134.414001
286.729779 -135.765808
286.729827 -133.221054
286.729875 -129.117767
286.729923 -128.871796
286.729971 -129.170914
286.730019 -130.184433
286.730067 -129.228470
286.730115 -125.640099
286.730163 -124.957298
286.730212 -125.242424
286.730260 -124.524918
286.730308 -123.939453
286.730356 -124.532799
286.730404 -130.747040
286.730452 -132.042862
286.730500 -132.057343
286.730548 -132.814896
286.730596 -132.783188
286.730644 -129.085571
286.730692 -125.702232
286.730740 -125.444588
286.730788 -125.542877
286.730837 -126.020981
286.730885 -125.794365
286.730933 -126.146667
286.730981 -126.836021
286.731029 -126.716934
286.731077 -127.157066
286.731125 -129.322052
286.731173 -132.566971
286.731221 -133.416702
286.731269 -134.381561
286.731317 -134.427765
286.731365 -133.399429
286.731413 -130.415359
286.731462 -125.566254
286.731510 -124.436478
286.731558 -124.734909
286.731606 -130.030518
286.731654 -137.674805
286.731702 -132.830734
286.731750 -128.040558
286.731798 -127.153824
286.731846 -127.780128
286.731894 -126.312508
286.731942 -125.532707
286.731990 -125.761261
286.732038 -127.998466
286.732087 -131.675171
286.732135 -132.689789
286.732183 -131.650009
286.732231 -131.634048
286.732279 -134.225159
286.732327 -130.541672
286.732375 -127.334511
286.732423 -127.254265
286.732471 -129.354599
286.732519 -128.622955
286.732567 -125.360016
286.732615 -124.595222
286.732663 -124.331268
286.732712 -124.467407
286.732760 -126.925827
286.732808 -130.530777
286.732856 -128.131851
286.732904 -127.435776
286.732952 -127.134377
286.733000 -127.148453
