284.768000 -118.725739
284.768288 -121.602837
284.768577 -121.521408
284.768865 -122.359344
284.769154 -122.515999
284.769442 -122.647591
284.769731 -124.782761
284.770019 -124.350189
284.770308 -123.834167
284.770596 -119.869644
284.770885 -119.458488
284.771173 -120.588837
284.771462 -127.643044
284.771750 -121.226707
284.772038 -119.942673
284.772327 -120.421326
284.772615 -117.007500
284.772904 -116.835556
284.773192 -118.938072
284.773481 -118.634636
284.773769 -119.039772
284.774058 -120.105492
284.774346 -121.942299
284.774635 -116.054977
284.774923 -116.051804
284.775212 -118.989334
284.775500 -120.710663
284.775788 -120.705299
284.776077 -124.363441
284.776365 -121.412468
284.776654 -121.954453
284.776942 -125.111008
284.777231 -125.643013
284.777519 -129.729370
284.777808 -122.814438
284.778096 -120.109352
284.778385 -120.085182
284.778673 -121.990395
284.778962 -120.210236
284.779250 -115.223328
284.779538 -115.059402
284.779827 -116.961800
284.780115 -121.407051
284.780404 -131.014023
284.780692 -122.825050
284.780981 -119.425774
284.781269 -119.350342
284.781558 -120.840721
284.781846 -122.797867
284.782135 -123.758644
284.782423 -125.250221
284.782712 -130.195648
284.783000 -126.144554
284.783288 -120.185478
284.783577 -118.809074
284.783865 -119.586082
284.784154 -124.192863
284.784442 -127.097008
284.784731 -122.562065
284.785019 -121.095215
284.785308 -121.448769
284.785596 -123.895462
284.785885 -120.681305
284.786173 -120.700325
284.786462 -123.814133
284.786750 -127.158516
284.787038 -122.043449
284.787327 -122.056213
284.787615 -125.376595
284.787904 -127.874542
284.788192 -130.920731
284.788481 -129.797424
284.788769 -129.673325
284.789058 -125.043175
284.789346 -125.045341
284.789635 -126.858475
284.789923 -126.921661
284.790212 -135.736237
284.790500 -128.378372
284.790788 -122.343582
284.791077 -121.993286
284.791365 -123.529900
284.791654 -130.411697
284.791942 -130.347626
284.792231 -127.978088
284.792519 -120.175575
284.792808 -119.927597
284.793096 -125.149979
284.793385 -122.087555
284.793673 -122.104210
284.793962 -122.874184
284.794250 -121.528206
284.794538 -121.324669
284.794827 -124.107666
284.795115 -123.272102
284.795404 -122.000282
284.795692 -121.889023
284.795981 -122.790367
284.796269 -118.394165
284.796558 -116.764214
284.796846 -116.916176
284.797135 -121.702339
284.797423 -119.894836
284.797712 -118.933350
284.798000 -120.135765
284.798288 -123.340088
284.798577 -125.213066
284.798865 -124.849167
284.799154 -124.251717
284.799442 -119.845619
284.799731 -119.261162
284.800019 -119.403572
284.800308 -119.760727
284.800596 -117.743813
284.800885 -115.393219
284.801173 -115.440895
284.801462 -118.899727
284.801750 -121.798973
284.802038 -121.786659
284.802327 -122.722481
284.802615 -122.330887
284.802904 -116.296524
284.803192 -116.211952
284.803481 -118.782005
284.803769 -122.357147
284.804058 -125.075378
284.804346 -122.085754
284.804635 -122.153168
284.804923 -125.958626
284.805212 -121.307320
284.805500 -121.533981
284.805788 -120.446075
284.806077 -119.339531
284.806365 -121.249535
284.806654 -122.124031
284.806942 -117.900208
284.807231 -117.923752
284.807519 -128.044617
284.807808 -128.211960
284.808096 -119.500397
284.808385 -118.610062
284.808673 -120.256828
284.808962 -124.933456
284.809250 -124.956047
284.809538 -126.578743
284.809827 -125.303543
284.810115 -122.672607
284.810404 -122.644600
284.810692 -127.128685
284.810981 -125.043915
284.811269 -121.127296
284.811558 -120.887520
284.811846 -122.116104
284.812135 -127.543571
284.812423 -126.067703
284.812712 -126.173691
284.813000 -126.241417
284.813288 -130.985367
284.813577 -130.607040
284.813865 -126.484917
284.814154 -125.018257
284.814442 -123.931808
284.814731 -123.591202
284.815019 -125.204300
284.815308 -125.400246
284.815596 -120.804321
284.815885 -119.066566
284.816173 -117.862389
284.816462 -117.096725
284.816750 -117.010689
284.817038 -120.379082
284.817327 -119.807808
284.817615 -119.808624
284.817904 -125.989479
284.818192 -119.533485
284.818481 -118.756187
284.818769 -120.130447
284.819058 -125.673782
284.819346 -127.797272
284.819635 -132.274048
284.819923 -129.143768
284.820212 -123.150543
284.820500 -119.778351
284.820788 -118.233673
284.821077 -117.924004
284.821365 -118.733879
284.821654 -123.925453
284.821942 -123.401688
284.822231 -126.318024
284.822519 -122.412552
284.822808 -121.983223
284.823096 -123.888176
284.823385 -127.055611
284.823673 -123.067001
284.823962 -122.320908
284.824250 -122.949310
284.824538 -122.693832
284.824827 -118.034454
284.825115 -116.321587
284.825404 -116.324829
284.825692 -119.438026
284.825981 -128.373383
284.826269 -126.306564
284.826558 -120.254646
284.826846 -116.758698
284.827135 -116.708435
284.827423 -119.503685
284.827712 -125.594810
284.828000 -118.913376
284.828288 -118.430649
284.828577 -120.322411
284.828865 -122.761925
284.829154 -122.755775
284.829442 -119.976898
284.829731 -117.441498
284.830019 -117.415253
284.830308 -120.303230
284.830596 -129.053879
284.830885 -125.351067
284.831173 -125.476746
284.831462 -129.251480
284.831750 -126.234032
284.832038 -126.304482
284.832327 -134.072174
284.832615 -133.723602
284.832904 -128.362900
284.833192 -122.774216
284.833481 -122.959389
284.833769 -125.549820
284.834058 -125.045586
284.834346 -124.756821
284.834635 -128.504059
284.834923 -123.383347
284.835212 -116.501259
284.835500 -114.866837
284.835788 -115.021126
284.836077 -118.732063
284.836365 -117.667328
284.836654 -116.052315
284.836942 -115.673370
284.837231 -115.964935
284.837519 -119.681969
284.837808 -121.601547
284.838096 -120.988976
284.838385 -121.471069
284.838673 -124.364571
284.838962 -126.779945
284.839250 -118.852730
284.839538 -118.331444
284.839827 -118.535370
284.840115 -119.907509
284.840404 -120.302879
284.840692 -118.663971
284.840981 -119.187965
284.841269 -119.370216
284.841558 -122.285088
284.841846 -120.369949
284.842135 -121.266724
284.842423 -125.061279
284.842712 -120.217758
284.843000 -118.790215
284.843288 -118.689796
284.843577 -118.670258
284.843865 -121.133163
284.844154 -131.012482
284.844442 -125.828194
284.844731 -123.124039
284.845019 -121.128494
284.845308 -122.063622
284.845596 -120.210297
284.845885 -119.689972
284.846173 -120.903809
284.846462 -120.372139
284.846750 -122.184715
284.847038 -129.390671
284.847327 -122.941116
284.847615 -116.318924
284.847904 -116.316093
284.848192 -120.689316
284.848481 -122.579132
284.848769 -124.773994
284.849058 -123.861183
284.849346 -120.663506
284.849635 -119.292702
284.849923 -117.797485
284.850212 -117.339470
284.850500 -117.640297
284.850788 -120.895180
284.851077 -128.710022
284.851365 -125.269043
284.851654 -122.755615
284.851942 -119.652679
284.852231 -119.528564
284.852519 -120.250282
284.852808 -120.725914
284.853096 -124.658691
284.853385 -120.917183
284.853673 -120.741196
284.853962 -122.270226
284.854250 -117.563416
284.854538 -117.299706
284.854827 -119.842224
284.855115 -128.084641
284.855404 -124.217171
284.855692 -119.720154
284.855981 -119.718971
284.856269 -124.044220
284.856558 -127.342278
284.856846 -135.801804
284.857135 -128.250549
284.857423 -121.642479
284.857712 -118.858139
284.858000 -118.867256
284.858288 -121.442833
284.858577 -117.606415
284.858865 -117.145424
284.859154 -119.510078
284.859442 -126.861588
284.859731 -122.741264
284.860019 -121.400803
284.860308 -120.743027
284.860596 -119.387001
284.860885 -119.449028
284.861173 -126.303871
284.861462 -124.701653
284.861750 -126.161446
284.862038 -135.387466
284.862327 -125.577461
284.862615 -121.368286
284.862904 -119.850571
284.863192 -120.168594
284.863481 -119.574631
284.863769 -118.127281
284.864058 -119.013382
284.864346 -123.240639
284.864635 -122.129471
284.864923 -123.082817
284.865212 -129.408783
284.865500 -127.849846
284.865788 -120.181831
284.866077 -116.333763
284.866365 -116.022499
284.866654 -117.378769
284.866942 -124.361526
284.867231 -127.523827
284.867519 -126.783928
284.867808 -128.440186
284.868096 -130.298813
284.868385 -123.117142
284.868673 -122.741737
284.868962 -124.354355
284.869250 -128.915131
284.869538 -126.917915
284.869827 -124.179817
284.870115 -119.245705
284.870404 -115.849846
284.870692 -115.821968
284.870981 -119.670593
284.871269 -125.932465
284.871558 -126.227287
284.871846 -132.179733
284.872135 -129.821014
284.872423 -120.700882
284.872712 -120.325851
284.873000 -120.649597
284.873288 -120.133873
284.873577 -120.080864
284.873865 -121.526428
284.874154 -123.809822
284.874442 -124.140450
284.874731 -120.072037
284.875019 -120.060402
284.875308 -121.619186
284.875596 -123.820023
284.875885 -132.479721
284.876173 -127.102440
284.876462 -122.860664
284.876750 -122.785645
284.877038 -128.810455
284.877327 -125.747192
284.877615 -121.118103
284.877904 -121.000298
284.878192 -123.772469
284.878481 -124.181717
284.878769 -115.862328
284.879058 -115.169006
284.879346 -116.282837
284.879635 -119.921143
284.879923 -123.457031
284.880212 -122.883072
284.880500 -121.915337
284.880788 -120.017174
284.881077 -118.431732
284.881365 -118.380501
284.881654 -120.146904
284.881942 -121.845901
284.882231 -121.079369
284.882519 -118.906036
284.882808 -118.906807
284.883096 -123.152817
284.883385 -122.121429
284.883673 -121.525246
284.883962 -122.304314
284.884250 -127.900085
284.884538 -123.170616
284.884827 -118.854385
284.885115 -118.830688
284.885404 -118.656929
284.885692 -118.657410
284.885981 -119.593025
284.886269 -120.391724
284.886558 -124.492531
284.886846 -124.126373
284.887135 -123.884460
284.887423 -122.015930
284.887712 -122.343796
284.888000 -128.108002
284.888288 -128.979446
284.888577 -126.425125
284.888865 -119.714752
284.889154 -118.804901
284.889442 -120.886719
284.889731 -121.201668
284.890019 -123.124756
284.890308 -123.172150
284.890596 -119.697372
284.890885 -119.921921
284.891173 -123.830467
284.891462 -127.181625
284.891750 -125.475281
284.892038 -123.936081
284.892327 -124.415955
284.892615 -129.308105
284.892904 -123.405617
284.893192 -122.305672
284.893481 -122.636093
284.893769 -124.093704
284.894058 -124.771667
284.894346 -125.230431
284.894635 -135.940430
284.894923 -143.405884
284.895212 -127.820396
284.895500 -122.053902
284.895788 -121.969711
284.896077 -126.603928
284.896365 -128.475845
284.896654 -120.461899
284.896942 -118.592430
284.897231 -118.893539
284.897519 -122.277435
284.897808 -122.007042
284.898096 -116.834938
284.898385 -116.222923
284.898673 -116.672272
284.898962 -118.011436
284.899250 -121.685432
284.899538 -131.245987
284.899827 -126.656433
284.900115 -126.385536
284.900404 -130.727173
284.900692 -125.715958
284.900981 -122.632202
284.901269 -121.320374
284.901558 -121.924149
284.901846 -118.670990
284.902135 -118.800079
284.902423 -122.929817
284.902712 -129.997116
284.903000 -127.117416
284.903288 -127.439240
284.903577 -125.940582
284.903865 -120.218941
284.904154 -119.579285
284.904442 -121.562508
284.904731 -120.011429
284.905019 -120.195145
284.905308 -120.324127
284.905596 -119.335381
284.905885 -120.543243
284.906173 -124.248650
284.906462 -124.860970
284.906750 -132.861511
284.907038 -127.229546
284.907327 -123.270744
284.907615 -123.235031
284.907904 -122.261093
284.908192 -118.758720
284.908481 -118.560272
284.908769 -118.708717
284.909058 -119.532417
284.909346 -122.885437
284.909635 -122.174095
284.909923 -122.948036
284.910212 -122.222664
284.910500 -119.656021
284.910788 -119.661713
284.911077 -122.587791
284.911365 -127.928131
284.911654 -129.119141
284.911942 -122.402725
284.912231 -120.406120
284.912519 -121.177467
284.912808 -121.575333
284.913096 -119.455811
284.913385 -119.575661
284.913673 -123.578545
284.913962 -124.374924
284.914250 -124.129601
284.914538 -124.050873
284.914827 -117.471420
284.915115 -117.092422
284.915404 -118.069290
284.915692 -119.906235
284.915981 -122.469055
284.916269 -125.144295
284.916558 -128.421310
284.916846 -125.191895
284.917135 -124.341316
284.917423 -124.618217
284.917712 -125.286011
284.918000 -116.030846
284.918288 -114.283684
284.918577 -114.131218
284.918865 -117.462540
284.919154 -121.571945
284.919442 -121.468262
284.919731 -122.540192
284.920019 -122.316933
284.920308 -123.794495
284.920596 -124.846642
284.920885 -128.600632
284.921173 -121.323685
284.921462 -120.571274
284.921750 -121.714813
284.922038 -124.253502
284.922327 -120.907158
284.922615 -120.907463
284.922904 -121.256126
284.923192 -121.093399
284.923481 -123.837799
284.923769 -121.384033
284.924058 -120.755920
284.924346 -122.237701
284.924635 -132.189789
284.924923 -132.722305
284.925212 -124.599396
284.925500 -120.115364
284.925788 -120.447563
284.926077 -123.535561
284.926365 -120.171059
284.926654 -119.694679
284.926942 -120.139801
284.927231 -120.917381
284.927519 -121.942268
284.927808 -122.894875
284.928096 -122.861870
284.928385 -126.208237
284.928673 -120.527573
284.928962 -115.188858
284.929250 -115.186569
284.929538 -117.976151
284.929827 -120.835571
284.930115 -123.960159
284.930404 -123.380249
284.930692 -122.319054
284.930981 -122.667496
284.931269 -127.027817
284.931558 -126.920433
284.931846 -126.617249
284.932135 -120.246567
284.932423 -119.987999
284.932712 -122.235497
284.933000 -122.251228
284.933288 -122.127884
284.933577 -125.196136
284.933865 -123.546707
284.934154 -124.926407
284.934442 -119.505157
284.934731 -119.099113
284.935019 -119.991089
284.935308 -120.907547
284.935596 -118.674461
284.935885 -118.700714
284.936173 -122.079300
284.936462 -127.800301
284.936750 -123.144592
284.937038 -123.428032
284.937327 -129.076096
284.937615 -120.399208
284.937904 -118.069542
284.938192 -118.350464
284.938481 -124.032295
284.938769 -124.016960
284.939058 -120.376579
284.939346 -120.373192
284.939635 -122.603638
284.939923 -118.874298
284.940212 -117.654343
284.940500 -118.548737
284.940788 -121.734421
284.941077 -121.733032
284.941365 -124.337204
284.941654 -121.543350
284.941942 -121.593475
284.942231 -122.728966
284.942519 -126.997780
284.942808 -120.723862
284.943096 -118.366066
284.943385 -118.410912
284.943673 -123.033401
284.943962 -133.653229
284.944250 -125.513123
284.944538 -117.253471
284.944827 -116.840591
284.945115 -120.409798
284.945404 -124.652306
284.945692 -126.289627
284.945981 -123.344185
284.946269 -117.296677
284.946558 -116.138412
284.946846 -116.470505
284.947135 -118.844879
284.947423 -122.066315
284.947712 -121.214981
284.948000 -121.061798
284.948288 -121.403313
284.948577 -119.312935
284.948865 -119.351265
284.949154 -123.570206
284.949442 -121.237541
284.949731 -121.794586
284.950019 -118.994492
284.950308 -116.168228
284.950596 -116.168182
284.950885 -116.836479
284.951173 -117.328209
284.951462 -122.713173
284.951750 -133.198273
284.952038 -123.708084
284.952327 -117.862900
284.952615 -117.859329
284.952904 -122.171898
284.953192 -120.738976
284.953481 -123.505402
284.953769 -122.744659
284.954058 -124.917442
284.954346 -127.302223
284.954635 -125.436996
284.954923 -124.976158
284.955212 -126.458771
284.955500 -121.622635
284.955788 -118.866844
284.956077 -118.859192
284.956365 -121.221443
284.956654 -124.742615
284.956942 -120.538193
284.957231 -120.629868
284.957519 -118.896492
284.957808 -118.751305
284.958096 -120.615898
284.958385 -124.859398
284.958673 -118.851189
284.958962 -117.351570
284.959250 -117.680176
284.959538 -121.868591
284.959827 -123.421982
284.960115 -120.730377
284.960404 -118.953644
284.960692 -114.055321
284.960981 -113.958160
284.961269 -115.321655
284.961558 -114.590782
284.961846 -115.112686
284.962135 -118.177666
284.962423 -118.662560
284.962712 -118.516731
284.963000 -118.830956
284.963288 -122.633423
284.963577 -121.259644
284.963865 -115.003342
284.964154 -114.997818
284.964442 -119.477402
284.964731 -121.139580
284.965019 -120.764931
284.965308 -122.008820
284.965596 -125.820534
284.965885 -126.676544
284.966173 -127.941765
284.966462 -124.496536
284.966750 -124.579338
284.967038 -124.218544
284.967327 -118.618576
284.967615 -118.620865
284.967904 -125.165672
284.968192 -125.193298
284.968481 -129.205414
284.968769 -123.001228
284.969058 -118.879135
284.969346 -118.884453
284.969635 -123.312569
284.969923 -128.716431
284.970212 -127.154694
284.970500 -119.217407
284.970788 -118.877434
284.971077 -120.992256
284.971365 -129.626785
284.971654 -132.942947
284.971942 -123.269218
284.972231 -123.088936
284.972519 -125.857445
284.972808 -127.534996
284.973096 -119.028633
284.973385 -118.943085
284.973673 -121.994682
284.973962 -120.675209
284.974250 -118.812714
284.974538 -119.569687
284.974827 -130.916397
284.975115 -129.741531
284.975404 -127.374901
284.975692 -124.467812
284.975981 -124.301910
284.976269 -118.520935
284.976558 -113.335358
284.976846 -112.759895
284.977135 -113.394333
284.977423 -119.212059
284.977712 -115.527107
284.978000 -114.860825
284.978288 -116.040077
284.978577 -119.092346
284.978865 -117.876350
284.979154 -117.639183
284.979442 -117.932907
284.979731 -119.807503
284.980019 -116.891335
284.980308 -116.412331
284.980596 -117.048599
284.980885 -122.619949
284.981173 -130.481567
284.981462 -130.496780
284.981750 -125.057800
284.982038 -125.364090
284.982327 -132.414444
284.982615 -125.186462
284.982904 -121.849457
284.983192 -121.841545
284.983481 -123.965279
284.983769 -123.181358
284.984058 -123.100624
284.984346 -127.049393
284.984635 -120.951691
284.984923 -120.562447
284.985212 -120.816246
284.985500 -121.324623
284.985788 -118.878952
284.986077 -118.904671
284.986365 -123.246597
284.986654 -128.555237
284.986942 -121.659454
284.987231 -120.728493
284.987519 -121.164063
284.987808 -127.106339
284.988096 -125.827393
284.988385 -120.002937
284.988673 -116.197113
284.988962 -115.670662
284.989250 -116.497635
284.989538 -119.504448
284.989827 -121.823250
284.990115 -122.390793
284.990404 -118.814667
284.990692 -115.944344
284.990981 -115.912445
284.991269 -118.878586
284.991558 -120.438484
284.991846 -119.875511
284.992135 -120.294640
284.992423 -122.874771
284.992712 -121.507820
284.993000 -117.847839
284.993288 -117.780724
284.993577 -119.475571
284.993865 -122.260147
284.994154 -126.264961
284.994442 -124.420692
284.994731 -120.473953
284.995019 -120.298096
284.995308 -123.223442
284.995596 -127.701134
284.995885 -127.614212
284.996173 -125.928375
284.996462 -121.775711
284.996750 -121.513924
284.997038 -120.060959
284.997327 -118.407677
284.997615 -118.990585
284.997904 -124.114822
284.998192 -123.084335
284.998481 -121.157974
284.998769 -120.937653
284.999058 -121.041832
284.999346 -121.577965
284.999635 -120.995659
284.999923 -124.019653
285.000212 -119.206985
285.000500 -119.177635
285.000788 -124.712097
285.001077 -119.579163
285.001365 -119.665688
285.001654 -120.114433
285.001942 -118.343880
285.002231 -118.343719
285.002519 -119.801651
285.002808 -120.480217
285.003096 -119.099396
285.003385 -119.699570
285.003673 -115.216896
285.003962 -114.941879
285.004250 -116.390244
285.004538 -121.126358
285.004827 -125.837273
285.005115 -127.773880
285.005404 -119.218231
285.005692 -117.625092
285.005981 -118.128357
285.006269 -123.213737
285.006558 -121.964508
285.006846 -121.807838
285.007135 -123.191269
285.007423 -122.237129
285.007712 -122.109558
285.008000 -123.602699
285.008288 -124.182205
285.008577 -120.646919
285.008865 -118.292641
285.009154 -118.201080
285.009442 -121.456757
285.009731 -123.105202
285.010019 -121.438522
285.010308 -116.744568
285.010596 -116.351372
285.010885 -116.011749
285.011173 -116.389160
285.011462 -121.008270
285.011750 -122.495232
285.012038 -121.706001
285.012327 -118.072350
285.012615 -118.059608
285.012904 -120.372406
285.013192 -119.358360
285.013481 -116.851242
285.013769 -116.758911
285.014058 -117.959793
285.014346 -125.299568
285.014635 -123.990959
285.014923 -125.812500
285.015212 -124.531532
285.015500 -118.463654
285.015788 -116.662537
285.016077 -116.658379
285.016365 -118.957405
285.016654 -118.574501
285.016942 -115.299126
285.017231 -114.910583
285.017519 -115.551086
285.017808 -118.749008
285.018096 -121.703819
285.018385 -127.012764
285.018673 -122.383148
285.018962 -120.376656
285.019250 -120.516396
285.019538 -127.558525
285.019827 -126.166016
285.020115 -125.199181
285.020404 -119.707420
285.020692 -119.391472
285.020981 -119.976151
285.021269 -119.813225
285.021558 -120.141571
285.021846 -121.436554
285.022135 -117.715019
285.022423 -117.724915
285.022712 -122.326523
285.023000 -127.229523
285.023288 -126.795578
285.023577 -120.989456
285.023865 -118.100731
285.024154 -118.195595
285.024442 -122.590088
285.024731 -130.672974
285.025019 -125.821144
285.025308 -125.533417
285.025596 -123.574226
285.025885 -123.491020
285.026173 -123.710945
285.026462 -118.706978
285.026750 -118.227043
285.027038 -118.642815
285.027327 -118.490692
285.027615 -119.379959
285.027904 -124.897339
285.028192 -131.069168
285.028481 -132.073715
285.028769 -125.029060
285.029058 -124.436172
285.029346 -124.024940
285.029635 -118.829674
285.029923 -117.978889
285.030212 -117.483681
285.030500 -117.484673
285.030788 -118.837730
285.031077 -121.278229
285.031365 -120.136566
285.031654 -120.945488
285.031942 -124.749313
285.032231 -119.549995
285.032519 -119.167946
285.032808 -120.136879
285.033096 -119.531807
285.033385 -115.410042
285.033673 -114.052994
285.033962 -113.746124
285.034250 -114.082764
285.034538 -118.614426
285.034827 -123.199883
285.035115 -123.194229
285.035404 -124.867493
285.035692 -124.386238
285.035981 -125.564255
285.036269 -123.782196
285.036558 -121.801071
285.036846 -121.619308
285.037135 -122.150772
285.037423 -121.013214
285.037712 -120.765541
285.038000 -120.031288
285.038288 -119.882561
285.038577 -120.342056
285.038865 -121.168938
285.039154 -123.424667
285.039442 -115.906044
285.039731 -115.613731
285.040019 -117.002136
285.040308 -118.705750
285.040596 -118.702255
285.040885 -125.639709
285.041173 -124.988464
285.041462 -122.925621
285.041750 -118.171799
285.042038 -118.118111
285.042327 -121.286797
285.042615 -117.383575
285.042904 -115.442268
285.043192 -115.551086
285.043481 -117.519691
285.043769 -118.509537
285.044058 -119.438934
285.044346 -127.306198
285.044635 -121.484215
285.044923 -121.331070
285.045212 -123.554382
285.045500 -119.770523
285.045788 -118.767708
285.046077 -120.569489
285.046365 -121.994705
285.046654 -121.589447
285.046942 -117.035797
285.047231 -116.903946
285.047519 -118.262184
285.047808 -120.698135
285.048096 -124.504883
285.048385 -130.288986
285.048673 -124.459541
285.048962 -123.186920
285.049250 -124.166176
285.049538 -121.555733
285.049827 -121.679497
285.050115 -126.411133
285.050404 -121.120918
285.050692 -119.812126
285.050981 -119.812737
285.051269 -119.284180
285.051558 -117.233871
285.051846 -117.280640
285.052135 -118.641060
285.052423 -120.063408
285.052712 -124.505173
285.053000 -124.311104
285.053288 -122.575371
285.053577 -120.273605
285.053865 -121.283043
285.054154 -121.298370
285.054442 -121.320961
285.054731 -120.089729
285.055019 -119.940903
285.055308 -126.464485
285.055596 -131.258774
285.055885 -128.930466
285.056173 -128.497894
285.056462 -121.706261
285.056750 -118.373688
285.057038 -118.371284
285.057327 -121.041245
285.057615 -133.776855
285.057904 -134.897842
285.058192 -124.096619
285.058481 -122.654671
285.058769 -123.993355
285.059058 -120.387901
285.059346 -120.562828
285.059635 -128.736328
285.059923 -119.523781
285.060212 -118.940826
285.060500 -120.111504
285.060788 -125.625641
285.061077 -125.722603
285.061365 -125.732262
285.061654 -123.899429
285.061942 -117.723732
285.062231 -116.881645
285.062519 -117.939041
285.062808 -123.412117
285.063096 -120.028023
285.063385 -119.205437
285.063673 -119.915894
285.063962 -124.811874
285.064250 -119.913391
285.064538 -119.836891
285.064827 -122.491608
285.065115 -121.370758
285.065404 -119.468315
285.065692 -118.751160
285.065981 -119.101311
285.066269 -123.673645
285.066558 -119.424477
285.066846 -118.760643
285.067135 -119.053040
285.067423 -123.067635
285.067712 -124.440636
285.068000 -122.958450
285.068288 -123.560226
285.068577 -119.685966
285.068865 -117.285431
285.069154 -116.233208
285.069442 -116.302299
285.069731 -120.278084
285.070019 -121.086197
285.070308 -121.076164
285.070596 -125.035652
285.070885 -125.765472
285.071173 -122.910240
285.071462 -120.337517
285.071750 -120.439384
285.072038 -121.290947
285.072327 -119.639534
285.072615 -120.495300
285.072904 -127.699875
285.073192 -131.773315
285.073481 -134.596222
285.073769 -136.260880
285.074058 -132.481873
285.074346 -125.641365
285.074635 -116.978340
285.074923 -116.361748
285.075212 -117.681053
285.075500 -123.007278
285.075788 -122.083000
285.076077 -119.892769
285.076365 -118.414055
285.076654 -118.464012
285.076942 -121.811806
285.077231 -123.902679
285.077519 -122.820206
285.077808 -121.911812
285.078096 -122.382721
285.078385 -122.965820
285.078673 -120.053566
285.078962 -120.080528
285.079250 -118.060883
285.079538 -117.780647
285.079827 -119.601646
285.080115 -125.399712
285.080404 -126.641670
285.080692 -122.358963
285.080981 -122.313965
285.081269 -123.096024
285.081558 -122.917076
285.081846 -123.382927
285.082135 -127.413742
285.082423 -124.139023
285.082712 -124.132164
285.083000 -120.950195
285.083288 -120.900414
285.083577 -125.473663
285.083865 -131.650589
285.084154 -125.794823
285.084442 -124.362198
285.084731 -121.568626
285.085019 -119.347183
285.085308 -119.324631
285.085596 -119.524185
285.085885 -118.652893
285.086173 -119.978813
285.086462 -121.877182
285.086750 -121.884407
285.087038 -122.144699
285.087327 -120.177788
285.087615 -116.516571
285.087904 -113.360367
285.088192 -113.201111
285.088481 -114.713936
285.088769 -115.336304
285.089058 -115.109337
285.089346 -116.219650
285.089635 -122.372940
285.089923 -116.160820
285.090212 -114.127144
285.090500 -114.327148
285.090788 -118.336456
285.091077 -127.485077
285.091365 -129.603897
285.091654 -125.153259
285.091942 -122.459160
285.092231 -120.551834
285.092519 -120.479492
285.092808 -125.309296
285.093096 -129.647156
285.093385 -121.598045
285.093673 -120.190994
285.093962 -116.724007
285.094250 -116.043640
285.094538 -117.665161
285.094827 -119.437500
285.095115 -119.167442
285.095404 -121.557060
285.095692 -121.602837
285.095981 -117.891121
285.096269 -116.757690
285.096558 -116.859978
285.096846 -120.531219
285.097135 -125.158920
285.097423 -125.077377
285.097712 -116.790146
285.098000 -115.545143
285.098288 -116.394836
285.098577 -123.124901
285.098865 -120.473045
285.099154 -119.473114
285.099442 -119.225128
285.099731 -119.746971
285.100019 -120.994621
285.100308 -122.395897
285.100596 -125.331871
285.100885 -125.302406
285.101173 -125.559517
285.101462 -122.044708
285.101750 -121.879929
285.102038 -119.982285
285.102327 -116.990013
285.102615 -116.982193
285.102904 -119.875153
285.103192 -128.761490
285.103481 -122.667496
285.103769 -119.981224
285.104058 -120.185165
285.104346 -122.900261
285.104635 -120.060425
285.104923 -118.599388
285.105212 -119.033661
285.105500 -123.597618
285.105788 -122.579941
285.106077 -119.211143
285.106365 -119.907379
285.106654 -115.472351
285.106942 -115.192993
285.107231 -117.571716
285.107519 -123.599815
285.107808 -120.113571
285.108096 -119.464088
285.108385 -119.096008
285.108673 -119.520294
285.108962 -125.146660
285.109250 -132.440491
285.109538 -131.323517
285.109827 -130.427811
285.110115 -123.254646
285.110404 -121.709625
285.110692 -122.229790
285.110981 -119.508102
285.111269 -119.241821
285.111558 -121.205826
285.111846 -124.529076
285.112135 -123.875999
285.112423 -123.334831
285.112712 -123.366608
285.113000 -123.580887
285.113288 -117.143013
285.113577 -116.954956
285.113865 -118.340866
285.114154 -122.067062
285.114442 -123.160057
285.114731 -124.798134
285.115019 -123.622208
285.115308 -123.134956
285.115596 -126.991692
285.115885 -119.845589
285.116173 -117.679863
285.116462 -117.573502
285.116750 -119.710266
285.117038 -119.391380
285.117327 -119.463875
285.117615 -123.992470
285.117904 -126.204445
285.118192 -124.217194
285.118481 -125.072876
285.118769 -129.147247
285.119058 -121.888527
285.119346 -120.590172
285.119635 -121.105476
285.119923 -122.996559
285.120212 -117.916115
285.120500 -117.648811
285.120788 -119.816902
285.121077 -121.959480
285.121365 -121.009277
285.121654 -121.269135
285.121942 -122.837624
285.122231 -123.547523
285.122519 -126.958321
285.122808 -126.928513
285.123096 -129.106125
285.123385 -124.923637
285.123673 -124.922310
285.123962 -125.986328
285.124250 -120.729652
285.124538 -118.944626
285.124827 -117.325722
285.125115 -117.166054
285.125404 -118.622940
285.125692 -122.415932
285.125981 -123.941078
285.126269 -125.328735
285.126558 -122.585869
285.126846 -122.580101
285.127135 -128.408783
285.127423 -129.551910
285.127712 -125.743355
285.128000 -126.051537
285.128288 -119.878517
285.128577 -113.868690
285.128865 -112.176109
285.129154 -112.159561
285.129442 -113.017334
285.129731 -116.574585
285.130019 -120.885994
285.130308 -120.497589
285.130596 -121.373878
285.130885 -122.608505
285.131173 -126.345444
285.131462 -129.132782
285.131750 -126.232979
285.132038 -117.664040
285.132327 -117.451210
285.132615 -119.681107
285.132904 -119.403938
285.133192 -119.525795
285.133481 -123.981140
285.133769 -131.008896
285.134058 -129.706985
285.134346 -128.182281
285.134635 -126.346764
285.134923 -124.013336
285.135212 -117.530014
285.135500 -117.251297
285.135788 -119.121849
285.136077 -124.200584
285.136365 -118.965462
285.136654 -117.615372
285.136942 -117.694710
285.137231 -120.230721
285.137519 -122.886055
285.137808 -126.639328
285.138096 -127.014091
285.138385 -127.316521
285.138673 -128.791046
285.138962 -122.269920
285.139250 -122.265228
285.139538 -121.528458
285.139827 -121.208206
285.140115 -125.994812
285.140404 -121.688545
285.140692 -122.397583
285.140981 -119.075966
285.141269 -117.805878
285.141558 -118.145279
285.141846 -121.711014
285.142135 -122.720993
285.142423 -125.930885
285.142712 -125.902473
285.143000 -124.685486
285.143288 -122.573135
285.143577 -120.794846
285.143865 -121.628273
285.144154 -134.092499
285.144442 -126.224464
285.144731 -121.380508
285.145019 -121.330002
285.145308 -123.836906
285.145596 -132.580551
285.145885 -123.214600
285.146173 -120.807076
285.146462 -120.801155
285.146750 -122.931137
285.147038 -124.197723
285.147327 -120.917831
285.147615 -119.523819
285.147904 -118.848709
285.148192 -119.146973
285.148481 -124.891510
285.148769 -119.417923
285.149058 -116.685760
285.149346 -116.691864
285.149635 -121.194901
285.149923 -123.354088
285.150212 -124.032501
285.150500 -125.530411
285.150788 -123.625694
285.151077 -123.816223
285.151365 -131.408997
285.151654 -126.705162
285.151942 -124.854416
285.152231 -124.705971
285.152519 -126.193024
285.152808 -118.382561
285.153096 -117.320442
285.153385 -117.967567
285.153673 -127.173470
285.153962 -129.381714
285.154250 -125.373299
285.154538 -118.092659
285.154827 -115.924606
285.155115 -116.563759
285.155404 -120.542511
285.155692 -120.542160
285.155981 -123.798218
285.156269 -122.363358
285.156558 -122.361649
285.156846 -125.900017
285.157135 -124.746704
285.157423 -118.498146
285.157712 -118.428108
285.158000 -122.385712
285.158288 -126.551880
285.158577 -124.848312
285.158865 -121.199745
285.159154 -119.795448
285.159442 -120.969246
285.159731 -122.881096
285.160019 -123.352104
285.160308 -123.720833
285.160596 -123.795944
285.160885 -123.372284
285.161173 -120.340157
285.161462 -118.421707
285.161750 -118.503532
285.162038 -122.703392
285.162327 -130.797043
285.162615 -126.464836
285.162904 -126.481140
285.163192 -126.359581
285.163481 -125.761108
285.163769 -129.024536
285.164058 -130.967575
285.164346 -130.070129
285.164635 -124.110916
285.164923 -123.567436
285.165212 -127.020546
285.165500 -125.781242
285.165788 -126.945663
285.166077 -126.983566
285.166365 -127.673668
285.166654 -125.221298
285.166942 -124.765160
285.167231 -124.785637
285.167519 -118.730293
285.167808 -118.492905
285.168096 -120.104492
285.168385 -128.947403
285.168673 -127.959351
285.168962 -130.255341
285.169250 -130.349518
285.169538 -122.495354
285.169827 -118.660393
285.170115 -118.553467
285.170404 -122.261780
285.170692 -130.472061
285.170981 -130.114899
285.171269 -125.048965
285.171558 -124.806442
285.171846 -127.743675
285.172135 -124.916840
285.172423 -122.277672
285.172712 -117.840393
285.173000 -118.158653
285.173288 -126.763153
285.173577 -122.966782
285.173865 -122.618523
285.174154 -120.870018
285.174442 -120.193016
285.174731 -121.186104
285.175019 -122.247070
285.175308 -121.659760
285.175596 -121.968147
285.175885 -123.702118
285.176173 -127.512245
285.176462 -121.957634
285.176750 -122.026306
285.177038 -125.661491
285.177327 -127.333267
285.177615 -122.909256
285.177904 -122.850914
285.178192 -121.127388
285.178481 -117.744118
285.178769 -117.297035
285.179058 -117.466072
285.179346 -120.811317
285.179635 -117.588440
285.179923 -117.497391
285.180212 -118.344460
285.180500 -118.771873
285.180788 -122.913292
285.181077 -124.830940
285.181365 -118.432442
285.181654 -115.177078
285.181942 -115.099548
285.182231 -117.464920
285.182519 -122.914825
285.182808 -121.817627
285.183096 -123.294266
285.183385 -124.372574
285.183673 -122.116959
285.183962 -121.508568
285.184250 -122.211205
285.184538 -118.219803
285.184827 -116.868423
285.185115 -117.110893
285.185404 -122.464546
285.185692 -121.828133
285.185981 -122.171043
285.186269 -124.985886
285.186558 -124.554527
285.186846 -124.285149
285.187135 -123.168602
285.187423 -125.463455
285.187712 -126.432442
285.188000 -126.866234
285.188288 -126.905899
285.188577 -123.731796
285.188865 -123.885483
285.189154 -128.157074
285.189442 -127.049286
285.189731 -126.276802
285.190019 -126.615120
285.190308 -126.079536
285.190596 -125.856888
285.190885 -129.068146
285.191173 -131.355652
285.191462 -122.995819
285.191750 -121.740150
285.192038 -121.803871
285.192327 -123.644409
285.192615 -121.820496
285.192904 -120.742813
285.193192 -120.859879
285.193481 -121.767380
285.193769 -128.643158
285.194058 -128.284729
285.194346 -124.194145
285.194635 -123.997665
285.194923 -126.383423
285.195212 -131.910461
285.195500 -132.996689
285.195788 -131.484436
285.196077 -123.462624
285.196365 -118.902222
285.196654 -118.172859
285.196942 -119.347557
285.197231 -125.436813
285.197519 -126.147636
285.197808 -117.779465
285.198096 -117.307549
285.198385 -118.989792
285.198673 -122.882713
285.198962 -125.838966
285.199250 -120.598976
285.199538 -119.393120
285.199827 -121.073494
285.200115 -114.872177
285.200404 -114.394531
285.200692 -116.394600
285.200981 -122.470787
285.201269 -122.259590
285.201558 -121.884300
285.201846 -120.918991
285.202135 -120.781052
285.202423 -118.502220
285.202712 -118.458656
285.203000 -121.000763
285.203288 -128.187424
285.203577 -123.626724
285.203865 -122.949448
285.204154 -124.792061
285.204442 -130.189545
285.204731 -121.472168
285.205019 -120.724785
285.205308 -123.215263
285.205596 -124.542900
285.205885 -124.539665
285.206173 -125.851334
285.206462 -124.380318
285.206750 -125.308861
285.207038 -125.286720
285.207327 -124.616241
285.207615 -120.725739
285.207904 -117.812729
285.208192 -117.622932
285.208481 -119.749817
285.208769 -122.623253
285.209058 -122.020294
285.209346 -122.338615
285.209635 -119.550392
285.209923 -118.637001
285.210212 -118.958466
285.210500 -125.109924
285.210788 -122.510460
285.211077 -123.094254
285.211365 -121.801682
285.211654 -124.314873
285.211942 -128.109497
285.212231 -124.849579
285.212519 -120.908287
285.212808 -120.872467
285.213096 -122.694641
285.213385 -122.922806
285.213673 -126.627037
285.213962 -126.450729
285.214250 -126.079445
285.214538 -125.085983
285.214827 -123.772758
285.215115 -125.319069
285.215404 -125.638107
285.215692 -120.459274
285.215981 -116.067299
285.216269 -115.071022
285.216558 -115.316360
285.216846 -119.044746
285.217135 -121.204857
285.217423 -119.144089
285.217712 -119.135666
285.218000 -120.986115
285.218288 -120.129059
285.218577 -120.404549
285.218865 -120.071152
285.219154 -118.751076
285.219442 -119.186440
285.219731 -124.908562
285.220019 -125.003021
285.220308 -123.122734
285.220596 -121.694061
285.220885 -122.169937
285.221173 -122.281784
285.221462 -120.302475
285.221750 -118.552963
285.222038 -119.020889
285.222327 -121.088608
285.222615 -121.088608
285.222904 -123.990814
285.223192 -123.440857
285.223481 -123.571129
285.223769 -122.252747
285.224058 -121.611549
285.224346 -122.819374
285.224635 -126.704437
285.224923 -124.205704
285.225212 -119.752769
285.225500 -118.014130
285.225788 -118.179176
285.226077 -123.291771
285.226365 -128.517090
285.226654 -122.748154
285.226942 -122.560226
285.227231 -123.792496
285.227519 -126.103310
285.227808 -124.538475
285.228096 -122.958496
285.228385 -120.999809
285.228673 -116.874756
285.228962 -116.716393
285.229250 -117.561783
285.229538 -119.862167
285.229827 -126.890511
285.230115 -121.936417
285.230404 -119.769928
285.230692 -119.647980
285.230981 -122.692863
285.231269 -122.712891
285.231558 -118.197197
285.231846 -117.812920
285.232135 -118.823318
285.232423 -124.023926
285.232712 -122.114731
285.233000 -116.288559
285.233288 -115.018608
285.233577 -115.191872
285.233865 -120.726768
285.234154 -127.680428
285.234442 -121.424385
285.234731 -121.412704
285.235019 -122.819534
285.235308 -121.141907
285.235596 -117.480057
285.235885 -115.969872
285.236173 -115.891190
285.236462 -116.782478
285.236750 -118.698509
285.237038 -120.713760
285.237327 -126.325859
285.237615 -125.428749
285.237904 -124.624008
285.238192 -118.572350
285.238481 -118.333519
285.238769 -122.280678
285.239058 -123.910500
285.239346 -123.983513
285.239635 -123.598869
285.239923 -120.532875
285.240212 -119.062851
285.240500 -119.864845
285.240788 -125.044357
285.241077 -124.194931
285.241365 -122.566170
285.241654 -124.741707
285.241942 -120.920242
285.242231 -120.401192
285.242519 -120.918587
285.242808 -116.272514
285.243096 -114.047905
285.243385 -114.704239
285.243673 -125.102203
285.243962 -131.298920
285.244250 -125.682388
285.244538 -123.485260
285.244827 -119.620270
285.245115 -119.027328
285.245404 -121.522011
285.245692 -127.490097
285.245981 -120.569351
285.246269 -119.650948
285.246558 -119.953636
285.246846 -123.503914
285.247135 -124.351723
285.247423 -129.991333
285.247712 -130.830017
285.248000 -133.699738
285.248288 -124.834785
285.248577 -122.838287
285.248865 -121.521568
285.249154 -121.456863
285.249442 -122.000778
285.249731 -117.373863
285.250019 -117.364937
285.250308 -121.350044
285.250596 -119.691467
285.250885 -117.839088
285.251173 -117.453117
285.251462 -117.663315
285.251750 -122.016243
285.252038 -124.171158
285.252327 -122.163139
285.252615 -122.644981
285.252904 -123.250069
285.253192 -123.078011
285.253481 -123.816414
285.253769 -127.997040
285.254058 -123.999542
285.254346 -120.223534
285.254635 -119.950333
285.254923 -120.817650
285.255212 -123.082672
285.255500 -123.004028
285.255788 -119.468697
285.256077 -119.469582
285.256365 -126.459633
285.256654 -122.471680
285.256942 -121.614372
285.257231 -122.382217
285.257519 -127.930115
285.257808 -127.019356
285.258096 -126.767693
285.258385 -119.448761
285.258673 -118.160652
285.258962 -118.507416
285.259250 -123.994507
285.259538 -120.622925
285.259827 -119.318436
285.260115 -119.480240
285.260404 -119.682350
285.260692 -119.952850
285.260981 -124.447174
285.261269 -125.439049
285.261558 -122.429932
285.261846 -121.387779
285.262135 -121.562973
285.262423 -124.137527
285.262712 -122.084366
285.263000 -121.893791
285.263288 -125.702484
285.263577 -124.117119
285.263865 -120.888412
285.264154 -121.397568
285.264442 -115.611488
285.264731 -115.510040
285.265019 -118.832909
285.265308 -125.476715
285.265596 -125.870872
285.265885 -123.886879
285.266173 -121.985535
285.266462 -122.484917
285.266750 -129.738815
285.267038 -121.172218
285.267327 -120.715981
285.267615 -122.303963
285.267904 -125.159828
285.268192 -128.100433
285.268481 -126.585831
285.268769 -126.971085
285.269058 -130.347504
285.269346 -133.527145
285.269635 -128.573441
285.269923 -124.034103
285.270212 -123.799110
285.270500 -119.168922
285.270788 -117.694008
285.271077 -118.786911
285.271365 -122.871704
285.271654 -122.510483
285.271942 -123.863304
285.272231 -129.915588
285.272519 -128.686127
285.272808 -127.896515
285.273096 -129.554810
285.273385 -131.027985
285.273673 -123.916641
285.273962 -120.721886
285.274250 -118.795448
285.274538 -118.642479
285.274827 -119.296181
285.275115 -119.422661
285.275404 -124.178482
285.275692 -119.200989
285.275981 -117.954430
285.276269 -118.264236
285.276558 -123.143486
285.276846 -127.207718
285.277135 -128.810715
285.277423 -123.337524
285.277712 -122.221237
285.278000 -122.638466
285.278288 -121.801422
285.278577 -120.465462
285.278865 -120.835136
285.279154 -124.888321
285.279442 -127.934677
285.279731 -126.447227
285.280019 -128.271881
285.280308 -122.519234
285.280596 -119.107285
285.280885 -118.996468
285.281173 -120.164848
285.281462 -120.191483
285.281750 -119.468521
285.282038 -119.466240
285.282327 -122.871826
285.282615 -120.494797
285.282904 -118.539467
285.283192 -118.727882
285.283481 -125.379555
285.283769 -129.874481
285.284058 -120.931320
285.284346 -120.297890
285.284635 -121.580231
285.284923 -118.560677
285.285212 -117.735077
285.285500 -118.874557
285.285788 -122.868134
285.286077 -123.997162
285.286365 -132.780945
285.286654 -124.759293
285.286942 -119.153824
285.287231 -119.050926
285.287519 -122.030724
285.287808 -120.542419
285.288096 -120.424576
285.288385 -121.625870
285.288673 -129.314423
285.288962 -121.169456
285.289250 -120.937195
285.289538 -120.137733
285.289827 -115.088860
285.290115 -114.923889
285.290404 -117.473740
285.290692 -117.868790
285.290981 -117.376694
285.291269 -118.571716
285.291558 -118.724045
285.291846 -116.681076
285.292135 -116.639511
285.292423 -118.786026
285.292712 -117.022621
285.293000 -115.876488
285.293288 -116.538322
285.293577 -120.005646
285.293865 -122.397865
285.294154 -120.796440
285.294442 -120.582695
285.294731 -122.112686
285.295019 -120.525452
285.295308 -120.483330
285.295596 -120.796249
285.295885 -118.093773
285.296173 -118.161827
285.296462 -117.463791
285.296750 -116.120689
285.297038 -116.046654
285.297327 -116.923370
285.297615 -120.694931
285.297904 -119.485130
285.298192 -119.577400
285.298481 -121.120522
285.298769 -118.958389
285.299058 -116.673103
285.299346 -116.505806
285.299635 -117.265541
285.299923 -120.489525
285.300212 -123.995415
285.300500 -123.133080
285.300788 -123.252045
285.301077 -123.308746
285.301365 -123.841988
285.301654 -128.173981
285.301942 -126.736267
285.302231 -121.808624
285.302519 -121.502853
285.302808 -123.055672
285.303096 -122.142181
285.303385 -122.297287
285.303673 -121.085594
285.303962 -121.710373
285.304250 -126.955521
285.304538 -122.507790
285.304827 -122.503456
285.305115 -116.551567
285.305404 -114.366982
285.305692 -114.543617
285.305981 -118.352516
285.306269 -121.568840
285.306558 -119.494293
285.306846 -119.573769
285.307135 -123.554749
285.307423 -129.295166
285.307712 -130.169159
285.308000 -125.296005
285.308288 -125.405991
285.308577 -122.466583
285.308865 -121.368927
285.309154 -123.186790
285.309442 -125.353806
285.309731 -123.399460
285.310019 -123.602325
285.310308 -124.876213
285.310596 -120.153450
285.310885 -119.604546
285.311173 -119.972145
285.311462 -117.641319
285.311750 -117.639374
285.312038 -119.909103
285.312327 -126.770683
285.312615 -127.396736
285.312904 -125.456337
285.313192 -124.997375
285.313481 -123.312805
285.313769 -123.139893
285.314058 -126.758644
285.314346 -136.806183
285.314635 -135.761841
285.314923 -125.948723
285.315212 -122.494804
285.315500 -121.530243
285.315788 -121.488716
285.316077 -120.409401
285.316365 -118.516541
285.316654 -118.827751
285.316942 -123.619347
285.317231 -122.445015
285.317519 -122.371223
285.317808 -117.384323
285.318096 -116.042404
285.318385 -114.772484
285.318673 -114.938339
285.318962 -119.322533
285.319250 -119.953674
285.319538 -118.382935
285.319827 -118.062714
285.320115 -118.109085
285.320404 -119.666000
285.320692 -119.152573
285.320981 -117.521721
285.321269 -117.487114
285.321558 -120.737869
285.321846 -125.333054
285.322135 -122.028419
285.322423 -116.605194
285.322712 -115.469002
285.323000 -115.917175
285.323288 -121.139420
285.323577 -122.587013
285.323865 -119.315414
285.324154 -118.521942
285.324442 -118.571167
285.324731 -119.010880
285.325019 -120.566833
285.325308 -129.944504
285.325596 -137.476501
285.325885 -127.724915
285.326173 -123.177559
285.326462 -123.154953
285.326750 -121.272423
285.327038 -119.414642
285.327327 -119.433655
285.327615 -123.245331
285.327904 -122.244331
285.328192 -124.577911
285.328481 -126.458336
285.328769 -121.489357
285.329058 -118.952065
285.329346 -118.663429
285.329635 -119.659966
285.329923 -124.338531
285.330212 -124.333328
285.330500 -120.219612
285.330788 -116.252785
285.331077 -115.809586
285.331365 -117.310646
285.331654 -118.022171
285.331942 -116.688042
285.332231 -115.988609
285.332519 -117.012077
285.332808 -125.538658
285.333096 -125.526169
285.333385 -118.453522
285.333673 -117.346146
285.333962 -117.507095
285.334250 -119.062492
285.334538 -123.860252
285.334827 -118.531555
285.335115 -114.607613
285.335404 -114.456886
285.335692 -115.757996
285.335981 -119.917343
285.336269 -124.824127
285.336558 -121.145126
285.336846 -121.485046
285.337135 -123.867668
285.337423 -121.855728
285.337712 -120.614067
285.338000 -118.878723
285.338288 -116.301132
285.338577 -116.144508
285.338865 -118.467300
285.339154 -121.741203
285.339442 -119.455910
285.339731 -119.224625
285.340019 -120.595161
285.340308 -118.697418
285.340596 -119.461861
285.340885 -117.103569
285.341173 -115.846016
285.341462 -116.765228
285.341750 -119.337334
285.342038 -117.105919
285.342327 -116.293762
285.342615 -116.426453
285.342904 -118.751457
285.343192 -122.665794
285.343481 -117.472771
285.343769 -117.103928
285.344058 -119.207878
285.344346 -127.086800
285.344635 -121.444298
285.344923 -120.725616
285.345212 -120.901932
285.345500 -120.638237
285.345788 -117.277824
285.346077 -117.283325
285.346365 -118.713875
285.346654 -124.996445
285.346942 -126.261139
285.347231 -126.665581
285.347519 -128.896713
285.347808 -128.703842
285.348096 -131.616501
285.348385 -126.523544
285.348673 -126.061417
285.348962 -121.757874
285.349250 -120.091881
285.349538 -120.092361
285.349827 -120.947281
285.350115 -123.145821
285.350404 -121.373169
285.350692 -121.397682
285.350981 -118.230934
285.351269 -116.574684
285.351558 -117.152718
285.351846 -119.155975
285.352135 -120.626053
285.352423 -128.431259
285.352712 -126.843895
285.353000 -127.471069
285.353288 -121.029533
285.353577 -121.099792
285.353865 -119.642868
285.354154 -119.427849
285.354442 -122.440475
285.354731 -126.810867
285.355019 -124.361115
285.355308 -123.128044
285.355596 -122.310417
285.355885 -118.069046
285.356173 -116.767868
285.356462 -117.276268
285.356750 -117.157906
285.357038 -116.445938
285.357327 -117.424408
285.357615 -119.018089
285.357904 -119.207161
285.358192 -120.306160
285.358481 -120.732445
285.358769 -120.790070
285.359058 -122.944817
285.359346 -132.579315
285.359635 -126.238541
285.359923 -121.551987
285.360212 -119.936302
285.360500 -119.956810
285.360788 -122.290367
285.361077 -122.227890
285.361365 -122.205727
285.361654 -124.910324
285.361942 -124.083717
285.362231 -125.264481
285.362519 -127.584557
285.362808 -125.931511
285.363096 -125.947784
285.363385 -122.867523
285.363673 -122.866852
285.363962 -128.054626
285.364250 -128.351913
285.364538 -128.130814
285.364827 -130.374527
285.365115 -122.087234
285.365404 -117.687897
285.365692 -115.044907
285.365981 -114.553696
285.366269 -115.137535
285.366558 -118.370270
285.366846 -119.840302
285.367135 -122.355278
285.367423 -121.328926
285.367712 -121.414970
285.368000 -121.101334
285.368288 -121.523155
285.368577 -123.445793
285.368865 -121.171471
285.369154 -118.785149
285.369442 -118.749001
285.369731 -119.611313
285.370019 -125.103699
285.370308 -122.163200
285.370596 -119.429214
285.370885 -119.282715
285.371173 -121.044495
285.371462 -121.282433
285.371750 -120.928116
285.372038 -124.583328
285.372327 -122.367844
285.372615 -122.829430
285.372904 -123.190285
285.373192 -122.868423
285.373481 -125.551201
285.373769 -121.997276
285.374058 -120.944145
285.374346 -121.218605
285.374635 -123.038765
285.374923 -122.323723
285.375212 -118.046791
285.375500 -117.522797
285.375788 -118.269638
285.376077 -121.530365
285.376365 -120.392899
285.376654 -122.552208
285.376942 -122.525726
285.377231 -122.547485
285.377519 -123.330589
285.377808 -125.962540
285.378096 -119.344894
285.378385 -118.525696
285.378673 -120.342545
285.378962 -124.673927
285.379250 -123.122589
285.379538 -119.900627
285.379827 -118.797363
285.380115 -119.390907
285.380404 -126.174416
285.380692 -128.763412
285.380981 -128.262497
285.381269 -126.774612
285.381558 -119.837067
285.381846 -119.635918
285.382135 -121.033035
285.382423 -127.843231
285.382712 -124.623940
285.383000 -119.025490
285.383288 -117.654648
285.383577 -118.243690
285.383865 -122.109543
285.384154 -116.623749
285.384442 -116.483124
285.384731 -118.910583
285.385019 -127.568962
285.385308 -127.367805
285.385596 -124.034317
285.385885 -124.030342
285.386173 -128.193176
285.386462 -122.940186
285.386750 -120.884506
285.387038 -121.298065
285.387327 -121.229805
285.387615 -121.495636
285.387904 -118.334824
285.388192 -116.764885
285.388481 -117.255104
285.388769 -122.993088
285.389058 -121.017891
285.389346 -118.139999
285.389635 -116.377853
285.389923 -116.398544
285.390212 -120.060280
285.390500 -123.023254
285.390788 -122.677818
285.391077 -128.195801
285.391365 -125.464973
285.391654 -125.618446
285.391942 -127.150597
285.392231 -123.590218
285.392519 -122.187035
285.392808 -123.877541
285.393096 -120.973526
285.393385 -121.417259
285.393673 -118.555153
285.393962 -118.322601
285.394250 -118.652596
285.394538 -117.323112
285.394827 -117.412064
285.395115 -120.583466
285.395404 -124.222855
285.395692 -126.885979
285.395981 -124.653732
285.396269 -124.619095
285.396558 -128.291122
285.396846 -122.795593
285.397135 -119.800163
285.397423 -119.793480
285.397712 -121.165276
285.398000 -119.457474
285.398288 -119.059692
285.398577 -118.757088
285.398865 -118.951508
285.399154 -120.650551
285.399442 -118.729912
285.399731 -119.039627
285.400019 -119.786926
285.400308 -119.790741
285.400596 -123.372887
285.400885 -122.524536
285.401173 -125.601105
285.401462 -120.441452
285.401750 -119.178894
285.402038 -119.129082
285.402327 -119.986244
285.402615 -119.923332
285.402904 -120.110764
285.403192 -123.709442
285.403481 -126.589180
285.403769 -125.413445
285.404058 -120.912308
285.404346 -119.634064
285.404635 -119.988007
285.404923 -124.071037
285.405212 -127.289940
285.405500 -120.059128
285.405788 -119.617615
285.406077 -120.813889
285.406365 -123.890060
285.406654 -131.361511
285.406942 -130.393005
285.407231 -119.521362
285.407519 -117.836533
285.407808 -117.943893
285.408096 -116.458504
285.408385 -116.341812
285.408673 -116.814774
285.408962 -118.393265
285.409250 -122.474899
285.409538 -118.686729
285.409827 -118.584541
285.410115 -120.504913
285.410404 -125.203857
285.410692 -131.252075
285.410981 -120.948166
285.411269 -120.355560
285.411558 -122.870644
285.411846 -124.452675
285.412135 -124.323433
285.412423 -128.127380
285.412712 -124.470238
285.413000 -117.606552
285.413288 -116.193275
285.413577 -116.973434
285.413865 -120.938171
285.414154 -120.615112
285.414442 -120.923782
285.414731 -120.800774
285.415019 -121.266281
285.415308 -121.915695
285.415596 -122.078850
285.415885 -127.193275
285.416173 -125.710785
285.416462 -123.235397
285.416750 -121.237976
285.417038 -120.582108
285.417327 -122.260780
285.417615 -124.992088
285.417904 -126.834518
285.418192 -124.006264
285.418481 -124.403702
285.418769 -120.815849
285.419058 -120.881721
285.419346 -122.651978
285.419635 -122.580925
285.419923 -122.349220
285.420212 -116.622414
285.420500 -115.193306
285.420788 -115.280571
285.421077 -116.672615
285.421365 -120.416092
285.421654 -127.162735
285.421942 -127.860527
285.422231 -127.912933
285.422519 -127.832291
285.422808 -124.275635
285.423096 -117.688301
285.423385 -116.905800
285.423673 -117.933746
285.423962 -121.210068
285.424250 -118.912872
285.424538 -118.592400
285.424827 -119.833939
285.425115 -123.149376
285.425404 -123.207184
285.425692 -126.180580
285.425981 -127.040108
285.426269 -133.161362
285.426558 -127.214867
285.426846 -127.068138
285.427135 -123.511520
285.427423 -119.582932
285.427712 -119.628769
285.428000 -124.353065
285.428288 -124.252174
285.428577 -119.017334
285.428865 -118.563087
285.429154 -120.267685
285.429442 -121.751167
285.429731 -120.252907
285.430019 -117.639618
285.430308 -117.408890
285.430596 -118.714401
285.430885 -120.321747
285.431173 -115.392746
285.431462 -115.224266
285.431750 -117.040504
285.432038 -120.129578
285.432327 -119.145187
285.432615 -119.427132
285.432904 -115.395309
285.433192 -114.893402
285.433481 -115.519630
285.433769 -121.831314
285.434058 -120.721931
285.434346 -120.865562
285.434635 -119.911369
285.434923 -117.980385
285.435212 -118.229286
285.435500 -122.288628
285.435788 -122.002464
285.436077 -125.736610
285.436365 -124.781540
285.436654 -124.840508
285.436942 -125.062691
285.437231 -122.067322
285.437519 -122.071663
285.437808 -126.708649
285.438096 -131.764252
285.438385 -121.907021
285.438673 -118.400429
285.438962 -118.364105
285.439250 -122.014824
285.439538 -121.880585
285.439827 -118.096550
285.440115 -118.016335
285.440404 -118.780495
285.440692 -119.603279
285.440981 -122.452240
285.441269 -126.474876
285.441558 -124.206825
285.441846 -124.203903
285.442135 -121.594460
285.442423 -119.213104
285.442712 -120.117882
285.443000 -122.125420
285.443288 -121.950127
285.443577 -122.065369
285.443865 -122.000671
285.444154 -122.976753
285.444442 -125.189827
285.444731 -125.090858
285.445019 -123.653214
285.445308 -119.999535
285.445596 -120.001358
285.445885 -121.674675
285.446173 -122.859245
285.446462 -118.794151
285.446750 -116.247353
285.447038 -116.270569
285.447327 -119.006958
285.447615 -121.579178
285.447904 -121.563782
285.448192 -124.243141
285.448481 -119.288315
285.448769 -119.149246
285.449058 -121.637123
285.449346 -120.152901
285.449635 -119.703575
285.449923 -120.756172
285.450212 -124.953987
285.450500 -121.625458
285.450788 -117.964455
285.451077 -116.928246
285.451365 -117.816933
285.451654 -123.867813
285.451942 -121.829041
285.452231 -119.083694
285.452519 -118.986755
285.452808 -121.632980
285.453096 -123.285103
285.453385 -123.375351
285.453673 -129.073730
285.453962 -128.980392
285.454250 -126.426003
285.454538 -126.427002
285.454827 -129.370361
285.455115 -123.447159
285.455404 -122.211899
285.455692 -121.148354
285.455981 -121.356285
285.456269 -127.976814
285.456558 -127.593567
285.456846 -130.617981
285.457135 -122.110100
285.457423 -119.231361
285.457712 -119.217735
285.458000 -120.215225
285.458288 -119.256485
285.458577 -119.166847
285.458865 -119.595924
285.459154 -123.543045
285.459442 -125.476418
285.459731 -125.828789
285.460019 -129.087570
285.460308 -126.134872
285.460596 -123.565666
285.460885 -122.147186
285.461173 -119.221642
285.461462 -119.237846
285.461750 -119.662697
285.462038 -119.317924
285.462327 -121.030975
285.462615 -123.850716
285.462904 -124.400589
285.463192 -123.592285
285.463481 -122.493568
285.463769 -123.821861
285.464058 -130.244553
285.464346 -122.625145
285.464635 -120.044518
285.464923 -119.896790
285.465212 -122.143806
285.465500 -128.731323
285.465788 -128.986694
285.466077 -123.553246
285.466365 -117.141129
285.466654 -116.737213
285.466942 -117.605293
285.467231 -123.902664
285.467519 -121.216545
285.467808 -122.225365
285.468096 -131.504837
285.468385 -126.329674
285.468673 -120.402626
285.468962 -119.132210
285.469250 -118.148384
285.469538 -117.397820
285.469827 -117.419136
285.470115 -119.101585
285.470404 -121.694763
285.470692 -127.120277
285.470981 -127.039597
285.471269 -121.293793
285.471558 -120.987434
285.471846 -123.698990
285.472135 -125.637657
285.472423 -127.105698
285.472712 -124.242989
285.473000 -122.333405
285.473288 -119.069206
285.473577 -118.839912
285.473865 -120.518837
285.474154 -126.247284
285.474442 -123.467491
285.474731 -120.730011
285.475019 -118.056023
285.475308 -117.251678
285.475596 -117.943893
285.475885 -122.167007
285.476173 -122.430435
285.476462 -126.046989
285.476750 -123.101860
285.477038 -120.724678
285.477327 -114.641884
285.477615 -112.315048
285.477904 -112.369423
285.478192 -116.425270
285.478481 -127.018784
285.478769 -119.722908
285.479058 -117.760193
285.479346 -116.620796
285.479635 -116.165245
285.479923 -116.311829
285.480212 -117.792862
285.480500 -121.039505
285.480788 -121.607651
285.481077 -121.037865
285.481365 -119.198608
285.481654 -118.212685
285.481942 -118.577820
285.482231 -123.094185
285.482519 -121.404274
285.482808 -122.385521
285.483096 -122.992905
285.483385 -122.864578
285.483673 -120.899170
285.483962 -119.007996
285.484250 -118.313644
285.484538 -118.431107
285.484827 -117.112312
285.485115 -117.115654
285.485404 -117.832092
285.485692 -115.329346
285.485981 -115.329842
285.486269 -118.187370
285.486558 -125.270760
285.486846 -125.226456
285.487135 -124.924843
285.487423 -123.810669
285.487712 -120.637466
285.488000 -117.974098
285.488288 -117.954926
285.488577 -119.785301
285.488865 -124.067192
285.489154 -119.821297
285.489442 -118.971626
285.489731 -120.890984
285.490019 -130.608078
285.490308 -122.480820
285.490596 -121.331078
285.490885 -122.746155
285.491173 -122.986557
285.491462 -122.016212
285.491750 -123.793304
285.492038 -123.703201
285.492327 -120.267891
285.492615 -119.728317
285.492904 -120.561333
285.493192 -124.655914
285.493481 -125.224510
285.493769 -126.515617
285.494058 -130.937210
285.494346 -133.240784
285.494635 -133.253220
285.494923 -125.570274
285.495212 -125.374084
285.495500 -126.553223
285.495788 -126.412849
285.496077 -124.046234
285.496365 -121.143829
285.496654 -121.151016
285.496942 -121.276253
285.497231 -123.042114
285.497519 -119.950760
285.497808 -119.091110
285.498096 -117.650269
285.498385 -117.639992
285.498673 -119.079308
285.498962 -119.224457
285.499250 -118.047508
285.499538 -118.303665
285.499827 -122.436287
285.500115 -121.568825
285.500404 -121.927811
285.500692 -124.125191
285.500981 -136.178055
285.501269 -135.060287
285.501558 -127.704994
285.501846 -122.333672
285.502135 -122.100739
285.502423 -122.967148
285.502712 -122.870705
285.503000 -124.321083
285.503288 -120.728569
285.503577 -118.976135
285.503865 -119.143257
285.504154 -119.056137
285.504442 -118.783249
285.504731 -123.942154
285.505019 -122.484947
285.505308 -123.464951
285.505596 -128.539688
285.505885 -130.038940
285.506173 -126.077972
285.506462 -120.727631
285.506750 -117.197220
285.507038 -117.063522
285.507327 -118.898216
285.507615 -118.515190
285.507904 -116.967621
285.508192 -117.463501
285.508481 -123.222702
285.508769 -117.462173
285.509058 -117.060249
285.509346 -117.729942
285.509635 -121.462753
285.509923 -125.683647
285.510212 -125.904175
285.510500 -126.130913
285.510788 -122.086815
285.511077 -120.446472
285.511365 -119.977844
285.511654 -120.142181
285.511942 -123.269424
285.512231 -126.958412
285.512519 -126.913109
285.512808 -122.479546
285.513096 -122.625031
285.513385 -118.721992
285.513673 -118.351166
285.513962 -119.402321
285.514250 -123.971733
285.514538 -124.527641
285.514827 -124.505539
285.515115 -122.785896
285.515404 -122.316101
285.515692 -121.946358
285.515981 -123.294952
285.516269 -122.004364
285.516558 -122.052834
285.516846 -117.591568
285.517135 -114.339272
285.517423 -114.351578
285.517712 -119.097038
285.518000 -127.389336
285.518288 -121.889008
285.518577 -121.462486
285.518865 -125.191566
285.519154 -124.652420
285.519442 -127.337662
285.519731 -131.688629
285.520019 -124.355644
285.520308 -124.350792
285.520596 -128.403900
285.520885 -119.263954
285.521173 -117.533539
285.521462 -117.709862
285.521750 -117.159180
285.522038 -117.062378
285.522327 -117.816315
285.522615 -119.274536
285.522904 -116.634895
285.523192 -116.022980
285.523481 -116.343933
285.523769 -118.179382
285.524058 -120.075928
285.524346 -123.424339
285.524635 -123.079346
285.524923 -124.152298
285.525212 -126.004646
285.525500 -125.362122
285.525788 -125.746651
285.526077 -119.073441
285.526365 -117.863716
285.526654 -117.873093
285.526942 -119.316864
285.527231 -125.248634
285.527519 -123.588509
285.527808 -122.705467
285.528096 -124.064705
285.528385 -125.137619
285.528673 -121.337021
285.528962 -118.472610
285.529250 -118.495605
285.529538 -121.087944
285.529827 -119.103394
285.530115 -119.518074
285.530404 -124.779366
285.530692 -123.713585
285.530981 -124.059250
285.531269 -128.061752
285.531558 -123.700958
285.531846 -123.624245
285.532135 -119.443909
285.532423 -115.664116
285.532712 -115.227158
285.533000 -116.337692
285.533288 -123.917480
285.533577 -116.836876
285.533865 -115.187714
285.534154 -115.609329
285.534442 -121.866264
285.534731 -120.716423
285.535019 -121.008102
285.535308 -127.005379
285.535596 -124.413254
285.535885 -124.341629
285.536173 -120.291168
285.536462 -117.238739
285.536750 -117.229126
285.537038 -120.381821
285.537327 -121.770096
285.537615 -118.530685
285.537904 -118.504028
285.538192 -121.942322
285.538481 -120.367584
285.538769 -120.259827
285.539058 -117.741890
285.539346 -117.761215
285.539635 -119.812744
285.539923 -120.711548
285.540212 -120.495102
285.540500 -122.778694
285.540788 -125.973503
285.541077 -125.530571
285.541365 -124.166061
285.541654 -124.244049
285.541942 -128.079300
285.542231 -128.172150
285.542519 -135.779846
285.542808 -140.567352
285.543096 -127.609802
285.543385 -124.307724
285.543673 -123.773102
285.543962 -123.370941
285.544250 -123.603256
285.544538 -123.403175
285.544827 -122.441948
285.545115 -122.195709
285.545404 -122.845482
285.545692 -124.509674
285.545981 -124.753548
285.546269 -124.952385
285.546558 -131.344254
285.546846 -124.869385
285.547135 -119.727722
285.547423 -117.187492
285.547712 -116.935478
285.548000 -116.842171
285.548288 -115.725113
285.548577 -115.839218
285.548865 -120.886971
285.549154 -124.275368
285.549442 -119.617325
285.549731 -115.361786
285.550019 -114.649559
285.550308 -114.887543
285.550596 -117.837616
285.550885 -122.657013
285.551173 -126.627869
285.551462 -131.024048
285.551750 -129.515549
285.552038 -124.793373
285.552327 -124.780190
285.552615 -119.505646
285.552904 -118.153770
285.553192 -118.232826
285.553481 -119.268677
285.553769 -120.910141
285.554058 -119.738045
285.554346 -120.410507
285.554635 -125.890968
285.554923 -127.262779
285.555212 -127.024864
285.555500 -126.035774
285.555788 -123.735535
285.556077 -121.238441
285.556365 -119.755280
285.556654 -117.377213
285.556942 -117.469658
285.557231 -117.385857
285.557519 -117.303253
285.557808 -119.387337
285.558096 -122.684174
285.558385 -125.127022
285.558673 -118.134827
285.558962 -118.131096
285.559250 -117.371742
285.559538 -117.225616
285.559827 -117.728676
285.560115 -121.584320
285.560404 -118.890640
285.560692 -118.919998
285.560981 -122.267464
285.561269 -124.049484
285.561558 -125.384552
285.561846 -117.386269
285.562135 -117.205376
285.562423 -119.963318
285.562712 -120.681221
285.563000 -121.403336
285.563288 -128.586502
285.563577 -126.212982
285.563865 -124.329765
285.564154 -123.187057
285.564442 -125.325539
285.564731 -124.628166
285.565019 -122.507874
285.565308 -119.286987
285.565596 -119.299248
285.565885 -123.883278
285.566173 -127.045509
285.566462 -125.488548
285.566750 -125.123444
285.567038 -123.005943
285.567327 -123.833168
285.567615 -137.177673
285.567904 -130.415970
285.568192 -122.632507
285.568481 -117.797356
285.568769 -116.078690
285.569058 -116.004601
285.569346 -117.408279
285.569635 -119.403397
285.569923 -119.089973
285.570212 -121.572411
285.570500 -124.984161
285.570788 -122.995399
285.571077 -119.499756
285.571365 -118.793365
285.571654 -119.267235
285.571942 -124.806137
285.572231 -127.292465
285.572519 -122.830078
285.572808 -117.589790
285.573096 -115.787895
285.573385 -115.792908
285.573673 -118.378754
285.573962 -129.851166
285.574250 -127.834702
285.574538 -124.560020
285.574827 -124.678795
285.575115 -125.630653
285.575404 -127.008018
285.575692 -120.426971
285.575981 -117.473938
285.576269 -117.331177
285.576558 -119.228294
285.576846 -127.246391
285.577135 -127.424187
285.577423 -125.673325
285.577712 -124.510544
285.578000 -123.563751
285.578288 -123.836891
285.578577 -132.955841
285.578865 -126.617226
285.579154 -125.460785
285.579442 -125.353523
285.579731 -123.756866
285.580019 -122.752823
285.580308 -121.487381
285.580596 -119.935966
285.580885 -119.937996
285.581173 -125.547264
285.581462 -132.506638
285.581750 -127.549637
285.582038 -124.784500
285.582327 -124.839622
285.582615 -121.064117
285.582904 -121.063622
285.583192 -123.825813
285.583481 -122.886131
285.583769 -125.128044
285.584058 -127.595840
285.584346 -126.806847
285.584635 -124.422066
285.584923 -124.106178
285.585212 -125.985832
285.585500 -123.034615
285.585788 -123.137642
285.586077 -124.676422
285.586365 -123.513268
285.586654 -124.359451
285.586942 -119.014931
285.587231 -117.722580
285.587519 -118.226677
285.587808 -124.978203
285.588096 -125.877213
285.588385 -120.992958
285.588673 -119.131165
285.588962 -118.409416
285.589250 -119.076828
285.589538 -124.712585
285.589827 -130.088028
285.590115 -123.898140
285.590404 -120.568878
285.590692 -120.453094
285.590981 -122.903282
285.591269 -127.175110
285.591558 -125.125526
285.591846 -125.925522
285.592135 -126.856194
285.592423 -127.374695
285.592712 -129.177231
285.593000 -123.539528
285.593288 -122.008263
285.593577 -116.835556
285.593865 -115.687866
285.594154 -116.589516
285.594442 -118.521942
285.594731 -118.287331
285.595019 -121.281166
285.595308 -123.446220
285.595596 -124.568169
285.595885 -119.003654
285.596173 -116.116417
285.596462 -116.118126
285.596750 -118.883553
285.597038 -123.263123
285.597327 -119.446922
285.597615 -118.641891
285.597904 -118.746056
285.598192 -120.202698
285.598481 -123.435173
285.598769 -123.734489
285.599058 -122.436813
285.599346 -120.630928
285.599635 -120.634071
285.599923 -123.002174
285.600212 -122.714264
285.600500 -125.752754
285.600788 -121.680862
285.601077 -121.783752
285.601365 -127.408302
285.601654 -125.554970
285.601942 -123.984428
285.602231 -122.245506
285.602519 -117.469002
285.602808 -117.390121
285.603096 -117.993065
285.603385 -118.169724
285.603673 -121.727913
285.603962 -121.989136
285.604250 -121.456322
285.604538 -121.126320
285.604827 -122.585808
285.605115 -124.641632
285.605404 -124.494202
285.605692 -122.485207
285.605981 -117.009689
285.606269 -115.665924
285.606558 -115.801262
285.606846 -117.604134
285.607135 -117.470955
285.607423 -117.135674
285.607712 -118.585472
285.608000 -125.979866
285.608288 -123.660980
285.608577 -122.857170
285.608865 -121.567581
285.609154 -118.286308
285.609442 -118.020752
285.609731 -119.822502
285.610019 -119.025993
285.610308 -119.701218
285.610596 -124.654671
285.610885 -121.171494
285.611173 -121.533020
285.611462 -121.093216
285.611750 -119.778885
285.612038 -119.735764
285.612327 -119.475555
285.612615 -120.824997
285.612904 -124.616791
285.613192 -122.076752
285.613481 -122.420181
285.613769 -128.001694
285.614058 -125.716095
285.614346 -123.254936
285.614635 -122.659096
285.614923 -124.983292
285.615212 -117.467606
285.615500 -117.330437
285.615788 -119.237930
285.616077 -120.829155
285.616365 -119.874626
285.616654 -120.057724
285.616942 -120.832108
285.617231 -122.274803
285.617519 -119.416466
285.617808 -118.413437
285.618096 -119.677521
285.618385 -121.968887
285.618673 -121.497086
285.618962 -122.614311
285.619250 -124.568726
285.619538 -120.995644
285.619827 -120.280838
285.620115 -121.921562
285.620404 -129.102463
285.620692 -124.447845
285.620981 -124.376099
285.621269 -125.206787
285.621558 -127.991310
285.621846 -122.966446
285.622135 -121.923370
285.622423 -123.096230
285.622712 -135.125870
285.623000 -127.202774
285.623288 -127.049362
285.623577 -129.658997
285.623865 -129.841110
285.624154 -126.639793
285.624442 -126.555305
285.624731 -123.318909
285.625019 -123.061073
285.625308 -125.497658
285.625596 -119.813599
285.625885 -119.469933
285.626173 -116.813004
285.626462 -114.820114
285.626750 -114.883064
285.627038 -119.347160
285.627327 -131.092514
285.627615 -123.768883
285.627904 -120.420418
285.628192 -121.422630
285.628481 -128.182205
285.628769 -129.864838
285.629058 -125.991211
285.629346 -125.639229
285.629635 -122.056602
285.629923 -122.088585
285.630212 -127.458443
285.630500 -126.022842
285.630788 -118.601982
285.631077 -117.812508
285.631365 -118.511078
285.631654 -122.629723
285.631942 -119.379677
285.632231 -118.415939
285.632519 -118.490211
285.632808 -119.915283
285.633096 -124.709076
285.633385 -121.915489
285.633673 -122.105713
285.633962 -119.815224
285.634250 -118.407722
285.634538 -119.151260
285.634827 -125.246162
285.635115 -121.377220
285.635404 -120.697083
285.635692 -119.370010
285.635981 -118.646873
285.636269 -121.227654
285.636558 -124.147842
285.636846 -122.260986
285.637135 -121.989937
285.637423 -123.051125
285.637712 -124.893204
285.638000 -123.946182
285.638288 -124.182472
285.638577 -125.974220
285.638865 -123.383865
285.639154 -123.059181
285.639442 -121.431885
285.639731 -120.870399
285.640019 -121.540985
285.640308 -127.192604
285.640596 -127.285973
285.640885 -127.058495
285.641173 -126.497849
285.641462 -123.276344
285.641750 -122.407394
285.642038 -123.538086
285.642327 -125.379044
285.642615 -123.835861
285.642904 -117.578133
285.643192 -117.105782
285.643481 -118.141769
285.643769 -123.916428
285.644058 -118.986748
285.644346 -115.854248
285.644635 -115.855247
285.644923 -119.708588
285.645212 -129.951004
285.645500 -129.181946
285.645788 -130.830780
285.646077 -124.102943
285.646365 -118.912666
285.646654 -118.815598
285.646942 -120.359848
285.647231 -120.654808
285.647519 -119.272026
285.647808 -119.228973
285.648096 -122.168961
285.648385 -127.545555
285.648673 -127.488640
285.648962 -131.001862
285.649250 -129.115982
285.649538 -130.702606
285.649827 -118.939201
285.650115 -117.021782
285.650404 -118.053154
285.650692 -123.876823
285.650981 -120.340065
285.651269 -120.361336
285.651558 -123.659645
285.651846 -128.649643
285.652135 -128.485794
285.652423 -130.348892
285.652712 -128.473297
285.653000 -128.079498
285.653288 -119.978966
285.653577 -116.505157
285.653865 -116.524300
285.654154 -119.795624
285.654442 -122.994949
285.654731 -119.741837
285.655019 -117.813919
285.655308 -119.605972
285.655596 -120.915520
285.655885 -121.947701
285.656173 -126.325844
285.656462 -131.196671
285.656750 -130.225647
285.657038 -136.619156
285.657327 -131.739563
285.657615 -128.606247
285.657904 -128.461533
285.658192 -129.312500
285.658481 -123.518677
285.658769 -123.359520
285.659058 -123.220543
285.659346 -122.320374
285.659635 -123.080437
285.659923 -128.696182
285.660212 -128.348389
285.660500 -125.544586
285.660788 -122.950157
285.661077 -124.299103
285.661365 -117.051270
285.661654 -116.174286
285.661942 -117.729347
285.662231 -122.400848
285.662519 -122.400414
285.662808 -126.430023
285.663096 -124.003120
285.663385 -123.923615
285.663673 -125.370323
285.663962 -126.321289
285.664250 -127.465637
285.664538 -125.625755
285.664827 -125.631508
285.665115 -132.228439
285.665404 -132.400436
285.665692 -127.787476
285.665981 -124.298576
285.666269 -124.262367
285.666558 -121.264610
285.666846 -118.819122
285.667135 -118.818527
285.667423 -119.680504
285.667712 -113.320969
285.668000 -112.166443
285.668288 -112.194649
285.668577 -113.180008
285.668865 -114.555801
285.669154 -116.981628
285.669442 -122.668175
285.669731 -118.541626
285.670019 -118.640457
285.670308 -124.349342
285.670596 -124.253410
285.670885 -119.605324
285.671173 -117.459251
285.671462 -117.722900
285.671750 -121.177048
285.672038 -118.148293
285.672327 -118.067398
285.672615 -119.336716
285.672904 -121.316345
285.673192 -120.271240
285.673481 -120.963608
285.673769 -120.460213
285.674058 -117.610672
285.674346 -117.392220
285.674635 -118.279053
285.674923 -124.335381
285.675212 -123.632057
285.675500 -124.267334
285.675788 -119.633865
285.676077 -119.358643
285.676365 -121.028435
285.676654 -124.889580
285.676942 -126.783051
285.677231 -119.857513
285.677519 -119.431068
285.677808 -121.711502
285.678096 -120.298294
285.678385 -117.487411
285.678673 -117.179718
285.678962 -117.912781
285.679250 -122.577690
285.679538 -125.140915
285.679827 -120.105186
285.680115 -119.253654
285.680404 -119.641296
285.680692 -121.252426
285.680981 -121.001579
285.681269 -124.699417
285.681558 -123.455391
285.681846 -123.509048
285.682135 -123.874428
285.682423 -121.775482
285.682712 -121.004822
285.683000 -121.289383
285.683288 -124.116501
285.683577 -119.768982
285.683865 -119.795395
285.684154 -124.383072
285.684442 -122.921761
285.684731 -124.245628
285.685019 -121.973724
285.685308 -118.042755
285.685596 -118.071297
285.685885 -123.292801
285.686173 -125.310410
285.686462 -121.915009
285.686750 -120.045502
285.687038 -120.266655
285.687327 -122.455109
285.687615 -121.946075
285.687904 -124.447540
285.688192 -121.617020
285.688481 -122.174362
285.688769 -133.403244
285.689058 -131.994873
285.689346 -130.510925
285.689635 -124.987885
285.689923 -120.331207
285.690212 -119.093773
285.690500 -116.241013
285.690788 -115.833191
285.691077 -116.855042
285.691365 -124.997612
285.691654 -126.971756
285.691942 -121.865105
285.692231 -120.198784
285.692519 -119.118835
285.692808 -119.135796
285.693096 -117.969063
285.693385 -117.891396
285.693673 -120.943382
285.693962 -121.223129
285.694250 -118.069275
285.694538 -117.956505
285.694827 -119.185997
285.695115 -117.631447
285.695404 -117.008781
285.695692 -117.549713
285.695981 -120.582817
285.696269 -120.647797
285.696558 -118.889114
285.696846 -118.998741
285.697135 -121.038551
285.697423 -121.680664
285.697712 -117.491371
285.698000 -117.500656
285.698288 -122.864380
285.698577 -124.547585
285.698865 -126.104889
285.699154 -126.461777
285.699442 -122.823334
285.699731 -122.882751
285.700019 -123.762764
285.700308 -120.375435
285.700596 -120.223259
285.700885 -121.812744
285.701173 -122.670120
285.701462 -118.344215
285.701750 -118.344872
285.702038 -122.205841
285.702327 -125.198990
285.702615 -126.624069
285.702904 -125.322258
285.703192 -119.108299
285.703481 -116.607712
285.703769 -116.623665
285.704058 -120.411385
285.704346 -121.171295
285.704635 -121.377625
285.704923 -125.646393
285.705212 -133.752289
285.705500 -132.377213
285.705788 -132.643326
285.706077 -132.905228
285.706365 -123.552399
285.706654 -121.853897
285.706942 -122.409187
285.707231 -121.508575
285.707519 -123.363998
285.707808 -116.808884
285.708096 -116.548080
285.708385 -118.565109
285.708673 -123.225159
285.708962 -124.425323
285.709250 -119.928871
285.709538 -117.530922
285.709827 -117.379509
285.710115 -117.867271
285.710404 -120.450005
285.710692 -126.277832
285.710981 -126.280312
285.711269 -124.378761
285.711558 -123.689766
285.711846 -119.008995
285.712135 -118.301941
285.712423 -117.829308
285.712712 -116.989738
285.713000 -116.080627
285.713288 -116.374626
285.713577 -124.875191
285.713865 -123.548027
285.714154 -121.819618
285.714442 -118.790245
285.714731 -117.633514
285.715019 -117.590355
285.715308 -119.383286
285.715596 -128.866165
285.715885 -125.941513
285.716173 -120.805885
285.716462 -120.803215
285.716750 -124.890816
285.717038 -126.053780
285.717327 -120.687050
285.717615 -119.221451
285.717904 -119.309204
285.718192 -124.171112
285.718481 -128.844620
285.718769 -123.240707
285.719058 -123.018585
285.719346 -120.453758
285.719635 -118.933128
285.719923 -119.487465
285.720212 -119.332031
285.720500 -121.922241
285.720788 -126.464607
285.721077 -127.439919
285.721365 -122.301949
285.721654 -117.858856
285.721942 -117.688263
285.722231 -120.519791
285.722519 -121.904160
285.722808 -125.117783
285.723096 -124.641479
285.723385 -126.162125
285.723673 -126.358192
285.723962 -123.937302
285.724250 -119.058815
285.724538 -117.801933
285.724827 -118.692932
285.725115 -125.085075
285.725404 -125.038864
285.725692 -131.454773
285.725981 -132.341095
285.726269 -129.988434
285.726558 -122.137749
285.726846 -120.498306
285.727135 -120.322670
285.727423 -118.109100
285.727712 -117.776268
285.728000 -117.792458
285.728288 -118.658836
285.728577 -123.485336
285.728865 -122.497009
285.729154 -122.521759
285.729442 -125.909523
285.729731 -120.467705
285.730019 -117.051483
285.730308 -117.051880
285.730596 -119.495522
285.730885 -115.917908
285.731173 -114.140884
285.731462 -114.081299
285.731750 -115.316711
285.732038 -118.506203
285.732327 -129.001938
285.732615 -121.849739
285.732904 -120.784370
285.733192 -121.755913
285.733481 -126.436310
285.733769 -120.667778
285.734058 -120.666687
285.734346 -123.040047
285.734635 -122.669426
285.734923 -123.483116
285.735212 -124.685890
285.735500 -120.765419
285.735788 -119.223541
285.736077 -119.207321
285.736365 -120.568970
285.736654 -125.134048
285.736942 -122.116669
285.737231 -121.930000
285.737519 -121.657913
285.737808 -121.171997
285.738096 -122.625076
285.738385 -119.308662
285.738673 -117.693436
285.738962 -117.856781
285.739250 -118.641823
285.739538 -119.820175
285.739827 -121.521172
285.740115 -126.540054
285.740404 -119.138977
285.740692 -118.624847
285.740981 -119.702820
285.741269 -122.177689
285.741558 -120.507881
285.741846 -119.098045
285.742135 -117.311165
285.742423 -117.285530
285.742712 -119.535957
285.743000 -124.628960
285.743288 -124.649681
285.743577 -120.319695
285.743865 -119.857147
285.744154 -119.409149
285.744442 -118.590446
285.744731 -118.527527
285.745019 -117.997871
285.745308 -117.964249
285.745596 -118.140709
285.745885 -117.825333
285.746173 -118.824516
285.746462 -116.307610
285.746750 -116.523300
285.747038 -116.932114
285.747327 -118.755859
285.747615 -122.837135
285.747904 -121.155579
285.748192 -116.287209
285.748481 -114.833839
285.748769 -114.925148
285.749058 -118.890587
285.749346 -123.759102
285.749635 -123.764183
285.749923 -126.063499
285.750212 -119.990448
285.750500 -119.874527
285.750788 -121.510406
285.751077 -122.877533
285.751365 -117.825661
285.751654 -115.717957
285.751942 -115.751854
285.752231 -120.203697
285.752519 -129.968567
285.752808 -125.332947
285.753096 -121.659431
285.753385 -115.996651
285.753673 -115.574150
285.753962 -117.257103
285.754250 -123.543442
285.754538 -119.035583
285.754827 -118.400955
285.755115 -119.143806
285.755404 -120.305191
285.755692 -121.429993
285.755981 -121.349342
285.756269 -123.453926
285.756558 -117.715103
285.756846 -117.348740
285.757135 -118.597687
285.757423 -127.111702
285.757712 -134.554749
285.758000 -124.916443
285.758288 -121.618942
285.758577 -121.991959
285.758865 -128.146164
285.759154 -127.737389
285.759442 -129.399734
285.759731 -118.450432
285.760019 -116.729622
285.760308 -117.311058
285.760596 -121.146912
285.760885 -121.070877
285.761173 -119.020218
285.761462 -117.605484
285.761750 -117.922859
285.762038 -120.267853
285.762327 -120.093376
285.762615 -121.463264
285.762904 -122.270470
285.763192 -124.140457
285.763481 -120.545250
285.763769 -119.873917
285.764058 -118.957024
285.764346 -118.965599
285.764635 -120.443268
285.764923 -124.541946
285.765212 -126.102066
285.765500 -127.895393
285.765788 -124.846916
285.766077 -121.867355
285.766365 -121.677994
285.766654 -122.225929
285.766942 -122.374344
285.767231 -124.998787
285.767519 -122.838463
285.767808 -122.577888
285.768096 -120.038956
285.768385 -116.987045
285.768673 -117.014000
285.768962 -122.171936
285.769250 -124.300514
285.769538 -124.525261
285.769827 -116.253052
285.770115 -114.228729
285.770404 -114.355972
285.770692 -117.350601
285.770981 -121.790665
285.771269 -124.048012
285.771558 -126.070427
285.771846 -126.022446
285.772135 -124.931931
285.772423 -123.907333
285.772712 -120.844612
285.773000 -120.506584
285.773288 -122.027809
285.773577 -122.506050
285.773865 -122.414215
285.774154 -125.011940
285.774442 -122.685417
285.774731 -124.295547
285.775019 -122.788857
285.775308 -118.154526
285.775596 -117.933960
285.775885 -120.546570
285.776173 -127.070755
285.776462 -122.832756
285.776750 -118.851257
285.777038 -118.520767
285.777327 -119.799355
285.777615 -119.210289
285.777904 -116.753731
285.778192 -116.910393
285.778481 -120.602074
285.778769 -118.561493
285.779058 -118.011948
285.779346 -118.679901
285.779635 -122.103806
285.779923 -124.779533
285.780212 -125.123383
285.780500 -118.281403
285.780788 -117.316010
285.781077 -118.767311
285.781365 -127.064827
285.781654 -128.389465
285.781942 -119.619232
285.782231 -118.264473
285.782519 -118.314262
285.782808 -119.118187
285.783096 -119.452263
285.783385 -123.427849
285.783673 -120.769722
285.783962 -118.783882
285.784250 -119.516808
285.784538 -121.197479
285.784827 -115.966309
285.785115 -114.615540
285.785404 -113.958183
285.785692 -113.965057
285.785981 -115.499046
285.786269 -118.057434
285.786558 -119.331757
285.786846 -122.175545
285.787135 -122.346916
285.787423 -125.620132
285.787712 -124.202095
285.788000 -121.247566
285.788288 -121.089096
285.788577 -123.286049
285.788865 -126.361816
285.789154 -122.999672
285.789442 -123.003860
285.789731 -127.236755
285.790019 -127.472694
285.790308 -127.693810
285.790596 -129.814362
285.790885 -126.247810
285.791173 -121.905708
285.791462 -118.295280
285.791750 -117.187973
285.792038 -116.726173
285.792327 -116.710838
285.792615 -118.947151
285.792904 -131.210922
285.793192 -125.624855
285.793481 -125.256119
285.793769 -129.480103
285.794058 -122.991486
285.794346 -122.053658
285.794635 -124.060883
285.794923 -120.983589
285.795212 -119.985291
285.795500 -120.254829
285.795788 -122.527992
285.796077 -124.873962
285.796365 -123.604942
285.796654 -126.856598
285.796942 -124.481308
285.797231 -124.562981
285.797519 -125.534424
285.797808 -124.556389
285.798096 -124.393166
285.798385 -125.608765
285.798673 -123.653664
285.798962 -121.720161
285.799250 -120.434105
285.799538 -119.034332
285.799827 -117.548424
285.800115 -117.430504
285.800404 -120.312500
285.800692 -123.296883
285.800981 -115.486710
285.801269 -115.387070
285.801558 -117.896576
285.801846 -124.087212
285.802135 -121.214485
285.802423 -118.391258
285.802712 -118.503265
285.803000 -125.912567
285.803288 -127.816635
285.803577 -126.968399
285.803865 -128.869247
285.804154 -128.366165
285.804442 -125.714470
285.804731 -120.769882
285.805019 -117.909355
285.805308 -115.457253
285.805596 -115.279297
285.805885 -117.053978
285.806173 -118.757378
285.806462 -119.086609
285.806750 -122.573677
285.807038 -119.186577
285.807327 -119.185814
285.807615 -117.674568
285.807904 -117.042137
285.808192 -118.004326
285.808481 -120.307266
285.808769 -124.448700
285.809058 -118.658714
285.809346 -118.455383
285.809635 -118.467865
285.809923 -120.106232
285.810212 -121.246056
285.810500 -117.279053
285.810788 -117.280022
285.811077 -119.271133
285.811365 -122.713875
285.811654 -118.260895
285.811942 -118.159500
285.812231 -120.313416
285.812519 -119.593765
285.812808 -119.382362
285.813096 -122.420738
285.813385 -118.950546
285.813673 -118.778503
285.813962 -119.967216
285.814250 -118.617638
285.814538 -122.276672
285.814827 -121.887169
285.815115 -123.689484
285.815404 -123.422729
285.815692 -120.505226
285.815981 -120.222267
285.816269 -122.117889
285.816558 -120.263039
285.816846 -120.265259
285.817135 -122.109718
285.817423 -125.698509
285.817712 -122.669327
285.818000 -119.592499
285.818288 -119.118729
285.818577 -120.032051
285.818865 -125.478775
285.819154 -119.068481
285.819442 -115.577911
285.819731 -115.479332
285.820019 -116.807831
285.820308 -120.878387
285.820596 -123.922249
285.820885 -123.713417
285.821173 -125.193230
285.821462 -128.894470
285.821750 -132.717560
285.822038 -127.183197
285.822327 -125.239357
285.822615 -126.788780
285.822904 -132.992401
285.823192 -134.326752
285.823481 -124.138817
285.823769 -119.425583
285.824058 -118.883965
285.824346 -119.815514
285.824635 -122.401756
285.824923 -118.723328
285.825212 -117.991173
285.825500 -118.613647
285.825788 -126.725990
285.826077 -126.365372
285.826365 -119.225845
285.826654 -119.130386
285.826942 -124.422241
285.827231 -120.545341
285.827519 -119.422119
285.827808 -119.171875
285.828096 -119.453224
285.828385 -119.644600
285.828673 -118.923492
285.828962 -120.048729
285.829250 -128.823166
285.829538 -127.150482
285.829827 -126.482948
285.830115 -127.599510
285.830404 -124.734009
285.830692 -123.596382
285.830981 -125.829094
285.831269 -131.973206
285.831558 -125.309303
285.831846 -120.256485
285.832135 -119.559006
285.832423 -120.181999
285.832712 -121.596542
285.833000 -119.610535
285.833288 -120.064995
285.833577 -120.360512
285.833865 -119.032516
285.834154 -119.338486
285.834442 -124.376030
285.834731 -124.009407
285.835019 -121.006462
285.835308 -121.061264
285.835596 -122.986008
285.835885 -116.427383
285.836173 -116.203880
285.836462 -117.643478
285.836750 -122.047256
285.837038 -124.278664
285.837327 -122.354492
285.837615 -122.086372
285.837904 -119.790245
285.838192 -118.515190
285.838481 -119.082077
285.838769 -124.254471
285.839058 -125.848000
285.839346 -125.633606
285.839635 -124.541077
285.839923 -125.986343
285.840212 -128.361252
285.840500 -126.342636
285.840788 -125.595551
285.841077 -127.753052
285.841365 -122.900757
285.841654 -122.881783
285.841942 -123.882553
285.842231 -122.432556
285.842519 -122.088753
285.842808 -123.203102
285.843096 -133.381638
285.843385 -129.758759
285.843673 -125.779747
285.843962 -127.597000
285.844250 -128.162109
285.844538 -126.022881
285.844827 -126.757057
285.845115 -125.114220
285.845404 -121.753372
285.845692 -121.768471
285.845981 -125.020676
285.846269 -127.005020
285.846558 -124.424118
285.846846 -121.418488
285.847135 -120.460953
285.847423 -120.958275
285.847712 -120.889709
285.848000 -115.687981
285.848288 -115.636475
285.848577 -118.234871
285.848865 -125.387634
285.849154 -126.294792
285.849442 -119.124382
285.849731 -119.017624
285.850019 -125.408043
285.850308 -124.985939
285.850596 -125.884712
285.850885 -131.159897
285.851173 -131.510574
285.851462 -126.798218
285.851750 -127.218353
285.852038 -129.105576
285.852327 -129.805283
285.852615 -128.342972
285.852904 -128.428314
285.853192 -122.984329
285.853481 -121.834785
285.853769 -122.015526
285.854058 -124.531059
285.854346 -119.164215
285.854635 -118.403076
285.854923 -119.403984
285.855212 -114.550659
285.855500 -113.972801
285.855788 -113.857780
285.856077 -114.021873
285.856365 -115.917480
285.856654 -116.625465
285.856942 -119.037003
285.857231 -122.469490
285.857519 -122.470375
285.857808 -126.563377
285.858096 -121.436638
285.858385 -121.511040
285.858673 -130.176880
285.858962 -127.906548
285.859250 -123.053322
285.859538 -122.999977
285.859827 -125.462265
285.860115 -123.093758
285.860404 -119.250839
285.860692 -117.966530
285.860981 -118.719063
285.861269 -122.458916
285.861558 -121.881409
285.861846 -122.743370
285.862135 -119.479141
285.862423 -118.557861
285.862712 -118.942596
285.863000 -119.870674
285.863288 -119.149719
285.863577 -121.509682
285.863865 -123.074989
285.864154 -123.754440
285.864442 -126.737411
285.864731 -127.219643
285.865019 -130.518158
285.865308 -125.223358
285.865596 -125.014977
285.865885 -125.940125
285.866173 -122.288727
285.866462 -120.768936
285.866750 -120.766853
285.867038 -122.710411
285.867327 -123.952484
285.867615 -122.680649
285.867904 -123.975182
285.868192 -119.907845
285.868481 -119.906784
285.868769 -127.475571
285.869058 -123.168663
285.869346 -118.907074
285.869635 -118.568237
285.869923 -117.701515
285.870212 -117.988495
285.870500 -125.136574
285.870788 -126.967583
285.871077 -123.064095
285.871365 -122.757545
285.871654 -123.202850
285.871942 -123.226456
285.872231 -126.892937
285.872519 -122.710861
285.872808 -119.535454
285.873096 -119.534698
285.873385 -120.458420
285.873673 -122.139282
285.873962 -123.157585
285.874250 -125.679138
285.874538 -124.641922
285.874827 -121.197014
285.875115 -121.088264
285.875404 -122.484200
285.875692 -121.261002
285.875981 -119.924179
285.876269 -121.486694
285.876558 -132.333206
285.876846 -130.029770
285.877135 -127.891228
285.877423 -126.974274
285.877712 -127.904350
285.878000 -123.551048
285.878288 -118.881035
285.878577 -117.939224
285.878865 -118.650490
285.879154 -127.507858
285.879442 -127.136871
285.879731 -124.338326
285.880019 -122.253357
285.880308 -123.057068
285.880596 -122.535538
285.880885 -122.560638
285.881173 -120.140335
285.881462 -118.297638
285.881750 -118.423988
285.882038 -118.214165
285.882327 -115.606972
285.882615 -113.072159
285.882904 -113.021927
285.883192 -115.499245
285.883481 -121.440460
285.883769 -121.730171
285.884058 -118.648361
285.884346 -117.800507
285.884635 -118.733696
285.884923 -125.067245
285.885212 -124.998085
285.885500 -129.315552
285.885788 -127.678635
285.886077 -122.563385
285.886365 -118.615005
285.886654 -117.473221
285.886942 -117.758171
285.887231 -121.070122
285.887519 -124.320274
285.887808 -126.965889
285.888096 -125.935074
285.888385 -126.423180
285.888673 -127.884926
285.888962 -127.575333
285.889250 -130.347427
285.889538 -122.627632
285.889827 -116.902969
285.890115 -116.842636
285.890404 -118.961952
285.890692 -116.648018
285.890981 -114.992142
285.891269 -115.133850
285.891558 -118.606277
285.891846 -123.783531
285.892135 -119.006218
285.892423 -114.529449
285.892712 -113.875885
285.893000 -114.815598
285.893288 -124.527939
285.893577 -126.782562
285.893865 -119.017090
285.894154 -117.506065
285.894442 -117.712959
285.894731 -119.633453
285.895019 -119.229858
285.895308 -118.463577
285.895596 -118.620926
285.895885 -120.580872
285.896173 -125.599098
285.896462 -121.763382
285.896750 -118.576042
285.897038 -118.481178
285.897327 -121.073982
285.897615 -126.682472
285.897904 -121.726204
285.898192 -121.319878
285.898481 -125.177231
285.898769 -126.918510
285.899058 -121.439056
285.899346 -116.027611
285.899635 -115.802368
285.899923 -116.173126
285.900212 -116.207718
285.900500 -116.345329
285.900788 -118.003883
285.901077 -119.737259
285.901365 -118.778954
285.901654 -120.021751
285.901942 -127.124649
285.902231 -125.455109
285.902519 -124.751190
285.902808 -126.707649
285.903096 -123.513947
285.903385 -121.752144
285.903673 -121.964294
285.903962 -124.836266
285.904250 -119.182220
285.904538 -117.379265
285.904827 -117.557915
285.905115 -120.166122
285.905404 -122.252914
285.905692 -121.256187
285.905981 -121.589600
285.906269 -123.794151
285.906558 -126.521805
285.906846 -123.115433
285.907135 -123.109489
285.907423 -125.326569
285.907712 -130.443787
285.908000 -133.372482
285.908288 -125.536102
285.908577 -118.196060
285.908865 -117.466034
285.909154 -117.922997
285.909442 -119.897186
285.909731 -123.194687
285.910019 -119.405289
285.910308 -119.407318
285.910596 -122.867271
285.910885 -118.014030
285.911173 -117.537018
285.911462 -118.273560
285.911750 -122.563103
285.912038 -121.729401
285.912327 -122.941254
285.912615 -130.046356
285.912904 -134.783035
285.913192 -131.703491
285.913481 -123.157455
285.913769 -121.017464
285.914058 -116.758965
285.914346 -115.454475
285.914635 -115.824600
285.914923 -120.034744
285.915212 -123.836578
285.915500 -121.289185
285.915788 -120.587708
285.916077 -121.692001
285.916365 -117.634583
285.916654 -117.629692
285.916942 -122.192688
285.917231 -118.695137
285.917519 -117.920311
285.917808 -118.018730
285.918096 -116.196121
285.918385 -116.355644
285.918673 -120.483398
285.918962 -118.241226
285.919250 -116.273987
285.919538 -116.289276
285.919827 -121.749413
285.920115 -121.325890
285.920404 -120.633049
285.920692 -120.698265
285.920981 -123.289314
285.921269 -121.911644
285.921558 -121.834450
285.921846 -124.770760
285.922135 -121.786766
285.922423 -121.793747
285.922712 -127.387535
285.923000 -121.256760
285.923288 -118.766739
285.923577 -118.262276
285.923865 -117.397682
285.924154 -117.274208
285.924442 -119.016167
285.924731 -125.765625
285.925019 -120.238579
285.925308 -117.004059
285.925596 -116.976807
285.925885 -118.564400
285.926173 -124.490501
285.926462 -136.178558
285.926750 -127.432060
285.927038 -123.410217
285.927327 -121.989403
285.927615 -121.987267
285.927904 -121.731087
285.928192 -121.058456
285.928481 -117.201057
285.928769 -116.593300
285.929058 -116.041199
285.929346 -116.181755
285.929635 -118.526489
285.929923 -123.053848
285.930212 -123.775681
285.930500 -121.773750
285.930788 -119.313622
285.931077 -117.491653
285.931365 -117.664246
285.931654 -121.568085
285.931942 -126.241104
285.932231 -127.137550
285.932519 -124.851784
285.932808 -120.202881
285.933096 -119.158516
285.933385 -119.625107
285.933673 -119.743561
285.933962 -119.000244
285.934250 -119.368881
285.934538 -119.560463
285.934827 -118.037544
285.935115 -119.147469
285.935404 -116.881134
285.935692 -116.612068
285.935981 -119.033928
285.936269 -128.073944
285.936558 -119.938400
285.936846 -118.728699
285.937135 -119.124413
285.937423 -120.906265
285.937712 -118.914352
285.938000 -117.199837
285.938288 -117.210541
285.938577 -120.912224
285.938865 -117.892723
285.939154 -116.158478
285.939442 -115.898491
285.939731 -116.079384
285.940019 -116.769310
285.940308 -116.778915
285.940596 -117.604965
285.940885 -121.724556
285.941173 -119.151627
285.941462 -119.185463
285.941750 -117.503006
285.942038 -114.314240
285.942327 -113.834770
285.942615 -113.977661
285.942904 -114.774864
285.943192 -115.539787
285.943481 -118.191055
285.943769 -122.796204
285.944058 -126.817848
285.944346 -126.897346
285.944635 -130.964828
285.944923 -127.126007
285.945212 -120.522202
285.945500 -117.727287
285.945788 -117.729362
285.946077 -122.350578
285.946365 -117.644775
285.946654 -117.253540
285.946942 -119.724327
285.947231 -118.611382
285.947519 -118.608376
285.947808 -121.044128
285.948096 -120.836090
285.948385 -121.560448
285.948673 -122.068138
285.948962 -122.879395
285.949250 -116.902802
285.949538 -116.671951
285.949827 -117.884926
285.950115 -117.197067
285.950404 -118.116493
285.950692 -122.422615
285.950981 -122.603111
285.951269 -124.138214
285.951558 -124.937775
285.951846 -120.982414
285.952135 -115.719864
285.952423 -115.713875
285.952712 -121.076294
285.953000 -115.882591
285.953288 -115.799881
285.953577 -117.272034
285.953865 -115.830200
285.954154 -116.195335
285.954442 -119.320549
285.954731 -118.513588
285.955019 -119.807236
285.955308 -114.654732
285.955596 -113.125023
285.955885 -113.038216
285.956173 -113.371681
285.956462 -114.424362
285.956750 -117.333305
285.957038 -123.037918
285.957327 -118.803116
285.957615 -119.123024
285.957904 -123.824608
285.958192 -118.683311
285.958481 -118.260323
285.958769 -118.313881
285.959058 -119.701248
285.959346 -125.172699
285.959635 -130.346207
285.959923 -127.690994
285.960212 -122.879051
285.960500 -120.261482
285.960788 -120.260452
285.961077 -120.525269
285.961365 -121.737038
285.961654 -126.352715
285.961942 -119.818108
285.962231 -118.540123
285.962519 -118.481644
285.962808 -119.259727
285.963096 -122.747826
285.963385 -124.294922
285.963673 -124.783424
285.963962 -122.710320
285.964250 -122.051331
285.964538 -120.839355
285.964827 -120.804733
285.965115 -127.368645
285.965404 -124.141266
285.965692 -124.592308
285.965981 -128.789978
285.966269 -124.745461
285.966558 -119.596962
285.966846 -118.374687
285.967135 -118.709023
285.967423 -124.777245
285.967712 -121.459312
285.968000 -121.450264
285.968288 -124.751945
285.968577 -119.496651
285.968865 -119.502754
285.969154 -122.057236
285.969442 -120.581238
285.969731 -117.163132
285.970019 -117.133881
285.970308 -120.700829
285.970596 -121.439537
285.970885 -121.605301
285.971173 -121.647896
285.971462 -121.478912
285.971750 -121.952591
285.972038 -122.171448
285.972327 -121.423668
285.972615 -119.947014
285.972904 -118.844246
285.973192 -114.765625
285.973481 -114.529984
285.973769 -116.557762
285.974058 -124.414131
285.974346 -131.058502
285.974635 -127.272011
285.974923 -117.634720
285.975212 -116.835236
285.975500 -118.286537
285.975788 -125.931610
285.976077 -125.504219
285.976365 -122.621269
285.976654 -118.215523
285.976942 -116.619614
285.977231 -116.899658
285.977519 -121.101219
285.977808 -124.792992
285.978096 -129.021561
285.978385 -130.646545
285.978673 -122.096245
285.978962 -120.260651
285.979250 -120.243904
285.979538 -119.469574
285.979827 -118.586472
285.980115 -118.607101
285.980404 -119.482330
285.980692 -122.799637
285.980981 -123.728218
285.981269 -122.862267
285.981558 -124.441963
285.981846 -121.353653
285.982135 -120.265671
285.982423 -118.680916
285.982712 -117.253654
285.983000 -117.260857
285.983288 -118.632690
285.983577 -120.479431
285.983865 -119.593613
285.984154 -119.373444
285.984442 -117.856590
285.984731 -116.770874
285.985019 -116.908821
285.985308 -119.527992
285.985596 -123.255722
285.985885 -129.997162
285.986173 -128.081390
285.986462 -128.238983
285.986750 -128.392380
285.987038 -121.575989
285.987327 -118.083389
285.987615 -116.740570
285.987904 -116.599075
285.988192 -117.357643
285.988481 -115.692055
285.988769 -115.697670
285.989058 -120.649117
285.989346 -129.821274
285.989635 -129.046341
285.989923 -130.158966
285.990212 -125.742737
285.990500 -125.778160
285.990788 -132.331024
285.991077 -130.267212
285.991365 -129.505951
285.991654 -120.627357
285.991942 -119.157631
285.992231 -119.350655
285.992519 -125.011169
285.992808 -126.437248
285.993096 -125.180145
285.993385 -123.656738
285.993673 -119.281876
285.993962 -119.281563
285.994250 -121.995903
285.994538 -118.805283
285.994827 -118.835159
285.995115 -123.526848
285.995404 -122.603226
285.995692 -121.451950
285.995981 -117.784798
285.996269 -117.369385
285.996558 -118.311264
285.996846 -120.186172
285.997135 -116.064697
285.997423 -116.020935
285.997712 -118.812805
285.998000 -126.470016
285.998288 -119.736969
285.998577 -119.400833
285.998865 -121.238342
285.999154 -122.578529
285.999442 -121.413857
285.999731 -118.097458
286.000019 -118.324959
286.000308 -126.610664
286.000596 -124.061737
286.000885 -122.201454
286.001173 -122.569603
286.001462 -120.396118
286.001750 -119.676872
286.002038 -120.744102
286.002327 -122.117973
286.002615 -120.808563
286.002904 -120.609161
286.003192 -121.064316
286.003481 -124.081001
286.003769 -121.075417
286.004058 -118.722443
286.004346 -117.446358
286.004635 -117.702179
286.004923 -125.336037
286.005212 -126.013275
286.005500 -119.059853
286.005788 -119.054604
286.006077 -123.134834
286.006365 -122.635719
286.006654 -124.545403
286.006942 -126.785004
286.007231 -118.831497
286.007519 -118.325142
286.007808 -119.535072
286.008096 -121.205177
286.008385 -121.037888
286.008673 -123.092651
286.008962 -120.534447
286.009250 -118.119591
286.009538 -117.911667
286.009827 -119.276840
286.010115 -128.939713
286.010404 -125.016541
286.010692 -122.274605
286.010981 -122.393578
286.011269 -131.419846
286.011558 -131.361588
286.011846 -126.235909
286.012135 -125.064415
286.012423 -126.696495
286.012712 -123.362923
286.013000 -123.362831
286.013288 -128.561295
286.013577 -121.571449
286.013865 -119.505554
286.014154 -120.518715
286.014442 -126.236954
286.014731 -119.998413
286.015019 -118.301651
286.015308 -118.460648
286.015596 -119.851707
286.015885 -119.936577
286.016173 -125.874802
286.016462 -123.393410
286.016750 -124.531555
286.017038 -122.303062
286.017327 -118.523483
286.017615 -118.280174
286.017904 -118.644318
286.018192 -119.687439
286.018481 -124.238983
286.018769 -124.437386
286.019058 -120.972527
286.019346 -116.077873
286.019635 -115.160179
286.019923 -115.078659
286.020212 -115.702606
286.020500 -118.762146
286.020788 -125.172340
286.021077 -126.919868
286.021365 -126.113014
286.021654 -127.944313
286.021942 -127.846222
286.022231 -118.390388
286.022519 -117.113083
286.022808 -117.312096
286.023096 -117.661034
286.023385 -119.208229
286.023673 -121.964432
286.023962 -122.640999
286.024250 -130.269638
286.024538 -122.559486
286.024827 -119.088837
286.025115 -119.115784
286.025404 -121.064957
286.025692 -123.315933
286.025981 -124.084213
286.026269 -127.022858
286.026558 -130.500000
286.026846 -124.432968
286.027135 -120.835854
286.027423 -120.598106
286.027712 -118.944199
286.028000 -117.759659
286.028288 -117.022209
286.028577 -114.569069
286.028865 -114.539139
286.029154 -117.933128
286.029442 -121.940308
286.029731 -121.464485
286.030019 -122.904381
286.030308 -122.439461
286.030596 -122.748047
286.030885 -123.744431
286.031173 -118.311722
286.031462 -118.408424
286.031750 -121.398643
286.032038 -120.379005
286.032327 -115.245552
286.032615 -115.244545
286.032904 -117.465569
286.033192 -117.180992
286.033481 -119.611504
286.033769 -122.915581
286.034058 -121.913277
286.034346 -121.104324
286.034635 -121.128448
286.034923 -120.527214
286.035212 -118.961754
286.035500 -119.440376
286.035788 -118.455307
286.036077 -119.144218
286.036365 -123.793106
286.036654 -123.697655
286.036942 -130.009079
286.037231 -135.775299
286.037519 -129.156555
286.037808 -125.042015
286.038096 -122.942673
286.038385 -120.950310
286.038673 -116.789764
286.038962 -116.291878
286.039250 -117.320374
286.039538 -123.708771
286.039827 -119.675842
286.040115 -119.913597
286.040404 -122.601379
286.040692 -121.866455
286.040981 -122.272057
286.041269 -128.466888
286.041558 -124.395554
286.041846 -123.005035
286.042135 -124.082939
286.042423 -120.863297
286.042712 -120.506256
286.043000 -121.103630
286.043288 -124.530304
286.043577 -123.687759
286.043865 -126.015800
286.044154 -126.968086
286.044442 -123.287727
286.044731 -118.788742
286.045019 -118.567406
286.045308 -119.589638
286.045596 -124.547295
286.045885 -125.711479
286.046173 -125.978493
286.046462 -123.694763
286.046750 -121.048965
286.047038 -121.079826
286.047327 -122.789795
286.047615 -124.998291
286.047904 -130.518265
286.048192 -121.932098
286.048481 -118.715843
286.048769 -118.551422
286.049058 -117.594460
286.049346 -117.427246
286.049635 -121.582848
286.049923 -126.724937
286.050212 -121.595566
286.050500 -117.281235
286.050788 -117.085831
286.051077 -115.677376
286.051365 -115.705742
286.051654 -117.670670
286.051942 -116.399422
286.052231 -115.806442
286.052519 -116.436516
286.052808 -121.970192
286.053096 -121.870163
286.053385 -129.301865
286.053673 -130.001144
286.053962 -128.822311
286.054250 -124.019661
286.054538 -122.616302
286.054827 -122.518265
286.055115 -117.959557
286.055404 -114.206779
286.055692 -113.836296
286.055981 -114.936310
286.056269 -121.413834
286.056558 -122.115501
286.056846 -126.736435
286.057135 -123.813927
286.057423 -123.808754
286.057712 -118.189980
286.058000 -117.898895
286.058288 -122.665092
286.058577 -121.105888
286.058865 -119.411583
286.059154 -119.618042
286.059442 -123.551666
286.059731 -127.028236
286.060019 -126.707184
286.060308 -125.561371
286.060596 -122.762100
286.060885 -117.509277
286.061173 -116.942299
286.061462 -116.998276
286.061750 -118.435776
286.062038 -124.231873
286.062327 -125.331688
286.062615 -125.094978
286.062904 -128.955917
286.063192 -128.658722
286.063481 -125.831184
286.063769 -120.215179
286.064058 -118.265083
286.064346 -118.403801
286.064635 -117.914597
286.064923 -116.888786
286.065212 -118.256767
286.065500 -122.267670
286.065788 -118.660606
286.066077 -117.637947
286.066365 -118.054634
286.066654 -120.481705
286.066942 -116.312469
286.067231 -116.369194
286.067519 -118.704491
286.067808 -115.338989
286.068096 -114.468666
286.068385 -115.180939
286.068673 -117.077431
286.068962 -116.979927
286.069250 -117.965706
286.069538 -120.245110
286.069827 -126.238686
286.070115 -126.258835
286.070404 -123.824982
286.070692 -123.818298
286.070981 -124.233124
286.071269 -124.202576
286.071558 -127.869530
286.071846 -122.845047
286.072135 -121.375107
286.072423 -122.417923
286.072712 -126.930344
286.073000 -126.795151
286.073288 -128.601547
286.073577 -128.396484
286.073865 -129.053482
286.074154 -125.253342
286.074442 -125.253052
286.074731 -118.528923
286.075019 -118.376541
286.075308 -123.614265
286.075596 -120.041908
286.075885 -119.493523
286.076173 -119.580330
286.076462 -123.343933
286.076750 -123.407143
286.077038 -123.607765
286.077327 -120.986725
286.077615 -118.279106
286.077904 -117.989609
286.078192 -118.905167
286.078481 -122.179497
286.078769 -120.616112
286.079058 -120.527397
286.079346 -123.144241
286.079635 -127.863029
286.079923 -127.518341
286.080212 -129.490875
286.080500 -125.974701
286.080788 -125.570831
286.081077 -129.692947
286.081365 -129.782410
286.081654 -125.077713
286.081942 -125.038017
286.082231 -127.578178
286.082519 -129.135986
286.082808 -128.959976
286.083096 -128.793762
286.083385 -131.095963
286.083673 -127.475403
286.083962 -123.174759
286.084250 -122.729111
286.084538 -122.079239
286.084827 -115.011673
286.085115 -114.512009
286.085404 -115.817627
286.085692 -116.458488
286.085981 -114.476700
286.086269 -115.137138
286.086558 -121.586525
286.086846 -122.538628
286.087135 -122.574997
286.087423 -125.040405
286.087712 -120.987213
286.088000 -121.101952
286.088288 -125.150726
286.088577 -126.479980
286.088865 -122.237862
286.089154 -122.042130
286.089442 -124.927094
286.089731 -122.910019
286.090019 -120.247620
286.090308 -119.526131
286.090596 -117.903679
286.090885 -117.906914
286.091173 -121.829315
286.091462 -121.308365
286.091750 -124.396637
286.092038 -119.752678
286.092327 -119.397408
286.092615 -120.005707
286.092904 -123.596428
286.093192 -124.442009
286.093481 -125.270996
286.093769 -125.157562
286.094058 -125.115799
286.094346 -126.346199
286.094635 -124.273369
286.094923 -116.565300
286.095212 -115.011238
286.095500 -115.626091
286.095788 -121.616814
286.096077 -120.164993
286.096365 -119.168007
286.096654 -119.770508
286.096942 -123.041153
286.097231 -121.413376
286.097519 -121.798744
286.097808 -126.720444
286.098096 -126.431862
286.098385 -123.873108
286.098673 -123.872330
286.098962 -122.485947
286.099250 -122.336662
286.099538 -123.233299
286.099827 -119.936623
286.100115 -119.795174
286.100404 -120.695335
286.100692 -124.954971
286.100981 -124.820862
286.101269 -117.083260
286.101558 -116.513245
286.101846 -117.246353
286.102135 -119.077606
286.102423 -121.466049
286.102712 -125.672791
286.103000 -119.533226
286.103288 -116.889778
286.103577 -116.814545
286.103865 -117.585838
286.104154 -118.870636
286.104442 -123.190468
286.104731 -118.008705
286.105019 -118.009995
286.105308 -120.782524
286.105596 -125.709259
286.105885 -120.360725
286.106173 -120.147911
286.106462 -123.729446
286.106750 -117.721306
286.107038 -116.679276
286.107327 -116.746857
286.107615 -118.528275
286.107904 -117.701134
286.108192 -118.108429
286.108481 -119.196259
286.108769 -118.736206
286.109058 -120.241852
286.109346 -120.417824
286.109635 -116.117462
286.109923 -115.869614
286.110212 -117.827477
286.110500 -122.905708
286.110788 -122.788567
286.111077 -121.859680
286.111365 -120.440529
286.111654 -119.578323
286.111942 -116.726189
286.112231 -116.665276
286.112519 -120.142776
286.112808 -117.532516
286.113096 -117.905342
286.113385 -124.192039
286.113673 -120.122566
286.113962 -120.039474
286.114250 -124.183479
286.114538 -126.189919
286.114827 -126.220490
286.115115 -127.085472
286.115404 -120.613716
286.115692 -119.561531
286.115981 -120.112480
286.116269 -121.973541
286.116558 -116.672226
286.116846 -116.126076
286.117135 -117.034508
286.117423 -123.607468
286.117712 -123.647636
286.118000 -123.527542
286.118288 -122.460930
286.118577 -116.157318
286.118865 -114.706520
286.119154 -114.722122
286.119442 -116.070732
286.119731 -115.635910
286.120019 -116.110001
286.120308 -123.567871
286.120596 -122.130692
286.120885 -125.264282
286.121173 -124.889297
286.121462 -127.446182
286.121750 -127.696587
286.122038 -120.602859
286.122327 -119.985733
286.122615 -120.760941
286.122904 -121.384918
286.123192 -120.794998
286.123481 -119.767517
286.123769 -119.586456
286.124058 -119.890015
286.124346 -120.164658
286.124635 -120.844513
286.124923 -119.153908
286.125212 -117.730530
286.125500 -117.734962
286.125788 -120.307320
286.126077 -123.841156
286.126365 -128.126495
286.126654 -131.408112
286.126942 -125.642448
286.127231 -124.750008
286.127519 -121.392876
286.127808 -118.853455
286.128096 -115.833305
286.128385 -115.855736
286.128673 -122.443718
286.128962 -128.074066
286.129250 -125.808174
286.129538 -120.359055
286.129827 -116.839813
286.130115 -116.632469
286.130404 -118.272148
286.130692 -124.791817
286.130981 -121.511093
286.131269 -120.690475
286.131558 -121.054420
286.131846 -122.599762
286.132135 -121.994469
286.132423 -122.044785
286.132712 -122.951675
286.133000 -122.970146
286.133288 -118.671143
286.133577 -118.381851
286.133865 -118.260422
286.134154 -120.831406
286.134442 -131.257294
286.134731 -123.710732
286.135019 -123.220039
286.135308 -119.368980
286.135596 -119.048363
286.135885 -116.621536
286.136173 -116.338455
286.136462 -119.897369
286.136750 -117.265869
286.137038 -117.065239
286.137327 -120.585052
286.137615 -119.611710
286.137904 -119.392433
286.138192 -120.594765
286.138481 -123.743912
286.138769 -120.393837
286.139058 -120.241699
286.139346 -119.160820
286.139635 -117.883430
286.139923 -116.909103
286.140212 -116.856644
286.140500 -117.989197
286.140788 -119.186348
286.141077 -118.739517
286.141365 -119.863281
286.141654 -126.799400
286.141942 -119.786499
286.142231 -117.510124
286.142519 -116.600983
286.142808 -116.450058
286.143096 -116.535179
286.143385 -119.092110
286.143673 -124.451286
286.143962 -124.007294
286.144250 -123.208511
286.144538 -122.236435
286.144827 -118.592445
286.145115 -117.537117
286.145404 -114.556229
286.145692 -114.427124
286.145981 -116.289772
286.146269 -114.973251
286.146558 -114.814194
286.146846 -115.665070
286.147135 -114.414551
286.147423 -114.407951
286.147712 -117.108276
286.148000 -122.733696
286.148288 -122.868896
286.148577 -125.805946
286.148865 -123.124100
286.149154 -123.951332
286.149442 -120.232094
286.149731 -118.712112
286.150019 -119.366356
286.150308 -121.392899
286.150596 -121.284813
286.150885 -120.926613
286.151173 -119.511520
286.151462 -119.557693
286.151750 -123.091568
286.152038 -122.460960
286.152327 -122.695114
286.152615 -127.900887
286.152904 -125.365570
286.153192 -121.395172
286.153481 -119.111748
286.153769 -119.079018
286.154058 -121.443275
286.154346 -121.382767
286.154635 -119.666748
286.154923 -118.749451
286.155212 -118.789169
286.155500 -121.481743
286.155788 -127.328880
286.156077 -120.947540
286.156365 -120.859619
286.156654 -123.938828
286.156942 -124.497841
286.157231 -122.122299
286.157519 -122.890320
286.157808 -126.900688
286.158096 -127.023842
286.158385 -123.889656
286.158673 -122.263885
286.158962 -123.370140
286.159250 -117.438332
286.159538 -117.429985
286.159827 -121.401718
286.160115 -116.472710
286.160404 -114.906097
286.160692 -115.599442
286.160981 -122.124199
286.161269 -130.882080
286.161558 -125.209961
286.161846 -123.345406
286.162135 -123.630592
286.162423 -123.033440
286.162712 -116.681160
286.163000 -115.891914
286.163288 -116.566528
286.163577 -116.573273
286.163865 -116.526268
286.164154 -117.908577
286.164442 -119.935326
286.164731 -115.311775
286.165019 -113.098190
286.165308 -113.206589
286.165596 -117.085075
286.165885 -123.819016
286.166173 -121.113152
286.166462 -119.319939
286.166750 -119.747299
286.167038 -125.213043
286.167327 -123.005104
286.167615 -119.115891
286.167904 -119.075150
286.168192 -118.920624
286.168481 -120.088196
286.168769 -126.202454
286.169058 -117.195900
286.169346 -116.042946
286.169635 -116.809853
286.169923 -120.472519
286.170212 -117.686371
286.170500 -117.767609
286.170788 -115.419838
286.171077 -113.889458
286.171365 -114.282959
286.171654 -120.725929
286.171942 -113.770882
286.172231 -113.080849
286.172519 -114.561913
286.172808 -120.840263
286.173096 -123.738693
286.173385 -118.970276
286.173673 -116.756363
286.173962 -116.771385
286.174250 -120.371750
286.174538 -125.560417
286.174827 -124.339325
286.175115 -124.048439
286.175404 -129.724792
286.175692 -126.055367
286.175981 -122.078964
286.176269 -117.967270
286.176558 -118.027954
286.176846 -116.061562
286.177135 -115.523849
286.177423 -117.315529
286.177712 -125.677429
286.178000 -121.943741
286.178288 -117.098869
286.178577 -116.230072
286.178865 -116.546875
286.179154 -119.703560
286.179442 -125.814873
286.179731 -125.817490
286.180019 -119.853790
286.180308 -117.714439
286.180596 -118.295883
286.180885 -113.278038
286.181173 -113.166145
286.181462 -116.788773
286.181750 -120.925369
286.182038 -120.886581
286.182327 -118.587997
286.182615 -116.253586
286.182904 -116.111786
286.183192 -115.607399
286.183481 -115.015182
286.183769 -116.321236
286.184058 -115.919441
286.184346 -112.834381
286.184635 -112.534264
286.184923 -113.954063
286.185212 -117.544823
286.185500 -117.727303
286.185788 -118.694099
286.186077 -118.407341
286.186365 -119.375748
286.186654 -131.088623
286.186942 -134.803345
286.187231 -123.389191
286.187519 -114.555931
286.187808 -113.551300
286.188096 -113.800537
286.188385 -115.553185
286.188673 -116.459473
286.188962 -118.250107
286.189250 -122.773430
286.189538 -126.456642
286.189827 -125.926506
286.190115 -122.962547
286.190404 -122.870552
286.190692 -124.786942
286.190981 -127.336845
286.191269 -122.150574
286.191558 -121.947952
286.191846 -124.994370
286.192135 -119.940445
286.192423 -118.246300
286.192712 -117.605972
286.193000 -117.353790
286.193288 -116.812706
286.193577 -116.878105
286.193865 -117.570984
286.194154 -118.610374
286.194442 -117.983955
286.194731 -113.591698
286.195019 -113.121002
286.195308 -113.281143
286.195596 -114.795105
286.195885 -119.217796
286.196173 -116.242203
286.196462 -116.338936
286.196750 -121.639343
286.197038 -120.601372
286.197327 -120.573975
286.197615 -122.756775
286.197904 -117.635376
286.198192 -116.548141
286.198481 -116.931664
286.198769 -119.490059
286.199058 -116.718521
286.199346 -114.709793
286.199635 -114.611931
286.199923 -117.196762
286.200212 -130.932495
286.200500 -122.961723
286.200788 -119.415939
286.201077 -119.507614
286.201365 -126.689545
286.201654 -116.871307
286.201942 -116.269081
286.202231 -117.789497
286.202519 -126.895256
286.202808 -119.951141
286.203096 -119.817589
286.203385 -123.180855
286.203673 -120.932449
286.203962 -120.462791
286.204250 -116.838135
286.204538 -114.618576
286.204827 -114.481628
286.205115 -115.491936
286.205404 -117.242897
286.205692 -116.159973
286.205981 -116.287102
286.206269 -117.485580
286.206558 -114.583672
286.206846 -114.300316
286.207135 -114.463264
286.207423 -115.393936
286.207712 -115.690773
286.208000 -118.560852
286.208288 -120.502487
286.208577 -115.567841
286.208865 -114.576218
286.209154 -114.652687
286.209442 -116.943504
286.209731 -114.126122
286.210019 -112.618332
286.210308 -113.074112
286.210596 -116.563217
286.210885 -123.635094
286.211173 -121.835602
286.211462 -123.249840
286.211750 -120.074379
286.212038 -118.227730
286.212327 -119.400520
286.212615 -119.635132
286.212904 -111.405769
286.213192 -110.760048
286.213481 -112.776909
286.213769 -118.227188
286.214058 -118.750656
286.214346 -124.209435
286.214635 -116.675552
286.214923 -115.860001
286.215212 -117.030701
286.215500 -118.326309
286.215788 -116.910950
286.216077 -117.093521
286.216365 -120.419960
286.216654 -123.196213
286.216942 -124.548546
286.217231 -120.483261
286.217519 -120.656021
286.217808 -122.090485
286.218096 -123.081619
286.218385 -122.979706
286.218673 -120.885033
286.218962 -116.596359
286.219250 -116.484718
286.219538 -120.868629
286.219827 -116.546524
286.220115 -113.680786
286.220404 -113.876511
286.220692 -115.761024
286.220981 -117.303947
286.221269 -123.209694
286.221558 -115.609650
286.221846 -113.209877
286.222135 -111.731728
286.222423 -110.599777
286.222712 -110.582832
286.223000 -112.757576
286.223288 -118.753967
286.223577 -118.488319
286.223865 -122.114441
286.224154 -115.263908
286.224442 -115.022018
286.224731 -117.301392
286.225019 -117.841850
286.225308 -117.031937
286.225596 -118.727478
286.225885 -113.778229
286.226173 -113.694176
286.226462 -116.041496
286.226750 -114.180252
286.227038 -114.991913
286.227327 -122.563438
286.227615 -118.648605
286.227904 -113.794701
286.228192 -113.164009
286.228481 -114.035202
286.228769 -122.682793
286.229058 -123.160088
286.229346 -113.369125
286.229635 -112.110451
286.229923 -113.200623
286.230212 -117.419472
286.230500 -117.550514
286.230788 -113.384895
286.231077 -112.498489
286.231365 -112.645241
286.231654 -112.379868
286.231942 -112.595306
286.232231 -113.751915
286.232519 -115.018539
286.232808 -111.677666
286.233096 -111.579414
286.233385 -115.508507
286.233673 -112.404549
286.233962 -111.606842
286.234250 -112.536629
286.234538 -118.624718
286.234827 -129.043304
286.235115 -120.921829
286.235404 -114.761452
286.235692 -113.845161
286.235981 -112.479584
286.236269 -110.128883
286.236558 -110.187210
286.236846 -118.340401
286.237135 -117.603348
286.237423 -114.510567
286.237712 -114.521927
286.238000 -119.673851
286.238288 -125.015747
286.238577 -117.511551
286.238865 -115.357979
286.239154 -115.944351
286.239442 -114.001167
286.239731 -114.653122
286.240019 -115.134277
286.240308 -115.080940
286.240596 -121.351967
286.240885 -119.015892
286.241173 -115.264946
286.241462 -115.975304
286.241750 -119.884766
286.242038 -119.755196
286.242327 -115.244019
286.242615 -114.551170
286.242904 -114.005249
286.243192 -112.179893
286.243481 -112.466400
286.243769 -117.107231
286.244058 -116.853737
286.244346 -115.262825
286.244635 -115.422623
286.244923 -115.500397
286.245212 -112.853851
286.245500 -112.947678
286.245788 -117.328217
286.246077 -114.518639
286.246365 -110.600014
286.246654 -108.401848
286.246942 -106.504295
286.247231 -106.475655
286.247519 -108.522087
286.247808 -106.768539
286.248096 -107.034531
286.248385 -110.926201
286.248673 -115.466522
286.248962 -118.091034
286.249250 -114.464424
286.249538 -114.327835
286.249827 -116.702042
286.250115 -114.918167
286.250404 -109.281227
286.250692 -109.147255
286.250981 -111.368805
286.251269 -113.542534
286.251558 -113.420448
286.251846 -115.128944
286.252135 -111.226601
286.252423 -110.903542
286.252712 -108.731628
286.253000 -107.949837
286.253288 -108.129852
286.253577 -107.468620
286.253865 -107.275955
286.254154 -107.701637
286.254442 -109.554924
286.254731 -114.664108
286.255019 -106.692848
286.255308 -105.232269
286.255596 -105.591797
286.255885 -105.268181
286.256173 -105.384972
286.256462 -108.027252
286.256750 -107.901344
286.257038 -109.697182
286.257327 -109.986610
286.257615 -109.133530
286.257904 -109.932320
286.258192 -104.822235
286.258481 -104.246216
286.258769 -106.519264
286.259058 -103.341103
286.259346 -101.822380
286.259635 -102.041054
286.259923 -103.466110
286.260212 -113.474274
286.260500 -111.619865
286.260788 -109.290161
286.261077 -109.278481
286.261365 -110.521385
286.261654 -107.417221
286.261942 -102.338448
286.262231 -101.470772
286.262519 -101.950287
286.262808 -104.211777
286.263096 -108.965782
286.263385 -104.928322
286.263673 -104.726486
286.263962 -108.154076
286.264250 -101.960243
286.264538 -101.883034
286.264827 -104.790817
286.265115 -112.696808
286.265404 -105.181541
286.265692 -103.422455
286.265981 -103.388306
286.266269 -104.624809
286.266558 -108.191238
286.266846 -109.142632
286.267135 -106.642715
286.267423 -104.920189
286.267712 -101.200546
286.268000 -99.876945
286.268288 -99.418816
286.268577 -99.061378
286.268865 -99.673325
286.269154 -102.158333
286.269442 -100.772728
286.269731 -100.860710
286.270019 -105.312569
286.270308 -104.575027
286.270596 -100.337204
286.270885 -98.441734
286.271173 -98.598114
286.271462 -102.369431
286.271750 -105.534988
286.272038 -107.426224
286.272327 -106.484200
286.272615 -102.364922
286.272904 -100.971901
286.273192 -100.945847
286.273481 -100.065323
286.273769 -100.052116
286.274058 -100.987976
286.274346 -103.266731
286.274635 -108.765388
286.274923 -111.724365
286.275212 -109.140747
286.275500 -108.870232
286.275788 -106.336899
286.276077 -105.268478
286.276365 -104.158783
286.276654 -104.257317
286.276942 -106.783089
286.277231 -109.316246
286.277519 -109.021912
286.277808 -110.851402
286.278096 -112.317543
286.278385 -116.386292
286.278673 -112.662949
286.278962 -108.938889
286.279250 -108.616905
286.279538 -107.861847
286.279827 -109.133087
286.280115 -110.574127
286.280404 -110.338821
286.280692 -114.139664
286.280981 -110.674431
286.281269 -108.209137
286.281558 -108.085022
286.281846 -111.557991
286.282135 -117.584869
286.282423 -112.876312
286.282712 -107.176025
286.283000 -106.870537
286.283288 -108.998466
286.283577 -122.666687
286.283865 -119.599472
286.284154 -111.691322
286.284442 -109.454651
286.284731 -109.788651
286.285019 -111.776909
286.285308 -111.572578
286.285596 -114.444031
286.285885 -118.763832
286.286173 -109.867203
286.286462 -109.435913
286.286750 -110.976768
286.287038 -113.201584
286.287327 -122.246185
286.287615 -115.035019
286.287904 -111.784386
286.288192 -110.328529
286.288481 -110.327194
286.288769 -113.404068
286.289058 -114.722855
286.289346 -114.391342
286.289635 -115.708397
286.289923 -108.676216
286.290212 -108.303894
286.290500 -110.529976
286.290788 -115.856934
286.291077 -114.414078
286.291365 -116.592575
286.291654 -111.159119
286.291942 -107.952423
286.292231 -108.023239
286.292519 -114.141106
286.292808 -120.779884
286.293096 -119.894875
286.293385 -112.063026
286.293673 -111.478104
286.293962 -112.964516
286.294250 -117.546738
286.294538 -113.120293
286.294827 -110.747299
286.295115 -110.099991
286.295404 -109.987610
286.295692 -110.544685
286.295981 -114.264717
286.296269 -113.016945
286.296558 -114.061890
286.296846 -119.242203
286.297135 -121.019775
286.297423 -120.576698
286.297712 -117.831894
286.298000 -112.007996
286.298288 -111.889160
286.298577 -115.794472
286.298865 -113.104256
286.299154 -112.709007
286.299442 -113.020889
286.299731 -113.912079
286.300019 -117.698296
286.300308 -112.599915
286.300596 -112.141273
286.300885 -112.944328
286.301173 -115.302231
286.301462 -115.381752
286.301750 -117.029152
286.302038 -115.582260
286.302327 -116.005310
286.302615 -121.393578
286.302904 -118.807472
286.303192 -119.028969
286.303481 -112.292053
286.303769 -111.228188
286.304058 -112.530403
286.304346 -119.773804
286.304635 -117.860405
286.304923 -116.674667
286.305212 -114.410713
286.305500 -113.469948
286.305788 -114.043060
286.306077 -114.467331
286.306365 -113.470169
286.306654 -110.329277
286.306942 -109.192772
286.307231 -109.194092
286.307519 -111.904709
286.307808 -121.080070
286.308096 -119.133423
286.308385 -119.045738
286.308673 -118.092880
286.308962 -116.615570
286.309250 -116.186295
286.309538 -116.638344
286.309827 -125.438057
286.310115 -120.450912
286.310404 -117.298279
286.310692 -115.130905
286.310981 -114.558113
286.311269 -114.870171
286.311558 -117.198105
286.311846 -123.451080
286.312135 -120.308258
286.312423 -113.442482
286.312712 -110.167160
286.313000 -109.480598
286.313288 -109.650955
286.313577 -111.971558
286.313865 -117.270218
286.314154 -117.740326
286.314442 -116.230576
286.314731 -116.238968
286.315019 -118.536705
286.315308 -122.198250
286.315596 -115.773048
286.315885 -115.752663
286.316173 -122.849922
286.316462 -115.829498
286.316750 -115.429375
286.317038 -119.309509
286.317327 -119.181969
286.317615 -119.437607
286.317904 -124.681602
286.318192 -120.380234
286.318481 -116.890823
286.318769 -114.947510
286.319058 -115.018761
286.319346 -120.789246
286.319635 -114.636803
286.319923 -114.618393
286.320212 -115.651337
286.320500 -114.550613
286.320788 -114.865234
286.321077 -120.218849
286.321365 -119.093842
286.321654 -119.985229
286.321942 -119.191475
286.322231 -118.942337
286.322519 -119.893150
286.322808 -121.189285
286.323096 -121.571556
286.323385 -116.582840
286.323673 -111.597824
286.323962 -110.914528
286.324250 -111.777756
286.324538 -115.788246
286.324827 -115.501083
286.325115 -115.501465
286.325404 -117.533752
286.325692 -121.864731
286.325981 -118.866280
286.326269 -114.450943
286.326558 -114.342392
286.326846 -116.154556
286.327135 -117.443382
286.327423 -123.297829
286.327712 -131.120056
286.328000 -118.251503
286.328288 -116.331390
286.328577 -116.449684
286.328865 -119.041985
286.329154 -120.900200
286.329442 -125.683807
286.329731 -127.236984
286.330019 -127.018906
286.330308 -122.898468
286.330596 -119.795776
286.330885 -121.191093
286.331173 -123.856209
286.331462 -118.058884
286.331750 -115.854034
286.332038 -116.333847
286.332327 -122.051842
286.332615 -122.130859
286.332904 -117.138283
286.333192 -116.675453
286.333481 -117.477493
286.333769 -114.486710
286.334058 -112.659485
286.334346 -113.046371
286.334635 -120.771194
286.334923 -120.773079
286.335212 -117.634888
286.335500 -115.960594
286.335788 -116.154106
286.336077 -121.010338
286.336365 -122.339622
286.336654 -122.422020
286.336942 -127.522888
286.337231 -126.674370
286.337519 -120.983322
286.337808 -117.777809
286.338096 -118.247780
286.338385 -121.920715
286.338673 -119.214790
286.338962 -116.001633
286.339250 -116.098465
286.339538 -119.478371
286.339827 -114.273720
286.340115 -113.266418
286.340404 -113.352303
286.340692 -115.658714
286.340981 -118.967133
286.341269 -118.517426
286.341558 -119.815552
286.341846 -117.216042
286.342135 -115.990799
286.342423 -115.991394
286.342712 -120.123932
286.343000 -124.809425
286.343288 -124.707207
286.343577 -124.705208
286.343865 -122.230705
286.344154 -120.829300
286.344442 -121.663467
286.344731 -122.030647
286.345019 -115.400856
286.345308 -112.090836
286.345596 -111.921059
286.345885 -112.354210
286.346173 -116.292427
286.346462 -124.638344
286.346750 -121.619408
286.347038 -120.953705
286.347327 -117.838669
286.347615 -117.799667
286.347904 -123.027550
286.348192 -120.490776
286.348481 -118.484787
286.348769 -117.818794
286.349058 -117.156273
286.349346 -117.194473
286.349635 -119.157761
286.349923 -124.040047
286.350212 -132.621689
286.350500 -120.334511
286.350788 -116.869843
286.351077 -117.139618
286.351365 -123.919853
286.351654 -120.807266
286.351942 -116.698799
286.352231 -116.044189
286.352519 -117.036530
286.352808 -116.396584
286.353096 -115.260017
286.353385 -114.351326
286.353673 -114.355904
286.353962 -116.105530
286.354250 -117.613075
286.354538 -118.116653
286.354827 -119.552055
286.355115 -120.178467
286.355404 -121.927193
286.355692 -120.500130
286.355981 -119.716362
286.356269 -120.484810
286.356558 -120.410522
286.356846 -119.028984
286.357135 -119.652710
286.357423 -127.419632
286.357712 -121.443199
286.358000 -121.198730
286.358288 -123.852859
286.358577 -122.252625
286.358865 -122.282944
286.359154 -129.151428
286.359442 -128.444656
286.359731 -128.335129
286.360019 -118.932236
286.360308 -116.063911
286.360596 -116.095123
286.360885 -118.113518
286.361173 -120.047386
286.361462 -120.757286
286.361750 -122.230148
286.362038 -127.357193
286.362327 -130.339188
286.362615 -125.481094
286.362904 -120.234253
286.363192 -117.160965
286.363481 -117.081787
286.363769 -119.679550
286.364058 -128.087982
286.364346 -120.031586
286.364635 -118.761040
286.364923 -119.766968
286.365212 -122.587402
286.365500 -119.253082
286.365788 -119.110054
286.366077 -121.758110
286.366365 -126.105492
286.366654 -121.708794
286.366942 -120.825783
286.367231 -121.303467
286.367519 -123.928070
286.367808 -119.155190
286.368096 -116.925049
286.368385 -117.469971
286.368673 -121.518585
286.368962 -121.642197
286.369250 -117.314896
286.369538 -116.364876
286.369827 -117.880600
286.370115 -120.453056
286.370404 -119.215088
286.370692 -116.515663
286.370981 -116.011536
286.371269 -117.001694
286.371558 -124.198097
286.371846 -121.315414
286.372135 -121.355637
286.372423 -125.867081
286.372712 -121.557716
286.373000 -119.527740
286.373288 -118.205566
286.373577 -118.220497
286.373865 -119.500603
286.374154 -120.098633
286.374442 -122.738609
286.374731 -122.595215
286.375019 -121.724457
286.375308 -121.751556
286.375596 -122.650497
286.375885 -124.132118
286.376173 -124.131386
286.376462 -129.721191
286.376750 -126.949417
286.377038 -121.702301
286.377327 -121.169327
286.377615 -121.276222
286.377904 -126.139389
286.378192 -120.112595
286.378481 -119.948128
286.378769 -123.939842
286.379058 -118.481392
286.379346 -118.303596
286.379635 -119.309952
286.379923 -121.738457
286.380212 -122.500076
286.380500 -119.763016
286.380788 -116.609566
286.381077 -116.610191
286.381365 -120.427620
286.381654 -116.605736
286.381942 -116.812637
286.382231 -122.980011
286.382519 -118.342529
286.382808 -115.592827
286.383096 -115.592628
286.383385 -117.336876
286.383673 -119.470947
286.383962 -119.986801
286.384250 -120.014999
286.384538 -122.792015
286.384827 -123.634415
286.385115 -119.060318
286.385404 -118.810997
286.385692 -121.564323
286.385981 -115.344948
286.386269 -115.226700
286.386558 -118.083305
286.386846 -124.394157
286.387135 -124.634331
286.387423 -131.046677
286.387712 -122.556450
286.388000 -119.241219
286.388288 -119.069534
286.388577 -120.953941
286.388865 -125.995926
286.389154 -121.471657
286.389442 -116.987900
286.389731 -115.383720
286.390019 -115.384529
286.390308 -115.976524
286.390596 -116.270920
286.390885 -120.056389
286.391173 -122.066872
286.391462 -123.838554
286.391750 -117.901428
286.392038 -117.006584
286.392327 -117.636536
286.392615 -121.327042
286.392904 -130.303375
286.393192 -126.781815
286.393481 -126.753830
286.393769 -122.165138
286.394058 -120.698868
286.394346 -120.818878
286.394635 -124.201065
286.394923 -125.868111
286.395212 -126.301216
286.395500 -124.555450
286.395788 -120.821938
286.396077 -120.208267
286.396365 -120.336937
286.396654 -121.856140
286.396942 -116.500000
286.397231 -114.686501
286.397519 -115.116249
286.397808 -116.816574
286.398096 -116.422920
286.398385 -119.724602
286.398673 -118.985680
286.398962 -118.709068
286.399250 -119.611801
286.399538 -123.300392
286.399827 -117.949913
286.400115 -117.731743
286.400404 -118.147957
286.400692 -122.427971
286.400981 -132.673248
286.401269 -124.552353
286.401558 -124.284126
286.401846 -126.255455
286.402135 -124.986427
286.402423 -126.195557
286.402712 -125.083672
286.403000 -124.203476
286.403288 -119.914436
286.403577 -119.816467
286.403865 -122.784698
286.404154 -117.188080
286.404442 -117.100487
286.404731 -119.353828
286.405019 -124.208702
286.405308 -120.656052
286.405596 -120.706421
286.405885 -127.003403
286.406173 -130.350861
286.406462 -129.629837
286.406750 -120.072647
286.407038 -117.349289
286.407327 -115.749634
286.407615 -115.576309
286.407904 -116.495102
286.408192 -120.401482
286.408481 -121.570404
286.408769 -119.141449
286.409058 -119.031189
286.409346 -121.574310
286.409635 -126.834618
286.409923 -119.794678
286.410212 -118.891663
286.410500 -119.967117
286.410788 -117.997475
286.411077 -116.432327
286.411365 -116.644066
286.411654 -119.481049
286.411942 -122.871918
286.412231 -129.588455
286.412519 -120.349571
286.412808 -114.861969
286.413096 -114.608398
286.413385 -115.056465
286.413673 -115.517685
286.413962 -118.482758
286.414250 -121.472427
286.414538 -116.236107
286.414827 -116.022781
286.415115 -119.578011
286.415404 -119.606293
286.415692 -121.336823
286.415981 -117.274414
286.416269 -117.007484
286.416558 -117.735847
286.416846 -118.520027
286.417135 -119.284416
286.417423 -119.897705
286.417712 -123.226372
286.418000 -123.223480
286.418288 -132.359940
286.418577 -133.170258
286.418865 -133.394592
286.419154 -129.168686
286.419442 -126.553329
286.419731 -125.105812
286.420019 -125.065170
286.420308 -127.072617
286.420596 -127.071121
286.420885 -132.251160
286.421173 -123.117035
286.421462 -119.979050
286.421750 -119.978195
286.422038 -120.742386
286.422327 -118.557571
286.422615 -118.590080
286.422904 -124.496574
286.423192 -122.242638
286.423481 -122.686798
286.423769 -120.788506
286.424058 -120.786011
286.424346 -125.712830
286.424635 -124.818947
286.424923 -123.100311
286.425212 -124.324905
286.425500 -134.115143
286.425788 -128.095001
286.426077 -120.368309
286.426365 -118.682579
286.426654 -118.984009
286.426942 -123.269836
286.427231 -123.323883
286.427519 -124.730827
286.427808 -126.689346
286.428096 -125.050888
286.428385 -124.490143
286.428673 -122.965492
286.428962 -121.863930
286.429250 -122.632019
286.429538 -123.601532
286.429827 -119.789528
286.430115 -118.851631
286.430404 -119.000183
286.430692 -119.048195
286.430981 -123.136002
286.431269 -122.550858
286.431558 -121.251175
286.431846 -121.929657
286.432135 -123.811058
286.432423 -124.287865
286.432712 -128.926163
286.433000 -127.876068
286.433288 -127.891907
286.433577 -122.332245
286.433865 -116.241760
286.434154 -116.103264
286.434442 -118.489799
286.434731 -125.946449
286.435019 -125.805374
286.435308 -124.177971
286.435596 -123.562767
286.435885 -124.270187
286.436173 -118.726501
286.436462 -118.501350
286.436750 -119.504272
286.437038 -123.950790
286.437327 -126.673698
286.437615 -128.765945
286.437904 -125.434990
286.438192 -119.898911
286.438481 -119.823631
286.438769 -123.712158
286.439058 -125.703445
286.439346 -125.745316
286.439635 -115.737839
286.439923 -112.650940
286.440212 -112.848122
286.440500 -119.686165
286.440788 -127.807281
286.441077 -124.237389
286.441365 -120.719673
286.441654 -115.134689
286.441942 -114.409569
286.442231 -114.710442
286.442519 -116.915878
286.442808 -120.137192
286.443096 -123.596336
286.443385 -124.015503
286.443673 -119.799812
286.443962 -118.097427
286.444250 -118.072563
286.444538 -119.786728
286.444827 -121.701950
286.445115 -122.478127
286.445404 -118.798492
286.445692 -117.456268
286.445981 -117.349358
286.446269 -118.177620
286.446558 -125.369820
286.446846 -124.625069
286.447135 -124.968346
286.447423 -125.216438
286.447712 -125.454361
286.448000 -129.147064
286.448288 -117.856964
286.448577 -108.955132
286.448865 -105.986504
286.449154 -105.882591
286.449442 -107.179291
286.449731 -114.537102
286.450019 -114.692856
286.450308 -113.247200
286.450596 -113.418869
286.450885 -119.409958
286.451173 -118.250061
286.451462 -112.975372
286.451750 -112.711098
286.452038 -115.697433
286.452327 -127.112595
286.452615 -127.117760
286.452904 -123.797859
286.453192 -123.795662
286.453481 -119.279083
286.453769 -117.380066
286.454058 -117.384911
286.454346 -118.527367
286.454635 -123.600021
286.454923 -118.972748
286.455212 -118.303398
286.455500 -116.424522
286.455788 -116.410645
286.456077 -119.137672
286.456365 -119.285912
286.456654 -118.643135
286.456942 -120.204124
286.457231 -125.042542
286.457519 -121.798454
286.457808 -121.928070
286.458096 -124.737251
286.458385 -117.671989
286.458673 -117.327988
286.458962 -121.691254
286.459250 -118.869911
286.459538 -118.869247
286.459827 -122.704384
286.460115 -116.786949
286.460404 -115.602913
286.460692 -116.048325
286.460981 -120.406197
286.461269 -119.345291
286.461558 -119.923210
286.461846 -118.152405
286.462135 -117.545563
286.462423 -118.883781
286.462712 -121.582214
286.463000 -118.240494
286.463288 -118.147430
286.463577 -121.960480
286.463865 -135.648224
286.464154 -129.867508
286.464442 -130.024384
286.464731 -121.588051
286.465019 -119.881897
286.465308 -119.979378
286.465596 -121.479256
286.465885 -126.144753
286.466173 -121.381737
286.466462 -122.521980
286.466750 -116.869804
286.467038 -116.857269
286.467327 -118.802444
286.467615 -118.318359
286.467904 -118.641273
286.468192 -124.120895
286.468481 -129.538971
286.468769 -120.116325
286.469058 -117.641335
286.469346 -118.228516
286.469635 -128.137405
286.469923 -125.815598
286.470212 -118.670959
286.470500 -114.410378
286.470788 -113.149994
286.471077 -113.285583
286.471365 -116.580681
286.471654 -126.455261
286.471942 -122.501862
286.472231 -118.865578
286.472519 -118.373711
286.472808 -119.565216
286.473096 -121.764389
286.473385 -121.284431
286.473673 -123.145813
286.473962 -123.040291
286.474250 -124.186333
286.474538 -122.303818
286.474827 -120.293465
286.475115 -120.590485
286.475404 -120.773689
286.475692 -118.914261
286.475981 -119.612328
286.476269 -126.910316
286.476558 -116.283043
286.476846 -114.868004
286.477135 -115.649307
286.477423 -124.738525
286.477712 -118.383163
286.478000 -117.285828
286.478288 -117.647575
286.478577 -119.493881
286.478865 -122.957359
286.479154 -120.526581
286.479442 -120.526550
286.479731 -123.838493
286.480019 -123.549980
286.480308 -120.382133
286.480596 -120.572830
286.480885 -123.107658
286.481173 -123.263817
286.481462 -121.007362
286.481750 -120.410179
286.482038 -121.070442
286.482327 -120.153770
286.482615 -120.140633
286.482904 -124.333229
286.483192 -122.895782
286.483481 -119.849152
286.483769 -120.100677
286.484058 -120.684883
286.484346 -119.439369
286.484635 -119.474167
286.484923 -119.758858
286.485212 -120.191292
286.485500 -122.297974
286.485788 -118.887451
286.486077 -118.783356
286.486365 -123.151680
286.486654 -130.419510
286.486942 -132.864716
286.487231 -126.005966
286.487519 -119.634117
286.487808 -118.397919
286.488096 -118.697968
286.488385 -121.229996
286.488673 -121.088966
286.488962 -124.836716
286.489250 -118.907509
286.489538 -114.990486
286.489827 -114.986679
286.490115 -117.756294
286.490404 -127.537674
286.490692 -126.219818
286.490981 -116.253242
286.491269 -113.707512
286.491558 -113.755112
286.491846 -119.333702
286.492135 -122.589340
286.492423 -122.290901
286.492712 -122.588303
286.493000 -124.595322
286.493288 -120.925438
286.493577 -120.203873
286.493865 -120.736641
286.494154 -120.812187
286.494442 -120.802246
286.494731 -123.025497
286.495019 -116.323212
286.495308 -115.852058
286.495596 -117.605377
286.495885 -120.362450
286.496173 -117.462692
286.496462 -117.460541
286.496750 -118.385155
286.497038 -124.635574
286.497327 -127.056068
286.497615 -119.888512
286.497904 -117.558731
286.498192 -117.644806
286.498481 -122.784401
286.498769 -122.582077
286.499058 -119.797478
286.499346 -119.546051
286.499635 -121.311829
286.499923 -118.530266
286.500212 -117.244026
286.500500 -116.773026
286.500788 -115.896378
286.501077 -116.476036
286.501365 -119.164581
286.501654 -117.071198
286.501942 -116.703842
286.502231 -117.422760
286.502519 -121.304199
286.502808 -119.486778
286.503096 -119.104607
286.503385 -119.497787
286.503673 -120.459435
286.503962 -120.401543
286.504250 -124.948807
286.504538 -123.922775
286.504827 -119.437126
286.505115 -117.440857
286.505404 -117.387711
286.505692 -119.972389
286.505981 -123.117226
286.506269 -122.975151
286.506558 -125.508652
286.506846 -127.065826
286.507135 -126.320786
286.507423 -117.778481
286.507712 -114.745331
286.508000 -114.775810
286.508288 -119.795723
286.508577 -121.960907
286.508865 -118.255974
286.509154 -117.632927
286.509442 -118.307861
286.509731 -120.245880
286.510019 -118.295311
286.510308 -118.417946
286.510596 -122.553619
286.510885 -117.697495
286.511173 -115.353745
286.511462 -115.355736
286.511750 -114.958466
286.512038 -115.598694
286.512327 -119.233871
286.512615 -122.317314
286.512904 -127.434944
286.513192 -121.550789
286.513481 -117.715164
286.513769 -115.370544
286.514058 -114.683723
286.514346 -114.710327
286.514635 -114.844994
286.514923 -115.001068
286.515212 -117.095390
286.515500 -119.961052
286.515788 -121.402817
286.516077 -122.654564
286.516365 -122.961540
286.516654 -124.114571
286.516942 -121.910873
286.517231 -121.909973
286.517519 -121.331642
286.517808 -120.287415
286.518096 -120.610062
286.518385 -124.627914
286.518673 -136.132217
286.518962 -136.834167
286.519250 -136.620300
286.519538 -126.419037
286.519827 -126.156273
286.520115 -124.296936
286.520404 -121.225960
286.520692 -121.300011
286.520981 -122.002228
286.521269 -121.561020
286.521558 -122.510056
286.521846 -127.113838
286.522135 -126.402626
286.522423 -123.206833
286.522712 -124.544975
286.523000 -123.821632
286.523288 -123.587799
286.523577 -122.610107
286.523865 -122.521431
286.524154 -121.799805
286.524442 -122.568100
286.524731 -124.228523
286.525019 -124.306786
286.525308 -123.264664
286.525596 -123.264381
286.525885 -120.802376
286.526173 -120.781540
286.526462 -127.956711
286.526750 -128.473572
286.527038 -120.795670
286.527327 -120.859512
286.527615 -128.353699
286.527904 -122.656937
286.528192 -117.430984
286.528481 -116.956253
286.528769 -119.900078
286.529058 -118.509850
286.529346 -118.358948
286.529635 -117.563675
286.529923 -117.408195
286.530212 -121.370079
286.530500 -121.747200
286.530788 -118.863647
286.531077 -118.561562
286.531365 -119.384140
286.531654 -124.174538
286.531942 -128.359634
286.532231 -122.124855
286.532519 -121.807205
286.532808 -123.837097
286.533096 -123.517815
286.533385 -122.055473
286.533673 -122.080132
286.533962 -117.067139
286.534250 -113.071419
286.534538 -112.994041
286.534827 -114.627197
286.535115 -121.042130
286.535404 -122.375381
286.535692 -122.592712
286.535981 -121.923843
286.536269 -121.940926
286.536558 -127.716919
286.536846 -122.660645
286.537135 -121.323082
286.537423 -120.001831
286.537712 -116.622635
286.538000 -116.534897
286.538288 -117.348984
286.538577 -118.702141
286.538865 -120.634911
286.539154 -129.164337
286.539442 -127.117180
286.539731 -125.049965
286.540019 -122.415588
286.540308 -119.890930
286.540596 -116.076370
286.540885 -115.701675
286.541173 -116.563530
286.541462 -120.126495
286.541750 -122.560555
286.542038 -124.166199
286.542327 -127.241875
286.542615 -128.423828
286.542904 -131.625702
286.543192 -130.600464
286.543481 -120.788559
286.543769 -120.559860
286.544058 -122.830330
286.544346 -119.556496
286.544635 -117.503830
286.544923 -117.681847
286.545212 -122.855240
286.545500 -118.784950
286.545788 -118.318977
286.546077 -118.695343
286.546365 -123.851059
286.546654 -122.027138
286.546942 -119.076904
286.547231 -119.246445
286.547519 -123.254128
286.547808 -117.970261
286.548096 -115.576027
286.548385 -115.860306
286.548673 -120.495872
286.548962 -120.554665
286.549250 -121.232086
286.549538 -120.667435
286.549827 -122.426598
286.550115 -128.932800
286.550404 -128.929520
286.550692 -126.784225
286.550981 -119.791443
286.551269 -119.523926
286.551558 -121.350716
286.551846 -119.214020
286.552135 -119.295830
286.552423 -120.796448
286.552712 -123.274506
286.553000 -120.979050
286.553288 -120.090256
286.553577 -121.799835
286.553865 -122.735695
286.554154 -121.712631
286.554442 -119.590302
286.554731 -119.805550
286.555019 -121.217834
286.555308 -117.587486
286.555596 -116.473801
286.555885 -116.556068
286.556173 -119.579323
286.556462 -121.048874
286.556750 -121.009743
286.557038 -122.191971
286.557327 -122.022034
286.557615 -123.422821
286.557904 -124.843910
286.558192 -124.844284
286.558481 -119.455177
286.558769 -119.100616
286.559058 -120.954002
286.559346 -126.433937
286.559635 -128.902283
286.559923 -123.552322
286.560212 -118.690971
286.560500 -115.902405
286.560788 -115.960777
286.561077 -118.749161
286.561365 -125.290207
286.561654 -121.878853
286.561942 -120.579811
286.562231 -117.733665
286.562519 -115.848892
286.562808 -115.735847
286.563096 -115.694252
286.563385 -117.148964
286.563673 -121.459656
286.563962 -120.584915
286.564250 -120.486580
286.564538 -120.509300
286.564827 -121.977554
286.565115 -122.747017
286.565404 -122.612251
286.565692 -121.788094
286.565981 -121.572891
286.566269 -125.419029
286.566558 -122.921913
286.566846 -121.259766
286.567135 -122.248108
286.567423 -119.325478
286.567712 -119.288521
286.568000 -122.667847
286.568288 -133.691574
286.568577 -128.990845
286.568865 -121.907188
286.569154 -120.649155
286.569442 -122.676491
286.569731 -120.644485
286.570019 -121.037056
286.570308 -122.937599
286.570596 -128.164871
286.570885 -123.746056
286.571173 -123.747238
286.571462 -125.024117
286.571750 -124.416290
286.572038 -123.290199
286.572327 -120.296608
286.572615 -120.296562
286.572904 -125.760582
286.573192 -126.727493
286.573481 -125.264076
286.573769 -125.263176
286.574058 -128.623276
286.574346 -132.495346
286.574635 -122.394699
286.574923 -119.353050
286.575212 -119.361168
286.575500 -122.463112
286.575788 -124.228111
286.576077 -123.530693
286.576365 -122.864296
286.576654 -119.355057
286.576942 -115.640419
286.577231 -115.290443
286.577519 -116.583397
286.577808 -121.353882
286.578096 -123.040085
286.578385 -121.890541
286.578673 -119.969391
286.578962 -120.301247
286.579250 -122.124535
286.579538 -118.614555
286.579827 -117.269417
286.580115 -117.402176
286.580404 -120.456665
286.580692 -122.266426
286.580981 -123.978012
286.581269 -128.530167
286.581558 -122.392044
286.581846 -122.130516
286.582135 -124.714195
286.582423 -124.906898
286.582712 -124.874657
286.583000 -128.480865
286.583288 -129.058517
286.583577 -119.466637
286.583865 -119.003487
286.584154 -120.567848
286.584442 -127.395111
286.584731 -129.369843
286.585019 -122.482117
286.585308 -122.249382
286.585596 -126.396347
286.585885 -120.256454
286.586173 -119.353233
286.586462 -119.864021
286.586750 -123.633888
286.587038 -126.761543
286.587327 -125.575005
286.587615 -123.505295
286.587904 -120.474266
286.588192 -118.534599
286.588481 -116.246483
286.588769 -114.872528
286.589058 -115.559181
286.589346 -124.322609
286.589635 -121.948540
286.589923 -121.270454
286.590212 -121.065651
286.590500 -121.989349
286.590788 -122.326599
286.591077 -121.621048
286.591365 -117.253967
286.591654 -117.204918
286.591942 -121.596626
286.592231 -127.010391
286.592519 -128.391281
286.592808 -124.670830
286.593096 -119.220612
286.593385 -118.763741
286.593673 -122.426094
286.593962 -120.382179
286.594250 -120.984070
286.594538 -120.919342
286.594827 -120.809662
286.595115 -122.226227
286.595404 -122.202751
286.595692 -119.604797
286.595981 -116.144386
286.596269 -114.837936
286.596558 -114.994652
286.596846 -119.808372
286.597135 -121.953468
286.597423 -121.866119
286.597712 -117.247597
286.598000 -117.271202
286.598288 -115.686554
286.598577 -115.512291
286.598865 -116.931557
286.599154 -122.106285
286.599442 -124.327370
286.599731 -124.146561
286.600019 -125.255890
286.600308 -119.516747
286.600596 -115.925903
286.600885 -115.898056
286.601173 -118.827705
286.601462 -128.161667
286.601750 -128.660156
286.602038 -126.132561
286.602327 -123.305305
286.602615 -120.860275
286.602904 -122.679619
286.603192 -121.836662
286.603481 -121.122719
286.603769 -119.997826
286.604058 -119.022774
286.604346 -119.681976
286.604635 -128.941513
286.604923 -127.061707
286.605212 -120.578835
286.605500 -118.027115
286.605788 -116.772156
286.606077 -116.718918
286.606365 -118.950172
286.606654 -121.748253
286.606942 -121.931770
286.607231 -124.494995
286.607519 -124.603661
286.607808 -121.880684
286.608096 -121.576385
286.608385 -122.219193
286.608673 -122.380112
286.608962 -119.220825
286.609250 -119.210968
286.609538 -123.994728
286.609827 -127.107796
286.610115 -125.496468
286.610404 -117.201530
286.610692 -117.113083
286.610981 -119.681206
286.611269 -115.904999
286.611558 -115.816048
286.611846 -117.721771
286.612135 -121.870827
286.612423 -119.050186
286.612712 -119.078735
286.613000 -117.733276
286.613288 -117.640617
286.613577 -119.029266
286.613865 -119.666351
286.614154 -117.802536
286.614442 -114.974922
286.614731 -113.365929
286.615019 -113.434738
286.615308 -115.950905
286.615596 -117.494118
286.615885 -117.737732
286.616173 -119.865211
286.616462 -127.715958
286.616750 -123.005280
286.617038 -120.329903
286.617327 -119.427383
286.617615 -119.730583
286.617904 -121.012115
286.618192 -119.091797
286.618481 -119.118599
286.618769 -120.064941
286.619058 -122.305725
286.619346 -117.664497
286.619635 -116.832443
286.619923 -116.819237
286.620212 -118.840012
286.620500 -123.803787
286.620788 -124.598579
286.621077 -122.701378
286.621365 -121.348434
286.621654 -123.498260
286.621942 -124.086555
286.622231 -120.681831
286.622519 -118.550331
286.622808 -117.006607
286.623096 -117.513733
286.623385 -121.952843
286.623673 -115.652916
286.623962 -114.993362
286.624250 -116.240295
286.624538 -122.840126
286.624827 -123.864037
286.625115 -120.229645
286.625404 -120.351120
286.625692 -123.714668
286.625981 -126.417336
286.626269 -121.279823
286.626558 -118.933777
286.626846 -118.929802
286.627135 -120.558182
286.627423 -123.288261
286.627712 -118.159409
286.628000 -118.031158
286.628288 -120.496162
286.628577 -116.124466
286.628865 -115.963104
286.629154 -118.383179
286.629442 -118.483429
286.629731 -118.714157
286.630019 -125.283119
286.630308 -123.342949
286.630596 -121.934372
286.630885 -121.855858
286.631173 -121.697067
286.631462 -121.890816
286.631750 -123.403687
286.632038 -128.706955
286.632327 -127.729897
286.632615 -123.406754
286.632904 -123.330460
286.633192 -123.909782
286.633481 -124.450356
286.633769 -125.250870
286.634058 -118.566872
286.634346 -118.288506
286.634635 -120.805885
286.634923 -128.608215
286.635212 -118.820900
286.635500 -117.363602
286.635788 -118.254166
286.636077 -127.300346
286.636365 -120.839661
286.636654 -117.818802
286.636942 -114.665062
286.637231 -114.311333
286.637519 -115.405510
286.637808 -121.560379
286.638096 -126.560135
286.638385 -126.594505
286.638673 -122.963921
286.638962 -122.762970
286.639250 -120.474724
286.639538 -118.710876
286.639827 -118.895096
286.640115 -123.103645
286.640404 -123.770645
286.640692 -123.752655
286.640981 -124.262886
286.641269 -121.807190
286.641558 -121.832062
286.641846 -121.809898
286.642135 -121.265610
286.642423 -118.314529
286.642712 -115.394447
286.643000 -115.294022
286.643288 -117.352295
286.643577 -126.763832
286.643865 -125.623566
286.644154 -125.605919
286.644442 -125.214645
286.644731 -121.337608
286.645019 -121.097267
286.645308 -121.414482
286.645596 -122.469009
286.645885 -124.753586
286.646173 -118.111839
286.646462 -117.913429
286.646750 -119.765968
286.647038 -119.603760
286.647327 -121.582039
286.647615 -122.471581
286.647904 -115.774666
286.648192 -115.770172
286.648481 -120.717400
286.648769 -126.171783
286.649058 -123.191116
286.649346 -121.003784
286.649635 -120.970276
286.649923 -124.240623
286.650212 -128.540802
286.650500 -128.587662
286.650788 -126.863792
286.651077 -123.372795
286.651365 -123.627769
286.651654 -129.402908
286.651942 -126.271507
286.652231 -121.856949
286.652519 -119.137383
286.652808 -119.159668
286.653096 -125.265770
286.653385 -129.478409
286.653673 -122.116898
286.653962 -118.880287
286.654250 -118.277252
286.654538 -118.814522
286.654827 -124.889565
286.655115 -119.397186
286.655404 -117.370483
286.655692 -117.770546
286.655981 -119.147247
286.656269 -119.164459
286.656558 -125.852180
286.656846 -123.763077
286.657135 -124.021240
286.657423 -124.919357
286.657712 -119.992783
286.658000 -118.014389
286.658288 -118.211044
286.658577 -125.006195
286.658865 -127.907921
286.659154 -123.557327
286.659442 -122.930016
286.659731 -125.231071
286.660019 -136.545502
286.660308 -129.915100
286.660596 -123.856445
286.660885 -121.961845
286.661173 -120.867783
286.661462 -118.141418
286.661750 -116.479012
286.662038 -116.635986
286.662327 -118.710831
286.662615 -123.398125
286.662904 -129.564896
286.663192 -125.965881
286.663481 -126.809464
286.663769 -136.955215
286.664058 -129.633713
286.664346 -130.139420
286.664635 -124.120865
286.664923 -124.187317
286.665212 -119.364609
286.665500 -118.330498
286.665788 -118.516655
286.666077 -124.390892
286.666365 -120.804817
286.666654 -120.803902
286.666942 -122.634048
286.667231 -130.506271
286.667519 -127.169846
286.667808 -127.420471
286.668096 -124.554588
286.668385 -124.120857
286.668673 -126.305885
286.668962 -125.638573
286.669250 -125.282379
286.669538 -126.986694
286.669827 -128.832352
286.670115 -122.772865
286.670404 -122.385223
286.670692 -121.510834
286.670981 -120.740265
286.671269 -122.892601
286.671558 -119.960480
286.671846 -118.460869
286.672135 -119.107452
286.672423 -123.708710
286.672712 -124.194122
286.673000 -124.442520
286.673288 -122.455017
286.673577 -121.751030
286.673865 -122.795341
286.674154 -124.418427
286.674442 -121.609474
286.674731 -120.526665
286.675019 -120.186974
286.675308 -118.515640
286.675596 -118.604210
286.675885 -124.470863
286.676173 -121.653702
286.676462 -122.268929
286.676750 -128.924347
286.677038 -121.777245
286.677327 -121.470261
286.677615 -122.742996
286.677904 -123.871170
286.678192 -128.406082
286.678481 -131.690460
286.678769 -131.736053
286.679058 -131.235626
286.679346 -122.088974
286.679635 -121.167336
286.679923 -121.857849
286.680212 -121.799492
286.680500 -123.524704
286.680788 -121.929604
286.681077 -118.478096
286.681365 -118.322617
286.681654 -119.040192
286.681942 -120.287773
286.682231 -122.912666
286.682519 -124.710342
286.682808 -125.673645
286.683096 -122.315613
286.683385 -122.470192
286.683673 -123.737892
286.683962 -118.614388
286.684250 -118.445137
286.684538 -118.950974
286.684827 -119.197838
286.685115 -122.914261
286.685404 -124.569283
286.685692 -124.531395
286.685981 -128.880081
286.686269 -122.898369
286.686558 -120.517189
286.686846 -120.517349
286.687135 -120.678772
286.687423 -120.433830
286.687712 -121.394257
286.688000 -127.969505
286.688288 -121.439171
286.688577 -118.129280
286.688865 -118.079300
286.689154 -119.886780
286.689442 -125.539734
286.689731 -127.132431
286.690019 -127.376831
286.690308 -120.583885
286.690596 -115.996910
286.690885 -115.936150
286.691173 -118.958557
286.691462 -121.735382
286.691750 -117.714981
286.692038 -117.608253
286.692327 -117.016014
286.692615 -117.096291
286.692904 -119.146645
286.693192 -119.161163
286.693481 -121.344101
286.693769 -132.336533
286.694058 -128.456177
286.694346 -127.480347
286.694635 -127.216370
286.694923 -125.409966
286.695212 -124.930832
286.695500 -122.299889
286.695788 -119.054085
286.696077 -118.689674
286.696365 -119.806816
286.696654 -123.039680
286.696942 -124.194901
286.697231 -120.928024
286.697519 -121.472374
286.697808 -124.184303
286.698096 -124.007111
286.698385 -125.489891
286.698673 -122.702286
286.698962 -122.829056
286.699250 -127.929298
286.699538 -126.446602
286.699827 -122.079269
286.700115 -119.622543
286.700404 -116.296440
286.700692 -116.257011
286.700981 -119.144829
286.701269 -120.072319
286.701558 -119.771057
286.701846 -119.907707
286.702135 -120.488045
286.702423 -124.597870
286.702712 -121.914864
286.703000 -118.868057
286.703288 -118.519104
286.703577 -119.436722
286.703865 -119.816116
286.704154 -116.492767
286.704442 -116.824989
286.704731 -124.792984
286.705019 -132.183594
286.705308 -124.596443
286.705596 -123.232399
286.705885 -123.524094
286.706173 -123.132820
286.706462 -124.118561
286.706750 -121.221291
286.707038 -119.550385
286.707327 -119.686440
286.707615 -123.874481
286.707904 -119.883026
286.708192 -118.059959
286.708481 -116.908119
286.708769 -117.172340
286.709058 -119.694008
286.709346 -120.339462
286.709635 -119.643700
286.709923 -120.858406
286.710212 -127.099846
286.710500 -123.763878
286.710788 -120.273308
286.711077 -119.943459
286.711365 -119.753227
286.711654 -118.089005
286.711942 -119.031166
286.712231 -126.790718
286.712519 -122.007904
286.712808 -118.990112
286.713096 -119.253120
286.713385 -124.110939
286.713673 -121.692497
286.713962 -120.816681
286.714250 -121.462639
286.714538 -128.042847
286.714827 -127.923111
286.715115 -122.198845
286.715404 -119.805779
286.715692 -120.953789
286.715981 -116.747726
286.716269 -116.399261
286.716558 -118.482224
286.716846 -121.231644
286.717135 -120.880562
286.717423 -121.587509
286.717712 -128.341019
286.718000 -125.450340
286.718288 -125.883873
286.718577 -124.467819
286.718865 -121.553665
286.719154 -121.589256
286.719442 -122.137718
286.719731 -119.623520
286.720019 -119.450592
286.720308 -118.230896
286.720596 -118.376015
286.720885 -122.550865
286.721173 -121.069946
286.721462 -121.397087
286.721750 -127.298203
286.722038 -130.146484
286.722327 -129.769562
286.722615 -129.660553
286.722904 -122.955185
286.723192 -119.306511
286.723481 -119.025154
286.723769 -120.091629
286.724058 -121.933929
286.724346 -125.006836
286.724635 -129.147919
286.724923 -124.342880
286.725212 -121.283524
286.725500 -120.575294
286.725788 -121.648438
286.726077 -131.617050
286.726365 -119.713844
286.726654 -117.399796
286.726942 -117.975403
286.727231 -124.135925
286.727519 -124.307465
286.727808 -125.641602
286.728096 -121.082642
286.728385 -117.866089
286.728673 -117.801559
286.728962 -119.090149
286.729250 -123.066536
286.729538 -118.650742
286.729827 -118.277878
286.730115 -120.146881
286.730404 -118.725914
286.730692 -119.117332
286.730981 -125.711632
286.731269 -129.133896
286.731558 -126.100861
286.731846 -126.419846
286.732135 -122.456841
286.732423 -122.938118
286.732712 -121.596764
286.733000 -118.029144
286.733288 -118.058372
286.733577 -122.920280
286.733865 -130.583618
286.734154 -129.807419
286.734442 -127.265945
286.734731 -125.778160
286.735019 -126.230988
286.735308 -131.707031
286.735596 -124.071831
286.735885 -116.485458
286.736173 -115.614418
286.736462 -116.874611
286.736750 -124.629456
286.737038 -131.260422
286.737327 -120.426414
286.737615 -118.384491
286.737904 -118.774742
286.738192 -126.502945
286.738481 -126.127754
286.738769 -125.974945
286.739058 -122.472000
286.739346 -122.130798
286.739635 -125.623009
286.739923 -120.049965
286.740212 -120.031685
286.740500 -124.788986
286.740788 -120.093445
286.741077 -118.409592
286.741365 -118.122864
286.741654 -118.024033
286.741942 -121.393105
286.742231 -120.046478
286.742519 -120.786812
286.742808 -128.501617
286.743096 -125.248741
286.743385 -125.630363
286.743673 -126.214989
286.743962 -121.356682
286.744250 -119.860062
286.744538 -121.444702
286.744827 -134.406586
286.745115 -125.357208
286.745404 -125.362381
286.745692 -122.835419
286.745981 -121.850662
286.746269 -121.590645
286.746558 -123.302620
286.746846 -121.455711
286.747135 -118.277962
286.747423 -118.096184
286.747712 -120.255119
286.748000 -120.651451
286.748288 -120.567963
286.748577 -122.364998
286.748865 -123.383377
286.749154 -121.664505
286.749442 -121.748138
286.749731 -119.411469
286.750019 -117.954292
286.750308 -118.964493
286.750596 -124.280869
286.750885 -118.349136
286.751173 -118.322418
286.751462 -122.684593
286.751750 -124.795700
286.752038 -125.723991
286.752327 -120.471535
286.752615 -118.700508
286.752904 -118.634048
286.753192 -117.955658
286.753481 -118.000618
286.753769 -117.058281
286.754058 -116.914558
286.754346 -121.012177
286.754635 -123.259300
286.754923 -121.751320
286.755212 -122.507004
286.755500 -120.010849
286.755788 -120.015663
286.756077 -123.648445
286.756365 -129.331818
286.756654 -127.048645
286.756942 -121.408722
286.757231 -121.048668
286.757519 -123.687881
286.757808 -128.164673
286.758096 -128.932022
286.758385 -127.149651
286.758673 -127.131416
286.758962 -126.741730
286.759250 -126.201210
286.759538 -120.703094
286.759827 -120.592422
286.760115 -124.397385
286.760404 -120.883987
286.760692 -118.721649
286.760981 -118.902390
286.761269 -123.747124
286.761558 -120.803787
286.761846 -119.983749
286.762135 -120.419418
286.762423 -120.139931
286.762712 -120.168831
286.763000 -121.177101
286.763288 -122.892929
286.763577 -120.245598
286.763865 -120.189140
286.764154 -124.253616
286.764442 -120.218208
286.764731 -120.508804
286.765019 -121.141708
286.765308 -121.423988
286.765596 -123.185982
286.765885 -123.182030
286.766173 -124.290001
286.766462 -125.242348
286.766750 -136.267532
286.767038 -122.362823
286.767327 -120.808434
286.767615 -121.654022
286.767904 -119.338142
286.768192 -119.344681
286.768481 -122.362770
286.768769 -122.909309
286.769058 -122.925781
286.769346 -120.219521
286.769635 -119.271706
286.769923 -120.836319
286.770212 -118.353203
286.770500 -114.515121
286.770788 -114.386757
286.771077 -117.482231
286.771365 -129.398239
286.771654 -130.906052
286.771942 -128.351913
286.772231 -125.200356
286.772519 -125.103294
286.772808 -124.181084
286.773096 -119.373436
286.773385 -119.491768
286.773673 -127.288589
286.773962 -125.871414
286.774250 -124.094353
286.774538 -123.208252
286.774827 -124.845161
286.775115 -127.374672
286.775404 -127.928230
286.775692 -125.508865
286.775981 -124.835266
286.776269 -122.747772
286.776558 -120.394325
286.776846 -120.665718
286.777135 -122.849670
286.777423 -125.337875
286.777712 -135.452347
286.778000 -122.937439
286.778288 -120.803856
286.778577 -121.216911
286.778865 -128.458618
286.779154 -123.957985
286.779442 -124.299477
286.779731 -125.287430
286.780019 -118.121452
286.780308 -116.073143
286.780596 -116.030167
286.780885 -116.532997
286.781173 -116.044418
286.781462 -116.507591
286.781750 -120.050621
286.782038 -132.540894
286.782327 -131.189484
286.782615 -131.929993
286.782904 -124.193153
286.783192 -124.181641
286.783481 -127.195427
286.783769 -125.830772
286.784058 -126.897430
286.784346 -126.617058
286.784635 -119.270866
286.784923 -118.986496
286.785212 -119.829689
286.785500 -123.297142
286.785788 -117.816048
286.786077 -117.713860
286.786365 -121.387871
286.786654 -123.700409
286.786942 -123.567421
286.787231 -125.143753
286.787519 -119.933998
286.787808 -119.356010
286.788096 -120.272636
286.788385 -122.072899
286.788673 -120.433952
286.788962 -122.007355
286.789250 -124.828880
286.789538 -125.067345
286.789827 -121.624535
286.790115 -118.349037
286.790404 -118.140327
286.790692 -119.500816
286.790981 -122.607697
286.791269 -121.601578
286.791558 -122.628815
286.791846 -124.123238
286.792135 -124.361732
286.792423 -123.699158
286.792712 -124.501488
286.793000 -123.211075
286.793288 -118.388199
286.793577 -118.220100
286.793865 -118.405396
286.794154 -118.620445
286.794442 -119.338562
286.794731 -119.331169
286.795019 -118.219833
286.795308 -117.726936
286.795596 -118.033745
286.795885 -120.340118
286.796173 -120.652046
286.796462 -118.938065
286.796750 -118.943359
286.797038 -118.364479
286.797327 -117.958168
286.797615 -118.575981
286.797904 -120.337624
286.798192 -115.823746
286.798481 -114.991348
286.798769 -115.198776
286.799058 -119.108284
286.799346 -122.447266
286.799635 -118.717186
286.799923 -118.383308
286.800212 -119.028053
286.800500 -121.402962
286.800788 -121.655746
286.801077 -118.690811
286.801365 -117.732750
286.801654 -117.982719
286.801942 -119.992050
286.802231 -124.954300
286.802519 -127.273308
286.802808 -125.384644
286.803096 -126.497551
286.803385 -128.361160
286.803673 -129.455154
286.803962 -131.633408
286.804250 -126.062805
286.804538 -119.675636
286.804827 -119.647743
286.805115 -122.843124
286.805404 -121.782738
286.805692 -121.670341
286.805981 -123.263000
286.806269 -127.800484
286.806558 -122.581017
286.806846 -115.614227
286.807135 -115.429260
286.807423 -119.247009
286.807712 -126.453896
286.808000 -126.441811
286.808288 -125.713882
286.808577 -123.917137
286.808865 -123.931442
286.809154 -127.282585
286.809442 -125.608650
286.809731 -124.534447
286.810019 -122.371300
286.810308 -121.344955
286.810596 -121.384682
286.810885 -122.354004
286.811173 -122.736221
286.811462 -118.623550
286.811750 -118.627960
286.812038 -122.273735
286.812327 -119.196838
286.812615 -119.309563
286.812904 -123.955711
286.813192 -123.326889
286.813481 -123.045158
286.813769 -121.934326
286.814058 -121.475410
286.814346 -121.992958
286.814635 -122.425369
286.814923 -122.421333
286.815212 -124.145828
286.815500 -118.792534
286.815788 -117.382202
286.816077 -117.295830
286.816365 -117.688538
286.816654 -122.655945
286.816942 -118.805115
286.817231 -118.575294
286.817519 -119.682396
286.817808 -124.009438
286.818096 -127.684708
286.818385 -128.436707
286.818673 -124.708252
286.818962 -121.362885
286.819250 -120.972580
286.819538 -121.408211
286.819827 -113.776596
286.820115 -113.575394
286.820404 -115.346458
286.820692 -118.708321
286.820981 -118.711357
286.821269 -120.638672
286.821558 -125.433739
286.821846 -132.978745
286.822135 -121.586151
286.822423 -118.221359
286.822712 -118.221535
286.823000 -119.348816
286.823288 -119.887085
286.823577 -120.114326
286.823865 -123.192848
286.824154 -125.672035
286.824442 -125.782906
286.824731 -124.185783
286.825019 -123.355431
286.825308 -124.237862
286.825596 -119.671677
286.825885 -117.913300
286.826173 -117.155876
286.826462 -118.172951
286.826750 -122.446632
286.827038 -120.928383
286.827327 -122.014069
286.827615 -126.939461
286.827904 -125.820488
286.828192 -120.239731
286.828481 -120.126686
286.828769 -125.130905
286.829058 -129.792389
286.829346 -124.851219
286.829635 -125.490112
286.829923 -126.918564
286.830212 -122.177132
286.830500 -122.255104
286.830788 -120.851852
286.831077 -119.686676
286.831365 -121.692566
286.831654 -124.898827
286.831942 -120.157982
286.832231 -120.231781
286.832519 -122.495689
286.832808 -120.727249
286.833096 -116.389572
286.833385 -116.291122
286.833673 -117.522507
286.833962 -122.464317
286.834250 -120.373520
286.834538 -120.662521
286.834827 -121.670097
286.835115 -120.386253
286.835404 -122.570580
286.835692 -120.243690
286.835981 -120.136673
286.836269 -121.318413
286.836558 -117.592316
286.836846 -116.852524
286.837135 -118.560234
286.837423 -125.777985
286.837712 -118.568901
286.838000 -117.260361
286.838288 -117.313866
286.838577 -116.501358
286.838865 -116.371880
286.839154 -118.482460
286.839442 -120.335899
286.839731 -120.282410
286.840019 -122.999878
286.840308 -123.972282
286.840596 -119.260635
286.840885 -115.651649
286.841173 -115.628342
286.841462 -118.532532
286.841750 -119.602295
286.842038 -118.240265
286.842327 -118.913597
286.842615 -120.330856
286.842904 -120.341690
286.843192 -121.126175
286.843481 -123.269966
286.843769 -123.105392
286.844058 -125.852493
286.844346 -120.952751
286.844635 -115.767616
286.844923 -115.581787
286.845212 -117.514252
286.845500 -124.670403
286.845788 -131.557404
286.846077 -131.670349
286.846365 -131.119873
286.846654 -125.032257
286.846942 -123.444466
286.847231 -121.619850
286.847519 -120.850937
286.847808 -117.209404
286.848096 -116.732666
286.848385 -118.110977
286.848673 -127.162537
286.848962 -125.030098
286.849250 -125.023521
286.849538 -119.322357
286.849827 -117.917496
286.850115 -118.166496
286.850404 -120.761772
286.850692 -122.556328
286.850981 -122.150696
286.851269 -122.484322
286.851558 -125.832733
286.851846 -122.628059
286.852135 -122.769325
286.852423 -125.711395
286.852712 -123.308350
286.853000 -124.187790
286.853288 -132.700241
286.853577 -132.312561
286.853865 -131.402145
286.854154 -125.058891
286.854442 -119.620552
286.854731 -119.407776
286.855019 -122.881386
286.855308 -122.329842
286.855596 -123.566437
286.855885 -124.463158
286.856173 -124.489426
286.856462 -127.556076
286.856750 -125.344948
286.857038 -122.856674
286.857327 -121.598740
286.857615 -116.929543
286.857904 -116.950027
286.858192 -119.770233
286.858481 -124.977615
286.858769 -126.538635
286.859058 -128.110962
286.859346 -128.352676
286.859635 -121.289177
286.859923 -119.344704
286.860212 -118.003136
286.860500 -117.627434
286.860788 -117.805511
286.861077 -120.274940
286.861365 -121.474480
286.861654 -119.050552
286.861942 -119.390915
286.862231 -124.809608
286.862519 -122.945183
286.862808 -117.461823
286.863096 -115.233688
286.863385 -115.301842
286.863673 -119.130241
286.863962 -121.007698
286.864250 -121.456177
286.864538 -125.254204
286.864827 -121.128014
286.865115 -121.514496
286.865404 -121.707275
286.865692 -122.189255
286.865981 -119.528908
286.866269 -119.176315
286.866558 -120.423172
286.866846 -121.153587
286.867135 -120.369774
286.867423 -122.376083
286.867712 -118.751328
286.868000 -115.732994
286.868288 -115.764175
286.868577 -119.334785
286.868865 -123.508850
286.869154 -126.813606
286.869442 -121.578438
286.869731 -121.248665
286.870019 -123.232803
286.870308 -123.961426
286.870596 -120.951317
286.870885 -119.499275
286.871173 -117.959663
286.871462 -117.695053
286.871750 -117.920692
286.872038 -120.036514
286.872327 -122.466774
286.872615 -130.713562
286.872904 -126.421738
286.873192 -120.176407
286.873481 -116.724411
286.873769 -116.688263
286.874058 -122.032372
286.874346 -119.885536
286.874635 -118.680473
286.874923 -117.762016
286.875212 -118.482430
286.875500 -124.802643
286.875788 -122.025192
286.876077 -122.124802
286.876365 -126.089546
286.876654 -126.163315
286.876942 -118.412140
286.877231 -117.436317
286.877519 -119.139183
286.877808 -130.174622
286.878096 -124.353043
286.878385 -114.857384
286.878673 -113.850441
286.878962 -114.774200
286.879250 -118.414017
286.879538 -122.220177
286.879827 -121.965607
286.880115 -121.246933
286.880404 -123.837509
286.880692 -124.806656
286.880981 -124.835411
286.881269 -122.549187
286.881558 -119.577385
286.881846 -119.681572
286.882135 -124.796776
286.882423 -125.495590
286.882712 -127.264534
286.883000 -125.100357
286.883288 -125.065910
286.883577 -127.638618
286.883865 -126.518372
286.884154 -126.673935
286.884442 -125.109833
286.884731 -123.603935
286.885019 -118.288696
286.885308 -117.282043
286.885596 -117.856743
286.885885 -125.192299
286.886173 -121.645111
286.886462 -121.087738
286.886750 -121.971436
286.887038 -129.691956
286.887327 -129.936417
286.887615 -126.582489
286.887904 -123.395142
286.888192 -121.895439
286.888481 -120.469254
286.888769 -120.519432
286.889058 -123.398918
286.889346 -119.326942
286.889635 -119.306892
286.889923 -122.521889
286.890212 -118.661461
286.890500 -118.547310
286.890788 -119.773552
286.891077 -122.967514
286.891365 -118.109978
286.891654 -117.914848
286.891942 -120.315277
286.892231 -126.109467
286.892519 -122.253548
286.892808 -118.894157
286.893096 -118.939651
286.893385 -123.191284
286.893673 -129.953598
286.893962 -123.193176
286.894250 -116.765472
286.894538 -116.246109
286.894827 -117.282265
286.895115 -123.210358
286.895404 -125.695900
286.895692 -125.553452
286.895981 -125.933449
286.896269 -125.344521
286.896558 -123.467987
286.896846 -122.323578
286.897135 -123.997169
286.897423 -120.711731
286.897712 -120.251144
286.898000 -120.650375
286.898288 -121.504967
286.898577 -125.981834
286.898865 -122.766205
286.899154 -122.766098
286.899442 -120.707649
286.899731 -119.554962
286.900019 -116.803474
286.900308 -115.814369
286.900596 -115.899345
286.900885 -117.541656
286.901173 -122.310608
286.901462 -121.388145
286.901750 -123.568275
286.902038 -125.435509
286.902327 -124.882523
286.902615 -121.488892
286.902904 -121.489250
286.903192 -126.095436
286.903481 -127.820557
286.903769 -121.248505
286.904058 -120.772064
286.904346 -121.804398
286.904635 -126.685493
286.904923 -128.368851
286.905212 -120.393898
286.905500 -119.067184
286.905788 -119.908806
286.906077 -124.709343
286.906365 -125.469398
286.906654 -122.773041
286.906942 -122.774986
286.907231 -123.046379
286.907519 -120.217491
286.907808 -120.379417
286.908096 -123.221115
286.908385 -119.018013
286.908673 -117.344894
286.908962 -118.186249
286.909250 -127.675812
286.909538 -121.151985
286.909827 -118.963951
286.910115 -118.869629
286.910404 -121.404228
286.910692 -119.373360
286.910981 -115.781860
286.911269 -115.576897
286.911558 -115.918266
286.911846 -115.360527
286.912135 -115.800301
286.912423 -120.603058
286.912712 -119.793961
286.913000 -118.073021
286.913288 -118.400894
286.913577 -125.051949
286.913865 -122.813698
286.914154 -117.775864
286.914442 -116.927689
286.914731 -116.207329
286.915019 -116.214294
286.915308 -119.136879
286.915596 -121.120667
286.915885 -120.385727
286.916173 -121.020508
286.916462 -119.174652
286.916750 -118.397675
286.917038 -116.335693
286.917327 -116.357079
286.917615 -121.113525
286.917904 -127.956856
286.918192 -124.586746
286.918481 -120.844658
286.918769 -119.566849
286.919058 -119.843506
286.919346 -121.537247
286.919635 -117.311096
286.919923 -116.713440
286.920212 -117.000557
286.920500 -120.878242
286.920788 -121.809059
286.921077 -121.814857
286.921365 -124.539764
286.921654 -117.972885
286.921942 -116.724007
286.922231 -117.279045
286.922519 -119.597221
286.922808 -114.047005
286.923096 -114.016838
286.923385 -118.752571
286.923673 -129.436722
286.923962 -119.759087
286.924250 -119.084862
286.924538 -121.074158
286.924827 -130.275879
286.925115 -124.243034
286.925404 -124.047478
286.925692 -129.768951
286.925981 -125.196602
286.926269 -120.827087
286.926558 -120.987907
286.926846 -127.200401
286.927135 -121.455177
286.927423 -120.033752
286.927712 -121.375526
286.928000 -132.205353
286.928288 -125.758751
286.928577 -125.154999
286.928865 -129.688370
286.929154 -128.081757
286.929442 -123.260773
286.929731 -119.850616
286.930019 -119.810135
286.930308 -122.520363
286.930596 -125.708420
286.930885 -121.110786
286.931173 -120.526131
286.931462 -121.401436
286.931750 -123.471725
286.932038 -123.248459
286.932327 -128.052628
286.932615 -128.982422
286.932904 -118.163658
286.933192 -115.903694
286.933481 -116.042053
286.933769 -119.290009
286.934058 -120.974594
286.934346 -122.963371
286.934635 -119.653778
286.934923 -117.983170
286.935212 -118.150383
286.935500 -121.533737
286.935788 -121.815140
286.936077 -121.795921
286.936365 -119.222870
286.936654 -114.844246
286.936942 -114.538666
286.937231 -115.919067
286.937519 -115.570786
286.937808 -115.703621
286.938096 -121.035286
286.938385 -127.499748
286.938673 -125.175240
286.938962 -119.806152
286.939250 -118.547035
286.939538 -118.638580
286.939827 -123.595650
286.940115 -129.266724
286.940404 -128.497070
286.940692 -125.301544
286.940981 -122.294098
286.941269 -123.165512
286.941558 -120.743523
286.941846 -120.361145
286.942135 -122.564705
286.942423 -127.952957
286.942712 -118.278954
286.943000 -117.048286
286.943288 -117.200226
286.943577 -118.851944
286.943865 -126.369629
286.944154 -121.436623
286.944442 -121.226341
286.944731 -123.259384
286.945019 -117.310318
286.945308 -117.076851
286.945596 -120.332344
286.945885 -121.710808
286.946173 -121.843132
286.946462 -129.016449
286.946750 -129.108734
286.947038 -120.312668
286.947327 -115.624161
286.947615 -114.466919
286.947904 -114.557663
286.948192 -116.686714
286.948481 -123.279175
286.948769 -120.889351
286.949058 -119.152565
286.949346 -119.270729
286.949635 -119.766495
286.949923 -118.407242
286.950212 -119.831314
286.950500 -123.133827
286.950788 -123.485733
286.951077 -132.326660
286.951365 -125.755508
286.951654 -122.905357
286.951942 -119.272728
286.952231 -119.194550
286.952519 -119.642769
286.952808 -122.968864
286.953096 -121.151848
286.953385 -122.207008
286.953673 -133.701416
286.953962 -125.904037
286.954250 -125.275383
286.954538 -126.754478
286.954827 -130.963150
286.955115 -124.282341
286.955404 -121.883888
286.955692 -122.150864
286.955981 -118.272461
286.956269 -116.051529
286.956558 -116.652901
286.956846 -125.979271
286.957135 -122.727997
286.957423 -122.044098
286.957712 -122.203697
286.958000 -123.268097
286.958288 -121.530876
286.958577 -119.647240
286.958865 -118.660446
286.959154 -120.031555
286.959442 -116.579155
286.959731 -115.997284
286.960019 -116.717636
286.960308 -122.383980
286.960596 -123.522423
286.960885 -117.765945
286.961173 -116.402489
286.961462 -116.548149
286.961750 -121.124763
286.962038 -127.078949
286.962327 -127.106857
286.962615 -121.204742
286.962904 -115.555580
286.963192 -115.485420
286.963481 -118.752556
286.963769 -124.607422
286.964058 -125.663353
286.964346 -123.301743
286.964635 -117.550224
286.964923 -117.231361
286.965212 -119.628174
286.965500 -131.768600
286.965788 -130.922623
286.966077 -127.459763
286.966365 -121.729576
286.966654 -119.499565
286.966942 -118.926186
286.967231 -117.392487
286.967519 -117.238045
286.967808 -117.755417
286.968096 -119.679558
286.968385 -125.027359
286.968673 -123.500603
286.968962 -124.967232
286.969250 -125.990257
286.969538 -125.586067
286.969827 -119.128090
286.970115 -119.013687
286.970404 -120.130234
286.970692 -120.831184
286.970981 -120.526634
286.971269 -120.791039
286.971558 -123.048058
286.971846 -122.228111
286.972135 -123.055656
286.972423 -121.690483
286.972712 -118.504974
286.973000 -118.439987
286.973288 -120.507523
286.973577 -122.900284
286.973865 -121.402420
286.974154 -121.986320
286.974442 -118.717865
286.974731 -117.985176
286.975019 -118.678337
286.975308 -119.327576
286.975596 -120.052315
286.975885 -113.406311
286.976173 -113.057190
286.976462 -113.969818
286.976750 -118.255089
286.977038 -121.511307
286.977327 -118.560745
286.977615 -118.583832
286.977904 -121.162888
286.978192 -122.823753
286.978481 -121.181465
286.978769 -117.771996
286.979058 -117.616829
286.979346 -121.829811
286.979635 -122.467926
286.979923 -117.899208
286.980212 -116.804398
286.980500 -117.105148
286.980788 -121.000298
286.981077 -123.120186
286.981365 -122.266685
286.981654 -121.648308
286.981942 -121.816841
286.982231 -125.995155
286.982519 -126.875580
286.982808 -122.058624
286.983096 -121.844238
286.983385 -125.309433
286.983673 -117.433617
286.983962 -116.975693
286.984250 -118.286194
286.984538 -123.050400
286.984827 -117.709221
286.985115 -117.561493
286.985404 -119.913277
286.985692 -124.957359
286.985981 -118.393318
286.986269 -117.502724
286.986558 -117.751076
286.986846 -118.874977
286.987135 -120.570847
286.987423 -118.156845
286.987712 -118.032234
286.988000 -119.569359
286.988288 -125.823166
286.988577 -119.618652
286.988865 -116.872803
286.989154 -117.063774
286.989442 -122.339333
286.989731 -121.760384
286.990019 -118.008125
286.990308 -117.934982
286.990596 -120.373093
286.990885 -129.115936
286.991173 -128.276031
286.991462 -124.291084
286.991750 -124.107117
286.992038 -121.038307
286.992327 -116.499992
286.992615 -116.428719
286.992904 -117.542435
286.993192 -119.950684
286.993481 -119.039818
286.993769 -118.009933
286.994058 -115.027145
286.994346 -115.033463
286.994635 -118.651802
286.994923 -122.037758
286.995212 -120.781578
286.995500 -120.407936
286.995788 -121.173279
286.996077 -127.682991
286.996365 -127.431526
286.996654 -129.427444
286.996942 -123.809044
286.997231 -117.139435
286.997519 -116.149399
286.997808 -116.544144
286.998096 -118.861061
286.998385 -117.943420
286.998673 -118.391373
286.998962 -119.575706
286.999250 -115.410408
286.999538 -114.821831
286.999827 -115.300140
287.000115 -118.113884
287.000404 -118.664413
287.000692 -119.402283
287.000981 -119.498154
287.001269 -121.887863
287.001558 -119.983406
287.001846 -118.127846
287.002135 -117.766724
287.002423 -117.801910
287.002712 -118.694939
287.003000 -121.677757
287.003288 -122.118668
287.003577 -122.161537
287.003865 -125.689667
287.004154 -123.774155
287.004442 -120.745209
287.004731 -120.775055
287.005019 -126.231461
287.005308 -124.933678
287.005596 -125.741852
287.005885 -124.645943
287.006173 -123.873573
287.006462 -125.135986
287.006750 -129.922333
287.007038 -130.046890
287.007327 -131.598480
287.007615 -122.988548
287.007904 -122.528549
287.008192 -126.180702
287.008481 -125.878563
287.008769 -122.155479
287.009058 -122.181030
287.009346 -119.209526
287.009635 -118.493645
287.009923 -119.454689
287.010212 -125.052971
287.010500 -120.235573
287.010788 -118.952370
287.011077 -119.771919
287.011365 -122.934669
287.011654 -121.038696
287.011942 -121.404480
287.012231 -127.990189
287.012519 -120.574783
287.012808 -119.544212
287.013096 -120.872452
287.013385 -126.285202
287.013673 -122.196793
287.013962 -115.396355
287.014250 -114.828957
287.014538 -115.690491
287.014827 -122.446884
287.015115 -121.637085
287.015404 -120.678818
287.015692 -121.312347
287.015981 -129.762009
287.016269 -128.477371
287.016558 -126.534836
287.016846 -122.397507
287.017135 -122.394913
287.017423 -127.729416
287.017712 -128.368835
287.018000 -126.926353
287.018288 -127.481079
287.018577 -122.332237
287.018865 -121.149910
287.019154 -122.944618
287.019442 -131.977371
287.019731 -125.318695
287.020019 -121.933838
287.020308 -119.996452
287.020596 -119.981018
287.020885 -121.648857
287.021173 -121.374634
287.021462 -122.314560
287.021750 -126.959435
287.022038 -124.555031
287.022327 -120.550957
287.022615 -117.955063
287.022904 -117.918137
287.023192 -118.453308
287.023481 -120.127304
287.023769 -123.976738
287.024058 -127.012756
287.024346 -123.281303
287.024635 -123.157074
287.024923 -126.266472
287.025212 -118.058846
287.025500 -115.966644
287.025788 -116.209694
287.026077 -119.228508
287.026365 -121.735878
287.026654 -132.599045
287.026942 -130.872864
287.027231 -128.069855
287.027519 -128.049698
287.027808 -118.772057
287.028096 -116.696922
287.028385 -117.587723
287.028673 -121.830292
287.028962 -119.355339
287.029250 -119.324928
287.029538 -120.333633
287.029827 -119.054276
287.030115 -118.922958
287.030404 -120.450478
287.030692 -122.094185
287.030981 -121.962738
287.031269 -124.352463
287.031558 -131.990036
287.031846 -130.018570
287.032135 -118.920418
287.032423 -117.246185
287.032712 -117.185211
287.033000 -118.967865
287.033288 -121.073280
287.033577 -118.017326
287.033865 -117.964432
287.034154 -119.898872
287.034442 -121.665115
287.034731 -121.808693
287.035019 -119.689095
287.035308 -118.106514
287.035596 -117.614883
287.035885 -117.734764
287.036173 -122.923767
287.036462 -117.695511
287.036750 -116.979706
287.037038 -117.047165
287.037327 -119.369057
287.037615 -126.283669
287.037904 -123.738930
287.038192 -116.688179
287.038481 -115.834045
287.038769 -115.160797
287.039058 -114.399971
287.039346 -114.665878
287.039635 -118.602013
287.039923 -127.628777
287.040212 -121.601990
287.040500 -118.385361
287.040788 -118.223412
287.041077 -121.651512
287.041365 -121.625183
287.041654 -117.880203
287.041942 -117.984940
287.042231 -124.011650
287.042519 -121.565338
287.042808 -119.892555
287.043096 -118.001648
287.043385 -117.548462
287.043673 -118.962112
287.043962 -121.114082
287.044250 -120.970665
287.044538 -122.376923
287.044827 -123.238800
287.045115 -121.554596
287.045404 -119.646820
287.045692 -119.957146
287.045981 -131.372925
287.046269 -122.746826
287.046558 -121.837280
287.046846 -125.515030
287.047135 -126.267159
287.047423 -122.460190
287.047712 -119.607506
287.048000 -118.940193
287.048288 -119.022583
287.048577 -120.541382
287.048865 -123.827415
287.049154 -125.122093
287.049442 -124.888039
287.049731 -125.980743
287.050019 -121.631752
287.050308 -119.590195
287.050596 -120.030983
287.050885 -124.026054
287.051173 -119.793556
287.051462 -119.570076
287.051750 -122.043167
287.052038 -125.601761
287.052327 -127.177032
287.052615 -121.771278
287.052904 -121.591850
287.053192 -123.914291
287.053481 -120.576118
287.053769 -120.440231
287.054058 -121.302231
287.054346 -122.681885
287.054635 -117.010193
287.054923 -115.381607
287.055212 -115.736694
287.055500 -119.437836
287.055788 -121.172531
287.056077 -122.783913
287.056365 -130.496689
287.056654 -127.746834
287.056942 -121.031448
287.057231 -119.781166
287.057519 -119.792809
287.057808 -122.548477
287.058096 -122.569572
287.058385 -118.470612
287.058673 -118.369118
287.058962 -119.763840
287.059250 -122.948433
287.059538 -127.208588
287.059827 -125.971825
287.060115 -125.267532
287.060404 -122.222107
287.060692 -118.457436
287.060981 -117.656586
287.061269 -116.508507
287.061558 -113.086960
287.061846 -112.863617
287.062135 -114.435349
287.062423 -118.807220
287.062712 -118.707664
287.063000 -121.549164
287.063288 -123.684959
287.063577 -119.576851
287.063865 -119.777634
287.064154 -123.556030
287.064442 -123.828285
287.064731 -118.903221
287.065019 -116.438126
287.065308 -116.444839
287.065596 -120.409752
287.065885 -129.624130
287.066173 -126.864128
287.066462 -124.937325
287.066750 -127.157608
287.067038 -124.217049
287.067327 -126.958359
287.067615 -123.071159
287.067904 -121.837868
287.068192 -121.663116
287.068481 -123.285210
287.068769 -123.515083
287.069058 -120.889336
287.069346 -121.474945
287.069635 -121.630447
287.069923 -121.626534
287.070212 -121.410294
287.070500 -121.021065
287.070788 -121.085670
287.071077 -123.123642
287.071365 -124.378365
287.071654 -124.356171
287.071942 -120.549484
287.072231 -116.945244
287.072519 -116.878136
287.072808 -118.895882
287.073096 -121.904251
287.073385 -121.761612
287.073673 -120.494308
287.073962 -118.699425
287.074250 -117.840340
287.074538 -115.222031
287.074827 -115.355362
287.075115 -119.367043
287.075404 -124.750740
287.075692 -122.078209
287.075981 -121.731621
287.076269 -124.432236
287.076558 -124.717751
287.076846 -126.920174
287.077135 -125.038292
287.077423 -125.043098
287.077712 -125.223358
287.078000 -118.652092
287.078288 -116.898750
287.078577 -117.151596
287.078865 -117.314583
287.079154 -117.873337
287.079442 -126.505913
287.079731 -122.644318
287.080019 -120.606445
287.080308 -118.964294
287.080596 -116.355087
287.080885 -115.454926
287.081173 -115.697174
287.081462 -116.899544
287.081750 -118.585815
287.082038 -124.736374
287.082327 -133.437988
287.082615 -130.666290
287.082904 -130.854126
287.083192 -129.792496
287.083481 -124.799110
287.083769 -125.002190
287.084058 -125.280022
287.084346 -124.050949
287.084635 -121.728104
287.084923 -117.732269
287.085212 -117.349411
287.085500 -118.015747
287.085788 -119.388573
287.086077 -119.757675
287.086365 -122.333992
287.086654 -123.866844
287.086942 -115.199371
287.087231 -115.060570
287.087519 -120.052048
287.087808 -126.587868
287.088096 -127.514381
287.088385 -124.203674
287.088673 -124.225616
287.088962 -124.296234
287.089250 -126.488922
287.089538 -120.508049
287.089827 -118.752983
287.090115 -116.744942
287.090404 -115.887474
287.090692 -115.860634
287.090981 -116.660767
287.091269 -122.086838
287.091558 -126.182823
287.091846 -127.994377
287.092135 -119.950104
287.092423 -118.694466
287.092712 -118.880638
287.093000 -115.799179
287.093288 -113.839378
287.093577 -113.841568
287.093865 -116.748032
287.094154 -121.452377
287.094442 -119.668404
287.094731 -118.196808
287.095019 -117.775543
287.095308 -117.858215
287.095596 -119.380577
287.095885 -121.224403
287.096173 -118.239311
287.096462 -116.412956
287.096750 -116.431374
287.097038 -121.607964
287.097327 -122.822189
287.097615 -124.145515
287.097904 -124.898575
287.098192 -122.670280
287.098481 -122.669296
287.098769 -125.371582
287.099058 -132.639709
287.099346 -123.167480
287.099635 -121.605553
287.099923 -121.222153
287.100212 -116.959923
287.100500 -116.063103
287.100788 -116.221474
287.101077 -119.080582
287.101365 -122.296791
287.101654 -123.438667
287.101942 -128.238983
287.102231 -131.091400
287.102519 -130.992218
287.102808 -123.175201
287.103096 -122.220253
287.103385 -122.198692
287.103673 -121.980896
287.103962 -123.265884
287.104250 -118.017380
287.104538 -117.275276
287.104827 -117.092529
287.105115 -116.178108
287.105404 -114.716362
287.105692 -114.603386
287.105981 -116.343094
287.106269 -120.488365
287.106558 -122.957779
287.106846 -123.934006
287.107135 -122.299873
287.107423 -121.249008
287.107712 -120.333221
287.108000 -121.112587
287.108288 -117.539902
287.108577 -113.724426
287.108865 -113.000999
287.109154 -113.451096
287.109442 -120.620209
287.109731 -120.192627
287.110019 -120.857246
287.110308 -128.347061
287.110596 -132.333221
287.110885 -127.166298
287.111173 -120.420029
287.111462 -120.034096
287.111750 -120.653671
287.112038 -121.840408
287.112327 -126.816452
287.112615 -121.138763
287.112904 -116.557533
287.113192 -115.992485
287.113481 -117.091103
287.113769 -117.498306
287.114058 -115.338432
287.114346 -115.338165
287.114635 -114.693062
287.114923 -114.700729
287.115212 -115.896667
287.115500 -116.094124
287.115788 -117.860504
287.116077 -123.082291
287.116365 -120.549248
287.116654 -120.724167
287.116942 -123.384064
287.117231 -122.431992
287.117519 -121.766769
287.117808 -123.654091
287.118096 -118.550758
287.118385 -117.859688
287.118673 -118.502365
287.118962 -124.872368
287.119250 -118.186394
287.119538 -116.304733
287.119827 -116.576508
287.120115 -120.125031
287.120404 -120.833778
287.120692 -119.802109
287.120981 -121.406387
287.121269 -120.789108
287.121558 -120.834343
287.121846 -124.986092
287.122135 -118.409149
287.122423 -116.115723
287.122712 -116.389557
287.123000 -119.377777
287.123288 -121.379807
287.123577 -123.358604
287.123865 -128.116867
287.124154 -127.799034
287.124442 -129.057663
287.124731 -125.180489
287.125019 -124.165764
287.125308 -123.799164
287.125596 -118.121483
287.125885 -117.821266
287.126173 -119.880028
287.126462 -124.882713
287.126750 -120.067490
287.127038 -119.016769
287.127327 -119.798035
287.127615 -122.621284
287.127904 -123.301559
287.128192 -120.457047
287.128481 -120.455048
287.128769 -121.021744
287.129058 -113.781776
287.129346 -113.173058
287.129635 -113.761673
287.129923 -119.722504
287.130212 -116.571053
287.130500 -116.487198
287.130788 -118.490303
287.131077 -118.700195
287.131365 -117.783577
287.131654 -118.439369
287.131942 -123.722847
287.132231 -120.959129
287.132519 -121.421867
287.132808 -128.064819
287.133096 -120.747910
287.133385 -119.422592
287.133673 -119.790535
287.133962 -124.016418
287.134250 -122.592766
287.134538 -122.608444
287.134827 -121.234222
287.135115 -120.933083
287.135404 -124.045029
287.135692 -125.741615
287.135981 -124.425140
287.136269 -118.235527
287.136558 -118.085266
287.136846 -121.726807
287.137135 -123.016296
287.137423 -125.378067
287.137712 -129.250305
287.138000 -127.315483
287.138288 -119.351357
287.138577 -116.075943
287.138865 -115.985352
287.139154 -117.376617
287.139442 -123.871742
287.139731 -124.728813
287.140019 -121.346138
287.140308 -119.941612
287.140596 -118.826767
287.140885 -118.780029
287.141173 -119.233345
287.141462 -116.567169
287.141750 -116.575981
287.142038 -118.831314
287.142327 -121.451782
287.142615 -124.199219
287.142904 -125.584877
287.143192 -122.060638
287.143481 -121.242088
287.143769 -120.387100
287.144058 -121.091324
287.144346 -127.264030
287.144635 -119.611267
287.144923 -116.029091
287.145212 -115.999802
287.145500 -118.416191
287.145788 -118.734436
287.146077 -118.563522
287.146365 -121.025063
287.146654 -126.320015
287.146942 -121.017357
287.147231 -119.729935
287.147519 -119.869339
287.147808 -124.483871
287.148096 -126.022392
287.148385 -119.653481
287.148673 -119.206856
287.148962 -120.348129
287.149250 -117.424835
287.149538 -117.542740
287.149827 -123.062111
287.150115 -121.038887
287.150404 -122.464890
287.150692 -127.010353
287.150981 -126.911613
287.151269 -131.206558
287.151558 -127.356575
287.151846 -118.766823
287.152135 -116.862946
287.152423 -116.975861
287.152712 -117.723221
287.153000 -117.211090
287.153288 -117.727150
287.153577 -121.277863
287.153865 -125.074455
287.154154 -120.695824
287.154442 -119.547577
287.154731 -120.479034
287.155019 -131.065735
287.155308 -122.849915
287.155596 -114.887405
287.155885 -114.476280
287.156173 -116.306595
287.156462 -121.942535
287.156750 -117.648170
287.157038 -116.745743
287.157327 -118.422562
287.157615 -131.346664
287.157904 -122.527061
287.158192 -117.222992
287.158481 -115.347992
287.158769 -115.178284
287.159058 -115.643158
287.159346 -119.259865
287.159635 -128.694122
287.159923 -126.729424
287.160212 -126.817612
287.160500 -125.622681
287.160788 -119.777618
287.161077 -119.440498
287.161365 -119.601959
287.161654 -116.962387
287.161942 -116.972740
287.162231 -122.958801
287.162519 -128.091003
287.162808 -124.856148
287.163096 -124.770004
287.163385 -123.272354
287.163673 -117.386856
287.163962 -117.209641
287.164250 -119.776886
287.164538 -127.066162
287.164827 -127.070023
287.165115 -130.344376
287.165404 -128.127625
287.165692 -127.849968
287.165981 -121.955368
287.166269 -118.982918
287.166558 -118.991936
287.166846 -121.197594
287.167135 -125.605705
287.167423 -117.116112
287.167712 -116.387482
287.168000 -116.595573
287.168288 -117.892555
287.168577 -119.847137
287.168865 -119.041046
287.169154 -119.915237
287.169442 -121.732552
287.169731 -121.368027
287.170019 -124.823982
287.170308 -123.208931
287.170596 -123.175957
287.170885 -125.421730
287.171173 -121.655594
287.171462 -120.893417
287.171750 -121.461372
287.172038 -126.157738
287.172327 -124.394386
287.172615 -123.656395
287.172904 -123.138382
287.173192 -122.946609
287.173481 -125.088448
287.173769 -125.538391
287.174058 -117.933449
287.174346 -116.065697
287.174635 -116.395592
287.174923 -122.984505
287.175212 -122.556816
287.175500 -124.098228
287.175788 -122.174072
287.176077 -122.225121
287.176365 -127.121559
287.176654 -126.914696
287.176942 -123.850784
287.177231 -118.804222
287.177519 -118.734367
287.177808 -120.684914
287.178096 -124.983727
287.178385 -124.038506
287.178673 -123.975502
287.178962 -123.072617
287.179250 -123.124168
287.179538 -126.887344
287.179827 -124.902122
287.180115 -127.396049
287.180404 -123.534561
287.180692 -120.607056
287.180981 -120.052940
287.181269 -121.397865
287.181558 -130.414688
287.181846 -129.076813
287.182135 -130.597015
287.182423 -123.604858
287.182712 -122.092384
287.183000 -122.708733
287.183288 -120.595161
287.183577 -121.017387
287.183865 -118.570335
287.184154 -118.566978
287.184442 -121.957947
287.184731 -129.266449
287.185019 -122.208893
287.185308 -121.123543
287.185596 -122.902321
287.185885 -116.115349
287.186173 -114.601471
287.186462 -115.054565
287.186750 -119.901848
287.187038 -120.673752
287.187327 -116.867798
287.187615 -116.868454
287.187904 -120.389862
287.188192 -124.388077
287.188481 -126.607315
287.188769 -136.924637
287.189058 -138.567886
287.189346 -131.347214
287.189635 -123.084648
287.189923 -122.937973
287.190212 -123.287254
287.190500 -122.140869
287.190788 -122.144341
287.191077 -124.667603
287.191365 -128.559021
287.191654 -121.196434
287.191942 -118.262268
287.192231 -118.257515
287.192519 -120.008942
287.192808 -120.941597
287.193096 -123.712433
287.193385 -118.866547
287.193673 -117.284012
287.193962 -117.405663
287.194250 -117.200508
287.194538 -118.778610
287.194827 -122.413307
287.195115 -122.747726
287.195404 -127.188736
287.195692 -121.098709
287.195981 -120.192123
287.196269 -120.631477
287.196558 -122.876366
287.196846 -118.845772
287.197135 -116.923683
287.197423 -116.962524
287.197712 -118.525032
287.198000 -119.403809
287.198288 -120.409851
287.198577 -127.192711
287.198865 -138.684341
287.199154 -124.061813
287.199442 -118.178078
287.199731 -118.186844
287.200019 -126.646553
287.200308 -126.235191
287.200596 -122.762505
287.200885 -123.140320
287.201173 -124.964180
287.201462 -128.020645
287.201750 -122.798050
287.202038 -122.920341
287.202327 -122.526840
287.202615 -121.716911
287.202904 -122.597336
287.203192 -126.410240
287.203481 -119.087029
287.203769 -119.001656
287.204058 -118.585991
287.204346 -118.499977
287.204635 -116.257996
287.204923 -115.219589
287.205212 -115.944603
287.205500 -124.386559
287.205788 -120.156517
287.206077 -120.158051
287.206365 -122.132339
287.206654 -126.943893
287.206942 -124.468399
287.207231 -124.523491
287.207519 -119.054131
287.207808 -117.712250
287.208096 -118.145882
287.208385 -119.685699
287.208673 -121.004211
287.208962 -125.416748
287.209250 -123.920280
287.209538 -123.921677
287.209827 -130.570862
287.210115 -128.520874
287.210404 -127.032356
287.210692 -124.562004
287.210981 -124.743225
287.211269 -130.051025
287.211558 -124.517784
287.211846 -121.985771
287.212135 -119.943535
287.212423 -120.164177
287.212712 -124.748970
287.213000 -119.405373
287.213288 -117.578598
287.213577 -115.549248
287.213865 -115.582253
287.214154 -121.568687
287.214442 -122.788445
287.214731 -121.518448
287.215019 -121.597382
287.215308 -123.100899
287.215596 -127.647423
287.215885 -126.234940
287.216173 -123.246468
287.216462 -121.426735
287.216750 -122.099800
287.217038 -118.473198
287.217327 -116.451767
287.217615 -116.243881
287.217904 -116.351845
287.218192 -116.767494
287.218481 -120.810104
287.218769 -120.357559
287.219058 -121.188820
287.219346 -125.463165
287.219635 -120.013260
287.219923 -119.635002
287.220212 -120.259842
287.220500 -120.827530
287.220788 -120.615173
287.221077 -120.901680
287.221365 -125.122818
287.221654 -128.423553
287.221942 -131.823792
287.222231 -126.167572
287.222519 -121.947693
287.222808 -122.194923
287.223096 -122.390244
287.223385 -122.481178
287.223673 -122.957970
287.223962 -124.650169
287.224250 -126.907043
287.224538 -127.243286
287.224827 -123.615028
287.225115 -121.865013
287.225404 -118.014038
287.225692 -118.131516
287.225981 -125.028587
287.226269 -133.310150
287.226558 -134.617249
287.226846 -127.841522
287.227135 -125.979614
287.227423 -121.518913
287.227712 -117.591515
287.228000 -117.514175
287.228288 -116.999992
287.228577 -116.498672
287.228865 -116.680153
287.229154 -119.883583
287.229442 -125.949234
287.229731 -123.177383
287.230019 -118.727280
287.230308 -117.425346
287.230596 -117.789116
287.230885 -124.887337
287.231173 -129.466919
287.231462 -128.071289
287.231750 -122.446045
287.232038 -120.913895
287.232327 -121.121643
287.232615 -123.497673
287.232904 -117.162041
287.233192 -116.920158
287.233481 -118.063698
287.233769 -121.776535
287.234058 -128.132935
287.234346 -127.265594
287.234635 -125.710220
287.234923 -123.238617
287.235212 -124.244263
287.235500 -130.155487
287.235788 -128.219101
287.236077 -129.371323
287.236365 -124.512451
287.236654 -120.972755
287.236942 -118.254807
287.237231 -118.185516
287.237519 -120.172401
287.237808 -125.509514
287.238096 -125.131828
287.238385 -124.809334
287.238673 -123.852249
287.238962 -125.591644
287.239250 -125.792290
287.239538 -119.412125
287.239827 -118.371468
287.240115 -119.901413
287.240404 -129.824936
287.240692 -124.908287
287.240981 -123.581139
287.241269 -117.587311
287.241558 -117.494652
287.241846 -120.333694
287.242135 -129.183762
287.242423 -124.623444
287.242712 -122.625565
287.243000 -122.833267
287.243288 -119.215561
287.243577 -118.423698
287.243865 -119.068573
287.244154 -123.559601
287.244442 -119.004295
287.244731 -119.034470
287.245019 -117.134117
287.245308 -116.129440
287.245596 -117.274246
287.245885 -118.793205
287.246173 -120.061890
287.246462 -121.548065
287.246750 -121.346527
287.247038 -121.621445
287.247327 -119.243225
287.247615 -118.012627
287.247904 -118.849762
287.248192 -119.357361
287.248481 -115.721367
287.248769 -115.675331
287.249058 -119.502861
287.249346 -123.357933
287.249635 -120.171600
287.249923 -120.224693
287.250212 -124.514198
287.250500 -126.399109
287.250788 -124.852150
287.251077 -124.291725
287.251365 -118.037903
287.251654 -118.246780
287.251942 -122.205208
287.252231 -119.041023
287.252519 -118.054680
287.252808 -118.076965
287.253096 -122.181404
287.253385 -120.054420
287.253673 -120.173004
287.253962 -126.109863
287.254250 -130.484650
287.254538 -122.353607
287.254827 -120.871674
287.255115 -121.416557
287.255404 -124.629044
287.255692 -121.057335
287.255981 -121.036682
287.256269 -122.485977
287.256558 -121.884094
287.256846 -120.859650
287.257135 -120.894035
287.257423 -123.646553
287.257712 -120.439850
287.258000 -118.441116
287.258288 -118.817467
287.258577 -120.741608
287.258865 -122.463249
287.259154 -117.051666
287.259442 -116.944511
287.259731 -119.765343
287.260019 -123.449570
287.260308 -122.428154
287.260596 -123.148827
287.260885 -125.216255
287.261173 -129.754196
287.261462 -127.091255
287.261750 -124.685875
287.262038 -124.667038
287.262327 -122.547768
287.262615 -120.456207
287.262904 -117.984184
287.263192 -116.952286
287.263481 -117.218071
287.263769 -120.220695
287.264058 -118.791016
287.264346 -119.837692
287.264635 -118.459793
287.264923 -118.220398
287.265212 -121.794647
287.265500 -119.832558
287.265788 -117.251915
287.266077 -117.089340
287.266365 -119.112442
287.266654 -124.867455
287.266942 -123.565163
287.267231 -124.320877
287.267519 -127.638084
287.267808 -127.549126
287.268096 -126.812546
287.268385 -126.696060
287.268673 -120.657944
287.268962 -118.818329
287.269250 -119.550270
287.269538 -123.442162
287.269827 -120.972816
287.270115 -120.724297
287.270404 -123.338867
287.270692 -121.116714
287.270981 -118.775307
287.271269 -118.311920
287.271558 -118.362389
287.271846 -122.243652
287.272135 -115.453941
287.272423 -115.453278
287.272712 -119.971893
287.273000 -123.510620
287.273288 -123.457001
287.273577 -125.452827
287.273865 -126.180275
287.274154 -121.031059
287.274442 -121.030426
287.274731 -123.398270
287.275019 -120.575836
287.275308 -118.942299
287.275596 -118.878288
287.275885 -121.040543
287.276173 -118.605270
287.276462 -118.059311
287.276750 -118.711571
287.277038 -124.047714
287.277327 -123.649788
287.277615 -125.948097
287.277904 -121.720177
287.278192 -119.182373
287.278481 -117.825890
287.278769 -117.825958
287.279058 -123.103233
287.279346 -127.890343
287.279635 -123.635773
287.279923 -124.081665
287.280212 -123.825714
287.280500 -120.888023
287.280788 -121.320618
287.281077 -120.804054
287.281365 -119.937950
287.281654 -120.868881
287.281942 -122.258202
287.282231 -127.033928
287.282519 -118.519096
287.282808 -117.423088
287.283096 -116.242233
287.283385 -115.486633
287.283673 -115.674095
287.283962 -119.069511
287.284250 -126.869591
287.284538 -125.226578
287.284827 -123.436211
287.285115 -124.002235
287.285404 -123.824966
287.285692 -120.637772
287.285981 -120.477783
287.286269 -120.975494
287.286558 -125.250458
287.286846 -131.121689
287.287135 -122.597382
287.287423 -120.642998
287.287712 -120.786987
287.288000 -120.432953
287.288288 -118.460136
287.288577 -118.833702
287.288865 -121.309341
287.289154 -121.766289
287.289442 -121.448730
287.289731 -118.351219
287.290019 -118.389290
287.290308 -124.708588
287.290596 -126.948639
287.290885 -127.066742
287.291173 -124.274323
287.291462 -118.756378
287.291750 -117.587425
287.292038 -118.343033
287.292327 -117.300606
287.292615 -117.233772
287.292904 -122.484650
287.293192 -119.584366
287.293481 -117.569206
287.293769 -116.350914
287.294058 -116.420128
287.294346 -120.954887
287.294635 -123.993881
287.294923 -125.579559
287.295212 -123.858353
287.295500 -123.878143
287.295788 -126.254280
287.296077 -125.962357
287.296365 -127.947090
287.296654 -122.724113
287.296942 -122.056908
287.297231 -124.073708
287.297519 -121.790527
287.297808 -121.068771
287.298096 -119.289749
287.298385 -118.735954
287.298673 -120.221657
287.298962 -123.236275
287.299250 -119.565796
287.299538 -119.388603
287.299827 -121.953941
287.300115 -124.608849
287.300404 -124.523415
287.300692 -124.815804
287.300981 -120.731133
287.301269 -121.168610
287.301558 -123.458755
287.301846 -123.537102
287.302135 -124.517807
287.302423 -122.286835
287.302712 -121.415245
287.303000 -121.768143
287.303288 -122.997589
287.303577 -122.166786
287.303865 -123.101265
287.304154 -129.830460
287.304442 -129.689041
287.304731 -127.475563
287.305019 -128.627808
287.305308 -125.960304
287.305596 -125.568901
287.305885 -126.614151
287.306173 -128.927490
287.306462 -126.591835
287.306750 -126.494698
287.307038 -123.824875
287.307327 -122.732063
287.307615 -123.859962
287.307904 -115.750595
287.308192 -115.698128
287.308481 -120.795532
287.308769 -121.411484
287.309058 -123.009392
287.309346 -120.050247
287.309635 -120.004112
287.309923 -122.690483
287.310212 -128.894547
287.310500 -123.735046
287.310788 -119.989601
287.311077 -119.546494
287.311365 -121.432671
287.311654 -126.058327
287.311942 -124.627983
287.312231 -123.735832
287.312519 -123.123322
287.312808 -120.194885
287.313096 -119.612221
287.313385 -118.679962
287.313673 -116.906013
287.313962 -117.242447
287.314250 -115.968193
287.314538 -114.662201
287.314827 -115.418251
287.315115 -123.509026
287.315404 -124.119102
287.315692 -123.263832
287.315981 -119.300774
287.316269 -118.737671
287.316558 -120.100777
287.316846 -124.579620
287.317135 -124.911270
287.317423 -123.622963
287.317712 -124.664612
287.318000 -127.280251
287.318288 -120.708092
287.318577 -120.712196
287.318865 -116.268631
287.319154 -115.690010
287.319442 -116.652733
287.319731 -124.328506
287.320019 -121.896461
287.320308 -121.893845
287.320596 -126.434891
287.320885 -118.005493
287.321173 -116.186165
287.321462 -116.299896
287.321750 -117.326500
287.322038 -117.075912
287.322327 -116.705254
287.322615 -116.655678
287.322904 -117.461014
287.323192 -124.691933
287.323481 -119.593361
287.323769 -119.337318
287.324058 -119.683563
287.324346 -122.643372
287.324635 -117.171371
287.324923 -115.266655
287.325212 -115.274162
287.325500 -117.364746
287.325788 -125.900742
287.326077 -117.623146
287.326365 -113.640144
287.326654 -113.498886
287.326942 -115.747238
287.327231 -128.224960
287.327519 -119.332047
287.327808 -118.930542
287.328096 -122.752838
287.328385 -119.815788
287.328673 -119.334923
287.328962 -119.339859
287.329250 -125.293762
287.329538 -123.928627
287.329827 -125.341965
287.330115 -129.004852
287.330404 -126.684494
287.330692 -128.781677
287.330981 -126.842415
287.331269 -121.112656
287.331558 -121.098106
287.331846 -128.660980
287.332135 -119.411545
287.332423 -116.230942
287.332712 -116.243225
287.333000 -119.320854
287.333288 -117.442955
287.333577 -117.447922
287.333865 -121.411758
287.334154 -122.602875
287.334442 -122.575172
287.334731 -124.269127
287.335019 -123.265388
287.335308 -121.901817
287.335596 -122.151390
287.335885 -127.039215
287.336173 -123.219162
287.336462 -121.192764
287.336750 -121.549751
287.337038 -127.779152
287.337327 -121.768616
287.337615 -119.778526
287.337904 -120.268867
287.338192 -121.353104
287.338481 -119.132561
287.338769 -119.606903
287.339058 -124.322662
287.339346 -120.901009
287.339635 -120.799500
287.339923 -121.812012
287.340212 -124.160309
287.340500 -120.603889
287.340788 -120.378624
287.341077 -122.491386
287.341365 -126.771263
287.341654 -133.743027
287.341942 -132.578476
287.342231 -124.587997
287.342519 -121.031502
287.342808 -121.152367
287.343096 -127.389580
287.343385 -129.332321
287.343673 -131.805725
287.343962 -128.282822
287.344250 -125.278496
287.344538 -124.268410
287.344827 -124.778603
287.345115 -127.470757
287.345404 -133.963211
287.345692 -122.115234
287.345981 -120.987289
287.346269 -120.856247
287.346558 -120.633492
287.346846 -123.443497
287.347135 -131.446228
287.347423 -131.586258
287.347712 -126.495407
287.348000 -126.925423
287.348288 -123.015747
287.348577 -118.803757
287.348865 -118.359802
287.349154 -118.710266
287.349442 -121.071396
287.349731 -123.535416
287.350019 -121.977806
287.350308 -122.121902
287.350596 -125.097321
287.350885 -123.256203
287.351173 -117.560570
287.351462 -117.318970
287.351750 -118.686043
287.352038 -122.821205
287.352327 -131.287231
287.352615 -133.251480
287.352904 -129.072021
287.353192 -129.179520
287.353481 -120.260193
287.353769 -119.228325
287.354058 -120.742455
287.354346 -127.535103
287.354635 -128.366470
287.354923 -128.933777
287.355212 -125.538223
287.355500 -124.002319
287.355788 -124.345856
287.356077 -124.606300
287.356365 -120.815598
287.356654 -118.617538
287.356942 -118.839355
287.357231 -124.330597
287.357519 -124.828400
287.357808 -122.547554
287.358096 -122.935280
287.358385 -118.309181
287.358673 -115.277596
287.358962 -115.398674
287.359250 -121.109634
287.359538 -125.978783
287.359827 -126.052040
287.360115 -118.699181
287.360404 -115.944298
287.360692 -116.031044
287.360981 -116.972900
287.361269 -115.940224
287.361558 -116.190659
287.361846 -120.677353
287.362135 -123.208618
287.362423 -123.160927
287.362712 -126.421593
287.363000 -125.395584
287.363288 -119.277023
287.363577 -116.211906
287.363865 -115.030479
287.364154 -115.034912
287.364442 -117.378372
287.364731 -123.928787
287.365019 -122.418503
287.365308 -122.182060
287.365596 -119.850784
287.365885 -118.541809
287.366173 -119.253540
287.366462 -128.518295
287.366750 -126.133942
287.367038 -126.241692
287.367327 -129.054199
287.367615 -119.234932
287.367904 -118.063744
287.368192 -119.088127
287.368481 -120.773186
287.368769 -116.892967
287.369058 -115.290886
287.369346 -115.323639
287.369635 -118.088448
287.369923 -123.092529
287.370212 -122.364456
287.370500 -121.332611
287.370788 -118.806450
287.371077 -119.086540
287.371365 -122.105507
287.371654 -118.516685
287.371942 -117.321106
287.372231 -117.026268
287.372519 -117.739784
287.372808 -123.563057
287.373096 -122.626442
287.373385 -124.395699
287.373673 -125.693817
287.373962 -124.592270
287.374250 -123.552910
287.374538 -123.236656
287.374827 -122.178253
287.375115 -119.878853
287.375404 -119.436821
287.375692 -120.068703
287.375981 -121.550812
287.376269 -121.458595
287.376558 -122.973267
287.376846 -128.141266
287.377135 -125.188278
287.377423 -120.339882
287.377712 -119.008316
287.378000 -119.824493
287.378288 -120.686028
287.378577 -117.442657
287.378865 -117.415283
287.379154 -117.709167
287.379442 -117.934883
287.379731 -122.817032
287.380019 -126.247925
287.380308 -119.469894
287.380596 -119.260292
287.380885 -122.998573
287.381173 -123.708336
287.381462 -118.274147
287.381750 -118.230942
287.382038 -119.245651
287.382327 -119.598351
287.382615 -118.874023
287.382904 -116.111740
287.383192 -116.041893
287.383481 -118.072502
287.383769 -121.337318
287.384058 -119.774185
287.384346 -120.685249
287.384635 -119.757835
287.384923 -119.075562
287.385212 -121.944374
287.385500 -124.218307
287.385788 -124.207123
287.386077 -125.970123
287.386365 -126.177460
287.386654 -125.764343
287.386942 -121.971352
287.387231 -121.641060
287.387519 -119.251076
287.387808 -117.973572
287.388096 -118.046913
287.388385 -120.186836
287.388673 -121.394585
287.388962 -119.674370
287.389250 -119.934738
287.389538 -123.270538
287.389827 -121.547729
287.390115 -116.911499
287.390404 -115.474213
287.390692 -115.507080
287.390981 -117.056793
287.391269 -117.602455
287.391558 -118.399078
287.391846 -123.242340
287.392135 -119.532303
287.392423 -119.612312
287.392712 -124.228523
287.393000 -126.872475
287.393288 -120.282471
287.393577 -119.161293
287.393865 -119.426498
287.394154 -121.119759
287.394442 -123.719833
287.394731 -126.446571
287.395019 -123.102638
287.395308 -119.195717
287.395596 -119.124016
287.395885 -119.524048
287.396173 -121.152138
287.396462 -116.374329
287.396750 -116.370285
287.397038 -119.901459
287.397327 -120.572083
287.397615 -121.712883
287.397904 -119.941414
287.398192 -118.292328
287.398481 -118.249344
287.398769 -120.311386
287.399058 -118.065567
287.399346 -117.513016
287.399635 -120.184464
287.399923 -127.311646
287.400212 -122.667992
287.400500 -122.301865
287.400788 -123.690346
287.401077 -129.511230
287.401365 -123.951782
287.401654 -118.594925
287.401942 -117.164803
287.402231 -115.391983
287.402519 -114.989449
287.402808 -115.761421
287.403096 -121.618484
287.403385 -120.985756
287.403673 -121.446503
287.403962 -122.203827
287.404250 -119.727150
287.404538 -117.791504
287.404827 -116.234024
287.405115 -116.125603
287.405404 -118.428764
287.405692 -120.857307
287.405981 -120.884415
287.406269 -123.880745
287.406558 -123.137939
287.406846 -123.155533
287.407135 -125.744789
287.407423 -128.530289
287.407712 -127.191635
287.408000 -116.440872
287.408288 -115.645401
287.408577 -116.203667
287.408865 -119.202286
287.409154 -120.313255
287.409442 -122.915520
287.409731 -120.842224
287.410019 -116.496948
287.410308 -114.873535
287.410596 -114.890556
287.410885 -116.403419
287.411173 -118.756149
287.411462 -118.731499
287.411750 -119.021263
287.412038 -120.290062
287.412327 -125.144981
287.412615 -124.695335
287.412904 -127.593529
287.413192 -121.310440
287.413481 -115.502197
287.413769 -115.108368
287.414058 -117.723923
287.414346 -120.802155
287.414635 -119.066643
287.414923 -119.073883
287.415212 -119.679932
287.415500 -117.183685
287.415788 -117.214638
287.416077 -120.090431
287.416365 -119.044540
287.416654 -116.799065
287.416942 -115.707726
287.417231 -115.744865
287.417519 -117.023056
287.417808 -117.664658
287.418096 -121.042847
287.418385 -116.248795
287.418673 -116.200806
287.418962 -119.271240
287.419250 -123.060448
287.419538 -127.125771
287.419827 -124.361511
287.420115 -120.274635
287.420404 -120.243980
287.420692 -116.614662
287.420981 -116.402901
287.421269 -118.928436
287.421558 -121.345139
287.421846 -121.320084
287.422135 -122.704834
287.422423 -125.869675
287.422712 -122.047928
287.423000 -122.034637
287.423288 -124.232841
287.423577 -122.381302
287.423865 -120.041473
287.424154 -118.821732
287.424442 -118.859581
287.424731 -120.524460
287.425019 -122.011154
287.425308 -124.525497
287.425596 -133.674469
287.425885 -134.576447
287.426173 -129.362976
287.426462 -127.872925
287.426750 -127.817162
287.427038 -122.358200
287.427327 -122.364052
287.427615 -122.024933
287.427904 -118.601234
287.428192 -117.749786
287.428481 -116.240860
287.428769 -116.376732
287.429058 -119.509697
287.429346 -118.605003
287.429635 -118.903465
287.429923 -118.837013
287.430212 -118.410156
287.430500 -118.229134
287.430788 -117.664001
287.431077 -118.122971
287.431365 -124.849159
287.431654 -125.016678
287.431942 -128.209839
287.432231 -127.451790
287.432519 -128.702896
287.432808 -120.151535
287.433096 -120.048149
287.433385 -121.538322
287.433673 -121.570602
287.433962 -123.224091
287.434250 -123.126984
287.434538 -120.276733
287.434827 -119.480087
287.435115 -120.577950
287.435404 -127.862869
287.435692 -125.807434
287.435981 -124.184593
287.436269 -118.179390
287.436558 -117.791283
287.436846 -118.740410
287.437135 -120.737595
287.437423 -119.512436
287.437712 -119.467880
287.438000 -122.497421
287.438288 -123.282028
287.438577 -119.112335
287.438865 -118.441452
287.439154 -118.412407
287.439442 -120.183197
287.439731 -124.409790
287.440019 -129.355331
287.440308 -128.983337
287.440596 -131.173538
287.440885 -121.457497
287.441173 -118.547096
287.441462 -117.891670
287.441750 -117.069763
287.442038 -117.374397
287.442327 -122.375694
287.442615 -123.305260
287.442904 -121.162773
287.443192 -121.895805
287.443481 -123.533150
287.443769 -123.945755
287.444058 -125.590630
287.444346 -120.069420
287.444635 -119.845596
287.444923 -121.426018
287.445212 -123.772690
287.445500 -130.627182
287.445788 -131.552841
287.446077 -126.634354
287.446365 -126.481728
287.446654 -126.661911
287.446942 -125.223213
287.447231 -125.881577
287.447519 -121.256523
287.447808 -120.256142
287.448096 -119.383934
287.448385 -120.010300
287.448673 -123.918709
287.448962 -119.662018
287.449250 -119.662781
287.449538 -122.861740
287.449827 -132.729965
287.450115 -127.050293
287.450404 -120.473206
287.450692 -120.315315
287.450981 -121.834427
287.451269 -128.110916
287.451558 -132.237381
287.451846 -132.801865
287.452135 -133.617096
287.452423 -126.569908
287.452712 -125.053551
287.453000 -125.438789
287.453288 -122.487030
287.453577 -119.582893
287.453865 -117.644157
287.454154 -117.456406
287.454442 -119.159416
287.454731 -123.115829
287.455019 -122.444275
287.455308 -124.001633
287.455596 -129.613129
287.455885 -123.742310
287.456173 -123.602386
287.456462 -124.427711
287.456750 -120.347710
287.457038 -120.171661
287.457327 -122.001442
287.457615 -127.104927
287.457904 -117.683281
287.458192 -115.370850
287.458481 -115.456833
287.458769 -119.949867
287.459058 -131.690918
287.459346 -127.397751
287.459635 -118.533173
287.459923 -117.886337
287.460212 -119.356911
287.460500 -123.891907
287.460788 -123.024704
287.461077 -121.505333
287.461365 -116.839653
287.461654 -116.588593
287.461942 -117.712997
287.462231 -119.035957
287.462519 -120.345612
287.462808 -115.627434
287.463096 -114.705856
287.463385 -114.652412
287.463673 -115.270973
287.463962 -117.450905
287.464250 -117.887993
287.464538 -121.579147
287.464827 -116.827385
287.465115 -116.734955
287.465404 -118.564491
287.465692 -122.395401
287.465981 -119.351738
287.466269 -115.606842
287.466558 -115.585442
287.466846 -118.832596
287.467135 -119.935547
287.467423 -119.841064
287.467712 -122.876427
287.468000 -127.701210
287.468288 -121.015388
287.468577 -120.440681
287.468865 -121.496025
287.469154 -118.561317
287.469442 -116.996819
287.469731 -117.688087
287.470019 -118.795982
287.470308 -118.761581
287.470596 -124.130432
287.470885 -123.093155
287.471173 -119.866898
287.471462 -120.546822
287.471750 -119.600731
287.472038 -119.606468
287.472327 -123.993858
287.472615 -129.763611
287.472904 -129.106705
287.473192 -123.175423
287.473481 -116.131638
287.473769 -115.589294
287.474058 -116.770096
287.474346 -122.243782
287.474635 -122.202133
287.474923 -127.864090
287.475212 -140.321945
287.475500 -127.511841
287.475788 -119.891556
287.476077 -119.846382
287.476365 -124.853394
287.476654 -123.235504
287.476942 -123.414207
287.477231 -125.033531
287.477519 -119.515480
287.477808 -118.357819
287.478096 -118.515572
287.478385 -118.715782
287.478673 -118.734123
287.478962 -122.494446
287.479250 -128.434860
287.479538 -124.255013
287.479827 -123.332939
287.480115 -117.170609
287.480404 -116.730537
287.480692 -118.547920
287.480981 -126.068016
287.481269 -128.158524
287.481558 -125.487953
287.481846 -119.639778
287.482135 -119.109818
287.482423 -119.850159
287.482712 -125.498405
287.483000 -122.622208
287.483288 -120.819382
287.483577 -120.826622
287.483865 -125.473839
287.484154 -134.809647
287.484442 -127.816940
287.484731 -120.881493
287.485019 -120.280304
287.485308 -121.365875
287.485596 -125.024796
287.485885 -122.316673
287.486173 -121.807022
287.486462 -126.439812
287.486750 -122.411255
287.487038 -121.565491
287.487327 -122.624069
287.487615 -120.556175
287.487904 -116.858734
287.488192 -115.003975
287.488481 -114.958176
287.488769 -116.890320
287.489058 -125.266525
287.489346 -125.022018
287.489635 -124.133751
287.489923 -130.327087
287.490212 -128.675079
287.490500 -122.107536
287.490788 -122.112480
287.491077 -128.778534
287.491365 -122.236176
287.491654 -122.228722
287.491942 -121.807426
287.492231 -120.401352
287.492519 -123.285088
287.492808 -121.678619
287.493096 -124.631020
287.493385 -122.756058
287.493673 -122.316376
287.493962 -122.862976
287.494250 -116.411797
287.494538 -115.977264
287.494827 -118.446457
287.495115 -124.984848
287.495404 -118.933044
287.495692 -117.933876
287.495981 -118.311127
287.496269 -118.673485
287.496558 -116.087196
287.496846 -115.358192
287.497135 -115.891541
287.497423 -120.478439
287.497712 -120.636749
287.498000 -120.792862
287.498288 -123.468353
287.498577 -121.137917
287.498865 -121.236473
287.499154 -121.966957
287.499442 -116.360863
287.499731 -115.124840
287.500019 -115.358635
287.500308 -117.341705
287.500596 -121.177658
287.500885 -115.075897
287.501173 -114.273720
287.501462 -114.313400
287.501750 -114.997032
287.502038 -118.983276
287.502327 -121.083115
287.502615 -121.997993
287.502904 -123.964867
287.503192 -124.942459
287.503481 -122.194229
287.503769 -122.370140
287.504058 -122.394424
287.504346 -118.983833
287.504635 -119.050858
287.504923 -125.042702
287.505212 -125.864403
287.505500 -124.752960
287.505788 -121.122841
287.506077 -121.172913
287.506365 -124.337456
287.506654 -126.626129
287.506942 -129.852386
287.507231 -129.461609
287.507519 -128.244904
287.507808 -124.974579
287.508096 -123.519455
287.508385 -119.755028
287.508673 -119.577240
287.508962 -120.350708
287.509250 -123.422920
287.509538 -123.472260
287.509827 -120.059021
287.510115 -118.141724
287.510404 -118.094551
287.510692 -118.296333
287.510981 -116.586571
287.511269 -116.612999
287.511558 -121.046219
287.511846 -118.615074
287.512135 -118.291962
287.512423 -118.935402
287.512712 -123.046936
287.513000 -128.068268
287.513288 -128.688644
287.513577 -122.004410
287.513865 -121.281357
287.514154 -122.996216
287.514442 -125.172516
287.514731 -125.788528
287.515019 -125.296562
287.515308 -120.078362
287.515596 -118.220482
287.515885 -118.333862
287.516173 -120.515381
287.516462 -119.493530
287.516750 -120.892326
287.517038 -118.246361
287.517327 -117.879021
287.517615 -117.459282
287.517904 -117.718536
287.518192 -122.640190
287.518481 -121.280403
287.518769 -120.247597
287.519058 -121.603004
287.519346 -121.632240
287.519635 -121.235634
287.519923 -123.283508
287.520212 -117.834839
287.520500 -116.298599
287.520788 -115.942711
287.521077 -116.604286
287.521365 -119.418503
287.521654 -115.553589
287.521942 -115.027153
287.522231 -115.533989
287.522519 -119.179459
287.522808 -119.275314
287.523096 -118.398491
287.523385 -118.103874
287.523673 -118.192245
287.523962 -121.649818
287.524250 -119.581024
287.524538 -118.255455
287.524827 -118.188400
287.525115 -118.018196
287.525404 -118.331459
287.525692 -118.582985
287.525981 -117.744736
287.526269 -117.926331
287.526558 -116.979767
287.526846 -116.753586
287.527135 -118.066315
287.527423 -121.139244
287.527712 -120.352798
287.528000 -124.291214
287.528288 -119.808655
287.528577 -119.735107
287.528865 -121.793800
287.529154 -121.127991
287.529442 -119.976440
287.529731 -121.053101
287.530019 -121.615227
287.530308 -121.432861
287.530596 -122.904312
287.530885 -122.808937
287.531173 -116.775848
287.531462 -116.435417
287.531750 -117.086761
287.532038 -119.683807
287.532327 -127.203163
287.532615 -129.825562
287.532904 -124.161903
287.533192 -119.589722
287.533481 -118.024895
287.533769 -117.412903
287.534058 -117.750496
287.534346 -120.294945
287.534635 -124.412315
287.534923 -122.347076
287.535212 -122.275208
287.535500 -126.246193
287.535788 -123.568901
287.536077 -124.040512
287.536365 -128.432358
287.536654 -128.431473
287.536942 -122.089821
287.537231 -119.877678
287.537519 -119.559265
287.537808 -118.905273
287.538096 -119.057602
287.538385 -123.795143
287.538673 -122.103767
287.538962 -122.195755
287.539250 -123.825607
287.539538 -123.751343
287.539827 -123.807533
287.540115 -120.613304
287.540404 -118.017433
287.540692 -117.797310
287.540981 -118.493965
287.541269 -120.549988
287.541558 -120.597923
287.541846 -119.561920
287.542135 -119.007431
287.542423 -120.554657
287.542712 -118.759979
287.543000 -118.193260
287.543288 -119.003387
287.543577 -125.236084
287.543865 -123.172646
287.544154 -121.577286
287.544442 -121.676590
287.544731 -120.820816
287.545019 -120.941429
287.545308 -126.346275
287.545596 -125.005943
287.545885 -120.436111
287.546173 -120.039276
287.546462 -120.599899
287.546750 -121.897003
287.547038 -123.265404
287.547327 -122.246941
287.547615 -123.480164
287.547904 -126.683823
287.548192 -126.976143
287.548481 -134.180862
287.548769 -127.853844
287.549058 -121.604118
287.549346 -119.826614
287.549635 -118.209198
287.549923 -118.209229
287.550212 -118.423492
287.550500 -118.674484
287.550788 -124.548965
287.551077 -122.085747
287.551365 -121.902351
287.551654 -122.303566
287.551942 -120.303047
287.552231 -121.381798
287.552519 -121.830666
287.552808 -120.859772
287.553096 -119.589081
287.553385 -118.627785
287.553673 -119.313362
287.553962 -129.724976
287.554250 -129.768661
287.554538 -125.658974
287.554827 -124.588867
287.555115 -125.173500
287.555404 -123.898727
287.555692 -120.753799
287.555981 -120.769150
287.556269 -125.565125
287.556558 -123.696442
287.556846 -121.762550
287.557135 -116.704948
287.557423 -115.534180
287.557712 -115.589508
287.558000 -117.239479
287.558288 -119.274498
287.558577 -122.477859
287.558865 -129.926712
287.559154 -123.887543
287.559442 -124.186874
287.559731 -123.090744
287.560019 -124.490189
287.560308 -126.620728
287.560596 -128.235352
287.560885 -130.243927
287.561173 -128.777664
287.561462 -124.281242
287.561750 -122.059731
287.562038 -123.441620
287.562327 -128.806686
287.562615 -129.407349
287.562904 -124.338951
287.563192 -122.714355
287.563481 -122.412506
287.563769 -122.016747
287.564058 -119.686180
287.564346 -113.621994
287.564635 -113.221855
287.564923 -114.455681
287.565212 -120.089348
287.565500 -128.168655
287.565788 -125.089851
287.566077 -122.979340
287.566365 -118.978836
287.566654 -118.910057
287.566942 -120.897354
287.567231 -121.084488
287.567519 -120.751572
287.567808 -121.866341
287.568096 -123.763054
287.568385 -128.696548
287.568673 -131.253784
287.568962 -131.357986
287.569250 -122.445229
287.569538 -120.895988
287.569827 -121.952576
287.570115 -123.602844
287.570404 -123.472603
287.570692 -126.536903
287.570981 -123.979538
287.571269 -121.736671
287.571558 -121.745987
287.571846 -127.601280
287.572135 -126.962128
287.572423 -123.440834
287.572712 -122.559608
287.573000 -117.533836
287.573288 -116.708771
287.573577 -116.980965
287.573865 -121.803726
287.574154 -128.729965
287.574442 -121.365067
287.574731 -118.918106
287.575019 -116.967522
287.575308 -116.591995
287.575596 -121.021477
287.575885 -119.349571
287.576173 -119.286072
287.576462 -120.800591
287.576750 -121.114189
287.577038 -119.494865
287.577327 -119.459290
287.577615 -119.785500
287.577904 -119.796356
287.578192 -121.560921
287.578481 -120.308807
287.578769 -120.381554
287.579058 -122.915115
287.579346 -126.155762
287.579635 -122.264236
287.579923 -122.058739
287.580212 -121.224884
287.580500 -120.623512
287.580788 -121.268326
287.581077 -121.951721
287.581365 -121.892670
287.581654 -122.067703
287.581942 -120.964951
287.582231 -121.718185
287.582519 -122.861778
287.582808 -119.139915
287.583096 -119.067757
287.583385 -119.831421
287.583673 -121.103493
287.583962 -121.376503
287.584250 -126.103096
287.584538 -126.399666
287.584827 -126.201042
287.585115 -125.674477
287.585404 -123.475830
287.585692 -124.821594
287.585981 -118.246132
287.586269 -118.059357
287.586558 -116.663597
287.586846 -115.288994
287.587135 -115.670860
287.587423 -122.024643
287.587712 -121.084877
287.588000 -118.276337
287.588288 -115.737289
287.588577 -115.655243
287.588865 -117.895378
287.589154 -117.904243
287.589442 -117.769814
287.589731 -119.072060
287.590019 -120.978249
287.590308 -121.441406
287.590596 -125.752373
287.590885 -124.780327
287.591173 -126.766022
287.591462 -131.969681
287.591750 -123.571114
287.592038 -121.257118
287.592327 -121.258385
287.592615 -125.840172
287.592904 -121.499657
287.593192 -122.268921
287.593481 -120.483482
287.593769 -120.470695
287.594058 -123.495453
287.594346 -124.346573
287.594635 -124.096619
287.594923 -125.082275
287.595212 -124.524132
287.595500 -117.596390
287.595788 -116.731255
287.596077 -116.916451
287.596365 -119.524155
287.596654 -126.673721
287.596942 -120.664299
287.597231 -120.102737
287.597519 -122.874474
287.597808 -123.098167
287.598096 -123.061806
287.598385 -124.860611
287.598673 -125.742691
287.598962 -125.315681
287.599250 -122.027794
287.599538 -120.660461
287.599827 -123.010452
287.600115 -122.094055
287.600404 -123.294914
287.600692 -131.134644
287.600981 -125.894318
287.601269 -125.795212
287.601558 -126.619148
287.601846 -122.414108
287.602135 -122.348000
287.602423 -117.639687
287.602712 -116.401482
287.603000 -117.134155
287.603288 -119.166008
287.603577 -119.105850
287.603865 -119.657806
287.604154 -124.242554
287.604442 -127.094978
287.604731 -120.663086
287.605019 -119.111443
287.605308 -117.821411
287.605596 -117.412170
287.605885 -117.985802
287.606173 -121.990585
287.606462 -126.689438
287.606750 -122.753159
287.607038 -118.495773
287.607327 -118.516701
287.607615 -124.589981
287.607904 -121.525803
287.608192 -119.960190
287.608481 -120.903038
287.608769 -126.173706
287.609058 -126.557610
287.609346 -123.501259
287.609635 -123.271759
287.609923 -123.072495
287.610212 -120.657417
287.610500 -121.039925
287.610788 -118.700203
287.611077 -118.692200
287.611365 -117.702911
287.611654 -117.548447
287.611942 -119.431435
287.612231 -127.678947
287.612519 -124.159050
287.612808 -123.615540
287.613096 -124.686058
287.613385 -124.659538
287.613673 -126.958618
287.613962 -119.894035
287.614250 -119.788712
287.614538 -116.301506
287.614827 -115.992798
287.615115 -117.469597
287.615404 -123.958031
287.615692 -127.100708
287.615981 -121.507416
287.616269 -121.609421
287.616558 -121.450607
287.616846 -116.768997
287.617135 -116.759850
287.617423 -120.065865
287.617712 -120.067352
287.618000 -121.511185
287.618288 -118.830620
287.618577 -118.702477
287.618865 -120.310799
287.619154 -118.312569
287.619442 -118.221153
287.619731 -118.643715
287.620019 -121.342186
287.620308 -125.699509
287.620596 -125.828735
287.620885 -126.126625
287.621173 -119.369011
287.621462 -119.079391
287.621750 -119.731102
287.622038 -124.936127
287.622327 -129.252335
287.622615 -130.382401
287.622904 -131.093933
287.623192 -127.438622
287.623481 -123.911110
287.623769 -124.465065
287.624058 -122.271881
287.624346 -122.307770
287.624635 -128.729385
287.624923 -129.271408
287.625212 -120.074295
287.625500 -115.035683
287.625788 -114.703354
287.626077 -115.523552
287.626365 -119.000244
287.626654 -125.303810
287.626942 -129.117462
287.627231 -123.148560
287.627519 -116.775917
287.627808 -116.528069
287.628096 -118.370964
287.628385 -119.277473
287.628673 -118.480415
287.628962 -119.375664
287.629250 -125.890533
287.629538 -119.553215
287.629827 -116.923615
287.630115 -117.035461
287.630404 -117.718185
287.630692 -117.266396
287.630981 -119.277115
287.631269 -119.230415
287.631558 -119.244240
287.631846 -125.478104
287.632135 -126.663116
287.632423 -120.181290
287.632712 -118.633644
287.633000 -118.320297
287.633288 -118.793205
287.633577 -119.821381
287.633865 -122.671425
287.634154 -125.054070
287.634442 -118.041000
287.634731 -116.015961
287.635019 -116.071564
287.635308 -115.984055
287.635596 -116.023544
287.635885 -117.188850
287.636173 -118.806679
287.636462 -116.592834
287.636750 -116.467705
287.637038 -118.250687
287.637327 -119.740730
287.637615 -117.261627
287.637904 -117.261208
287.638192 -118.656586
287.638481 -123.230980
287.638769 -127.598602
287.639058 -121.683899
287.639346 -119.981209
287.639635 -119.421326
287.639923 -117.126282
287.640212 -117.112541
287.640500 -120.353256
287.640788 -122.738129
287.641077 -126.008492
287.641365 -122.695465
287.641654 -122.714737
287.641942 -126.317299
287.642231 -121.486168
287.642519 -121.337379
287.642808 -125.020912
287.643096 -121.168175
287.643385 -121.229492
287.643673 -122.502777
287.643962 -121.327080
287.644250 -121.712029
287.644538 -120.941597
287.644827 -121.587852
287.645115 -128.483719
287.645404 -133.307281
287.645692 -127.024246
287.645981 -121.647064
287.646269 -119.261337
287.646558 -118.375771
287.646846 -118.308212
287.647135 -119.281662
287.647423 -123.447609
287.647712 -120.784729
287.648000 -120.570801
287.648288 -124.207001
287.648577 -122.996643
287.648865 -118.031418
287.649154 -116.722427
287.649442 -116.819435
287.649731 -121.878792
287.650019 -121.163925
287.650308 -122.349144
287.650596 -123.530128
287.650885 -128.684372
287.651173 -119.704933
287.651462 -118.988213
287.651750 -121.092438
287.652038 -118.798264
287.652327 -116.747101
287.652615 -116.868050
287.652904 -119.140907
287.653192 -118.070724
287.653481 -119.139938
287.653769 -114.592445
287.654058 -114.330238
287.654346 -114.637573
287.654635 -115.020630
287.654923 -117.051140
287.655212 -123.381905
287.655500 -121.098114
287.655788 -121.159378
287.656077 -123.644241
287.656365 -120.240173
287.656654 -120.173882
287.656942 -121.246460
287.657231 -122.745583
287.657519 -125.797630
287.657808 -127.375572
287.658096 -130.893967
287.658385 -128.969818
287.658673 -124.960609
287.658962 -121.932404
287.659250 -121.950584
287.659538 -126.095444
287.659827 -131.788925
287.660115 -126.625748
287.660404 -125.296227
287.660692 -126.095154
287.660981 -121.339340
287.661269 -120.521805
287.661558 -120.000938
287.661846 -120.407143
287.662135 -124.084229
287.662423 -127.876228
287.662712 -123.505173
287.663000 -123.103653
287.663288 -126.395523
287.663577 -121.574928
287.663865 -121.814911
287.664154 -123.383438
287.664442 -120.674660
287.664731 -120.220039
287.665019 -120.336700
287.665308 -123.516647
287.665596 -121.111504
287.665885 -119.719208
287.666173 -119.427132
287.666462 -118.479568
287.666750 -119.686584
287.667038 -121.977028
287.667327 -120.436150
287.667615 -120.627182
287.667904 -123.412926
287.668192 -124.557594
287.668481 -117.846260
287.668769 -113.520203
287.669058 -113.163040
287.669346 -114.314789
287.669635 -120.739998
287.669923 -121.044006
287.670212 -118.108986
287.670500 -117.676720
287.670788 -118.388443
287.671077 -122.260841
287.671365 -125.849800
287.671654 -123.730919
287.671942 -121.303383
287.672231 -121.065948
287.672519 -121.950462
287.672808 -120.740776
287.673096 -120.744987
287.673385 -124.801285
287.673673 -121.190575
287.673962 -121.268028
287.674250 -127.221725
287.674538 -127.235703
287.674827 -118.920578
287.675115 -118.321518
287.675404 -121.086754
287.675692 -132.167221
287.675981 -121.539749
287.676269 -121.038139
287.676558 -122.746887
287.676846 -129.424286
287.677135 -122.709152
287.677423 -122.421707
287.677712 -124.856674
287.678000 -123.802856
287.678288 -121.747864
287.678577 -121.656128
287.678865 -122.620033
287.679154 -120.948997
287.679442 -117.059135
287.679731 -116.119560
287.680019 -116.175453
287.680308 -118.054153
287.680596 -120.719437
287.680885 -125.170395
287.681173 -132.905670
287.681462 -121.811226
287.681750 -118.701004
287.682038 -118.682770
287.682327 -123.053673
287.682615 -117.747063
287.682904 -117.777565
287.683192 -119.453239
287.683481 -117.450478
287.683769 -118.338371
287.684058 -120.904755
287.684346 -118.976471
287.684635 -119.011986
287.684923 -121.127213
287.685212 -121.887901
287.685500 -121.347511
287.685788 -123.101555
287.686077 -136.665298
287.686365 -127.072487
287.686654 -123.076988
287.686942 -122.715866
287.687231 -123.124931
287.687519 -120.464317
287.687808 -119.421814
287.688096 -119.792694
287.688385 -122.607376
287.688673 -128.031815
287.688962 -130.262039
287.689250 -126.087982
287.689538 -125.528587
287.689827 -125.554253
287.690115 -122.684288
287.690404 -115.005844
287.690692 -114.260666
287.690981 -114.927261
287.691269 -118.051880
287.691558 -125.368103
287.691846 -121.336426
287.692135 -119.908066
287.692423 -118.757034
287.692712 -119.156036
287.693000 -122.752960
287.693288 -123.786995
287.693577 -124.184807
287.693865 -129.811966
287.694154 -126.369865
287.694442 -118.556313
287.694731 -118.155197
287.695019 -120.130379
287.695308 -121.028488
287.695596 -120.903755
287.695885 -122.229126
287.696173 -122.396576
287.696462 -125.581573
287.696750 -123.135864
287.697038 -123.146202
287.697327 -125.782867
287.697615 -121.067268
287.697904 -120.028694
287.698192 -120.375450
287.698481 -122.250443
287.698769 -119.607635
287.699058 -119.619316
287.699346 -122.341393
287.699635 -118.810379
287.699923 -118.883034
287.700212 -121.199745
287.700500 -121.480812
287.700788 -130.055206
287.701077 -125.735451
287.701365 -124.337952
287.701654 -119.439346
287.701942 -117.601913
287.702231 -118.856110
287.702519 -128.791229
287.702808 -126.073227
287.703096 -125.375313
287.703385 -122.386215
287.703673 -119.685783
287.703962 -119.705391
287.704250 -122.219887
287.704538 -116.369423
287.704827 -116.209785
287.705115 -117.959824
287.705404 -119.090218
287.705692 -118.859703
287.705981 -122.750595
287.706269 -123.832741
287.706558 -119.007759
287.706846 -117.897148
287.707135 -115.997818
287.707423 -116.087219
287.707712 -119.047295
287.708000 -125.506485
287.708288 -121.130669
287.708577 -121.137199
287.708865 -122.803970
287.709154 -120.133362
287.709442 -119.998390
287.709731 -123.220444
287.710019 -121.883026
287.710308 -122.436691
287.710596 -126.195366
287.710885 -125.486290
287.711173 -125.680046
287.711462 -122.087303
287.711750 -119.929550
287.712038 -120.824509
287.712327 -126.437309
287.712615 -122.910133
287.712904 -118.483826
287.713192 -115.050301
287.713481 -112.899239
287.713769 -112.691658
287.714058 -113.719933
287.714346 -120.251152
287.714635 -131.264435
287.714923 -130.224655
287.715212 -128.423416
287.715500 -123.629524
287.715788 -119.976883
287.716077 -119.783524
287.716365 -122.718987
287.716654 -117.456970
287.716942 -117.453117
287.717231 -119.290703
287.717519 -119.809486
287.717808 -119.708588
287.718096 -121.684891
287.718385 -122.432167
287.718673 -117.655678
287.718962 -116.761452
287.719250 -117.532341
287.719538 -119.696815
287.719827 -117.714073
287.720115 -118.121819
287.720404 -125.513229
287.720692 -119.835602
287.720981 -117.750565
287.721269 -118.423141
287.721558 -125.685898
287.721846 -128.110397
287.722135 -123.829910
287.722423 -123.821075
287.722712 -122.901199
287.723000 -123.722816
287.723288 -130.951248
287.723577 -122.911331
287.723865 -119.962265
287.724154 -119.833214
287.724442 -123.988602
287.724731 -122.852486
287.725019 -124.621468
287.725308 -128.782639
287.725596 -120.672592
287.725885 -120.391792
287.726173 -123.819618
287.726462 -123.227364
287.726750 -120.850494
287.727038 -117.736710
287.727327 -117.452347
287.727615 -118.921867
287.727904 -123.781013
287.728192 -128.274826
287.728481 -123.279991
287.728769 -123.173759
287.729058 -128.417053
287.729346 -125.469330
287.729635 -117.697678
287.729923 -116.995712
287.730212 -117.995674
287.730500 -125.012085
287.730788 -124.824661
287.731077 -120.973656
287.731365 -120.974091
287.731654 -124.191017
287.731942 -130.119675
287.732231 -124.241570
287.732519 -123.424805
287.732808 -124.714561
287.733096 -124.975609
287.733385 -124.216827
287.733673 -124.769844
287.733962 -126.650742
287.734250 -126.765350
287.734538 -129.370056
287.734827 -122.734291
287.735115 -117.943726
287.735404 -117.756615
287.735692 -120.386124
287.735981 -124.518837
287.736269 -125.168823
287.736558 -124.751984
287.736846 -124.753632
287.737135 -127.297844
287.737423 -123.064674
287.737712 -118.980537
287.738000 -118.496826
287.738288 -119.452919
287.738577 -126.797813
287.738865 -124.871948
287.739154 -126.597755
287.739442 -130.947159
287.739731 -123.904480
287.740019 -121.270157
287.740308 -118.397675
287.740596 -118.304886
287.740885 -118.819954
287.741173 -118.996185
287.741462 -126.221054
287.741750 -128.548767
287.742038 -119.809120
287.742327 -119.014107
287.742615 -120.223640
287.742904 -122.043663
287.743192 -122.718857
287.743481 -120.448479
287.743769 -120.384064
287.744058 -124.372581
287.744346 -123.094582
287.744635 -122.683113
287.744923 -125.946068
287.745212 -123.046196
287.745500 -125.293564
287.745788 -127.544312
287.746077 -127.975494
287.746365 -129.845764
287.746654 -121.222458
287.746942 -120.887184
287.747231 -119.944122
287.747519 -116.051636
287.747808 -115.734917
287.748096 -117.475838
287.748385 -125.244942
287.748673 -127.799179
287.748962 -128.297897
287.749250 -123.268761
287.749538 -122.401215
287.749827 -124.025032
287.750115 -125.946297
287.750404 -122.457085
287.750692 -122.283859
287.750981 -123.871880
287.751269 -124.015717
287.751558 -123.891655
287.751846 -123.479729
287.752135 -122.422791
287.752423 -123.837021
287.752712 -128.179199
287.753000 -128.317047
287.753288 -126.405128
287.753577 -125.957985
287.753865 -122.398056
287.754154 -117.056358
287.754442 -116.768677
287.754731 -116.421143
287.755019 -115.986565
287.755308 -118.286430
287.755596 -118.290443
287.755885 -118.934486
287.756173 -122.265060
287.756462 -121.402939
287.756750 -121.598434
287.757038 -118.603348
287.757327 -117.837463
287.757615 -118.311760
287.757904 -122.576912
287.758192 -119.824753
287.758481 -120.072327
287.758769 -121.791130
287.759058 -122.037376
287.759346 -123.638466
287.759635 -124.277962
287.759923 -131.015381
287.760212 -126.195251
287.760500 -124.021744
287.760788 -124.482086
287.761077 -121.720901
287.761365 -116.914253
287.761654 -116.934113
287.761942 -119.662956
287.762231 -116.586517
287.762519 -116.808624
287.762808 -120.602623
287.763096 -120.645264
287.763385 -120.831345
287.763673 -123.151871
287.763962 -119.726181
287.764250 -119.039680
287.764538 -120.553055
287.764827 -128.741104
287.765115 -133.833405
287.765404 -131.071716
287.765692 -130.181946
287.765981 -126.603409
287.766269 -126.377594
287.766558 -123.329773
287.766846 -122.985031
287.767135 -121.410789
287.767423 -119.606834
287.767712 -117.029343
287.768000 -116.500847
